arm,category,component,count,max,mean,min,stage,std
H,candle,gap_normal,54,0.5601276159286499,0.333333283662796,0.0947546660900116,1,0.1897343248128891
H,candle,gap_abnormal,54,0.5611225962638855,0.3333333432674408,0.04450155422091484,1,0.21497514843940735
H,candle,ss2d_normal,54,0.9999994039535522,0.3333333432674408,1.9459600299608383e-23,1,0.4714040756225586
H,candle,ss2d_abnormal,54,0.9999666213989258,0.3333333432674408,4.2723786664437444e-33,1,0.4713808596134186
H,candle,final_normal,54,0.604114830493927,0.3333333730697632,0.0852791965007782,1,0.21201786398887634
H,candle,final_abnormal,54,0.6050069332122803,0.333333283662796,0.04005139693617821,1,0.2308555245399475
H,candle,entropy_normal,18,0.879509449005127,0.8784849047660828,0.8775807023048401,1,0.0005911368643864989
H,candle,entropy_abnormal,18,0.8024508357048035,0.8014361262321472,0.8005435466766357,1,0.0005845893756486475
H,candle,routing_l1,18,0.09090086817741394,0.09066520631313324,0.09045547246932983,1,0.00013648571621160954
H,candle,gap_ss2d_l1,18,0.8824163675308228,0.8809959888458252,0.8797435760498047,1,0.0008191955275833607
H,candle,gap_normal,54,0.6751249432563782,0.333333283662796,0.040078867226839066,2,0.2584761381149292
H,candle,gap_abnormal,54,0.695901095867157,0.3333333730697632,0.01917264610528946,2,0.2757622301578522
H,candle,ss2d_normal,54,1.0,0.3333333432674408,2.3459301729274525e-34,2,0.471404492855072
H,candle,ss2d_abnormal,54,1.0,0.3333333432674408,1.4993893568275543e-43,2,0.471404492855072
H,candle,final_normal,54,0.6076124310493469,0.333333283662796,0.13607098162174225,2,0.1971421092748642
H,candle,final_abnormal,54,0.6263109445571899,0.33333325386047363,0.11725538223981857,2,0.21224366128444672
H,candle,entropy_normal,18,0.9351627826690674,0.9279453754425049,0.9230623245239258,2,0.0036582357715815306
H,candle,entropy_abnormal,18,0.9045397043228149,0.8978580832481384,0.8933581709861755,2,0.0033793512266129255
H,candle,routing_l1,18,0.04088617116212845,0.038937561213970184,0.03763120621442795,2,0.00098305509891361
H,candle,gap_ss2d_l1,18,1.91984224319458,1.9157744646072388,1.9095700979232788,2,0.0030977167189121246
H,candle,gap_normal,54,0.5674518346786499,0.3333333730697632,0.08539849519729614,3,0.18465407192707062
H,candle,gap_abnormal,54,0.5613873600959778,0.3333333730697632,0.04695799946784973,3,0.20444370806217194
H,candle,ss2d_normal,54,1.0,0.3333333432674408,2.218097220270132e-17,3,0.4712238609790802
H,candle,ss2d_abnormal,54,1.0,0.3333333432674408,1.6878204133022063e-22,3,0.47040584683418274
H,candle,final_normal,54,0.6103171706199646,0.333333283662796,0.07685864716768265,3,0.1914660632610321
H,candle,final_abnormal,54,0.6037080883979797,0.333333283662796,0.04226219654083252,3,0.2055724859237671
H,candle,entropy_normal,18,1.0276433229446411,0.9196919202804565,0.8621006011962891,3,0.05741783231496811
H,candle,entropy_abnormal,18,1.0031682252883911,0.8707827925682068,0.8060391545295715,3,0.07031245529651642
H,candle,routing_l1,18,0.08256811648607254,0.07744495570659637,0.0751011073589325,3,0.002094899769872427
H,candle,gap_ss2d_l1,18,1.8208329677581787,1.1053745746612549,0.8573061227798462,3,0.37797075510025024
A,candle,gap_normal,54,0.5737646818161011,0.333333283662796,0.06983183324337006,1,0.20600242912769318
A,candle,gap_abnormal,54,0.539174497127533,0.3333333432674408,0.035536136478185654,1,0.2154228687286377
A,candle,ss2d_normal,54,1.0,0.3333333432674408,5.6067306706756414e-24,1,0.471404492855072
A,candle,ss2d_abnormal,54,1.0,0.3333333432674408,9.127569753626522e-31,1,0.471404492855072
A,candle,final_normal,54,0.5163881778717041,0.3333333432674408,0.16284865140914917,1,0.14425364136695862
A,candle,final_abnormal,54,0.48525702953338623,0.3333333432674408,0.13198252022266388,1,0.14819107949733734
A,candle,entropy_normal,18,1.0024906396865845,1.002035140991211,1.0015630722045898,1,0.00026025078841485083
A,candle,entropy_abnormal,18,0.9863920211791992,0.98606938123703,0.9857363700866699,1,0.00018395655206404626
A,candle,routing_l1,18,0.1239946037530899,0.12377113848924637,0.1235579252243042,1,0.00012237537885084748
A,candle,gap_ss2d_l1,18,1.8603363037109375,1.8595695495605469,1.858826756477356,1,0.0004235839587636292
A,candle,gap_normal,54,0.5520076155662537,0.3333333432674408,0.08144872635602951,2,0.19093665480613708
A,candle,gap_abnormal,54,0.5376265048980713,0.3333333432674408,0.055224545300006866,2,0.2016904354095459
A,candle,ss2d_normal,54,0.9999971389770508,0.3333333432674408,1.450683927599144e-26,2,0.47140246629714966
A,candle,ss2d_abnormal,54,0.999821126461029,0.3333333432674408,1.6556792087052237e-31,2,0.47127795219421387
A,candle,final_normal,54,0.596806526184082,0.333333283662796,0.07330384850502014,2,0.2113063782453537
A,candle,final_abnormal,54,0.5838459730148315,0.33333325386047363,0.04970208927989006,2,0.21738862991333008
A,candle,entropy_normal,18,0.8808106184005737,0.8712751269340515,0.865449070930481,2,0.0047539337538182735
A,candle,entropy_abnormal,18,0.8461770415306091,0.836880087852478,0.8312458992004395,2,0.004618129692971706
A,candle,routing_l1,18,0.07312463223934174,0.07223441451787949,0.07077354192733765,2,0.0007219059043563902
A,candle,gap_ss2d_l1,18,0.9155751466751099,0.9033874869346619,0.8959790468215942,2,0.006059359293431044
A,candle,gap_normal,54,0.5788062214851379,0.3333333432674408,0.05914224311709404,3,0.20211848616600037
A,candle,gap_abnormal,54,0.5522661209106445,0.3333333432674408,0.032358553260564804,3,0.21254362165927887
A,candle,ss2d_normal,54,1.0,0.3333333432674408,1.8076682161521376e-29,3,0.471404492855072
A,candle,ss2d_abnormal,54,1.0,0.3333333432674408,1.6145098147828855e-36,3,0.471404492855072
A,candle,final_normal,54,0.5209255814552307,0.3333333432674408,0.1532280147075653,3,0.13989019393920898
A,candle,final_abnormal,54,0.4970394968986511,0.3333333432674408,0.12912270426750183,3,0.1459488719701767
A,candle,entropy_normal,18,1.0168204307556152,1.0066765546798706,0.9925311803817749,3,0.009268085472285748
A,candle,entropy_abnormal,18,0.9988768100738525,0.9906642436981201,0.9796178340911865,3,0.007447085343301296
A,candle,routing_l1,18,0.09598276019096375,0.09119653701782227,0.08772656321525574,3,0.00316546275280416
A,candle,gap_ss2d_l1,18,1.8817155361175537,1.8580992221832275,1.8404009342193604,3,0.01601378619670868
H,candle,gap_normal,54,0.5601572394371033,0.3333333432674408,0.09473419189453125,1,0.1897229552268982
H,candle,gap_abnormal,54,0.5611431002616882,0.3333333432674408,0.04448574781417847,1,0.21496693789958954
H,candle,ss2d_normal,54,0.9999994039535522,0.3333333432674408,1.9458189816309848e-23,1,0.4714040756225586
H,candle,ss2d_abnormal,54,0.9999666213989258,0.3333333432674408,4.271890101604184e-33,1,0.4713808596134186
H,candle,final_normal,54,0.6041414737701416,0.3333333432674408,0.085260771214962,1,0.21200735867023468
H,candle,final_abnormal,54,0.6050254702568054,0.3333333730697632,0.04003717377781868,1,0.23084764182567596
H,candle,entropy_normal,18,0.8805131316184998,0.878508448600769,0.8775392174720764,1,0.0006677952478639781
H,candle,entropy_abnormal,18,0.8034497499465942,0.8014599084854126,0.8005026578903198,1,0.0006617324543185532
H,candle,routing_l1,18,0.0911300778388977,0.090670645236969,0.09044712781906128,1,0.0001535051123937592
H,candle,gap_ss2d_l1,18,0.8838098645210266,0.8810283541679382,0.879684329032898,1,0.0009260484366677701
H,candle,gap_normal,54,0.6756389737129211,0.3333333432674408,0.03986721485853195,2,0.2579958736896515
H,candle,gap_abnormal,54,0.6963851451873779,0.3333333432674408,0.019039921462535858,2,0.27534011006355286
H,candle,ss2d_normal,54,1.0,0.3333333432674408,2.3469327869567573e-34,2,0.471404492855072
H,candle,ss2d_abnormal,54,1.0,0.3333333432674408,1.4993893568275543e-43,2,0.471404492855072
H,candle,final_normal,54,0.6080750823020935,0.3333333432674408,0.1358805000782013,2,0.19669105112552643
H,candle,final_abnormal,54,0.6267465949058533,0.3333333432674408,0.1171359270811081,2,0.2118375301361084
H,candle,entropy_normal,18,0.9537883996963501,0.9287070035934448,0.9225418567657471,2,0.007032403256744146
H,candle,entropy_abnormal,18,0.9220841526985168,0.8985827565193176,0.8928751945495605,2,0.006568112876266241
H,candle,routing_l1,18,0.04599595069885254,0.03914903849363327,0.037489041686058044,2,0.0019131200388073921
H,candle,gap_ss2d_l1,18,1.920265555381775,1.91499924659729,1.8916480541229248,2,0.006414312869310379
H,candle,gap_normal,54,0.5696998238563538,0.3333333432674408,0.08379432559013367,3,0.17997673153877258
H,candle,gap_abnormal,54,0.5631316900253296,0.333333283662796,0.045744482427835464,3,0.19985972344875336
H,candle,ss2d_normal,54,1.0,0.3333333432674408,7.033109122020561e-25,3,0.47109705209732056
H,candle,ss2d_abnormal,54,1.0,0.3333333432674408,2.2755084461367497e-32,3,0.46995222568511963
H,candle,final_normal,54,0.6127063035964966,0.3333333432674408,0.07541488856077194,3,0.19678530097007751
H,candle,final_abnormal,54,0.6066075563430786,0.3333333432674408,0.04117003455758095,3,0.2108435034751892
H,candle,entropy_normal,18,1.0921151638031006,0.9085001349449158,0.8584575057029724,3,0.057359013706445694
H,candle,entropy_abnormal,18,1.084041714668274,0.8569847345352173,0.8021025061607361,3,0.06966617703437805
H,candle,routing_l1,18,0.08391295373439789,0.07694732397794724,0.0691651701927185,3,0.003027598839253187
H,candle,gap_ss2d_l1,18,1.8064905405044556,0.9900023937225342,0.847421407699585,3,0.2514900863170624
A,candle,gap_normal,54,0.5738692879676819,0.3333333432674408,0.06975965201854706,1,0.20600619912147522
A,candle,gap_abnormal,54,0.5392366647720337,0.3333333432674408,0.035484232008457184,1,0.215425044298172
A,candle,ss2d_normal,54,1.0,0.3333333432674408,5.607543591838472e-24,1,0.471404492855072
A,candle,ss2d_abnormal,54,1.0,0.3333333432674408,9.129380014926788e-31,1,0.471404492855072
A,candle,final_normal,54,0.5164823532104492,0.3333333432674408,0.162783682346344,1,0.14425721764564514
A,candle,final_abnormal,54,0.4853129982948303,0.3333333432674408,0.13193580508232117,1,0.1481931209564209
A,candle,entropy_normal,18,1.0028462409973145,1.002030372619629,1.0014742612838745,1,0.00033005198929458857
A,candle,entropy_abnormal,18,0.9866442680358887,0.9860661625862122,0.9856733083724976,1,0.00023340321786236018
A,candle,routing_l1,18,0.12403446435928345,0.12377362698316574,0.12338881194591522,1,0.0001554568880237639
A,candle,gap_ss2d_l1,18,1.8604806661605835,1.859576940536499,1.8582448959350586,1,0.0005374010652303696
A,candle,gap_normal,54,0.5519789457321167,0.3333333432674408,0.08147034794092178,2,0.19029511511325836
A,candle,gap_abnormal,54,0.5376042723655701,0.333333283662796,0.05524458363652229,2,0.20114967226982117
A,candle,ss2d_normal,54,0.9999971389770508,0.3333333432674408,1.4508389264410681e-26,2,0.47140246629714966
A,candle,ss2d_abnormal,54,0.999821126461029,0.3333333432674408,1.655881158634695e-31,2,0.4712778925895691
A,candle,final_normal,54,0.5967807769775391,0.3333333730697632,0.0733233094215393,2,0.21070484817028046
A,candle,final_abnormal,54,0.583825945854187,0.3333333432674408,0.049720123410224915,2,0.21688131988048553
A,candle,entropy_normal,18,0.9059058427810669,0.8726896643638611,0.8654935956001282,2,0.009508047252893448
A,candle,entropy_abnormal,18,0.8715074062347412,0.8383148908615112,0.8312913179397583,2,0.009433858096599579
A,candle,routing_l1,18,0.0731159895658493,0.07201259583234787,0.06686173379421234,2,0.001465755281969905
A,candle,gap_ss2d_l1,18,0.9484383463859558,0.9052457809448242,0.8960363864898682,2,0.012300499714910984
A,candle,gap_normal,54,0.5777984857559204,0.3333333432674408,0.05982936918735504,3,0.20129090547561646
A,candle,gap_abnormal,54,0.5516160130500793,0.3333333432674408,0.03281809017062187,3,0.21194183826446533
A,candle,ss2d_normal,54,1.0,0.3333333432674408,1.8076545239939393e-29,3,0.471404492855072
A,candle,ss2d_abnormal,54,1.0,0.3333333432674408,1.6145589611226263e-36,3,0.471404492855072
A,candle,final_normal,54,0.5200186371803284,0.3333333432674408,0.15384642779827118,3,0.13912947475910187
A,candle,final_abnormal,54,0.4964543879032135,0.3333333432674408,0.12953628599643707,3,0.14539779722690582
A,candle,entropy_normal,18,1.0219006538391113,1.0076887607574463,0.9934210777282715,3,0.0103573864325881
A,candle,entropy_abnormal,18,1.0028904676437378,0.9915211200714111,0.9802231192588806,3,0.00828694086521864
A,candle,routing_l1,18,0.09574875235557556,0.09087476134300232,0.08659100532531738,3,0.0034878889564424753
A,candle,gap_ss2d_l1,18,1.8803412914276123,1.8561606407165527,1.8303616046905518,3,0.017915409058332443
H,candle,gap_normal,54,0.5603780746459961,0.3333333432674408,0.09457371383905411,1,0.18983052670955658
H,candle,gap_abnormal,54,0.5613101124763489,0.3333333432674408,0.044365961104631424,1,0.2150423377752304
H,candle,ss2d_normal,54,0.9999994039535522,0.3333333432674408,1.9451658048014618e-23,1,0.4714040756225586
H,candle,ss2d_abnormal,54,0.9999666213989258,0.3333333432674408,4.269837027252076e-33,1,0.4713808596134186
H,candle,final_normal,54,0.6043401956558228,0.3333333432674408,0.08511634171009064,1,0.21210719645023346
H,candle,final_abnormal,54,0.605175793170929,0.3333333432674408,0.03992936387658119,1,0.23091958463191986
H,candle,entropy_normal,18,0.8794180154800415,0.8782857060432434,0.8772201538085938,1,0.0005852925824001431
H,candle,entropy_abnormal,18,0.8023594617843628,0.8012400269508362,0.8001870512962341,1,0.0005789094720967114
H,candle,routing_l1,18,0.09088043868541718,0.090619295835495,0.0903739482164383,1,0.00013509053678717464
H,candle,gap_ss2d_l1,18,0.8822896480560303,0.8807191252708435,0.8792426586151123,1,0.0008108456386253238
H,candle,gap_normal,54,0.6747705936431885,0.333333283662796,0.04022176191210747,2,0.25882792472839355
H,candle,gap_abnormal,54,0.6955776214599609,0.3333333432674408,0.01926415041089058,2,0.2760644853115082
H,candle,ss2d_normal,54,1.0,0.3333333432674408,2.3485268215813197e-34,2,0.471404492855072
H,candle,ss2d_abnormal,54,1.0,0.3333333432674408,1.4993893568275543e-43,2,0.471404492855072
H,candle,final_normal,54,0.6072935461997986,0.33333325386047363,0.13619959354400635,2,0.19748058915138245
H,candle,final_abnormal,54,0.6260198354721069,0.333333283662796,0.11733773350715637,2,0.212540864944458
H,candle,entropy_normal,18,0.9393733739852905,0.9273834228515625,0.9234187602996826,2,0.003991968929767609
H,candle,entropy_abnormal,18,0.908460259437561,0.8973420262336731,0.8936824202537537,2,0.003694315208122134
H,candle,routing_l1,18,0.04202718287706375,0.038788050413131714,0.03772372007369995,2,0.0010753371752798557
H,candle,gap_ss2d_l1,18,1.9195563793182373,1.9162355661392212,1.905758023262024,2,0.0034328107722103596
H,candle,gap_normal,54,0.5680379867553711,0.3333333432674408,0.08491107076406479,3,0.18285788595676422
H,candle,gap_abnormal,54,0.5619116425514221,0.3333333432674408,0.046697087585926056,3,0.20300590991973877
H,candle,ss2d_normal,54,1.0,0.3333333432674408,2.061933311536638e-23,3,0.47127765417099
H,candle,ss2d_abnormal,54,1.0,0.3333333432674408,1.7847476185596913e-30,3,0.47051894664764404
H,candle,final_normal,54,0.6112292408943176,0.33333325386047363,0.07641996443271637,3,0.20163017511367798
H,candle,final_abnormal,54,0.605652928352356,0.3333333730697632,0.04202737659215927,3,0.2161150574684143
H,candle,entropy_normal,18,1.0324552059173584,0.8990583419799805,0.8608729243278503,3,0.03669757768511772
H,candle,entropy_abnormal,18,1.0077714920043945,0.8448067903518677,0.8044521808624268,3,0.04333715885877609
H,candle,routing_l1,18,0.08096478879451752,0.076936274766922,0.07516206055879593,3,0.0019061515340581536
H,candle,gap_ss2d_l1,18,1.7914249897003174,0.954574465751648,0.863825798034668,3,0.20443041622638702
A,candle,gap_normal,54,0.5739594101905823,0.3333333432674408,0.06969814002513885,1,0.20607642829418182
A,candle,gap_abnormal,54,0.5392882823944092,0.3333333432674408,0.03544019162654877,1,0.21546724438667297
A,candle,ss2d_normal,54,1.0,0.3333333432674408,5.612915340172574e-24,1,0.471404492855072
A,candle,ss2d_abnormal,54,1.0,0.3333333432674408,9.140530284140948e-31,1,0.471404492855072
A,candle,final_normal,54,0.5165634751319885,0.333333283662796,0.16272832453250885,1,0.14432337880134583
A,candle,final_abnormal,54,0.48535943031311035,0.3333333432674408,0.13189616799354553,1,0.14823225140571594
A,candle,entropy_normal,18,1.0023648738861084,1.0019416809082031,1.0013980865478516,1,0.0002603892353363335
A,candle,entropy_abnormal,18,0.9863027930259705,0.9860031604766846,0.9856200814247131,1,0.00018383876886218786
A,candle,routing_l1,18,0.12407232820987701,0.12381458282470703,0.12361845374107361,1,0.00012247433187440038
A,candle,gap_ss2d_l1,18,1.8606036901474,1.8597216606140137,1.8590319156646729,1,0.0004233470535837114
A,candle,gap_normal,54,0.5518054962158203,0.3333333730697632,0.08160436153411865,2,0.19105787575244904
A,candle,gap_abnormal,54,0.5374746322631836,0.3333333432674408,0.05535905435681343,2,0.20178093016147614
A,candle,ss2d_normal,54,0.9999971389770508,0.3333333432674408,1.4507283010250625e-26,2,0.47140246629714966
A,candle,ss2d_abnormal,54,0.999821126461029,0.3333333432674408,1.655742332751863e-31,2,0.47127795219421387
A,candle,final_normal,54,0.5966246724128723,0.3333333432674408,0.0734439268708229,2,0.2114190012216568
A,candle,final_abnormal,54,0.5837092399597168,0.333333283662796,0.04982314631342888,2,0.2174740731716156
A,candle,entropy_normal,18,0.8868502378463745,0.871003270149231,0.8657673597335815,2,0.0057899528183043
A,candle,entropy_abnormal,18,0.8521720170974731,0.8366265892982483,0.8315513134002686,2,0.005653615575283766
A,candle,routing_l1,18,0.07307231426239014,0.07227236032485962,0.06985332071781158,2,0.0008820018265396357
A,candle,gap_ss2d_l1,18,0.9233754873275757,0.90305095911026,0.8963832855224609,2,0.007404108997434378
A,candle,gap_normal,54,0.5810929536819458,0.3333333432674408,0.057663753628730774,3,0.20058834552764893
A,candle,gap_abnormal,54,0.5537903308868408,0.333333283662796,0.031226282939314842,3,0.21145190298557281
A,candle,ss2d_normal,54,1.0,0.3333333432674408,1.807599303971315e-29,3,0.471404492855072
A,candle,ss2d_abnormal,54,1.0,0.3333333432674408,1.6143742139330897e-36,3,0.471404492855072
A,candle,final_normal,54,0.5229836702346802,0.3333333432674408,0.1518973708152771,3,0.13846340775489807
A,candle,final_abnormal,54,0.49841129779815674,0.3333333432674408,0.12810365855693817,3,0.1449403166770935
A,candle,entropy_normal,18,1.017004132270813,1.0085638761520386,0.9905508756637573,3,0.009988091886043549
A,candle,entropy_abnormal,18,0.9990345239639282,0.9922295808792114,0.978137731552124,3,0.00795159861445427
A,candle,routing_l1,18,0.09673218429088593,0.09055214375257492,0.08766430616378784,3,0.003415114479139447
A,candle,gap_ss2d_l1,18,1.8846724033355713,1.8547003269195557,1.8400506973266602,3,0.017034858465194702
H,candle,gap_normal,54,0.5601983070373535,0.333333283662796,0.09470409154891968,1,0.1898122876882553
H,candle,gap_abnormal,54,0.5611742734909058,0.333333283662796,0.044463519006967545,1,0.2150295376777649
H,candle,ss2d_normal,54,0.9999994039535522,0.3333333432674408,1.946568872807488e-23,1,0.4714040756225586
H,candle,ss2d_abnormal,54,0.9999666213989258,0.3333333432674408,4.27426974298063e-33,1,0.4713808298110962
H,candle,final_normal,54,0.6041784286499023,0.3333333432674408,0.08523368090391159,1,0.21209025382995605
H,candle,final_abnormal,54,0.6050535440444946,0.3333333432674408,0.04001716524362564,1,0.2309073805809021
H,candle,entropy_normal,18,0.8799800872802734,0.8783234357833862,0.877479612827301,1,0.0006223429809324443
H,candle,entropy_abnormal,18,0.8029197454452515,0.8012773990631104,0.8004439473152161,1,0.0006160092889331281
H,candle,routing_l1,18,0.091008260846138,0.09062768518924713,0.09043307602405548,1,0.00014319890760816634
H,candle,gap_ss2d_l1,18,0.8830691576004028,0.880771815776825,0.8796020746231079,1,0.0008628625655546784
H,candle,gap_normal,54,0.6748403906822205,0.3333333730697632,0.040193408727645874,2,0.25913044810295105
H,candle,gap_abnormal,54,0.6956418752670288,0.333333283662796,0.01924615353345871,2,0.2763262987136841
H,candle,ss2d_normal,54,1.0,0.3333333432674408,2.3470758207420234e-34,2,0.471404492855072
H,candle,ss2d_abnormal,54,1.0,0.3333333432674408,1.4993893568275543e-43,2,0.471404492855072
H,candle,final_normal,54,0.6073563098907471,0.3333333432674408,0.1361740678548813,2,0.19777017831802368
H,candle,final_abnormal,54,0.6260776519775391,0.3333333432674408,0.11732153594493866,2,0.21279719471931458
H,candle,entropy_normal,18,0.9372419118881226,0.9269000291824341,0.9233484268188477,2,0.0035648569464683533
H,candle,entropy_abnormal,18,0.9064743518829346,0.8968940377235413,0.8936182260513306,2,0.003296278417110443
H,candle,routing_l1,18,0.04144904017448425,0.038657426834106445,0.037705034017562866,2,0.0009593436261638999
H,candle,gap_ss2d_l1,18,1.9196131229400635,1.9166512489318848,1.9077035188674927,2,0.0030417046509683132
H,candle,gap_normal,54,0.5687187910079956,0.3333333432674408,0.08449744433164597,3,0.1838630735874176
H,candle,gap_abnormal,54,0.5623733401298523,0.3333333432674408,0.04625860974192619,3,0.20378974080085754
H,candle,ss2d_normal,54,1.0,0.3333333432674408,2.1022742328475995e-17,3,0.4713064432144165
H,candle,ss2d_abnormal,54,1.0,0.3333333432674408,1.5722782915427641e-22,3,0.4706593155860901
H,candle,final_normal,54,0.6116708517074585,0.3333333432674408,0.07604769617319107,3,0.19431652128696442
H,candle,final_abnormal,54,0.6052243709564209,0.3333333432674408,0.041632749140262604,3,0.20868384838104248
H,candle,entropy_normal,18,1.019115924835205,0.9142460227012634,0.8600512742996216,3,0.048295605927705765
H,candle,entropy_abnormal,18,0.9952354431152344,0.8636943101882935,0.8038423657417297,3,0.05994297191500664
H,candle,routing_l1,18,0.0817229151725769,0.07710915803909302,0.07492943108081818,3,0.002176001900807023
H,candle,gap_ss2d_l1,18,1.8274511098861694,1.0611612796783447,0.8590419292449951,3,0.3411473035812378
A,candle,gap_normal,54,0.5737411379814148,0.33333340287208557,0.06984788924455643,1,0.20602774620056152
A,candle,gap_abnormal,54,0.539161205291748,0.3333333730697632,0.03554755821824074,1,0.2154380828142166
A,candle,ss2d_normal,54,1.0,0.3333333432674408,5.610945554492237e-24,1,0.471404492855072
A,candle,ss2d_abnormal,54,1.0,0.3333333432674408,9.13648658357412e-31,1,0.471404492855072
A,candle,final_normal,54,0.5163670182228088,0.3333333730697632,0.1628631055355072,1,0.14427746832370758
A,candle,final_abnormal,54,0.48524507880210876,0.333333283662796,0.13199280202388763,1,0.1482052206993103
A,candle,entropy_normal,18,1.0026479959487915,1.0020031929016113,1.0015830993652344,1,0.000278485007584095
A,candle,entropy_abnormal,18,0.9865033626556396,0.9860467910766602,0.985750138759613,1,0.0001968860306078568
A,candle,routing_l1,18,0.12398438155651093,0.12378522008657455,0.12348183989524841,1,0.0001316614361712709
A,candle,gap_ss2d_l1,18,1.8603042364120483,1.8596216440200806,1.858569860458374,1,0.00045337952906265855
A,candle,gap_normal,54,0.5519697666168213,0.3333333432674408,0.08147741854190826,2,0.1916893869638443
A,candle,gap_abnormal,54,0.5375980734825134,0.333333283662796,0.05525016039609909,2,0.2022865116596222
A,candle,ss2d_normal,54,0.9999971389770508,0.3333333432674408,1.4503354113164075e-26,2,0.47140246629714966
A,candle,ss2d_abnormal,54,0.999821126461029,0.3333333432674408,1.655199136812348e-31,2,0.47127795219421387
A,candle,final_normal,54,0.5967724919319153,0.3333333730697632,0.07332967221736908,2,0.21200904250144958
A,candle,final_abnormal,54,0.5838203430175781,0.3333333432674408,0.04972514137625694,2,0.21794940531253815
A,candle,entropy_normal,18,0.8808398246765137,0.8695961833000183,0.8655080795288086,2,0.004024738911539316
A,candle,entropy_abnormal,18,0.8462073802947998,0.8352505564689636,0.8313038349151611,2,0.00390741927549243
A,candle,routing_l1,18,0.07311330735683441,0.0724882259964943,0.07078155875205994,2,0.0006115437718108296
A,candle,gap_ss2d_l1,18,0.9156083464622498,0.9012489318847656,0.896054744720459,2,0.005128589924424887
A,candle,gap_normal,54,0.5810982584953308,0.3333333432674408,0.05765509605407715,3,0.19936028122901917
A,candle,gap_abnormal,54,0.5537895560264587,0.3333333432674408,0.03123241849243641,3,0.2106320858001709
A,candle,ss2d_normal,54,1.0,0.3333333432674408,1.8077923483555845e-29,3,0.471404492855072
A,candle,ss2d_abnormal,54,1.0,0.3333333432674408,1.6147315114103294e-36,3,0.471404492855072
A,candle,final_normal,54,0.5229884386062622,0.333333283662796,0.1518895924091339,3,0.13729459047317505
A,candle,final_abnormal,54,0.49841058254241943,0.333333283662796,0.1281091719865799,3,0.14417102932929993
A,candle,entropy_normal,18,1.0168352127075195,1.0100867748260498,0.9905427098274231,3,0.008741666562855244
A,candle,entropy_abnormal,18,0.9988886117935181,0.9934107661247253,0.9781438112258911,3,0.006986025255173445
A,candle,routing_l1,18,0.09671653807163239,0.0900382250547409,0.08772291243076324,3,0.002992752706632018
A,candle,gap_ss2d_l1,18,1.8846898078918457,1.8521828651428223,1.8403725624084473,3,0.01498137041926384
H,candle,gap_normal,54,0.5601143836975098,0.333333283662796,0.09476429224014282,1,0.18962250649929047
H,candle,gap_abnormal,54,0.5611124038696289,0.3333333432674408,0.04450882226228714,1,0.21489626169204712
H,candle,ss2d_normal,54,0.9999994039535522,0.3333333432674408,1.9463162795456362e-23,1,0.4714040756225586
H,candle,ss2d_abnormal,54,0.9999666213989258,0.3333333432674408,4.273519630648011e-33,1,0.4713808596134186
H,candle,final_normal,54,0.6041029095649719,0.3333333730697632,0.08528786152601242,1,0.21191412210464478
H,candle,final_abnormal,54,0.6049978137016296,0.333333283662796,0.040057938545942307,1,0.23078018426895142
H,candle,entropy_normal,18,0.8799921274185181,0.8787164092063904,0.8775998950004578,1,0.000628006411716342
H,candle,entropy_abnormal,18,0.8029301166534424,0.8016659021377563,0.8005626797676086,1,0.0006214175373315811
H,candle,routing_l1,18,0.09101159870624542,0.0907183513045311,0.09045986831188202,1,0.00014473577903117985
H,candle,gap_ss2d_l1,18,0.8830864429473877,0.8813167214393616,0.8797699809074402,1,0.0008708210079930723
H,candle,gap_normal,54,0.675383448600769,0.333333283662796,0.03997241333127022,2,0.25801727175712585
H,candle,gap_abnormal,54,0.6961442828178406,0.3333333432674408,0.01910584047436714,2,0.27536308765411377
H,candle,ss2d_normal,54,1.0,0.3333333432674408,2.3457152778664428e-34,2,0.471404492855072
H,candle,ss2d_abnormal,54,1.0,0.3333333432674408,1.4993893568275543e-43,2,0.471404492855072
H,candle,final_normal,54,0.6078450679779053,0.3333333432674408,0.1359751671552658,2,0.1967066079378128
H,candle,final_abnormal,54,0.6265298128128052,0.3333333432674408,0.1171952560544014,2,0.21185600757598877
H,candle,entropy_normal,18,0.9413111209869385,0.92867511510849,0.9228006601333618,2,0.00566791370511055
H,candle,entropy_abnormal,18,0.9102818965911865,0.8985415697097778,0.8931155800819397,2,0.005254849791526794
H,candle,routing_l1,18,0.04256279766559601,0.03913760185241699,0.037559814751148224,2,0.0015313815092667937
H,candle,gap_ss2d_l1,18,1.9200551509857178,1.915092945098877,1.9039502143859863,2,0.004918918013572693
H,candle,gap_normal,54,0.5650944113731384,0.333333283662796,0.08698514848947525,3,0.1839333474636078
H,candle,gap_abnormal,54,0.5596677660942078,0.3333333432674408,0.04835077375173569,3,0.20388558506965637
H,candle,ss2d_normal,54,1.0,0.3333333432674408,6.03077674449379e-21,3,0.47037965059280396
H,candle,ss2d_abnormal,54,1.0,0.3333333432674408,3.0035930966398523e-27,3,0.4686613082885742
H,candle,final_normal,54,0.6085790395736694,0.3333333432674408,0.07828663289546967,3,0.19903521239757538
H,candle,final_abnormal,54,0.6036235690116882,0.3333333432674408,0.04351569339632988,3,0.21320222318172455
H,candle,entropy_normal,18,1.0431997776031494,0.9042069911956787,0.865250825881958,3,0.048358283936977386
H,candle,entropy_abnormal,18,1.0188037157058716,0.8516086935997009,0.8086862564086914,3,0.05802144482731819
H,candle,routing_l1,18,0.08650797605514526,0.07756748795509338,0.07506391406059265,3,0.002668155590072274
H,candle,gap_ss2d_l1,18,1.8061038255691528,0.9964532852172852,0.8260994553565979,3,0.2806644141674042
A,candle,gap_normal,54,0.5736722946166992,0.3333333432674408,0.0698949545621872,1,0.20592471957206726
A,candle,gap_abnormal,54,0.5391212701797485,0.33333325386047363,0.035581447184085846,1,0.21537621319293976
A,candle,ss2d_normal,54,1.0,0.3333333432674408,5.6095973912052145e-24,1,0.471404492855072
A,candle,ss2d_abnormal,54,1.0,0.3333333432674408,9.133560072838312e-31,1,0.471404492855072
A,candle,final_normal,54,0.5163050293922424,0.33333325386047363,0.16290545463562012,1,0.14418038725852966
A,candle,final_abnormal,54,0.4852091372013092,0.333333283662796,0.13202330470085144,1,0.1481478214263916
A,candle,entropy_normal,18,1.0027647018432617,1.0021333694458008,1.0016412734985352,1,0.00028854692936874926
A,candle,entropy_abnormal,18,0.9865866899490356,0.9861390590667725,0.9857912063598633,1,0.00020426817354746163
A,candle,routing_l1,18,0.1239561140537262,0.12372517585754395,0.123429074883461,1,0.00013560998195316643
A,candle,gap_ss2d_l1,18,1.8602100610733032,1.8594093322753906,1.858378291130066,1,0.0004704328894149512
A,candle,gap_normal,54,0.5520543456077576,0.3333333432674408,0.08141239732503891,2,0.1903923749923706
A,candle,gap_abnormal,54,0.5376625061035156,0.3333333432674408,0.05519326403737068,2,0.20124641060829163
A,candle,ss2d_normal,54,0.9999971389770508,0.3333333432674408,1.450717207668583e-26,2,0.47140246629714966
A,candle,ss2d_abnormal,54,0.999821126461029,0.3333333432674408,1.655729637412874e-31,2,0.47127795219421387
A,candle,final_normal,54,0.5968486070632935,0.333333283662796,0.07327115535736084,2,0.21079745888710022
A,candle,final_abnormal,54,0.5838783979415894,0.3333333432674408,0.049673937261104584,2,0.21697159111499786
A,candle,entropy_normal,18,0.8881162405014038,0.8724806308746338,0.8653749823570251,2,0.007144438102841377
A,candle,entropy_abnormal,18,0.8534311652183533,0.8380755186080933,0.8311746120452881,2,0.006985906045883894
A,candle,routing_l1,18,0.07313484698534012,0.07204970717430115,0.06966425478458405,2,0.0010873352875933051
A,candle,gap_ss2d_l1,18,0.9250164031982422,0.9049443006515503,0.8958856463432312,2,0.009144826792180538
A,candle,gap_normal,54,0.5772397518157959,0.3333333432674408,0.06018807366490364,3,0.20177964866161346
A,candle,gap_abnormal,54,0.5512385964393616,0.3333333432674408,0.03311385586857796,3,0.21232105791568756
A,candle,ss2d_normal,54,1.0,0.3333333432674408,1.807723436174762e-29,3,0.471404492855072
A,candle,ss2d_abnormal,54,1.0,0.3333333432674408,1.6146082868285706e-36,3,0.471404492855072
A,candle,final_normal,54,0.5195157527923584,0.333333283662796,0.1541692614555359,3,0.1395684778690338
A,candle,final_abnormal,54,0.49611473083496094,0.333333283662796,0.12980246543884277,3,0.14574001729488373
A,candle,entropy_normal,18,1.0168708562850952,1.0071018934249878,0.9938976764678955,3,0.009000645950436592
A,candle,entropy_abnormal,18,0.9989193677902222,0.9909877777099609,0.9806028008460999,3,0.0072260210290551186
A,candle,routing_l1,18,0.09560132026672363,0.09105951339006424,0.08771097660064697,3,0.003081965260207653
A,candle,gap_ss2d_l1,18,1.8796238899230957,1.857400894165039,1.8403046131134033,3,0.01550827082246542
H,candle,gap_normal,54,0.5604502558708191,0.333333283662796,0.09452163428068161,1,0.1897091269493103
H,candle,gap_abnormal,54,0.5613635182380676,0.3333333432674408,0.0443272739648819,1,0.21495689451694489
H,candle,ss2d_normal,54,0.9999994039535522,0.3333333432674408,1.9452549460837518e-23,1,0.4714040756225586
H,candle,ss2d_abnormal,54,0.9999666213989258,0.3333333432674408,4.2701628595924444e-33,1,0.4713808596134186
H,candle,final_normal,54,0.6044051647186279,0.333333283662796,0.08506947010755539,1,0.21199451386928558
H,candle,final_abnormal,54,0.6052238345146179,0.3333333432674408,0.03989454731345177,1,0.23083801567554474
H,candle,entropy_normal,18,0.8802271485328674,0.8785371780395508,0.8771160840988159,1,0.0007795080309733748
H,candle,entropy_abnormal,18,0.8031639456748962,0.801488995552063,0.8000853061676025,1,0.0007711568614467978
H,candle,routing_l1,18,0.09106479585170746,0.09067733585834503,0.090349942445755,1,0.00017965317238122225
H,candle,gap_ss2d_l1,18,0.8834133744239807,0.8810678124427795,0.8790981769561768,1,0.0010804074117913842
H,candle,gap_normal,54,0.675121009349823,0.3333333432674408,0.040079131722450256,2,0.2576398551464081
H,candle,gap_abnormal,54,0.6959016919136047,0.333333283662796,0.01917346753180027,2,0.2750386893749237
H,candle,ss2d_normal,54,1.0,0.3333333432674408,2.3500682803843315e-34,2,0.471404492855072
H,candle,ss2d_abnormal,54,1.0,0.3333333432674408,1.4993893568275543e-43,2,0.471404492855072
H,candle,final_normal,54,0.6076089143753052,0.333333283662796,0.13607122004032135,2,0.1963423788547516
H,candle,final_abnormal,54,0.6263114809989929,0.3333333730697632,0.11725611984729767,2,0.21153594553470612
H,candle,entropy_normal,18,0.941089391708374,0.9292763471603394,0.9230654239654541,2,0.004923069849610329
H,candle,entropy_abnormal,18,0.9100738763809204,0.8990936279296875,0.8933582901954651,2,0.0045617613941431046
H,candle,routing_l1,18,0.04249736666679382,0.039297666400671005,0.03763014078140259,2,0.001328556565567851
H,candle,gap_ss2d_l1,18,1.9198417663574219,1.914610505104065,1.9041610956192017,2,0.00426122173666954
H,candle,gap_normal,54,0.5729039907455444,0.3333333730697632,0.08159253001213074,3,0.1869109869003296
H,candle,gap_abnormal,54,0.5655514001846313,0.3333333432674408,0.04400571808218956,3,0.20615823566913605
H,candle,ss2d_normal,54,1.0,0.3333333432674408,2.430512496460212e-25,3,0.4712989032268524
H,candle,ss2d_abnormal,54,1.0,0.3333333432674408,5.519402215855553e-33,3,0.4705667495727539
H,candle,final_normal,54,0.6155233979225159,0.3333333432674408,0.0734332725405693,3,0.19407233595848083
H,candle,final_abnormal,54,0.6084351539611816,0.3333333730697632,0.039605144411325455,3,0.2075866013765335
H,candle,entropy_normal,18,1.043091893196106,0.9142159223556519,0.8537082076072693,3,0.06270488351583481
H,candle,entropy_abnormal,18,1.018606185913086,0.8651721477508545,0.7977169752120972,3,0.07565973699092865
H,candle,routing_l1,18,0.08183275163173676,0.07810183614492416,0.07493041455745697,3,0.0020832803566008806
H,candle,gap_ss2d_l1,18,1.8245632648468018,1.0948058366775513,0.8523887991905212,3,0.37900733947753906
A,candle,gap_normal,54,0.5738760828971863,0.3333333432674408,0.06975530087947845,1,0.20599313080310822
A,candle,gap_abnormal,54,0.5392397046089172,0.3333333432674408,0.03548118844628334,1,0.2154172658920288
A,candle,ss2d_normal,54,1.0,0.3333333432674408,5.614028422909841e-24,1,0.471404492855072
A,candle,ss2d_abnormal,54,1.0,0.3333333432674408,9.142902901938648e-31,1,0.471404492855072
A,candle,final_normal,54,0.5164884328842163,0.3333333432674408,0.1627797782421112,1,0.14424487948417664
A,candle,final_abnormal,54,0.4853157103061676,0.333333283662796,0.1319330632686615,1,0.14818589389324188
A,candle,entropy_normal,18,1.0025252103805542,1.0020469427108765,1.0014686584472656,1,0.0003097858279943466
A,candle,entropy_abnormal,18,0.9864159822463989,0.9860777258872986,0.985669732093811,1,0.00021889327035751194
A,candle,routing_l1,18,0.12403896450996399,0.1237657219171524,0.1235390156507492,1,0.00014591054059565067
A,candle,gap_ss2d_l1,18,1.8604893684387207,1.8595499992370605,1.8587708473205566,1,0.0005041165859438479
A,candle,gap_normal,54,0.5519225597381592,0.3333333432674408,0.08151417225599289,2,0.19017590582370758
A,candle,gap_abnormal,54,0.5375630259513855,0.3333333432674408,0.055280767381191254,2,0.20107902586460114
A,candle,ss2d_normal,54,0.9999971389770508,0.3333333432674408,1.450683927599144e-26,2,0.47140246629714966
A,candle,ss2d_abnormal,54,0.999821126461029,0.3333333432674408,1.6556917864947775e-31,2,0.4712778925895691
A,candle,final_normal,54,0.5967299938201904,0.3333333730697632,0.07336275279521942,2,0.21059587597846985
A,candle,final_abnormal,54,0.5837888121604919,0.333333283662796,0.04975268989801407,2,0.21681402623653412
A,candle,entropy_normal,18,0.8874616622924805,0.8729619979858398,0.8655830025672913,2,0.006563197821378708
A,candle,entropy_abnormal,18,0.8527812957763672,0.8385355472564697,0.8313735723495483,2,0.0064161960035562515
A,candle,routing_l1,18,0.07310239225625992,0.07197742164134979,0.06978154182434082,2,0.0009976273868232965
A,candle,gap_ss2d_l1,18,0.9241607189178467,0.9055517911911011,0.8961491584777832,2,0.008398987352848053
A,candle,gap_normal,54,0.575899600982666,0.3333333730697632,0.06111343204975128,3,0.20337334275245667
A,candle,gap_abnormal,54,0.5503700375556946,0.3333333432674408,0.03373485803604126,3,0.2134350836277008
A,candle,ss2d_normal,54,1.0,0.3333333432674408,1.8077923483555845e-29,3,0.471404492855072
A,candle,ss2d_abnormal,54,1.0,0.3333333432674408,1.6147315114103294e-36,3,0.471404492855072
A,candle,final_normal,54,0.5183096528053284,0.3333333730697632,0.15500208735466003,3,0.14106085896492004
A,candle,final_abnormal,54,0.4953330159187317,0.3333333432674408,0.1303613781929016,3,0.14677254855632782
A,candle,entropy_normal,18,1.0166256427764893,1.0051161050796509,0.9950791001319885,3,0.00861010979861021
A,candle,entropy_abnormal,18,0.9987078905105591,0.9893791675567627,0.9814115762710571,3,0.006919944658875465
A,candle,routing_l1,18,0.09523463249206543,0.09173408150672913,0.08779625594615936,3,0.002949155867099762
A,candle,gap_ss2d_l1,18,1.8777731657028198,1.8608744144439697,1.8407707214355469,3,0.01485507469624281
H,candle,gap_normal,54,0.560161828994751,0.3333333730697632,0.09473045915365219,1,0.18980488181114197
H,candle,gap_abnormal,54,0.5611475110054016,0.3333333432674408,0.04448298364877701,1,0.2150244414806366
H,candle,ss2d_normal,54,0.9999994039535522,0.3333333432674408,1.9462643724980726e-23,1,0.4714040756225586
H,candle,ss2d_abnormal,54,0.9999666213989258,0.3333333432674408,4.273356530806835e-33,1,0.4713808596134186
H,candle,final_normal,54,0.6041455864906311,0.333333283662796,0.08525741100311279,1,0.2120833545923233
H,candle,final_abnormal,54,0.6050294041633606,0.3333333432674408,0.04003468528389931,1,0.2309025377035141
H,candle,entropy_normal,18,0.8796037435531616,0.8783388137817383,0.8775321245193481,1,0.0005857929354533553
H,candle,entropy_abnormal,18,0.8025447130203247,0.8012924194335938,0.8004951477050781,1,0.0005794803146272898
H,candle,routing_l1,18,0.09092220664024353,0.09063111245632172,0.09044548869132996,1,0.00013480971392709762
H,candle,gap_ss2d_l1,18,0.8825473785400391,0.8807931542396545,0.879675030708313,1,0.000812227837741375
H,candle,gap_normal,54,0.6754804849624634,0.3333333730697632,0.03993341699242592,2,0.2596113681793213
H,candle,gap_abnormal,54,0.6962330341339111,0.3333333730697632,0.019080864265561104,2,0.276741623878479
H,candle,ss2d_normal,54,1.0,0.3333333432674408,2.349458722278583e-34,2,0.471404492855072
H,candle,ss2d_abnormal,54,1.0,0.3333333432674408,1.4993893568275543e-43,2,0.471404492855072
H,candle,final_normal,54,0.607932448387146,0.3333333432674408,0.1359400749206543,2,0.19823050498962402
H,candle,final_abnormal,54,0.626609742641449,0.33333325386047363,0.11717277765274048,2,0.21320372819900513
H,candle,entropy_normal,18,0.9330559372901917,0.9261305332183838,0.9227029085159302,2,0.0026301012840121984
H,candle,entropy_abnormal,18,0.9025864601135254,0.8961821794509888,0.8930265307426453,2,0.0024275295436382294
H,candle,routing_l1,18,0.040315717458724976,0.03845049813389778,0.037534624338150024,2,0.0007061850046738982
H,candle,gap_ss2d_l1,18,1.920133113861084,1.9173102378845215,1.9114303588867188,2,0.0022055332083255053
H,candle,gap_normal,54,0.5614539384841919,0.3333333432674408,0.08959195017814636,3,0.18047234416007996
H,candle,gap_abnormal,54,0.5568691492080688,0.3333333432674408,0.050457801669836044,3,0.20113903284072876
H,candle,ss2d_normal,54,1.0,0.333333283662796,1.6584042319086217e-22,3,0.4713726341724396
H,candle,ss2d_abnormal,54,1.0,0.3333333432674408,2.7376287676300345e-29,3,0.4709707200527191
H,candle,final_normal,54,0.6053017973899841,0.3333333730697632,0.0806327536702156,3,0.19591191411018372
H,candle,final_abnormal,54,0.6010975241661072,0.333333283662796,0.04541201889514923,3,0.21077081561088562
H,candle,entropy_normal,18,1.049515724182129,0.910755455493927,0.8706358075141907,3,0.04692480340600014
H,candle,entropy_abnormal,18,1.0256626605987549,0.8583253026008606,0.8139647841453552,3,0.056675542145967484
H,candle,routing_l1,18,0.07962840795516968,0.07671912759542465,0.07513773441314697,3,0.0015327684814110398
H,candle,gap_ss2d_l1,18,1.8075478076934814,1.0073045492172241,0.876957893371582,3,0.27377790212631226
A,candle,gap_normal,54,0.5737441182136536,0.33333325386047363,0.06984570622444153,1,0.20599113404750824
A,candle,gap_abnormal,54,0.5391630530357361,0.3333333432674408,0.035546112805604935,1,0.21541611850261688
A,candle,ss2d_normal,54,1.0,0.3333333432674408,5.611823162249296e-24,1,0.471404492855072
A,candle,ss2d_abnormal,54,1.0,0.3333333432674408,9.138229136399778e-31,1,0.471404492855072
A,candle,final_normal,54,0.5163697004318237,0.3333333432674408,0.16286113858222961,1,0.14424294233322144
A,candle,final_abnormal,54,0.4852467477321625,0.3333333432674408,0.13199150562286377,1,0.14818483591079712
A,candle,entropy_normal,18,1.0024912357330322,1.0020495653152466,1.0015804767608643,1,0.0002417052019154653
A,candle,entropy_abnormal,18,0.9863923788070679,0.9860794544219971,0.9857484102249146,1,0.00017091416520997882
A,candle,routing_l1,18,0.12398514151573181,0.12376374751329422,0.12355586886405945,1,0.00011402933159843087
A,candle,gap_ss2d_l1,18,1.8603085279464722,1.859546184539795,1.8588262796401978,1,0.0003934632695745677
A,candle,gap_normal,54,0.5521507859230042,0.3333333432674408,0.08133786916732788,2,0.19196031987667084
A,candle,gap_abnormal,54,0.5377350449562073,0.3333333432674408,0.05512934923171997,2,0.20250079035758972
A,candle,ss2d_normal,54,0.9999971389770508,0.3333333432674408,1.4504571300888928e-26,2,0.47140246629714966
A,candle,ss2d_abnormal,54,0.999821126461029,0.3333333432674408,1.6553633533731578e-31,2,0.47127798199653625
A,candle,final_normal,54,0.5969353914260864,0.3333333432674408,0.07320407778024673,2,0.2122620791196823
A,candle,final_abnormal,54,0.5839436054229736,0.333333283662796,0.049616411328315735,2,0.2181510478258133
A,candle,entropy_normal,18,0.8806426525115967,0.8689901232719421,0.8652224540710449,2,0.003698252607136965
A,candle,entropy_abnormal,18,0.8460088968276978,0.8346627354621887,0.8310291767120361,2,0.0035904326941818
A,candle,routing_l1,18,0.07315879315137863,0.07258137315511703,0.07082277536392212,2,0.0005604992620646954
A,candle,gap_ss2d_l1,18,0.9153504371643066,0.9004771709442139,0.8956927061080933,2,0.004712678492069244
A,candle,gap_normal,54,0.5830522179603577,0.333333283662796,0.0563901886343956,3,0.1986437737941742
A,candle,gap_abnormal,54,0.5550695061683655,0.3333333432674408,0.030319634824991226,3,0.21013256907463074
A,candle,ss2d_normal,54,1.0,0.3333333432674408,1.8077371283329602e-29,3,0.471404492855072
A,candle,ss2d_abnormal,54,1.0,0.3333333432674408,1.6146576125345148e-36,3,0.471404492855072
A,candle,final_normal,54,0.5247469544410706,0.3333333432674408,0.15075117349624634,3,0.13661865890026093
A,candle,final_abnormal,54,0.499562531709671,0.3333333432674408,0.12728767096996307,3,0.14370591938495636
A,candle,entropy_normal,18,1.0166468620300293,1.010964274406433,0.9888325929641724,3,0.008435484021902084
A,candle,entropy_abnormal,18,0.9987263083457947,0.9941241145133972,0.9769282341003418,3,0.006719391793012619
A,candle,routing_l1,18,0.0972958654165268,0.08973429352045059,0.08778908848762512,3,0.0028856133576482534
A,candle,gap_ss2d_l1,18,1.8872196674346924,1.8506543636322021,1.8407303094863892,3,0.014401929453015327
H,candle,gap_normal,54,0.5600585341453552,0.3333333432674408,0.09480517357587814,1,0.18970388174057007
H,candle,gap_abnormal,54,0.5610702037811279,0.3333333432674408,0.04453890398144722,1,0.21495352685451508
H,candle,ss2d_normal,54,0.9999994039535522,0.3333333432674408,1.944891281206445e-23,1,0.4714040756225586
H,candle,ss2d_abnormal,54,0.9999666213989258,0.3333333432674408,4.2689899366355145e-33,1,0.4713808596134186
H,candle,final_normal,54,0.6040526032447815,0.3333333730697632,0.08532465249300003,1,0.21198967099189758
H,candle,final_abnormal,54,0.6049597859382629,0.333333283662796,0.04008501395583153,1,0.23083482682704926
H,candle,entropy_normal,18,0.8797850012779236,0.8785479664802551,0.8776808381080627,1,0.0005674873245880008
H,candle,entropy_abnormal,18,0.8027232885360718,0.8014990091323853,0.8006419539451599,1,0.0005612203967757523
H,candle,routing_l1,18,0.09096361696720123,0.09067980200052261,0.09047918021678925,1,0.00013077798939775676
H,candle,gap_ss2d_l1,18,0.8828004598617554,0.8810828328132629,0.879881739616394,1,0.0007870149565860629
H,candle,gap_normal,54,0.6747518181800842,0.33333325386047363,0.04022974148392677,2,0.2587425410747528
H,candle,gap_abnormal,54,0.6955593228340149,0.3333333432674408,0.0192690622061491,2,0.2759920358657837
H,candle,ss2d_normal,54,1.0,0.3333333432674408,2.348419374050815e-34,2,0.471404492855072
H,candle,ss2d_abnormal,54,1.0,0.3333333432674408,1.4993893568275543e-43,2,0.471404492855072
H,candle,final_normal,54,0.6072766184806824,0.3333333432674408,0.13620677590370178,2,0.1973974108695984
H,candle,final_abnormal,54,0.6260033845901489,0.3333333432674408,0.11734215915203094,2,0.21246883273124695
H,candle,entropy_normal,18,0.9347728490829468,0.927520215511322,0.9234378337860107,2,0.0034132509026676416
H,candle,entropy_abnormal,18,0.9041757583618164,0.8974654078483582,0.8937004804611206,2,0.0031516002491116524
H,candle,routing_l1,18,0.040775932371616364,0.03882294148206711,0.037729308009147644,2,0.0009160215849988163
H,candle,gap_ss2d_l1,18,1.9195404052734375,1.9161372184753418,1.9099204540252686,2,0.002879828680306673
H,candle,gap_normal,54,0.570191502571106,0.333333283662796,0.08350479602813721,3,0.1839749664068222
H,candle,gap_abnormal,54,0.5634584426879883,0.3333333432674408,0.045424703508615494,3,0.2038639485836029
H,candle,ss2d_normal,54,1.0,0.3333333432674408,3.0641923821916396e-25,3,0.4682095944881439
H,candle,ss2d_abnormal,54,1.0,0.3333333432674408,7.567358759433712e-33,3,0.4696061909198761
H,candle,final_normal,54,0.6113597750663757,0.3333333432674408,0.07634412497282028,3,0.19886700809001923
H,candle,final_abnormal,54,0.6057106852531433,0.3333333432674408,0.041935063898563385,3,0.2130114734172821
H,candle,entropy_normal,18,1.0363202095031738,0.9047664999961853,0.860678493976593,3,0.04459817335009575
H,candle,entropy_abnormal,18,1.0115563869476318,0.8525574803352356,0.8042244911193848,3,0.05468781664967537
H,candle,routing_l1,18,0.08212952315807343,0.07669065147638321,0.07117541134357452,3,0.002482340205460787
H,candle,gap_ss2d_l1,18,1.7828924655914307,0.9952179789543152,0.8619222640991211,3,0.26024672389030457
A,candle,gap_normal,54,0.5737229585647583,0.333333283662796,0.06986072659492493,1,0.20600034296512604
A,candle,gap_abnormal,54,0.5391497015953064,0.3333333432674408,0.035556696355342865,1,0.21542154252529144
A,candle,ss2d_normal,54,1.0,0.3333333432674408,5.595427871625635e-24,1,0.471404492855072
A,candle,ss2d_abnormal,54,1.0,0.3333333432674408,9.10392350926538e-31,1,0.471404492855072
A,candle,final_normal,54,0.5163506269454956,0.3333333432674408,0.16287465393543243,1,0.14425164461135864
A,candle,final_abnormal,54,0.48523470759391785,0.3333333432674408,0.13200102746486664,1,0.14818987250328064
A,candle,entropy_normal,18,1.0026109218597412,1.002037763595581,1.0015987157821655,1,0.00024217898317147046
A,candle,entropy_abnormal,18,0.9864773750305176,0.9860713481903076,0.9857614040374756,1,0.00017116764502134174
A,candle,routing_l1,18,0.12397915124893188,0.12377038598060608,0.12350025773048401,1,0.00011445145355537534
A,candle,gap_ss2d_l1,18,1.8602784872055054,1.859565258026123,1.8586302995681763,1,0.0003942508774343878
A,candle,gap_normal,54,0.5520375370979309,0.3333333730697632,0.08142527937889099,2,0.19110934436321259
A,candle,gap_abnormal,54,0.5376487970352173,0.333333283662796,0.05520520359277725,2,0.2018287032842636
A,candle,ss2d_normal,54,0.9999971389770508,0.3333333432674408,1.4505566621484188e-26,2,0.47140246629714966
A,candle,ss2d_abnormal,54,0.999821126461029,0.3333333432674408,1.6555275699339677e-31,2,0.47127798199653625
A,candle,final_normal,54,0.5968334674835205,0.3333333432674408,0.07328274846076965,2,0.21146772801876068
A,candle,final_abnormal,54,0.5838660001754761,0.3333333432674408,0.04968468099832535,2,0.21751856803894043
A,candle,entropy_normal,18,0.8775880336761475,0.8708912134170532,0.8654013872146606,2,0.0041834949515759945
A,candle,entropy_abnormal,18,0.8430145382881165,0.8365046977996826,0.8312017917633057,2,0.00405532494187355
A,candle,routing_l1,18,0.07313104718923569,0.07229378819465637,0.07128007709980011,2,0.0006347011076286435
A,candle,gap_ss2d_l1,18,0.9114315509796143,0.9028952121734619,0.8959192037582397,2,0.005324884783476591
A,candle,gap_normal,54,0.5791122317314148,0.3333333730697632,0.05894918367266655,3,0.20241424441337585
A,candle,gap_abnormal,54,0.5524759888648987,0.3333333432674408,0.03218281641602516,3,0.21272677183151245
A,candle,ss2d_normal,54,1.0,0.3333333432674408,1.8078061909770598e-29,3,0.471404492855072
A,candle,ss2d_abnormal,54,1.0,0.3333333432674408,1.6147806577500702e-36,3,0.471404492855072
A,candle,final_normal,54,0.5212010145187378,0.333333283662796,0.15305426716804504,3,0.1401764452457428
A,candle,final_abnormal,54,0.49722838401794434,0.3333333730697632,0.12896454334259033,3,0.14612340927124023
A,candle,entropy_normal,18,1.0166981220245361,1.0063005685806274,0.9922705888748169,3,0.009904869832098484
A,candle,entropy_abnormal,18,0.9987703561782837,0.9903956651687622,0.9793976545333862,3,0.007903428748250008
A,candle,routing_l1,18,0.09614631533622742,0.09132175892591476,0.08777037262916565,3,0.0033821691758930683
A,candle,gap_ss2d_l1,18,1.8821016550064087,1.8586575984954834,1.8406329154968262,3,0.016950219869613647
H,candle,gap_normal,54,0.5601219534873962,0.3333333432674408,0.09475933015346527,1,0.1898016780614853
H,candle,gap_abnormal,54,0.5611173510551453,0.3333333432674408,0.044504813849925995,1,0.21502213180065155
H,candle,ss2d_normal,54,0.9999994039535522,0.3333333432674408,1.946398005535417e-23,1,0.4714040756225586
H,candle,ss2d_abnormal,54,0.9999666213989258,0.3333333432674408,4.2737808107990846e-33,1,0.4713808596134186
H,candle,final_normal,54,0.6041097044944763,0.3333333432674408,0.08528339117765427,1,0.21208038926124573
H,candle,final_abnormal,54,0.6050022840499878,0.333333283662796,0.040054332464933395,1,0.2309003621339798
H,candle,entropy_normal,18,0.8794137835502625,0.8783453702926636,0.8775895833969116,1,0.0006179902702569962
H,candle,entropy_abnormal,18,0.8023560643196106,0.8012990355491638,0.8005524277687073,1,0.000610769318882376
H,candle,routing_l1,18,0.09087865054607391,0.09063266962766647,0.09045816957950592,1,0.0001426605595042929
H,candle,gap_ss2d_l1,18,0.8822841048240662,0.8808023929595947,0.879754900932312,1,0.00085668102838099
H,candle,gap_normal,54,0.6747925877571106,0.3333333730697632,0.04021358862519264,2,0.2586026191711426
H,candle,gap_abnormal,54,0.6955956816673279,0.3333333432674408,0.019258540123701096,2,0.2758695185184479
H,candle,ss2d_normal,54,1.0,0.3333333432674408,2.349942924932076e-34,2,0.471404492855072
H,candle,ss2d_abnormal,54,1.0,0.3333333432674408,1.4993893568275543e-43,2,0.471404492855072
H,candle,final_normal,54,0.607313334941864,0.3333333432674408,0.1361922323703766,2,0.19726599752902985
H,candle,final_abnormal,54,0.6260361075401306,0.3333333432674408,0.11733268946409225,2,0.2123509645462036
H,candle,entropy_normal,18,0.9402461051940918,0.9277426600456238,0.9233969449996948,2,0.004745760001242161
H,candle,entropy_abnormal,18,0.9092825651168823,0.8976760506629944,0.8936640024185181,2,0.00440107611939311
H,candle,routing_l1,18,0.042269229888916016,0.03888523206114769,0.03771913796663284,2,0.0012829637853428721
H,candle,gap_ss2d_l1,18,1.9195727109909058,1.9159115552902222,1.9049458503723145,2,0.004127934575080872
H,candle,gap_normal,54,0.5659089088439941,0.3333333432674408,0.0864919126033783,3,0.18339166045188904
H,candle,gap_abnormal,54,0.5602043271064758,0.3333333432674408,0.04781978204846382,3,0.20350176095962524
H,candle,ss2d_normal,54,1.0,0.3333333432674408,1.8282984282756846e-23,3,0.470108300447464
H,candle,ss2d_abnormal,54,1.0,0.3333333432674408,1.5377389217513466e-30,3,0.4679502844810486
H,candle,final_normal,54,0.6081423163414001,0.3333333432674408,0.07784271985292435,3,0.1904785931110382
H,candle,final_abnormal,54,0.6021158695220947,0.333333283662796,0.04303780198097229,3,0.2047228366136551
H,candle,entropy_normal,18,1.0375103950500488,0.921522855758667,0.8649230003356934,3,0.057876165956258774
H,candle,entropy_abnormal,18,1.0128328800201416,0.8726219534873962,0.8092765808105469,3,0.07081366330385208
H,candle,routing_l1,18,0.08467427641153336,0.07757855206727982,0.07498423755168915,3,0.0027883355505764484
H,candle,gap_ss2d_l1,18,1.8133431673049927,1.101501226425171,0.8446682691574097,3,0.37422263622283936
A,candle,gap_normal,54,0.5736780762672424,0.333333283662796,0.06989104300737381,1,0.20601430535316467
A,candle,gap_abnormal,54,0.5391243100166321,0.3333333432674408,0.035578757524490356,1,0.21543003618717194
A,candle,ss2d_normal,54,1.0,0.3333333432674408,5.610688780267588e-24,1,0.471404492855072
A,candle,ss2d_abnormal,54,1.0,0.3333333432674408,9.13592986944957e-31,1,0.471404492855072
A,candle,final_normal,54,0.5163102746009827,0.3333333730697632,0.16290193796157837,1,0.14426477253437042
A,candle,final_abnormal,54,0.48521187901496887,0.333333283662796,0.13202089071273804,1,0.148197740316391
A,candle,entropy_normal,18,1.0025216341018677,1.0020203590393066,1.0016363859176636,1,0.0002320453932043165
A,candle,entropy_abnormal,18,0.986413836479187,0.9860588908195496,0.9857878684997559,1,0.00016412182594649494
A,candle,routing_l1,18,0.12395894527435303,0.12377740442752838,0.12354257702827454,1,0.000108854663267266
A,candle,gap_ss2d_l1,18,1.860217809677124,1.8595941066741943,1.8587764501571655,1,0.00037785968743264675
A,candle,gap_normal,54,0.5517390370368958,0.333333283662796,0.0816558301448822,2,0.19094204902648926
A,candle,gap_abnormal,54,0.537424623966217,0.3333333432674408,0.0554032102227211,2,0.20168423652648926
A,candle,ss2d_normal,54,0.9999971389770508,0.3333333432674408,1.4506894742773837e-26,2,0.47140246629714966
A,candle,ss2d_abnormal,54,0.999821126461029,0.3333333432674408,1.6556792087052237e-31,2,0.4712778925895691
A,candle,final_normal,54,0.5965648293495178,0.3333333432674408,0.07349024713039398,2,0.2113104611635208
A,candle,final_abnormal,54,0.5836642980575562,0.3333333432674408,0.04986288771033287,2,0.2173832654953003
A,candle,entropy_normal,18,0.8907362222671509,0.8712594509124756,0.8658723831176758,2,0.00669052405282855
A,candle,entropy_abnormal,18,0.8560563325881958,0.8368843793869019,0.8316514492034912,2,0.006561446934938431
A,candle,routing_l1,18,0.07305584847927094,0.0722341388463974,0.06925788521766663,2,0.0010195922804996371
A,candle,gap_ss2d_l1,18,0.9284270405769348,0.9033854603767395,0.8965162038803101,2,0.00858139619231224
A,candle,gap_normal,54,0.5758922100067139,0.3333333730697632,0.06108345091342926,3,0.20131546258926392
A,candle,gap_abnormal,54,0.550336480140686,0.3333333432674408,0.033799946308135986,3,0.21204033493995667
A,candle,ss2d_normal,54,1.0,0.3333333432674408,1.8077785057341092e-29,3,0.471404492855072
A,candle,ss2d_abnormal,54,1.0,0.3333333432674408,1.6146576125345148e-36,3,0.471404492855072
A,candle,final_normal,54,0.5183029770851135,0.3333333432674408,0.15497510135173798,3,0.1391163319349289
A,candle,final_abnormal,54,0.49530282616615295,0.3333333432674408,0.13041995465755463,3,0.145470529794693
A,candle,entropy_normal,18,1.016618013381958,1.0076934099197388,0.9950621128082275,3,0.007652463857084513
A,candle,entropy_abnormal,18,0.9987032413482666,0.9914022088050842,0.9814818501472473,3,0.006162470672279596
A,candle,routing_l1,18,0.09511062502861023,0.09086531400680542,0.08779555559158325,3,0.0026267243083566427
A,candle,gap_ss2d_l1,18,1.8778331279754639,1.8565491437911987,1.8407856225967407,3,0.013230438344180584
H,candle,gap_normal,54,0.5599231123924255,0.3333333432674408,0.09490431845188141,1,0.18960990011692047
H,candle,gap_abnormal,54,0.5609664916992188,0.3333333432674408,0.04461280256509781,1,0.21488718688488007
H,candle,ss2d_normal,54,0.9999994039535522,0.3333333432674408,1.9444906976387737e-23,1,0.4714040756225586
H,candle,ss2d_abnormal,54,0.9999666213989258,0.3333333432674408,4.2677523614892895e-33,1,0.4713808596134186
H,candle,final_normal,54,0.6039307713508606,0.3333333730697632,0.08541388064622879,1,0.2119024395942688
H,candle,final_abnormal,54,0.6048664450645447,0.3333333730697632,0.04015152156352997,1,0.2307715266942978
H,candle,entropy_normal,18,0.8804898262023926,0.878742516040802,0.8778771162033081,1,0.0007072387379594147
H,candle,entropy_abnormal,18,0.8034237623214722,0.8016922473907471,0.8008368015289307,1,0.0006999857141636312
H,candle,routing_l1,18,0.09112490713596344,0.09072420001029968,0.09052454680204391,1,0.00016289889754261822
H,candle,gap_ss2d_l1,18,0.8837797045707703,0.8813528418540955,0.8801525831222534,1,0.000981117133051157
H,candle,gap_normal,54,0.6741170287132263,0.3333333432674408,0.04048967733979225,2,0.2586134076118469
H,candle,gap_abnormal,54,0.6949700713157654,0.3333333432674408,0.019434306770563126,2,0.2758806347846985
H,candle,ss2d_normal,54,1.0,0.3333333432674408,2.3484372819725656e-34,2,0.471404492855072
H,candle,ss2d_abnormal,54,1.0,0.3333333432674408,1.4993893568275543e-43,2,0.471404492855072
H,candle,final_normal,54,0.6067053079605103,0.3333333432674408,0.136440709233284,2,0.19727365672588348
H,candle,final_abnormal,54,0.6254730224609375,0.3333333730697632,0.11749087274074554,2,0.21235963702201843
H,candle,entropy_normal,18,0.9348182678222656,0.9277263283729553,0.9240776300430298,2,0.003517214674502611
H,candle,entropy_abnormal,18,0.9042179584503174,0.8976557850837708,0.8942891359329224,2,0.003251550951972604
H,candle,routing_l1,18,0.04079055041074753,0.03887857496738434,0.03789964318275452,2,0.0009460500441491604
H,candle,gap_ss2d_l1,18,1.919020652770996,1.9159616231918335,1.9098786115646362,2,0.0029922407120466232
H,candle,gap_normal,54,0.5667554140090942,0.3333333432674408,0.08581335097551346,3,0.18540924787521362
H,candle,gap_abnormal,54,0.5609338283538818,0.333333283662796,0.047411657869815826,3,0.2049756795167923
H,candle,ss2d_normal,54,1.0,0.3333333432674408,2.1638141543158296e-17,3,0.4711453914642334
H,candle,ss2d_abnormal,54,1.0,0.3333333432674408,1.3215647905648292e-22,3,0.4709206521511078
H,candle,final_normal,54,0.6100747585296631,0.3333333432674408,0.0772320106625557,3,0.19986176490783691
H,candle,final_abnormal,54,0.6047711372375488,0.3333333432674408,0.042670492082834244,3,0.2138959765434265
H,candle,entropy_normal,18,1.0184366703033447,0.9027879238128662,0.8627856969833374,3,0.044174034148454666
H,candle,entropy_abnormal,18,0.9946250915527344,0.8503485918045044,0.8062916994094849,3,0.053847670555114746
H,candle,routing_l1,18,0.07973030209541321,0.0773133710026741,0.07504089176654816,3,0.001940206391736865
H,candle,gap_ss2d_l1,18,1.819378137588501,1.0034294128417969,0.8663873672485352,3,0.2882844805717468
A,candle,gap_normal,54,0.5737189054489136,0.3333333432674408,0.06986293941736221,1,0.20588135719299316
A,candle,gap_abnormal,54,0.5391489863395691,0.3333333432674408,0.03555823117494583,1,0.2153501808643341
A,candle,ss2d_normal,54,1.0,0.3333333432674408,5.598331274187301e-24,1,0.471404492855072
A,candle,ss2d_abnormal,54,1.0,0.3333333432674408,9.109897841754e-31,1,0.471404492855072
A,candle,final_normal,54,0.5163469910621643,0.3333333432674408,0.16287663578987122,1,0.14413949847221375
A,candle,final_abnormal,54,0.4852340817451477,0.3333333432674408,0.13200241327285767,1,0.14812368154525757
A,candle,entropy_normal,18,1.0030255317687988,1.0021882057189941,1.0016018152236938,1,0.00033676743623800576
A,candle,entropy_abnormal,18,0.9867726564407349,0.9861777424812317,0.9857629537582397,1,0.00023872978636063635
A,candle,routing_l1,18,0.1239742636680603,0.12369910627603531,0.1233067661523819,1,0.0001582465338287875
A,candle,gap_ss2d_l1,18,1.860274076461792,1.8593199253082275,1.8579503297805786,1,0.0005497004603967071
A,candle,gap_normal,54,0.5513049960136414,0.3333333432674408,0.08199217170476913,2,0.19084031879901886
A,candle,gap_abnormal,54,0.5370947122573853,0.3333333432674408,0.05569402128458023,2,0.20161235332489014
A,candle,ss2d_normal,54,0.9999971389770508,0.3333333432674408,1.450894239149071e-26,2,0.47140246629714966
A,candle,ss2d_abnormal,54,0.999821126461029,0.3333333432674408,1.655969673359312e-31,2,0.47127795219421387
A,candle,final_normal,54,0.5961741805076599,0.3333333432674408,0.0737929493188858,2,0.21121631562709808
A,candle,final_abnormal,54,0.5833673477172852,0.3333333432674408,0.05012461915612221,2,0.21731527149677277
A,candle,entropy_normal,18,0.8821567296981812,0.8714888095855713,0.8665575981140137,2,0.005227980669587851
A,candle,entropy_abnormal,18,0.8475087881088257,0.8370907306671143,0.8323109149932861,2,0.005090238992124796
A,candle,routing_l1,18,0.07295043766498566,0.07220099866390228,0.07058168202638626,2,0.0007936770562082529
A,candle,gap_ss2d_l1,18,0.9173039197921753,0.9036632180213928,0.8973842263221741,2,0.006672753021121025
A,candle,gap_normal,54,0.5785033702850342,0.3333333432674408,0.0593666210770607,3,0.20200687646865845
A,candle,gap_abnormal,54,0.5520875453948975,0.3333333432674408,0.032464124262332916,3,0.2124435007572174
A,candle,ss2d_normal,54,1.0,0.3333333432674408,1.8078061909770598e-29,3,0.471404492855072
A,candle,ss2d_abnormal,54,1.0,0.3333333432674408,1.6147562639464033e-36,3,0.471404492855072
A,candle,final_normal,54,0.5206530094146729,0.33333325386047363,0.15342995524406433,3,0.13979391753673553
A,candle,final_abnormal,54,0.4968787729740143,0.3333333432674408,0.1292177140712738,3,0.14586035907268524
A,candle,entropy_normal,18,1.0166962146759033,1.0068081617355347,0.9928111433982849,3,0.009914988651871681
A,candle,entropy_abnormal,18,0.9987686276435852,0.9908045530319214,0.9797645807266235,3,0.007910001091659069
A,candle,routing_l1,18,0.09597298502922058,0.09114808589220047,0.08777083456516266,3,0.0033875880762934685
A,candle,gap_ss2d_l1,18,1.881266713142395,1.8577790260314941,1.8406367301940918,3,0.01695857383310795
H,candle,gap_normal,54,0.5600367188453674,0.3333333432674408,0.09482196718454361,1,0.18952643871307373
H,candle,gap_abnormal,54,0.5610522627830505,0.3333333432674408,0.04455087333917618,1,0.21482843160629272
H,candle,ss2d_normal,54,0.9999994039535522,0.3333333432674408,1.9462495419130545e-23,1,0.4714040756225586
H,candle,ss2d_abnormal,54,0.9999666213989258,0.3333333432674408,4.273291511275555e-33,1,0.4713808596134186
H,candle,final_normal,54,0.6040329933166504,0.33333325386047363,0.08533976972103119,1,0.2118249535560608
H,candle,final_abnormal,54,0.6049436926841736,0.333333283662796,0.04009578377008438,1,0.23071543872356415
H,candle,entropy_normal,18,0.8804457187652588,0.8789152503013611,0.8777134418487549,1,0.000958247808739543
H,candle,entropy_abnormal,18,0.8033804297447205,0.8018631935119629,0.8006740808486938,1,0.0009491011151112616
H,candle,routing_l1,18,0.09111513197422028,0.09076423943042755,0.09048787504434586,1,0.0002204347401857376
H,candle,gap_ss2d_l1,18,0.8837175369262695,0.8815926313400269,0.8799253702163696,1,0.0013292442308738828
H,candle,gap_normal,54,0.6751593947410583,0.3333333432674408,0.040063533931970596,2,0.257130891084671
H,candle,gap_abnormal,54,0.6959369778633118,0.3333333432674408,0.01916360855102539,2,0.27459967136383057
H,candle,ss2d_normal,54,1.0,0.3333333432674408,2.347774229690305e-34,2,0.471404492855072
H,candle,ss2d_abnormal,54,1.0,0.3333333432674408,1.4993893568275543e-43,2,0.471404492855072
H,candle,final_normal,54,0.6076434254646301,0.3333333432674408,0.13605718314647675,2,0.1958538144826889
H,candle,final_abnormal,54,0.6263432502746582,0.3333333432674408,0.11724724620580673,2,0.2111050933599472
H,candle,entropy_normal,18,0.9407825469970703,0.9300848841667175,0.9230267405509949,2,0.004855609964579344
H,candle,entropy_abnormal,18,0.9097908735275269,0.8998410105705261,0.8933230042457581,2,0.004496800247579813
H,candle,routing_l1,18,0.04241998493671417,0.039515420794487,0.0376199409365654,2,0.0013098516501486301
H,candle,gap_ss2d_l1,18,1.9198728799819946,1.9139232635498047,1.9044418334960938,2,0.004185502417385578
H,candle,gap_normal,54,0.569944441318512,0.333333283662796,0.08361566066741943,3,0.18983346223831177
H,candle,gap_abnormal,54,0.5633299350738525,0.3333333432674408,0.045613646507263184,3,0.20845499634742737
H,candle,ss2d_normal,54,1.0,0.3333333432674408,7.786926809124529e-19,3,0.459418922662735
H,candle,ss2d_abnormal,54,1.0,0.3333333432674408,1.697270525184647e-24,3,0.456158846616745
H,candle,final_normal,54,0.6129320859909058,0.33333325386047363,0.07525409013032913,3,0.19930428266525269
H,candle,final_abnormal,54,0.6068236231803894,0.3333333730697632,0.041052281856536865,3,0.21242165565490723
H,candle,entropy_normal,18,1.0231835842132568,0.9030934572219849,0.8580765128135681,3,0.05345891788601875
H,candle,entropy_abnormal,18,0.998950719833374,0.8522166609764099,0.801732063293457,3,0.06530129164457321
H,candle,routing_l1,18,0.09121142327785492,0.07976515591144562,0.07511363923549652,3,0.0043998947367072105
H,candle,gap_ss2d_l1,18,1.8236303329467773,1.0029540061950684,0.43766918778419495,3,0.38473719358444214
A,candle,gap_normal,54,0.5737982392311096,0.3333333730697632,0.06980835646390915,1,0.20590321719646454
A,candle,gap_abnormal,54,0.5391952395439148,0.3333333432674408,0.03551926091313362,1,0.21536336839199066
A,candle,ss2d_normal,54,1.0,0.3333333432674408,5.607286817613822e-24,1,0.471404492855072
A,candle,ss2d_abnormal,54,1.0,0.3333333432674408,9.128823300802239e-31,1,0.471404492855072
A,candle,final_normal,54,0.5164183974266052,0.3333333432674408,0.1628275215625763,1,0.14416012167930603
A,candle,final_abnormal,54,0.4852757155895233,0.3333333730697632,0.13196733593940735,1,0.14813588559627533
A,candle,entropy_normal,18,1.0028117895126343,1.0021605491638184,1.0015344619750977,1,0.00033073045779019594
A,candle,entropy_abnormal,18,0.9866198301315308,0.9861580729484558,0.9857157468795776,1,0.00023413269082084298
A,candle,routing_l1,18,0.12400573492050171,0.12371224910020828,0.12340505421161652,1,0.0001549892476759851
A,candle,gap_ss2d_l1,18,1.86038339138031,1.8593648672103882,1.8583014011383057,1,0.0005391697050072253
A,candle,gap_normal,54,0.5519478917121887,0.3333333432674408,0.0814947560429573,2,0.18991686403751373
A,candle,gap_abnormal,54,0.5375819802284241,0.3333333730697632,0.05526392161846161,2,0.20087763667106628
A,candle,ss2d_normal,54,0.9999971389770508,0.3333333432674408,1.4505179894751355e-26,2,0.47140246629714966
A,candle,ss2d_abnormal,54,0.999821126461029,0.3333333432674408,1.6554643283378934e-31,2,0.47127795219421387
A,candle,final_normal,54,0.5967528223991394,0.3333333432674408,0.07334528118371964,2,0.21035461127758026
A,candle,final_abnormal,54,0.5838059186935425,0.3333333730697632,0.04973752796649933,2,0.21662457287311554
A,candle,entropy_normal,18,0.8837158679962158,0.8735370635986328,0.8655432462692261,2,0.005866760853677988
A,candle,entropy_abnormal,18,0.8490608930587769,0.839087724685669,0.8313353657722473,2,0.005716932006180286
A,candle,routing_l1,18,0.07310929149389267,0.07189039885997772,0.07032912969589233,2,0.0008916212827898562
A,candle,gap_ss2d_l1,18,0.9193212985992432,0.9062786102294922,0.8960984945297241,2,0.007491896394640207
A,candle,gap_normal,54,0.5806154012680054,0.3333333432674408,0.057978373020887375,3,0.20516961812973022
A,candle,gap_abnormal,54,0.5534802675247192,0.3333333432674408,0.03144621104001999,3,0.2146139293909073
A,candle,ss2d_normal,54,1.0,0.3333333432674408,1.807682058773613e-29,3,0.471404492855072
A,candle,ss2d_abnormal,54,1.0,0.3333333432674408,1.6145837136587e-36,3,0.471404492855072
A,candle,final_normal,54,0.5225538611412048,0.3333333432674408,0.1521805375814438,3,0.14277049899101257
A,candle,final_abnormal,54,0.49813222885131836,0.3333333432674408,0.12830159068107605,3,0.1478799283504486
A,candle,entropy_normal,18,1.016732931137085,1.0028291940689087,0.9909701347351074,3,0.01014596689492464
A,candle,entropy_abnormal,18,0.9988008737564087,0.9876500368118286,0.9784297943115234,3,0.00806085579097271
A,candle,routing_l1,18,0.09660108387470245,0.09251479059457779,0.08775776624679565,3,0.003470960771664977
A,candle,gap_ss2d_l1,18,1.8840433359146118,1.864513635635376,1.8405671119689941,3,0.01724846661090851
H,candle,gap_normal,6,0.559995174407959,0.3333333432674408,0.09485070407390594,1,0.18972070515155792
H,candle,gap_abnormal,6,0.5610235333442688,0.3333333432674408,0.044573117047548294,1,0.21496537327766418
H,candle,ss2d_normal,6,0.9999994039535522,0.3333333432674408,1.9486118647798293e-23,1,0.4714040756225586
H,candle,ss2d_abnormal,6,0.9999665021896362,0.3333333134651184,4.2807309211483214e-33,1,0.4713808596134186
H,candle,final_normal,6,0.6039956212043762,0.3333333432674408,0.08536563068628311,1,0.21200519800186157
H,candle,final_abnormal,6,0.6049177646636963,0.3333333432674408,0.040115803480148315,1,0.23084619641304016
H,candle,entropy_normal,2,0.8792543411254883,0.878512978553772,0.8777716159820557,1,0.0007413625717163086
H,candle,entropy_abnormal,2,0.8021976947784424,0.8014646172523499,0.8007315397262573,1,0.0007330775260925293
H,candle,routing_l1,2,0.09084221720695496,0.0906708687543869,0.09049952775239944,1,0.00017134472727775574
H,candle,gap_ss2d_l1,2,0.8820627927780151,0.8810356259346008,0.8800084590911865,1,0.0010271668434143066
H,candle,gap_normal,6,0.6738555431365967,0.3333333432674408,0.04059714451432228,2,0.2583523094654083
H,candle,gap_abnormal,6,0.6947277188301086,0.3333333432674408,0.01950247213244438,2,0.27565547823905945
H,candle,ss2d_normal,6,1.0,0.3333333432674408,2.3518439197025463e-34,2,0.4714045226573944
H,candle,ss2d_abnormal,6,1.0,0.3333333432674408,1.4993893568275543e-43,2,0.4714045226573944
H,candle,final_normal,6,0.606469988822937,0.3333333134651184,0.13653743267059326,2,0.19702351093292236
H,candle,final_abnormal,6,0.6252549290657043,0.3333333432674408,0.11755222827196121,2,0.2121390849351883
H,candle,entropy_normal,2,0.931944727897644,0.928142786026001,0.9243408441543579,2,0.0038019418716430664
H,candle,entropy_abnormal,2,0.9015501141548157,0.8980405330657959,0.8945310115814209,2,0.0035095512866973877
H,candle,routing_l1,2,0.0400109738111496,0.03899070993065834,0.037970446050167084,2,0.0010202638804912567
H,candle,gap_ss2d_l1,2,1.9188055992126465,1.9156049489974976,1.9124042987823486,2,0.0032006502151489258
H,candle,gap_normal,6,0.568352997303009,0.3333333432674408,0.08470523357391357,3,0.18673893809318542
H,candle,gap_abnormal,6,0.5621384978294373,0.3333333432674408,0.0465080663561821,3,0.20588870346546173
H,candle,ss2d_normal,6,0.999950647354126,0.3333333432674408,2.3191595005339008e-17,3,0.47136253118515015
H,candle,ss2d_abnormal,6,0.9993234872817993,0.3333333432674408,1.790412089570561e-22,3,0.4708583950996399
H,candle,final_normal,6,0.6115107536315918,0.3333333134651184,0.07623470574617386,3,0.20881235599517822
H,candle,final_abnormal,6,0.6058378219604492,0.3333333134651184,0.04185725748538971,3,0.2225242257118225
H,candle,entropy_normal,2,0.906933069229126,0.8836779594421387,0.8604228496551514,3,0.023255109786987305
H,candle,entropy_abnormal,2,0.851453423500061,0.8277217149734497,0.8039899468421936,3,0.023731738328933716
H,candle,routing_l1,2,0.08010076731443405,0.07779013365507126,0.07547949999570847,3,0.002310633659362793
H,candle,gap_ss2d_l1,2,0.9275645017623901,0.8953598737716675,0.8631552457809448,3,0.032204627990722656
A,candle,gap_normal,6,0.5734367966651917,0.3333333432674408,0.0700567290186882,1,0.20592530071735382
A,candle,gap_abnormal,6,0.5389835238456726,0.3333333432674408,0.03569790720939636,1,0.21537655591964722
A,candle,ss2d_normal,6,1.0,0.3333333432674408,5.625669248857735e-24,1,0.4714045226573944
A,candle,ss2d_abnormal,6,1.0,0.3333333432674408,9.167348482458348e-31,1,0.4714045226573944
A,candle,final_normal,6,0.5160930752754211,0.333333283662796,0.1630510538816452,1,0.14418090879917145
A,candle,final_abnormal,6,0.4850851595401764,0.3333333134651184,0.13212811946868896,1,0.14814814925193787
A,candle,entropy_normal,2,1.0024245977401733,1.0021326541900635,1.001840591430664,1,0.00029200315475463867
A,candle,entropy_abnormal,2,0.9863449335098267,0.9861384630203247,0.9859319925308228,1,0.00020647048950195312
A,candle,routing_l1,2,0.12386171519756317,0.12372461706399918,0.12358751893043518,1,0.00013709813356399536
A,candle,gap_ss2d_l1,2,1.8598865270614624,1.8594107627868652,1.858934998512268,1,0.00047576427459716797
A,candle,gap_normal,6,0.5511474013328552,0.3333333432674408,0.08211490511894226,2,0.1907109022140503
A,candle,gap_abnormal,6,0.5369759202003479,0.3333333432674408,0.05579878389835358,2,0.20151086151599884
A,candle,ss2d_normal,6,0.9999971389770508,0.3333333432674408,1.451630560685409e-26,2,0.47140249609947205
A,candle,ss2d_abnormal,6,0.9998210072517395,0.3333333432674408,1.656993176290573e-31,2,0.47127798199653625
A,candle,final_normal,6,0.5960323810577393,0.3333333134651184,0.0739034116268158,2,0.21109554171562195
A,candle,final_abnormal,6,0.5832604169845581,0.3333333432674408,0.05021890252828598,2,0.21721993386745453
A,candle,entropy_normal,2,0.8767468929290771,0.871776819229126,0.8668068051338196,2,0.004970043897628784
A,candle,entropy_abnormal,2,0.842191219329834,0.8373696804046631,0.8325481414794922,2,0.0048215389251708984
A,candle,routing_l1,2,0.07291290909051895,0.07215236127376556,0.07139180600643158,2,0.0007605515420436859
A,candle,gap_ss2d_l1,2,0.9103601574897766,0.9040297865867615,0.8976994156837463,2,0.006330370903015137
A,candle,gap_normal,6,0.573319673538208,0.3333333432674408,0.062834233045578,3,0.20201748609542847
A,candle,gap_abnormal,6,0.5486319065093994,0.3333333432674408,0.035097457468509674,3,0.21245957911014557
A,candle,ss2d_normal,6,1.0,0.3333333432674408,1.8083165624123224e-29,3,0.4714045226573944
A,candle,ss2d_abnormal,6,1.0,0.3333333432674408,1.615569510312771e-36,3,0.4714045226573944
A,candle,final_normal,6,0.5159876942634583,0.3333333432674408,0.1565508097410202,3,0.13979822397232056
A,candle,final_abnormal,6,0.49376869201660156,0.3333333432674408,0.13158771395683289,3,0.14587292075157166
A,candle,entropy_normal,2,1.0163054466247559,1.006798505783081,0.9972916841506958,3,0.00950688123703003
A,candle,entropy_abnormal,2,0.9984318017959595,0.9907833933830261,0.9831349849700928,3,0.00764840841293335
A,candle,routing_l1,2,0.09436415135860443,0.09113588184118271,0.08790761232376099,3,0.0032282695174217224
A,candle,gap_ss2d_l1,2,1.8743315935134888,1.8578546047210693,1.84137761592865,3,0.016476988792419434
H,pcb3,gap_normal,54,0.6307491660118103,0.3333333432674408,0.032305579632520676,1,0.24341171979904175
H,pcb3,gap_abnormal,54,0.5927916765213013,0.3333333432674408,0.03029578924179077,1,0.23097552359104156
H,pcb3,ss2d_normal,54,1.0,0.3333333432674408,6.756304493803533e-39,1,0.471404492855072
H,pcb3,ss2d_abnormal,54,0.9999983310699463,0.3333333432674408,6.556720356126677e-39,1,0.4714033007621765
H,pcb3,final_normal,54,0.6676742434501648,0.333333283662796,0.02907502092421055,1,0.26070186495780945
H,pcb3,final_abnormal,54,0.6335123181343079,0.3333333730697632,0.027266209945082664,1,0.2468358725309372
H,pcb3,entropy_normal,18,0.7392441034317017,0.736986517906189,0.7344114780426025,1,0.0011505003785714507
H,pcb3,entropy_abnormal,18,0.7582842707633972,0.7563424110412598,0.7541319131851196,1,0.0009885410545393825
H,pcb3,routing_l1,18,0.07194142043590546,0.07143926620483398,0.07100212574005127,1,0.0002243106864625588
H,pcb3,gap_ss2d_l1,18,0.7443554401397705,0.7416222095489502,0.7385016679763794,1,0.0013938024640083313
H,pcb3,gap_normal,54,0.7469937205314636,0.3333333432674408,0.0053383344784379005,2,0.3075811266899109
H,pcb3,gap_abnormal,54,0.7468460202217102,0.3333333432674408,0.007813122123479843,2,0.3067995607852936
H,pcb3,ss2d_normal,54,1.0,0.3333333432674408,0.0,2,0.471404492855072
H,pcb3,ss2d_abnormal,54,1.0,0.3333333432674408,0.0,2,0.471404492855072
H,pcb3,final_normal,54,0.6722943186759949,0.3333333730697632,0.10480450093746185,2,0.24328571557998657
H,pcb3,final_abnormal,54,0.6721614003181458,0.3333333432674408,0.10703180730342865,2,0.2428010255098343
H,pcb3,entropy_normal,18,0.8440787196159363,0.84017413854599,0.8379242420196533,2,0.0017640965525060892
H,pcb3,entropy_abnormal,18,0.8462110757827759,0.8420917987823486,0.8397185206413269,2,0.0018610497936606407
H,pcb3,routing_l1,18,0.0048592835664749146,0.004600388463586569,0.0044545382261276245,2,0.00011583977902773768
H,pcb3,gap_ss2d_l1,18,1.9893232583999634,1.988842248916626,1.987977147102356,2,0.0003850444045383483
H,pcb3,gap_normal,54,0.6274142861366272,0.33333325386047363,0.02557358890771866,3,0.23302629590034485
H,pcb3,gap_abnormal,54,0.5923604965209961,0.3333333432674408,0.029069554060697556,3,0.2207748293876648
H,pcb3,ss2d_normal,54,1.0,0.3333333432674408,1.8222064840540624e-40,3,0.47114017605781555
H,pcb3,ss2d_abnormal,54,1.0,0.3333333432674408,3.687759613764777e-38,3,0.4710218906402588
H,pcb3,final_normal,54,0.6639824509620667,0.3333333432674408,0.023257706314325333,3,0.24222776293754578
H,pcb3,final_abnormal,54,0.6325865387916565,0.333333283662796,0.026486836373806,3,0.2291792333126068
H,pcb3,entropy_normal,18,0.9752786755561829,0.7823273539543152,0.7229024171829224,3,0.06595145165920258
H,pcb3,entropy_abnormal,18,0.9901739358901978,0.808195173740387,0.7527291774749756,3,0.0625007227063179
H,pcb3,routing_l1,18,0.06302110850811005,0.05665893852710724,0.05371452867984772,3,0.0037912684492766857
H,pcb3,gap_ss2d_l1,18,1.9358792304992676,0.9171656370162964,0.7466251850128174,3,0.3570428192615509
A,pcb3,gap_normal,54,0.634981632232666,0.333333283662796,0.025221969932317734,1,0.24820853769779205
A,pcb3,gap_abnormal,54,0.5638701319694519,0.3333333730697632,0.02513129822909832,1,0.22619502246379852
A,pcb3,ss2d_normal,54,1.0,0.3333333432674408,1.8936545673273058e-36,1,0.471404492855072
A,pcb3,ss2d_abnormal,54,1.0,0.3333333432674408,3.430890623558233e-35,1,0.471404492855072
A,pcb3,final_normal,54,0.5714834332466125,0.333333283662796,0.12269977480173111,1,0.1834946572780609
A,pcb3,final_abnormal,54,0.5074831247329712,0.3333333432674408,0.122618168592453,1,0.1587618887424469
A,pcb3,entropy_normal,18,0.9418820142745972,0.9407150745391846,0.9395044445991516,1,0.0006284962291829288
A,pcb3,entropy_abnormal,18,0.9709579944610596,0.9702075123786926,0.9694318771362305,1,0.00040345164597965777
A,pcb3,routing_l1,18,0.12816381454467773,0.12726634740829468,0.1264016479253769,1,0.0004658443504013121
A,pcb3,gap_ss2d_l1,18,1.9495561122894287,1.9484659433364868,1.9474046230316162,1,0.0005688245291821659
A,pcb3,gap_normal,54,0.6110117435455322,0.3333333432674408,0.038235317915678024,2,0.23323939740657806
A,pcb3,gap_abnormal,54,0.5672896504402161,0.3333333432674408,0.0444674976170063,2,0.21615545451641083
A,pcb3,ss2d_normal,54,1.0,0.3333333432674408,5.827301345452909e-38,2,0.471404492855072
A,pcb3,ss2d_abnormal,54,0.9999918937683105,0.3333333432674408,5.576110129637883e-35,2,0.4713987410068512
A,pcb3,final_normal,54,0.649910569190979,0.333333283662796,0.03441178426146507,2,0.2507098317146301
A,pcb3,final_abnormal,54,0.61055988073349,0.3333333432674408,0.04002074524760246,2,0.23244671523571014
A,pcb3,entropy_normal,18,0.7673681974411011,0.7625605463981628,0.7599923014640808,2,0.0021399199031293392
A,pcb3,entropy_abnormal,18,0.8039765357971191,0.7997186183929443,0.7974467873573303,2,0.0018944310722872615
A,pcb3,routing_l1,18,0.07870139181613922,0.07815416902303696,0.07714124768972397,2,0.00045186522766016424
A,pcb3,gap_ss2d_l1,18,0.7867772579193115,0.7810432314872742,0.7779765129089355,2,0.002552992897108197
A,pcb3,gap_normal,54,0.6418535709381104,0.3333333432674408,0.02102341130375862,3,0.24182188510894775
A,pcb3,gap_abnormal,54,0.581912636756897,0.3333333730697632,0.022546127438545227,3,0.22389152646064758
A,pcb3,ss2d_normal,54,1.0,0.3333333432674408,9.96323208134945e-43,3,0.471404492855072
A,pcb3,ss2d_abnormal,54,1.0,0.3333333432674408,1.1203941741662642e-40,3,0.471404492855072
A,pcb3,final_normal,54,0.5776681900024414,0.3333333432674408,0.11892107129096985,3,0.1771274358034134
A,pcb3,final_abnormal,54,0.5237213373184204,0.3333333432674408,0.12029151618480682,3,0.15723371505737305
A,pcb3,entropy_normal,18,0.961753249168396,0.9504678249359131,0.9320850372314453,3,0.011392997577786446
A,pcb3,entropy_abnormal,18,0.9826697111129761,0.974564790725708,0.9611835479736328,3,0.008352353237569332
A,pcb3,routing_l1,18,0.1078936904668808,0.09731152653694153,0.09075288474559784,3,0.0065272413194179535
A,pcb3,gap_ss2d_l1,18,1.9579532146453857,1.9405040740966797,1.9289649724960327,3,0.011028756387531757
H,pcb3,gap_normal,54,0.6300563216209412,0.3333333432674408,0.03261498734354973,1,0.24338555335998535
H,pcb3,gap_abnormal,54,0.5922361612319946,0.3333333432674408,0.030591262504458427,1,0.2309553176164627
H,pcb3,ss2d_normal,54,1.0,0.3333333432674408,6.761099737148452e-39,1,0.471404492855072
H,pcb3,ss2d_abnormal,54,0.9999983310699463,0.3333333432674408,6.56142591636988e-39,1,0.4714033007621765
H,pcb3,final_normal,54,0.6670507192611694,0.3333333432674408,0.029353488236665726,1,0.26067695021629333
H,pcb3,final_abnormal,54,0.6330123543739319,0.333333283662796,0.02753213606774807,1,0.24681633710861206
H,pcb3,entropy_normal,18,0.7393167018890381,0.7370596528053284,0.7355546951293945,1,0.0010181651450693607
H,pcb3,entropy_abnormal,18,0.7583409547805786,0.7564046382904053,0.7551130056381226,1,0.0008743300568312407
H,pcb3,routing_l1,18,0.07171933352947235,0.07142286747694016,0.07096871733665466,1,0.00020088964083697647
H,pcb3,gap_ss2d_l1,18,0.7444498538970947,0.7417116165161133,0.7398873567581177,1,0.0012340698158368468
H,pcb3,gap_normal,54,0.7472312450408936,0.333333283662796,0.005312420427799225,2,0.3074740171432495
H,pcb3,gap_abnormal,54,0.7470857501029968,0.333333283662796,0.007778155151754618,2,0.3066863417625427
H,pcb3,ss2d_normal,54,1.0,0.3333333432674408,0.0,2,0.471404492855072
H,pcb3,ss2d_abnormal,54,1.0,0.3333333432674408,0.0,2,0.471404492855072
H,pcb3,final_normal,54,0.6725081205368042,0.333333283662796,0.10478118062019348,2,0.24317899346351624
H,pcb3,final_abnormal,54,0.6723771691322327,0.3333333432674408,0.10700034350156784,2,0.24268905818462372
H,pcb3,entropy_normal,18,0.8460336327552795,0.8403747081756592,0.8376705646514893,2,0.0023374988231807947
H,pcb3,entropy_abnormal,18,0.8482789993286133,0.8423047661781311,0.8394553661346436,2,0.0024673850275576115
H,pcb3,routing_l1,18,0.0049938783049583435,0.0046143182553350925,0.0044383034110069275,2,0.00015464481839444488
H,pcb3,gap_ss2d_l1,18,1.989375114440918,1.9887940883636475,1.9875175952911377,2,0.0005163654568605125
H,pcb3,gap_normal,54,0.628251850605011,0.3333333432674408,0.025232797488570213,3,0.2319735586643219
H,pcb3,gap_abnormal,54,0.5930625796318054,0.3333333432674408,0.028696132823824883,3,0.21984922885894775
H,pcb3,ss2d_normal,54,1.0,0.3333333432674408,1.3132969207652186e-41,3,0.47086307406425476
H,pcb3,ss2d_abnormal,54,1.0,0.3333333432674408,3.1189260439863183e-39,3,0.46992844343185425
H,pcb3,final_normal,54,0.6629410982131958,0.3333333432674408,0.023638887330889702,3,0.23320844769477844
H,pcb3,final_abnormal,54,0.6316598653793335,0.3333333730697632,0.026856988668441772,3,0.2202967405319214
H,pcb3,entropy_normal,18,0.9783416390419006,0.8078983426094055,0.7248176336288452,3,0.08493084460496902
H,pcb3,entropy_abnormal,18,0.9927890300750732,0.832429051399231,0.7544846534729004,3,0.08044258505105972
H,pcb3,routing_l1,18,0.06706245243549347,0.056503720581531525,0.05296450853347778,3,0.004207461606711149
H,pcb3,gap_ss2d_l1,18,1.9492230415344238,1.0453113317489624,0.7213642001152039,3,0.4722811281681061
A,pcb3,gap_normal,54,0.6345352530479431,0.3333333432674408,0.02539932169020176,1,0.24820713698863983
A,pcb3,gap_abnormal,54,0.5635894536972046,0.3333333730697632,0.025306187570095062,1,0.22619430720806122
A,pcb3,ss2d_normal,54,1.0,0.3333333432674408,1.902183250934369e-36,1,0.471404492855072
A,pcb3,ss2d_abnormal,54,1.0,0.3333333432674408,3.445817048529087e-35,1,0.471404492855072
A,pcb3,final_normal,54,0.5710816979408264,0.3333333432674408,0.12285938858985901,1,0.1834932416677475
A,pcb3,final_abnormal,54,0.5072305202484131,0.3333333432674408,0.12277556955814362,1,0.1587611585855484
A,pcb3,entropy_normal,18,0.9417369961738586,0.9407172799110413,0.9399011135101318,1,0.0005045493016950786
A,pcb3,entropy_abnormal,18,0.9708645343780518,0.9702085852622986,0.9696853756904602,1,0.0003241744707338512
A,pcb3,routing_l1,18,0.12787003815174103,0.12726448476314545,0.12650853395462036,1,0.0003736020589713007
A,pcb3,gap_ss2d_l1,18,1.949201226234436,1.9484647512435913,1.9475376605987549,1,0.0004573347105178982
A,pcb3,gap_normal,54,0.6107997298240662,0.333333283662796,0.03834408149123192,2,0.2331068515777588
A,pcb3,gap_abnormal,54,0.5671204924583435,0.3333333432674408,0.04458439722657204,2,0.21604080498218536
A,pcb3,ss2d_normal,54,1.0,0.3333333432674408,5.828457136426284e-38,2,0.471404492855072
A,pcb3,ss2d_abnormal,54,0.9999918937683105,0.3333333432674408,5.57713122556079e-35,2,0.4713987410068512
A,pcb3,final_normal,54,0.649719774723053,0.3333333730697632,0.034509673714637756,2,0.25058358907699585
A,pcb3,final_abnormal,54,0.6104075908660889,0.3333333432674408,0.040125954896211624,2,0.2323373258113861
A,pcb3,entropy_normal,18,0.7691975831985474,0.7629308700561523,0.7603468894958496,2,0.0027490700595080853
A,pcb3,entropy_abnormal,18,0.8056000471115112,0.8000474572181702,0.7977595329284668,2,0.0024354523047804832
A,pcb3,routing_l1,18,0.07862421870231628,0.07807864248752594,0.07676471769809723,2,0.000576465914491564
A,pcb3,gap_ss2d_l1,18,0.7889543771743774,0.7814838290214539,0.7784005403518677,2,0.0032778193708509207
A,pcb3,gap_normal,54,0.6436671614646912,0.3333333432674408,0.02039520815014839,3,0.24289627373218536
A,pcb3,gap_abnormal,54,0.5832054615020752,0.3333333730697632,0.02187238819897175,3,0.2246932089328766
A,pcb3,ss2d_normal,54,1.0,0.3333333432674408,9.96323208134945e-43,3,0.471404492855072
A,pcb3,ss2d_abnormal,54,1.0,0.3333333432674408,1.1204782520741237e-40,3,0.471404492855072
A,pcb3,final_normal,54,0.5793004035949707,0.3333333432674408,0.11835569143295288,3,0.17817695438861847
A,pcb3,final_abnormal,54,0.5248848795890808,0.3333333432674408,0.11968515068292618,3,0.157997727394104
A,pcb3,entropy_normal,18,0.9604374766349792,0.9488063454627991,0.9304988980293274,3,0.011695124208927155
A,pcb3,entropy_abnormal,18,0.9819618463516235,0.9733489155769348,0.9600732326507568,3,0.008572481572628021
A,pcb3,routing_l1,18,0.10883105546236038,0.09826452285051346,0.09165367484092712,3,0.006701178848743439
A,pcb3,gap_ss2d_l1,18,1.9592095613479614,1.9421353340148926,1.9305813312530518,3,0.011207710020244122
H,pcb3,gap_normal,54,0.6302590370178223,0.3333333730697632,0.03252510353922844,1,0.24350474774837494
H,pcb3,gap_abnormal,54,0.5923956632614136,0.333333283662796,0.03050527162849903,1,0.23104891180992126
H,pcb3,ss2d_normal,54,1.0,0.3333333432674408,6.753521515053383e-39,1,0.471404492855072
H,pcb3,ss2d_abnormal,54,0.9999983310699463,0.3333333432674408,6.553971008539672e-39,1,0.4714033007621765
H,pcb3,final_normal,54,0.6672331690788269,0.333333283662796,0.029272591695189476,1,0.2607904374599457
H,pcb3,final_abnormal,54,0.6331559419631958,0.3333333432674408,0.027454743161797523,1,0.24690692126750946
H,pcb3,entropy_normal,18,0.739030122756958,0.736724853515625,0.7352218627929688,1,0.0009826176101341844
H,pcb3,entropy_abnormal,18,0.7580956220626831,0.7561175227165222,0.7548290491104126,1,0.0008430054294876754
H,pcb3,routing_l1,18,0.0717901885509491,0.07149043679237366,0.07103075832128525,1,0.0001958293723873794
H,pcb3,gap_ss2d_l1,18,0.74410080909729,0.7413053512573242,0.7394818663597107,1,0.0011917833471670747
H,pcb3,gap_normal,54,0.7469980716705322,0.3333333432674408,0.005337999202311039,2,0.30759090185165405
H,pcb3,gap_abnormal,54,0.7468481659889221,0.3333333432674408,0.007812604308128357,2,0.3068080544471741
H,pcb3,ss2d_normal,54,1.0,0.3333333432674408,0.0,2,0.471404492855072
H,pcb3,ss2d_abnormal,54,1.0,0.3333333432674408,0.0,2,0.471404492855072
H,pcb3,final_normal,54,0.67229825258255,0.333333283662796,0.10480420291423798,2,0.24329687654972076
H,pcb3,final_abnormal,54,0.6721633076667786,0.3333333730697632,0.10703134536743164,2,0.24281109869480133
H,pcb3,entropy_normal,18,0.8548145294189453,0.8401556015014648,0.8379198312759399,2,0.0037281017284840345
H,pcb3,entropy_abnormal,18,0.8576001524925232,0.8420755863189697,0.8397160768508911,2,0.0039470624178647995
H,pcb3,routing_l1,18,0.005632542073726654,0.004603215027600527,0.004454359412193298,2,0.00026011368026956916
H,pcb3,gap_ss2d_l1,18,1.9893240928649902,1.988823413848877,1.9852434396743774,2,0.0009012994123622775
H,pcb3,gap_normal,54,0.6073371767997742,0.3333333432674408,0.03466442599892616,3,0.22650229930877686
H,pcb3,gap_abnormal,54,0.5755996108055115,0.333333283662796,0.0390322245657444,3,0.21496540307998657
H,pcb3,ss2d_normal,54,1.0,0.3333333432674408,3.8496471411931375e-41,3,0.4713996350765228
H,pcb3,ss2d_abnormal,54,1.0,0.3333333432674408,8.830792345583849e-39,3,0.4713232219219208
H,pcb3,final_normal,54,0.6466026902198792,0.333333283662796,0.031197981908917427,3,0.2326146960258484
H,pcb3,final_abnormal,54,0.6180267333984375,0.3333333730697632,0.03512899950146675,3,0.22027716040611267
H,pcb3,entropy_normal,18,0.9990988969802856,0.8084747195243835,0.7550278306007385,3,0.07904833555221558
H,pcb3,entropy_abnormal,18,1.0110090970993042,0.8324048519134521,0.7823127508163452,3,0.07445555180311203
H,pcb3,routing_l1,18,0.057152003049850464,0.05370588228106499,0.04688765108585358,3,0.002150460612028837
H,pcb3,gap_ss2d_l1,18,1.926041603088379,0.9889248609542847,0.7853105068206787,3,0.40732279419898987
A,pcb3,gap_normal,54,0.6343774199485779,0.3333333432674408,0.02546236291527748,1,0.2482725828886032
A,pcb3,gap_abnormal,54,0.5634901523590088,0.3333333432674408,0.025368187576532364,1,0.2262367159128189
A,pcb3,ss2d_normal,54,1.0,0.3333333432674408,1.894882867088419e-36,1,0.471404492855072
A,pcb3,ss2d_abnormal,54,1.0,0.3333333432674408,3.4330114495476316e-35,1,0.471404492855072
A,pcb3,final_normal,54,0.5709396600723267,0.333333283662796,0.12291612476110458,1,0.18355728685855865
A,pcb3,final_abnormal,54,0.50714111328125,0.3333333730697632,0.12283136695623398,1,0.1588013768196106
A,pcb3,entropy_normal,18,0.9418086409568787,0.9406140446662903,0.9400414824485779,1,0.00047152218758128583
A,pcb3,entropy_abnormal,18,0.970910906791687,0.9701424837112427,0.9697750806808472,1,0.0003029387735296041
A,pcb3,routing_l1,18,0.12776660919189453,0.1273416429758072,0.1264563798904419,1,0.00034940900513902307
A,pcb3,gap_ss2d_l1,18,1.9490753412246704,1.9485583305358887,1.9474718570709229,1,0.0004273734230082482
A,pcb3,gap_normal,54,0.6108993887901306,0.3333333730697632,0.03829324617981911,2,0.23327194154262543
A,pcb3,gap_abnormal,54,0.5671989917755127,0.3333333432674408,0.04452967271208763,2,0.21618038415908813
A,pcb3,ss2d_normal,54,1.0,0.3333333432674408,5.82570106260665e-38,2,0.471404492855072
A,pcb3,ss2d_abnormal,54,0.9999918937683105,0.3333333432674408,5.574706194490368e-35,2,0.4713987410068512
A,pcb3,final_normal,54,0.6498094797134399,0.3333333432674408,0.03446391969919205,2,0.25074079632759094
A,pcb3,final_abnormal,54,0.6104782819747925,0.33333325386047363,0.04007670283317566,2,0.2324708104133606
A,pcb3,entropy_normal,18,0.7813911437988281,0.762472927570343,0.7601808309555054,2,0.004703812301158905
A,pcb3,entropy_abnormal,18,0.8164225816726685,0.7996432781219482,0.7976135015487671,2,0.004171586595475674
A,pcb3,routing_l1,18,0.07866232842206955,0.0781765729188919,0.07424051314592361,2,0.0009794924408197403
A,pcb3,gap_ss2d_l1,18,0.8034592866897583,0.7809358239173889,0.7782012224197388,2,0.005600892473012209
A,pcb3,gap_normal,54,0.6269362568855286,0.3333333432674408,0.02684948220849037,3,0.23794105648994446
A,pcb3,gap_abnormal,54,0.5713233351707458,0.3333333432674408,0.028453582897782326,3,0.22102729976177216
A,pcb3,ss2d_normal,54,1.0,0.3333333432674408,9.96323208134945e-43,3,0.471404492855072
A,pcb3,ss2d_abnormal,54,1.0,0.3333333432674408,1.1215011999530808e-40,3,0.471404492855072
A,pcb3,final_normal,54,0.5642426013946533,0.3333333432674408,0.12416453659534454,3,0.1733011156320572
A,pcb3,final_abnormal,54,0.5141909718513489,0.333333283662796,0.12560822069644928,3,0.15448136627674103
A,pcb3,entropy_normal,18,0.9595023393630981,0.956400990486145,0.9452605843544006,3,0.004254169296473265
A,pcb3,entropy_abnormal,18,0.9812456369400024,0.9788768291473389,0.9704034924507141,3,0.003252052003517747
A,pcb3,routing_l1,18,0.10010325908660889,0.09389150142669678,0.0921701192855835,3,0.0023628422059118748
A,pcb3,gap_ss2d_l1,18,1.946300983428955,1.9349288940429688,1.9316329956054688,3,0.004405899904668331
H,pcb3,gap_normal,54,0.6298916935920715,0.3333333432674408,0.0326894149184227,1,0.24341385066509247
H,pcb3,gap_abnormal,54,0.59210205078125,0.3333333432674408,0.030662240460515022,1,0.2309773862361908
H,pcb3,ss2d_normal,54,1.0,0.3333333432674408,6.753521515053383e-39,1,0.471404492855072
H,pcb3,ss2d_abnormal,54,0.9999983310699463,0.3333333432674408,6.554020053985924e-39,1,0.4714033007621765
H,pcb3,final_normal,54,0.6669025421142578,0.3333333432674408,0.02942047268152237,1,0.2607039213180542
H,pcb3,final_abnormal,54,0.6328916549682617,0.333333283662796,0.027596015483140945,1,0.24683769047260284
H,pcb3,entropy_normal,18,0.7390573024749756,0.7369801998138428,0.7358276844024658,1,0.0008284366922453046
H,pcb3,entropy_abnormal,18,0.7581222653388977,0.7563366889953613,0.7553486227989197,1,0.0007111459271982312
H,pcb3,routing_l1,18,0.07167063653469086,0.07144006341695786,0.071033775806427,1,0.0001639336405787617
H,pcb3,gap_ss2d_l1,18,0.7441308498382568,0.7416148781776428,0.7402166128158569,1,0.0010042558424174786
H,pcb3,gap_normal,54,0.7466332316398621,0.3333333730697632,0.005378263536840677,2,0.30773282051086426
H,pcb3,gap_abnormal,54,0.7464758157730103,0.3333333432674408,0.007866687141358852,2,0.30695924162864685
H,pcb3,ss2d_normal,54,1.0,0.3333333432674408,0.0,2,0.471404492855072
H,pcb3,ss2d_abnormal,54,1.0,0.3333333432674408,0.0,2,0.471404492855072
H,pcb3,final_normal,54,0.6719698905944824,0.3333333730697632,0.10484043508768082,2,0.24343717098236084
H,pcb3,final_abnormal,54,0.6718282103538513,0.33333325386047363,0.10708002001047134,2,0.2429591864347458
H,pcb3,entropy_normal,18,0.8423784971237183,0.8398898243904114,0.8383093476295471,2,0.0013488229596987367
H,pcb3,entropy_abnormal,18,0.8444145917892456,0.8417912125587463,0.8401240110397339,2,0.0014226814964786172
H,pcb3,routing_l1,18,0.004744961857795715,0.0045814430341124535,0.004479214549064636,2,8.808932034298778e-05
H,pcb3,gap_ss2d_l1,18,1.989243507385254,1.9889057874679565,1.988364338874817,2,0.0002916226221714169
H,pcb3,gap_normal,54,0.6267391443252563,0.333333283662796,0.02580331079661846,3,0.23196905851364136
H,pcb3,gap_abnormal,54,0.591890811920166,0.3333333432674408,0.029389258474111557,3,0.21985432505607605
H,pcb3,ss2d_normal,54,1.0,0.3333333432674408,2.1163250187311982e-40,3,0.4710596799850464
H,pcb3,ss2d_abnormal,54,1.0,0.3333333432674408,4.2229435232597113e-38,3,0.4703138768672943
H,pcb3,final_normal,54,0.6640622615814209,0.3333333730697632,0.02322297915816307,3,0.24129019677639008
H,pcb3,final_abnormal,54,0.632665753364563,0.3333333432674408,0.02645033225417137,3,0.22833099961280823
H,pcb3,entropy_normal,18,0.9748672246932983,0.784755289554596,0.7227520942687988,3,0.06653103232383728
H,pcb3,entropy_abnormal,18,0.9898195266723633,0.8104264736175537,0.7525869011878967,3,0.06291841715574265
H,pcb3,routing_l1,18,0.06320630013942719,0.056343402713537216,0.05383269488811493,3,0.003427373943850398
H,pcb3,gap_ss2d_l1,18,1.9356637001037598,0.918219804763794,0.7464628219604492,3,0.35663655400276184
A,pcb3,gap_normal,54,0.6340243816375732,0.3333333432674408,0.025603266432881355,1,0.248225599527359
A,pcb3,gap_abnormal,54,0.5632691383361816,0.33333325386047363,0.025507202371954918,1,0.22620642185211182
A,pcb3,ss2d_normal,54,1.0,0.3333333432674408,1.894001282198543e-36,1,0.471404492855072
A,pcb3,ss2d_abnormal,54,1.0,0.3333333432674408,3.431492720029919e-35,1,0.471404492855072
A,pcb3,final_normal,54,0.570621907711029,0.3333333730697632,0.12304294109344482,1,0.18351127207279205
A,pcb3,final_abnormal,54,0.5069422125816345,0.333333283662796,0.12295648455619812,1,0.15877263247966766
A,pcb3,entropy_normal,18,0.9420638084411621,0.9406881332397461,0.9403549432754517,1,0.00040115119190886617
A,pcb3,entropy_abnormal,18,0.9710753560066223,0.9701897501945496,0.9699757099151611,1,0.0002580279251560569
A,pcb3,routing_l1,18,0.12753233313560486,0.127285897731781,0.12626630067825317,1,0.0002975451061502099
A,pcb3,gap_ss2d_l1,18,1.9487934112548828,1.9484918117523193,1.947237491607666,1,0.0003649098507594317
A,pcb3,gap_normal,54,0.6108636260032654,0.3333333432674408,0.03831114247441292,2,0.23337827622890472
A,pcb3,gap_abnormal,54,0.5671714544296265,0.333333283662796,0.04454939067363739,2,0.2162751406431198
A,pcb3,ss2d_normal,54,1.0,0.3333333432674408,5.827301345452909e-38,2,0.471404492855072
A,pcb3,ss2d_abnormal,54,0.9999918937683105,0.3333333432674408,5.576110129637883e-35,2,0.4713987410068512
A,pcb3,final_normal,54,0.6497772932052612,0.333333283662796,0.034480027854442596,2,0.2508421242237091
A,pcb3,final_abnormal,54,0.6104534864425659,0.3333333432674408,0.04009445011615753,2,0.2325609028339386
A,pcb3,entropy_normal,18,0.7652140259742737,0.7621728777885437,0.7602397203445435,2,0.0016430862015113235
A,pcb3,entropy_abnormal,18,0.8020647764205933,0.7993748188018799,0.7976657748222351,2,0.0014540139818564057
A,pcb3,routing_l1,18,0.07864751666784286,0.07823486626148224,0.07758808135986328,2,0.0003480600717011839
A,pcb3,gap_ss2d_l1,18,0.7842106223106384,0.7805811166763306,0.7782727479934692,2,0.0019608556758612394
A,pcb3,gap_normal,54,0.6433244347572327,0.3333333432674408,0.020515838637948036,3,0.24144858121871948
A,pcb3,gap_abnormal,54,0.5829657912254333,0.3333333432674408,0.021992195397615433,3,0.22363847494125366
A,pcb3,ss2d_normal,54,1.0,0.3333333432674408,9.96323208134945e-43,3,0.471404492855072
A,pcb3,ss2d_abnormal,54,1.0,0.3333333432674408,1.1209546935519942e-40,3,0.471404492855072
A,pcb3,final_normal,54,0.5789919495582581,0.33333325386047363,0.11846425384283066,3,0.1767476499080658
A,pcb3,final_abnormal,54,0.5246691703796387,0.3333333432674408,0.11979297548532486,3,0.15698187053203583
A,pcb3,entropy_normal,18,0.9598084688186646,0.9510362148284912,0.9308010935783386,3,0.009866159409284592
A,pcb3,entropy_abnormal,18,0.9814795255661011,0.9749483466148376,0.9602745771408081,3,0.007256295531988144
A,pcb3,routing_l1,18,0.10864551365375519,0.09696677327156067,0.09200046956539154,3,0.005639625713229179
A,pcb3,gap_ss2d_l1,18,1.9589682817459106,1.9401130676269531,1.931289792060852,3,0.009596345946192741
H,pcb3,gap_normal,54,0.6304497718811035,0.3333333432674408,0.03243870660662651,1,0.24331359565258026
H,pcb3,gap_abnormal,54,0.592553436756134,0.33333343267440796,0.030422748997807503,1,0.23089809715747833
H,pcb3,ss2d_normal,54,1.0,0.3333333432674408,6.753056283963228e-39,1,0.471404492855072
H,pcb3,ss2d_abnormal,54,0.9999983310699463,0.3333333432674408,6.553570237178875e-39,1,0.4714033007621765
H,pcb3,final_normal,54,0.66740483045578,0.3333333432674408,0.02919483557343483,1,0.260608434677124
H,pcb3,final_abnormal,54,0.6332979202270508,0.3333333432674408,0.027380473911762238,1,0.24676097929477692
H,pcb3,entropy_normal,18,0.7415422797203064,0.7372626066207886,0.7349046468734741,1,0.0016946028918027878
H,pcb3,entropy_abnormal,18,0.7602590322494507,0.7565796971321106,0.7545535564422607,1,0.001456145546399057
H,pcb3,routing_l1,18,0.0718424916267395,0.07138445228338242,0.07054014503955841,1,0.0003336239606142044
H,pcb3,gap_ss2d_l1,18,0.7471411824226379,0.7419567108154297,0.739100456237793,1,0.002053172094747424
H,pcb3,gap_normal,54,0.7465772032737732,0.3333333432674408,0.005384454503655434,2,0.3068886697292328
H,pcb3,gap_abnormal,54,0.7464188933372498,0.3333333730697632,0.007875023409724236,2,0.3060702085494995
H,pcb3,ss2d_normal,54,1.0,0.3333333432674408,0.0,2,0.471404492855072
H,pcb3,ss2d_abnormal,54,1.0,0.3333333432674408,0.0,2,0.471404492855072
H,pcb3,final_normal,54,0.6719194650650024,0.3333333432674408,0.10484600812196732,2,0.24259552359580994
H,pcb3,final_abnormal,54,0.6717770099639893,0.3333333730697632,0.10708752274513245,2,0.24207967519760132
H,pcb3,entropy_normal,18,0.855721116065979,0.8414698839187622,0.8383691310882568,2,0.004015607293695211
H,pcb3,entropy_abnormal,18,0.858557939529419,0.8434627056121826,0.8401864171028137,2,0.004251240286976099
H,pcb3,routing_l1,18,0.005701884627342224,0.004690232221037149,0.004482962191104889,2,0.0002808389544952661
H,pcb3,gap_ss2d_l1,18,1.9892311096191406,1.9885321855545044,1.9849891662597656,2,0.0009747851290740073
H,pcb3,gap_normal,54,0.6263149380683899,0.3333333432674408,0.025965360924601555,3,0.2313404381275177
H,pcb3,gap_abnormal,54,0.5915625691413879,0.3333333432674408,0.02958514541387558,3,0.21927492320537567
H,pcb3,ss2d_normal,54,1.0,0.3333333432674408,3.464009803810948e-41,3,0.44560685753822327
H,pcb3,ss2d_abnormal,54,1.0,0.3333333432674408,8.011809063303067e-39,3,0.4434960186481476
H,pcb3,final_normal,54,0.663682222366333,0.3333333432674408,0.023368824273347855,3,0.22651317715644836
H,pcb3,final_abnormal,54,0.6323877573013306,0.3333333432674408,0.026626629754900932,3,0.2137805074453354
H,pcb3,entropy_normal,18,0.9981709718704224,0.8230880498886108,0.7234168648719788,3,0.09365866333246231
H,pcb3,entropy_abnormal,18,1.0102159976959229,0.8466719388961792,0.7532088756561279,3,0.0884132981300354
H,pcb3,routing_l1,18,0.07241960614919662,0.057206809520721436,0.0471106618642807,3,0.006291303317993879
H,pcb3,gap_ss2d_l1,18,1.9433892965316772,1.0083420276641846,0.07468253374099731,3,0.6082668900489807
A,pcb3,gap_normal,54,0.6343379616737366,0.33333325386047363,0.02547793835401535,1,0.24806229770183563
A,pcb3,gap_abnormal,54,0.5634657144546509,0.3333333432674408,0.02538376860320568,1,0.22609974443912506
A,pcb3,ss2d_normal,54,1.0,0.3333333432674408,1.9015882932375798e-36,1,0.471404492855072
A,pcb3,ss2d_abnormal,54,1.0,0.3333333432674408,3.4448180505224433e-35,1,0.471404492855072
A,pcb3,final_normal,54,0.5709041357040405,0.333333283662796,0.122930146753788,1,0.18335160613059998
A,pcb3,final_abnormal,54,0.5071191191673279,0.333333283662796,0.12284539639949799,1,0.15867146849632263
A,pcb3,entropy_normal,18,0.9428495168685913,0.9409457445144653,0.9400763511657715,1,0.0007341637392528355
A,pcb3,entropy_abnormal,18,0.9715862274169922,0.9703558683395386,0.9697975516319275,1,0.00047325179912149906
A,pcb3,routing_l1,18,0.12773960828781128,0.12709645926952362,0.12569496035575867,1,0.000541296845767647
A,pcb3,gap_ss2d_l1,18,1.949044108390808,1.9482563734054565,1.9465104341506958,1,0.0006698418292216957
A,pcb3,gap_normal,54,0.6106541156768799,0.333333283662796,0.03841870278120041,2,0.23269006609916687
A,pcb3,gap_abnormal,54,0.5670045018196106,0.3333333730697632,0.04466499388217926,2,0.21567986905574799
A,pcb3,ss2d_normal,54,1.0,0.3333333432674408,5.829657768950518e-38,2,0.471404492855072
A,pcb3,ss2d_abnormal,54,0.9999918937683105,0.3333333432674408,5.578152321483697e-35,2,0.4713987410068512
A,pcb3,final_normal,54,0.6495887041091919,0.3333333730697632,0.03457683324813843,2,0.250186562538147
A,pcb3,final_abnormal,54,0.6103032231330872,0.3333333432674408,0.040198493748903275,2,0.2319934219121933
A,pcb3,entropy_normal,18,0.7820183634757996,0.7640946507453918,0.7605900764465332,2,0.005089308135211468
A,pcb3,entropy_abnormal,18,0.8169795274734497,0.8010793924331665,0.797974705696106,2,0.004513307008892298
A,pcb3,routing_l1,18,0.0785708874464035,0.0778358206152916,0.07410919666290283,2,0.0010589318117126822
A,pcb3,gap_ss2d_l1,18,0.8042057752609253,0.7828695774078369,0.7786917686462402,2,0.006059620995074511
A,pcb3,gap_normal,54,0.6421856880187988,0.3333333432674408,0.020916985347867012,3,0.24401730298995972
A,pcb3,gap_abnormal,54,0.5821603536605835,0.333333283662796,0.022403640672564507,3,0.22554771602153778
A,pcb3,ss2d_normal,54,1.0,0.3333333432674408,9.977245065992698e-43,3,0.471404492855072
A,pcb3,ss2d_abnormal,54,1.0,0.3333333432674408,1.1223139530623892e-40,3,0.471404492855072
A,pcb3,final_normal,54,0.57796710729599,0.3333333432674408,0.1188252866268158,3,0.17926698923110962
A,pcb3,final_abnormal,54,0.5239443182945251,0.3333333730697632,0.12016327679157257,3,0.15880751609802246
A,pcb3,entropy_normal,18,0.9590271711349487,0.9470618367195129,0.9318026304244995,3,0.011416676454246044
A,pcb3,entropy_abnormal,18,0.9808832406997681,0.9720466136932373,0.9609582424163818,3,0.008373805321753025
A,pcb3,routing_l1,18,0.10804562270641327,0.09925127774477005,0.09243364632129669,3,0.006539592053741217
A,pcb3,gap_ss2d_l1,18,1.9581661224365234,1.9438855648040771,1.932163953781128,3,0.010963760316371918
H,pcb3,gap_normal,54,0.6301612854003906,0.3333333432674408,0.032568685710430145,1,0.24342481791973114
H,pcb3,gap_abnormal,54,0.5923181772232056,0.3333333432674408,0.030546758323907852,1,0.23098617792129517
H,pcb3,ss2d_normal,54,1.0,0.3333333432674408,6.760170676266605e-39,1,0.471404492855072
H,pcb3,ss2d_abnormal,54,0.9999983310699463,0.3333333432674408,6.560624373648286e-39,1,0.4714033007621765
H,pcb3,final_normal,54,0.6671451926231384,0.333333283662796,0.02931181713938713,1,0.2607143223285675
H,pcb3,final_abnormal,54,0.6330862045288086,0.3333333730697632,0.027492081746459007,1,0.24684619903564453
H,pcb3,entropy_normal,18,0.7389353513717651,0.7369493842124939,0.7353829145431519,1,0.0010162896942347288
H,pcb3,entropy_abnormal,18,0.75801682472229,0.7563099265098572,0.7549663782119751,1,0.0008722098427824676
H,pcb3,routing_l1,18,0.07175744324922562,0.07144488394260406,0.07105712592601776,1,0.0002014976053033024
H,pcb3,gap_ss2d_l1,18,0.7439833879470825,0.7415778636932373,0.7396774291992188,1,0.0012322388356551528
H,pcb3,gap_normal,54,0.746711254119873,0.3333333432674408,0.005369431339204311,2,0.3077302873134613
H,pcb3,gap_abnormal,54,0.7465585470199585,0.3333333432674408,0.007854956202208996,2,0.30695661902427673
H,pcb3,ss2d_normal,54,1.0,0.3333333432674408,0.0,2,0.471404492855072
H,pcb3,ss2d_abnormal,54,1.0,0.3333333432674408,0.0,2,0.471404492855072
H,pcb3,final_normal,54,0.6720401048660278,0.3333333432674408,0.1048324927687645,2,0.2434346079826355
H,pcb3,final_abnormal,54,0.6719026565551758,0.3333333432674408,0.1070694625377655,2,0.24295666813850403
H,pcb3,entropy_normal,18,0.8436437249183655,0.839894711971283,0.8382259011268616,2,0.001473700045607984
H,pcb3,entropy_abnormal,18,0.8457550406455994,0.8417961001396179,0.8400337100028992,2,0.0015553407138213515
H,pcb3,routing_l1,18,0.00482960045337677,0.004581869579851627,0.00447382777929306,2,9.66206644079648e-05
H,pcb3,gap_ss2d_l1,18,1.9892610311508179,1.9889041185379028,1.9880766868591309,2,0.00032090937020257115
H,pcb3,gap_normal,54,0.6282824277877808,0.3333333432674408,0.02519305609166622,3,0.23317605257034302
H,pcb3,gap_abnormal,54,0.5931418538093567,0.3333333432674408,0.028694208711385727,3,0.22090351581573486
H,pcb3,ss2d_normal,54,0.999991774559021,0.3333333432674408,2.7726469888438555e-28,3,0.46752771735191345
H,pcb3,ss2d_abnormal,54,0.9998626708984375,0.3333333432674408,1.2664860617880042e-26,3,0.46460795402526855
H,pcb3,final_normal,54,0.665284276008606,0.33333340287208557,0.022673750296235085,3,0.24988143146038055
H,pcb3,final_abnormal,54,0.6330632567405701,0.3333333730697632,0.025824787095189095,3,0.23658688366413116
H,pcb3,entropy_normal,18,0.7754294872283936,0.7592504024505615,0.7203953266143799,3,0.021595096215605736
H,pcb3,entropy_abnormal,18,0.8012336492538452,0.7864890098571777,0.7507343292236328,3,0.01967521756887436
H,pcb3,routing_l1,18,0.0733516663312912,0.05763030797243118,0.053898610174655914,3,0.005595865193754435
H,pcb3,gap_ss2d_l1,18,0.8093494772911072,0.7777811884880066,0.5712992548942566,3,0.05736425891518593
A,pcb3,gap_normal,54,0.6342927813529968,0.33333325386047363,0.025496123358607292,1,0.24822306632995605
A,pcb3,gap_abnormal,54,0.5634369254112244,0.3333333432674408,0.025401493534445763,1,0.22620469331741333
A,pcb3,ss2d_normal,54,1.0,0.3333333432674408,1.9046520473584287e-36,1,0.471404492855072
A,pcb3,ss2d_abnormal,54,1.0,0.3333333432674408,3.4501310209611086e-35,1,0.471404492855072
A,pcb3,final_normal,54,0.5708634853363037,0.3333333730697632,0.12294651567935944,1,0.18350882828235626
A,pcb3,final_abnormal,54,0.5070931911468506,0.3333333432674408,0.1228613406419754,1,0.15877102315425873
A,pcb3,entropy_normal,18,0.9418177604675293,0.9406921863555908,0.9401166439056396,1,0.0005054306238889694
A,pcb3,entropy_abnormal,18,0.9709171056747437,0.9701923727989197,0.9698232412338257,1,0.0003249956644140184
A,pcb3,routing_l1,18,0.12771090865135193,0.1272827535867691,0.1264515519142151,1,0.00037388945929706097
A,pcb3,gap_ss2d_l1,18,1.9490076303482056,1.9484877586364746,1.9474632740020752,1,0.0004586763388942927
A,pcb3,gap_normal,54,0.6108968257904053,0.3333333432674408,0.038294218480587006,2,0.23342512547969818
A,pcb3,gap_abnormal,54,0.5671979188919067,0.3333333432674408,0.04453094303607941,2,0.2163148820400238
A,pcb3,ss2d_normal,54,1.0,0.3333333432674408,5.827479030098185e-38,2,0.471404492855072
A,pcb3,ss2d_abnormal,54,0.9999918937683105,0.3333333432674408,5.5763230731946e-35,2,0.4713987410068512
A,pcb3,final_normal,54,0.6498071551322937,0.333333283662796,0.034464795142412186,2,0.25088679790496826
A,pcb3,final_abnormal,54,0.6104773283004761,0.33333340287208557,0.04007784649729729,2,0.23259881138801575
A,pcb3,entropy_normal,18,0.7674915790557861,0.7620425224304199,0.7601844072341919,2,0.0018773924093693495
A,pcb3,entropy_abnormal,18,0.8040854930877686,0.7992603182792664,0.7976165413856506,2,0.0016624542186036706
A,pcb3,routing_l1,18,0.07865970581769943,0.07826412469148636,0.07711697369813919,2,0.00039560499135404825
A,pcb3,gap_ss2d_l1,18,0.7869231700897217,0.780424952507019,0.7782062888145447,2,0.002239566994830966
A,pcb3,gap_normal,54,0.6427823901176453,0.333333283662796,0.020705154165625572,3,0.24204276502132416
A,pcb3,gap_abnormal,54,0.5825780034065247,0.3333333730697632,0.022191179916262627,3,0.22405655682086945
A,pcb3,ss2d_normal,54,1.0,0.3333333432674408,9.96323208134945e-43,3,0.471404492855072
A,pcb3,ss2d_abnormal,54,1.0,0.3333333432674408,1.1211929142909294e-40,3,0.471404492855072
A,pcb3,final_normal,54,0.5785041451454163,0.3333333432674408,0.11863464117050171,3,0.17733849585056305
A,pcb3,final_abnormal,54,0.5243201851844788,0.3333333432674408,0.11997206509113312,3,0.15738831460475922
A,pcb3,entropy_normal,18,0.9596771597862244,0.950124979019165,0.9312769174575806,3,0.011091583408415318
A,pcb3,entropy_abnormal,18,0.9813795685768127,0.9743162989616394,0.9606049060821533,3,0.008126783184707165
A,pcb3,routing_l1,18,0.10836802423000336,0.0975099503993988,0.09207433462142944,3,0.006358600687235594
A,pcb3,gap_ss2d_l1,18,1.9585896730422974,1.9408961534500122,1.9314372539520264,3,0.010624928399920464
H,pcb3,gap_normal,54,0.6300408840179443,0.333333283662796,0.03262197598814964,1,0.24325498938560486
H,pcb3,gap_abnormal,54,0.592223584651947,0.3333333432674408,0.030597928911447525,1,0.23085224628448486
H,pcb3,ss2d_normal,54,1.0,0.3333333432674408,6.760170676266605e-39,1,0.471404492855072
H,pcb3,ss2d_abnormal,54,0.9999983310699463,0.3333333432674408,6.560473033414139e-39,1,0.4714033007621765
H,pcb3,final_normal,54,0.6670368313789368,0.3333333432674408,0.02935977838933468,1,0.26055261492729187
H,pcb3,final_abnormal,54,0.6330010294914246,0.3333333730697632,0.027538135647773743,1,0.24671654403209686
H,pcb3,entropy_normal,18,0.7394735813140869,0.7374265193939209,0.735580325126648,1,0.0010225744917988777
H,pcb3,entropy_abnormal,18,0.758478581905365,0.7567200660705566,0.755135178565979,1,0.0008777020848356187
H,pcb3,routing_l1,18,0.0717162936925888,0.0713520348072052,0.07094800472259521,1,0.00020262328325770795
H,pcb3,gap_ss2d_l1,18,0.7446363568305969,0.7421559691429138,0.7399182319641113,1,0.0012397535610944033
H,pcb3,gap_normal,54,0.7465202808380127,0.333333283662796,0.005391024053096771,2,0.30702340602874756
H,pcb3,gap_abnormal,54,0.7463572025299072,0.3333333432674408,0.007883629761636257,2,0.3062130808830261
H,pcb3,ss2d_normal,54,1.0,0.3333333432674408,0.0,2,0.471404492855072
H,pcb3,ss2d_abnormal,54,1.0,0.3333333432674408,0.0,2,0.471404492855072
H,pcb3,final_normal,54,0.6718682646751404,0.3333333432674408,0.10485192388296127,2,0.2427285760641098
H,pcb3,final_abnormal,54,0.6717214584350586,0.3333333432674408,0.10709527134895325,2,0.24221952259540558
H,pcb3,entropy_normal,18,0.845900297164917,0.841218113899231,0.8384299874305725,2,0.0019965916872024536
H,pcb3,entropy_abnormal,18,0.8481487035751343,0.8431945443153381,0.8402537107467651,2,0.0021084772888571024
H,pcb3,routing_l1,18,0.004984013736248016,0.004669079557061195,0.004486687481403351,2,0.00013250835763756186
H,pcb3,gap_ss2d_l1,18,1.98921799659729,1.9886133670806885,1.9875478744506836,2,0.00044350759708322585
H,pcb3,gap_normal,54,0.6235566735267639,0.3333333432674408,0.027125148102641106,3,0.23499228060245514
H,pcb3,gap_abnormal,54,0.5892428159713745,0.3333333432674408,0.030851177871227264,3,0.22257232666015625
H,pcb3,ss2d_normal,54,1.0,0.3333333432674408,1.597620379176724e-41,3,0.4713526964187622
H,pcb3,ss2d_abnormal,54,1.0,0.3333333432674408,3.8243326844351096e-39,3,0.47103962302207947
H,pcb3,final_normal,54,0.6611998081207275,0.333333283662796,0.02441263198852539,3,0.22804035246372223
H,pcb3,final_abnormal,54,0.6303005218505859,0.3333333432674408,0.027766060084104538,3,0.21491903066635132
H,pcb3,entropy_normal,18,0.9747942686080933,0.8223941326141357,0.727960467338562,3,0.09990362823009491
H,pcb3,entropy_abnormal,18,0.9897363185882568,0.8463302850723267,0.75737464427948,3,0.09469033777713776
H,pcb3,routing_l1,18,0.06192231923341751,0.057789430022239685,0.05382807180285454,3,0.0032895884942263365
H,pcb3,gap_ss2d_l1,18,1.9443081617355347,1.164768934249878,0.7528632879257202,3,0.5413552522659302
A,pcb3,gap_normal,54,0.6342809796333313,0.333333283662796,0.025500858202576637,1,0.24814631044864655
A,pcb3,gap_abnormal,54,0.5634292960166931,0.3333333730697632,0.025406187400221825,1,0.22615495324134827
A,pcb3,ss2d_normal,54,1.0,0.3333333432674408,1.9022268369218033e-36,1,0.471404492855072
A,pcb3,ss2d_abnormal,54,1.0,0.3333333432674408,3.445817048529087e-35,1,0.471404492855072
A,pcb3,final_normal,54,0.5708528757095337,0.333333283662796,0.12295077741146088,1,0.1834336221218109
A,pcb3,final_abnormal,54,0.5070863366127014,0.3333333432674408,0.12286557257175446,1,0.15872377157211304
A,pcb3,entropy_normal,18,0.9416757225990295,0.9408130645751953,0.9401271343231201,1,0.00036977295530959964
A,pcb3,entropy_abnormal,18,0.9708249568939209,0.9702699184417725,0.9698300957679749,1,0.00023764198704157025
A,pcb3,routing_l1,18,0.127703458070755,0.1271931529045105,0.12655502557754517,1,0.00027380758547224104
A,pcb3,gap_ss2d_l1,18,1.948998212814331,1.9483786821365356,1.9475935697555542,1,0.00033549050567671657
A,pcb3,gap_normal,54,0.6106398105621338,0.3333333432674408,0.03842616453766823,2,0.23287063837051392
A,pcb3,gap_abnormal,54,0.5669927000999451,0.3333333730697632,0.044672995805740356,2,0.21583834290504456
A,pcb3,ss2d_normal,54,1.0,0.3333333432674408,5.828590540040088e-38,2,0.471404492855072
A,pcb3,ss2d_abnormal,54,0.9999918937683105,0.3333333432674408,5.577258647311709e-35,2,0.4713987410068512
A,pcb3,final_normal,54,0.6495758295059204,0.333333283662796,0.034583546221256256,2,0.25035861134529114
A,pcb3,final_abnormal,54,0.6102926135063171,0.3333333432674408,0.0402056947350502,2,0.23214419186115265
A,pcb3,entropy_normal,18,0.7696270942687988,0.7635883688926697,0.7606140971183777,2,0.002469706814736128
A,pcb3,entropy_abnormal,18,0.8059794902801514,0.8006290793418884,0.7979961633682251,2,0.0021874106023460627
A,pcb3,routing_l1,18,0.07856646180152893,0.07793879508972168,0.07667480409145355,2,0.0005189731018617749
A,pcb3,gap_ss2d_l1,18,0.7894653081893921,0.7822688221931458,0.7787203192710876,2,0.002944891806691885
A,pcb3,gap_normal,54,0.6413508653640747,0.333333283662796,0.021196790039539337,3,0.24535530805587769
A,pcb3,gap_abnormal,54,0.5815527439117432,0.3333333432674408,0.022740427404642105,3,0.22659243643283844
A,pcb3,ss2d_normal,54,1.0,0.3333333432674408,9.96323208134945e-43,3,0.471404492855072
A,pcb3,ss2d_abnormal,54,1.0,0.3333333432674408,1.120492265058767e-40,3,0.471404492855072
A,pcb3,final_normal,54,0.5772157907485962,0.333333283662796,0.11907711625099182,3,0.18055452406406403
A,pcb3,final_abnormal,54,0.5233974456787109,0.333333283662796,0.12046638131141663,3,0.15978780388832092
A,pcb3,entropy_normal,18,0.9603461027145386,0.9449622631072998,0.9325219392776489,3,0.00956999696791172
A,pcb3,entropy_abnormal,18,0.9818915724754333,0.9704465866088867,0.9614980220794678,3,0.007045871112495661
A,pcb3,routing_l1,18,0.10763666033744812,0.10042127966880798,0.0917041152715683,3,0.005467296112328768
A,pcb3,gap_ss2d_l1,18,1.957606554031372,1.9461216926574707,1.9306840896606445,3,0.009295949712395668
H,pcb3,gap_normal,54,0.6304474472999573,0.3333333730697632,0.032440777868032455,1,0.2434096485376358
H,pcb3,gap_abnormal,54,0.5925472974777222,0.333333283662796,0.03042476996779442,1,0.23097391426563263
H,pcb3,ss2d_normal,54,1.0,0.3333333432674408,6.761615414983324e-39,1,0.471404492855072
H,pcb3,ss2d_abnormal,54,0.9999983310699463,0.3333333432674408,6.561825286432213e-39,1,0.4714033007621765
H,pcb3,final_normal,54,0.6674026846885681,0.333333283662796,0.02919670008122921,1,0.2606998383998871
H,pcb3,final_abnormal,54,0.6332923769950867,0.3333333432674408,0.027382291853427887,1,0.24683435261249542
H,pcb3,entropy_normal,18,0.7401692867279053,0.7369924187660217,0.7349107265472412,1,0.001372222090139985
H,pcb3,entropy_abnormal,18,0.7590752840042114,0.7563474178314209,0.7545616626739502,1,0.0011785222450271249
H,pcb3,routing_l1,18,0.07184942066669464,0.07143720984458923,0.07080405950546265,1,0.00027031006175093353
H,pcb3,gap_ss2d_l1,18,0.7454811930656433,0.7416296601295471,0.7391051650047302,1,0.0016631247708573937
H,pcb3,gap_normal,54,0.7471808791160583,0.333333283662796,0.0053178356029093266,2,0.3068292438983917
H,pcb3,gap_abnormal,54,0.7470356822013855,0.3333333432674408,0.007785559166222811,2,0.3060075044631958
H,pcb3,ss2d_normal,54,1.0,0.3333333432674408,0.0,2,0.471404492855072
H,pcb3,ss2d_abnormal,54,1.0,0.3333333432674408,0.0,2,0.471404492855072
H,pcb3,final_normal,54,0.6724627614021301,0.3333333432674408,0.10478605329990387,2,0.24253591895103455
H,pcb3,final_abnormal,54,0.6723321080207825,0.3333333432674408,0.10700700432062149,2,0.24201719462871552
H,pcb3,entropy_normal,18,0.8523459434509277,0.8415808081626892,0.8377243280410767,2,0.003812042996287346
H,pcb3,entropy_abnormal,18,0.8549766540527344,0.8435803651809692,0.8395103812217712,2,0.004032161086797714
H,pcb3,routing_l1,18,0.005446970462799072,0.00469697080552578,0.00444195419549942,2,0.0002600835869088769
H,pcb3,gap_ss2d_l1,18,1.9893642663955688,1.9885114431381226,1.9859182834625244,2,0.0008878689259290695
H,pcb3,gap_normal,54,0.626153290271759,0.3333333432674408,0.026035819202661514,3,0.23079562187194824
H,pcb3,gap_abnormal,54,0.5914167761802673,0.3333333432674408,0.029658695682883263,3,0.21883194148540497
H,pcb3,ss2d_normal,54,1.0,0.3333333432674408,1.088248387394653e-41,3,0.4713965356349945
H,pcb3,ss2d_abnormal,54,1.0,0.3333333432674408,2.6423976856110924e-39,3,0.4713338315486908
H,pcb3,final_normal,54,0.6635366678237915,0.3333333432674408,0.023432236164808273,3,0.21567249298095703
H,pcb3,final_abnormal,54,0.6322559118270874,0.33333325386047363,0.02669282630085945,3,0.20305755734443665
H,pcb3,entropy_normal,18,0.9827368259429932,0.8543746471405029,0.7236906886100769,3,0.1036539077758789
H,pcb3,entropy_abnormal,18,0.9966493844985962,0.8762655854225159,0.7534589171409607,3,0.09805746376514435
H,pcb3,routing_l1,18,0.06256143003702164,0.05581560358405113,0.051599159836769104,3,0.003219891106709838
H,pcb3,gap_ss2d_l1,18,1.9459507465362549,1.2950941324234009,0.7476679086685181,3,0.5601977109909058
A,pcb3,gap_normal,54,0.6346582174301147,0.3333333432674408,0.025350455194711685,1,0.2481391876935959
A,pcb3,gap_abnormal,54,0.5636662840843201,0.333333283662796,0.025258000940084457,1,0.22614996135234833
A,pcb3,ss2d_normal,54,1.0,0.3333333432674408,1.8953746892182338e-36,1,0.471404492855072
A,pcb3,ss2d_abnormal,54,1.0,0.3333333432674408,3.4338758511552187e-35,1,0.471404492855072
A,pcb3,final_normal,54,0.5711923837661743,0.3333333432674408,0.12281540781259537,1,0.18342682719230652
A,pcb3,final_abnormal,54,0.5072996616363525,0.3333333432674408,0.12273219972848892,1,0.15871912240982056
A,pcb3,entropy_normal,18,0.9428250789642334,0.9408243894577026,0.9397919178009033,1,0.0006827489123679698
A,pcb3,entropy_abnormal,18,0.9715695977210999,0.9702777862548828,0.9696156978607178,1,0.0004394734569359571
A,pcb3,routing_l1,18,0.12795183062553406,0.12718512117862701,0.12571009993553162,1,0.0005051324842497706
A,pcb3,gap_ss2d_l1,18,1.9492990970611572,1.9483667612075806,1.9465335607528687,1,0.000621641636826098
A,pcb3,gap_normal,54,0.6109194755554199,0.333333283662796,0.03828249126672745,2,0.2326342612504959
A,pcb3,gap_abnormal,54,0.5672164559364319,0.3333333432674408,0.04451824724674225,2,0.215632826089859
A,pcb3,ss2d_normal,54,1.0,0.3333333432674408,5.827745837325793e-38,2,0.471404492855072
A,pcb3,ss2d_abnormal,54,0.9999918937683105,0.3333333432674408,5.576535442779465e-35,2,0.4713987410068512
A,pcb3,final_normal,54,0.6498275399208069,0.333333283662796,0.03445424139499664,2,0.2501334547996521
A,pcb3,final_abnormal,54,0.6104939579963684,0.3333333432674408,0.040066421031951904,2,0.23194843530654907
A,pcb3,entropy_normal,18,0.7775206565856934,0.7642490863800049,0.7601463794708252,2,0.0044168089516460896
A,pcb3,entropy_abnormal,18,0.812987208366394,0.801215648651123,0.7975825071334839,2,0.003915055654942989
A,pcb3,routing_l1,18,0.0786670595407486,0.0778028592467308,0.07503947615623474,2,0.0009230256546288729
A,pcb3,gap_ss2d_l1,18,0.7988582849502563,0.7830542922019958,0.7781610488891602,2,0.005262329243123531
A,pcb3,gap_normal,54,0.6415715217590332,0.3333333432674408,0.021124379709362984,3,0.2443976253271103
A,pcb3,gap_abnormal,54,0.5817140340805054,0.3333333432674408,0.02264862321317196,3,0.22588159143924713
A,pcb3,ss2d_normal,54,1.0,0.3333333432674408,9.977245065992698e-43,3,0.471404492855072
A,pcb3,ss2d_abnormal,54,1.0,0.3333333432674408,1.1218655375538053e-40,3,0.471404492855072
A,pcb3,final_normal,54,0.577414333820343,0.333333283662796,0.11901193857192993,3,0.17961925268173218
A,pcb3,final_abnormal,54,0.5235426425933838,0.3333333432674408,0.12038376182317734,3,0.15911027789115906
A,pcb3,entropy_normal,18,0.9593731164932251,0.9464585185050964,0.9323334693908691,3,0.009549385868012905
A,pcb3,entropy_abnormal,18,0.981148362159729,0.9715350270271301,0.9613525867462158,3,0.007033646572381258
A,pcb3,routing_l1,18,0.10774340480566025,0.09955880045890808,0.09224294126033783,3,0.00545481126755476
A,pcb3,gap_ss2d_l1,18,1.9577512741088867,1.9446868896484375,1.9317779541015625,3,0.009279189631342888
H,pcb3,gap_normal,54,0.6301982402801514,0.3333333432674408,0.032551124691963196,1,0.24342074990272522
H,pcb3,gap_abnormal,54,0.5923513174057007,0.3333333432674408,0.030530216172337532,1,0.2309829443693161
H,pcb3,ss2d_normal,54,1.0,0.3333333432674408,6.757180305343736e-39,1,0.471404492855072
H,pcb3,ss2d_abnormal,54,0.9999983310699463,0.3333333432674408,6.557521898848271e-39,1,0.4714033007621765
H,pcb3,final_normal,54,0.6671784520149231,0.333333283662796,0.029296010732650757,1,0.2607104480266571
H,pcb3,final_abnormal,54,0.6331160068511963,0.3333333432674408,0.027477193623781204,1,0.24684308469295502
H,pcb3,entropy_normal,18,0.738545835018158,0.7369608283042908,0.7353197336196899,1,0.0009575195144861937
H,pcb3,entropy_abnormal,18,0.7576815485954285,0.7563197612762451,0.7549103498458862,1,0.0008221802418120205
H,pcb3,routing_l1,18,0.07176245748996735,0.07144278287887573,0.0711328536272049,1,0.00018822270794771612
H,pcb3,gap_ss2d_l1,18,0.7435117959976196,0.74159175157547,0.7396035194396973,1,0.0011604581959545612
H,pcb3,gap_normal,54,0.7465276718139648,0.3333333432674408,0.00539014907553792,2,0.30711591243743896
H,pcb3,gap_abnormal,54,0.7463653683662415,0.333333283662796,0.007882531732320786,2,0.306310772895813
H,pcb3,ss2d_normal,54,1.0,0.3333333432674408,0.0,2,0.471404492855072
H,pcb3,ss2d_abnormal,54,1.0,0.3333333432674408,0.0,2,0.471404492855072
H,pcb3,final_normal,54,0.6718748807907104,0.3333333730697632,0.104851134121418,2,0.24282099306583405
H,pcb3,final_abnormal,54,0.671728789806366,0.333333283662796,0.10709428042173386,2,0.24231642484664917
H,pcb3,entropy_normal,18,0.8463724851608276,0.8410451412200928,0.8384221196174622,2,0.002069168956950307
H,pcb3,entropy_abnormal,18,0.8486396074295044,0.8430110812187195,0.8402448892593384,2,0.0021842452697455883
H,pcb3,routing_l1,18,0.005017384886741638,0.004657834302634001,0.004486307501792908,2,0.0001372730766888708
H,pcb3,gap_ss2d_l1,18,1.9892196655273438,1.9886506795883179,1.9874358177185059,2,0.0004592347249854356
H,pcb3,gap_normal,54,0.6261090636253357,0.3333333730697632,0.026095977053046227,3,0.23099571466445923
H,pcb3,gap_abnormal,54,0.5912978649139404,0.3333333432674408,0.029662277549505234,3,0.21893586218357086
H,pcb3,ss2d_normal,54,1.0,0.3333333432674408,1.8209873543900998e-41,3,0.47116950154304504
H,pcb3,ss2d_abnormal,54,1.0,0.3333333432674408,4.3378371053884745e-39,3,0.4706639349460602
H,pcb3,final_normal,54,0.6630318760871887,0.3333333432674408,0.02348637953400612,3,0.21603962779045105
H,pcb3,final_abnormal,54,0.6305394768714905,0.3333333432674408,0.02669604867696762,3,0.203304260969162
H,pcb3,entropy_normal,18,1.009232997894287,0.8535036444664001,0.7242096662521362,3,0.10602791607379913
H,pcb3,entropy_abnormal,18,1.0200347900390625,0.8755347728729248,0.7545199990272522,3,0.10014861822128296
H,pcb3,routing_l1,18,0.06498484313488007,0.056123871356248856,0.04390701651573181,3,0.005424025468528271
H,pcb3,gap_ss2d_l1,18,1.947318196296692,1.2914927005767822,0.7384570837020874,3,0.560433566570282
A,pcb3,gap_normal,54,0.6344915628433228,0.3333333730697632,0.025416746735572815,1,0.2482093870639801
A,pcb3,gap_abnormal,54,0.5635616779327393,0.3333333432674408,0.02532343752682209,1,0.2261957824230194
A,pcb3,ss2d_normal,54,1.0,0.3333333432674408,1.895446794432014e-36,1,0.471404492855072
A,pcb3,ss2d_abnormal,54,1.0,0.3333333432674408,3.434033119442389e-35,1,0.471404492855072
A,pcb3,final_normal,54,0.5710424184799194,0.3333333730697632,0.12287507206201553,1,0.183495432138443
A,pcb3,final_abnormal,54,0.5072054862976074,0.3333333432674408,0.1227910965681076,1,0.15876252949237823
A,pcb3,entropy_normal,18,0.9414746761322021,0.94071364402771,0.9399398565292358,1,0.00048104574671015143
A,pcb3,entropy_abnormal,18,0.9706954956054688,0.9702062606811523,0.9697103500366211,1,0.0003087265940848738
A,pcb3,routing_l1,18,0.12784186005592346,0.12726718187332153,0.12670427560806274,1,0.00035720158484764397
A,pcb3,gap_ss2d_l1,18,1.9491664171218872,1.9484680891036987,1.947777271270752,1,0.00043524245847947896
A,pcb3,gap_normal,54,0.6107838749885559,0.3333333432674408,0.03835302218794823,2,0.23288895189762115
A,pcb3,gap_abnormal,54,0.5671058297157288,0.333333283662796,0.04459351301193237,2,0.21585418283939362
A,pcb3,ss2d_normal,54,1.0,0.3333333432674408,5.827612433711989e-38,2,0.471404492855072
A,pcb3,ss2d_abnormal,54,0.9999918937683105,0.3333333432674408,5.576407447056695e-35,2,0.4713987410068512
A,pcb3,final_normal,54,0.6497054696083069,0.3333333730697632,0.034517720341682434,2,0.25037604570388794
A,pcb3,final_abnormal,54,0.6103944182395935,0.3333333432674408,0.040134161710739136,2,0.23215928673744202
A,pcb3,entropy_normal,18,0.7689797878265381,0.7635375261306763,0.7603750228881836,2,0.0024782109539955854
A,pcb3,entropy_abnormal,18,0.805406928062439,0.8005837202072144,0.797784686088562,2,0.002194297267124057
A,pcb3,routing_l1,18,0.0786219984292984,0.07794909179210663,0.07681047171354294,2,0.0005227483925409615
A,pcb3,gap_ss2d_l1,18,0.7886949181556702,0.7822080254554749,0.7784322500228882,2,0.0029560488183051348
A,pcb3,gap_normal,54,0.6400811076164246,0.3333333432674408,0.021654263138771057,3,0.24208326637744904
A,pcb3,gap_abnormal,54,0.5806511640548706,0.3333333432674408,0.023213129490613937,3,0.22414225339889526
A,pcb3,ss2d_normal,54,1.0,0.3333333432674408,9.96323208134945e-43,3,0.471404492855072
A,pcb3,ss2d_abnormal,54,1.0,0.3333333432674408,1.1206183819205562e-40,3,0.471404492855072
A,pcb3,final_normal,54,0.5760729908943176,0.33333325386047363,0.11948883533477783,3,0.17737379670143127
A,pcb3,final_abnormal,54,0.5225860476493835,0.3333333432674408,0.12089181691408157,3,0.1574624925851822
A,pcb3,entropy_normal,18,0.9651137590408325,0.9500584006309509,0.9336386322975159,3,0.010478604584932327
A,pcb3,entropy_abnormal,18,0.9852197170257568,0.9741801023483276,0.9622700214385986,3,0.007738632149994373
A,pcb3,routing_l1,18,0.10697389394044876,0.09750059992074966,0.08887256681919098,3,0.005972931161522865
A,pcb3,gap_ss2d_l1,18,1.9566913843154907,1.941008448600769,1.925032377243042,3,0.01047854870557785
H,pcb3,gap_normal,54,0.6307032704353333,0.3333333432674408,0.03232615813612938,1,0.2435629963874817
H,pcb3,gap_abnormal,54,0.5927543044090271,0.333333283662796,0.030315382406115532,1,0.2310945838689804
H,pcb3,ss2d_normal,54,1.0,0.3333333432674408,6.75398394354661e-39,1,0.471404492855072
H,pcb3,ss2d_abnormal,54,0.9999983310699463,0.3333333432674408,6.554520317537688e-39,1,0.4714033007621765
H,pcb3,final_normal,54,0.6676329374313354,0.3333333730697632,0.029093541204929352,1,0.26084592938423157
H,pcb3,final_abnormal,54,0.6334787011146545,0.3333333432674408,0.027283843606710434,1,0.2469511330127716
H,pcb3,entropy_normal,18,0.7394484281539917,0.7365613579750061,0.7344874143600464,1,0.0010925346286967397
H,pcb3,entropy_abnormal,18,0.7584563493728638,0.7559775114059448,0.754197359085083,1,0.0009380090632475913
H,pcb3,routing_l1,18,0.07192777097225189,0.07152320444583893,0.07094915956258774,1,0.00021573936101049185
H,pcb3,gap_ss2d_l1,18,0.7446073293685913,0.7411067485809326,0.7385934591293335,1,0.0013244497822597623
H,pcb3,gap_normal,54,0.7471480965614319,0.3333333432674408,0.005321355536580086,2,0.3071463108062744
H,pcb3,gap_abnormal,54,0.7470035552978516,0.3333333432674408,0.007790316361933947,2,0.30634018778800964
H,pcb3,ss2d_normal,54,1.0,0.3333333432674408,0.0,2,0.471404492855072
H,pcb3,ss2d_abnormal,54,1.0,0.3333333432674408,0.0,2,0.471404492855072
H,pcb3,final_normal,54,0.6724332571029663,0.3333333432674408,0.10478921979665756,2,0.24285303056240082
H,pcb3,final_abnormal,54,0.6723031997680664,0.3333333432674408,0.10701128840446472,2,0.24234752357006073
H,pcb3,entropy_normal,18,0.8525123596191406,0.8409878611564636,0.8377593159675598,2,0.004165952559560537
H,pcb3,entropy_abnormal,18,0.8551508188247681,0.8429554104804993,0.839545726776123,2,0.004406668245792389
H,pcb3,routing_l1,18,0.005459152162075043,0.00465885316953063,0.004444099962711334,2,0.0002848461735993624
H,pcb3,gap_ss2d_l1,18,1.9893572330474854,1.9886362552642822,1.985873818397522,2,0.0009733703918755054
H,pcb3,gap_normal,54,0.6201927661895752,0.3333333432674408,0.028629595413804054,3,0.23091739416122437
H,pcb3,gap_abnormal,54,0.5863468647003174,0.333333283662796,0.03242374584078789,3,0.21892814338207245
H,pcb3,ss2d_normal,54,1.0,0.3333333432674408,1.7897383986356564e-41,3,0.4713599383831024
H,pcb3,ss2d_abnormal,54,1.0,0.3333333432674408,4.276290675536864e-39,3,0.4710877239704132
H,pcb3,final_normal,54,0.6581356525421143,0.3333333432674408,0.025766635313630104,3,0.24027636647224426
H,pcb3,final_abnormal,54,0.6274652481079102,0.333333283662796,0.02918137051165104,3,0.22746208310127258
H,pcb3,entropy_normal,18,0.9669047594070435,0.7876551151275635,0.7336499691009521,3,0.0649188980460167
H,pcb3,entropy_abnormal,18,0.9829357862472534,0.8130543231964111,0.7626174688339233,3,0.06145577132701874
H,pcb3,routing_l1,18,0.06147703528404236,0.05571654811501503,0.05387848615646362,3,0.002645164728164673
H,pcb3,gap_ss2d_l1,18,1.9255707263946533,0.922526478767395,0.7587713003158569,3,0.3548377752304077
A,pcb3,gap_normal,54,0.6344904899597168,0.3333333432674408,0.025416944175958633,1,0.2482258826494217
A,pcb3,gap_abnormal,54,0.5635620951652527,0.3333333730697632,0.025323661044239998,1,0.22620640695095062
A,pcb3,ss2d_normal,54,1.0,0.3333333432674408,1.899080215614968e-36,1,0.471404492855072
A,pcb3,ss2d_abnormal,54,1.0,0.3333333432674408,3.4403528365076865e-35,1,0.471404492855072
A,pcb3,final_normal,54,0.5710414052009583,0.3333333432674408,0.12287525087594986,1,0.18351159989833832
A,pcb3,final_abnormal,54,0.5072058439254761,0.3333333432674408,0.12279129773378372,1,0.15877263247966766
A,pcb3,entropy_normal,18,0.9420900940895081,0.9406877160072327,0.9399406909942627,1,0.0005021270480938256
A,pcb3,entropy_abnormal,18,0.9710930585861206,0.9701897501945496,0.9697104692459106,1,0.00032287483918480575
A,pcb3,routing_l1,18,0.12783905863761902,0.12728679180145264,0.1262502372264862,1,0.0003716118517331779
A,pcb3,gap_ss2d_l1,18,1.9491660594940186,1.9484915733337402,1.9472129344940186,1,0.00045597931602969766
A,pcb3,gap_normal,54,0.6109841465950012,0.333333283662796,0.03824932500720024,2,0.23290781676769257
A,pcb3,gap_abnormal,54,0.567267656326294,0.33333325386047363,0.04448284953832626,2,0.2158670425415039
A,pcb3,ss2d_normal,54,1.0,0.3333333432674408,5.82694541564297e-38,2,0.471404492855072
A,pcb3,ss2d_abnormal,54,0.9999918937683105,0.3333333432674408,5.575769764330248e-35,2,0.4713987112045288
A,pcb3,final_normal,54,0.6498857140541077,0.333333283662796,0.03442439064383507,2,0.25039392709732056
A,pcb3,final_abnormal,54,0.6105400919914246,0.3333333432674408,0.04003456234931946,2,0.2321719527244568
A,pcb3,entropy_normal,18,0.7764627933502197,0.76348876953125,0.7600381970405579,2,0.005116117652505636
A,pcb3,entropy_abnormal,18,0.8120439052581787,0.8005427718162537,0.797487735748291,2,0.004534244071692228
A,pcb3,routing_l1,18,0.07869124412536621,0.07796309143304825,0.07525449991226196,2,0.0010703849839046597
A,pcb3,gap_ss2d_l1,18,0.7975999116897583,0.7821465730667114,0.7780317068099976,2,0.006095683202147484
A,pcb3,gap_normal,54,0.6385912895202637,0.3333333432674408,0.022213956341147423,3,0.24016126990318298
A,pcb3,gap_abnormal,54,0.5796042680740356,0.333333283662796,0.023752719163894653,3,0.22266191244125366
A,pcb3,ss2d_normal,54,1.0,0.3333333432674408,9.96323208134945e-43,3,0.471404492855072
A,pcb3,ss2d_abnormal,54,1.0,0.3333333432674408,1.1211088363830699e-40,3,0.471404492855072
A,pcb3,final_normal,54,0.5747321248054504,0.3333333730697632,0.11999256163835526,3,0.17548970878124237
A,pcb3,final_abnormal,54,0.5216438174247742,0.3333333432674408,0.12137744575738907,3,0.1560523957014084
A,pcb3,entropy_normal,18,0.9598810076713562,0.9530162811279297,0.9349610805511475,3,0.009234975092113018
A,pcb3,entropy_abnormal,18,0.9815359115600586,0.9764227271080017,0.9631534218788147,3,0.006824231240898371
A,pcb3,routing_l1,18,0.10617664456367493,0.0958467423915863,0.09196151793003082,3,0.005262612830847502
A,pcb3,gap_ss2d_l1,18,1.9555721282958984,1.938143253326416,1.931208610534668,3,0.009030680172145367
H,pcb3,gap_normal,54,0.6298366785049438,0.3333333432674408,0.032713402062654495,1,0.24336352944374084
H,pcb3,gap_abnormal,54,0.5920605659484863,0.3333333432674408,0.03068528324365616,1,0.23093774914741516
H,pcb3,ss2d_normal,54,1.0,0.3333333432674408,6.760790050187836e-39,1,0.471404492855072
H,pcb3,ss2d_abnormal,54,0.9999983310699463,0.3333333432674408,6.561025145009083e-39,1,0.4714033007621765
H,pcb3,final_normal,54,0.6668530106544495,0.3333333730697632,0.029442060738801956,1,0.2606559693813324
H,pcb3,final_abnormal,54,0.6328543424606323,0.3333333730697632,0.027616754174232483,1,0.2467993050813675
H,pcb3,entropy_normal,18,0.7385728359222412,0.7371216416358948,0.7359170317649841,1,0.0009578568860888481
H,pcb3,entropy_abnormal,18,0.757702648639679,0.7564581632614136,0.755423903465271,1,0.0008221773896366358
H,pcb3,routing_l1,18,0.07164791226387024,0.07141181826591492,0.07111813127994537,1,0.00019007969240192324
H,pcb3,gap_ss2d_l1,18,0.7435479164123535,0.7417863607406616,0.7403267621994019,1,0.001161408144980669
H,pcb3,gap_normal,54,0.7474451661109924,0.3333333432674408,0.00528888450935483,2,0.30748382210731506
H,pcb3,gap_abnormal,54,0.747305691242218,0.3333333432674408,0.007746630813926458,2,0.3066977560520172
H,pcb3,ss2d_normal,54,1.0,0.3333333432674408,0.0,2,0.471404492855072
H,pcb3,ss2d_abnormal,54,1.0,0.3333333432674408,0.0,2,0.471404492855072
H,pcb3,final_normal,54,0.6727006435394287,0.333333283662796,0.10475999861955643,2,0.2431885451078415
H,pcb3,final_abnormal,54,0.6725751161575317,0.333333283662796,0.10697197169065475,2,0.24270009994506836
H,pcb3,entropy_normal,18,0.8435516357421875,0.8403563499450684,0.8374417424201965,2,0.0018859091214835644
H,pcb3,entropy_abnormal,18,0.8456566333770752,0.8422834277153015,0.8392141461372375,2,0.001989798154681921
H,pcb3,routing_l1,18,0.004823461174964905,0.004612448159605265,0.004423946142196655,2,0.00012377060193102807
H,pcb3,gap_ss2d_l1,18,1.9894222021102905,1.9888019561767578,1.9880980253219604,2,0.0004112742899451405
H,pcb3,gap_normal,54,0.6288485527038574,0.3333333432674408,0.02497939020395279,3,0.23502586781978607
H,pcb3,gap_abnormal,54,0.5935825109481812,0.3333333730697632,0.028439611196517944,3,0.2225542813539505
H,pcb3,ss2d_normal,54,1.0,0.3333333432674408,2.436040175401146e-28,3,0.4686872065067291
H,pcb3,ss2d_abnormal,54,1.0,0.3333333432674408,1.1202467344367815e-26,3,0.4659345746040344
H,pcb3,final_normal,54,0.6648449301719666,0.33333325386047363,0.02248145453631878,3,0.2396630048751831
H,pcb3,final_abnormal,54,0.6332250833511353,0.3333333432674408,0.025595661252737045,3,0.22629624605178833
H,pcb3,entropy_normal,18,0.9534075260162354,0.7901147603988647,0.721343457698822,3,0.07380173355340958
H,pcb3,entropy_abnormal,18,0.9713653922080994,0.8160054087638855,0.7513221502304077,3,0.07018649578094482
H,pcb3,routing_l1,18,0.07155890762805939,0.05846306309103966,0.053777918219566345,3,0.00537449074909091
H,pcb3,gap_ss2d_l1,18,1.9476574659347534,0.9731826782226562,0.6569232940673828,3,0.43610772490501404
A,pcb3,gap_normal,54,0.6343011260032654,0.333333283662796,0.025492943823337555,1,0.2481672465801239
A,pcb3,gap_abnormal,54,0.5634409785270691,0.3333333432674408,0.02539852075278759,1,0.22616837918758392
A,pcb3,ss2d_normal,54,1.0,0.3333333432674408,1.9017188718336794e-36,1,0.471404492855072
A,pcb3,ss2d_abnormal,54,1.0,0.3333333432674408,3.444975892781465e-35,1,0.471404492855072
A,pcb3,final_normal,54,0.5708709955215454,0.3333333432674408,0.12294365465641022,1,0.18345420062541962
A,pcb3,final_abnormal,54,0.5070968866348267,0.3333333432674408,0.1228586733341217,1,0.15873658657073975
A,pcb3,entropy_normal,18,0.9418891668319702,0.9407802224159241,0.940109372138977,1,0.0005810110596939921
A,pcb3,entropy_abnormal,18,0.970962643623352,0.9702489376068115,0.969819188117981,1,0.0003735082864295691
A,pcb3,routing_l1,18,0.12771816551685333,0.12721747159957886,0.12639623880386353,1,0.0004299766442272812
A,pcb3,gap_ss2d_l1,18,1.9490140676498413,1.9484076499938965,1.947398066520691,1,0.0005271810223348439
A,pcb3,gap_normal,54,0.6108269691467285,0.3333333432674408,0.03833041712641716,2,0.23315738141536713
A,pcb3,gap_abnormal,54,0.5671412944793701,0.3333333730697632,0.04456958919763565,2,0.21608485281467438
A,pcb3,ss2d_normal,54,1.0,0.3333333432674408,5.827790118357265e-38,2,0.471404492855072
A,pcb3,ss2d_abnormal,54,0.9999918937683105,0.3333333432674408,5.576535442779465e-35,2,0.4713987410068512
A,pcb3,final_normal,54,0.6497442722320557,0.3333333730697632,0.034497372806072235,2,0.25063174962997437
A,pcb3,final_abnormal,54,0.6104263663291931,0.3333333432674408,0.040112629532814026,2,0.23237934708595276
A,pcb3,entropy_normal,18,0.7664309740066528,0.7627891302108765,0.760301947593689,2,0.0020387067925184965
A,pcb3,entropy_abnormal,18,0.803146481513977,0.7999216318130493,0.797720193862915,2,0.0018049657810479403
A,pcb3,routing_l1,18,0.0786358043551445,0.0781070664525032,0.0773422122001648,2,0.0004294270183891058
A,pcb3,gap_ss2d_l1,18,0.7856582403182983,0.7813156843185425,0.778346061706543,2,0.0024318534415215254
A,pcb3,gap_normal,54,0.6450322270393372,0.3333333432674408,0.019922403618693352,3,0.2427629679441452
A,pcb3,gap_abnormal,54,0.5841704607009888,0.3333333432674408,0.021389950066804886,3,0.22462181746959686
A,pcb3,ss2d_normal,54,1.0,0.3333333432674408,9.96323208134945e-43,3,0.471404492855072
A,pcb3,ss2d_abnormal,54,1.0,0.3333333432674408,1.1214311350298646e-40,3,0.471404492855072
A,pcb3,final_normal,54,0.580528974533081,0.3333333432674408,0.11793016642332077,3,0.17803455889225006
A,pcb3,final_abnormal,54,0.525753378868103,0.333333283662796,0.11925095319747925,3,0.15792030096054077
A,pcb3,entropy_normal,18,0.9594576358795166,0.9490067362785339,0.9292978048324585,3,0.010554732754826546
A,pcb3,entropy_abnormal,18,0.9812119007110596,0.9734574556350708,0.9592602849006653,3,0.007744304835796356
A,pcb3,routing_l1,18,0.10955116897821426,0.09812786430120468,0.09219543635845184,3,0.006044939160346985
A,pcb3,gap_ss2d_l1,18,1.9601552486419678,1.9420782327651978,1.9316834211349487,3,0.010124830529093742
H,pcb3,gap_normal,9,0.6302987337112427,0.3333333432674408,0.03250737488269806,1,0.24352532625198364
H,pcb3,gap_abnormal,9,0.5924276113510132,0.3333333134651184,0.030488215386867523,1,0.2310645878314972
H,pcb3,ss2d_normal,9,1.0,0.3333333432674408,6.762181539562911e-39,1,0.4714045226573944
H,pcb3,ss2d_abnormal,9,0.9999983310699463,0.3333333134651184,6.56252733696284e-39,1,0.4714033603668213
H,pcb3,final_normal,9,0.6672688722610474,0.3333333432674408,0.029256636276841164,1,0.26081007719039917
H,pcb3,final_abnormal,9,0.6331846714019775,0.3333333432674408,0.02743939310312271,1,0.2469220906496048
H,pcb3,entropy_normal,3,0.7382363677024841,0.7366675734519958,0.7351564168930054,1,0.001258044969290495
H,pcb3,entropy_abnormal,3,0.7574159502983093,0.7560691833496094,0.7547724843025208,1,0.0010797701543197036
H,pcb3,routing_l1,3,0.07180280983448029,0.07150421291589737,0.0711938813328743,1,0.00024873268557712436
H,pcb3,gap_ss2d_l1,3,0.743137001991272,0.7412347793579102,0.7394024729728699,1,0.0015254137106239796
H,pcb3,gap_normal,9,0.745731770992279,0.3333333432674408,0.0054792058654129505,2,0.307674765586853
H,pcb3,gap_abnormal,9,0.7455505132675171,0.3333333432674408,0.008001827634871006,2,0.30689823627471924
H,pcb3,ss2d_normal,9,1.0,0.3333333432674408,0.0,2,0.4714045226573944
H,pcb3,ss2d_abnormal,9,1.0,0.3333333432674408,0.0,2,0.4714045226573944
H,pcb3,final_normal,9,0.6711585521697998,0.3333333432674408,0.1049312874674797,2,0.24337895214557648
H,pcb3,final_abnormal,9,0.6709954738616943,0.3333333134651184,0.10720164328813553,2,0.24289853870868683
H,pcb3,entropy_normal,3,0.8410460352897644,0.8399987816810608,0.8392705321311951,2,0.0007591251633130014
H,pcb3,entropy_abnormal,3,0.8430119752883911,0.8419060707092285,0.8411360383033752,2,0.0008018197841010988
H,pcb3,routing_l1,3,0.004656270146369934,0.004587990697473288,0.004540622234344482,2,4.947438355884515e-05
H,pcb3,gap_ss2d_l1,3,1.9890414476394653,1.9888849258422852,1.9886586666107178,2,0.00016381480963900685
H,pcb3,gap_normal,9,0.6162511706352234,0.3333333432674408,0.03042195737361908,3,0.23144583404064178
H,pcb3,gap_abnormal,9,0.58301842212677,0.3333333432674408,0.03435225039720535,3,0.21938931941986084
H,pcb3,ss2d_normal,9,0.9999916553497314,0.3333333432674408,2.953258050874817e-28,3,0.47111353278160095
H,pcb3,ss2d_abnormal,9,0.999861478805542,0.3333333432674408,1.344334692367663e-26,3,0.4699437916278839
H,pcb3,final_normal,9,0.6545041799545288,0.3333333432674408,0.027379760518670082,3,0.24847517907619476
H,pcb3,final_abnormal,9,0.6241219639778137,0.3333333134651184,0.030917024239897728,3,0.23546984791755676
H,pcb3,entropy_normal,3,0.7759731411933899,0.7637219429016113,0.7402912378311157,3,0.016573812812566757
H,pcb3,entropy_abnormal,3,0.8017392754554749,0.7904438972473145,0.7688486576080322,3,0.015275548212230206
H,pcb3,routing_l1,3,0.0607643686234951,0.05618573725223541,0.0538129024207592,3,0.003238299395889044
H,pcb3,gap_ss2d_l1,3,0.8099874258041382,0.7945926785469055,0.765059769153595,3,0.020889246836304665
A,pcb3,gap_normal,9,0.6345289945602417,0.3333333432674408,0.025401966646313667,1,0.24831746518611908
A,pcb3,gap_abnormal,9,0.563585102558136,0.3333333432674408,0.02530873566865921,1,0.2262658327817917
A,pcb3,ss2d_normal,9,1.0,0.3333333432674408,1.9030397245557643e-36,1,0.4714045226573944
A,pcb3,ss2d_abnormal,9,1.0,0.3333333432674408,3.44728928632687e-35,1,0.4714045226573944
A,pcb3,final_normal,9,0.5710760951042175,0.3333333432674408,0.12286177277565002,1,0.1836012303829193
A,pcb3,final_abnormal,9,0.5072265863418579,0.3333333134651184,0.12277786433696747,1,0.15882903337478638
A,pcb3,entropy_normal,3,0.9410039186477661,0.9405432343482971,0.9399067759513855,1,0.00046483930782414973
A,pcb3,entropy_abnormal,3,0.9703921675682068,0.9700970649719238,0.9696891903877258,1,0.0002978466509375721
A,pcb3,routing_l1,3,0.12786681950092316,0.1273941844701767,0.12705060839653015,1,0.000345483684213832
A,pcb3,gap_ss2d_l1,3,1.9491961002349854,1.948622226715088,1.9482065439224243,1,0.0004191696352791041
A,pcb3,gap_normal,9,0.6102791428565979,0.3333333134651184,0.03861195594072342,2,0.2334066778421402
A,pcb3,gap_abnormal,9,0.5667043924331665,0.3333333134651184,0.0448729507625103,2,0.21629975736141205
A,pcb3,ss2d_normal,9,1.0,0.3333333432674408,5.830236224956591e-38,2,0.471404492855072
A,pcb3,ss2d_abnormal,9,0.9999918937683105,0.3333333432674408,5.578748104265022e-35,2,0.4713987410068512
A,pcb3,final_normal,9,0.6492512226104736,0.3333333134651184,0.03475075960159302,2,0.25086918473243713
A,pcb3,final_abnormal,9,0.6100331544876099,0.3333333134651184,0.0403856560587883,2,0.2325843721628189
A,pcb3,entropy_normal,3,0.7630460858345032,0.7620928883552551,0.7612175941467285,2,0.0007485042442567647
A,pcb3,entropy_abnormal,3,0.8001490235328674,0.7993046641349792,0.7985295057296753,2,0.0006629736162722111
A,pcb3,routing_l1,3,0.0784362182021141,0.07825064659118652,0.07805138826370239,2,0.00015740418166387826
A,pcb3,gap_ss2d_l1,3,0.7816236615180969,0.7804868817329407,0.7794415950775146,2,0.0008931710035540164
A,pcb3,gap_normal,9,0.6187231540679932,0.3333333730697632,0.03039034828543663,3,0.23787392675876617
A,pcb3,gap_abnormal,9,0.5653343200683594,0.3333333432674408,0.03233526647090912,3,0.22096669673919678
A,pcb3,ss2d_normal,9,1.0,0.3333333432674408,9.977245065992698e-43,3,0.4714045226573944
A,pcb3,ss2d_abnormal,9,1.0,0.3333333432674408,1.122524147832038e-40,3,0.4714045226573944
A,pcb3,final_normal,9,0.5568508505821228,0.3333333432674408,0.127351313829422,3,0.1732296645641327
A,pcb3,final_abnormal,9,0.5088008642196655,0.3333333432674408,0.1291017383337021,3,0.1544213443994522
A,pcb3,entropy_normal,3,0.9590470790863037,0.9564999938011169,0.9524643421173096,3,0.002886151196435094
A,pcb3,entropy_abnormal,3,0.980898380279541,0.9789698719978333,0.9759209156036377,3,0.00218104082159698
A,pcb3,routing_l1,3,0.09610001742839813,0.09384389966726303,0.09242288768291473,3,0.0016131523298099637
A,pcb3,gap_ss2d_l1,3,1.939219355583191,1.934891700744629,1.932141661643982,3,0.0030973004177212715
H,capsules,gap_normal,54,0.5612466931343079,0.3333333432674408,0.07502452284097672,1,0.19809570908546448
H,capsules,gap_abnormal,54,0.5632397532463074,0.3333333432674408,0.04467558488249779,1,0.2145114690065384
H,capsules,ss2d_normal,54,0.999997615814209,0.3333333432674408,1.0682527889141482e-26,1,0.4714027941226959
H,capsules,ss2d_abnormal,54,0.9999773502349854,0.3333333432674408,2.0812287275071915e-33,1,0.47138848900794983
H,capsules,final_normal,54,0.6051217913627625,0.3333333432674408,0.0675220713019371,1,0.2180510312318802
H,capsules,final_abnormal,54,0.6069135069847107,0.3333333432674408,0.04020802676677704,1,0.23059646785259247
H,capsules,entropy_normal,18,0.8636958599090576,0.8551576137542725,0.8515211343765259,1,0.003090586280450225
H,capsules,entropy_abnormal,18,0.811830461025238,0.8034130930900574,0.7998592257499695,1,0.0030382766854017973
H,capsules,routing_l1,18,0.0566219724714756,0.05523153021931648,0.054628051817417145,1,0.0005065487930551171
H,capsules,gap_ss2d_l1,18,0.8927940726280212,0.8820578455924988,0.8775018453598022,1,0.0038809857796877623
H,capsules,gap_normal,54,0.7417944073677063,0.3333333730697632,0.006218403112143278,2,0.30354073643684387
H,capsules,gap_abnormal,54,0.732400119304657,0.33333340287208557,0.007018145173788071,2,0.29840287566185
H,capsules,ss2d_normal,54,1.0,0.3333333432674408,0.0,2,0.471404492855072
H,capsules,ss2d_abnormal,54,1.0,0.3333333432674408,0.0,2,0.471404492855072
H,capsules,final_normal,54,0.6676149368286133,0.333333283662796,0.10559656471014023,2,0.2392863929271698
H,capsules,final_abnormal,54,0.6591600775718689,0.3333333432674408,0.10631632804870605,2,0.2341020107269287
H,capsules,entropy_normal,18,0.8593742251396179,0.8477499485015869,0.8436349630355835,2,0.004816571716219187
H,capsules,entropy_abnormal,18,0.8682712316513062,0.8570814728736877,0.853127121925354,2,0.004633383359760046
H,capsules,routing_l1,18,0.016909681260585785,0.016817467287182808,0.01657196134328842,2,0.00010465540981385857
H,capsules,gap_ss2d_l1,18,1.9875632524490356,1.9865068197250366,1.9833078384399414,2,0.001292142434976995
H,capsules,gap_normal,54,0.5750666856765747,0.3333333432674408,0.05762512981891632,3,0.20204029977321625
H,capsules,gap_abnormal,54,0.5649421811103821,0.33333340287208557,0.04298974201083183,3,0.2081422656774521
H,capsules,ss2d_normal,54,0.9998972415924072,0.3333333432674408,3.203178364187214e-21,3,0.47131335735321045
H,capsules,ss2d_abnormal,54,0.9994480013847351,0.3333333432674408,1.1935569625633398e-23,3,0.47093960642814636
H,capsules,final_normal,54,0.6175470948219299,0.333333283662796,0.05186261609196663,3,0.2209831029176712
H,capsules,final_abnormal,54,0.6083815097808838,0.3333333432674408,0.03869076818227768,3,0.2244897335767746
H,capsules,entropy_normal,18,0.8638145327568054,0.8435043096542358,0.8170495629310608,3,0.01850750856101513
H,capsules,entropy_abnormal,18,0.840951681137085,0.8212034702301025,0.7957369089126587,3,0.01795707270503044
H,capsules,routing_l1,18,0.04467486962676048,0.04225499927997589,0.04041828587651253,3,0.0016819688025861979
H,capsules,gap_ss2d_l1,18,0.9060235023498535,0.8814351558685303,0.8496083617210388,3,0.022388221696019173
A,capsules,gap_normal,54,0.5960353016853333,0.3333333432674408,0.04793979227542877,1,0.2231496423482895
A,capsules,gap_abnormal,54,0.546759843826294,0.3333333432674408,0.031400006264448166,1,0.21876667439937592
A,capsules,ss2d_normal,54,1.0,0.3333333432674408,9.595295344700064e-29,1,0.471404492855072
A,capsules,ss2d_abnormal,54,1.0,0.3333333432674408,1.6660046335334116e-32,1,0.471404492855072
A,capsules,final_normal,54,0.5364317297935486,0.333333283662796,0.14314581453800201,1,0.1596888303756714
A,capsules,final_abnormal,54,0.4920838475227356,0.333333283662796,0.12826000154018402,1,0.15141020715236664
A,capsules,entropy_normal,18,0.9832171201705933,0.9787137508392334,0.9770357608795166,1,0.001610622857697308
A,capsules,entropy_abnormal,18,0.9842202663421631,0.9811631441116333,0.9800397157669067,1,0.00108894903678447
A,capsules,routing_l1,18,0.11846745014190674,0.11753205209970474,0.11505189538002014,1,0.00089043821208179
A,capsules,gap_ss2d_l1,18,1.9041203260421753,1.901875615119934,1.8957324028015137,1,0.002184562385082245
A,capsules,gap_normal,54,0.6135956048965454,0.3333333730697632,0.034452080726623535,2,0.2352188527584076
A,capsules,gap_abnormal,54,0.566703736782074,0.3333333730697632,0.03176569566130638,2,0.22247126698493958
A,capsules,ss2d_normal,54,1.0,0.3333333432674408,5.1137178482050895e-39,2,0.471404492855072
A,capsules,ss2d_abnormal,54,0.9999734163284302,0.3333333432674408,4.372377711235617e-39,2,0.4713856279850006
A,capsules,final_normal,54,0.6522360444068909,0.3333333432674408,0.03100687265396118,2,0.25237417221069336
A,capsules,final_abnormal,54,0.6100307106971741,0.333333283662796,0.028589125722646713,2,0.23706085979938507
A,capsules,entropy_normal,18,0.769121527671814,0.7550984621047974,0.7505863904953003,2,0.005241945385932922
A,capsules,entropy_abnormal,18,0.7865767478942871,0.7747390270233154,0.7709535360336304,2,0.004416000097990036
A,capsules,routing_l1,18,0.08924612402915955,0.08802630752325058,0.0842948779463768,2,0.0014018155634403229
A,capsules,gap_ss2d_l1,18,0.7947864532470703,0.778170108795166,0.7728087902069092,2,0.006217554677277803
A,capsules,gap_normal,54,0.6083506345748901,0.3333333432674408,0.0316745862364769,3,0.2274804711341858
A,capsules,gap_abnormal,54,0.5659350752830505,0.333333283662796,0.02205166593194008,3,0.2229728251695633
A,capsules,ss2d_normal,54,1.0,0.3333333432674408,2.1435245582353744e-37,3,0.471404492855072
A,capsules,ss2d_abnormal,54,1.0,0.3333333432674408,5.178078085373064e-41,3,0.471404492855072
A,capsules,final_normal,54,0.5475155711174011,0.3333333730697632,0.1285071223974228,3,0.16286563873291016
A,capsules,final_abnormal,54,0.5093415379524231,0.333333283662796,0.11984650045633316,3,0.1556214988231659
A,capsules,entropy_normal,18,0.9831889271736145,0.9716329574584961,0.9586199522018433,3,0.01028667576611042
A,capsules,entropy_abnormal,18,0.983394205570221,0.9750115275382996,0.9657477140426636,3,0.007432183716446161
A,capsules,routing_l1,18,0.09366927295923233,0.08771111071109772,0.08252371847629547,3,0.004636576399207115
A,capsules,gap_ss2d_l1,18,1.9366509914398193,1.920412540435791,1.9054523706436157,3,0.01321413554251194
H,capsules,gap_normal,54,0.5610467791557312,0.3333333432674408,0.07517166435718536,1,0.19796302914619446
H,capsules,gap_abnormal,54,0.5630748271942139,0.3333333432674408,0.044792916625738144,1,0.2144080400466919
H,capsules,ss2d_normal,54,0.999997615814209,0.3333333432674408,1.0680410136574634e-26,1,0.4714027941226959
H,capsules,ss2d_abnormal,54,0.9999773502349854,0.3333333432674408,2.080704714166114e-33,1,0.47138848900794983
H,capsules,final_normal,54,0.6049418449401855,0.3333333432674408,0.06765449792146683,1,0.2179269790649414
H,capsules,final_abnormal,54,0.60676509141922,0.3333333730697632,0.04031362384557724,1,0.23049774765968323
H,capsules,entropy_normal,18,0.8615837097167969,0.8554651737213135,0.851840615272522,1,0.0026722082402557135
H,capsules,entropy_abnormal,18,0.8097327351570129,0.8037117719650269,0.8001689314842224,1,0.0026229643262922764
H,capsules,routing_l1,18,0.056283947080373764,0.055283404886722565,0.05468185245990753,1,0.00043962348718196154
H,capsules,gap_ss2d_l1,18,0.8901286125183105,0.8824416399002075,0.8779016733169556,1,0.003352469764649868
H,capsules,gap_normal,54,0.7425470352172852,0.3333333432674408,0.006125142332166433,2,0.3030798137187958
H,capsules,gap_abnormal,54,0.7331454157829285,0.3333333432674408,0.006916184909641743,2,0.2979516386985779
H,capsules,ss2d_normal,54,1.0,0.3333333432674408,0.0,2,0.471404492855072
H,capsules,ss2d_abnormal,54,1.0,0.3333333432674408,0.0,2,0.471404492855072
H,capsules,final_normal,54,0.6682923436164856,0.3333333730697632,0.10551262646913528,2,0.23882682621479034
H,capsules,final_abnormal,54,0.6598308682441711,0.3333333432674408,0.10622456669807434,2,0.2336517870426178
H,capsules,entropy_normal,18,0.859833836555481,0.8486020565032959,0.8428382277488708,2,0.005184474401175976
H,capsules,entropy_abnormal,18,0.8687107563018799,0.8579010963439941,0.8523602485656738,2,0.004986871965229511
H,capsules,routing_l1,18,0.016922883689403534,0.016798866912722588,0.0165540874004364,2,0.00011396073387004435
H,capsules,gap_ss2d_l1,18,1.987749695777893,1.9862812757492065,1.9831666946411133,2,0.0013934725429862738
H,capsules,gap_normal,54,0.5773500800132751,0.3333333432674408,0.05616775527596474,3,0.2049468755722046
H,capsules,gap_abnormal,54,0.5667369365692139,0.3333333730697632,0.041635189205408096,3,0.21061743795871735
H,capsules,ss2d_normal,54,0.9998989105224609,0.3333333432674408,2.9479071151997253e-21,3,0.4701312184333801
H,capsules,ss2d_abnormal,54,0.9994551539421082,0.3333333432674408,1.087068865625827e-23,3,0.4687107801437378
H,capsules,final_normal,54,0.6192224621772766,0.333333283662796,0.050550978630781174,3,0.2236461490392685
H,capsules,final_abnormal,54,0.6090162992477417,0.333333283662796,0.037471670657396317,3,0.22671066224575043
H,capsules,entropy_normal,18,0.8634659051895142,0.8364795446395874,0.8135539293289185,3,0.017936071380972862
H,capsules,entropy_abnormal,18,0.8406047821044922,0.8144638538360596,0.7926759719848633,3,0.017288893461227417
H,capsules,routing_l1,18,0.049458425492048264,0.0432601235806942,0.040448758751153946,3,0.002299940912052989
H,capsules,gap_ss2d_l1,18,0.9055955410003662,0.8693987131118774,0.7950364351272583,3,0.028187444433569908
A,capsules,gap_normal,54,0.5960059762001038,0.333333283662796,0.04795655980706215,1,0.22297751903533936
A,capsules,gap_abnormal,54,0.5467439889907837,0.3333333432674408,0.03141298517584801,1,0.21866001188755035
A,capsules,ss2d_normal,54,1.0,0.3333333432674408,9.58885551644852e-29,1,0.471404492855072
A,capsules,ss2d_abnormal,54,1.0,0.3333333432674408,1.6647214345126953e-32,1,0.471404492855072
A,capsules,final_normal,54,0.5364053845405579,0.333333283662796,0.14316090941429138,1,0.1595243215560913
A,capsules,final_abnormal,54,0.4920695722103119,0.33333325386047363,0.12827168405056,1,0.15131054818630219
A,capsules,entropy_normal,18,0.9820274114608765,0.9789570569992065,0.9770615100860596,1,0.0014348895056173205
A,capsules,entropy_abnormal,18,0.9834015369415283,0.9813251495361328,0.9800560474395752,1,0.0009663841337896883
A,capsules,routing_l1,18,0.11845000088214874,0.11739625036716461,0.11569733917713165,1,0.0007958997157402337
A,capsules,gap_ss2d_l1,18,1.9040868282318115,1.9015527963638306,1.8973857164382935,1,0.0019355645636096597
A,capsules,gap_normal,54,0.6138386130332947,0.3333333432674408,0.034333400428295135,2,0.23468419909477234
A,capsules,gap_abnormal,54,0.5668765306472778,0.333333283662796,0.031652919948101044,2,0.22207018733024597
A,capsules,ss2d_normal,54,1.0,0.3333333432674408,5.112390818559374e-39,2,0.471404492855072
A,capsules,ss2d_abnormal,54,0.9999734163284302,0.3333333432674408,4.37120902831637e-39,2,0.4713855981826782
A,capsules,final_normal,54,0.6524547338485718,0.333333283662796,0.030900059267878532,2,0.2518633008003235
A,capsules,final_abnormal,54,0.6101862192153931,0.33333325386047363,0.02848762646317482,2,0.23667341470718384
A,capsules,entropy_normal,18,0.7700722217559814,0.7566195726394653,0.7501799464225769,2,0.006228933576494455
A,capsules,entropy_abnormal,18,0.7873901724815369,0.7760217189788818,0.7706143856048584,2,0.005252963863313198
A,capsules,routing_l1,18,0.08936195820569992,0.08762025088071823,0.08404470235109329,2,0.0016603887779638171
A,capsules,gap_ss2d_l1,18,0.7959103584289551,0.7799738645553589,0.7723227739334106,2,0.007384280674159527
A,capsules,gap_normal,54,0.610150933265686,0.333333283662796,0.030808869749307632,3,0.22949059307575226
A,capsules,gap_abnormal,54,0.5671434998512268,0.3333333432674408,0.021337203681468964,3,0.22435830533504486
A,capsules,ss2d_normal,54,1.0,0.3333333432674408,2.143851453141132e-37,3,0.471404492855072
A,capsules,ss2d_abnormal,54,1.0,0.3333333432674408,5.179199124144524e-41,3,0.471404492855072
A,capsules,final_normal,54,0.5491358041763306,0.3333333432674408,0.12772798538208008,3,0.16478857398033142
A,capsules,final_abnormal,54,0.5104291439056396,0.3333333432674408,0.11920348554849625,3,0.1569245159626007
A,capsules,entropy_normal,18,0.9829456806182861,0.9686707258224487,0.9570435881614685,3,0.009766687639057636
A,capsules,entropy_abnormal,18,0.9832079410552979,0.9728707075119019,0.9646731019020081,3,0.007024789694696665
A,capsules,routing_l1,18,0.09446235746145248,0.08905180543661118,0.08262951672077179,3,0.0044256397522985935
A,capsules,gap_ss2d_l1,18,1.9383823871612549,1.9242119789123535,1.9057997465133667,3,0.01242913119494915
H,capsules,gap_normal,54,0.5610426664352417,0.3333333730697632,0.07517552375793457,1,0.1980198323726654
H,capsules,gap_abnormal,54,0.563069224357605,0.3333333432674408,0.04479596018791199,1,0.2144518345594406
H,capsules,ss2d_normal,54,0.999997615814209,0.3333333432674408,1.068615557078473e-26,1,0.4714027941226959
H,capsules,ss2d_abnormal,54,0.9999773502349854,0.3333333432674408,2.082134041828317e-33,1,0.47138848900794983
H,capsules,final_normal,54,0.6049381494522095,0.3333333432674408,0.067657969892025,1,0.21798011660575867
H,capsules,final_abnormal,54,0.6067600250244141,0.333333283662796,0.04031636193394661,1,0.23053951561450958
H,capsules,entropy_normal,18,0.8622402548789978,0.8553335666656494,0.8518483638763428,1,0.0028968127444386482
H,capsules,entropy_abnormal,18,0.8103915452957153,0.8035851716995239,0.8001775741577148,1,0.002844227245077491
H,capsules,routing_l1,18,0.05638507381081581,0.05526077002286911,0.05468321219086647,1,0.00047623261343687773
H,capsules,gap_ss2d_l1,18,0.8909550309181213,0.8822770714759827,0.8779098987579346,1,0.0036342500243335962
H,capsules,gap_normal,54,0.7422276735305786,0.3333333432674408,0.0061644637025892735,2,0.30349674820899963
H,capsules,gap_abnormal,54,0.7328310012817383,0.3333333730697632,0.006959248334169388,2,0.2983599305152893
H,capsules,ss2d_normal,54,1.0,0.3333333432674408,0.0,2,0.471404492855072
H,capsules,ss2d_abnormal,54,1.0,0.3333333432674408,0.0,2,0.471404492855072
H,capsules,final_normal,54,0.6680048704147339,0.3333333432674408,0.10554801672697067,2,0.2392423152923584
H,capsules,final_abnormal,54,0.6595478653907776,0.3333333432674408,0.10626332461833954,2,0.23405897617340088
H,capsules,entropy_normal,18,0.8567177653312683,0.8478313088417053,0.8431764841079712,2,0.004736217204481363
H,capsules,entropy_abnormal,18,0.8657097816467285,0.8571593761444092,0.8526841402053833,2,0.00455566868185997
H,capsules,routing_l1,18,0.016913972795009613,0.016815289855003357,0.016623370349407196,2,0.00010257507528876886
H,capsules,gap_ss2d_l1,18,1.987671136856079,1.9864881038665771,1.9841082096099854,2,0.0012579832691699266
H,capsules,gap_normal,54,0.5750085115432739,0.3333333432674408,0.0576978474855423,3,0.20448864996433258
H,capsules,gap_abnormal,54,0.564845621585846,0.3333333730697632,0.04300490394234657,3,0.2102365344762802
H,capsules,ss2d_normal,54,0.9998961687088013,0.3333333432674408,3.3829691803308475e-21,3,0.47129717469215393
H,capsules,ss2d_abnormal,54,0.999442994594574,0.3333333432674408,1.267280352891222e-23,3,0.4708841145038605
H,capsules,final_normal,54,0.6174478530883789,0.3333333432674408,0.05192806199193001,3,0.22328609228134155
H,capsules,final_abnormal,54,0.6081314086914062,0.333333283662796,0.038704413920640945,3,0.22646856307983398
H,capsules,entropy_normal,18,0.8632627129554749,0.837507963180542,0.8172327876091003,3,0.017145419493317604
H,capsules,entropy_abnormal,18,0.8404024839401245,0.8153792023658752,0.7959030866622925,3,0.016624368727207184
H,capsules,routing_l1,18,0.04508015513420105,0.042809873819351196,0.04046905040740967,3,0.001584005425684154
H,capsules,gap_ss2d_l1,18,0.9053468704223633,0.8741427659988403,0.8487868309020996,3,0.02078908495604992
A,capsules,gap_normal,54,0.5958912372589111,0.33333325386047363,0.04802368953824043,1,0.2230110764503479
A,capsules,gap_abnormal,54,0.5466751456260681,0.3333333432674408,0.03146585822105408,1,0.21868067979812622
A,capsules,ss2d_normal,54,1.0,0.3333333432674408,9.64697165622662e-29,1,0.471404492855072
A,capsules,ss2d_abnormal,54,1.0,0.3333333432674408,1.6761914675776376e-32,1,0.471404492855072
A,capsules,final_normal,54,0.5363020896911621,0.3333333730697632,0.14322131872177124,1,0.15955647826194763
A,capsules,final_abnormal,54,0.49200761318206787,0.3333333432674408,0.12831927835941315,1,0.15132993459701538
A,capsules,entropy_normal,18,0.9829965233802795,0.9789097309112549,0.9771633148193359,1,0.0015326952561736107
A,capsules,entropy_abnormal,18,0.9840651750564575,0.9812936782836914,0.98012375831604,1,0.0010343670146539807
A,capsules,routing_l1,18,0.11839307844638824,0.11742179840803146,0.11515265703201294,1,0.0008496033260598779
A,capsules,gap_ss2d_l1,18,1.9039525985717773,1.9016149044036865,1.8960435390472412,1,0.0020737999584525824
A,capsules,gap_normal,54,0.6133303046226501,0.3333333432674408,0.03458265960216522,2,0.23499123752117157
A,capsules,gap_abnormal,54,0.5665131211280823,0.3333333432674408,0.031889431178569794,2,0.22230111062526703
A,capsules,ss2d_normal,54,1.0,0.3333333432674408,5.116527451626061e-39,2,0.471404492855072
A,capsules,ss2d_abnormal,54,0.9999732971191406,0.3333333432674408,4.3748131679666135e-39,2,0.4713855981826782
A,capsules,final_normal,54,0.6519972681999207,0.3333333432674408,0.03112439252436161,2,0.25215664505958557
A,capsules,final_abnormal,54,0.6098591089248657,0.3333333432674408,0.028700487688183784,2,0.2368963658809662
A,capsules,entropy_normal,18,0.7671571969985962,0.7557460069656372,0.7510316371917725,2,0.005502778105437756
A,capsules,entropy_abnormal,18,0.7849100828170776,0.775283932685852,0.7713256478309631,2,0.004635881166905165
A,capsules,routing_l1,18,0.08912407606840134,0.08785364031791687,0.08481329679489136,2,0.00146940175909549
A,capsules,gap_ss2d_l1,18,0.792464554309845,0.778938353061676,0.7733393907546997,2,0.0065256766974925995
A,capsules,gap_normal,54,0.6066510081291199,0.3333333432674408,0.03251556679606438,3,0.2290610522031784
A,capsules,gap_abnormal,54,0.5647984743118286,0.3333333730697632,0.022728605195879936,3,0.22408612072467804
A,capsules,ss2d_normal,54,1.0,0.3333333432674408,2.1430339916689835e-37,3,0.471404492855072
A,capsules,ss2d_abnormal,54,1.0,0.3333333432674408,5.176676786908739e-41,3,0.471404492855072
A,capsules,final_normal,54,0.5459858775138855,0.3333333432674408,0.1292640119791031,3,0.16436630487442017
A,capsules,final_abnormal,54,0.5083186030387878,0.3333333730697632,0.12045574188232422,3,0.15666183829307556
A,capsules,entropy_normal,18,0.9832751750946045,0.9693062901496887,0.9601172208786011,3,0.008873521350324154
A,capsules,entropy_abnormal,18,0.9834610223770142,0.9732934236526489,0.9667577743530273,3,0.0064208912663161755
A,capsules,routing_l1,18,0.09295116364955902,0.08873876929283142,0.08248555660247803,3,0.003994382452219725
A,capsules,gap_ss2d_l1,18,1.9349688291549683,1.9235270023345947,1.9053293466567993,3,0.011429163627326488
H,capsules,gap_normal,54,0.561132550239563,0.3333333730697632,0.07510949671268463,1,0.1985873281955719
H,capsules,gap_abnormal,54,0.5631425380706787,0.333333283662796,0.044743508100509644,1,0.21490110456943512
H,capsules,ss2d_normal,54,0.999997615814209,0.3333333432674408,1.067674316596052e-26,1,0.4714027941226959
H,capsules,ss2d_abnormal,54,0.9999773502349854,0.3333333432674408,2.0798162975762816e-33,1,0.47138848900794983
H,capsules,final_normal,54,0.6050190925598145,0.333333283662796,0.06759854406118393,1,0.21851125359535217
H,capsules,final_abnormal,54,0.6068260073661804,0.3333333432674408,0.0402691550552845,1,0.2309679090976715
H,capsules,entropy_normal,18,0.8569066524505615,0.8540183901786804,0.8517049551010132,1,0.0011564973974600434
H,capsules,entropy_abnormal,18,0.8051179647445679,0.8022910952568054,0.8000393509864807,1,0.0011292208218947053
H,capsules,routing_l1,18,0.055523406714200974,0.05504565313458443,0.05465877428650856,1,0.00019236636580899358
H,capsules,gap_ss2d_l1,18,0.8842463493347168,0.8806263208389282,0.8777300715446472,1,0.0014483327977359295
H,capsules,gap_normal,54,0.7421311140060425,0.3333333432674408,0.0061765918508172035,2,0.3043699562549591
H,capsules,gap_abnormal,54,0.7327327132225037,0.3333333432674408,0.006972420495003462,2,0.2992148697376251
H,capsules,ss2d_normal,54,1.0,0.3333333432674408,0.0,2,0.471404492855072
H,capsules,ss2d_abnormal,54,1.0,0.3333333432674408,0.0,2,0.471404492855072
H,capsules,final_normal,54,0.6679179668426514,0.3333333432674408,0.10555893182754517,2,0.24011224508285522
H,capsules,final_abnormal,54,0.6594594120979309,0.33333325386047363,0.10627517849206924,2,0.23491127789020538
H,capsules,entropy_normal,18,0.8567503690719604,0.8462136387825012,0.843278706073761,2,0.003200037172064185
H,capsules,entropy_abnormal,18,0.8657351732254028,0.8556033968925476,0.8527849912643433,2,0.003076464869081974
H,capsules,routing_l1,18,0.016917146742343903,0.016850320622324944,0.016612738370895386,2,7.108806312317029e-05
H,capsules,gap_ss2d_l1,18,1.9876468181610107,1.9869199991226196,1.9840999841690063,2,0.000836558174341917
H,capsules,gap_normal,54,0.5778546333312988,0.333333283662796,0.05577098950743675,3,0.20256951451301575
H,capsules,gap_abnormal,54,0.5672630071640015,0.3333333432674408,0.041375782340765,3,0.20861665904521942
H,capsules,ss2d_normal,54,0.9998971223831177,0.3333333432674408,3.220699204705888e-21,3,0.4713210463523865
H,capsules,ss2d_abnormal,54,0.9994474053382874,0.3333333432674408,1.1998101840729362e-23,3,0.4709699749946594
H,capsules,final_normal,54,0.6200577020645142,0.3333333432674408,0.05019389092922211,3,0.22148217260837555
H,capsules,final_abnormal,54,0.6104762554168701,0.3333333730697632,0.03723820298910141,3,0.22493858635425568
H,capsules,entropy_normal,18,0.8636274337768555,0.8422248363494873,0.8123565316200256,3,0.01608893647789955
H,capsules,entropy_abnormal,18,0.840765118598938,0.819916307926178,0.7913532257080078,3,0.015607026405632496
H,capsules,routing_l1,18,0.045074187219142914,0.042354244738817215,0.04043615236878395,3,0.0014535014051944017
H,capsules,gap_ss2d_l1,18,0.9057939052581787,0.8798841834068298,0.8440609574317932,3,0.019444411620497704
A,capsules,gap_normal,54,0.5957404375076294,0.3333333432674408,0.04811214655637741,1,0.2235257476568222
A,capsules,gap_abnormal,54,0.5465844869613647,0.3333333432674408,0.03153543919324875,1,0.2190043032169342
A,capsules,ss2d_normal,54,1.0,0.3333333432674408,9.598077711616596e-29,1,0.471404492855072
A,capsules,ss2d_abnormal,54,1.0,0.3333333432674408,1.6665513853433379e-32,1,0.471404492855072
A,capsules,final_normal,54,0.5361663699150085,0.3333333730697632,0.14330093562602997,1,0.1600465178489685
A,capsules,final_abnormal,54,0.49192601442337036,0.3333333432674408,0.1283818930387497,1,0.15163138508796692
A,capsules,entropy_normal,18,0.979993462562561,0.9781821370124817,0.9772973656654358,1,0.0006421335274353623
A,capsules,entropy_abnormal,18,0.9820182919502258,0.9808026552200317,0.9802126884460449,1,0.00042983784805983305
A,capsules,routing_l1,18,0.1183188259601593,0.11782530695199966,0.11681853234767914,1,0.00035696770646609366
A,capsules,gap_ss2d_l1,18,1.903775691986084,1.9025990962982178,1.9001684188842773,1,0.0008584287133999169
A,capsules,gap_normal,54,0.6134912967681885,0.3333333730697632,0.03450271487236023,2,0.2356923371553421
A,capsules,gap_abnormal,54,0.5666304230690002,0.3333333730697632,0.031814031302928925,2,0.22282655537128448
A,capsules,ss2d_normal,54,1.0,0.3333333432674408,5.115591384251892e-39,2,0.471404492855072
A,capsules,ss2d_abnormal,54,0.9999734163284302,0.3333333432674408,4.373977994081876e-39,2,0.4713855981826782
A,capsules,final_normal,54,0.6521421670913696,0.3333333730697632,0.031052442267537117,2,0.2528267204761505
A,capsules,final_abnormal,54,0.6099647283554077,0.3333333730697632,0.028632627800107002,2,0.23740418255329132
A,capsules,entropy_normal,18,0.7657983899116516,0.7537482380867004,0.7507600784301758,2,0.0036191504914313555
A,capsules,entropy_abnormal,18,0.7837563753128052,0.7736008167266846,0.7710983753204346,2,0.0030442611314356327
A,capsules,routing_l1,18,0.08919446170330048,0.08838589489459991,0.08517421036958694,2,0.0009692597668617964
A,capsules,gap_ss2d_l1,18,0.7908571362495422,0.7765695452690125,0.773017406463623,2,0.004294545855373144
A,capsules,gap_normal,54,0.6068295836448669,0.3333333432674408,0.03242120519280434,3,0.22552256286144257
A,capsules,gap_abnormal,54,0.564917802810669,0.3333333432674408,0.022664042189717293,3,0.2216593474149704
A,capsules,ss2d_normal,54,1.0,0.3333333432674408,2.142886911382168e-37,3,0.471404492855072
A,capsules,ss2d_abnormal,54,1.0,0.3333333432674408,5.176116267523009e-41,3,0.471404492855072
A,capsules,final_normal,54,0.5461466312408447,0.333333283662796,0.12917909026145935,3,0.16097255051136017
A,capsules,final_abnormal,54,0.5084260106086731,0.333333283662796,0.1203976422548294,3,0.15437468886375427
A,capsules,entropy_normal,18,0.9834078550338745,0.9744967222213745,0.9599554538726807,3,0.008622902445495129
A,capsules,entropy_abnormal,18,0.9835622310638428,0.9770327806472778,0.9666585922241211,3,0.006243647076189518
A,capsules,routing_l1,18,0.09300412237644196,0.08639287948608398,0.08242911100387573,3,0.0038738863077014685
A,capsules,gap_ss2d_l1,18,1.9351575374603271,1.9169000387191772,1.9051389694213867,3,0.01112605445086956
H,capsules,gap_normal,54,0.5610237121582031,0.3333333432674408,0.07518818974494934,1,0.19805841147899628
H,capsules,gap_abnormal,54,0.5630583167076111,0.333333283662796,0.04480549693107605,1,0.21448346972465515
H,capsules,ss2d_normal,54,0.999997615814209,0.3333333432674408,1.0675439696574159e-26,1,0.4714027941226959
H,capsules,ss2d_abnormal,54,0.9999773502349854,0.3333333432674408,2.0794669553488966e-33,1,0.47138848900794983
H,capsules,final_normal,54,0.6049211025238037,0.3333333432674408,0.06766936928033829,1,0.21801623702049255
H,capsules,final_abnormal,54,0.6067502498626709,0.3333333730697632,0.040324945002794266,1,0.23056966066360474
H,capsules,entropy_normal,18,0.86119544506073,0.8552443981170654,0.8518767952919006,1,0.002524611074477434
H,capsules,entropy_abnormal,18,0.8093485832214355,0.8034948110580444,0.8002014756202698,1,0.002476440742611885
H,capsules,routing_l1,18,0.05622124671936035,0.055247098207473755,0.054688889533281326,1,0.0004160067474003881
H,capsules,gap_ss2d_l1,18,0.8896387815475464,0.882164716720581,0.8779478073120117,1,0.0031665945425629616
H,capsules,gap_normal,54,0.741970419883728,0.3333333730697632,0.006196235306560993,2,0.3036932051181793
H,capsules,gap_abnormal,54,0.7325783371925354,0.333333283662796,0.006994038354605436,2,0.2985520362854004
H,capsules,ss2d_normal,54,1.0,0.3333333432674408,0.0,2,0.471404492855072
H,capsules,ss2d_abnormal,54,1.0,0.3333333432674408,0.0,2,0.471404492855072
H,capsules,final_normal,54,0.6677733659744263,0.333333283662796,0.10557661205530167,2,0.2394382506608963
H,capsules,final_abnormal,54,0.6593204736709595,0.3333333730697632,0.10629463195800781,2,0.23425067961215973
H,capsules,entropy_normal,18,0.8576983213424683,0.8474677801132202,0.8434486389160156,2,0.004621495958417654
H,capsules,entropy_abnormal,18,0.8666577935218811,0.8568102121353149,0.8529441356658936,2,0.0044449628330767155
H,capsules,routing_l1,18,0.01690586656332016,0.01682390458881855,0.016611702740192413,2,9.922434401232749e-05
H,capsules,gap_ss2d_l1,18,1.987607479095459,1.98658287525177,1.9838166236877441,2,0.0012127029476687312
H,capsules,gap_normal,54,0.5773181319236755,0.3333333432674408,0.05614394694566727,3,0.20123353600502014
H,capsules,gap_abnormal,54,0.5667871832847595,0.3333333432674408,0.04167461022734642,3,0.20746852457523346
H,capsules,ss2d_normal,54,0.9998979568481445,0.3333333432674408,3.0804220147862172e-21,3,0.4713149964809418
H,capsules,ss2d_abnormal,54,0.9994514584541321,0.3333333432674408,1.1425897638822775e-23,3,0.47094470262527466
H,capsules,final_normal,54,0.6195670366287231,0.333333283662796,0.05052955076098442,3,0.22022564709186554
H,capsules,final_abnormal,54,0.6100167036056519,0.3333333432674408,0.03750714659690857,3,0.22385182976722717
H,capsules,entropy_normal,18,0.8635244369506836,0.845473051071167,0.8132968544960022,3,0.017020808532834053
H,capsules,entropy_abnormal,18,0.8406628370285034,0.823085367679596,0.7922090291976929,3,0.016518037766218185
H,capsules,routing_l1,18,0.045145463198423386,0.04207555949687958,0.040446940809488297,3,0.0015539528103545308
H,capsules,gap_ss2d_l1,18,0.9056671261787415,0.8837974071502686,0.8449782729148865,3,0.020597349852323532
A,capsules,gap_normal,54,0.5961142778396606,0.3333333432674408,0.0478937104344368,1,0.22311830520629883
A,capsules,gap_abnormal,54,0.5468068718910217,0.3333333730697632,0.03136385232210159,1,0.21874825656414032
A,capsules,ss2d_normal,54,1.0,0.3333333432674408,9.614567884912304e-29,1,0.471404492855072
A,capsules,ss2d_abnormal,54,1.0,0.3333333432674408,1.6698095618102295e-32,1,0.471404492855072
A,capsules,final_normal,54,0.5365028381347656,0.333333283662796,0.14310434460639954,1,0.1596585214138031
A,capsules,final_abnormal,54,0.4921261668205261,0.33333325386047363,0.12822747230529785,1,0.15139281749725342
A,capsules,entropy_normal,18,0.9815706014633179,0.9787581562995911,0.9769656658172607,1,0.0013598240911960602
A,capsules,entropy_abnormal,18,0.9830892086029053,0.9811912178993225,0.9799932241439819,1,0.000914974429178983
A,capsules,routing_l1,18,0.11850699782371521,0.11750636994838715,0.11594903469085693,1,0.000753803295083344
A,capsules,gap_ss2d_l1,18,1.9042127132415771,1.9018208980560303,1.8980152606964111,1,0.0018316332716494799
A,capsules,gap_normal,54,0.6134012341499329,0.333333283662796,0.034546490758657455,2,0.23505401611328125
A,capsules,gap_abnormal,54,0.5665662884712219,0.3333333432674408,0.03185639530420303,2,0.22234749794006348
A,capsules,ss2d_normal,54,1.0,0.3333333432674408,5.1162149620685163e-39,2,0.471404492855072
A,capsules,ss2d_abnormal,54,0.9999732971191406,0.3333333432674408,4.374579151123071e-39,2,0.4713855981826782
A,capsules,final_normal,54,0.6520611047744751,0.3333333432674408,0.03109184093773365,2,0.252216637134552
A,capsules,final_abnormal,54,0.6099069714546204,0.3333333432674408,0.02867075428366661,2,0.2369413524866104
A,capsules,entropy_normal,18,0.7662416696548462,0.7555679082870483,0.7509100437164307,2,0.0056157405488193035
A,capsules,entropy_abnormal,18,0.7841317653656006,0.7751352190971375,0.7712252140045166,2,0.004725797567516565
A,capsules,routing_l1,18,0.08915043622255325,0.08790066093206406,0.08505327999591827,2,0.0015037218108773232
A,capsules,gap_ss2d_l1,18,0.7913826107978821,0.7787268161773682,0.7731974720954895,2,0.006663080304861069
A,capsules,gap_normal,54,0.6099427342414856,0.3333333432674408,0.030896879732608795,3,0.22722677886486053
A,capsules,gap_abnormal,54,0.5669962763786316,0.3333333432674408,0.021435942500829697,3,0.2227807492017746
A,capsules,ss2d_normal,54,1.0,0.3333333432674408,2.142837809883978e-37,3,0.471404492855072
A,capsules,ss2d_abnormal,54,1.0,0.3333333432674408,5.175976137676577e-41,3,0.471404492855072
A,capsules,final_normal,54,0.5489484667778015,0.333333283662796,0.12780719995498657,3,0.16263051331043243
A,capsules,final_abnormal,54,0.510296642780304,0.3333333730697632,0.11929234862327576,3,0.1554454118013382
A,capsules,entropy_normal,18,0.9832858443260193,0.9720044732093811,0.9572162628173828,3,0.010937410406768322
A,capsules,entropy_abnormal,18,0.9834691286087036,0.9753066301345825,0.9648162722587585,3,0.007879992946982384
A,capsules,routing_l1,18,0.09433335065841675,0.08755706250667572,0.08248117566108704,3,0.004939165897667408
A,capsules,gap_ss2d_l1,18,1.9382061958312988,1.9198487997055054,1.9053140878677368,3,0.013978923670947552
H,capsules,gap_normal,54,0.5606686472892761,0.3333333432674408,0.07545135170221329,1,0.197910338640213
H,capsules,gap_abnormal,54,0.5627608895301819,0.3333333432674408,0.045015815645456314,1,0.2143675833940506
H,capsules,ss2d_normal,54,0.999997615814209,0.3333333432674408,1.0683343713065924e-26,1,0.4714027941226959
H,capsules,ss2d_abnormal,54,0.9999773502349854,0.3333333432674408,2.081450969407894e-33,1,0.47138848900794983
H,capsules,final_normal,54,0.6046015620231628,0.3333333432674408,0.0679062157869339,1,0.21787777543067932
H,capsules,final_abnormal,54,0.6064825654029846,0.3333333432674408,0.04051423445343971,1,0.2304590791463852
H,capsules,entropy_normal,18,0.8604744672775269,0.8555874228477478,0.8524458408355713,1,0.002113462658599019
H,capsules,entropy_abnormal,18,0.808634340763092,0.8038290739059448,0.8007566928863525,1,0.0020715922582894564
H,capsules,routing_l1,18,0.05610431730747223,0.055304598063230515,0.05478401109576225,1,0.00034884916385635734
H,capsules,gap_ss2d_l1,18,0.888732373714447,0.8825932145118713,0.8786579370498657,1,0.002650217851623893
H,capsules,gap_normal,54,0.7424046397209167,0.3333333730697632,0.006142749916762114,2,0.3028615117073059
H,capsules,gap_abnormal,54,0.7330039739608765,0.3333333432674408,0.0069353957660496235,2,0.2977381944656372
H,capsules,ss2d_normal,54,1.0,0.3333333432674408,0.0,2,0.471404492855072
H,capsules,ss2d_abnormal,54,1.0,0.3333333432674408,0.0,2,0.471404492855072
H,capsules,final_normal,54,0.6681641340255737,0.333333283662796,0.10552847385406494,2,0.23860955238342285
H,capsules,final_abnormal,54,0.6597035527229309,0.3333333432674408,0.1062418594956398,2,0.23343928158283234
H,capsules,entropy_normal,18,0.858184814453125,0.8490051031112671,0.8429892063140869,2,0.005598722957074642
H,capsules,entropy_abnormal,18,0.8671185970306396,0.8582884669303894,0.8525058031082153,2,0.005384087096899748
H,capsules,routing_l1,18,0.016921095550060272,0.01678861863911152,0.016584187746047974,2,0.0001238155091414228
H,capsules,gap_ss2d_l1,18,1.9877145290374756,1.9861676692962646,1.9836716651916504,2,0.0014882805990055203
H,capsules,gap_normal,54,0.5755140781402588,0.3333333432674408,0.05732599273324013,3,0.2044990509748459
H,capsules,gap_abnormal,54,0.5653154253959656,0.3333333432674408,0.04272707924246788,3,0.2102486491203308
H,capsules,ss2d_normal,54,0.9998979568481445,0.3333333432674408,3.0910158235199347e-21,3,0.4712693393230438
H,capsules,ss2d_abnormal,54,0.9994509816169739,0.3333333432674408,1.1461863385213612e-23,3,0.47078394889831543
H,capsules,final_normal,54,0.6179494261741638,0.3333333730697632,0.051593393087387085,3,0.22329479455947876
H,capsules,final_abnormal,54,0.6087163090705872,0.3333333730697632,0.03845436871051788,3,0.22647379338741302
H,capsules,entropy_normal,18,0.8637866973876953,0.8374872207641602,0.8162986636161804,3,0.017063185572624207
H,capsules,entropy_abnormal,18,0.8409240245819092,0.8153504133224487,0.7950310707092285,3,0.016549374908208847
H,capsules,routing_l1,18,0.04520278051495552,0.042862940579652786,0.040422938764095306,3,0.0016073689330369234
H,capsules,gap_ss2d_l1,18,0.9059885740280151,0.8740243315696716,0.8483229875564575,3,0.020750558003783226
A,capsules,gap_normal,54,0.5958859920501709,0.3333333432674408,0.048027485609054565,1,0.2230682373046875
A,capsules,gap_abnormal,54,0.5466699600219727,0.3333333432674408,0.03146882355213165,1,0.2187180519104004
A,capsules,ss2d_normal,54,1.0,0.3333333432674408,9.594417241016045e-29,1,0.471404492855072
A,capsules,ss2d_abnormal,54,1.0,0.3333333432674408,1.6658140565117846e-32,1,0.471404492855072
A,capsules,final_normal,54,0.5362973809242249,0.3333333432674408,0.14322474598884583,1,0.1596103459596634
A,capsules,final_abnormal,54,0.4920029640197754,0.3333333730697632,0.12832194566726685,1,0.15136443078517914
A,capsules,entropy_normal,18,0.9812508821487427,0.9788291454315186,0.9771685600280762,1,0.0010603381088003516
A,capsules,entropy_abnormal,18,0.9828709363937378,0.9812372922897339,0.9801278114318848,1,0.0007124164840206504
A,capsules,routing_l1,18,0.11839437484741211,0.11746641993522644,0.1161225438117981,1,0.0005887483712285757
A,capsules,gap_ss2d_l1,18,1.903944969177246,1.9017301797866821,1.8984547853469849,1,0.0014254300622269511
A,capsules,gap_normal,54,0.6135326623916626,0.3333333432674408,0.03448215499520302,2,0.23445342481136322
A,capsules,gap_abnormal,54,0.5666612386703491,0.3333333432674408,0.03179451450705528,2,0.2218979299068451
A,capsules,ss2d_normal,54,1.0,0.3333333432674408,5.1163326711395196e-39,2,0.471404492855072
A,capsules,ss2d_abnormal,54,0.9999732971191406,0.3333333432674408,4.3746450121508945e-39,2,0.4713855981826782
A,capsules,final_normal,54,0.6521794199943542,0.3333333432674408,0.031033938750624657,2,0.2516428232192993
A,capsules,final_abnormal,54,0.6099924445152283,0.3333333432674408,0.028615063056349754,2,0.23650693893432617
A,capsules,entropy_normal,18,0.7694449424743652,0.7572745680809021,0.750690221786499,2,0.006281494162976742
A,capsules,entropy_abnormal,18,0.7868543863296509,0.7765726447105408,0.7710393667221069,2,0.005290505010634661
A,capsules,routing_l1,18,0.08921173214912415,0.08744429051876068,0.08421014249324799,2,0.0016784192994236946
A,capsules,gap_ss2d_l1,18,0.7951688766479492,0.7807511687278748,0.7729346752166748,2,0.00744979502633214
A,capsules,gap_normal,54,0.6078930497169495,0.3333333730697632,0.03189564868807793,3,0.22940857708454132
A,capsules,gap_abnormal,54,0.5656310319900513,0.333333283662796,0.022236699238419533,3,0.2243136614561081
A,capsules,ss2d_normal,54,1.0,0.3333333432674408,2.142445446313967e-37,3,0.471404492855072
A,capsules,ss2d_abnormal,54,1.0,0.3333333432674408,5.174714969058684e-41,3,0.471404492855072
A,capsules,final_normal,54,0.5471037030220032,0.3333333730697632,0.12870608270168304,3,0.16470447182655334
A,capsules,final_abnormal,54,0.5090678930282593,0.333333283662796,0.120013028383255,3,0.1568792760372162
A,capsules,entropy_normal,18,0.9835665822029114,0.9687915444374084,0.959019660949707,3,0.009287645108997822
A,capsules,entropy_abnormal,18,0.9836834669113159,0.9729397296905518,0.9660224914550781,3,0.006719290278851986
A,capsules,routing_l1,18,0.09345774352550507,0.08898431807756424,0.08236195147037506,3,0.004183441866189241
A,capsules,gap_ss2d_l1,18,1.9362086057662964,1.9241191148757935,1.9049112796783447,3,0.011956336908042431
H,capsules,gap_normal,54,0.5609037280082703,0.3333333730697632,0.07527787238359451,1,0.19851583242416382
H,capsules,gap_abnormal,54,0.562954306602478,0.33333325386047363,0.044877685606479645,1,0.21484486758708954
H,capsules,ss2d_normal,54,0.999997615814209,0.3333333432674408,1.0689131517734797e-26,1,0.4714027941226959
H,capsules,ss2d_abnormal,54,0.9999773502349854,0.3333333432674408,2.0828488893304108e-33,1,0.47138848900794983
H,capsules,final_normal,54,0.6048130989074707,0.3333333432674408,0.06775008141994476,1,0.21844428777694702
H,capsules,final_abnormal,54,0.6066566109657288,0.3333333432674408,0.04038991779088974,1,0.23091425001621246
H,capsules,entropy_normal,18,0.8568149209022522,0.8541842699050903,0.8520702719688416,1,0.0012997685698792338
H,capsules,entropy_abnormal,18,0.8050267696380615,0.8024535775184631,0.8003931045532227,1,0.0012696743942797184
H,capsules,routing_l1,18,0.05550894886255264,0.055072709918022156,0.05472033470869064,1,0.00021597917657345533
H,capsules,gap_ss2d_l1,18,0.8841315507888794,0.880834698677063,0.8781877756118774,1,0.0016277714166790247
H,capsules,gap_normal,54,0.7421417832374573,0.3333333730697632,0.006174988113343716,2,0.3048632740974426
H,capsules,gap_abnormal,54,0.7327474355697632,0.3333333432674408,0.006970805581659079,2,0.29969754815101624
H,capsules,ss2d_normal,54,1.0,0.3333333432674408,0.0,2,0.471404492855072
H,capsules,ss2d_abnormal,54,1.0,0.3333333432674408,0.0,2,0.471404492855072
H,capsules,final_normal,54,0.6679275631904602,0.3333333432674408,0.10555749386548996,2,0.2406035214662552
H,capsules,final_abnormal,54,0.6594727039337158,0.3333333432674408,0.10627372562885284,2,0.23539233207702637
H,capsules,entropy_normal,18,0.8477131128311157,0.8452978730201721,0.8432673215866089,2,0.0013402627082541585
H,capsules,entropy_abnormal,18,0.8570448160171509,0.8547229170799255,0.8527700901031494,2,0.0012879892019554973
H,capsules,routing_l1,18,0.016911864280700684,0.016871027648448944,0.016821712255477905,2,2.8217697035870515e-05
H,capsules,gap_ss2d_l1,18,1.9876501560211182,1.987162470817566,1.9865682125091553,2,0.000326444860547781
H,capsules,gap_normal,54,0.5764595866203308,0.333333283662796,0.05668661370873451,3,0.20105531811714172
H,capsules,gap_abnormal,54,0.5661119818687439,0.3333333432674408,0.04218374565243721,3,0.20731140673160553
H,capsules,ss2d_normal,54,0.9998985528945923,0.3333333432674408,3.0019919237326572e-21,3,0.4713282585144043
H,capsules,ss2d_abnormal,54,0.9994534850120544,0.3333333432674408,1.1080889321924366e-23,3,0.4709990322589874
H,capsules,final_normal,54,0.6188032031059265,0.3333333432674408,0.05101795122027397,3,0.22005850076675415
H,capsules,final_abnormal,54,0.6094449162483215,0.3333333730697632,0.03796536847949028,3,0.2237071990966797
H,capsules,entropy_normal,18,0.863325834274292,0.8459016680717468,0.8146916627883911,3,0.017329668626189232
H,capsules,entropy_abnormal,18,0.8404654264450073,0.8235142827033997,0.793546199798584,3,0.01678096130490303
H,capsules,routing_l1,18,0.04482164978981018,0.042004380375146866,0.04046481102705002,3,0.0015432032523676753
H,capsules,gap_ss2d_l1,18,0.905423641204834,0.88436359167099,0.8468724489212036,3,0.020897341892123222
A,capsules,gap_normal,54,0.5961816310882568,0.3333333432674408,0.04785400256514549,1,0.2235148698091507
A,capsules,gap_abnormal,54,0.5468485951423645,0.3333333432674408,0.03133251145482063,1,0.21899747848510742
A,capsules,ss2d_normal,54,1.0,0.3333333432674408,9.620731462587451e-29,1,0.471404492855072
A,capsules,ss2d_abnormal,54,1.0,0.3333333432674408,1.6710073905537174e-32,1,0.471404492855072
A,capsules,final_normal,54,0.5365634560585022,0.3333333432674408,0.1430686116218567,1,0.1600361466407776
A,capsules,final_abnormal,54,0.4921637177467346,0.33333325386047363,0.1281992644071579,1,0.15162506699562073
A,capsules,entropy_normal,18,0.9796992540359497,0.9781976342201233,0.9769057035446167,1,0.0006902504828758538
A,capsules,entropy_abnormal,18,0.9818207025527954,0.9808131456375122,0.9799529910087585,1,0.0004615553771145642
A,capsules,routing_l1,18,0.11853806674480438,0.11781629174947739,0.11698733270168304,1,0.00038416581810452044
A,capsules,gap_ss2d_l1,18,1.904292106628418,1.902578592300415,1.900565505027771,1,0.0009211823926307261
A,capsules,gap_normal,54,0.6135219931602478,0.3333333432674408,0.03448791429400444,2,0.23606722056865692
A,capsules,gap_abnormal,54,0.5666518211364746,0.33333325386047363,0.03179984167218208,2,0.22310690581798553
A,capsules,ss2d_normal,54,1.0,0.3333333432674408,5.114303590963177e-39,2,0.471404492855072
A,capsules,ss2d_abnormal,54,0.9999734163284302,0.3333333432674408,4.372943835815204e-39,2,0.471385657787323
A,capsules,final_normal,54,0.6521698236465454,0.3333333730697632,0.031039122492074966,2,0.25318512320518494
A,capsules,final_abnormal,54,0.6099839806556702,0.3333333730697632,0.028619857504963875,2,0.23767520487308502
A,capsules,entropy_normal,18,0.7570604085922241,0.7526781558990479,0.7507091760635376,2,0.0016776652773842216
A,capsules,entropy_abnormal,18,0.7763751149177551,0.7727006673812866,0.7710559368133545,2,0.0014041380491107702
A,capsules,routing_l1,18,0.08921012282371521,0.08867292106151581,0.08749241381883621,2,0.0004545989795587957
A,capsules,gap_ss2d_l1,18,0.7805073261260986,0.7752997279167175,0.7729560136795044,2,0.001995206344872713
A,capsules,gap_normal,54,0.6067335605621338,0.3333333432674408,0.03246993571519852,3,0.22504420578479767
A,capsules,gap_abnormal,54,0.5648548007011414,0.3333333432674408,0.02270028367638588,3,0.22133073210716248
A,capsules,ss2d_normal,54,1.0,0.3333333432674408,2.143230173453989e-37,3,0.471404492855072
A,capsules,ss2d_abnormal,54,1.0,0.3333333432674408,5.177097176448037e-41,3,0.471404492855072
A,capsules,final_normal,54,0.5460602045059204,0.3333333730697632,0.12922294437885284,3,0.16051259636878967
A,capsules,final_abnormal,54,0.5083693265914917,0.3333333730697632,0.12043026089668274,3,0.15406456589698792
A,capsules,entropy_normal,18,0.9831592440605164,0.9751917719841003,0.960040807723999,3,0.00837477296590805
A,capsules,entropy_abnormal,18,0.9833723902702332,0.9775354862213135,0.9667130708694458,3,0.006077582482248545
A,capsules,routing_l1,18,0.09296707808971405,0.08607736229896545,0.08253617584705353,3,0.0037510583642870188
A,capsules,gap_ss2d_l1,18,1.9350601434707642,1.9160096645355225,1.905495047569275,3,0.010859270580112934
H,capsules,gap_normal,54,0.5617465972900391,0.3333333432674408,0.07465419918298721,1,0.1980394423007965
H,capsules,gap_abnormal,54,0.5636591911315918,0.3333333432674408,0.04438137635588646,1,0.21446797251701355
H,capsules,ss2d_normal,54,0.999997615814209,0.3333333432674408,1.067983852056714e-26,1,0.4714027941226959
H,capsules,ss2d_abnormal,54,0.9999773502349854,0.3333333432674408,2.0805777975104237e-33,1,0.47138848900794983
H,capsules,final_normal,54,0.6055716872215271,0.333333283662796,0.06718877702951431,1,0.2179984748363495
H,capsules,final_abnormal,54,0.607291042804718,0.3333333730697632,0.039943236857652664,1,0.23055489361286163
H,capsules,entropy_normal,18,0.8615398406982422,0.8552882671356201,0.8507176041603088,1,0.0026774366851896048
H,capsules,entropy_abnormal,18,0.8096907138824463,0.8035390377044678,0.7990782856941223,1,0.002626194851472974
H,capsules,routing_l1,18,0.05627521499991417,0.055253881961107254,0.054491180926561356,1,0.00044118589721620083
H,capsules,gap_ss2d_l1,18,0.8900743722915649,0.8822199702262878,0.8765020370483398,1,0.0033585557248443365
H,capsules,gap_normal,54,0.7423239946365356,0.3333333730697632,0.006152603309601545,2,0.30376875400543213
H,capsules,gap_abnormal,54,0.7329253554344177,0.333333283662796,0.006946298759430647,2,0.29862597584724426
H,capsules,ss2d_normal,54,1.0,0.3333333432674408,0.0,2,0.471404492855072
H,capsules,ss2d_abnormal,54,1.0,0.3333333432674408,0.0,2,0.471404492855072
H,capsules,final_normal,54,0.6680915951728821,0.3333333432674408,0.10553734749555588,2,0.23951347172260284
H,capsules,final_abnormal,54,0.6596328020095825,0.3333333432674408,0.10625167191028595,2,0.2343243956565857
H,capsules,entropy_normal,18,0.8567951917648315,0.8473278880119324,0.8430744409561157,2,0.004474970977753401
H,capsules,entropy_abnormal,18,0.8657844066619873,0.8566756844520569,0.8525869250297546,2,0.004304456990212202
H,capsules,routing_l1,18,0.016917549073696136,0.016827000305056572,0.016624458134174347,2,9.489928197581321e-05
H,capsules,gap_ss2d_l1,18,1.9876947402954102,1.9866207838058472,1.9840856790542603,2,0.0011731811100617051
H,capsules,gap_normal,54,0.5808314085006714,0.3333333432674408,0.053880855441093445,3,0.2043776512145996
H,capsules,gap_abnormal,54,0.5696563720703125,0.3333333730697632,0.03967079892754555,3,0.2101357877254486
H,capsules,ss2d_normal,54,0.9998961687088013,0.3333333432674408,3.3781331221939316e-21,3,0.4711897075176239
H,capsules,ss2d_abnormal,54,0.9994432330131531,0.3333333432674408,1.2664107915153969e-23,3,0.47058233618736267
H,capsules,final_normal,54,0.622535765171051,0.333333283662796,0.04849276691675186,3,0.22317533195018768
H,capsules,final_abnormal,54,0.612052321434021,0.333333283662796,0.03570371866226196,3,0.22635680437088013
H,capsules,entropy_normal,18,0.8636912107467651,0.8377914428710938,0.8075543642044067,3,0.017964761704206467
H,capsules,entropy_abnormal,18,0.8408287167549133,0.8156754970550537,0.7870044708251953,3,0.01734347827732563
H,capsules,routing_l1,18,0.04654497653245926,0.042869940400123596,0.0404302179813385,3,0.0017810123972594738
H,capsules,gap_ss2d_l1,18,0.9058719277381897,0.8741635084152222,0.8340883255004883,3,0.022193673998117447
A,capsules,gap_normal,54,0.5959678292274475,0.3333333730697632,0.04797913879156113,1,0.22305992245674133
A,capsules,gap_abnormal,54,0.5467202663421631,0.333333283662796,0.03143083676695824,1,0.21871235966682434
A,capsules,ss2d_normal,54,1.0,0.3333333432674408,9.621466325231856e-29,1,0.471404492855072
A,capsules,ss2d_abnormal,54,1.0,0.3333333432674408,1.6711859187582486e-32,1,0.471404492855072
A,capsules,final_normal,54,0.5363710522651672,0.3333333432674408,0.1431812196969986,1,0.1596025973558426
A,capsules,final_abnormal,54,0.4920482337474823,0.3333333432674408,0.12828774750232697,1,0.15135927498340607
A,capsules,entropy_normal,18,0.9815146923065186,0.9788408279418945,0.9770956039428711,1,0.0012319035595282912
A,capsules,entropy_abnormal,18,0.9830513000488281,0.981245756149292,0.980078935623169,1,0.0008289857651107013
A,capsules,routing_l1,18,0.11843252182006836,0.1174597442150116,0.11598137021064758,1,0.0006818165420554578
A,capsules,gap_ss2d_l1,18,1.9040417671203613,1.9017119407653809,1.8980917930603027,1,0.0016593857435509562
A,capsules,gap_normal,54,0.6135411262512207,0.3333333432674408,0.03447883948683739,2,0.23527784645557404
A,capsules,gap_abnormal,54,0.5666652917861938,0.3333333432674408,0.03179069235920906,2,0.22251491248607635
A,capsules,ss2d_normal,54,1.0,0.3333333432674408,5.115005641493804e-39,2,0.471404492855072
A,capsules,ss2d_abnormal,54,0.9999734163284302,0.3333333432674408,4.373511361693256e-39,2,0.4713855981826782
A,capsules,final_normal,54,0.6521870493888855,0.3333333432674408,0.03103095479309559,2,0.2524305284023285
A,capsules,final_abnormal,54,0.6099960803985596,0.3333333432674408,0.028611622750759125,2,0.23710311949253082
A,capsules,entropy_normal,18,0.7670576572418213,0.7549305558204651,0.7506777048110962,2,0.005174470134079456
A,capsules,entropy_abnormal,18,0.7848231792449951,0.7745992541313171,0.7710287570953369,2,0.004355554468929768
A,capsules,routing_l1,18,0.08922059088945389,0.08807062357664108,0.08483833074569702,2,0.0013841150794178247
A,capsules,gap_ss2d_l1,18,0.7923471927642822,0.7779711484909058,0.7729176878929138,2,0.006138450466096401
A,capsules,gap_normal,54,0.6122382283210754,0.3333333432674408,0.02981068193912506,3,0.22781862318515778
A,capsules,gap_abnormal,54,0.56853187084198,0.3333333432674408,0.020551534369587898,3,0.22320474684238434
A,capsules,ss2d_normal,54,1.0,0.3333333432674408,2.141922369623204e-37,3,0.471404492855072
A,capsules,ss2d_abnormal,54,1.0,0.3333333432674408,5.17331367059436e-41,3,0.471404492855072
A,capsules,final_normal,54,0.5510143637657166,0.3333333432674408,0.1268296092748642,3,0.16319064795970917
A,capsules,final_abnormal,54,0.5116786956787109,0.3333333432674408,0.1184963807463646,3,0.15584024786949158
A,capsules,entropy_normal,18,0.9837385416030884,0.9711377024650574,0.9552056193351746,3,0.010345330461859703
A,capsules,entropy_abnormal,18,0.9838153123855591,0.9746549129486084,0.9634665250778198,3,0.007431892212480307
A,capsules,routing_l1,18,0.09533783048391342,0.08794330805540085,0.08228805661201477,3,0.004690927919000387
A,capsules,gap_ss2d_l1,18,1.9403786659240723,1.9210366010665894,1.904664397239685,3,0.01314257737249136
H,capsules,gap_normal,48,0.5613904595375061,0.3333333432674408,0.07491734623908997,1,0.19800221920013428
H,capsules,gap_abnormal,48,0.563363254070282,0.3333333134651184,0.04458983242511749,1,0.21443869173526764
H,capsules,ss2d_normal,48,0.999997615814209,0.3333333432674408,1.0677883316487598e-26,1,0.4714028239250183
H,capsules,ss2d_abnormal,48,0.9999773502349854,0.3333333432674408,2.080085742922009e-33,1,0.47138848900794983
H,capsules,final_normal,48,0.6052511930465698,0.3333333432674408,0.06742560863494873,1,0.21796366572380066
H,capsules,final_abnormal,48,0.6070246696472168,0.3333333134651184,0.0401308499276638,1,0.23052693903446198
H,capsules,entropy_normal,16,0.8617252111434937,0.8553745746612549,0.8512893915176392,1,0.0026037797797471285
H,capsules,entropy_abnormal,16,0.8098778128623962,0.8036235570907593,0.7996312379837036,1,0.0025544336531311274
H,capsules,routing_l1,16,0.05630632862448692,0.05526823550462723,0.054589543491601944,1,0.00042892061173915863
H,capsules,gap_ss2d_l1,16,0.8903020620346069,0.8823274970054626,0.8772143125534058,1,0.0032650702632963657
H,capsules,gap_normal,48,0.7420342564582825,0.3333333432674408,0.006188281811773777,2,0.30320438742637634
H,capsules,gap_abnormal,48,0.7326415777206421,0.3333333432674408,0.0069854361936450005,2,0.29807355999946594
H,capsules,ss2d_normal,48,1.0,0.3333333432674408,0.0,2,0.471404492855072
H,capsules,ss2d_abnormal,48,1.0,0.3333333432674408,0.0,2,0.471404492855072
H,capsules,final_normal,48,0.6678308248519897,0.3333333432674408,0.10556945204734802,2,0.23895134031772614
H,capsules,final_abnormal,48,0.65937739610672,0.3333333432674408,0.10628689080476761,2,0.23377378284931183
H,capsules,entropy_normal,16,0.8573395013809204,0.8483718037605286,0.8433809280395508,2,0.005315577145665884
H,capsules,entropy_abnormal,16,0.866306722164154,0.8576797842979431,0.8528791666030884,2,0.0051126498728990555
H,capsules,routing_l1,16,0.016909725964069366,0.016803670674562454,0.016608387231826782,2,0.00011497311061248183
H,capsules,gap_ss2d_l1,16,1.9876234531402588,1.986337661743164,1.9839246273040771,2,0.0014057469088584185
H,capsules,gap_normal,48,0.5758674144744873,0.3333333432674408,0.05709461122751236,3,0.2031792551279068
H,capsules,gap_abnormal,48,0.5655983090400696,0.3333333432674408,0.04252040013670921,3,0.20910508930683136
H,capsules,ss2d_normal,48,0.9999140501022339,0.3333333432674408,3.688893124933705e-21,3,0.4713049530982971
H,capsules,ss2d_abnormal,48,0.999988317489624,0.3333333432674408,1.3977894221648957e-23,3,0.47092702984809875
H,capsules,final_normal,48,0.6182656288146973,0.3333333432674408,0.051385149359703064,3,0.21764160692691803
H,capsules,final_abnormal,48,0.6089632511138916,0.3333333432674408,0.03826835751533508,3,0.22101522982120514
H,capsules,entropy_normal,16,0.9930438995361328,0.8517166376113892,0.8157135248184204,3,0.04086294025182724
H,capsules,entropy_abnormal,16,0.9854245185852051,0.8303765654563904,0.7944836616516113,3,0.043820422142744064
H,capsules,routing_l1,16,0.045113831758499146,0.0425567589700222,0.04046117514371872,3,0.0018185388762503862
H,capsules,gap_ss2d_l1,16,1.8844507932662964,0.9427257180213928,0.847963809967041,3,0.24416956305503845
A,capsules,gap_normal,48,0.596198320388794,0.3333333432674408,0.04784449562430382,1,0.22305485606193542
A,capsules,gap_abnormal,48,0.5468573570251465,0.3333333432674408,0.03132520243525505,1,0.21870844066143036
A,capsules,ss2d_normal,48,1.0,0.3333333432674408,9.590611723816558e-29,1,0.471404492855072
A,capsules,ss2d_abnormal,48,1.0,0.3333333432674408,1.6650771684906129e-32,1,0.471404492855072
A,capsules,final_normal,48,0.5365784764289856,0.3333333432674408,0.14306004345417023,1,0.15959805250167847
A,capsules,final_abnormal,48,0.49217161536216736,0.3333333432674408,0.12819267809391022,1,0.15135571360588074
A,capsules,entropy_normal,16,0.9814273118972778,0.978847861289978,0.9768909811973572,1,0.0014085971051827073
A,capsules,entropy_abnormal,16,0.9829914569854736,0.9812517166137695,0.9799437522888184,1,0.0009467104682698846
A,capsules,routing_l1,16,0.1185484230518341,0.11745664477348328,0.11602546274662018,1,0.0007827955414541066
A,capsules,gap_ss2d_l1,16,1.9043110609054565,1.9016997814178467,1.8982126712799072,1,0.0018942534225061536
A,capsules,gap_normal,48,0.6133683323860168,0.3333333432674408,0.034563373774290085,2,0.23483394086360931
A,capsules,gap_abnormal,48,0.566541850566864,0.3333333432674408,0.031871527433395386,2,0.22218234837055206
A,capsules,ss2d_normal,48,1.0,0.3333333432674408,5.1154736751808885e-39,2,0.471404492855072
A,capsules,ss2d_abnormal,48,0.9999734163284302,0.3333333432674408,4.3739121330540526e-39,2,0.4713856279850006
A,capsules,final_normal,48,0.6520314812660217,0.3333333432674408,0.031107036396861076,2,0.25200632214546204
A,capsules,final_abnormal,48,0.6098849773406982,0.3333333432674408,0.028684373944997787,2,0.23678180575370789
A,capsules,entropy_normal,16,0.7669057846069336,0.7561940550804138,0.7509666681289673,2,0.006041546352207661
A,capsules,entropy_abnormal,16,0.7846921682357788,0.7756633758544922,0.771271288394928,2,0.005085966549813747
A,capsules,routing_l1,16,0.08913832902908325,0.08773310482501984,0.08487209677696228,2,0.00161671731621027
A,capsules,gap_ss2d_l1,16,0.7921696901321411,0.7794693112373352,0.7732633352279663,2,0.007166619412600994
A,capsules,gap_normal,48,0.6100336313247681,0.3333333432674408,0.030854007229208946,3,0.22739998996257782
A,capsules,gap_abnormal,48,0.5670610070228577,0.3333333432674408,0.02139786072075367,3,0.22293156385421753
A,capsules,ss2d_normal,48,1.0,0.3333333432674408,2.1431647047897358e-37,3,0.471404492855072
A,capsules,ss2d_abnormal,48,1.0,0.3333333432674408,5.177237306294469e-41,3,0.471404492855072
A,capsules,final_normal,48,0.5490302443504333,0.3333333134651184,0.1277686059474945,3,0.16278226673603058
A,capsules,final_abnormal,48,0.5103548765182495,0.3333333134651184,0.11925807595252991,3,0.15557880699634552
A,capsules,entropy_normal,16,0.9832288026809692,0.9717525243759155,0.9571371674537659,3,0.00975021068006754
A,capsules,entropy_abnormal,16,0.983424723148346,0.9750767946243286,0.9647587537765503,3,0.007030689623206854
A,capsules,routing_l1,16,0.09437182545661926,0.08764772117137909,0.08250655233860016,3,0.004401002079248428
A,capsules,gap_ss2d_l1,16,1.9382920265197754,1.9203286170959473,1.9053955078125,3,0.012480368837714195
H,pipe_fryum,gap_normal,54,0.5656654238700867,0.33333340287208557,0.07511840760707855,1,0.2008037120103836
H,pipe_fryum,gap_abnormal,54,0.5518181920051575,0.3333333432674408,0.06224687397480011,1,0.20304295420646667
H,pipe_fryum,ss2d_normal,54,0.9999985694885254,0.3333333432674408,1.4749988701842305e-26,1,0.47140347957611084
H,pipe_fryum,ss2d_abnormal,54,0.9999713897705078,0.3333333432674408,1.2531846795901673e-28,1,0.4713842570781708
H,pipe_fryum,final_normal,54,0.6090987324714661,0.3333333432674408,0.06760656833648682,1,0.2209004908800125
H,pipe_fryum,final_abnormal,54,0.5966334939002991,0.3333333730697632,0.05602218583226204,1,0.22068531811237335
H,pipe_fryum,entropy_normal,18,0.8513472080230713,0.8498602509498596,0.849172830581665,1,0.0006045778864063323
H,pipe_fryum,entropy_abnormal,18,0.8389632701873779,0.8375417590141296,0.8368843793869019,1,0.0005774718592874706
H,pipe_fryum,routing_l1,18,0.04809914156794548,0.048026155680418015,0.04786485433578491,1,6.726745777996257e-05
H,pipe_fryum,gap_ss2d_l1,18,0.8714125156402588,0.8695337772369385,0.8686662912368774,1,0.0007641654810868204
H,pipe_fryum,gap_normal,54,0.6233687400817871,0.333333283662796,0.05753598362207413,2,0.22984154522418976
H,pipe_fryum,gap_abnormal,54,0.6683802604675293,0.3333333432674408,0.048479415476322174,2,0.2539990246295929
H,pipe_fryum,ss2d_normal,54,1.0,0.3333333432674408,4.579945667187914e-29,2,0.471404492855072
H,pipe_fryum,ss2d_abnormal,54,1.0,0.3333333432674408,5.577759485965331e-32,2,0.471404492855072
H,pipe_fryum,final_normal,54,0.5610318779945374,0.3333333432674408,0.15178239345550537,2,0.16892027854919434
H,pipe_fryum,final_abnormal,54,0.6015422344207764,0.3333333432674408,0.1436314731836319,2,0.19352994859218597
H,pipe_fryum,entropy_normal,18,0.9740349054336548,0.9706707000732422,0.9687207341194153,2,0.001669683726504445
H,pipe_fryum,entropy_abnormal,18,0.9394602179527283,0.9352738857269287,0.9328480958938599,2,0.002077637240290642
H,pipe_fryum,routing_l1,18,0.08102069795131683,0.0805145725607872,0.07962825894355774,2,0.000437804264947772
H,pipe_fryum,gap_ss2d_l1,18,1.8849279880523682,1.8826043605804443,1.8785430192947388,2,0.0020052161999046803
H,pipe_fryum,gap_normal,54,0.5498460531234741,0.333333283662796,0.08051205426454544,3,0.18018542230129242
H,pipe_fryum,gap_abnormal,54,0.5421808958053589,0.333333283662796,0.0754101499915123,3,0.18113473057746887
H,pipe_fryum,ss2d_normal,54,1.0,0.3333333432674408,1.3683229972341815e-25,3,0.46556556224823
H,pipe_fryum,ss2d_abnormal,54,1.0,0.3333333432674408,2.8524597116697494e-26,3,0.46466854214668274
H,pipe_fryum,final_normal,54,0.5947775840759277,0.3333333432674408,0.0724608451128006,3,0.18704435229301453
H,pipe_fryum,final_abnormal,54,0.5877726674079895,0.3333333730697632,0.06786913424730301,3,0.18670149147510529
H,pipe_fryum,entropy_normal,18,1.0562260150909424,0.9214529395103455,0.8653631210327148,3,0.06926427781581879
H,pipe_fryum,entropy_abnormal,18,1.054526686668396,0.9185601472854614,0.8620419502258301,3,0.06996314227581024
H,pipe_fryum,routing_l1,18,0.026598744094371796,0.021155625581741333,0.018789008259773254,3,0.0021289363503456116
H,pipe_fryum,gap_ss2d_l1,18,1.8255887031555176,1.0930445194244385,0.5744556784629822,3,0.3704247772693634
A,pipe_fryum,gap_normal,54,0.5748221278190613,0.33333325386047363,0.06390202045440674,1,0.20916138589382172
A,pipe_fryum,gap_abnormal,54,0.5280045866966248,0.3333333432674408,0.0535581111907959,1,0.20256070792675018
A,pipe_fryum,ss2d_normal,54,1.0,0.3333333432674408,6.885877601784309e-25,1,0.471404492855072
A,pipe_fryum,ss2d_abnormal,54,1.0,0.3333333432674408,6.494121757421052e-26,1,0.471404492855072
A,pipe_fryum,final_normal,54,0.5173398852348328,0.3333333432674408,0.15751181542873383,1,0.1466783881187439
A,pipe_fryum,final_abnormal,54,0.47520411014556885,0.333333283662796,0.1482023000717163,1,0.1367143839597702
A,pipe_fryum,entropy_normal,18,0.9986621141433716,0.9978344440460205,0.997373104095459,1,0.00036146558704786
A,pipe_fryum,entropy_abnormal,18,1.0052694082260132,1.0046327114105225,1.0042784214019775,1,0.0002777039189822972
A,pipe_fryum,routing_l1,18,0.10289071500301361,0.10261097550392151,0.10210879147052765,1,0.000219626774196513
A,pipe_fryum,gap_ss2d_l1,18,1.872195839881897,1.8714648485183716,1.8701480627059937,1,0.000573732249904424
A,pipe_fryum,gap_normal,54,0.5486899614334106,0.333333283662796,0.08761928975582123,2,0.18826565146446228
A,pipe_fryum,gap_abnormal,54,0.5224959850311279,0.3333333432674408,0.08435697853565216,2,0.18275363743305206
A,pipe_fryum,ss2d_normal,54,0.9999974966049194,0.3333333432674408,1.3011649264419043e-25,2,0.47140270471572876
A,pipe_fryum,ss2d_abnormal,54,0.9998592138290405,0.3333333432674408,1.6400508198991837e-25,2,0.4713049530982971
A,pipe_fryum,final_normal,54,0.5938206911087036,0.3333333432674408,0.07885736227035522,2,0.20917099714279175
A,pipe_fryum,final_abnormal,54,0.5702322721481323,0.333333283662796,0.07592128217220306,2,0.20134809613227844
A,pipe_fryum,entropy_normal,18,0.8829638957977295,0.8779258131980896,0.8753497004508972,2,0.002304035471752286
A,pipe_fryum,entropy_abnormal,18,0.8906693458557129,0.8860191702842712,0.8836438655853271,2,0.002125766593962908
A,pipe_fryum,routing_l1,18,0.05304895341396332,0.05252491310238838,0.05150151252746582,2,0.0004674277442973107
A,pipe_fryum,gap_ss2d_l1,18,0.9125517010688782,0.9059706926345825,0.9026150703430176,2,0.003005595877766609
A,pipe_fryum,gap_normal,54,0.5954430103302002,0.3333333432674408,0.04187619313597679,3,0.21643634140491486
A,pipe_fryum,gap_abnormal,54,0.5524659156799316,0.333333283662796,0.040498558431863785,3,0.20672133564949036
A,pipe_fryum,ss2d_normal,54,1.0,0.3333333432674408,3.7069364963394536e-33,3,0.471404492855072
A,pipe_fryum,ss2d_abnormal,54,1.0,0.3333333432674408,1.2251495831897226e-32,3,0.471404492855072
A,pipe_fryum,final_normal,54,0.5358986854553223,0.33333325386047363,0.13768857717514038,3,0.15271814167499542
A,pipe_fryum,final_abnormal,54,0.4972193241119385,0.3333333730697632,0.1364487111568451,3,0.1410885453224182
A,pipe_fryum,entropy_normal,18,1.0047152042388916,0.9875884652137756,0.9727518558502197,3,0.012205725535750389
A,pipe_fryum,entropy_abnormal,18,1.013533592224121,0.999220609664917,0.9870746731758118,3,0.010088702663779259
A,pipe_fryum,routing_l1,18,0.07983851432800293,0.0723486840724945,0.06375589966773987,3,0.0060849483124911785
A,pipe_fryum,gap_ss2d_l1,18,1.9162476062774658,1.8947862386703491,1.8684602975845337,3,0.018342502415180206
H,pipe_fryum,gap_normal,54,0.5659506916999817,0.3333333432674408,0.07491485029459,1,0.20066142082214355
H,pipe_fryum,gap_abnormal,54,0.5520567893981934,0.3333333432674408,0.06205785274505615,1,0.2029193788766861
H,pipe_fryum,ss2d_normal,54,0.9999985694885254,0.3333333432674408,1.47498192200072e-26,1,0.47140347957611084
H,pipe_fryum,ss2d_abnormal,54,0.9999713897705078,0.3333333432674408,1.2531560313822445e-28,1,0.4713842570781708
H,pipe_fryum,final_normal,54,0.6093554496765137,0.3333333730697632,0.06742336601018906,1,0.2207673192024231
H,pipe_fryum,final_abnormal,54,0.5968482494354248,0.3333333432674408,0.05585206672549248,1,0.22056880593299866
H,pipe_fryum,entropy_normal,18,0.8561355471611023,0.8501905202865601,0.8487231731414795,1,0.0015881703002378345
H,pipe_fryum,entropy_abnormal,18,0.8435577154159546,0.8378590941429138,0.8364575505256653,1,0.0015213947044685483
H,pipe_fryum,routing_l1,18,0.0481569878757,0.047992486506700516,0.047345180064439774,1,0.00017361126083415002
H,pipe_fryum,gap_ss2d_l1,18,0.8774809837341309,0.8699513077735901,0.8680957555770874,1,0.0020107608288526535
H,pipe_fryum,gap_normal,54,0.6231509447097778,0.3333333432674408,0.05765276402235031,2,0.22605764865875244
H,pipe_fryum,gap_abnormal,54,0.6681339740753174,0.3333333432674408,0.048587996512651443,2,0.24977713823318481
H,pipe_fryum,ss2d_normal,54,1.0,0.3333333432674408,4.580853863527314e-29,2,0.471404492855072
H,pipe_fryum,ss2d_abnormal,54,1.0,0.3333333432674408,5.579078390626954e-32,2,0.471404492855072
H,pipe_fryum,final_normal,54,0.5608358383178711,0.3333333432674408,0.15188749134540558,2,0.16554850339889526
H,pipe_fryum,final_abnormal,54,0.6013205647468567,0.3333333730697632,0.14372919499874115,2,0.18972373008728027
H,pipe_fryum,entropy_normal,18,1.0555052757263184,0.9757190346717834,0.9689189195632935,2,0.019518312066793442
H,pipe_fryum,entropy_abnormal,18,1.0413281917572021,0.9415830969810486,0.9330944418907166,2,0.024398820474743843
H,pipe_fryum,routing_l1,18,0.08096954226493835,0.07877620309591293,0.05087628960609436,2,0.006799858529120684
H,pipe_fryum,gap_ss2d_l1,18,1.8846944570541382,1.873619556427002,1.7284554243087769,2,0.03534333407878876
H,pipe_fryum,gap_normal,54,0.551091730594635,0.3333333432674408,0.07953798770904541,3,0.1653607189655304
H,pipe_fryum,gap_abnormal,54,0.5433197021484375,0.333333283662796,0.07445717602968216,3,0.16647930443286896
H,pipe_fryum,ss2d_normal,54,1.0,0.3333333432674408,1.3140022818196955e-25,3,0.4712138772010803
H,pipe_fryum,ss2d_abnormal,54,1.0,0.3333333432674408,2.740004508142583e-26,3,0.4709339737892151
H,pipe_fryum,final_normal,54,0.59588223695755,0.3333333432674408,0.07158418744802475,3,0.17051063477993011
H,pipe_fryum,final_abnormal,54,0.5887653827667236,0.3333333432674408,0.06701145321130753,3,0.17035844922065735
H,pipe_fryum,entropy_normal,18,1.0972914695739746,0.9526897072792053,0.8633787631988525,3,0.08082439005374908
H,pipe_fryum,entropy_abnormal,18,1.097184658050537,0.9502356052398682,0.8601119518280029,3,0.08193497359752655
H,pipe_fryum,routing_l1,18,0.0233791321516037,0.01835891231894493,0.0025165975093841553,3,0.0048724873922765255
H,pipe_fryum,gap_ss2d_l1,18,1.8208355903625488,1.1758856773376465,0.8958099484443665,3,0.34835192561149597
A,pipe_fryum,gap_normal,54,0.5750943422317505,0.333333283662796,0.06371719390153885,1,0.20907290279865265
A,pipe_fryum,gap_abnormal,54,0.5281814932823181,0.3333333730697632,0.053388550877571106,1,0.20249395072460175
A,pipe_fryum,ss2d_normal,54,1.0,0.3333333432674408,6.872913658883133e-25,1,0.471404492855072
A,pipe_fryum,ss2d_abnormal,54,1.0,0.3333333432674408,6.481326803316916e-26,1,0.471404492855072
A,pipe_fryum,final_normal,54,0.5175849199295044,0.3333333432674408,0.1573454737663269,1,0.14659523963928223
A,pipe_fryum,final_abnormal,54,0.4753633439540863,0.3333333432674408,0.14804969727993011,1,0.1366530805826187
A,pipe_fryum,entropy_normal,18,1.0008445978164673,0.997948944568634,0.9971386194229126,1,0.00084053905447945
A,pipe_fryum,entropy_abnormal,18,1.0069586038589478,1.0047218799591064,1.0040990114212036,1,0.0006483721663244069
A,pipe_fryum,routing_l1,18,0.10303477942943573,0.1025421991944313,0.10078388452529907,1,0.0005102452705614269
A,pipe_fryum,gap_ss2d_l1,18,1.872565507888794,1.8712785243988037,1.8666253089904785,1,0.0013461732305586338
A,pipe_fryum,gap_normal,54,0.5485488772392273,0.3333333432674408,0.0877298042178154,2,0.18466508388519287
A,pipe_fryum,gap_abnormal,54,0.5223817825317383,0.3333333432674408,0.08446557074785233,2,0.1793951541185379
A,pipe_fryum,ss2d_normal,54,0.9999974966049194,0.3333333432674408,1.3015024109979192e-25,2,0.47140267491340637
A,pipe_fryum,ss2d_abnormal,54,0.9998592138290405,0.3333333432674408,1.6404637392792603e-25,2,0.47130435705184937
A,pipe_fryum,final_normal,54,0.593693733215332,0.3333333432674408,0.07895682007074356,2,0.20574556291103363
A,pipe_fryum,final_abnormal,54,0.5701295137405396,0.333333283662796,0.07601901143789291,2,0.19818079471588135
A,pipe_fryum,entropy_normal,18,1.0005890130996704,0.8855359554290771,0.875566840171814,2,0.028139859437942505
A,pipe_fryum,entropy_abnormal,18,1.0023695230484009,0.8932192325592041,0.883843183517456,2,0.026684997603297234
A,pipe_fryum,routing_l1,18,0.053003981709480286,0.05095358565449715,0.027157112956047058,2,0.005818440578877926
A,pipe_fryum,gap_ss2d_l1,18,1.0873591899871826,0.9170920848846436,0.9028972387313843,2,0.04156870022416115
A,pipe_fryum,gap_normal,54,0.5976607799530029,0.3333333432674408,0.04060264676809311,3,0.20539803802967072
A,pipe_fryum,gap_abnormal,54,0.5540734529495239,0.3333333432674408,0.03932349383831024,3,0.1968211978673935
A,pipe_fryum,ss2d_normal,54,1.0,0.3333333432674408,3.7065691543548216e-33,3,0.471404492855072
A,pipe_fryum,ss2d_abnormal,54,1.0,0.3333333432674408,1.2250654618752419e-32,3,0.471404492855072
A,pipe_fryum,final_normal,54,0.5378946661949158,0.3333333432674408,0.13654237985610962,3,0.14541032910346985
A,pipe_fryum,final_abnormal,54,0.49866610765457153,0.3333333432674408,0.13539114594459534,3,0.13514547049999237
A,pipe_fryum,entropy_normal,18,1.0507822036743164,0.9983127117156982,0.9707633256912231,3,0.019696973264217377
A,pipe_fryum,entropy_abnormal,18,1.0508321523666382,1.0081250667572021,0.9855818748474121,3,0.0162013228982687
A,pipe_fryum,routing_l1,18,0.08075961470603943,0.06530675292015076,0.008192822337150574,3,0.015646394342184067
A,pipe_fryum,gap_ss2d_l1,18,1.9187946319580078,1.8416873216629028,1.149851679801941,3,0.16947519779205322
H,pipe_fryum,gap_normal,54,0.5659667253494263,0.3333333432674408,0.07490400224924088,1,0.20070846378803253
H,pipe_fryum,gap_abnormal,54,0.5520686507225037,0.333333283662796,0.06204788759350777,1,0.20296019315719604
H,pipe_fryum,ss2d_normal,54,0.9999985694885254,0.3333333432674408,1.4749762212480845e-26,1,0.47140347957611084
H,pipe_fryum,ss2d_abnormal,54,0.9999713897705078,0.3333333432674408,1.2531560313822445e-28,1,0.4713842570781708
H,pipe_fryum,final_normal,54,0.6093698740005493,0.33333325386047363,0.06741359829902649,1,0.22081135213375092
H,pipe_fryum,final_abnormal,54,0.5968589186668396,0.3333333432674408,0.05584309622645378,1,0.22060728073120117
H,pipe_fryum,entropy_normal,18,0.8556251525878906,0.8500812649726868,0.8486987352371216,1,0.0014357160544022918
H,pipe_fryum,entropy_abnormal,18,0.843063235282898,0.8377542495727539,0.8364353775978088,1,0.0013743608724325895
H,pipe_fryum,routing_l1,18,0.04816289618611336,0.04800358787178993,0.04739169031381607,1,0.00015902429004199803
H,pipe_fryum,gap_ss2d_l1,18,0.8768360018730164,0.8698134422302246,0.8680636882781982,1,0.0018182671628892422
H,pipe_fryum,gap_normal,54,0.6230936646461487,0.3333333432674408,0.057680241763591766,2,0.2273813784122467
H,pipe_fryum,gap_abnormal,54,0.6680761575698853,0.3333333432674408,0.04861642047762871,2,0.2512381076812744
H,pipe_fryum,ss2d_normal,54,1.0,0.3333333432674408,4.578408233424496e-29,2,0.471404492855072
H,pipe_fryum,ss2d_abnormal,54,1.0,0.3333333432674408,5.57609968794197e-32,2,0.471404492855072
H,pipe_fryum,final_normal,54,0.5607842803001404,0.3333333730697632,0.15191221237182617,2,0.16663049161434174
H,pipe_fryum,final_abnormal,54,0.6012685298919678,0.3333333730697632,0.143754780292511,2,0.1909455806016922
H,pipe_fryum,entropy_normal,18,1.0162580013275146,0.9740763902664185,0.9689691066741943,2,0.01039775088429451
H,pipe_fryum,entropy_abnormal,18,0.9920709133148193,0.9395153522491455,0.9331537485122681,2,0.012954356148838997
H,pipe_fryum,routing_l1,18,0.08096843957901001,0.07951691001653671,0.06667013466358185,2,0.0031538621988147497
H,pipe_fryum,gap_ss2d_l1,18,1.8846395015716553,1.8778451681137085,1.8158528804779053,2,0.015202638693153858
H,pipe_fryum,gap_normal,54,0.5504212379455566,0.333333283662796,0.08003701269626617,3,0.17686481773853302
H,pipe_fryum,gap_abnormal,54,0.5427243709564209,0.3333333432674408,0.07500153034925461,3,0.1778055876493454
H,pipe_fryum,ss2d_normal,54,1.0,0.3333333432674408,1.0838167372402468e-25,3,0.4697363078594208
H,pipe_fryum,ss2d_abnormal,54,1.0,0.3333333432674408,2.2300564693189397e-26,3,0.46893110871315
H,pipe_fryum,final_normal,54,0.5953297019004822,0.333333283662796,0.07203330844640732,3,0.17800556123256683
H,pipe_fryum,final_abnormal,54,0.5883321166038513,0.33333325386047363,0.06750137358903885,3,0.17763648927211761
H,pipe_fryum,entropy_normal,18,1.098069429397583,0.9387425184249878,0.864389181137085,3,0.08094628155231476
H,pipe_fryum,entropy_abnormal,18,1.0982476472854614,0.9361990690231323,0.8611442446708679,3,0.0819300040602684
H,pipe_fryum,routing_l1,18,0.026180528104305267,0.020653558894991875,0.008175581693649292,3,0.0035901523660868406
H,pipe_fryum,gap_ss2d_l1,18,1.8099064826965332,1.189523458480835,0.8221122026443481,3,0.3941950500011444
A,pipe_fryum,gap_normal,54,0.5749021172523499,0.3333333432674408,0.06384771317243576,1,0.20909418165683746
A,pipe_fryum,gap_abnormal,54,0.5280567407608032,0.33333325386047363,0.053508173674345016,1,0.20251014828681946
A,pipe_fryum,ss2d_normal,54,1.0,0.3333333432674408,6.880547367255344e-25,1,0.471404492855072
A,pipe_fryum,ss2d_abnormal,54,1.0,0.3333333432674408,6.488970742228991e-26,1,0.471404492855072
A,pipe_fryum,final_normal,54,0.5174118876457214,0.3333333432674408,0.157462939620018,1,0.1466151475906372
A,pipe_fryum,final_abnormal,54,0.47525104880332947,0.3333333730697632,0.14815735816955566,1,0.1366678923368454
A,pipe_fryum,entropy_normal,18,1.0003292560577393,0.9979216456413269,0.9973043203353882,1,0.0006561872432939708
A,pipe_fryum,entropy_abnormal,18,1.0065592527389526,1.0047004222869873,1.0042256116867065,1,0.0005060757976025343
A,pipe_fryum,routing_l1,18,0.10293279588222504,0.10255882143974304,0.10109914839267731,1,0.0003980509063694626
A,pipe_fryum,gap_ss2d_l1,18,1.8723045587539673,1.8713243007659912,1.8674631118774414,1,0.001049839542247355
A,pipe_fryum,gap_normal,54,0.5484669804573059,0.3333333432674408,0.08779425919055939,2,0.18597105145454407
A,pipe_fryum,gap_abnormal,54,0.5223138928413391,0.3333333432674408,0.08452969789505005,2,0.180665984749794
A,pipe_fryum,ss2d_normal,54,0.9999974966049194,0.3333333432674408,1.3018847620179185e-25,2,0.47140267491340637
A,pipe_fryum,ss2d_abnormal,54,0.9998592138290405,0.3333333432674408,1.6409520934833987e-25,2,0.4713047444820404
A,pipe_fryum,final_normal,54,0.5936200022697449,0.3333333432674408,0.07901483029127121,2,0.20701725780963898
A,pipe_fryum,final_abnormal,54,0.5700684189796448,0.3333333730697632,0.07607672363519669,2,0.1994001418352127
A,pipe_fryum,entropy_normal,18,0.9488694667816162,0.8828244805335999,0.8756932020187378,2,0.01619156450033188
A,pipe_fryum,entropy_abnormal,18,0.9525731801986694,0.890600323677063,0.8839610815048218,2,0.015188037417829037
A,pipe_fryum,routing_l1,18,0.05297933518886566,0.051532577723264694,0.038169845938682556,2,0.0032762079499661922
A,pipe_fryum,gap_ss2d_l1,18,1.0039730072021484,0.912663996219635,0.9030609130859375,2,0.022359363734722137
A,pipe_fryum,gap_normal,54,0.5960420966148376,0.3333333432674408,0.041528668254613876,3,0.21367686986923218
A,pipe_fryum,gap_abnormal,54,0.5528991222381592,0.3333333432674408,0.04018203169107437,3,0.2038198858499527
A,pipe_fryum,ss2d_normal,54,1.0,0.3333333432674408,3.7064842983563716e-33,3,0.471404492855072
A,pipe_fryum,ss2d_abnormal,54,1.0,0.3333333432674408,1.2250935268028677e-32,3,0.471404492855072
A,pipe_fryum,final_normal,54,0.5364378690719604,0.3333333432674408,0.13737580180168152,3,0.15103982388973236
A,pipe_fryum,final_abnormal,54,0.4976091980934143,0.3333333432674408,0.1361638307571411,3,0.13924665749073029
A,pipe_fryum,entropy_normal,18,1.0968018770217896,0.9900259375572205,0.972213864326477,3,0.02825169265270233
A,pipe_fryum,entropy_abnormal,18,1.0970525741577148,1.0016824007034302,0.9866738319396973,3,0.02495238184928894
A,pipe_fryum,routing_l1,18,0.08008131384849548,0.07100311666727066,0.01580679416656494,3,0.014536302536725998
A,pipe_fryum,gap_ss2d_l1,18,1.9169427156448364,1.8797335624694824,1.527294397354126,3,0.08714863657951355
H,pipe_fryum,gap_normal,54,0.5657837986946106,0.333333283662796,0.07503493875265121,1,0.20061610639095306
H,pipe_fryum,gap_abnormal,54,0.551914393901825,0.3333333432674408,0.06216951832175255,1,0.20288029313087463
H,pipe_fryum,ss2d_normal,54,0.9999985694885254,0.3333333432674408,1.4748862418010827e-26,1,0.47140347957611084
H,pipe_fryum,ss2d_abnormal,54,0.9999713897705078,0.3333333432674408,1.2530699663878547e-28,1,0.4713842570781708
H,pipe_fryum,final_normal,54,0.6092052459716797,0.3333333432674408,0.06753144413232803,1,0.2207249253988266
H,pipe_fryum,final_abnormal,54,0.5967200994491577,0.3333333730697632,0.055952563881874084,1,0.22053195536136627
H,pipe_fryum,entropy_normal,18,0.8554843068122864,0.8502955436706543,0.8489876985549927,1,0.0017577387625351548
H,pipe_fryum,entropy_abnormal,18,0.8429319858551025,0.8379595279693604,0.8367104530334473,1,0.0016832819674164057
H,pipe_fryum,routing_l1,18,0.048128120601177216,0.047980692237615585,0.04741760715842247,1,0.00019200207316316664
H,pipe_fryum,gap_ss2d_l1,18,0.8766534328460693,0.8700845241546631,0.86842942237854,1,0.0022248404566198587
H,pipe_fryum,gap_normal,54,0.6237727999687195,0.3333333432674408,0.05732042342424393,2,0.22575703263282776
H,pipe_fryum,gap_abnormal,54,0.6688370704650879,0.3333333432674408,0.04827785864472389,2,0.24943864345550537
H,pipe_fryum,ss2d_normal,54,1.0,0.3333333432674408,4.577744690373344e-29,2,0.471404492855072
H,pipe_fryum,ss2d_abnormal,54,1.0,0.3333333432674408,5.574908324417412e-32,2,0.471404492855072
H,pipe_fryum,final_normal,54,0.561395525932312,0.333333283662796,0.15158838033676147,2,0.1652560532093048
H,pipe_fryum,final_abnormal,54,0.6019533276557922,0.3333333432674408,0.1434500813484192,2,0.18939508497714996
H,pipe_fryum,entropy_normal,18,1.0547746419906616,0.9761419296264648,0.9683531522750854,2,0.01925119385123253
H,pipe_fryum,entropy_abnormal,18,1.0404000282287598,0.9421073198318481,0.9323906898498535,2,0.02406221441924572
H,pipe_fryum,routing_l1,18,0.08111572265625,0.07867953926324844,0.051263198256492615,2,0.006685052067041397
H,pipe_fryum,gap_ss2d_l1,18,1.8853591680526733,1.8731770515441895,1.7305235862731934,2,0.0347452275454998
H,pipe_fryum,gap_normal,54,0.5519413948059082,0.3333333730697632,0.07884600758552551,3,0.17208877205848694
H,pipe_fryum,gap_abnormal,54,0.5441251993179321,0.3333333432674408,0.07385081797838211,3,0.17308160662651062
H,pipe_fryum,ss2d_normal,54,1.0,0.3333333432674408,1.055858643942599e-25,3,0.4707837998867035
H,pipe_fryum,ss2d_abnormal,54,1.0,0.3333333432674408,2.1691431570378602e-26,3,0.47075021266937256
H,pipe_fryum,final_normal,54,0.5967104434967041,0.3333333730697632,0.07096140831708908,3,0.16612517833709717
H,pipe_fryum,final_abnormal,54,0.5896198153495789,0.3333333432674408,0.06646573543548584,3,0.1658947616815567
H,pipe_fryum,entropy_normal,18,1.0850646495819092,0.9608880281448364,0.8619358539581299,3,0.07849326729774475
H,pipe_fryum,entropy_abnormal,18,1.085423469543457,0.9586854577064514,0.8587573170661926,3,0.07958236336708069
H,pipe_fryum,routing_l1,18,0.023172549903392792,0.019367942586541176,0.0021395981311798096,3,0.0047233528457582
H,pipe_fryum,gap_ss2d_l1,18,1.8313604593276978,1.285505771636963,0.895380973815918,3,0.40614181756973267
A,pipe_fryum,gap_normal,54,0.5749942064285278,0.3333333432674408,0.0637856125831604,1,0.20904085040092468
A,pipe_fryum,gap_abnormal,54,0.5281150341033936,0.3333333730697632,0.05345125496387482,1,0.2024698108434677
A,pipe_fryum,ss2d_normal,54,1.0,0.3333333432674408,6.875326587176978e-25,1,0.471404492855072
A,pipe_fryum,ss2d_abnormal,54,1.0,0.3333333432674408,6.483824657417589e-26,1,0.471404492855072
A,pipe_fryum,final_normal,54,0.517494797706604,0.3333333432674408,0.15740704536437988,1,0.14656506478786469
A,pipe_fryum,final_abnormal,54,0.4753035306930542,0.3333333432674408,0.14810612797737122,1,0.13663087785243988
A,pipe_fryum,entropy_normal,18,1.000751256942749,0.997990608215332,0.9972251653671265,1,0.0009194262092933059
A,pipe_fryum,entropy_abnormal,18,1.0068860054016113,1.0047540664672852,1.0041656494140625,1,0.0007093840395100415
A,pipe_fryum,routing_l1,18,0.10298433899879456,0.10251732915639877,0.10084044933319092,1,0.000557891558855772
A,pipe_fryum,gap_ss2d_l1,18,1.8724286556243896,1.8712115287780762,1.8667774200439453,1,0.0014730941038578749
A,pipe_fryum,gap_normal,54,0.5489199161529541,0.3333333432674408,0.08743952214717865,2,0.1845667064189911
A,pipe_fryum,gap_abnormal,54,0.5226831436157227,0.3333333432674408,0.08417927473783493,2,0.1793016791343689
A,pipe_fryum,ss2d_normal,54,0.9999974966049194,0.3333333432674408,1.301427962249989e-25,2,0.47140267491340637
A,pipe_fryum,ss2d_abnormal,54,0.9998592138290405,0.3333333432674408,1.640388674233748e-25,2,0.47130435705184937
A,pipe_fryum,final_normal,54,0.5940276384353638,0.333333283662796,0.07869556546211243,2,0.2056502252817154
A,pipe_fryum,final_abnormal,54,0.5704007148742676,0.3333333432674408,0.0757613480091095,2,0.19809119403362274
A,pipe_fryum,entropy_normal,18,1.002777099609375,0.8857420682907104,0.8749959468841553,2,0.028586361557245255
A,pipe_fryum,entropy_abnormal,18,1.0045009851455688,0.8934166431427002,0.8833171129226685,2,0.02712305076420307
A,pipe_fryum,routing_l1,18,0.05312222242355347,0.05090771242976189,0.026650309562683105,2,0.005923380609601736
A,pipe_fryum,gap_ss2d_l1,18,1.0912659168243408,0.9174180626869202,0.9021551609039307,2,0.042395852506160736
A,pipe_fryum,gap_normal,54,0.5963236689567566,0.333333283662796,0.04136352613568306,3,0.20989538729190826
A,pipe_fryum,gap_abnormal,54,0.5531007647514343,0.3333333432674408,0.040039438754320145,3,0.2009517401456833
A,pipe_fryum,ss2d_normal,54,1.0,0.3333333432674408,3.7060034476984884e-33,3,0.471404492855072
A,pipe_fryum,ss2d_abnormal,54,1.0,0.3333333432674408,1.2249438716783287e-32,3,0.471404492855072
A,pipe_fryum,final_normal,54,0.561599612236023,0.3333333730697632,0.13722717761993408,3,0.15092353522777557
A,pipe_fryum,final_abnormal,54,0.5640400052070618,0.3333333730697632,0.1360355019569397,3,0.14044907689094543
A,pipe_fryum,entropy_normal,18,1.031026005744934,0.9910227656364441,0.971959114074707,3,0.0158716831356287
A,pipe_fryum,entropy_abnormal,18,1.0358229875564575,1.0014145374298096,0.9864911437034607,3,0.013683636672794819
A,pipe_fryum,routing_l1,18,0.08018454909324646,0.06757702678442001,0.015333160758018494,3,0.01480922196060419
A,pipe_fryum,gap_ss2d_l1,18,1.9172730445861816,1.8376576900482178,0.9742230176925659,3,0.2109844833612442
H,pipe_fryum,gap_normal,54,0.5655917525291443,0.3333333432674408,0.07517213374376297,1,0.20048211514949799
H,pipe_fryum,gap_abnormal,54,0.5517526865005493,0.3333333730697632,0.06229764595627785,1,0.20276455581188202
H,pipe_fryum,ss2d_normal,54,0.9999985694885254,0.3333333432674408,1.4753419938631225e-26,1,0.47140347957611084
H,pipe_fryum,ss2d_abnormal,54,0.9999713897705078,0.3333333432674408,1.2535002913598037e-28,1,0.4713842570781708
H,pipe_fryum,final_normal,54,0.609032392501831,0.333333283662796,0.06765491515398026,1,0.22059956192970276
H,pipe_fryum,final_abnormal,54,0.5965745449066162,0.3333333432674408,0.05606788024306297,1,0.2204229086637497
H,pipe_fryum,entropy_normal,18,0.8567423820495605,0.8506062030792236,0.8492904901504517,1,0.0019284248119220138
H,pipe_fryum,entropy_abnormal,18,0.844139814376831,0.8382569551467896,0.8369996547698975,1,0.0018472279189154506
H,pipe_fryum,routing_l1,18,0.048091206699609756,0.04794635996222496,0.04727243259549141,1,0.00021174389985390007
H,pipe_fryum,gap_ss2d_l1,18,0.8782544732093811,0.8704776763916016,0.8688136339187622,1,0.0024422903079539537
H,pipe_fryum,gap_normal,54,0.6234310865402222,0.3333333730697632,0.05750332400202751,2,0.22243233025074005
H,pipe_fryum,gap_abnormal,54,0.6684494614601135,0.3333333432674408,0.04844832047820091,2,0.2457110583782196
H,pipe_fryum,ss2d_normal,54,1.0,0.3333333432674408,4.577360407164128e-29,2,0.471404492855072
H,pipe_fryum,ss2d_abnormal,54,1.0,0.3333333432674408,5.574355842072525e-32,2,0.471404492855072
H,pipe_fryum,final_normal,54,0.561087965965271,0.333333283662796,0.1517529934644699,2,0.1621791422367096
H,pipe_fryum,final_abnormal,54,0.6016045212745667,0.33333325386047363,0.14360348880290985,2,0.18592242896556854
H,pipe_fryum,entropy_normal,18,1.0536690950393677,0.9806298017501831,0.9686644077301025,2,0.022876182571053505
H,pipe_fryum,entropy_abnormal,18,1.0390061140060425,0.9476995468139648,0.9327787160873413,2,0.028559230268001556
H,pipe_fryum,routing_l1,18,0.08103308081626892,0.07730475068092346,0.051779359579086304,2,0.007592305541038513
H,pipe_fryum,gap_ss2d_l1,18,1.884993314743042,1.8665270805358887,1.73358952999115,2,0.038650032132864
H,pipe_fryum,gap_normal,54,0.5507351756095886,0.3333333730697632,0.07989445328712463,3,0.1640433520078659
H,pipe_fryum,gap_abnormal,54,0.5429247617721558,0.3333333432674408,0.0746295377612114,3,0.16509012877941132
H,pipe_fryum,ss2d_normal,54,1.0,0.3333333432674408,1.0619744113698414e-25,3,0.45663678646087646
H,pipe_fryum,ss2d_abnormal,54,1.0,0.3333333432674408,2.1552203783582916e-26,3,0.4557245075702667
H,pipe_fryum,final_normal,54,0.5929436087608337,0.333333283662796,0.07390564680099487,3,0.15993858873844147
H,pipe_fryum,final_abnormal,54,0.5861491560935974,0.333333283662796,0.06936440616846085,3,0.15965978801250458
H,pipe_fryum,entropy_normal,18,1.0979259014129639,0.9700829982757568,0.8686132431030273,3,0.0852346122264862
H,pipe_fryum,entropy_abnormal,18,1.0981978178024292,0.9681264162063599,0.8653198480606079,3,0.0864437073469162
H,pipe_fryum,routing_l1,18,0.02566646784543991,0.01841670088469982,0.007040202617645264,3,0.005320755299180746
H,pipe_fryum,gap_ss2d_l1,18,1.840211033821106,1.2160435914993286,0.2592785060405731,3,0.44151511788368225
A,pipe_fryum,gap_normal,54,0.5747820734977722,0.3333333730697632,0.06392975151538849,1,0.20887279510498047
A,pipe_fryum,gap_abnormal,54,0.5279775857925415,0.3333333730697632,0.05358331650495529,1,0.20234455168247223
A,pipe_fryum,ss2d_normal,54,1.0,0.3333333432674408,6.888505001636761e-25,1,0.471404492855072
A,pipe_fryum,ss2d_abnormal,54,1.0,0.3333333432674408,6.496673845708958e-26,1,0.471404492855072
A,pipe_fryum,final_normal,54,0.5173038244247437,0.333333283662796,0.15753677487373352,1,0.14640644192695618
A,pipe_fryum,final_abnormal,54,0.4751798212528229,0.3333333432674408,0.14822497963905334,1,0.1365155577659607
A,pipe_fryum,entropy_normal,18,1.0010950565338135,0.99820876121521,0.9974079728126526,1,0.0009582933853380382
A,pipe_fryum,entropy_abnormal,18,1.0071535110473633,1.004921555519104,1.0043052434921265,1,0.0007400245522148907
A,pipe_fryum,routing_l1,18,0.10287156701087952,0.10238407552242279,0.10063153505325317,1,0.0005815326585434377
A,pipe_fryum,gap_ss2d_l1,18,1.8721405267715454,1.8708643913269043,1.8662165403366089,1,0.001538007752969861
A,pipe_fryum,gap_normal,54,0.5489138960838318,0.3333333432674408,0.08744405955076218,2,0.18162257969379425
A,pipe_fryum,gap_abnormal,54,0.5226784944534302,0.3333333730697632,0.08418402075767517,2,0.17663723230361938
A,pipe_fryum,ss2d_normal,54,0.9999974966049194,0.3333333432674408,1.3018153669101624e-25,2,0.47140267491340637
A,pipe_fryum,ss2d_abnormal,54,0.9998592138290405,0.3333333432674408,1.640845597261194e-25,2,0.4713040888309479
A,pipe_fryum,final_normal,54,0.5940222144126892,0.3333333432674408,0.07869964838027954,2,0.20290829241275787
A,pipe_fryum,final_abnormal,54,0.5703965425491333,0.3333333432674408,0.07576561719179153,2,0.19562335312366486
A,pipe_fryum,entropy_normal,18,0.9927996397018433,0.8918952941894531,0.8750050067901611,2,0.03133343160152435
A,pipe_fryum,entropy_abnormal,18,0.994802713394165,0.8991591334342957,0.8833256959915161,2,0.02956429496407509
A,pipe_fryum,routing_l1,18,0.05311938375234604,0.04967804625630379,0.028892993927001953,2,0.006405860185623169
A,pipe_fryum,gap_ss2d_l1,18,1.0737696886062622,0.9256507158279419,0.9021671414375305,2,0.04485588148236275
A,pipe_fryum,gap_normal,54,0.5957760810852051,0.3333333432674408,0.041682641953229904,3,0.20109479129314423
A,pipe_fryum,gap_abnormal,54,0.5527080297470093,0.3333333432674408,0.04032156616449356,3,0.19226162135601044
A,pipe_fryum,ss2d_normal,54,1.0,0.3333333432674408,3.7063145863594717e-33,3,0.471404492855072
A,pipe_fryum,ss2d_abnormal,54,1.0,0.3333333432674408,1.2249626061195449e-32,3,0.471404492855072
A,pipe_fryum,final_normal,54,0.5361984372138977,0.3333333432674408,0.1375143826007843,3,0.14165495336055756
A,pipe_fryum,final_abnormal,54,0.4974372088909149,0.333333283662796,0.13628941774368286,3,0.1309823989868164
A,pipe_fryum,entropy_normal,18,1.093681812286377,1.0032421350479126,0.9724526405334473,3,0.03859630972146988
A,pipe_fryum,entropy_abnormal,18,1.0939781665802002,1.0131596326828003,0.9868506789207458,3,0.03398674726486206
A,pipe_fryum,routing_l1,18,0.07997235655784607,0.06343956291675568,0.003216385841369629,3,0.021935803815722466
A,pipe_fryum,gap_ss2d_l1,18,1.9166346788406372,1.830392599105835,1.284191370010376,3,0.16105395555496216
H,pipe_fryum,gap_normal,54,0.5658959150314331,0.33333340287208557,0.07495414465665817,1,0.20087024569511414
H,pipe_fryum,gap_abnormal,54,0.5520098805427551,0.3333333730697632,0.062094852328300476,1,0.2031002789735794
H,pipe_fryum,ss2d_normal,54,0.9999985694885254,0.3333333432674408,1.473817581793541e-26,1,0.47140347957611084
H,pipe_fryum,ss2d_abnormal,54,0.9999713897705078,0.3333333432674408,1.2521047143738521e-28,1,0.4713842570781708
H,pipe_fryum,final_normal,54,0.6093061566352844,0.3333333432674408,0.06745872646570206,1,0.22096270322799683
H,pipe_fryum,final_abnormal,54,0.5968060493469238,0.3333333432674408,0.05588536709547043,1,0.22073934972286224
H,pipe_fryum,entropy_normal,18,0.8510496616363525,0.8497058749198914,0.8488098382949829,1,0.0005203332402743399
H,pipe_fryum,entropy_abnormal,18,0.838675856590271,0.8373941779136658,0.8365412354469299,1,0.0004962297971360385
H,pipe_fryum,routing_l1,18,0.04814694821834564,0.04804304242134094,0.047886986285448074,1,5.998758933856152e-05
H,pipe_fryum,gap_ss2d_l1,18,0.8710399866104126,0.8693386316299438,0.8682053089141846,1,0.000658346398267895
H,pipe_fryum,gap_normal,54,0.6238039135932922,0.3333333432674408,0.05730409175157547,2,0.22972992062568665
H,pipe_fryum,gap_abnormal,54,0.6688714027404785,0.333333283662796,0.048262450844049454,2,0.25387340784072876
H,pipe_fryum,ss2d_normal,54,1.0,0.3333333432674408,4.578233395096732e-29,2,0.471404492855072
H,pipe_fryum,ss2d_abnormal,54,1.0,0.3333333432674408,5.575504300053279e-32,2,0.471404492855072
H,pipe_fryum,final_normal,54,0.5614234805107117,0.333333283662796,0.15157368779182434,2,0.16881367564201355
H,pipe_fryum,final_abnormal,54,0.6019842624664307,0.333333283662796,0.14343620836734772,2,0.193409726023674
H,pipe_fryum,entropy_normal,18,0.9742189645767212,0.9708283543586731,0.9683250784873962,2,0.0014184580650180578
H,pipe_fryum,entropy_abnormal,18,0.9396873116493225,0.935469925403595,0.9323561191558838,2,0.0017647524364292622
H,pipe_fryum,routing_l1,18,0.08112157881259918,0.08047408610582352,0.07958726584911346,2,0.00036986637860536575
H,pipe_fryum,gap_ss2d_l1,18,1.8853918313980103,1.8824200630187988,1.8783197402954102,2,0.0017005978152155876
H,pipe_fryum,gap_normal,54,0.5515203475952148,0.333333283662796,0.07923862338066101,3,0.18294410407543182
H,pipe_fryum,gap_abnormal,54,0.54368656873703,0.3333333432674408,0.07408320158720016,3,0.18375393748283386
H,pipe_fryum,ss2d_normal,54,1.0,0.3333333432674408,1.2128868305455648e-25,3,0.4696670472621918
H,pipe_fryum,ss2d_abnormal,54,1.0,0.3333333432674408,2.4847158688150463e-26,3,0.4686046242713928
H,pipe_fryum,final_normal,54,0.5951225757598877,0.3333333432674408,0.07131475955247879,3,0.1928013116121292
H,pipe_fryum,final_abnormal,54,0.5881669521331787,0.333333283662796,0.06667488068342209,3,0.19234775006771088
H,pipe_fryum,entropy_normal,18,1.0386102199554443,0.9103584289550781,0.8636206388473511,3,0.05975799262523651
H,pipe_fryum,entropy_abnormal,18,1.0371379852294922,0.9074463248252869,0.8605983257293701,3,0.06040838733315468
H,pipe_fryum,routing_l1,18,0.025158360600471497,0.021378837525844574,0.018737785518169403,3,0.0020310566760599613
H,pipe_fryum,gap_ss2d_l1,18,1.7980964183807373,1.065564513206482,0.8646019101142883,3,0.3281879723072052
A,pipe_fryum,gap_normal,54,0.5749548077583313,0.3333333432674408,0.06381230801343918,1,0.2092696875333786
A,pipe_fryum,gap_abnormal,54,0.5280894041061401,0.3333333432674408,0.05347593501210213,1,0.2026413381099701
A,pipe_fryum,ss2d_normal,54,1.0,0.3333333432674408,6.866964661581635e-25,1,0.471404492855072
A,pipe_fryum,ss2d_abnormal,54,1.0,0.3333333432674408,6.475592770612091e-26,1,0.471404492855072
A,pipe_fryum,final_normal,54,0.5174593329429626,0.3333333432674408,0.15743108093738556,1,0.14678065478801727
A,pipe_fryum,final_abnormal,54,0.4752804636955261,0.3333333730697632,0.14812834560871124,1,0.13678863644599915
A,pipe_fryum,entropy_normal,18,0.9983545541763306,0.9976937174797058,0.9972590804100037,1,0.00029210245702415705
A,pipe_fryum,entropy_abnormal,18,1.0050331354141235,1.0045247077941895,1.0041917562484741,1,0.00022443481429945678
A,pipe_fryum,routing_l1,18,0.10296323895454407,0.10269717872142792,0.10229751467704773,1,0.00017702106561046094
A,pipe_fryum,gap_ss2d_l1,18,1.872375249862671,1.8716882467269897,1.8706386089324951,1,0.0004632311756722629
A,pipe_fryum,gap_normal,54,0.5490472912788391,0.3333333730697632,0.0873400866985321,2,0.18823638558387756
A,pipe_fryum,gap_abnormal,54,0.5227870345115662,0.3333333432674408,0.08408065140247345,2,0.18272791802883148
A,pipe_fryum,ss2d_normal,54,0.9999974966049194,0.3333333432674408,1.3013336687199118e-25,2,0.47140270471572876
A,pipe_fryum,ss2d_abnormal,54,0.9998592138290405,0.3333333432674408,1.6402697288003826e-25,2,0.4713049829006195
A,pipe_fryum,final_normal,54,0.5941423177719116,0.3333333432674408,0.07860607653856277,2,0.20914380252361298
A,pipe_fryum,final_abnormal,54,0.5704942345619202,0.333333283662796,0.07567258179187775,2,0.2013242542743683
A,pipe_fryum,entropy_normal,18,0.8820830583572388,0.8779894113540649,0.8747999668121338,2,0.0019257613457739353
A,pipe_fryum,entropy_abnormal,18,0.8898606896400452,0.8860779404640198,0.8831355571746826,2,0.0017775415908545256
A,pipe_fryum,routing_l1,18,0.053163133561611176,0.05251167342066765,0.05168100446462631,2,0.00039040736737661064
A,pipe_fryum,gap_ss2d_l1,18,0.9113970994949341,0.9060521721839905,0.9019002914428711,2,0.0025100503116846085
A,pipe_fryum,gap_normal,54,0.5993790030479431,0.3333333432674408,0.03964627906680107,3,0.21838130056858063
A,pipe_fryum,gap_abnormal,54,0.5553316473960876,0.3333333730697632,0.03839397057890892,3,0.2082565426826477
A,pipe_fryum,ss2d_normal,54,1.0,0.3333333432674408,3.706060018364122e-33,3,0.471404492855072
A,pipe_fryum,ss2d_abnormal,54,1.0,0.3333333432674408,1.2250187359747967e-32,3,0.471404492855072
A,pipe_fryum,final_normal,54,0.5394411087036133,0.3333333432674408,0.1356816589832306,3,0.15458813309669495
A,pipe_fryum,final_abnormal,54,0.4997984766960144,0.3333333432674408,0.13455456495285034,3,0.1425343006849289
A,pipe_fryum,entropy_normal,18,1.0045199394226074,0.9848799109458923,0.9692332744598389,3,0.0138294268399477
A,pipe_fryum,entropy_abnormal,18,1.0133676528930664,0.9970903396606445,0.9843956232070923,3,0.011418157257139683
A,pipe_fryum,routing_l1,18,0.08153936266899109,0.0736665204167366,0.06384855508804321,3,0.0069287437945604324
A,pipe_fryum,gap_ss2d_l1,18,1.9207074642181396,1.8984650373458862,1.8687975406646729,3,0.02063019946217537
H,pipe_fryum,gap_normal,54,0.5657702088356018,0.3333333730697632,0.07504414021968842,1,0.20060427486896515
H,pipe_fryum,gap_abnormal,54,0.551904559135437,0.333333283662796,0.06217781454324722,1,0.2028702050447464
H,pipe_fryum,ss2d_normal,54,0.9999985694885254,0.3333333432674408,1.4749144374154686e-26,1,0.47140347957611084
H,pipe_fryum,ss2d_abnormal,54,0.9999713897705078,0.3333333432674408,1.2531082442454994e-28,1,0.4713842570781708
H,pipe_fryum,final_normal,54,0.6091930270195007,0.3333333432674408,0.06753972172737122,1,0.22071383893489838
H,pipe_fryum,final_abnormal,54,0.5967112183570862,0.333333283662796,0.0559600330889225,1,0.22052249312400818
H,pipe_fryum,entropy_normal,18,0.8567357063293457,0.8503229022026062,0.8490083813667297,1,0.0018234399612993002
H,pipe_fryum,entropy_abnormal,18,0.8441276550292969,0.8379853367805481,0.8367289304733276,1,0.001745668239891529
H,pipe_fryum,routing_l1,18,0.048123087733983994,0.04797664284706116,0.047259073704481125,1,0.00020336094894446433
H,pipe_fryum,gap_ss2d_l1,18,0.8782510757446289,0.870119571685791,0.8684566617012024,1,0.002310564974322915
H,pipe_fryum,gap_normal,54,0.623565673828125,0.3333333432674408,0.05743089318275452,2,0.22506950795650482
H,pipe_fryum,gap_abnormal,54,0.6686018705368042,0.3333333432674408,0.04838147759437561,2,0.24865633249282837
H,pipe_fryum,ss2d_normal,54,1.0,0.3333333432674408,4.57921170732317e-29,2,0.471404492855072
H,pipe_fryum,ss2d_abnormal,54,1.0,0.3333333432674408,5.576907840308161e-32,2,0.471404492855072
H,pipe_fryum,final_normal,54,0.5612090826034546,0.3333333730697632,0.15168780088424683,2,0.16455115377902985
H,pipe_fryum,final_abnormal,54,0.6017416715621948,0.3333333730697632,0.1435433328151703,2,0.18859919905662537
H,pipe_fryum,entropy_normal,18,1.0307782888412476,0.977168083190918,0.96854168176651,2,0.01808908022940159
H,pipe_fryum,entropy_abnormal,18,1.0102261304855347,0.9433739185333252,0.9326262474060059,2,0.02255234308540821
H,pipe_fryum,routing_l1,18,0.08106514811515808,0.07847562432289124,0.06141909956932068,2,0.005685520824044943
H,pipe_fryum,gap_ss2d_l1,18,1.8851382732391357,1.872557520866394,1.7879738807678223,2,0.028026152402162552
H,pipe_fryum,gap_normal,54,0.5497975945472717,0.3333333730697632,0.08055093139410019,3,0.16988664865493774
H,pipe_fryum,gap_abnormal,54,0.542130708694458,0.3333333432674408,0.07545056194067001,3,0.17086903750896454
H,pipe_fryum,ss2d_normal,54,1.0,0.3333333432674408,4.800483862749237e-25,3,0.45972681045532227
H,pipe_fryum,ss2d_abnormal,54,1.0,0.3333333432674408,1.053609527546104e-25,3,0.4593539535999298
H,pipe_fryum,final_normal,54,0.5946981310844421,0.3333333432674408,0.07249583303928375,3,0.17195835709571838
H,pipe_fryum,final_abnormal,54,0.5876584053039551,0.333333283662796,0.0679055005311966,3,0.17171981930732727
H,pipe_fryum,entropy_normal,18,1.097772240638733,0.9495633244514465,0.8654625415802002,3,0.08055662363767624
H,pipe_fryum,entropy_abnormal,18,1.0980808734893799,0.9471498131752014,0.8621619939804077,3,0.08174440264701843
H,pipe_fryum,routing_l1,18,0.023260146379470825,0.019100069999694824,0.007279485464096069,3,0.004283795598894358
H,pipe_fryum,gap_ss2d_l1,18,1.8236236572265625,1.134909749031067,0.031924545764923096,3,0.4488464891910553
A,pipe_fryum,gap_normal,54,0.5750668048858643,0.333333283662796,0.06373606622219086,1,0.20902897417545319
A,pipe_fryum,gap_abnormal,54,0.5281632542610168,0.3333333432674408,0.05340581387281418,1,0.20246092975139618
A,pipe_fryum,ss2d_normal,54,1.0,0.3333333432674408,6.876847609609857e-25,1,0.471404492855072
A,pipe_fryum,ss2d_abnormal,54,1.0,0.3333333432674408,6.485308701995536e-26,1,0.471404492855072
A,pipe_fryum,final_normal,54,0.5175601243972778,0.3333333432674408,0.1573624610900879,1,0.14655384421348572
A,pipe_fryum,final_abnormal,54,0.4753469228744507,0.333333283662796,0.1480652391910553,1,0.13662271201610565
A,pipe_fryum,entropy_normal,18,1.0012768507003784,0.9980061054229736,0.9971624612808228,1,0.0009343881392851472
A,pipe_fryum,entropy_abnormal,18,1.0072965621948242,1.0047659873962402,1.004117488861084,1,0.0007217724923975766
A,pipe_fryum,routing_l1,18,0.10302087664604187,0.10250788182020187,0.10052765905857086,1,0.0005660225870087743
A,pipe_fryum,gap_ss2d_l1,18,1.872527837753296,1.8711867332458496,1.865918517112732,1,0.0014998571714386344
A,pipe_fryum,gap_normal,54,0.5490691065788269,0.3333333432674408,0.0873233824968338,2,0.18433621525764465
A,pipe_fryum,gap_abnormal,54,0.5228040814399719,0.3333333432674408,0.08406409621238708,2,0.17914384603500366
A,pipe_fryum,ss2d_normal,54,0.9999974966049194,0.3333333432674408,1.3013585671422328e-25,2,0.47140267491340637
A,pipe_fryum,ss2d_abnormal,54,0.9998592138290405,0.3333333432674408,1.64029475048222e-25,2,0.4713044762611389
A,pipe_fryum,final_normal,54,0.5941619277000427,0.3333333432674408,0.07859104126691818,2,0.2054726630449295
A,pipe_fryum,final_abnormal,54,0.5705095529556274,0.3333333432674408,0.0756576880812645,2,0.19797448813915253
A,pipe_fryum,entropy_normal,18,0.9592860341072083,0.8862537145614624,0.8747668266296387,2,0.024144530296325684
A,pipe_fryum,entropy_abnormal,18,0.9625229835510254,0.893844485282898,0.8831052780151367,2,0.02267262525856495
A,pipe_fryum,routing_l1,18,0.05317145586013794,0.05083875358104706,0.03602549433708191,2,0.004888541996479034
A,pipe_fryum,gap_ss2d_l1,18,1.0196644067764282,0.9175558090209961,0.9018566608428955,2,0.033531442284584045
A,pipe_fryum,gap_normal,54,0.5962327122688293,0.3333333432674408,0.041412580758333206,3,0.20675571262836456
A,pipe_fryum,gap_abnormal,54,0.5530331134796143,0.333333283662796,0.04009472578763962,3,0.19768108427524567
A,pipe_fryum,ss2d_normal,54,1.0,0.3333333432674408,3.706286301026655e-33,3,0.471404492855072
A,pipe_fryum,ss2d_abnormal,54,1.0,0.3333333432674408,1.2250187359747967e-32,3,0.471404492855072
A,pipe_fryum,final_normal,54,0.536609411239624,0.3333333432674408,0.13727131485939026,3,0.14484214782714844
A,pipe_fryum,final_abnormal,54,0.4977297782897949,0.3333333432674408,0.13608525693416595,3,0.13383039832115173
A,pipe_fryum,entropy_normal,18,1.094028353691101,0.9988074898719788,0.9720380902290344,3,0.034350696951150894
A,pipe_fryum,entropy_abnormal,18,1.0943187475204468,1.0092705488204956,0.9865590333938599,3,0.030262788757681847
A,pipe_fryum,routing_l1,18,0.08013136684894562,0.06685705482959747,0.019209742546081543,3,0.016791770234704018
A,pipe_fryum,gap_ss2d_l1,18,1.9171748161315918,1.862292766571045,1.5655502080917358,3,0.09427493810653687
H,pipe_fryum,gap_normal,54,0.5657419562339783,0.3333333730697632,0.07506498694419861,1,0.20067870616912842
H,pipe_fryum,gap_abnormal,54,0.5518785715103149,0.333333283662796,0.06219767779111862,1,0.20293423533439636
H,pipe_fryum,ss2d_normal,54,0.9999985694885254,0.3333333432674408,1.4754885186132915e-26,1,0.47140347957611084
H,pipe_fryum,ss2d_abnormal,54,0.9999713897705078,0.3333333432674408,1.2536437731406606e-28,1,0.4713842570781708
H,pipe_fryum,final_normal,54,0.6091675758361816,0.333333283662796,0.06755848973989487,1,0.2207835167646408
H,pipe_fryum,final_abnormal,54,0.5966878533363342,0.3333333432674408,0.05597790703177452,1,0.2205827832221985
H,pipe_fryum,entropy_normal,18,0.8548624515533447,0.8501504063606262,0.8490539789199829,1,0.001530778012238443
H,pipe_fryum,entropy_abnormal,18,0.8423282504081726,0.8378208875656128,0.8367742300033569,1,0.0014643031172454357
H,pipe_fryum,routing_l1,18,0.0481206439435482,0.04799731448292732,0.047466639429330826,1,0.00017045935965143144
H,pipe_fryum,gap_ss2d_l1,18,0.8758708238601685,0.8699004650115967,0.8685131072998047,1,0.0019380516605451703
H,pipe_fryum,gap_normal,54,0.6232135891914368,0.3333333730697632,0.057618387043476105,2,0.22572407126426697
H,pipe_fryum,gap_abnormal,54,0.6682067513465881,0.333333283662796,0.04855654761195183,2,0.24938011169433594
H,pipe_fryum,ss2d_normal,54,1.0,0.3333333432674408,4.5758936911408553e-29,2,0.471404492855072
H,pipe_fryum,ss2d_abnormal,54,1.0,0.3333333432674408,5.572399819472757e-32,2,0.471404492855072
H,pipe_fryum,final_normal,54,0.5608922243118286,0.3333333432674408,0.15185654163360596,2,0.1651013344526291
H,pipe_fryum,final_abnormal,54,0.6013860702514648,0.3333333432674408,0.14370089769363403,2,0.18921920657157898
H,pipe_fryum,entropy_normal,18,1.0199558734893799,0.9763363599777222,0.96886146068573,2,0.014172505587339401
H,pipe_fryum,entropy_abnormal,18,0.9966909885406494,0.942331850528717,0.9330220222473145,2,0.01765746809542179
H,pipe_fryum,routing_l1,18,0.08098769187927246,0.0788223147392273,0.06541040539741516,2,0.00428520143032074
H,pipe_fryum,gap_ss2d_l1,18,1.8847631216049194,1.8744786977767944,1.8091548681259155,2,0.020690932869911194
H,pipe_fryum,gap_normal,54,0.5511338114738464,0.333333283662796,0.0794937014579773,3,0.16905063390731812
H,pipe_fryum,gap_abnormal,54,0.543366014957428,0.3333333432674408,0.07444269210100174,3,0.16999486088752747
H,pipe_fryum,ss2d_normal,54,1.0,0.333333283662796,1.0430799600946337e-25,3,0.4710678160190582
H,pipe_fryum,ss2d_abnormal,54,1.0,0.3333333432674408,2.122891564237412e-26,3,0.47064778208732605
H,pipe_fryum,final_normal,54,0.5959540605545044,0.3333333432674408,0.07154432684183121,3,0.1777302324771881
H,pipe_fryum,final_abnormal,54,0.5888742804527283,0.333333283662796,0.0669984221458435,3,0.1773790866136551
H,pipe_fryum,entropy_normal,18,1.097508192062378,0.9388032555580139,0.8632756471633911,3,0.08568895608186722
H,pipe_fryum,entropy_abnormal,18,1.0974557399749756,0.9362705945968628,0.8600320816040039,3,0.0868682786822319
H,pipe_fryum,routing_l1,18,0.02339257299900055,0.019164785742759705,0.008859246969223022,3,0.004540365654975176
H,pipe_fryum,gap_ss2d_l1,18,1.8045694828033447,1.1248606443405151,0.8956938982009888,3,0.3266005516052246
A,pipe_fryum,gap_normal,54,0.5749695301055908,0.3333333432674408,0.06380193680524826,1,0.20904763042926788
A,pipe_fryum,gap_abnormal,54,0.5281000733375549,0.3333333432674408,0.0534663200378418,1,0.20247523486614227
A,pipe_fryum,ss2d_normal,54,1.0,0.3333333432674408,6.88369788049557e-25,1,0.471404492855072
A,pipe_fryum,ss2d_abnormal,54,1.0,0.3333333432674408,6.491967181073667e-26,1,0.471404492855072
A,pipe_fryum,final_normal,54,0.5174725651741028,0.3333333432674408,0.15742173790931702,1,0.1465713381767273
A,pipe_fryum,final_abnormal,54,0.47529006004333496,0.33333325386047363,0.14811968803405762,1,0.13663581013679504
A,pipe_fryum,entropy_normal,18,1.0000793933868408,0.9979819059371948,0.997246265411377,1,0.0007873772410675883
A,pipe_fryum,entropy_abnormal,18,1.0063656568527222,1.004746913909912,1.0041813850402832,1,0.0006069383234716952
A,pipe_fryum,routing_l1,18,0.10296911001205444,0.10252217948436737,0.10125216841697693,1,0.0004774317203555256
A,pipe_fryum,gap_ss2d_l1,18,1.8723959922790527,1.8712270259857178,1.8678679466247559,1,0.0012583212228491902
A,pipe_fryum,gap_normal,54,0.5489248633384705,0.3333333432674408,0.08743511885404587,2,0.1846139132976532
A,pipe_fryum,gap_abnormal,54,0.5226874947547913,0.3333333432674408,0.08417584002017975,2,0.17943568527698517
A,pipe_fryum,ss2d_normal,54,0.9999974966049194,0.3333333432674408,1.3015968277875128e-25,2,0.47140267491340637
A,pipe_fryum,ss2d_abnormal,54,0.9998592138290405,0.3333333432674408,1.6405889709479642e-25,2,0.47130465507507324
A,pipe_fryum,final_normal,54,0.5940321087837219,0.3333333730697632,0.07869160175323486,2,0.20574812591075897
A,pipe_fryum,final_abnormal,54,0.5704046487808228,0.333333283662796,0.07575825601816177,2,0.1982559710741043
A,pipe_fryum,entropy_normal,18,0.9395501613616943,0.8856965899467468,0.8749877214431763,2,0.019304711371660233
A,pipe_fryum,entropy_abnormal,18,0.9437079429626465,0.8932826519012451,0.8833104372024536,2,0.018064774572849274
A,pipe_fryum,routing_l1,18,0.05312158912420273,0.05095445364713669,0.0401025116443634,2,0.003896621987223625
A,pipe_fryum,gap_ss2d_l1,18,0.9902783632278442,0.9165464043617249,0.9021451473236084,2,0.02637934871017933
A,pipe_fryum,gap_normal,54,0.5964083671569824,0.3333333730697632,0.0413222461938858,3,0.2050054520368576
A,pipe_fryum,gap_abnormal,54,0.553171694278717,0.3333333730697632,0.03997322544455528,3,0.19621197879314423
A,pipe_fryum,ss2d_normal,54,1.0,0.3333333432674408,3.7060034476984884e-33,3,0.471404492855072
A,pipe_fryum,ss2d_abnormal,54,1.0,0.3333333432674408,1.2249626061195449e-32,3,0.471404492855072
A,pipe_fryum,final_normal,54,0.5367675423622131,0.3333333432674408,0.13719001412391663,3,0.1434997320175171
A,pipe_fryum,final_abnormal,54,0.4978545010089874,0.333333283662796,0.1359758973121643,3,0.13280841708183289
A,pipe_fryum,entropy_normal,18,1.0977587699890137,1.0006715059280396,0.9718889594078064,3,0.03243216872215271
A,pipe_fryum,entropy_abnormal,18,1.098063349723816,1.0107378959655762,0.9864124655723572,3,0.02845708653330803
A,pipe_fryum,routing_l1,18,0.08025428652763367,0.0655849352478981,0.009103924036026001,3,0.017251912504434586
A,pipe_fryum,gap_ss2d_l1,18,1.9173555374145508,1.8557368516921997,1.444732666015625,3,0.10884782671928406
H,pipe_fryum,gap_normal,18,0.5656596422195435,0.3333333432674408,0.07512498646974564,1,0.20089803636074066
H,pipe_fryum,gap_abnormal,18,0.5518070459365845,0.3333333432674408,0.06225300952792168,1,0.20312334597110748
H,pipe_fryum,ss2d_normal,18,0.9999985694885254,0.3333333432674408,1.475736116166942e-26,1,0.47140347957611084
H,pipe_fryum,ss2d_abnormal,18,0.9999713897705078,0.3333333432674408,1.2538636902661853e-28,1,0.47138428688049316
H,pipe_fryum,final_normal,18,0.6090934872627258,0.333333283662796,0.06761248409748077,1,0.22098879516124725
H,pipe_fryum,final_abnormal,18,0.5966234803199768,0.3333333432674408,0.05602770671248436,1,0.22076095640659332
H,pipe_fryum,entropy_normal,6,0.8505631685256958,0.8496415615081787,0.8491853475570679,1,0.0004825047799386084
H,pipe_fryum,entropy_abnormal,6,0.8382155299186707,0.8373344540596008,0.8368998765945435,1,0.00046095598372630775
H,pipe_fryum,routing_l1,6,0.04810960963368416,0.048055123537778854,0.047956544905900955,1,5.3111107263248414e-05
H,pipe_fryum,gap_ss2d_l1,6,0.8704191446304321,0.869255781173706,0.8686778545379639,1,0.0006095498683862388
H,pipe_fryum,gap_normal,18,0.6231051683425903,0.3333333432674408,0.05767631158232689,2,0.22988934814929962
H,pipe_fryum,gap_abnormal,18,0.6680842638015747,0.3333333432674408,0.048610884696245193,2,0.25405341386795044
H,pipe_fryum,ss2d_normal,18,1.0,0.3333333432674408,4.579770527933596e-29,2,0.4714045226573944
H,pipe_fryum,ss2d_abnormal,18,1.0,0.3333333432674408,5.577716580421526e-32,2,0.4714045226573944
H,pipe_fryum,final_normal,18,0.5607946515083313,0.3333333432674408,0.15190868079662323,2,0.1689656674861908
H,pipe_fryum,final_abnormal,18,0.6012758016586304,0.3333333432674408,0.14374980330467224,2,0.19358186423778534
H,pipe_fryum,entropy_normal,6,0.9729131460189819,0.9706034064292908,0.9689599871635437,2,0.0016170593444257975
H,pipe_fryum,entropy_abnormal,6,0.9380635023117065,0.9351892471313477,0.9331446886062622,2,0.002011037664487958
H,pipe_fryum,routing_l1,6,0.08096243441104889,0.08053522557020187,0.07992805540561676,2,0.0004194335197098553
H,pipe_fryum,gap_ss2d_l1,6,1.8846474885940552,1.882686972618103,1.8799147605895996,2,0.0019370366353541613
H,pipe_fryum,gap_normal,18,0.5425099730491638,0.3333333432674408,0.08630185574293137,3,0.16529449820518494
H,pipe_fryum,gap_abnormal,18,0.5354642868041992,0.3333333134651184,0.08129476755857468,3,0.16654932498931885
H,pipe_fryum,ss2d_normal,18,1.0,0.3333333432674408,5.925500093359816e-25,3,0.4712415337562561
H,pipe_fryum,ss2d_abnormal,18,1.0,0.3333333432674408,1.311163245377515e-25,3,0.47099068760871887
H,pipe_fryum,final_normal,18,0.5882266759872437,0.3333333134651184,0.07767166942358017,3,0.1688252091407776
H,pipe_fryum,final_abnormal,18,0.581835150718689,0.3333333134651184,0.07316529005765915,3,0.16876620054244995
H,pipe_fryum,entropy_normal,6,1.0918887853622437,0.9557914137840271,0.8768889307975769,3,0.07915651053190231
H,pipe_fryum,entropy_abnormal,6,1.091192603111267,0.9532885551452637,0.8735858201980591,3,0.08020865172147751
H,pipe_fryum,routing_l1,6,0.021795839071273804,0.018580293282866478,0.011968940496444702,3,0.0031776451505720615
H,pipe_fryum,gap_ss2d_l1,6,1.7986136674880981,1.1944608688354492,0.9143345952033997,3,0.3566437065601349
A,pipe_fryum,gap_normal,18,0.5747981667518616,0.3333333432674408,0.06391850113868713,1,0.20917858183383942
A,pipe_fryum,gap_abnormal,18,0.5279883146286011,0.3333333730697632,0.05357338488101959,1,0.20257338881492615
A,pipe_fryum,ss2d_normal,18,1.0,0.3333333432674408,6.891264535690837e-25,1,0.4714045226573944
A,pipe_fryum,ss2d_abnormal,18,1.0,0.3333333432674408,6.49937569430934e-26,1,0.4714045226573944
A,pipe_fryum,final_normal,18,0.5173183083534241,0.3333333134651184,0.1575266420841217,1,0.1466946303844452
A,pipe_fryum,final_abnormal,18,0.4751894772052765,0.3333333730697632,0.14821603894233704,1,0.13672605156898499
A,pipe_fryum,entropy_normal,6,0.9983044862747192,0.9978120923042297,0.9973939657211304,1,0.00032189124613069
A,pipe_fryum,entropy_abnormal,6,1.0049941539764404,1.0046159029006958,1.004294753074646,1,0.00024726230185478926
A,pipe_fryum,routing_l1,6,0.10287892818450928,0.10262557119131088,0.1023264229297638,1,0.00019535262254066765
A,pipe_fryum,gap_ss2d_l1,6,1.8721630573272705,1.8715001344680786,1.8707185983657837,1,0.0005104925949126482
A,pipe_fryum,gap_normal,18,0.5482845902442932,0.3333333432674408,0.0879368931055069,2,0.18847906589508057
A,pipe_fryum,gap_abnormal,18,0.5221672654151917,0.3333333432674408,0.08466950058937073,2,0.18294210731983185
A,pipe_fryum,ss2d_normal,18,0.9999974966049194,0.3333333432674408,1.3015819133860235e-25,2,0.47140273451805115
A,pipe_fryum,ss2d_abnormal,18,0.9998592138290405,0.3333333432674408,1.6405702355014652e-25,2,0.4713049530982971
A,pipe_fryum,final_normal,18,0.5934558510780334,0.3333333432674408,0.07914320379495621,2,0.20936983823776245
A,pipe_fryum,final_abnormal,18,0.5699364542961121,0.3333333134651184,0.07620254904031754,2,0.20152322947978973
A,pipe_fryum,entropy_normal,6,0.8807573914527893,0.8774635195732117,0.8759732246398926,2,0.001987195573747158
A,pipe_fryum,entropy_abnormal,6,0.8886381387710571,0.8855936527252197,0.8842172622680664,2,0.0018356399377807975
A,pipe_fryum,routing_l1,6,0.05292007327079773,0.05261833593249321,0.05194495618343353,2,0.00040434111724607646
A,pipe_fryum,gap_ss2d_l1,6,0.9096639752388,0.9053674340248108,0.9034258127212524,2,0.002590490970760584
A,pipe_fryum,gap_normal,18,0.5925838351249695,0.3333333432674408,0.04349596053361893,3,0.2098320871591568
A,pipe_fryum,gap_abnormal,18,0.5503262877464294,0.3333333730697632,0.042200978845357895,3,0.20117999613285065
A,pipe_fryum,ss2d_normal,18,1.0,0.3333333432674408,3.706880293015805e-33,3,0.4714045226573944
A,pipe_fryum,ss2d_abnormal,18,1.0,0.3333333432674408,1.2251215182620967e-32,3,0.4714045226573944
A,pipe_fryum,final_normal,18,0.5333254337310791,0.3333333730697632,0.1391463577747345,3,0.146497443318367
A,pipe_fryum,final_abnormal,18,0.49529364705085754,0.3333333432674408,0.1379808783531189,3,0.1359720230102539
A,pipe_fryum,entropy_normal,6,1.0102043151855469,0.9964866638183594,0.97527015209198,3,0.013447238132357597
A,pipe_fryum,entropy_abnormal,6,1.017721176147461,1.0066102743148804,0.9891636967658997,3,0.011126799508929253
A,pipe_fryum,routing_l1,6,0.07839453220367432,0.06802801042795181,0.06195680797100067,3,0.006572680547833443
A,pipe_fryum,gap_ss2d_l1,6,1.9130080938339233,1.880820631980896,1.8586020469665527,3,0.020755112171173096
H,pcb4,gap_normal,54,0.5863170027732849,0.3333333432674408,0.048068564385175705,1,0.219611257314682
H,pcb4,gap_abnormal,54,0.5667011141777039,0.3333333432674408,0.04693650081753731,1,0.2143034189939499
H,pcb4,ss2d_normal,54,0.9999992847442627,0.3333333432674408,3.0630205274261746e-33,1,0.47140398621559143
H,pcb4,ss2d_abnormal,54,0.9999887943267822,0.3333333432674408,4.299515688216446e-33,1,0.4713965654373169
H,pcb4,final_normal,54,0.6276851892471313,0.3333333432674408,0.043261706829071045,1,0.23736539483070374
H,pcb4,final_abnormal,54,0.6100298762321472,0.3333333432674408,0.04224285110831261,1,0.23090015351772308
H,pcb4,entropy_normal,18,0.8045138120651245,0.7974916696548462,0.7939406633377075,1,0.0024410979822278023
H,pcb4,entropy_abnormal,18,0.8123886585235596,0.8058154582977295,0.8024926781654358,1,0.0022851263638585806
H,pcb4,routing_l1,18,0.03734836354851723,0.036926817148923874,0.036076292395591736,1,0.00029206182807683945
H,pcb4,gap_ss2d_l1,18,0.8397282958030701,0.8315137624740601,0.8273645639419556,1,0.0028536950703710318
H,pcb4,gap_normal,54,0.6821152567863464,0.3333333432674408,0.012218181043863297,2,0.2682740390300751
H,pcb4,gap_abnormal,54,0.7067965865135193,0.333333283662796,0.017629263922572136,2,0.27698925137519836
H,pcb4,ss2d_normal,54,1.0,0.3333333432674408,0.0,2,0.471404492855072
H,pcb4,ss2d_abnormal,54,1.0,0.3333333432674408,0.0,2,0.471404492855072
H,pcb4,final_normal,54,0.6139037013053894,0.333333283662796,0.11099636554718018,2,0.20351114869117737
H,pcb4,final_abnormal,54,0.6361169219017029,0.3333333432674408,0.11586634069681168,2,0.21362978219985962
H,pcb4,entropy_normal,18,0.9156099557876587,0.9084839224815369,0.8985825777053833,2,0.005456100683659315
H,pcb4,entropy_abnormal,18,0.9050850868225098,0.8959827423095703,0.8832905292510986,2,0.006985098123550415
H,pcb4,routing_l1,18,0.05416630953550339,0.05274681746959686,0.0516992062330246,2,0.0007889712578617036
H,pcb4,gap_ss2d_l1,18,1.975563645362854,1.970063328742981,1.9657856225967407,2,0.0031241229735314846
H,pcb4,gap_normal,54,0.5838750600814819,0.333333283662796,0.038441915065050125,3,0.21114012598991394
H,pcb4,gap_abnormal,54,0.5628222823143005,0.3333333432674408,0.04584629088640213,3,0.20152311027050018
H,pcb4,ss2d_normal,54,1.0,0.3333333432674408,7.801840631382302e-37,3,0.47063329815864563
H,pcb4,ss2d_abnormal,54,1.0,0.3333333432674408,5.095446586578063e-34,3,0.4699838161468506
H,pcb4,final_normal,54,0.6235386729240417,0.33333340287208557,0.034597720950841904,3,0.17349019646644592
H,pcb4,final_abnormal,54,0.6030219793319702,0.3333333432674408,0.04126166179776192,3,0.1640201359987259
H,pcb4,entropy_normal,18,1.030203104019165,0.9437327980995178,0.7778477668762207,3,0.08449958264827728
H,pcb4,entropy_abnormal,18,1.0396806001663208,0.9594916105270386,0.80422043800354,3,0.07871812582015991
H,pcb4,routing_l1,18,0.04103337973356247,0.0351332426071167,0.029277250170707703,3,0.0024261116050183773
H,pcb4,gap_ss2d_l1,18,1.9216997623443604,1.6048561334609985,0.7932721376419067,3,0.4621292054653168
A,pcb4,gap_normal,54,0.5909468531608582,0.3333333432674408,0.03704775124788284,1,0.2270052134990692
A,pcb4,gap_abnormal,54,0.5438641905784607,0.3333333730697632,0.03961331397294998,1,0.2134713977575302
A,pcb4,ss2d_normal,54,1.0,0.3333333432674408,6.486872123211903e-32,1,0.471404492855072
A,pcb4,ss2d_abnormal,54,1.0,0.3333333432674408,3.0538222282950085e-30,1,0.471404492855072
A,pcb4,final_normal,54,0.531852126121521,0.3333333432674408,0.13334298133850098,1,0.1619560271501541
A,pcb4,final_abnormal,54,0.4894777536392212,0.333333283662796,0.13565197587013245,1,0.14682073891162872
A,pcb4,entropy_normal,18,0.9752069711685181,0.9719550609588623,0.9708155393600464,1,0.0010021921480074525
A,pcb4,entropy_abnormal,18,0.9920186400413513,0.9894031882286072,0.9884911179542542,1,0.0008045189315453172
A,pcb4,routing_l1,18,0.08474880456924438,0.08410120755434036,0.082272008061409,1,0.0005664383061230183
A,pcb4,gap_ss2d_l1,18,1.925904393196106,1.924428939819336,1.920149564743042,1,0.0013111756416037679
A,pcb4,gap_normal,54,0.568930447101593,0.3333333730697632,0.05317710340023041,2,0.20712782442569733
A,pcb4,gap_abnormal,54,0.5423104763031006,0.333333283662796,0.0648961290717125,2,0.1937422752380371
A,pcb4,ss2d_normal,54,0.9999978542327881,0.3333333432674408,1.908541995215674e-33,2,0.47140300273895264
A,pcb4,ss2d_abnormal,54,0.9999641180038452,0.3333333432674408,4.434185872318719e-30,2,0.4713791012763977
A,pcb4,final_normal,54,0.612037181854248,0.3333333432674408,0.04785939306020737,2,0.22491297125816345
A,pcb4,final_abnormal,54,0.5880758166313171,0.3333333730697632,0.058406513184309006,2,0.21141375601291656
A,pcb4,entropy_normal,18,0.8378465175628662,0.8280205130577087,0.8127586245536804,2,0.00861216988414526
A,pcb4,entropy_abnormal,18,0.8689242005348206,0.8598442673683167,0.8456981182098389,2,0.007972781546413898
A,pcb4,routing_l1,18,0.04792274907231331,0.04630317538976669,0.045254968106746674,2,0.0009128687088377774
A,pcb4,gap_ss2d_l1,18,0.8907999396324158,0.8795592784881592,0.8621348142623901,2,0.009839368052780628
A,pcb4,gap_normal,54,0.6025533080101013,0.3333333730697632,0.028486762195825577,3,0.22070159018039703
A,pcb4,gap_abnormal,54,0.5633625984191895,0.3333333432674408,0.03342822194099426,3,0.20851974189281464
A,pcb4,ss2d_normal,54,1.0,0.3333333432674408,2.1399116744827136e-39,3,0.471404492855072
A,pcb4,ss2d_abnormal,54,1.0,0.3333333432674408,1.6761881124251826e-36,3,0.471404492855072
A,pcb4,final_normal,54,0.5422979593276978,0.3333333432674408,0.12563808262348175,3,0.1557862013578415
A,pcb4,final_abnormal,54,0.5070263147354126,0.3333333730697632,0.13008540868759155,3,0.14280563592910767
A,pcb4,entropy_normal,18,1.0048656463623047,0.9808716177940369,0.9585474729537964,3,0.01177374180406332
A,pcb4,entropy_abnormal,18,1.01772141456604,0.9967857003211975,0.9775313138961792,3,0.010221478529274464
A,pcb4,routing_l1,18,0.07054324448108673,0.06187902390956879,0.05309213697910309,3,0.004424361512064934
A,pcb4,gap_ss2d_l1,18,1.9430264234542847,1.9135777950286865,1.8761895895004272,3,0.017222903668880463
H,pcb4,gap_normal,54,0.5875593423843384,0.3333333432674408,0.0473078191280365,1,0.22003665566444397
H,pcb4,gap_abnormal,54,0.5677768588066101,0.3333333432674408,0.046187568455934525,1,0.21468451619148254
H,pcb4,ss2d_normal,54,0.9999992847442627,0.3333333432674408,3.0620626832012467e-33,1,0.47140398621559143
H,pcb4,ss2d_abnormal,54,0.9999887943267822,0.3333333432674408,4.2982039099893254e-33,1,0.4713965654373169
H,pcb4,final_normal,54,0.6288033127784729,0.3333333730697632,0.04257703572511673,1,0.23776915669441223
H,pcb4,final_abnormal,54,0.6109980344772339,0.3333333432674408,0.0415688119828701,1,0.23126310110092163
H,pcb4,entropy_normal,18,0.8030781745910645,0.7963411808013916,0.791822612285614,1,0.0034633390605449677
H,pcb4,entropy_abnormal,18,0.8110455274581909,0.8047405481338501,0.8005213141441345,1,0.003239364828914404
H,pcb4,routing_l1,18,0.03762711212038994,0.037066929042339325,0.03625788167119026,1,0.0004182150005362928
H,pcb4,gap_ss2d_l1,18,0.8380450010299683,0.8301683664321899,0.8248798847198486,1,0.004049690440297127
H,pcb4,gap_normal,54,0.6832500100135803,0.333333283662796,0.011962490156292915,2,0.27129843831062317
H,pcb4,gap_abnormal,54,0.7080954909324646,0.3333333730697632,0.01729622669517994,2,0.28073710203170776
H,pcb4,ss2d_normal,54,1.0,0.3333333432674408,0.0,2,0.471404492855072
H,pcb4,ss2d_abnormal,54,1.0,0.3333333432674408,0.0,2,0.471404492855072
H,pcb4,final_normal,54,0.614924967288971,0.3333333432674408,0.11076623946428299,2,0.20653373003005981
H,pcb4,final_abnormal,54,0.6372859477996826,0.3333333432674408,0.11556660383939743,2,0.21731218695640564
H,pcb4,entropy_normal,18,0.9223599433898926,0.9034473896026611,0.8975516557693481,2,0.007059494033455849
H,pcb4,entropy_abnormal,18,0.9136080741882324,0.889519453048706,0.8819582462310791,2,0.009023432619869709
H,pcb4,routing_l1,18,0.054322630167007446,0.053468722850084305,0.05075496435165405,2,0.001014742418192327
H,pcb4,gap_ss2d_l1,18,1.9760750532150269,1.972811222076416,1.9611685276031494,2,0.004126148298382759
H,pcb4,gap_normal,54,0.5828397870063782,0.3333333432674408,0.03913436830043793,3,0.20995965600013733
H,pcb4,gap_abnormal,54,0.5617924928665161,0.333333283662796,0.04648679122328758,3,0.20021900534629822
H,pcb4,ss2d_normal,54,1.0,0.3333333432674408,1.1822915227845046e-36,3,0.4713446795940399
H,pcb4,ss2d_abnormal,54,1.0,0.3333333432674408,7.423339579293865e-34,3,0.4711485803127289
H,pcb4,final_normal,54,0.6054555773735046,0.333333283662796,0.04770166054368019,3,0.20355775952339172
H,pcb4,final_abnormal,54,0.5881896615028381,0.333333283662796,0.05578840151429176,3,0.19390562176704407
H,pcb4,entropy_normal,18,1.0133841037750244,0.8777016401290894,0.8162142038345337,3,0.08389487117528915
H,pcb4,entropy_abnormal,18,1.0243077278137207,0.8981377482414246,0.840857744216919,3,0.07805269956588745
H,pcb4,routing_l1,18,0.037885233759880066,0.034509602934122086,0.032071784138679504,3,0.0010898923501372337
H,pcb4,gap_ss2d_l1,18,1.9217312335968018,1.2162400484085083,0.8764858841896057,3,0.47689154744148254
A,pcb4,gap_normal,54,0.5921524167060852,0.3333333432674408,0.0363667756319046,1,0.2273407280445099
A,pcb4,gap_abnormal,54,0.544728696346283,0.3333333730697632,0.0389108844101429,1,0.2137434333562851
A,pcb4,ss2d_normal,54,1.0,0.3333333432674408,6.468487391565043e-32,1,0.471404492855072
A,pcb4,ss2d_abnormal,54,1.0,0.3333333432674408,3.0456321359748634e-30,1,0.471404492855072
A,pcb4,final_normal,54,0.5329371690750122,0.3333333432674408,0.13273009657859802,1,0.1622781902551651
A,pcb4,final_abnormal,54,0.49025580286979675,0.3333333432674408,0.13501979410648346,1,0.14707431197166443
A,pcb4,entropy_normal,18,0.9744662046432495,0.9714592695236206,0.9697462320327759,1,0.0014328622492030263
A,pcb4,entropy_abnormal,18,0.9914193153381348,0.9890077114105225,0.9876388907432556,1,0.001148010022006929
A,pcb4,routing_l1,18,0.0853627473115921,0.08438512682914734,0.08268094062805176,1,0.0008132249349728227
A,pcb4,gap_ss2d_l1,18,1.9272664785385132,1.9250632524490356,1.9211386442184448,1,0.001861524535343051
A,pcb4,gap_normal,54,0.5688514709472656,0.333333283662796,0.053232062608003616,2,0.20998230576515198
A,pcb4,gap_abnormal,54,0.5422393083572388,0.3333333730697632,0.06495600938796997,2,0.19653521478176117
A,pcb4,ss2d_normal,54,0.9999978542327881,0.3333333432674408,1.9079305544822542e-33,2,0.47140300273895264
A,pcb4,ss2d_abnormal,54,0.9999641180038452,0.3333333432674408,4.4328666855384524e-30,2,0.4713791310787201
A,pcb4,final_normal,54,0.611966073513031,0.333333283662796,0.047908853739500046,2,0.22761134803295135
A,pcb4,final_abnormal,54,0.5880117416381836,0.33333325386047363,0.058460406959056854,2,0.21403011679649353
A,pcb4,entropy_normal,18,0.849597156047821,0.8205230832099915,0.8128973245620728,2,0.010087236762046814
A,pcb4,entropy_abnormal,18,0.8797249794006348,0.8528932929039001,0.8458276987075806,2,0.009329681284725666
A,pcb4,routing_l1,18,0.04790870472788811,0.04709707200527191,0.044006191194057465,2,0.001070493715815246
A,pcb4,gap_ss2d_l1,18,0.9043299555778503,0.8710033893585205,0.8622927665710449,2,0.011538251303136349
A,pcb4,gap_normal,54,0.6025210022926331,0.3333333432674408,0.028503293171525,3,0.22015978395938873
A,pcb4,gap_abnormal,54,0.5633397102355957,0.333333283662796,0.03344267979264259,3,0.20792843401432037
A,pcb4,ss2d_normal,54,1.0,0.3333333432674408,2.1397477225623875e-39,3,0.471404492855072
A,pcb4,ss2d_abnormal,54,1.0,0.3333333432674408,1.6759323362190864e-36,3,0.471404492855072
A,pcb4,final_normal,54,0.5422688722610474,0.333333283662796,0.1256529688835144,3,0.15524767339229584
A,pcb4,final_abnormal,54,0.5070057511329651,0.3333333432674408,0.13009841740131378,3,0.14224521815776825
A,pcb4,entropy_normal,18,1.012717366218567,0.981647789478302,0.9585762023925781,3,0.01039563026279211
A,pcb4,entropy_abnormal,18,1.024556040763855,0.997619092464447,0.9775515794754028,3,0.008993594907224178
A,pcb4,routing_l1,18,0.07052628695964813,0.061688534915447235,0.05026361346244812,3,0.0039087398909032345
A,pcb4,gap_ss2d_l1,18,1.942993402481079,1.9127116203308105,1.861692190170288,3,0.015799641609191895
H,pcb4,gap_normal,54,0.5871503949165344,0.3333333432674408,0.0475565642118454,1,0.22019384801387787
H,pcb4,gap_abnormal,54,0.5674247741699219,0.3333333432674408,0.04643286392092705,1,0.2148258090019226
H,pcb4,ss2d_normal,54,0.9999992847442627,0.3333333432674408,3.060778271951981e-33,1,0.47140398621559143
H,pcb4,ss2d_abnormal,54,0.9999887943267822,0.3333333432674408,4.296400628186767e-33,1,0.4713965654373169
H,pcb4,final_normal,54,0.6284352540969849,0.333333283662796,0.0428009070456028,1,0.23791839182376862
H,pcb4,final_abnormal,54,0.6106811761856079,0.3333333432674408,0.04178957641124725,1,0.23139755427837372
H,pcb4,entropy_normal,18,0.8032374978065491,0.7959157228469849,0.7925182580947876,1,0.002853970043361187
H,pcb4,entropy_abnormal,18,0.8111927509307861,0.80434250831604,0.8011682629585266,1,0.002669483656063676
H,pcb4,routing_l1,18,0.03753088787198067,0.03711933270096779,0.03623085096478462,1,0.0003455510304775089
H,pcb4,gap_ss2d_l1,18,0.838234543800354,0.829670250415802,0.8256977796554565,1,0.003337567439302802
H,pcb4,gap_normal,54,0.6827080845832825,0.33333340287208557,0.012084399349987507,2,0.27174651622772217
H,pcb4,gap_abnormal,54,0.7074731588363647,0.3333333432674408,0.01745479553937912,2,0.28128954768180847
H,pcb4,ss2d_normal,54,1.0,0.3333333432674408,0.0,2,0.471404492855072
H,pcb4,ss2d_abnormal,54,1.0,0.3333333432674408,0.0,2,0.471404492855072
H,pcb4,final_normal,54,0.6144372820854187,0.3333333432674408,0.11087596416473389,2,0.2069760262966156
H,pcb4,final_abnormal,54,0.6367258429527283,0.3333333730697632,0.1157093197107315,2,0.21784882247447968
H,pcb4,entropy_normal,18,0.9159290790557861,0.902691125869751,0.8980443477630615,2,0.005931012332439423
H,pcb4,entropy_abnormal,18,0.9054831266403198,0.8885571360588074,0.8825966119766235,2,0.0075967200100421906
H,pcb4,routing_l1,18,0.054243847727775574,0.05357757583260536,0.05167528986930847,2,0.0008576620020903647
H,pcb4,gap_ss2d_l1,18,1.975831151008606,1.9732850790023804,1.9655802249908447,2,0.0033653313294053078
H,pcb4,gap_normal,54,0.5893970131874084,0.333333283662796,0.03525426611304283,3,0.21112796664237976
H,pcb4,gap_abnormal,54,0.5678614377975464,0.3333333432674408,0.042288437485694885,3,0.20136266946792603
H,pcb4,ss2d_normal,54,1.0,0.3333333432674408,1.2322057292422037e-36,3,0.4665551483631134
H,pcb4,ss2d_abnormal,54,1.0,0.3333333432674408,7.791115945822657e-34,3,0.4654495418071747
H,pcb4,final_normal,54,0.6163347959518433,0.3333333432674408,0.031729720532894135,3,0.20838558673858643
H,pcb4,final_abnormal,54,0.5936175584793091,0.3333333730697632,0.038061995059251785,3,0.19862470030784607
H,pcb4,entropy_normal,18,1.000764012336731,0.8655951023101807,0.7752968072891235,3,0.08058690279722214
H,pcb4,entropy_abnormal,18,1.0126218795776367,0.8868424892425537,0.8018697500228882,3,0.07503678649663925
H,pcb4,routing_l1,18,0.04543447121977806,0.03512536734342575,0.03412759304046631,3,0.0025523907970637083
H,pcb4,gap_ss2d_l1,18,1.9044783115386963,1.1426817178726196,0.5387551784515381,3,0.4721872806549072
A,pcb4,gap_normal,54,0.5921962261199951,0.3333333730697632,0.036342423409223557,1,0.22741854190826416
A,pcb4,gap_abnormal,54,0.5447591543197632,0.3333333432674408,0.03888585790991783,1,0.21380753815174103
A,pcb4,ss2d_normal,54,1.0,0.3333333432674408,6.449023556104127e-32,1,0.471404492855072
A,pcb4,ss2d_abnormal,54,1.0,0.3333333432674408,3.0370006220160974e-30,1,0.471404492855072
A,pcb4,final_normal,54,0.5329765677452087,0.333333283662796,0.13270817697048187,1,0.16235233843326569
A,pcb4,final_abnormal,54,0.49028322100639343,0.333333283662796,0.13499727845191956,1,0.1471337378025055
A,pcb4,entropy_normal,18,0.9747440814971924,0.9713442325592041,0.9697076082229614,1,0.0011479975655674934
A,pcb4,entropy_abnormal,18,0.9916433691978455,0.9889149069786072,0.9876085519790649,1,0.0009198816842399538
A,pcb4,routing_l1,18,0.0853867381811142,0.08444906771183014,0.08252352476119995,1,0.0006519823800772429
A,pcb4,gap_ss2d_l1,18,1.9273152351379395,1.9252161979675293,1.920769214630127,1,0.0014926138101145625
A,pcb4,gap_normal,54,0.5689287781715393,0.333333283662796,0.053178571164608,2,0.21046414971351624
A,pcb4,gap_abnormal,54,0.5423082113265991,0.333333283662796,0.06489762663841248,2,0.19700591266155243
A,pcb4,ss2d_normal,54,0.9999978542327881,0.3333333432674408,1.9080905319165614e-33,2,0.47140300273895264
A,pcb4,ss2d_abnormal,54,0.9999641180038452,0.333333283662796,4.433272560227904e-30,2,0.4713791608810425
A,pcb4,final_normal,54,0.6120356917381287,0.333333283662796,0.04786071181297302,2,0.2280673235654831
A,pcb4,final_abnormal,54,0.5880737900733948,0.333333283662796,0.05840786173939705,2,0.21447162330150604
A,pcb4,entropy_normal,18,0.8386485576629639,0.8192525506019592,0.8127620816230774,2,0.008668961003422737
A,pcb4,entropy_abnormal,18,0.8696630001068115,0.8517194390296936,0.8457015752792358,2,0.00802869163453579
A,pcb4,routing_l1,18,0.04792376235127449,0.047233276069164276,0.045174188911914825,2,0.0009191845892928541
A,pcb4,gap_ss2d_l1,18,0.8917183876037598,0.869547426700592,0.8621381521224976,2,0.009902154095470905
A,pcb4,gap_normal,54,0.6006811857223511,0.3333333432674408,0.029423927888274193,3,0.22219379246234894
A,pcb4,gap_abnormal,54,0.561872661113739,0.3333333432674408,0.03442879021167755,3,0.20979054272174835
A,pcb4,ss2d_normal,54,1.0,0.3333333432674408,2.1396496316698848e-39,3,0.471404492855072
A,pcb4,ss2d_abnormal,54,1.0,0.3333333432674408,1.6760345749550435e-36,3,0.471404492855072
A,pcb4,final_normal,54,0.540613055229187,0.333333283662796,0.1264815330505371,3,0.15713849663734436
A,pcb4,final_abnormal,54,0.5056853890419006,0.3333333432674408,0.13098591566085815,3,0.14394457638263702
A,pcb4,entropy_normal,18,0.987878680229187,0.9787495732307434,0.9601870775222778,3,0.006296741776168346
A,pcb4,entropy_abnormal,18,1.0027217864990234,0.9950906038284302,0.9788985848426819,3,0.005472501274198294
A,pcb4,routing_l1,18,0.06985539197921753,0.06274953484535217,0.05908919870853424,3,0.002415115712210536
A,pcb4,gap_ss2d_l1,18,1.9411520957946777,1.917316198348999,1.9041749238967896,3,0.008326761424541473
H,pcb4,gap_normal,54,0.5874131917953491,0.3333333432674408,0.047396618872880936,1,0.2197418063879013
H,pcb4,gap_abnormal,54,0.567651629447937,0.3333333432674408,0.046274736523628235,1,0.21441999077796936
H,pcb4,ss2d_normal,54,0.9999992847442627,0.3333333432674408,3.060778271951981e-33,1,0.47140398621559143
H,pcb4,ss2d_abnormal,54,0.9999887943267822,0.3333333432674408,4.2964333216233994e-33,1,0.4713965654373169
H,pcb4,final_normal,54,0.6286717653274536,0.3333333432674408,0.04265695437788963,1,0.23748928308486938
H,pcb4,final_abnormal,54,0.6108853220939636,0.3333333432674408,0.04164726287126541,1,0.2310112714767456
H,pcb4,entropy_normal,18,0.8035460710525513,0.7971386313438416,0.7920712232589722,1,0.003596843220293522
H,pcb4,entropy_abnormal,18,0.8114858865737915,0.8054860234260559,0.8007514476776123,1,0.0033646400552242994
H,pcb4,routing_l1,18,0.037592340260744095,0.03696902468800545,0.03620785102248192,1,0.00043353528599254787
H,pcb4,gap_ss2d_l1,18,0.8385900259017944,0.8311013579368591,0.8251721858978271,1,0.004205530509352684
H,pcb4,gap_normal,54,0.6830673217773438,0.3333333432674408,0.012004164047539234,2,0.27049073576927185
H,pcb4,gap_abnormal,54,0.7078808546066284,0.3333333730697632,0.01734989322721958,2,0.27973446249961853
H,pcb4,ss2d_normal,54,1.0,0.3333333432674408,0.0,2,0.471404492855072
H,pcb4,ss2d_abnormal,54,1.0,0.3333333432674408,0.0,2,0.471404492855072
H,pcb4,final_normal,54,0.6147605776786804,0.3333333730697632,0.1108037456870079,2,0.20572297275066376
H,pcb4,final_abnormal,54,0.6370927691459656,0.3333333730697632,0.11561490595340729,2,0.2163233458995819
H,pcb4,entropy_normal,18,0.9164769649505615,0.9047927856445312,0.8977182507514954,2,0.006022847257554531
H,pcb4,entropy_abnormal,18,0.90618896484375,0.891254723072052,0.8821778893470764,2,0.007718557957559824
H,pcb4,routing_l1,18,0.054286591708660126,0.0532744899392128,0.05156446993350983,2,0.0008698755409568548
H,pcb4,gap_ss2d_l1,18,1.9759916067123413,1.972137451171875,1.9652156829833984,2,0.003383779898285866
H,pcb4,gap_normal,54,0.5806952714920044,0.333333283662796,0.040466148406267166,3,0.21418462693691254
H,pcb4,gap_abnormal,54,0.5597924590110779,0.3333333730697632,0.04791271314024925,3,0.2044467329978943
H,pcb4,ss2d_normal,54,1.0,0.3333333432674408,1.2977009396935674e-36,3,0.4713645279407501
H,pcb4,ss2d_abnormal,54,1.0,0.3333333432674408,8.05101499172458e-34,3,0.47123363614082336
H,pcb4,final_normal,54,0.6156598329544067,0.33333325386047363,0.04066135734319687,3,0.1895858347415924
H,pcb4,final_abnormal,54,0.5975754261016846,0.3333333432674408,0.048094045370817184,3,0.17996977269649506
H,pcb4,entropy_normal,18,1.0023175477981567,0.9105942249298096,0.7959148287773132,3,0.08549046516418457
H,pcb4,entropy_abnormal,18,1.0140833854675293,0.928695797920227,0.8212493658065796,3,0.07960810512304306
H,pcb4,routing_l1,18,0.03762510418891907,0.03552200645208359,0.033859625458717346,3,0.001187504269182682
H,pcb4,gap_ss2d_l1,18,1.919067621231079,1.4477953910827637,0.8538033962249756,3,0.5119593143463135
A,pcb4,gap_normal,54,0.5920195579528809,0.3333333432674408,0.03644165024161339,1,0.227078378200531
A,pcb4,gap_abnormal,54,0.5446330308914185,0.3333333432674408,0.03898802399635315,1,0.2135292887687683
A,pcb4,ss2d_normal,54,1.0,0.3333333432674408,6.460497556462504e-32,1,0.471404492855072
A,pcb4,ss2d_abnormal,54,1.0,0.3333333432674408,3.0421255893065864e-30,1,0.471404492855072
A,pcb4,final_normal,54,0.5328176021575928,0.3333333432674408,0.1327974796295166,1,0.16202707588672638
A,pcb4,final_abnormal,54,0.4901697039604187,0.3333333432674408,0.1350892186164856,1,0.14687524735927582
A,pcb4,entropy_normal,18,0.9748265743255615,0.9718469977378845,0.9698642492294312,1,0.0016051160637289286
A,pcb4,entropy_abnormal,18,0.9917110800743103,0.9893185496330261,0.9877328872680664,1,0.001286311075091362
A,pcb4,routing_l1,18,0.08529570698738098,0.08416550606489182,0.08248373866081238,1,0.0009105141507461667
A,pcb4,gap_ss2d_l1,18,1.927116870880127,1.9245586395263672,1.9206581115722656,1,0.0020870182197541
A,pcb4,gap_normal,54,0.5695720314979553,0.3333333432674408,0.05273354426026344,2,0.20912624895572662
A,pcb4,gap_abnormal,54,0.5428832173347473,0.33333340287208557,0.06441326439380646,2,0.19569756090641022
A,pcb4,ss2d_normal,54,0.9999978542327881,0.3333333432674408,1.9079887781868184e-33,2,0.47140300273895264
A,pcb4,ss2d_abnormal,54,0.9999641180038452,0.3333333432674408,4.4330355805667785e-30,2,0.4713791310787201
A,pcb4,final_normal,54,0.6126145720481873,0.3333333730697632,0.04746018722653389,2,0.22680163383483887
A,pcb4,final_abnormal,54,0.5885912775993347,0.3333333432674408,0.05797193571925163,2,0.21324482560157776
A,pcb4,entropy_normal,18,0.8399831652641296,0.8227884769439697,0.8116345405578613,2,0.008912759833037853
A,pcb4,entropy_abnormal,18,0.8708929419517517,0.8549976944923401,0.844651460647583,2,0.008255964145064354
A,pcb4,routing_l1,18,0.04804658144712448,0.04685945808887482,0.045044779777526855,2,0.0009426923934370279
A,pcb4,gap_ss2d_l1,18,0.8932448625564575,0.8735813498497009,0.8608516454696655,2,0.010177590884268284
A,pcb4,gap_normal,54,0.5972880125045776,0.3333333432674408,0.031155705451965332,3,0.22326289117336273
A,pcb4,gap_abnormal,54,0.5591415166854858,0.3333333432674408,0.0363343246281147,3,0.21082551777362823
A,pcb4,ss2d_normal,54,1.0,0.3333333432674408,2.1391269473426917e-39,3,0.471404492855072
A,pcb4,ss2d_abnormal,54,1.0,0.3333333432674408,1.6754209631730972e-36,3,0.471404492855072
A,pcb4,final_normal,54,0.5375592112541199,0.3333333432674408,0.1280401349067688,3,0.15816107392311096
A,pcb4,final_abnormal,54,0.5032273530960083,0.333333283662796,0.13270089030265808,3,0.14490768313407898
A,pcb4,entropy_normal,18,0.9900293350219727,0.9771976470947266,0.9631545543670654,3,0.006443696562200785
A,pcb4,entropy_abnormal,18,1.0046113729476929,0.9936384558677673,0.981442928314209,3,0.0056125870905816555
A,pcb4,routing_l1,18,0.06866365671157837,0.06326131522655487,0.05831168591976166,3,0.002450262662023306
A,pcb4,gap_ss2d_l1,18,1.9376885890960693,1.9194272756576538,1.900866985321045,3,0.00872709695249796
H,pcb4,gap_normal,54,0.5873607993125916,0.3333333432674408,0.04742785915732384,1,0.21998608112335205
H,pcb4,gap_abnormal,54,0.5676077604293823,0.3333333432674408,0.04630598425865173,1,0.21463915705680847
H,pcb4,ss2d_normal,54,0.9999992847442627,0.3333333432674408,3.060404501482618e-33,1,0.47140398621559143
H,pcb4,ss2d_abnormal,54,0.9999887943267822,0.3333333432674408,4.2959091246113296e-33,1,0.4713965654373169
H,pcb4,final_normal,54,0.6286246180534363,0.333333283662796,0.042685072869062424,1,0.23772123456001282
H,pcb4,final_abnormal,54,0.6108458638191223,0.3333333432674408,0.0416753850877285,1,0.23121975362300873
H,pcb4,entropy_normal,18,0.8022496700286865,0.7964784502983093,0.7921591997146606,1,0.002734831301495433
H,pcb4,entropy_abnormal,18,0.8102676272392273,0.8048691749572754,0.8008333444595337,1,0.0025574800092726946
H,pcb4,routing_l1,18,0.03757686913013458,0.03705330938100815,0.03635060414671898,1,0.0003305399732198566
H,pcb4,gap_ss2d_l1,18,0.8370786905288696,0.8303273916244507,0.8252769708633423,1,0.0031976981554180384
H,pcb4,gap_normal,54,0.6827229261398315,0.3333333432674408,0.012080692686140537,2,0.27043846249580383
H,pcb4,gap_abnormal,54,0.7074927091598511,0.3333333730697632,0.01745026372373104,2,0.27967068552970886
H,pcb4,ss2d_normal,54,1.0,0.3333333432674408,0.0,2,0.471404492855072
H,pcb4,ss2d_abnormal,54,1.0,0.3333333432674408,0.0,2,0.471404492855072
H,pcb4,final_normal,54,0.6144506335258484,0.333333283662796,0.11087262630462646,2,0.2056712806224823
H,pcb4,final_abnormal,54,0.636743426322937,0.3333333432674408,0.11570523679256439,2,0.2162613570690155
H,pcb4,entropy_normal,18,0.9150265455245972,0.9048805236816406,0.8980305790901184,2,0.006132112350314856
H,pcb4,entropy_abnormal,18,0.9043457508087158,0.8913652896881104,0.8825768232345581,2,0.00785489659756422
H,pcb4,routing_l1,18,0.05425083637237549,0.05326484143733978,0.051782362163066864,2,0.0008841753588058054
H,pcb4,gap_ss2d_l1,18,1.9758386611938477,1.9720827341079712,1.9661645889282227,2,0.003470421303063631
H,pcb4,gap_normal,54,0.5844480395317078,0.3333333432674408,0.03808509185910225,3,0.21004073321819305
H,pcb4,gap_abnormal,54,0.563369631767273,0.3333333432674408,0.04547750577330589,3,0.20038047432899475
H,pcb4,ss2d_normal,54,1.0,0.333333283662796,1.8803664015121327e-36,3,0.4688147008419037
H,pcb4,ss2d_abnormal,54,1.0,0.3333333432674408,1.1444021579010534e-33,3,0.46741583943367004
H,pcb4,final_normal,54,0.6253320574760437,0.3333333432674408,0.034276582300662994,3,0.20019270479679108
H,pcb4,final_abnormal,54,0.6055713295936584,0.3333333432674408,0.040929753333330154,3,0.19057516753673553
H,pcb4,entropy_normal,18,1.055509090423584,0.8845367431640625,0.7760270833969116,3,0.09588570147752762
H,pcb4,entropy_abnormal,18,1.0622363090515137,0.9042874574661255,0.8021461963653564,3,0.08924790471792221
H,pcb4,routing_l1,18,0.04344254359602928,0.03496189042925835,0.024473190307617188,3,0.003410995239391923
H,pcb4,gap_ss2d_l1,18,1.908673644065857,1.2525343894958496,0.7099565863609314,3,0.4994303584098816
A,pcb4,gap_normal,54,0.5920714735984802,0.3333333432674408,0.03641248866915703,1,0.22729729115962982
A,pcb4,gap_abnormal,54,0.5446692705154419,0.3333333432674408,0.03895813599228859,1,0.2137090414762497
A,pcb4,ss2d_normal,54,1.0,0.3333333432674408,6.46883357465136e-32,1,0.471404492855072
A,pcb4,ss2d_abnormal,54,1.0,0.3333333432674408,3.0458181462009375e-30,1,0.471404492855072
A,pcb4,final_normal,54,0.5328643321990967,0.33333325386047363,0.13277123868465424,1,0.1622360795736313
A,pcb4,final_abnormal,54,0.4902023375034332,0.333333283662796,0.1350623220205307,1,0.14704200625419617
A,pcb4,entropy_normal,18,0.9739508032798767,0.9715235233306885,0.9698182344436646,1,0.0011082114651799202
A,pcb4,entropy_abnormal,18,0.991005003452301,0.9890581965446472,0.987696647644043,1,0.0008867119904607534
A,pcb4,routing_l1,18,0.08532395958900452,0.08434687554836273,0.08297379314899445,1,0.0006308768060989678
A,pcb4,gap_ss2d_l1,18,1.9271750450134277,1.924985647201538,1.9218220710754395,1,0.0014330021804198623
A,pcb4,gap_normal,54,0.569075345993042,0.3333333432674408,0.05307679623365402,2,0.20913082361221313
A,pcb4,gap_abnormal,54,0.5424391031265259,0.3333333432674408,0.0647873654961586,2,0.19570191204547882
A,pcb4,ss2d_normal,54,0.9999978542327881,0.3333333432674408,1.907493968533519e-33,2,0.47140300273895264
A,pcb4,ss2d_abnormal,54,0.9999641180038452,0.3333333432674408,4.4320549361595486e-30,2,0.4713791310787201
A,pcb4,final_normal,54,0.6121675968170166,0.3333333432674408,0.04776911437511444,2,0.2268059253692627
A,pcb4,final_abnormal,54,0.588191568851471,0.3333333432674408,0.05830862745642662,2,0.21324893832206726
A,pcb4,entropy_normal,18,0.8379137516021729,0.8227753639221191,0.8125048875808716,2,0.009134813211858273
A,pcb4,entropy_abnormal,18,0.8689886331558228,0.8549854159355164,0.8454629182815552,2,0.008460952900350094
A,pcb4,routing_l1,18,0.04795197769999504,0.046859875321388245,0.0452549122273922,2,0.000966687046457082
A,pcb4,gap_ss2d_l1,18,0.8908746242523193,0.873568058013916,0.8618450164794922,2,0.010432413779199123
A,pcb4,gap_normal,54,0.6029385328292847,0.3333333730697632,0.0282974261790514,3,0.22207382321357727
A,pcb4,gap_abnormal,54,0.5636717081069946,0.3333333432674408,0.03322191536426544,3,0.2097138613462448
A,pcb4,ss2d_normal,54,1.0,0.3333333432674408,2.1398135835902108e-39,3,0.471404492855072
A,pcb4,ss2d_abnormal,54,1.0,0.3333333432674408,1.676111343690113e-36,3,0.471404492855072
A,pcb4,final_normal,54,0.5426446795463562,0.3333333432674408,0.1254676878452301,3,0.15705040097236633
A,pcb4,final_abnormal,54,0.5073045492172241,0.3333333432674408,0.12989972531795502,3,0.14388994872570038
A,pcb4,entropy_normal,18,0.998624324798584,0.9789141416549683,0.9582115411758423,3,0.00885557010769844
A,pcb4,entropy_abnormal,18,1.0121618509292603,0.9951733350753784,0.9772475957870483,3,0.007648828439414501
A,pcb4,routing_l1,18,0.07068033516407013,0.0626574456691742,0.05522561073303223,3,0.0033938547130674124
A,pcb4,gap_ss2d_l1,18,1.9434051513671875,1.916799545288086,1.8869715929031372,3,0.012315507046878338
H,pcb4,gap_normal,54,0.5865157842636108,0.3333333730697632,0.04794581979513168,1,0.2197577804327011
H,pcb4,gap_abnormal,54,0.5668747425079346,0.3333333432674408,0.046815820038318634,1,0.2144341617822647
H,pcb4,ss2d_normal,54,0.9999992847442627,0.3333333432674408,3.060404501482618e-33,1,0.47140398621559143
H,pcb4,ss2d_abnormal,54,0.9999887943267822,0.3333333432674408,4.2959091246113296e-33,1,0.4713965654373169
H,pcb4,final_normal,54,0.6278641223907471,0.333333283662796,0.043151237070560455,1,0.23750445246696472
H,pcb4,final_abnormal,54,0.6101861596107483,0.333333283662796,0.04213423654437065,1,0.23102469742298126
H,pcb4,entropy_normal,18,0.8048810958862305,0.7970957159996033,0.7936007976531982,1,0.003413153812289238
H,pcb4,entropy_abnormal,18,0.8127392530441284,0.805446207523346,0.8021756410598755,1,0.003194814547896385
H,pcb4,routing_l1,18,0.03739001974463463,0.03697629272937775,0.03605079650878906,1,0.00040950297261588275
H,pcb4,gap_ss2d_l1,18,0.8401493430137634,0.8310503363609314,0.8269670009613037,1,0.003990556579083204
H,pcb4,gap_normal,54,0.6837473511695862,0.3333333432674408,0.011853180825710297,2,0.2709999978542328
H,pcb4,gap_abnormal,54,0.7086537480354309,0.3333333730697632,0.017152611166238785,2,0.2803662419319153
H,pcb4,ss2d_normal,54,1.0,0.3333333432674408,0.0,2,0.471404492855072
H,pcb4,ss2d_abnormal,54,1.0,0.3333333432674408,0.0,2,0.471404492855072
H,pcb4,final_normal,54,0.6153725981712341,0.33333340287208557,0.11066786199808121,2,0.20623472332954407
H,pcb4,final_abnormal,54,0.6377883553504944,0.3333333432674408,0.115437351167202,2,0.21694707870483398
H,pcb4,entropy_normal,18,0.9176875352859497,0.9039456248283386,0.8971006870269775,2,0.006840711459517479
H,pcb4,entropy_abnormal,18,0.9077163934707642,0.8901623487472534,0.8813835382461548,2,0.00875828880816698
H,pcb4,routing_l1,18,0.05437052249908447,0.053395409137010574,0.05140729993581772,2,0.0009839151753112674
H,pcb4,gap_ss2d_l1,18,1.976293683052063,1.9725556373596191,1.9644114971160889,2,0.003892779117450118
H,pcb4,gap_normal,54,0.5882244110107422,0.3333333432674408,0.03595280274748802,3,0.2125900685787201
H,pcb4,gap_abnormal,54,0.5667483806610107,0.3333333730697632,0.043006930500268936,3,0.2028408795595169
H,pcb4,ss2d_normal,54,1.0,0.3333333432674408,1.2648863411909031e-36,3,0.4713492691516876
H,pcb4,ss2d_abnormal,54,1.0,0.3333333432674408,7.849706992371456e-34,3,0.4711756706237793
H,pcb4,final_normal,54,0.6253913044929504,0.3333333432674408,0.03458143770694733,3,0.19722487032413483
H,pcb4,final_abnormal,54,0.6064578294754028,0.333333283662796,0.04134521260857582,3,0.18758521974086761
H,pcb4,entropy_normal,18,1.0009613037109375,0.892863929271698,0.7766892910003662,3,0.0876406878232956
H,pcb4,entropy_abnormal,18,1.0128276348114014,0.91218101978302,0.8025595545768738,3,0.08166033774614334
H,pcb4,routing_l1,18,0.03865687549114227,0.03512353450059891,0.03406292200088501,3,0.00140544050373137
H,pcb4,gap_ss2d_l1,18,1.9280943870544434,1.3308725357055664,0.8319690227508545,3,0.5095848441123962
A,pcb4,gap_normal,54,0.5919330716133118,0.3333333432674408,0.036489713937044144,1,0.22712086141109467
A,pcb4,gap_abnormal,54,0.5445719957351685,0.3333333432674408,0.039037879556417465,1,0.21356432139873505
A,pcb4,ss2d_normal,54,1.0,0.3333333432674408,6.460941305579939e-32,1,0.471404492855072
A,pcb4,ss2d_abnormal,54,1.0,0.3333333432674408,3.042288089645644e-30,1,0.471404492855072
A,pcb4,final_normal,54,0.5327397584915161,0.333333283662796,0.13284073770046234,1,0.16206759214401245
A,pcb4,final_abnormal,54,0.4901147782802582,0.3333333432674408,0.13513410091400146,1,0.14690770208835602
A,pcb4,entropy_normal,18,0.9752082824707031,0.9717841744422913,0.9699404239654541,1,0.001500587328337133
A,pcb4,entropy_abnormal,18,0.9920186996459961,0.989267885684967,0.9877934455871582,1,0.0012036608532071114
A,pcb4,routing_l1,18,0.08525003492832184,0.08420015871524811,0.0822678804397583,1,0.0008498483803123236
A,pcb4,gap_ss2d_l1,18,1.9270204305648804,1.9246420860290527,1.9201481342315674,1,0.00195815647020936
A,pcb4,gap_normal,54,0.569952666759491,0.3333333730697632,0.05247097462415695,2,0.20917384326457977
A,pcb4,gap_abnormal,54,0.5432236790657043,0.3333333432674408,0.06412769854068756,2,0.1957440823316574
A,pcb4,ss2d_normal,54,0.9999978542327881,0.3333333432674408,1.9074210511495697e-33,2,0.47140300273895264
A,pcb4,ss2d_abnormal,54,0.9999641180038452,0.3333333432674408,4.431817956498423e-30,2,0.4713791310787201
A,pcb4,final_normal,54,0.6129571795463562,0.3333333432674408,0.04722387716174126,2,0.22684676945209503
A,pcb4,final_abnormal,54,0.588897705078125,0.333333283662796,0.057714927941560745,2,0.21328844130039215
A,pcb4,entropy_normal,18,0.8439283967018127,0.8226545453071594,0.8109667897224426,2,0.010904930531978607
A,pcb4,entropy_abnormal,18,0.874519944190979,0.8548674583435059,0.8440299034118652,2,0.010094369761645794
A,pcb4,routing_l1,18,0.04811892658472061,0.04687409847974777,0.04461916908621788,2,0.0011552150826901197
A,pcb4,gap_ss2d_l1,18,0.8977851867675781,0.8734363317489624,0.8600903749465942,2,0.012462757527828217
A,pcb4,gap_normal,54,0.6058459281921387,0.3333333730697632,0.02687787264585495,3,0.2230360507965088
A,pcb4,gap_abnormal,54,0.5659673810005188,0.333333283662796,0.03173721209168434,3,0.21053463220596313
A,pcb4,ss2d_normal,54,1.0,0.3333333432674408,2.1390302577486532e-39,3,0.471404492855072
A,pcb4,ss2d_abnormal,54,1.0,0.3333333432674408,1.6753569294384714e-36,3,0.471404492855072
A,pcb4,final_normal,54,0.5452613234519958,0.3333333432674408,0.1241900846362114,3,0.15800374746322632
A,pcb4,final_abnormal,54,0.5093706250190735,0.3333333730697632,0.12856349349021912,3,0.14468486607074738
A,pcb4,entropy_normal,18,1.0052525997161865,0.9775082468986511,0.9556667804718018,3,0.011748101562261581
A,pcb4,entropy_abnormal,18,1.0179877281188965,0.9939970374107361,0.9751706123352051,3,0.010165290907025337
A,pcb4,routing_l1,18,0.07178137451410294,0.06324747949838638,0.052878692746162415,3,0.0045014857314527035
A,pcb4,gap_ss2d_l1,18,1.946244239807129,1.9183515310287476,1.8754854202270508,3,0.016190195456147194
H,pcb4,gap_normal,54,0.5870126485824585,0.333333283662796,0.047641899436712265,1,0.22029437124729156
H,pcb4,gap_abnormal,54,0.5673031210899353,0.3333333432674408,0.04651624336838722,1,0.21491639316082
H,pcb4,ss2d_normal,54,0.9999992847442627,0.3333333432674408,3.059960936036175e-33,1,0.47140398621559143
H,pcb4,ss2d_abnormal,54,0.9999887943267822,0.3333333432674408,4.2953191733840106e-33,1,0.4713965654373169
H,pcb4,final_normal,54,0.628311276435852,0.33333325386047363,0.04287770763039589,1,0.23801381886005402
H,pcb4,final_abnormal,54,0.6105716824531555,0.3333333432674408,0.04186461865901947,1,0.23148378729820251
H,pcb4,entropy_normal,18,0.8025821447372437,0.7956432700157166,0.7927550673484802,1,0.002476084977388382
H,pcb4,entropy_abnormal,18,0.8105800151824951,0.804087221622467,0.8013888597488403,1,0.0023161983117461205
H,pcb4,routing_l1,18,0.0375053770840168,0.03715111315250397,0.03631491959095001,1,0.00029823952354490757
H,pcb4,gap_ss2d_l1,18,0.8374658823013306,0.8293521404266357,0.8259732723236084,1,0.002894966397434473
H,pcb4,gap_normal,54,0.6833542585372925,0.3333333432674408,0.011939807794988155,2,0.2713101804256439
H,pcb4,gap_abnormal,54,0.7082104086875916,0.333333283662796,0.017266182228922844,2,0.28075075149536133
H,pcb4,ss2d_normal,54,1.0,0.3333333432674408,0.0,2,0.471404492855072
H,pcb4,ss2d_abnormal,54,1.0,0.3333333432674408,0.0,2,0.471404492855072
H,pcb4,final_normal,54,0.6150188446044922,0.333333283662796,0.11074583232402802,2,0.20654357969760895
H,pcb4,final_abnormal,54,0.6373893618583679,0.3333333432674408,0.1155395656824112,2,0.21732354164123535
H,pcb4,entropy_normal,18,0.920220136642456,0.9034256339073181,0.8974573016166687,2,0.006667477544397116
H,pcb4,entropy_abnormal,18,0.9109195470809937,0.8894948959350586,0.8818397521972656,2,0.008531240746378899
H,pcb4,routing_l1,18,0.05432844161987305,0.05347178131341934,0.05103590339422226,2,0.0009643605444580317
H,pcb4,gap_ss2d_l1,18,1.9761202335357666,1.972847819328308,1.9626774787902832,2,0.0038470905274152756
H,pcb4,gap_normal,54,0.5861150622367859,0.3333333432674408,0.037097930908203125,3,0.21069587767124176
H,pcb4,gap_abnormal,54,0.5649093389511108,0.3333333432674408,0.04439552128314972,3,0.20097868144512177
H,pcb4,ss2d_normal,54,1.0,0.3333333432674408,1.074765429882551e-36,3,0.4712439775466919
H,pcb4,ss2d_abnormal,54,1.0,0.3333333432674408,6.8326504537633e-34,3,0.47088804841041565
H,pcb4,final_normal,54,0.6273214817047119,0.3333333432674408,0.03338813781738281,3,0.20047996938228607
H,pcb4,final_abnormal,54,0.6079224944114685,0.333333283662796,0.03995596989989281,3,0.19086973369121552
H,pcb4,entropy_normal,18,1.016739845275879,0.8844344019889832,0.7727609872817993,3,0.09228675067424774
H,pcb4,entropy_abnormal,18,1.0273581743240356,0.9042497277259827,0.7987622022628784,3,0.086065374314785
H,pcb4,routing_l1,18,0.038798000663518906,0.034765031188726425,0.031572192907333374,3,0.001648520934395492
H,pcb4,gap_ss2d_l1,18,1.9100208282470703,1.265676498413086,0.8241285085678101,3,0.49524062871932983
A,pcb4,gap_normal,54,0.5919172763824463,0.3333333730697632,0.0364999920129776,1,0.2274360954761505
A,pcb4,gap_abnormal,54,0.5445564389228821,0.3333333432674408,0.03904854878783226,1,0.2138218879699707
A,pcb4,ss2d_normal,54,1.0,0.3333333432674408,6.445580533150569e-32,1,0.471404492855072
A,pcb4,ss2d_abnormal,54,1.0,0.3333333432674408,3.035494860772468e-30,1,0.471404492855072
A,pcb4,final_normal,54,0.5327255129814148,0.3333333730697632,0.13284999132156372,1,0.162369042634964
A,pcb4,final_abnormal,54,0.49010077118873596,0.3333333432674408,0.1351436972618103,1,0.14714697003364563
A,pcb4,entropy_normal,18,0.9739874601364136,0.971318244934082,0.9699556231498718,1,0.0010589291341602802
A,pcb4,entropy_abnormal,18,0.9910342693328857,0.9888941645622253,0.987807035446167,1,0.0008479782845824957
A,pcb4,routing_l1,18,0.08524945378303528,0.08446434885263443,0.08295218646526337,1,0.0006022504530847073
A,pcb4,gap_ss2d_l1,18,1.9270000457763672,1.9252510070800781,1.9217735528945923,1,0.0013740045251324773
A,pcb4,gap_normal,54,0.5693399310112,0.3333333432674408,0.052893415093421936,2,0.2099195420742035
A,pcb4,gap_abnormal,54,0.5426759719848633,0.3333333432674408,0.06458815187215805,2,0.1964736133813858
A,pcb4,ss2d_normal,54,0.9999978542327881,0.3333333432674408,1.9079742681784254e-33,2,0.47140300273895264
A,pcb4,ss2d_abnormal,54,0.9999641180038452,0.3333333432674408,4.4330355805667785e-30,2,0.4713791310787201
A,pcb4,final_normal,54,0.6124057173728943,0.3333333730697632,0.04760407283902168,2,0.22755199670791626
A,pcb4,final_abnormal,54,0.5884047746658325,0.3333333432674408,0.058129336684942245,2,0.21397238969802856
A,pcb4,entropy_normal,18,0.8414597511291504,0.8206932544708252,0.8120405673980713,2,0.009253925643861294
A,pcb4,entropy_abnormal,18,0.8722507953643799,0.8530538082122803,0.8450309038162231,2,0.008569221012294292
A,pcb4,routing_l1,18,0.048001863062381744,0.04708000272512436,0.04487709701061249,2,0.0009814315708354115
A,pcb4,gap_ss2d_l1,18,0.8949475288391113,0.8711925148963928,0.8613158464431763,2,0.010571206919848919
A,pcb4,gap_normal,54,0.6039515733718872,0.3333333432674408,0.027794664725661278,3,0.22267161309719086
A,pcb4,gap_abnormal,54,0.5644676685333252,0.3333333730697632,0.03270553797483444,3,0.21021698415279388
A,pcb4,ss2d_normal,54,1.0,0.3333333432674408,2.1397477225623875e-39,3,0.471404492855072
A,pcb4,ss2d_abnormal,54,1.0,0.3333333432674408,1.6760345749550435e-36,3,0.471404492855072
A,pcb4,final_normal,54,0.5435563921928406,0.333333283662796,0.12501519918441772,3,0.1576284021139145
A,pcb4,final_abnormal,54,0.5080208778381348,0.3333333432674408,0.1294349879026413,3,0.14436766505241394
A,pcb4,entropy_normal,18,0.9998650550842285,0.9780442714691162,0.9573211669921875,3,0.00970113929361105
A,pcb4,entropy_abnormal,18,1.0132888555526733,0.9944640398025513,0.9765286445617676,3,0.008401530794799328
A,pcb4,routing_l1,18,0.07107110321521759,0.06302889436483383,0.054823994636535645,3,0.0037043914198875427
A,pcb4,gap_ss2d_l1,18,1.9444105625152588,1.9179153442382812,1.884880781173706,3,0.0134084178134799
H,pcb4,gap_normal,54,0.5877678990364075,0.3333333432674408,0.04718010127544403,1,0.21986985206604004
H,pcb4,gap_abnormal,54,0.5679596066474915,0.3333333730697632,0.046061720699071884,1,0.2145344614982605
H,pcb4,ss2d_normal,54,0.9999992847442627,0.3333333432674408,3.060544458778763e-33,1,0.47140398621559143
H,pcb4,ss2d_abnormal,54,0.9999887943267822,0.3333333432674408,4.2961056525731077e-33,1,0.4713965654373169
H,pcb4,final_normal,54,0.6289910078048706,0.33333325386047363,0.04246208816766739,1,0.2376108318567276
H,pcb4,final_abnormal,54,0.611162543296814,0.3333333432674408,0.041455548256635666,1,0.23112021386623383
H,pcb4,entropy_normal,18,0.8041740655899048,0.7967926263809204,0.7914657592773438,1,0.003633338026702404
H,pcb4,entropy_abnormal,18,0.8120744228363037,0.8051633238792419,0.8001878261566162,1,0.003398462664335966
H,pcb4,routing_l1,18,0.03767004236578941,0.03701327368617058,0.03613261133432388,1,0.00044011068530380726
H,pcb4,gap_ss2d_l1,18,0.8393245935440063,0.8306958675384521,0.8244627714157104,1,0.004249171819537878
H,pcb4,gap_normal,54,0.6836581826210022,0.333333283662796,0.011873085051774979,2,0.27054363489151
H,pcb4,gap_abnormal,54,0.7085514068603516,0.333333283662796,0.01717839390039444,2,0.2797999382019043
H,pcb4,ss2d_normal,54,1.0,0.3333333432674408,0.0,2,0.471404492855072
H,pcb4,ss2d_abnormal,54,1.0,0.3333333432674408,0.0,2,0.471404492855072
H,pcb4,final_normal,54,0.6152923703193665,0.33333325386047363,0.11068578064441681,2,0.20577463507652283
H,pcb4,final_abnormal,54,0.6376962661743164,0.3333333432674408,0.11546055972576141,2,0.21638643741607666
H,pcb4,entropy_normal,18,0.9159191846847534,0.9047030210494995,0.8971818089485168,2,0.005751980934292078
H,pcb4,entropy_abnormal,18,0.9054775238037109,0.8911408185958862,0.8814886212348938,2,0.007370871026068926
H,pcb4,routing_l1,18,0.054357364773750305,0.0532892644405365,0.051656246185302734,2,0.0008288624230772257
H,pcb4,gap_ss2d_l1,18,1.976253867149353,1.9722014665603638,1.9655840396881104,2,0.0032300075981765985
H,pcb4,gap_normal,54,0.5883399248123169,0.33333340287208557,0.03585979714989662,3,0.21168874204158783
H,pcb4,gap_abnormal,54,0.5668863654136658,0.3333333730697632,0.042950693517923355,3,0.20201723277568817
H,pcb4,ss2d_normal,54,1.0,0.3333333432674408,1.4430143797221777e-36,3,0.4484418034553528
H,pcb4,ss2d_abnormal,54,1.0,0.3333333432674408,9.077587983622108e-34,3,0.4470938444137573
H,pcb4,final_normal,54,0.6157590746879578,0.333333283662796,0.03227996453642845,3,0.19105976819992065
H,pcb4,final_abnormal,54,0.5976377725601196,0.3333333432674408,0.038669876754283905,3,0.18145690858364105
H,pcb4,entropy_normal,18,1.0459729433059692,0.9051693677902222,0.7795143723487854,3,0.09125130623579025
H,pcb4,entropy_abnormal,18,1.0538073778152466,0.9237176179885864,0.8056132793426514,3,0.0848480761051178
H,pcb4,routing_l1,18,0.04502510651946068,0.03541838750243187,0.026414424180984497,3,0.003411696059629321
H,pcb4,gap_ss2d_l1,18,1.924452781677246,1.3070244789123535,0.2001289427280426,3,0.5809649229049683
A,pcb4,gap_normal,54,0.5924049019813538,0.3333333432674408,0.03622511774301529,1,0.22724200785160065
A,pcb4,gap_abnormal,54,0.5449094176292419,0.3333333432674408,0.038764920085668564,1,0.213663250207901
A,pcb4,ss2d_normal,54,1.0,0.3333333432674408,6.469079840717857e-32,1,0.471404492855072
A,pcb4,ss2d_abnormal,54,1.0,0.3333333432674408,3.0459343790823468e-30,1,0.471404492855072
A,pcb4,final_normal,54,0.533164381980896,0.3333333432674408,0.13260260224342346,1,0.1621835082769394
A,pcb4,final_abnormal,54,0.4904184639453888,0.3333333432674408,0.1348884254693985,1,0.14699967205524445
A,pcb4,entropy_normal,18,0.9742676615715027,0.9716053009033203,0.9695224761962891,1,0.00140858453232795
A,pcb4,entropy_abnormal,18,0.9912595152854919,0.9891242980957031,0.9874610304832458,1,0.0011278167366981506
A,pcb4,routing_l1,18,0.08549182116985321,0.08430129289627075,0.08279342949390411,1,0.0008007646538317204
A,pcb4,gap_ss2d_l1,18,1.9275497198104858,1.9248754978179932,1.9214022159576416,1,0.001825938350521028
A,pcb4,gap_normal,54,0.569298505783081,0.333333283662796,0.05292196199297905,2,0.20921070873737335
A,pcb4,gap_abnormal,54,0.542639970779419,0.3333333432674408,0.0646185502409935,2,0.1957799792289734
A,pcb4,ss2d_normal,54,0.9999978542327881,0.3333333432674408,1.907843310760904e-33,2,0.47140300273895264
A,pcb4,ss2d_abnormal,54,0.9999641180038452,0.3333333432674408,4.4327651228265414e-30,2,0.4713791310787201
A,pcb4,final_normal,54,0.6123684048652649,0.3333333730697632,0.047629766166210175,2,0.22688142955303192
A,pcb4,final_abnormal,54,0.5883723497390747,0.3333333432674408,0.05815669521689415,2,0.21332211792469025
A,pcb4,entropy_normal,18,0.8404973745346069,0.8225658535957336,0.8121130466461182,2,0.008892850019037724
A,pcb4,entropy_abnormal,18,0.8713667392730713,0.8547921180725098,0.8450968265533447,2,0.008236977271735668
A,pcb4,routing_l1,18,0.04799220338463783,0.04688173159956932,0.04498114436864853,2,0.0009418338886462152
A,pcb4,gap_ss2d_l1,18,0.893841028213501,0.8733285069465637,0.8613985776901245,2,0.010157261975109577
A,pcb4,gap_normal,54,0.6027774810791016,0.3333333730697632,0.028365889564156532,3,0.2224363535642624
A,pcb4,gap_abnormal,54,0.5635298490524292,0.3333333432674408,0.033330708742141724,3,0.21001088619232178
A,pcb4,ss2d_normal,54,1.0,0.3333333432674408,2.1396818615345643e-39,3,0.471404492855072
A,pcb4,ss2d_abnormal,54,1.0,0.3333333432674408,1.6760345749550435e-36,3,0.471404492855072
A,pcb4,final_normal,54,0.5424997210502625,0.333333283662796,0.12552930414676666,3,0.15745578706264496
A,pcb4,final_abnormal,54,0.5071768760681152,0.333333283662796,0.1299976408481598,3,0.14421507716178894
A,pcb4,entropy_normal,18,1.0196373462677002,0.9783464074134827,0.9583426713943481,3,0.013130330480635166
A,pcb4,entropy_abnormal,18,1.0306861400604248,0.9946885704994202,0.9773909449577332,3,0.011420980095863342
A,pcb4,routing_l1,18,0.07064570486545563,0.0629122257232666,0.0478961318731308,3,0.0048932721838355064
A,pcb4,gap_ss2d_l1,18,1.9432682991027832,1.916900634765625,1.8480336666107178,3,0.020110754296183586
H,pcb4,gap_normal,54,0.5870772004127502,0.3333333432674408,0.047602105885744095,1,0.21982507407665253
H,pcb4,gap_abnormal,54,0.5673597455024719,0.3333333432674408,0.046477094292640686,1,0.21449418365955353
H,pcb4,ss2d_normal,54,0.9999992847442627,0.3333333432674408,3.0600077721392155e-33,1,0.47140398621559143
H,pcb4,ss2d_abnormal,54,0.9999887943267822,0.3333333432674408,4.2952864799473784e-33,1,0.4713965654373169
H,pcb4,final_normal,54,0.6283693909645081,0.333333283662796,0.042841892689466476,1,0.23756836354732513
H,pcb4,final_abnormal,54,0.6106226444244385,0.3333333432674408,0.04182938486337662,1,0.23108185827732086
H,pcb4,entropy_normal,18,0.804620623588562,0.796913743019104,0.7926444411277771,1,0.0036789695732295513
H,pcb4,entropy_abnormal,18,0.8124909400939941,0.8052765727043152,0.8012855052947998,1,0.0034425242338329554
H,pcb4,routing_l1,18,0.03751847520470619,0.03700000047683716,0.03606974706053734,1,0.0004439895274117589
H,pcb4,gap_ss2d_l1,18,0.8398507237434387,0.830837070941925,0.8258442282676697,1,0.004302213899791241
H,pcb4,gap_normal,54,0.6832451224327087,0.3333333432674408,0.011965044774115086,2,0.26974132657051086
H,pcb4,gap_abnormal,54,0.7080795764923096,0.3333333432674408,0.017298445105552673,2,0.27881157398223877
H,pcb4,ss2d_normal,54,1.0,0.3333333432674408,0.0,2,0.471404492855072
H,pcb4,ss2d_abnormal,54,1.0,0.3333333432674408,0.0,2,0.471404492855072
H,pcb4,final_normal,54,0.6149206161499023,0.3333333730697632,0.11076854169368744,2,0.2049880474805832
H,pcb4,final_abnormal,54,0.6372715830802917,0.3333333432674408,0.1155686005949974,2,0.215431809425354
H,pcb4,entropy_normal,18,0.9216059446334839,0.9060580134391785,0.897557258605957,2,0.008470010943710804
H,pcb4,entropy_abnormal,18,0.9126731157302856,0.8928557634353638,0.881973385810852,2,0.010825199075043201
H,pcb4,routing_l1,18,0.054302118718624115,0.05308814346790314,0.05081680417060852,2,0.0012301580281928182
H,pcb4,gap_ss2d_l1,18,1.9760700464248657,1.9712674617767334,1.9616999626159668,2,0.004991576541215181
H,pcb4,gap_normal,54,0.5752507448196411,0.3333333432674408,0.04378916695713997,3,0.20779560506343842
H,pcb4,gap_abnormal,54,0.5549209117889404,0.333333283662796,0.051745135337114334,3,0.19817189872264862
H,pcb4,ss2d_normal,54,1.0,0.3333333432674408,1.0699138431289779e-36,3,0.46841031312942505
H,pcb4,ss2d_abnormal,54,1.0,0.3333333432674408,6.7175406286365085e-34,3,0.46669238805770874
H,pcb4,final_normal,54,0.6150898933410645,0.333333283662796,0.03941024839878082,3,0.19374613463878632
H,pcb4,final_abnormal,54,0.5949357151985168,0.3333333432674408,0.04657062143087387,3,0.1841907799243927
H,pcb4,entropy_normal,18,1.0341969728469849,0.8994264602661133,0.7935521602630615,3,0.09483364224433899
H,pcb4,entropy_abnormal,18,1.0431978702545166,0.9183052778244019,0.819532036781311,3,0.08816249668598175
H,pcb4,routing_l1,18,0.04095613956451416,0.03464202210307121,0.028617605566978455,3,0.002783463802188635
H,pcb4,gap_ss2d_l1,18,1.911239743232727,1.3105682134628296,0.7581132650375366,3,0.5058533549308777
A,pcb4,gap_normal,54,0.5922583341598511,0.33333340287208557,0.03630742430686951,1,0.2271614819765091
A,pcb4,gap_abnormal,54,0.5448036193847656,0.3333333730697632,0.03884987160563469,1,0.2135974019765854
A,pcb4,ss2d_normal,54,1.0,0.3333333432674408,6.464738152333095e-32,1,0.471404492855072
A,pcb4,ss2d_abnormal,54,1.0,0.3333333432674408,3.0439828703808857e-30,1,0.471404492855072
A,pcb4,final_normal,54,0.5330324769020081,0.3333333432674408,0.13267669081687927,1,0.16210642457008362
A,pcb4,final_abnormal,54,0.4903232455253601,0.3333333432674408,0.13496488332748413,1,0.14693839848041534
A,pcb4,entropy_normal,18,0.974661111831665,0.9717242121696472,0.9696524143218994,1,0.0014325249940156937
A,pcb4,entropy_abnormal,18,0.9915773868560791,0.9892199039459229,0.9875646829605103,1,0.0011484556598588824
A,pcb4,routing_l1,18,0.08541855216026306,0.08423548191785812,0.08257511258125305,1,0.000812114798463881
A,pcb4,gap_ss2d_l1,18,1.9273850917816162,1.9247207641601562,1.9208791255950928,1,0.0018656592583283782
A,pcb4,gap_normal,54,0.5691348314285278,0.3333333432674408,0.05303579196333885,2,0.20863746106624603
A,pcb4,gap_abnormal,54,0.5424922108650208,0.333333283662796,0.06474239379167557,2,0.19522014260292053
A,pcb4,ss2d_normal,54,0.9999978542327881,0.3333333432674408,1.9076249259510404e-33,2,0.47140300273895264
A,pcb4,ss2d_abnormal,54,0.9999641180038452,0.3333333432674408,4.4322576854251784e-30,2,0.4713791310787201
A,pcb4,final_normal,54,0.6122211217880249,0.3333333432674408,0.04773221164941788,2,0.22633962333202362
A,pcb4,final_abnormal,54,0.5882393717765808,0.3333333432674408,0.05826815217733383,2,0.21279744803905487
A,pcb4,entropy_normal,18,0.8453248739242554,0.8240600824356079,0.8124009370803833,2,0.011829691007733345
A,pcb4,entropy_abnormal,18,0.8758063316345215,0.8561651706695557,0.8453655242919922,2,0.010941585525870323
A,pcb4,routing_l1,18,0.0479634553194046,0.046723172068595886,0.04447300732135773,2,0.0012538803275674582
A,pcb4,gap_ss2d_l1,18,0.8993945121765137,0.8750464916229248,0.8617260456085205,2,0.013526756316423416
A,pcb4,gap_normal,54,0.6006959676742554,0.3333333432674408,0.029425837099552155,3,0.21993261575698853
A,pcb4,gap_abnormal,54,0.5619010329246521,0.33333340287208557,0.03439687564969063,3,0.2077733427286148
A,pcb4,ss2d_normal,54,1.0,0.3333333432674408,2.1386547097602142e-39,3,0.471404492855072
A,pcb4,ss2d_abnormal,54,1.0,0.3333333432674408,1.6750885975981348e-36,3,0.471404492855072
A,pcb4,final_normal,54,0.5406263470649719,0.333333283662796,0.1264832615852356,3,0.1550310105085373
A,pcb4,final_abnormal,54,0.5057108998298645,0.3333333432674408,0.13095718622207642,3,0.1420963853597641
A,pcb4,entropy_normal,18,1.002619981765747,0.9819806218147278,0.9601824283599854,3,0.010190772823989391
A,pcb4,entropy_abnormal,18,1.015729546546936,0.9978367686271667,0.9788608551025391,3,0.008825287222862244
A,pcb4,routing_l1,18,0.06983083486557007,0.06151248514652252,0.05386318266391754,3,0.0038376967422664165
A,pcb4,gap_ss2d_l1,18,1.941148281097412,1.9122532606124878,1.880142331123352,3,0.015039099380373955
H,pcb4,gap_normal,54,0.5868768692016602,0.3333333432674408,0.047725070267915726,1,0.2204318791627884
H,pcb4,gap_abnormal,54,0.5671852231025696,0.3333333730697632,0.04659826681017876,1,0.21503986418247223
H,pcb4,ss2d_normal,54,0.9999992847442627,0.3333333432674408,3.0633478291344817e-33,1,0.47140398621559143
H,pcb4,ss2d_abnormal,54,0.9999887943267822,0.3333333432674408,4.300007926475853e-33,1,0.4713965654373169
H,pcb4,final_normal,54,0.6281890869140625,0.3333333432674408,0.04295256361365318,1,0.2381443977355957
H,pcb4,final_abnormal,54,0.6104655861854553,0.333333283662796,0.04193843901157379,1,0.23160135746002197
H,pcb4,entropy_normal,18,0.8011704683303833,0.7952703833580017,0.7929866313934326,1,0.0022188376169651747
H,pcb4,entropy_abnormal,18,0.809259295463562,0.8037387132644653,0.8016048073768616,1,0.0020760181359946728
H,pcb4,routing_l1,18,0.037475328892469406,0.03719624876976013,0.0364871621131897,1,0.00026573019567877054
H,pcb4,gap_ss2d_l1,18,0.8358138799667358,0.8289161920547485,0.8262448310852051,1,0.0025935203302651644
H,pcb4,gap_normal,54,0.6823822259902954,0.3333333432674408,0.012157824821770191,2,0.2705705463886261
H,pcb4,gap_abnormal,54,0.7071012258529663,0.3333333432674408,0.017550505697727203,2,0.27983513474464417
H,pcb4,ss2d_normal,54,1.0,0.3333333432674408,0.0,2,0.471404492855072
H,pcb4,ss2d_abnormal,54,1.0,0.3333333432674408,0.0,2,0.471404492855072
H,pcb4,final_normal,54,0.614143967628479,0.3333333432674408,0.110942043364048,2,0.20580701529979706
H,pcb4,final_abnormal,54,0.6363911032676697,0.3333333432674408,0.11579545587301254,2,0.21642690896987915
H,pcb4,entropy_normal,18,0.9177984595298767,0.9046645760536194,0.8983402252197266,2,0.006994125433266163
H,pcb4,entropy_abnormal,18,0.9078645706176758,0.891082763671875,0.882978081703186,2,0.008949266746640205
H,pcb4,routing_l1,18,0.05420099198818207,0.05329112708568573,0.05137060582637787,2,0.0010148297296836972
H,pcb4,gap_ss2d_l1,18,1.975684404373169,1.9721499681472778,1.96433424949646,2,0.004046652000397444
H,pcb4,gap_normal,54,0.5881319046020508,0.3333333432674408,0.03594721108675003,3,0.20227962732315063
H,pcb4,gap_abnormal,54,0.5667354464530945,0.3333333432674408,0.043100789189338684,3,0.1927885115146637
H,pcb4,ss2d_normal,54,1.0,0.3333333432674408,1.524673534328365e-36,3,0.47116440534591675
H,pcb4,ss2d_abnormal,54,1.0,0.3333333432674408,9.574758727527586e-34,3,0.4707562327384949
H,pcb4,final_normal,54,0.6288318037986755,0.333333283662796,0.03235248848795891,3,0.19496703147888184
H,pcb4,final_abnormal,54,0.6089415550231934,0.3333333730697632,0.038790710270404816,3,0.1856483817100525
H,pcb4,entropy_normal,18,1.0583237409591675,0.8953729271888733,0.7694130539894104,3,0.10526537150144577
H,pcb4,entropy_abnormal,18,1.0647330284118652,0.9142495393753052,0.7956517934799194,3,0.0977625846862793
H,pcb4,routing_l1,18,0.03978043422102928,0.032975830137729645,0.023870885372161865,3,0.00394001230597496
H,pcb4,gap_ss2d_l1,18,1.9115440845489502,1.2441997528076172,0.8139989972114563,3,0.4683687686920166
A,pcb4,gap_normal,54,0.5916339755058289,0.3333333730697632,0.03665858879685402,1,0.2275466024875641
A,pcb4,gap_abnormal,54,0.5443580746650696,0.3333333432674408,0.039211705327034,1,0.21391171216964722
A,pcb4,ss2d_normal,54,1.0,0.3333333432674408,6.46725429799103e-32,1,0.471404492855072
A,pcb4,ss2d_abnormal,54,1.0,0.3333333432674408,3.045121125070674e-30,1,0.471404492855072
A,pcb4,final_normal,54,0.5324705839157104,0.3333333432674408,0.1329927295446396,1,0.16247496008872986
A,pcb4,final_abnormal,54,0.48992225527763367,0.3333333432674408,0.13529053330421448,1,0.1472306102514267
A,pcb4,entropy_normal,18,0.9741173386573792,0.9711548686027527,0.9702059030532837,1,0.0010528929997235537
A,pcb4,entropy_abnormal,18,0.9911375045776367,0.9887633919715881,0.9880045652389526,1,0.0008433893672190607
A,pcb4,routing_l1,18,0.08509670197963715,0.0845574215054512,0.08287245035171509,1,0.0005986305186524987
A,pcb4,gap_ss2d_l1,18,1.9266828298568726,1.9254612922668457,1.9216022491455078,1,0.0013679501134902239
A,pcb4,gap_normal,54,0.5686625838279724,0.333333283662796,0.05336349457502365,2,0.20960360765457153
A,pcb4,gap_abnormal,54,0.5420710444450378,0.3333333432674408,0.06509789079427719,2,0.19616477191448212
A,pcb4,ss2d_normal,54,0.9999978542327881,0.3333333432674408,1.9081342456127326e-33,2,0.47140300273895264
A,pcb4,ss2d_abnormal,54,0.9999641180038452,0.3333333432674408,4.4333398925443194e-30,2,0.4713791310787201
A,pcb4,final_normal,54,0.6117960810661316,0.333333283662796,0.04802714288234711,2,0.22725307941436768
A,pcb4,final_abnormal,54,0.5878603458404541,0.3333333432674408,0.05858809873461723,2,0.21368283033370972
A,pcb4,entropy_normal,18,0.8409607410430908,0.8215281367301941,0.8132289052009583,2,0.009265425615012646
A,pcb4,entropy_abnormal,18,0.8717957139015198,0.853827714920044,0.8461344242095947,2,0.008579947054386139
A,pcb4,routing_l1,18,0.047871436923742294,0.04699063301086426,0.044942308217287064,2,0.0009823583532124758
A,pcb4,gap_ss2d_l1,18,0.89436936378479,0.8721455335617065,0.8626705408096313,2,0.010583884082734585
A,pcb4,gap_normal,54,0.6052865982055664,0.3333333432674408,0.027150006964802742,3,0.21833603084087372
A,pcb4,gap_abnormal,54,0.5655314922332764,0.333333283662796,0.032011836767196655,3,0.20627014338970184
A,pcb4,ss2d_normal,54,1.0,0.3333333432674408,2.1398135835902108e-39,3,0.471404492855072
A,pcb4,ss2d_abnormal,54,1.0,0.3333333432674408,1.676136993057204e-36,3,0.471404492855072
A,pcb4,final_normal,54,0.5447579026222229,0.333333283662796,0.12443500757217407,3,0.15355075895786285
A,pcb4,final_abnormal,54,0.5089783072471619,0.3333333432674408,0.12881065905094147,3,0.1407286524772644
A,pcb4,entropy_normal,18,1.0093896389007568,0.9842292070388794,0.9561578035354614,3,0.012617128901183605
A,pcb4,entropy_abnormal,18,1.0216312408447266,0.9998528957366943,0.9755600690841675,3,0.010901439934968948
A,pcb4,routing_l1,18,0.0715591162443161,0.060737211257219315,0.05143080651760101,3,0.004745762329548597
A,pcb4,gap_ss2d_l1,18,1.94569993019104,1.908586025238037,1.8679583072662354,3,0.019108261913061142
H,pcb4,gap_normal,54,0.5870675444602966,0.333333283662796,0.04760913550853729,1,0.2198611944913864
H,pcb4,gap_abnormal,54,0.5673482418060303,0.3333333432674408,0.04648397117853165,1,0.21452747285366058
H,pcb4,ss2d_normal,54,0.9999992847442627,0.3333333432674408,3.0615487717647466e-33,1,0.47140398621559143
H,pcb4,ss2d_abnormal,54,0.9999887943267822,0.3333333432674408,4.297482450331508e-33,1,0.4713965654373169
H,pcb4,final_normal,54,0.6283606886863708,0.3333333432674408,0.04284822195768356,1,0.23760263621807098
H,pcb4,final_abnormal,54,0.6106122732162476,0.333333283662796,0.04183557257056236,1,0.2311134785413742
H,pcb4,entropy_normal,18,0.8033283948898315,0.7968159914016724,0.7926629781723022,1,0.0029279000591486692
H,pcb4,entropy_abnormal,18,0.8112807273864746,0.8051839470863342,0.8013044595718384,1,0.0027390834875404835
H,pcb4,routing_l1,18,0.03752219304442406,0.03700947389006615,0.03622831776738167,1,0.00035290425876155496
H,pcb4,gap_ss2d_l1,18,0.8383377194404602,0.8307234048843384,0.8258634805679321,1,0.003423329908400774
H,pcb4,gap_normal,54,0.683999240398407,0.3333333432674408,0.011797613464295864,2,0.270760178565979
H,pcb4,gap_abnormal,54,0.7089406251907349,0.3333333730697632,0.01707981526851654,2,0.28006884455680847
H,pcb4,ss2d_normal,54,1.0,0.3333333432674408,0.0,2,0.471404492855072
H,pcb4,ss2d_abnormal,54,1.0,0.3333333432674408,0.0,2,0.471404492855072
H,pcb4,final_normal,54,0.6155992746353149,0.333333283662796,0.11061785370111465,2,0.20599313080310822
H,pcb4,final_abnormal,54,0.6380465626716614,0.333333283662796,0.11537183821201324,2,0.21665288507938385
H,pcb4,entropy_normal,18,0.9176895618438721,0.9043440222740173,0.8968716859817505,2,0.006351641844958067
H,pcb4,entropy_abnormal,18,0.9077260494232178,0.8906766176223755,0.8810884952545166,2,0.008136753924190998
H,pcb4,routing_l1,18,0.05440247803926468,0.05333999916911125,0.05138596147298813,2,0.0009135588188655674
H,pcb4,gap_ss2d_l1,18,1.9764047861099243,1.9723668098449707,1.9644070863723755,2,0.00357841607183218
H,pcb4,gap_normal,54,0.587140679359436,0.3333333730697632,0.03655348718166351,3,0.20937196910381317
H,pcb4,gap_abnormal,54,0.5657829642295837,0.3333333730697632,0.04370931163430214,3,0.19970381259918213
H,pcb4,ss2d_normal,54,1.0,0.3333333432674408,1.2363962618530224e-36,3,0.4631615877151489
H,pcb4,ss2d_abnormal,54,1.0,0.3333333432674408,7.885542121327265e-34,3,0.4626350700855255
H,pcb4,final_normal,54,0.6124499440193176,0.333333283662796,0.03310780227184296,3,0.1945081651210785
H,pcb4,final_abnormal,54,0.5946135520935059,0.3333333432674408,0.03970707952976227,3,0.18499740958213806
H,pcb4,entropy_normal,18,1.0339686870574951,0.8973225355148315,0.7875241041183472,3,0.09395778179168701
H,pcb4,entropy_abnormal,18,1.043044090270996,0.916249692440033,0.8125966787338257,3,0.08751342445611954
H,pcb4,routing_l1,18,0.0429053008556366,0.03470371663570404,0.028628602623939514,3,0.0027265227399766445
H,pcb4,gap_ss2d_l1,18,1.9142041206359863,1.2879620790481567,0.2441512793302536,3,0.5487420558929443
A,pcb4,gap_normal,54,0.5916434526443481,0.3333333432674408,0.03665347397327423,1,0.22721178829669952
A,pcb4,gap_abnormal,54,0.5443633794784546,0.3333333432674408,0.03920662775635719,1,0.21363919973373413
A,pcb4,ss2d_normal,54,1.0,0.3333333432674408,6.475252361554025e-32,1,0.471404492855072
A,pcb4,ss2d_abnormal,54,1.0,0.3333333432674408,3.0486545670496976e-30,1,0.471404492855072
A,pcb4,final_normal,54,0.5324791073799133,0.3333333432674408,0.1329881250858307,1,0.1621541976928711
A,pcb4,final_abnormal,54,0.4899270236492157,0.3333333432674408,0.13528597354888916,1,0.1469770222902298
A,pcb4,entropy_normal,18,0.9741768836975098,0.9716498255729675,0.9701976180076599,1,0.0011677035363391042
A,pcb4,entropy_abnormal,18,0.9911868572235107,0.9891594648361206,0.9879986047744751,1,0.0009350015898235142
A,pcb4,routing_l1,18,0.08510410785675049,0.08427579700946808,0.08284640312194824,1,0.0006640437641181052
A,pcb4,gap_ss2d_l1,18,1.9266932010650635,1.9248216152191162,1.921522617340088,1,0.0015148990787565708
A,pcb4,gap_normal,54,0.5699681639671326,0.3333333432674408,0.052459780126810074,2,0.20939382910728455
A,pcb4,gap_abnormal,54,0.5432379841804504,0.3333333432674408,0.06411625444889069,2,0.1959594339132309
A,pcb4,ss2d_normal,54,0.9999978542327881,0.3333333432674408,1.9077121696723905e-33,2,0.47140300273895264
A,pcb4,ss2d_abnormal,54,0.9999641180038452,0.3333333432674408,4.4324608108490005e-30,2,0.4713791310787201
A,pcb4,final_normal,54,0.6129711270332336,0.33333325386047363,0.04721380025148392,2,0.22705471515655518
A,pcb4,final_abnormal,54,0.5889105796813965,0.333333283662796,0.0577046275138855,2,0.2134903222322464
A,pcb4,entropy_normal,18,0.8447973728179932,0.8220810294151306,0.8109386563301086,2,0.009458046406507492
A,pcb4,entropy_abnormal,18,0.8753145337104797,0.8543400764465332,0.8440046906471252,2,0.00875833723694086
A,pcb4,routing_l1,18,0.04812105745077133,0.04693303257226944,0.04452095180749893,2,0.0010045558447018266
A,pcb4,gap_ss2d_l1,18,0.8987870812416077,0.8727765679359436,0.8600593209266663,2,0.010805664584040642
A,pcb4,gap_normal,54,0.6000973582267761,0.3333333432674408,0.029706425964832306,3,0.2204304188489914
A,pcb4,gap_abnormal,54,0.5613913536071777,0.333333283662796,0.034773800522089005,3,0.20818670094013214
A,pcb4,ss2d_normal,54,1.0,0.3333333432674408,2.1398780433195698e-39,3,0.471404492855072
A,pcb4,ss2d_abnormal,54,1.0,0.3333333432674408,1.6762137617922736e-36,3,0.471404492855072
A,pcb4,final_normal,54,0.5400875806808472,0.333333283662796,0.12673577666282654,3,0.15557214617729187
A,pcb4,final_abnormal,54,0.5052521824836731,0.3333333432674408,0.13129642605781555,3,0.14253918826580048
A,pcb4,entropy_normal,18,1.0319981575012207,0.9811924695968628,0.9606873393058777,3,0.014332813210785389
A,pcb4,entropy_abnormal,18,1.0415555238723755,0.997168779373169,0.9793579578399658,3,0.012505833990871906
A,pcb4,routing_l1,18,0.06967082619667053,0.0618460439145565,0.04357874393463135,3,0.005232404451817274
A,pcb4,gap_ss2d_l1,18,1.9405871629714966,1.9125690460205078,1.821235179901123,3,0.02430928684771061
H,pcb4,gap_normal,9,0.5853919386863708,0.3333333432674408,0.048644278198480606,1,0.22003759443759918
H,pcb4,gap_abnormal,9,0.5658873915672302,0.3333333432674408,0.047502949833869934,1,0.21468733251094818
H,pcb4,ss2d_normal,9,0.9999992847442627,0.3333333134651184,3.059797652524006e-33,1,0.4714040160179138
H,pcb4,ss2d_abnormal,9,0.9999887943267822,0.3333333134651184,4.295024197770351e-33,1,0.4713965952396393
H,pcb4,final_normal,9,0.6268526315689087,0.3333333432674408,0.043779850006103516,1,0.23777000606060028
H,pcb4,final_abnormal,9,0.609297513961792,0.3333333134651184,0.04275265336036682,1,0.2312655746936798
H,pcb4,entropy_normal,3,0.7973669767379761,0.7963387370109558,0.7955257892608643,1,0.000766928365919739
H,pcb4,entropy_abnormal,3,0.8056973218917847,0.804735004901886,0.8039754033088684,1,0.0007174357306212187
H,pcb4,routing_l1,3,0.037164658308029175,0.037064213305711746,0.036939993500709534,1,9.324761776952073e-05
H,pcb4,gap_ss2d_l1,3,0.8313681483268738,0.8301660418510437,0.8292146921157837,1,0.0008968639886006713
H,pcb4,gap_normal,9,0.6821744441986084,0.3333333432674408,0.012204661034047604,2,0.272308886051178
H,pcb4,gap_abnormal,9,0.7068653106689453,0.3333333432674408,0.017611589282751083,2,0.28198444843292236
H,pcb4,ss2d_normal,9,1.0,0.3333333432674408,0.0,2,0.4714045226573944
H,pcb4,ss2d_abnormal,9,1.0,0.3333333432674408,0.0,2,0.4714045226573944
H,pcb4,final_normal,9,0.6139569878578186,0.3333333432674408,0.1109841987490654,2,0.2075301706790924
H,pcb4,final_abnormal,9,0.6361787915229797,0.3333333432674408,0.11585043370723724,2,0.21852299571037292
H,pcb4,entropy_normal,3,0.9068240523338318,0.9017392992973328,0.8985285758972168,2,0.0036366600543260574
H,pcb4,entropy_abnormal,3,0.8938732147216797,0.8873435854911804,0.8832200765609741,2,0.004670105408877134
H,pcb4,routing_l1,3,0.054176054894924164,0.05372209846973419,0.05299501121044159,2,0.0005194011610001326
H,pcb4,gap_ss2d_l1,3,1.975590705871582,1.9738889932632446,1.971158504486084,2,0.0019501735223457217
H,pcb4,gap_normal,9,0.5598652958869934,0.3333333432674408,0.05429019406437874,3,0.20105594396591187
H,pcb4,gap_abnormal,9,0.5408603549003601,0.3333333432674408,0.06338148564100266,3,0.1914869099855423
H,pcb4,ss2d_normal,9,1.0,0.3333333432674408,3.2922494448677686e-36,3,0.47134456038475037
H,pcb4,ss2d_abnormal,9,1.0,0.3333333432674408,1.9074688056075718e-33,3,0.47114816308021545
H,pcb4,final_normal,9,0.6038660407066345,0.3333333432674408,0.048861172050237656,3,0.19768860936164856
H,pcb4,final_abnormal,9,0.5867199301719666,0.3333333730697632,0.05704333633184433,3,0.18831373751163483
H,pcb4,entropy_normal,3,1.0293534994125366,0.889509379863739,0.8193837404251099,3,0.09888491034507751
H,pcb4,entropy_abnormal,3,1.0389034748077393,0.9090349078178406,0.8439056873321533,3,0.09183109551668167
H,pcb4,routing_l1,3,0.03429218754172325,0.03265981376171112,0.029426217079162598,3,0.00228653266094625
H,pcb4,gap_ss2d_l1,3,1.8273082971572876,1.1959304809570312,0.8800151348114014,3,0.4464515447616577
A,pcb4,gap_normal,9,0.5911264419555664,0.3333333432674408,0.03694600239396095,1,0.2274109274148941
A,pcb4,gap_abnormal,9,0.5439924001693726,0.3333333134651184,0.039508260786533356,1,0.21380220353603363
A,pcb4,ss2d_normal,9,1.0,0.3333333432674408,6.486872123211903e-32,1,0.4714045226573944
A,pcb4,ss2d_abnormal,9,1.0,0.3333333432674408,3.0537990945661843e-30,1,0.4714045226573944
A,pcb4,final_normal,9,0.5320137739181519,0.3333333432674408,0.1332513988018036,1,0.16234448552131653
A,pcb4,final_abnormal,9,0.48959314823150635,0.3333333432674408,0.13555744290351868,1,0.1471283733844757
A,pcb4,entropy_normal,3,0.9722183346748352,0.9713554978370667,0.9706562757492065,1,0.0006481024320237339
A,pcb4,entropy_abnormal,3,0.9896124005317688,0.9889230132102966,0.9883642196655273,1,0.0005178673309274018
A,pcb4,routing_l1,3,0.08484125137329102,0.08444180339574814,0.08394718170166016,1,0.0003711527388077229
A,pcb4,gap_ss2d_l1,3,1.9261078834533691,1.9252076148986816,1.924094319343567,1,0.000835711311083287
A,pcb4,gap_normal,9,0.5687411427497864,0.3333333432674408,0.053308576345443726,2,0.21112777292728424
A,pcb4,gap_abnormal,9,0.5421410202980042,0.3333333432674408,0.06503908336162567,2,0.197654590010643
A,pcb4,ss2d_normal,9,0.9999978542327881,0.3333333432674408,1.908308916726425e-33,2,0.47140297293663025
A,pcb4,ss2d_abnormal,9,0.9999641180038452,0.3333333432674408,4.43371228915466e-30,2,0.4713791608810425
A,pcb4,final_normal,9,0.6118667721748352,0.3333333432674408,0.047977715730667114,2,0.22869539260864258
A,pcb4,final_abnormal,9,0.5879232883453369,0.3333333134651184,0.058535173535346985,2,0.21508030593395233
A,pcb4,entropy_normal,3,0.8256815075874329,0.8174965977668762,0.8130905628204346,2,0.005793265998363495
A,pcb4,entropy_abnormal,3,0.8576921820640564,0.8500968813896179,0.846007227897644,2,0.005376017186790705
A,pcb4,routing_l1,3,0.047886982560157776,0.04741809144616127,0.046546436846256256,2,0.0006169446278363466
A,pcb4,gap_ss2d_l1,3,0.8768754005432129,0.8675389289855957,0.8625134229660034,2,0.006608349736779928
A,pcb4,gap_normal,9,0.5787361264228821,0.333333283662796,0.04175562411546707,3,0.2036241739988327
A,pcb4,gap_abnormal,9,0.5440098643302917,0.3333333432674408,0.04806333780288696,3,0.19246046245098114
A,pcb4,ss2d_normal,9,1.0,0.3333333432674408,2.1407272301889506e-39,3,0.4714045226573944
A,pcb4,ss2d_abnormal,9,1.0,0.3333333432674408,1.67700656041145e-36,3,0.4714045226573944
A,pcb4,final_normal,9,0.5208625197410583,0.3333333134651184,0.13758006691932678,3,0.14046652615070343
A,pcb4,final_abnormal,9,0.48960885405540466,0.3333333432674408,0.1432570070028305,3,0.12863658368587494
A,pcb4,entropy_normal,3,1.0500164031982422,1.003190040588379,0.9795538187026978,3,0.03311173990368843
A,pcb4,entropy_abnormal,3,1.0574275255203247,1.0165380239486694,0.9958969354629517,3,0.028913715854287148
A,pcb4,routing_l1,3,0.06250728666782379,0.054028015583753586,0.03723303973674774,3,0.011876028031110764
A,pcb4,gap_ss2d_l1,3,1.916488766670227,1.8692083358764648,1.7752763032913208,3,0.0664205253124237
H,macaroni2,gap_normal,54,0.6193293333053589,0.3333333432674408,0.021137310191988945,1,0.24472679197788239
H,macaroni2,gap_abnormal,54,0.5962538123130798,0.3333333432674408,0.04703503102064133,1,0.22459138929843903
H,macaroni2,ss2d_normal,54,0.9999998807907104,0.3333333432674408,9.248569864543793e-44,1,0.47140440344810486
H,macaroni2,ss2d_abnormal,54,0.9999996423721313,0.333333283662796,4.436756123042887e-33,1,0.4714042544364929
H,macaroni2,final_normal,54,0.6573963761329651,0.333333283662796,0.019023578613996506,1,0.2605246305465698
H,macaroni2,final_abnormal,54,0.6366283893585205,0.3333333432674408,0.042331527918577194,1,0.2425536960363388
H,macaroni2,entropy_normal,18,0.7173213958740234,0.7167994976043701,0.7162278890609741,1,0.00021777712390758097
H,macaroni2,entropy_abnormal,18,0.7873174548149109,0.7867386341094971,0.7861058115959167,1,0.000241203757468611
H,macaroni2,routing_l1,18,0.046899598091840744,0.04676413908600807,0.04661586880683899,1,5.6538297940278426e-05
H,macaroni2,gap_ss2d_l1,18,0.7626631259918213,0.7620333433151245,0.7613410949707031,1,0.0002634682459756732
H,macaroni2,gap_normal,54,0.7065784335136414,0.3333333432674408,0.005358973052352667,2,0.28697502613067627
H,macaroni2,gap_abnormal,54,0.743793249130249,0.3333333432674408,0.02472258359193802,2,0.30055898427963257
H,macaroni2,ss2d_normal,54,1.0,0.3333333432674408,0.0,2,0.471404492855072
H,macaroni2,ss2d_abnormal,54,1.0,0.3333333432674408,1.3077477788464923e-40,2,0.471404492855072
H,macaroni2,final_normal,54,0.6359205842018127,0.3333333432674408,0.10482307523488998,2,0.22196076810359955
H,macaroni2,final_abnormal,54,0.6694139242172241,0.3333333432674408,0.12225032597780228,2,0.23858867585659027
H,macaroni2,entropy_normal,18,0.8784629106521606,0.876143753528595,0.8742760419845581,2,0.0009552982519380748
H,macaroni2,entropy_abnormal,18,0.8595833778381348,0.8556027412414551,0.8523990511894226,2,0.0016399568412452936
H,macaroni2,routing_l1,18,0.10184112191200256,0.10162720084190369,0.10136011987924576,2,0.00011094060755567625
H,macaroni2,gap_ss2d_l1,18,1.9892820119857788,1.9887638092041016,1.9880951642990112,2,0.00027189310640096664
H,macaroni2,gap_normal,54,0.5676096081733704,0.3333333730697632,0.03838798776268959,3,0.21077336370944977
H,macaroni2,gap_abnormal,54,0.5737558603286743,0.333333283662796,0.07015012949705124,3,0.19342701137065887
H,macaroni2,ss2d_normal,54,1.0,0.3333333432674408,2.9982147891813726e-33,3,0.4710463583469391
H,macaroni2,ss2d_abnormal,54,1.0,0.3333333432674408,3.731024887022079e-26,3,0.47136974334716797
H,macaroni2,final_normal,54,0.6107854843139648,0.3333333432674408,0.03454918786883354,3,0.2227950394153595
H,macaroni2,final_abnormal,54,0.6163738369941711,0.3333333432674408,0.06313511729240417,3,0.21021878719329834
H,macaroni2,entropy_normal,18,0.9855278730392456,0.8235113024711609,0.785033106803894,3,0.04120565578341484
H,macaroni2,entropy_abnormal,18,1.0073769092559814,0.8757147789001465,0.8373607397079468,3,0.03445705398917198
H,macaroni2,routing_l1,18,0.06834851205348969,0.06690759211778641,0.06635123491287231,3,0.0006762599805369973
H,macaroni2,gap_ss2d_l1,18,1.9157756567001343,0.9510238170623779,0.8635169267654419,3,0.23435063660144806
A,macaroni2,gap_normal,54,0.6080588102340698,0.3333333432674408,0.016809018328785896,1,0.2430870234966278
A,macaroni2,gap_abnormal,54,0.5653207898139954,0.3333333432674408,0.03974280133843422,1,0.2188342958688736
A,macaroni2,ss2d_normal,54,1.0,0.3333333432674408,5.166517373042384e-40,1,0.471404492855072
A,macaroni2,ss2d_abnormal,54,1.0,0.3333333432674408,8.180936629745488e-30,1,0.471404492855072
A,macaroni2,final_normal,54,0.547252893447876,0.3333333432674408,0.11512811481952667,1,0.17634883522987366
A,macaroni2,final_abnormal,54,0.5087887048721313,0.3333333432674408,0.13576851785182953,1,0.1529822051525116
A,macaroni2,entropy_normal,18,0.9456979632377625,0.9455279111862183,0.9453811049461365,1,7.806999201420695e-05
A,macaroni2,entropy_abnormal,18,0.9829118251800537,0.9827284216880798,0.9825699329376221,1,8.419770165346563e-05
A,macaroni2,routing_l1,18,0.07692843675613403,0.0769113302230835,0.07689142972230911,1,9.445139767194632e-06
A,macaroni2,gap_ss2d_l1,18,1.9663819074630737,1.9662420749664307,1.9660800695419312,1,7.43695127312094e-05
A,macaroni2,gap_normal,54,0.5874821543693542,0.333333283662796,0.031028639525175095,2,0.22922846674919128
A,macaroni2,gap_abnormal,54,0.5595035552978516,0.33333340287208557,0.06308235228061676,2,0.20445191860198975
A,macaroni2,ss2d_normal,54,0.9999983310699463,0.3333333432674408,6.62346139938554e-40,2,0.4714033007621765
A,macaroni2,ss2d_abnormal,54,0.9999942779541016,0.3333333432674408,7.618158835136771e-30,2,0.4714004099369049
A,macaroni2,final_normal,54,0.62873375415802,0.3333333730697632,0.027925774455070496,2,0.24491536617279053
A,macaroni2,final_abnormal,54,0.6035526394844055,0.3333333432674408,0.056774117052555084,2,0.22270680963993073
A,macaroni2,entropy_normal,18,0.7631677389144897,0.760212779045105,0.7587286233901978,2,0.001000094460323453
A,macaroni2,entropy_abnormal,18,0.8388821482658386,0.8358882665634155,0.8343828916549683,2,0.0010141811799257994
A,macaroni2,routing_l1,18,0.05875635892152786,0.058051254600286484,0.05769672244787216,2,0.00023911653261166066
A,macaroni2,gap_ss2d_l1,18,0.8299677968025208,0.8266854882240295,0.8250323534011841,2,0.0011118634138256311
A,macaroni2,gap_normal,54,0.5838341116905212,0.3333333730697632,0.024009814485907555,3,0.22412970662117004
A,macaroni2,gap_abnormal,54,0.5714241862297058,0.3333333432674408,0.042280636727809906,3,0.2091197371482849
A,macaroni2,ss2d_normal,54,1.0,0.3333333432674408,3.270630615734123e-41,3,0.471404492855072
A,macaroni2,ss2d_abnormal,54,1.0,0.3333333432674408,8.50207421465417e-34,3,0.471404492855072
A,macaroni2,final_normal,54,0.5254507064819336,0.333333283662796,0.12160883843898773,3,0.1576511263847351
A,macaroni2,final_abnormal,54,0.5142817497253418,0.3333333730697632,0.1380525827407837,3,0.1444217562675476
A,macaroni2,entropy_normal,18,0.9798606634140015,0.9744672775268555,0.9619220495223999,3,0.0064100343734025955
A,macaroni2,entropy_abnormal,18,1.0027492046356201,0.9967730045318604,0.9826635122299194,3,0.007184204179793596
A,macaroni2,routing_l1,18,0.04032997786998749,0.038137298077344894,0.0328875333070755,3,0.0026741349138319492
A,macaroni2,gap_ss2d_l1,18,1.9519803524017334,1.9352658987045288,1.9278051853179932,3,0.008640835992991924
H,macaroni2,gap_normal,54,0.619312584400177,0.3333333730697632,0.021143842488527298,1,0.24477140605449677
H,macaroni2,gap_abnormal,54,0.5962361693382263,0.3333333432674408,0.04704546183347702,1,0.22464817762374878
H,macaroni2,ss2d_normal,54,0.9999998807907104,0.3333333432674408,9.248569864543793e-44,1,0.47140440344810486
H,macaroni2,ss2d_abnormal,54,0.9999996423721313,0.333333283662796,4.435774952601935e-33,1,0.4714042544364929
H,macaroni2,final_normal,54,0.6573812961578369,0.333333283662796,0.01902945712208748,1,0.26056811213493347
H,macaroni2,final_abnormal,54,0.6366124749183655,0.3333333432674408,0.04234091565012932,1,0.24260756373405457
H,macaroni2,entropy_normal,18,0.7170932292938232,0.7166621685028076,0.7162553071975708,1,0.0002572552766650915
H,macaroni2,entropy_abnormal,18,0.7870622873306274,0.7865859270095825,0.7861356735229492,1,0.00028500892221927643
H,macaroni2,routing_l1,18,0.04684023931622505,0.04672851413488388,0.04662298411130905,1,6.677112833131105e-05
H,macaroni2,gap_ss2d_l1,18,0.7623900771141052,0.7618675827980042,0.7613745927810669,1,0.00031119707273319364
H,macaroni2,gap_normal,54,0.7058680653572083,0.3333333432674408,0.005446717608720064,2,0.28701886534690857
H,macaroni2,gap_abnormal,54,0.7428606152534485,0.333333283662796,0.024989930912852287,2,0.3006288707256317
H,macaroni2,ss2d_normal,54,1.0,0.3333333432674408,0.0,2,0.471404492855072
H,macaroni2,ss2d_abnormal,54,1.0,0.3333333432674408,1.3072713373686218e-40,2,0.471404492855072
H,macaroni2,final_normal,54,0.6352812647819519,0.3333333432674408,0.10490204393863678,2,0.22200526297092438
H,macaroni2,final_abnormal,54,0.6685745120048523,0.3333333432674408,0.12249094247817993,2,0.2386559098958969
H,macaroni2,entropy_normal,18,0.8778163194656372,0.876068115234375,0.8749202489852905,2,0.0009528797818347812
H,macaroni2,entropy_abnormal,18,0.8584700226783752,0.8554719090461731,0.8535054922103882,2,0.0016344476025551558
H,macaroni2,routing_l1,18,0.10176442563533783,0.10163766145706177,0.1014406606554985,2,0.00010831333202077076
H,macaroni2,gap_ss2d_l1,18,1.9891066551208496,1.9887852668762207,1.9882864952087402,2,0.00027002894785255194
H,macaroni2,gap_normal,54,0.5734871625900269,0.3333333432674408,0.0346192792057991,3,0.21171055734157562
H,macaroni2,gap_abnormal,54,0.5813460350036621,0.3333333730697632,0.0649518147110939,3,0.19478876888751984
H,macaroni2,ss2d_normal,54,0.9995193481445312,0.3333333432674408,3.060850570181897e-25,3,0.47031930088996887
H,macaroni2,ss2d_abnormal,54,0.9999548196792603,0.3333333432674408,7.73125199627997e-20,3,0.4711623787879944
H,macaroni2,final_normal,54,0.6160469651222229,0.3333333730697632,0.031157350167632103,3,0.22751323878765106
H,macaroni2,final_abnormal,54,0.6232010126113892,0.3333333730697632,0.05845663323998451,3,0.2153339684009552
H,macaroni2,entropy_normal,18,0.824603796005249,0.8102474808692932,0.7740744352340698,3,0.018914464861154556
H,macaroni2,entropy_abnormal,18,0.878932774066925,0.8638131618499756,0.8250725269317627,3,0.020049694925546646
H,macaroni2,routing_l1,18,0.07067668437957764,0.06723112612962723,0.06634478271007538,3,0.0012544612400233746
H,macaroni2,gap_ss2d_l1,18,0.9054245948791504,0.8882050514221191,0.8253965377807617,3,0.02424190193414688
A,macaroni2,gap_normal,54,0.6081827878952026,0.3333333432674408,0.01676156371831894,1,0.24310031533241272
A,macaroni2,gap_abnormal,54,0.5654388666152954,0.3333333432674408,0.039661988615989685,1,0.2188500314950943
A,macaroni2,ss2d_normal,54,1.0,0.3333333432674408,5.166125009472373e-40,1,0.471404492855072
A,macaroni2,ss2d_abnormal,54,1.0,0.3333333432674408,8.180437091666163e-30,1,0.471404492855072
A,macaroni2,final_normal,54,0.5473644733428955,0.333333283662796,0.1150854080915451,1,0.17636194825172424
A,macaroni2,final_abnormal,54,0.5088949799537659,0.33333325386047363,0.13569578528404236,1,0.15299712121486664
A,macaroni2,entropy_normal,18,0.9457089900970459,0.9455068111419678,0.9452812671661377,1,0.00010674492659745738
A,macaroni2,entropy_abnormal,18,0.9829237461090088,0.9827055335044861,0.98246169090271,1,0.0001153590710600838
A,macaroni2,routing_l1,18,0.07693900167942047,0.07691313326358795,0.07688957452774048,1,1.2149592294008471e-05
A,macaroni2,gap_ss2d_l1,18,1.9664769172668457,1.9662622213363647,1.9660696983337402,1,0.00010169545566895977
A,macaroni2,gap_normal,54,0.5871328115463257,0.33333325386047363,0.0312221497297287,2,0.22922447323799133
A,macaroni2,gap_abnormal,54,0.5591340661048889,0.3333333432674408,0.06335968524217606,2,0.20444685220718384
A,macaroni2,ss2d_normal,54,0.9999983310699463,0.3333333432674408,6.6259837366213245e-40,2,0.4714033007621765
A,macaroni2,ss2d_abnormal,54,0.9999942779541016,0.3333333432674408,7.620368388358125e-30,2,0.4714004099369049
A,macaroni2,final_normal,54,0.6284193396568298,0.3333333432674408,0.02809993363916874,2,0.24491147696971893
A,macaroni2,final_abnormal,54,0.6032200455665588,0.3333333432674408,0.05702371522784233,2,0.2227020561695099
A,macaroni2,entropy_normal,18,0.7635436654090881,0.7602250576019287,0.7593551874160767,2,0.00100741779897362
A,macaroni2,entropy_abnormal,18,0.8392662405967712,0.835901141166687,0.8350199460983276,2,0.0010216578375548124
A,macaroni2,routing_l1,18,0.05884850025177002,0.058054592460393906,0.05784735828638077,2,0.00024093668616842479
A,macaroni2,gap_ss2d_l1,18,0.8303834199905396,0.8266992568969727,0.8257309794425964,2,0.0011193539248779416
A,macaroni2,gap_normal,54,0.5877185463905334,0.3333333432674408,0.022047623991966248,3,0.22488217055797577
A,macaroni2,gap_abnormal,54,0.5757139921188354,0.3333333432674408,0.039467256516218185,3,0.21006867289543152
A,macaroni2,ss2d_normal,54,1.0,0.3333333432674408,3.267687888959041e-41,3,0.471404492855072
A,macaroni2,ss2d_abnormal,54,1.0,0.3333333432674408,8.49455288751883e-34,3,0.471404492855072
A,macaroni2,final_normal,54,0.5289466977119446,0.3333333432674408,0.11984286457300186,3,0.1583792269229889
A,macaroni2,final_abnormal,54,0.518142580986023,0.3333333432674408,0.13552053272724152,3,0.14532656967639923
A,macaroni2,entropy_normal,18,0.9807068109512329,0.973331868648529,0.9586204886436462,3,0.007647344842553139
A,macaroni2,entropy_abnormal,18,1.0036563873291016,0.9954735636711121,0.9787728786468506,3,0.008603330701589584
A,macaroni2,routing_l1,18,0.04064856469631195,0.0376431867480278,0.03135532885789871,3,0.0032121064141392708
A,macaroni2,gap_ss2d_l1,18,1.9559047222137451,1.936718463897705,1.9265503883361816,3,0.010211191140115261
H,macaroni2,gap_normal,54,0.6192574501037598,0.333333283662796,0.021165478974580765,1,0.2447667419910431
H,macaroni2,gap_abnormal,54,0.5961776375770569,0.3333333432674408,0.04708008095622063,1,0.2246423363685608
H,macaroni2,ss2d_normal,54,0.9999998807907104,0.3333333432674408,9.248569864543793e-44,1,0.47140440344810486
H,macaroni2,ss2d_abnormal,54,0.9999996423721313,0.333333283662796,4.4352331231746027e-33,1,0.4714042544364929
H,macaroni2,final_normal,54,0.657331645488739,0.3333333432674408,0.01904893107712269,1,0.26056352257728577
H,macaroni2,final_abnormal,54,0.6365598440170288,0.3333333730697632,0.042372070252895355,1,0.24260203540325165
H,macaroni2,entropy_normal,18,0.7170577049255371,0.7166764140129089,0.7163456678390503,1,0.00021988857770338655
H,macaroni2,entropy_abnormal,18,0.7870229482650757,0.7866016030311584,0.7862348556518555,1,0.0002435760834487155
H,macaroni2,routing_l1,18,0.04683069884777069,0.046732135117053986,0.04664617031812668,1,5.7073320931522176e-05
H,macaroni2,gap_ss2d_l1,18,0.7623467445373535,0.7618849873542786,0.7614848613739014,1,0.00026604882441461086
H,macaroni2,gap_normal,54,0.7063187956809998,0.33333325386047363,0.005390895064920187,2,0.286980003118515
H,macaroni2,gap_abnormal,54,0.7434524893760681,0.3333333730697632,0.024820102378726006,2,0.30056747794151306
H,macaroni2,ss2d_normal,54,1.0,0.3333333432674408,0.0,2,0.471404492855072
H,macaroni2,ss2d_abnormal,54,1.0,0.3333333432674408,1.3059541168121565e-40,2,0.471404492855072
H,macaroni2,final_normal,54,0.6356868743896484,0.3333333432674408,0.10485180467367172,2,0.22196580469608307
H,macaroni2,final_abnormal,54,0.66910719871521,0.3333333432674408,0.12233809381723404,2,0.2385968267917633
H,macaroni2,entropy_normal,18,0.8776625394821167,0.8761351108551025,0.8745115995407104,2,0.0009058993309736252
H,macaroni2,entropy_abnormal,18,0.8582074642181396,0.8555867671966553,0.852803647518158,2,0.0015533840050920844
H,macaroni2,routing_l1,18,0.10181325674057007,0.10163024067878723,0.10145595669746399,2,0.00010240528354188427
H,macaroni2,gap_ss2d_l1,18,1.9892182350158691,1.9887667894363403,1.9883313179016113,2,0.00025460912729613483
H,macaroni2,gap_normal,54,0.5740582942962646,0.3333333432674408,0.034264907240867615,3,0.21384292840957642
H,macaroni2,gap_abnormal,54,0.5820886492729187,0.333333283662796,0.06445956230163574,3,0.19763554632663727
H,macaroni2,ss2d_normal,54,1.0,0.3333333432674408,3.9146882225327334e-25,3,0.4550970494747162
H,macaroni2,ss2d_abnormal,54,1.0,0.3333333432674408,9.381243381306272e-20,3,0.4581007957458496
H,macaroni2,final_normal,54,0.6165510416030884,0.3333333432674408,0.030838415026664734,3,0.2246502935886383
H,macaroni2,final_abnormal,54,0.6238678693771362,0.3333333730697632,0.05801360309123993,3,0.21306681632995605
H,macaroni2,entropy_normal,18,0.978970468044281,0.8164966106414795,0.7730175256729126,3,0.04270661249756813
H,macaroni2,entropy_abnormal,18,0.999616265296936,0.8680558204650879,0.8238716125488281,3,0.036374714225530624
H,macaroni2,routing_l1,18,0.08118558675050735,0.06878842413425446,0.0663457065820694,3,0.0044587142765522
H,macaroni2,gap_ss2d_l1,18,1.9255694150924683,0.8818498849868774,0.3111221492290497,3,0.31091007590293884
A,macaroni2,gap_normal,54,0.6081184148788452,0.3333333432674408,0.016786234453320503,1,0.24312038719654083
A,macaroni2,gap_abnormal,54,0.5653772354125977,0.3333333432674408,0.03970413655042648,1,0.21887370944023132
A,macaroni2,ss2d_normal,54,1.0,0.3333333432674408,5.166167048426303e-40,1,0.471404492855072
A,macaroni2,ss2d_abnormal,54,1.0,0.3333333432674408,8.180500286242463e-30,1,0.471404492855072
A,macaroni2,final_normal,54,0.5473065376281738,0.3333333432674408,0.11510761082172394,1,0.17638179659843445
A,macaroni2,final_abnormal,54,0.50883948802948,0.3333333432674408,0.1357337236404419,1,0.1530194729566574
A,macaroni2,entropy_normal,18,0.945618212223053,0.9454750418663025,0.9453331232070923,1,9.14736810955219e-05
A,macaroni2,entropy_abnormal,18,0.982825517654419,0.9826710820198059,0.982518196105957,1,9.879608114715666e-05
A,macaroni2,routing_l1,18,0.07693402469158173,0.07691683620214462,0.07689928263425827,1,1.0754646609711926e-05
A,macaroni2,gap_ss2d_l1,18,1.9664275646209717,1.9662928581237793,1.9661563634872437,1,8.708164386916906e-05
A,macaroni2,gap_normal,54,0.5871955156326294,0.333333283662796,0.03118712455034256,2,0.22921311855316162
A,macaroni2,gap_abnormal,54,0.5592011213302612,0.333333283662796,0.06330928206443787,2,0.2044326215982437
A,macaroni2,ss2d_normal,54,0.9999983310699463,0.3333333432674408,6.6245684251723565e-40,2,0.4714033007621765
A,macaroni2,ss2d_abnormal,54,0.9999942779541016,0.3333333432674408,7.619205307227647e-30,2,0.4714004099369049
A,macaroni2,final_normal,54,0.6284757852554321,0.3333333432674408,0.028068412095308304,2,0.24490049481391907
A,macaroni2,final_abnormal,54,0.6032804250717163,0.333333283662796,0.05697835236787796,2,0.22268864512443542
A,macaroni2,entropy_normal,18,0.762471079826355,0.7602602243423462,0.7592421770095825,2,0.0009542412008158863
A,macaroni2,entropy_abnormal,18,0.8381807804107666,0.8359372019767761,0.8349043130874634,2,0.0009686889825388789
A,macaroni2,routing_l1,18,0.05859285593032837,0.058063115924596786,0.05781983211636543,2,0.00022889023239258677
A,macaroni2,gap_ss2d_l1,18,0.8291944265365601,0.8267382383346558,0.8256055116653442,2,0.0010610560420900583
A,macaroni2,gap_normal,54,0.5858901739120483,0.3333333730697632,0.022959817200899124,3,0.22604399919509888
A,macaroni2,gap_abnormal,54,0.573700487613678,0.333333283662796,0.040766194462776184,3,0.21149328351020813
A,macaroni2,ss2d_normal,54,1.0,0.3333333432674408,3.268808927730501e-41,3,0.471404492855072
A,macaroni2,ss2d_abnormal,54,1.0,0.3333333432674408,8.497599989281353e-34,3,0.471404492855072
A,macaroni2,final_normal,54,0.5273011326789856,0.3333333730697632,0.1206638365983963,3,0.15948078036308289
A,macaroni2,final_abnormal,54,0.5163304209709167,0.3333333730697632,0.13668957352638245,3,0.14665740728378296
A,macaroni2,entropy_normal,18,0.9803040027618408,0.9715681076049805,0.9601707458496094,3,0.007124840281903744
A,macaroni2,entropy_abnormal,18,1.0032238960266113,0.9935306906700134,0.9805910587310791,3,0.007985549978911877
A,macaroni2,routing_l1,18,0.040495291352272034,0.0369337797164917,0.03205142915248871,3,0.002970232395455241
A,macaroni2,gap_ss2d_l1,18,1.95408034324646,1.9391924142837524,1.9271489381790161,3,0.009601417928934097
H,macaroni2,gap_normal,54,0.6193146705627441,0.3333333730697632,0.02114238776266575,1,0.2447722852230072
H,macaroni2,gap_abnormal,54,0.5962417721748352,0.3333333432674408,0.04704320430755615,1,0.2246493697166443
H,macaroni2,ss2d_normal,54,0.9999998807907104,0.3333333432674408,9.248569864543793e-44,1,0.47140440344810486
H,macaroni2,ss2d_abnormal,54,0.9999996423721313,0.333333283662796,4.4368920395772006e-33,1,0.4714042544364929
H,macaroni2,final_normal,54,0.657383143901825,0.333333283662796,0.01902814768254757,1,0.2605689764022827
H,macaroni2,final_abnormal,54,0.6366175413131714,0.3333333432674408,0.04233888164162636,1,0.2426087111234665
H,macaroni2,entropy_normal,18,0.7175530791282654,0.7166593074798584,0.7162501811981201,1,0.00031130079878494143
H,macaroni2,entropy_abnormal,18,0.7875737547874451,0.7865827083587646,0.7861281633377075,1,0.00034525161026977
H,macaroni2,routing_l1,18,0.04695984721183777,0.04672778397798538,0.046621426939964294,1,8.082301064860076e-05
H,macaroni2,gap_ss2d_l1,18,0.7629434466362,0.7618643641471863,0.7613704204559326,1,0.0003760355175472796
H,macaroni2,gap_normal,54,0.705739438533783,0.3333333432674408,0.005462788976728916,2,0.28693732619285583
H,macaroni2,gap_abnormal,54,0.7426910996437073,0.3333333432674408,0.025038575753569603,2,0.30049943923950195
H,macaroni2,ss2d_normal,54,1.0,0.3333333432674408,0.0,2,0.471404492855072
H,macaroni2,ss2d_abnormal,54,1.0,0.3333333432674408,1.3071452205068326e-40,2,0.471404492855072
H,macaroni2,final_normal,54,0.6351654529571533,0.3333333432674408,0.104916512966156,2,0.22192242741584778
H,macaroni2,final_abnormal,54,0.6684219837188721,0.3333333432674408,0.12253472208976746,2,0.2385312020778656
H,macaroni2,entropy_normal,18,0.8778780102729797,0.8762087821960449,0.8750368356704712,2,0.0007298140553757548
H,macaroni2,entropy_abnormal,18,0.8585816025733948,0.8557144403457642,0.8537063002586365,2,0.0012524373596534133
H,macaroni2,routing_l1,18,0.10174939036369324,0.10161933302879333,0.10142292827367783,2,8.41736255097203e-05
H,macaroni2,gap_ss2d_l1,18,1.9890743494033813,1.9887466430664062,1.9882675409317017,2,0.00020715374557767063
H,macaroni2,gap_normal,54,0.5718212723731995,0.3333333432674408,0.03571358323097229,3,0.21335220336914062
H,macaroni2,gap_abnormal,54,0.5790905952453613,0.3333333730697632,0.06637062132358551,3,0.19690203666687012
H,macaroni2,ss2d_normal,54,0.9994913339614868,0.3333333432674408,4.6325738329968135e-25,3,0.4668269753456116
H,macaroni2,ss2d_abnormal,54,0.9999514818191528,0.3333333432674408,1.0697528781478516e-19,3,0.46944040060043335
H,macaroni2,final_normal,54,0.6127480268478394,0.3333333432674408,0.03214222937822342,3,0.2288781702518463
H,macaroni2,final_abnormal,54,0.6191060543060303,0.3333333432674408,0.059733692556619644,3,0.2171933501958847
H,macaroni2,entropy_normal,18,0.8244487047195435,0.8058345317840576,0.780666708946228,3,0.015077071264386177
H,macaroni2,entropy_abnormal,18,0.8787784576416016,0.8592218160629272,0.8313735723495483,3,0.016214141622185707
H,macaroni2,routing_l1,18,0.07742616534233093,0.06802305579185486,0.06635771691799164,3,0.0025534022133797407
H,macaroni2,gap_ss2d_l1,18,0.9052647352218628,0.8725546598434448,0.6794774532318115,3,0.05167677253484726
A,macaroni2,gap_normal,54,0.6081518530845642,0.3333333432674408,0.016773255541920662,1,0.24310515820980072
A,macaroni2,gap_abnormal,54,0.5654099583625793,0.3333333432674408,0.039682067930698395,1,0.21885573863983154
A,macaroni2,ss2d_normal,54,1.0,0.3333333432674408,5.16947411280211e-40,1,0.471404492855072
A,macaroni2,ss2d_abnormal,54,1.0,0.3333333432674408,8.18424456488825e-30,1,0.471404492855072
A,macaroni2,final_normal,54,0.5473366379737854,0.333333283662796,0.11509592831134796,1,0.17636674642562866
A,macaroni2,final_abnormal,54,0.508868932723999,0.3333333432674408,0.1357138603925705,1,0.15300250053405762
A,macaroni2,entropy_normal,18,0.9458662271499634,0.9454991221427917,0.9453060030937195,1,0.0001233577058883384
A,macaroni2,entropy_abnormal,18,0.9830936193466187,0.9826971888542175,0.9824885129928589,1,0.00013330519141163677
A,macaroni2,routing_l1,18,0.07693541049957275,0.07691412419080734,0.07687238603830338,1,1.3803028195980005e-05
A,macaroni2,gap_ss2d_l1,18,1.9664534330368042,1.966269612312317,1.965919017791748,1,0.00011765967065002769
A,macaroni2,gap_normal,54,0.587144672870636,0.3333333730697632,0.03121619112789631,2,0.22924460470676422
A,macaroni2,gap_abnormal,54,0.5591468811035156,0.333333283662796,0.06334864348173141,2,0.20447182655334473
A,macaroni2,ss2d_normal,54,0.9999983310699463,0.3333333432674408,6.624974801727011e-40,2,0.4714033007621765
A,macaroni2,ss2d_abnormal,54,0.9999942779541016,0.3333333432674408,7.619437020674082e-30,2,0.4714004099369049
A,macaroni2,final_normal,54,0.6284300088882446,0.333333283662796,0.028094571083784103,2,0.2449309378862381
A,macaroni2,final_abnormal,54,0.6032316088676453,0.333333283662796,0.057013776153326035,2,0.22272560000419617
A,macaroni2,entropy_normal,18,0.761661946773529,0.7601628303527832,0.7593352794647217,2,0.0006329620955511928
A,macaroni2,entropy_abnormal,18,0.8373596668243408,0.8358380794525146,0.8349955677986145,2,0.0006427612388506532
A,macaroni2,routing_l1,18,0.05839880555868149,0.05803970620036125,0.057838425040245056,2,0.00015192656428553164
A,macaroni2,gap_ss2d_l1,18,0.8282970190048218,0.826630711555481,0.8257072567939758,2,0.0007043455261737108
A,macaroni2,gap_normal,54,0.5836001038551331,0.333333283662796,0.024132205173373222,3,0.22527457773685455
A,macaroni2,gap_abnormal,54,0.5711687207221985,0.3333333432674408,0.042451344430446625,3,0.21051423251628876
A,macaroni2,ss2d_normal,54,1.0,0.3333333432674408,3.271191135119853e-41,3,0.471404492855072
A,macaroni2,ss2d_abnormal,54,1.0,0.3333333432674408,8.50376031436363e-34,3,0.471404492855072
A,macaroni2,final_normal,54,0.5252400636672974,0.3333333432674408,0.12171898782253265,3,0.15873302519321442
A,macaroni2,final_abnormal,54,0.5140518546104431,0.333333283662796,0.13820621371269226,3,0.14572086930274963
A,macaroni2,entropy_normal,18,0.9798169136047363,0.9727354049682617,0.9621231555938721,3,0.0055038523860275745
A,macaroni2,entropy_abnormal,18,1.0027008056640625,0.9948856830596924,0.9828952550888062,3,0.006129665765911341
A,macaroni2,routing_l1,18,0.040310993790626526,0.037459127604961395,0.03297443687915802,3,0.002260682638734579
A,macaroni2,gap_ss2d_l1,18,1.9517356157302856,1.9377479553222656,1.9278697967529297,3,0.007520216517150402
H,macaroni2,gap_normal,54,0.6193544864654541,0.3333333432674408,0.02112649194896221,1,0.24479113519191742
H,macaroni2,gap_abnormal,54,0.5962854623794556,0.3333333730697632,0.047017864882946014,1,0.22467339038848877
H,macaroni2,ss2d_normal,54,0.9999998807907104,0.3333333432674408,9.248569864543793e-44,1,0.47140440344810486
H,macaroni2,ss2d_abnormal,54,0.9999996423721313,0.333333283662796,4.437399706199962e-33,1,0.4714042544364929
H,macaroni2,final_normal,54,0.657418966293335,0.3333333432674408,0.019013842567801476,1,0.26058733463287354
H,macaroni2,final_abnormal,54,0.6366568803787231,0.3333333432674408,0.042316075414419174,1,0.24263149499893188
H,macaroni2,entropy_normal,18,0.7169201374053955,0.7166011929512024,0.7161842584609985,1,0.00017328567628283054
H,macaroni2,entropy_abnormal,18,0.7868714332580566,0.7865179777145386,0.7860549688339233,1,0.00019235907529946417
H,macaroni2,routing_l1,18,0.04679568111896515,0.04671265557408333,0.04660434275865555,1,4.5084936573402956e-05
H,macaroni2,gap_ss2d_l1,18,0.7621804475784302,0.7617943286895752,0.7612907886505127,1,0.00020940517424605787
H,macaroni2,gap_normal,54,0.7061415314674377,0.3333333432674408,0.005412873346358538,2,0.28668275475502014
H,macaroni2,gap_abnormal,54,0.7432182431221008,0.3333333432674408,0.0248869601637125,2,0.300096720457077
H,macaroni2,ss2d_normal,54,1.0,0.3333333432674408,0.0,2,0.471404492855072
H,macaroni2,ss2d_abnormal,54,1.0,0.3333333432674408,1.3073834412457678e-40,2,0.471404492855072
H,macaroni2,final_normal,54,0.6355273723602295,0.3333333432674408,0.10487158596515656,2,0.2216643989086151
H,macaroni2,final_abnormal,54,0.6688963770866394,0.333333283662796,0.1223982647061348,2,0.23814401030540466
H,macaroni2,entropy_normal,18,0.8797019720077515,0.8766478896141052,0.8746724128723145,2,0.0010889993282034993
H,macaroni2,entropy_abnormal,18,0.8617119789123535,0.8564675450325012,0.8530813455581665,2,0.001869436469860375
H,macaroni2,routing_l1,18,0.10179146379232407,0.10156974196434021,0.1012156754732132,2,0.0001259004493476823
H,macaroni2,gap_ss2d_l1,18,1.989174246788025,1.9886199235916138,1.9877214431762695,2,0.0003139672917313874
H,macaroni2,gap_normal,54,0.5723707675933838,0.3333333432674408,0.0353182815015316,3,0.2133624106645584
H,macaroni2,gap_abnormal,54,0.5798938274383545,0.3333333432674408,0.06592699885368347,3,0.19698531925678253
H,macaroni2,ss2d_normal,54,1.0,0.3333333432674408,1.0360436565824867e-35,3,0.46864432096481323
H,macaroni2,ss2d_abnormal,54,1.0,0.3333333432674408,4.57617517783929e-28,3,0.470382958650589
H,macaroni2,final_normal,54,0.6150630712509155,0.3333333730697632,0.03178645297884941,3,0.22151321172714233
H,macaroni2,final_abnormal,54,0.6218969821929932,0.3333333432674408,0.059334296733140945,3,0.20992960035800934
H,macaroni2,entropy_normal,18,1.002131700515747,0.825896680355072,0.7761423587799072,3,0.061359796673059464
H,macaroni2,entropy_abnormal,18,1.0255701541900635,0.875793993473053,0.8274278044700623,3,0.05247393622994423
H,macaroni2,routing_l1,18,0.07464286684989929,0.06757518649101257,0.06428994238376617,3,0.0020531497430056334
H,macaroni2,gap_ss2d_l1,18,1.9179493188858032,0.9904899597167969,0.7467979788780212,3,0.32473325729370117
A,macaroni2,gap_normal,54,0.6080831289291382,0.3333333730697632,0.016799787059426308,1,0.2431001365184784
A,macaroni2,gap_abnormal,54,0.5653434991836548,0.33333325386047363,0.03972713649272919,1,0.21884997189044952
A,macaroni2,ss2d_normal,54,1.0,0.3333333432674408,5.16947411280211e-40,1,0.471404492855072
A,macaroni2,ss2d_abnormal,54,1.0,0.3333333432674408,8.18430775946455e-30,1,0.471404492855072
A,macaroni2,final_normal,54,0.5472748279571533,0.333333283662796,0.1151198074221611,1,0.1763617992401123
A,macaroni2,final_abnormal,54,0.5088091492652893,0.3333333432674408,0.13575442135334015,1,0.15299706161022186
A,macaroni2,entropy_normal,18,0.9456635117530823,0.9455070495605469,0.9453616142272949,1,9.480286826146767e-05
A,macaroni2,entropy_abnormal,18,0.9828745126724243,0.9827056527137756,0.9825489521026611,1,0.00010214472422376275
A,macaroni2,routing_l1,18,0.07693134993314743,0.07691242545843124,0.0768941268324852,1,1.1786832146754023e-05
A,macaroni2,gap_ss2d_l1,18,1.966400384902954,1.9662622213363647,1.9661132097244263,1,9.020015568239614e-05
A,macaroni2,gap_normal,54,0.5872109532356262,0.33333340287208557,0.031178627163171768,2,0.2290778011083603
A,macaroni2,gap_abnormal,54,0.5592164397239685,0.3333333432674408,0.06329770386219025,2,0.20426522195339203
A,macaroni2,ss2d_normal,54,0.9999983310699463,0.3333333432674408,6.6255353211127406e-40,2,0.4714033007621765
A,macaroni2,ss2d_abnormal,54,0.9999942779541016,0.3333333432674408,7.620019313555705e-30,2,0.4714004099369049
A,macaroni2,final_normal,54,0.6284896731376648,0.3333333432674408,0.02806076407432556,2,0.24476945400238037
A,macaroni2,final_abnormal,54,0.6032941937446594,0.333333283662796,0.05696793273091316,2,0.2225310057401657
A,macaroni2,entropy_normal,18,0.7628285884857178,0.7606774568557739,0.7592145800590515,2,0.0010099521605297923
A,macaroni2,entropy_abnormal,18,0.8385428190231323,0.8363602757453918,0.8348777890205383,2,0.0010245784651488066
A,macaroni2,routing_l1,18,0.058678269386291504,0.05816304683685303,0.057814378291368484,2,0.00024151754041668028
A,macaroni2,gap_ss2d_l1,18,0.8295911550521851,0.827202558517456,0.8255746364593506,2,0.0011220781598240137
A,macaroni2,gap_normal,54,0.5822262763977051,0.3333333730697632,0.024866510182619095,3,0.22577013075351715
A,macaroni2,gap_abnormal,54,0.569663405418396,0.3333333432674408,0.043446581810712814,3,0.21113544702529907
A,macaroni2,ss2d_normal,54,1.0,0.3333333432674408,3.2704904858876906e-41,3,0.471404492855072
A,macaroni2,ss2d_abnormal,54,1.0,0.3333333432674408,8.501750035352732e-34,3,0.471404492855072
A,macaroni2,final_normal,54,0.5240036249160767,0.3333333730697632,0.1223798617720604,3,0.1592082530260086
A,macaroni2,final_abnormal,54,0.5126970410346985,0.3333333432674408,0.13910192251205444,3,0.14630743861198425
A,macaroni2,entropy_normal,18,0.9798091650009155,0.9719840288162231,0.963314414024353,3,0.00585360499098897
A,macaroni2,entropy_abnormal,18,1.0026957988739014,0.9940328598022461,0.9842463731765747,3,0.00655318982899189
A,macaroni2,routing_l1,18,0.040314480662345886,0.03713126480579376,0.033444203436374664,3,0.002442150842398405
A,macaroni2,gap_ss2d_l1,18,1.95026695728302,1.9387463331222534,1.9278818368911743,3,0.007926024496555328
H,macaroni2,gap_normal,54,0.6193325519561768,0.3333333432674408,0.021135270595550537,1,0.24472565948963165
H,macaroni2,gap_abnormal,54,0.5962612628936768,0.3333333432674408,0.04703186824917793,1,0.22459034621715546
H,macaroni2,ss2d_normal,54,0.9999998807907104,0.3333333432674408,9.248569864543793e-44,1,0.47140440344810486
H,macaroni2,ss2d_abnormal,54,0.9999996423721313,0.333333283662796,4.435199695054001e-33,1,0.4714042544364929
H,macaroni2,final_normal,54,0.6573992371559143,0.3333333432674408,0.019021743908524513,1,0.2605234682559967
H,macaroni2,final_abnormal,54,0.6366350650787354,0.3333333432674408,0.04232868179678917,1,0.2425527572631836
H,macaroni2,entropy_normal,18,0.7175470590591431,0.7168028354644775,0.7162206172943115,1,0.0002983693848364055
H,macaroni2,entropy_abnormal,18,0.7875663638114929,0.7867416739463806,0.7860954999923706,1,0.0003308386658318341
H,macaroni2,routing_l1,18,0.046958230435848236,0.046765051782131195,0.046613842248916626,1,7.746980554657057e-05
H,macaroni2,gap_ss2d_l1,18,0.7629369497299194,0.762037992477417,0.7613346576690674,1,0.00036046779132448137
H,macaroni2,gap_normal,54,0.7062878608703613,0.3333333730697632,0.005394642241299152,2,0.2867438793182373
H,macaroni2,gap_abnormal,54,0.743412971496582,0.3333333432674408,0.024831676855683327,2,0.30019357800483704
H,macaroni2,ss2d_normal,54,1.0,0.3333333432674408,0.0,2,0.471404492855072
H,macaroni2,ss2d_abnormal,54,1.0,0.3333333432674408,1.3087987526947359e-40,2,0.471404492855072
H,macaroni2,final_normal,54,0.6356590390205383,0.3333333432674408,0.10485517978668213,2,0.22172637283802032
H,macaroni2,final_abnormal,54,0.6690716743469238,0.3333333432674408,0.12234850972890854,2,0.23823712766170502
H,macaroni2,entropy_normal,18,0.8784757852554321,0.8765425086021423,0.8745396137237549,2,0.0010516504989936948
H,macaroni2,entropy_abnormal,18,0.8596060276031494,0.8562865853309631,0.8528506755828857,2,0.0018046877812594175
H,macaroni2,routing_l1,18,0.10181190818548203,0.10158217698335648,0.10135823488235474,2,0.0001208815592690371
H,macaroni2,gap_ss2d_l1,18,1.9892107248306274,1.9886502027511597,1.9880913496017456,2,0.0002998519048560411
H,macaroni2,gap_normal,54,0.5740012526512146,0.3333333432674408,0.0343010276556015,3,0.21465462446212769
H,macaroni2,gap_abnormal,54,0.582012951374054,0.3333333432674408,0.06450749188661575,3,0.19875961542129517
H,macaroni2,ss2d_normal,54,0.9994879961013794,0.3333333432674408,4.859493616688164e-25,3,0.45941784977912903
H,macaroni2,ss2d_abnormal,54,0.9999510049819946,0.3333333432674408,1.1108907672086157e-19,3,0.4597507417201996
H,macaroni2,final_normal,54,0.6164977550506592,0.333333283662796,0.030870923772454262,3,0.2293553203344345
H,macaroni2,final_abnormal,54,0.6237994432449341,0.3333333432674408,0.05805674195289612,3,0.217777818441391
H,macaroni2,entropy_normal,18,0.8251831531524658,0.8036468029022217,0.7731265425682068,3,0.019461898133158684
H,macaroni2,entropy_abnormal,18,0.8795135021209717,0.857228696346283,0.823991060256958,3,0.021074838936328888
H,macaroni2,routing_l1,18,0.07897178828716278,0.06823981553316116,0.06631673872470856,3,0.0028875598218292
H,macaroni2,gap_ss2d_l1,18,0.9060335159301758,0.8352694511413574,0.07240475714206696,3,0.18667390942573547
A,macaroni2,gap_normal,54,0.608117401599884,0.3333333432674408,0.016786368563771248,1,0.2430877834558487
A,macaroni2,gap_abnormal,54,0.5653777718544006,0.3333333432674408,0.03970428556203842,1,0.21883520483970642
A,macaroni2,ss2d_normal,54,1.0,0.3333333432674408,5.1577732706249974e-40,1,0.471404492855072
A,macaroni2,ss2d_abnormal,54,1.0,0.3333333432674408,8.170582499345253e-30,1,0.471404492855072
A,macaroni2,final_normal,54,0.5473056435585022,0.333333283662796,0.11510773003101349,1,0.17634956538677216
A,macaroni2,final_abnormal,54,0.5088399648666382,0.3333333432674408,0.13573385775089264,1,0.15298305451869965
A,macaroni2,entropy_normal,18,0.9457671642303467,0.9455267786979675,0.9453336000442505,1,0.00011118508700747043
A,macaroni2,entropy_abnormal,18,0.9829858541488647,0.9827271699905396,0.9825181365013123,1,0.0001199160105898045
A,macaroni2,routing_l1,18,0.0769333764910698,0.07691124826669693,0.07688136398792267,1,1.3235690857982263e-05
A,macaroni2,gap_ss2d_l1,18,1.966427206993103,1.9662432670593262,1.9660141468048096,1,0.00010591161844786257
A,macaroni2,gap_normal,54,0.5871706008911133,0.33333340287208557,0.031201189383864403,2,0.22903034090995789
A,macaroni2,gap_abnormal,54,0.5591737031936646,0.3333333432674408,0.0633295401930809,2,0.2042064517736435
A,macaroni2,ss2d_normal,54,0.9999983310699463,0.3333333432674408,6.625128944558086e-40,2,0.4714033007621765
A,macaroni2,ss2d_abnormal,54,0.9999942779541016,0.3333333432674408,7.619670238753285e-30,2,0.4714004099369049
A,macaroni2,final_normal,54,0.6284533739089966,0.333333283662796,0.028081070631742477,2,0.24472351372241974
A,macaroni2,final_abnormal,54,0.6032557487487793,0.3333333432674408,0.05699658393859863,2,0.22247570753097534
A,macaroni2,entropy_normal,18,0.7634741067886353,0.7608238458633423,0.7592873573303223,2,0.0012493461836129427
A,macaroni2,entropy_abnormal,18,0.8391931653022766,0.8365086913108826,0.8349509239196777,2,0.0012659792555496097
A,macaroni2,routing_l1,18,0.05883089452981949,0.058198194950819016,0.057831067591905594,2,0.00029803015058860183
A,macaroni2,gap_ss2d_l1,18,0.8303084373474121,0.8273652195930481,0.8256554007530212,2,0.0013873432762920856
A,macaroni2,gap_normal,54,0.5863060355186462,0.3333333432674408,0.022751513868570328,3,0.22606337070465088
A,macaroni2,gap_abnormal,54,0.5741603374481201,0.3333333432674408,0.040463026612997055,3,0.21152423322200775
A,macaroni2,ss2d_normal,54,1.0,0.3333333432674408,3.2702102261948256e-41,3,0.471404492855072
A,macaroni2,ss2d_abnormal,54,1.0,0.3333333432674408,8.501036473547585e-34,3,0.471404492855072
A,macaroni2,final_normal,54,0.5276753902435303,0.333333283662796,0.1204763650894165,3,0.15950265526771545
A,macaroni2,final_abnormal,54,0.5167443156242371,0.3333333432674408,0.1364167332649231,3,0.1466905027627945
A,macaroni2,entropy_normal,18,0.979803740978241,0.9715397953987122,0.959818422794342,3,0.007441345136612654
A,macaroni2,entropy_abnormal,18,1.0026873350143433,0.9934854507446289,0.9801719188690186,3,0.008372903801500797
A,macaroni2,routing_l1,18,0.04030752182006836,0.03691033273935318,0.031880706548690796,3,0.003131649922579527
A,macaroni2,gap_ss2d_l1,18,1.95449697971344,1.939196228981018,1.9278894662857056,3,0.009943841956555843
H,macaroni2,gap_normal,54,0.6192357540130615,0.3333333730697632,0.02117367461323738,1,0.2447541356086731
H,macaroni2,gap_abnormal,54,0.5961560010910034,0.3333333432674408,0.04709336534142494,1,0.2246265858411789
H,macaroni2,ss2d_normal,54,0.9999998807907104,0.3333333432674408,9.248569864543793e-44,1,0.47140440344810486
H,macaroni2,ss2d_abnormal,54,0.9999996423721313,0.333333283662796,4.4372983198122036e-33,1,0.4714042544364929
H,macaroni2,final_normal,54,0.6573121547698975,0.333333283662796,0.019056307151913643,1,0.2605512738227844
H,macaroni2,final_abnormal,54,0.6365403532981873,0.333333283662796,0.04238402843475342,1,0.2425871044397354
H,macaroni2,entropy_normal,18,0.7172145247459412,0.7167150378227234,0.7163802981376648,1,0.00024501088773831725
H,macaroni2,entropy_abnormal,18,0.7871973514556885,0.7866441607475281,0.786272406578064,1,0.00027190367109142244
H,macaroni2,routing_l1,18,0.04687170684337616,0.046742215752601624,0.04665534198284149,1,6.356660014716908e-05
H,macaroni2,gap_ss2d_l1,18,0.7625358700752258,0.7619320154190063,0.7615282535552979,1,0.0002957276883535087
H,macaroni2,gap_normal,54,0.7059659361839294,0.333333283662796,0.005434697959572077,2,0.28691861033439636
H,macaroni2,gap_abnormal,54,0.7429876327514648,0.3333333730697632,0.02495301328599453,2,0.3004706799983978
H,macaroni2,ss2d_normal,54,1.0,0.3333333432674408,0.0,2,0.471404492855072
H,macaroni2,ss2d_abnormal,54,1.0,0.3333333432674408,1.3068089088753947e-40,2,0.471404492855072
H,macaroni2,final_normal,54,0.6353693008422852,0.3333333432674408,0.10489122569561005,2,0.2219035029411316
H,macaroni2,final_abnormal,54,0.6686888337135315,0.3333333432674408,0.12245771288871765,2,0.23850367963314056
H,macaroni2,entropy_normal,18,0.8782157897949219,0.8762410283088684,0.8748316168785095,2,0.0008622881141491234
H,macaroni2,entropy_abnormal,18,0.8591600656509399,0.8557681441307068,0.8533546924591064,2,0.0014795797178521752
H,macaroni2,routing_l1,18,0.10177198052406311,0.10161864012479782,0.10138744860887527,2,9.881146979751065e-05
H,macaroni2,gap_ss2d_l1,18,1.9891304969787598,1.9887371063232422,1.988168478012085,2,0.0002446226426400244
H,macaroni2,gap_normal,54,0.5670132040977478,0.3333333432674408,0.03893439099192619,3,0.2115703523159027
H,macaroni2,gap_abnormal,54,0.572746217250824,0.3333333730697632,0.07054643332958221,3,0.19452272355556488
H,macaroni2,ss2d_normal,54,1.0,0.3333333432674408,1.9298773785495005e-28,3,0.47100940346717834
H,macaroni2,ss2d_abnormal,54,1.0,0.3333333432674408,2.067431892927082e-22,3,0.47133302688598633
H,macaroni2,final_normal,54,0.6098440885543823,0.3333333432674408,0.03516128286719322,3,0.2195466011762619
H,macaroni2,final_abnormal,54,0.6151933073997498,0.333333283662796,0.06400599330663681,3,0.2071884274482727
H,macaroni2,entropy_normal,18,0.9819854497909546,0.8322564363479614,0.7869640588760376,3,0.054315365850925446
H,macaroni2,entropy_abnormal,18,1.0032376050949097,0.8825597763061523,0.8395403623580933,3,0.04453735798597336
H,macaroni2,routing_l1,18,0.06838777661323547,0.06698238104581833,0.0663335919380188,3,0.0006848347838968039
H,macaroni2,gap_ss2d_l1,18,1.9221311807632446,1.0078766345977783,0.864017128944397,3,0.3233416974544525
A,macaroni2,gap_normal,54,0.6081037521362305,0.3333333432674408,0.01679159887135029,1,0.2431100308895111
A,macaroni2,gap_abnormal,54,0.5653645396232605,0.3333333432674408,0.03971328213810921,1,0.21886157989501953
A,macaroni2,ss2d_normal,54,1.0,0.3333333432674408,5.171884346160748e-40,1,0.471404492855072
A,macaroni2,ss2d_abnormal,54,1.0,0.3333333432674408,8.18705521890084e-30,1,0.471404492855072
A,macaroni2,final_normal,54,0.5472933650016785,0.333333283662796,0.11511243879795074,1,0.17637154459953308
A,macaroni2,final_abnormal,54,0.5088280439376831,0.333333283662796,0.1357419490814209,1,0.15300802886486053
A,macaroni2,entropy_normal,18,0.9456764459609985,0.9454914927482605,0.9453446865081787,1,8.755435555940494e-05
A,macaroni2,entropy_abnormal,18,0.9828879237174988,0.9826886653900146,0.9825302362442017,1,9.437331755179912e-05
A,macaroni2,routing_l1,18,0.07693059742450714,0.07691454887390137,0.07689142227172852,1,1.0715728421928361e-05
A,macaroni2,gap_ss2d_l1,18,1.966416835784912,1.9662772417068481,1.9661006927490234,1,8.337025064975023e-05
A,macaroni2,gap_normal,54,0.5871363282203674,0.3333333432674408,0.03122006729245186,2,0.2291688174009323
A,macaroni2,gap_abnormal,54,0.5591402053833008,0.3333333730697632,0.06335483491420746,2,0.20437785983085632
A,macaroni2,ss2d_normal,54,0.9999983310699463,0.3333333432674408,6.626894580623136e-40,2,0.4714033007621765
A,macaroni2,ss2d_abnormal,54,0.9999942779541016,0.3333333432674408,7.621181642369798e-30,2,0.4714004099369049
A,macaroni2,final_normal,54,0.6284224987030029,0.333333283662796,0.028098059818148613,2,0.2448575794696808
A,macaroni2,final_abnormal,54,0.603225588798523,0.3333333432674408,0.057019349187612534,2,0.2226371020078659
A,macaroni2,entropy_normal,18,0.763110876083374,0.7603967189788818,0.7593485713005066,2,0.000921472383197397
A,macaroni2,entropy_abnormal,18,0.8388271331787109,0.8360756635665894,0.835008978843689,2,0.0009351138724014163
A,macaroni2,routing_l1,18,0.05874475836753845,0.05809600651264191,0.057842567563056946,2,0.00022078653273638338
A,macaroni2,gap_ss2d_l1,18,0.8299047946929932,0.8268905878067017,0.8257240056991577,2,0.0010240693809464574
A,macaroni2,gap_normal,54,0.5865777730941772,0.333333283662796,0.0226115919649601,3,0.22493304312229156
A,macaroni2,gap_abnormal,54,0.5744549632072449,0.3333333730697632,0.040281496942043304,3,0.210115447640419
A,macaroni2,ss2d_normal,54,1.0,0.3333333432674408,3.271471394812718e-41,3,0.471404492855072
A,macaroni2,ss2d_abnormal,54,1.0,0.3333333432674408,8.50414969686734e-34,3,0.471404492855072
A,macaroni2,final_normal,54,0.5279200077056885,0.33333340287208557,0.1203504353761673,3,0.15841946005821228
A,macaroni2,final_abnormal,54,0.517009437084198,0.3333333432674408,0.13625335693359375,3,0.1453605443239212
A,macaroni2,entropy_normal,18,0.9797282218933105,0.9732544422149658,0.95958411693573,3,0.006831717677414417
A,macaroni2,entropy_abnormal,18,1.0026055574417114,0.995418131351471,0.9799135327339172,3,0.007679821457713842
A,macaroni2,routing_l1,18,0.04027773439884186,0.03763572499155998,0.031805798411369324,3,0.0028663838747888803
A,macaroni2,gap_ss2d_l1,18,1.9547767639160156,1.9369114637374878,1.9280006885528564,3,0.009141907095909119
H,macaroni2,gap_normal,54,0.619236409664154,0.3333333432674408,0.021174537017941475,1,0.2447483241558075
H,macaroni2,gap_abnormal,54,0.5961514711380005,0.3333333730697632,0.04709424823522568,1,0.22461888194084167
H,macaroni2,ss2d_normal,54,0.9999998807907104,0.3333333432674408,9.248569864543793e-44,1,0.47140440344810486
H,macaroni2,ss2d_abnormal,54,0.9999996423721313,0.333333283662796,4.436282619224696e-33,1,0.4714042544364929
H,macaroni2,final_normal,54,0.6573126912117004,0.333333283662796,0.019057082012295723,1,0.2605455815792084
H,macaroni2,final_abnormal,54,0.6365363001823425,0.333333283662796,0.04238482192158699,1,0.24257978796958923
H,macaroni2,entropy_normal,18,0.717162549495697,0.7167332172393799,0.7163820862770081,1,0.00023121321282815188
H,macaroni2,entropy_abnormal,18,0.7871418595314026,0.7866646647453308,0.7862767577171326,1,0.00025594892213121057
H,macaroni2,routing_l1,18,0.04685859754681587,0.046746913343667984,0.04665541648864746,1,6.0066453443141654e-05
H,macaroni2,gap_ss2d_l1,18,0.7624711990356445,0.7619534730911255,0.7615269422531128,1,0.0002799031208269298
H,macaroni2,gap_normal,54,0.7053151726722717,0.333333283662796,0.005515718832612038,2,0.28678613901138306
H,macaroni2,gap_abnormal,54,0.7421360611915588,0.3333333432674408,0.02519911341369152,2,0.3002609312534332
H,macaroni2,ss2d_normal,54,1.0,0.3333333432674408,0.0,2,0.471404492855072
H,macaroni2,ss2d_abnormal,54,1.0,0.3333333432674408,1.3068649608139676e-40,2,0.471404492855072
H,macaroni2,final_normal,54,0.6347836256027222,0.333333283662796,0.10496415197849274,2,0.22176909446716309
H,macaroni2,final_abnormal,54,0.6679224371910095,0.33333325386047363,0.122679203748703,2,0.23830173909664154
H,macaroni2,entropy_normal,18,0.8783199191093445,0.8764694333076477,0.8754209280014038,2,0.0007192121702246368
H,macaroni2,entropy_abnormal,18,0.8593335747718811,0.8561607599258423,0.8543634414672852,2,0.0012339744716882706
H,macaroni2,routing_l1,18,0.10170775651931763,0.10159102082252502,0.10138466954231262,2,8.222363248933107e-05
H,macaroni2,gap_ss2d_l1,18,1.9889686107635498,1.9886728525161743,1.9881384372711182,2,0.00020546262385323644
H,macaroni2,gap_normal,54,0.5733391046524048,0.3333333432674408,0.03470956161618233,3,0.2133626937866211
H,macaroni2,gap_abnormal,54,0.581161379814148,0.3333333432674408,0.06507587432861328,3,0.19700020551681519
H,macaroni2,ss2d_normal,54,0.9994945526123047,0.3333333432674408,4.423263889900325e-25,3,0.47069206833839417
H,macaroni2,ss2d_abnormal,54,0.9999518394470215,0.3333333432674408,1.0321915758840989e-19,3,0.4712935984134674
H,macaroni2,final_normal,54,0.6159014105796814,0.333333283662796,0.031238604336977005,3,0.22910942137241364
H,macaroni2,final_abnormal,54,0.6230329871177673,0.3333333432674408,0.058568283915519714,3,0.217404305934906
H,macaroni2,entropy_normal,18,0.8247119784355164,0.8054457902908325,0.7743526697158813,3,0.01924518682062626
H,macaroni2,entropy_abnormal,18,0.8790417909622192,0.858809769153595,0.8253744840621948,3,0.02036876603960991
H,macaroni2,routing_l1,18,0.06892243027687073,0.0674048364162445,0.06634052097797394,3,0.0010508177801966667
H,macaroni2,gap_ss2d_l1,18,0.9055389761924744,0.8842614889144897,0.8512462973594666,3,0.021439148113131523
A,macaroni2,gap_normal,54,0.6081479787826538,0.3333333432674408,0.016774725168943405,1,0.2431049346923828
A,macaroni2,gap_abnormal,54,0.5654066801071167,0.333333283662796,0.03968442231416702,1,0.21885547041893005
A,macaroni2,ss2d_normal,54,1.0,0.3333333432674408,5.1555732320360075e-40,1,0.471404492855072
A,macaroni2,ss2d_abnormal,54,1.0,0.3333333432674408,8.168089322846933e-30,1,0.471404492855072
A,macaroni2,final_normal,54,0.5473331809043884,0.333333283662796,0.11509725451469421,1,0.17636653780937195
A,macaroni2,final_abnormal,54,0.508866012096405,0.3333333432674408,0.13571597635746002,1,0.15300221741199493
A,macaroni2,entropy_normal,18,0.945803165435791,0.9454995393753052,0.9453091621398926,1,0.00013706499885302037
A,macaroni2,entropy_abnormal,18,0.9830248951911926,0.9826977252960205,0.9824916124343872,1,0.0001479946222389117
A,macaroni2,routing_l1,18,0.0769343227148056,0.0769142434000969,0.07687750458717346,1,1.583495395607315e-05
A,macaroni2,gap_ss2d_l1,18,1.9664504528045654,1.9662691354751587,1.9659795761108398,1,0.0001306261110585183
A,macaroni2,gap_normal,54,0.5869647860527039,0.3333333432674408,0.031315408647060394,2,0.22915565967559814
A,macaroni2,gap_abnormal,54,0.5589576363563538,0.3333333730697632,0.06349125504493713,2,0.20436151325702667
A,macaroni2,ss2d_normal,54,0.9999983310699463,0.3333333432674408,6.627805424624947e-40,2,0.4714033007621765
A,macaroni2,ss2d_abnormal,54,0.9999942779541016,0.3333333432674408,7.621937720336247e-30,2,0.4714004099369049
A,macaroni2,final_normal,54,0.6282681226730347,0.3333333432674408,0.028183866292238235,2,0.24484482407569885
A,macaroni2,final_abnormal,54,0.6030612587928772,0.3333333432674408,0.05714212730526924,2,0.22262170910835266
A,macaroni2,entropy_normal,18,0.7620889544487,0.7604372501373291,0.7596570253372192,2,0.0007828767411410809
A,macaroni2,entropy_abnormal,18,0.8377907276153564,0.8361170887947083,0.8353222608566284,2,0.0007946183905005455
A,macaroni2,routing_l1,18,0.05850044637918472,0.05810603126883507,0.05791603773832321,2,0.00018764643755275756
A,macaroni2,gap_ss2d_l1,18,0.8287728428840637,0.8269361257553101,0.8260669708251953,2,0.0008703884668648243
A,macaroni2,gap_normal,54,0.5873928070068359,0.3333333432674408,0.022213179618120193,3,0.22609083354473114
A,macaroni2,gap_abnormal,54,0.5753626227378845,0.3333333432674408,0.039678286761045456,3,0.21157138049602509
A,macaroni2,ss2d_normal,54,1.0,0.3333333432674408,3.272592433584178e-41,3,0.471404492855072
A,macaroni2,ss2d_abnormal,54,1.0,0.3333333432674408,8.506940577595582e-34,3,0.471404492855072
A,macaroni2,final_normal,54,0.5286535024642944,0.3333333432674408,0.11999186128377914,3,0.15953589975833893
A,macaroni2,final_abnormal,54,0.5178263187408447,0.33333325386047363,0.1357104629278183,3,0.14674314856529236
A,macaroni2,entropy_normal,18,0.9792670011520386,0.9714990258216858,0.9589004516601562,3,0.008082105778157711
A,macaroni2,entropy_abnormal,18,1.0021107196807861,0.993414044380188,0.9790782928466797,3,0.009111438877880573
A,macaroni2,routing_l1,18,0.04010537266731262,0.036872584372758865,0.03143727034330368,3,0.0034146402031183243
A,macaroni2,gap_ss2d_l1,18,1.9555736780166626,1.9391778707504272,1.9286798238754272,3,0.010747167281806469
H,macaroni2,gap_normal,54,0.6193673014640808,0.3333333432674408,0.02112158015370369,1,0.24474762380123138
H,macaroni2,gap_abnormal,54,0.5962983965873718,0.3333333432674408,0.04700995236635208,1,0.22461800277233124
H,macaroni2,ss2d_normal,54,0.9999998807907104,0.3333333432674408,9.248569864543793e-44,1,0.47140440344810486
H,macaroni2,ss2d_abnormal,54,0.9999996423721313,0.333333283662796,4.4363840056124546e-33,1,0.4714042544364929
H,macaroni2,final_normal,54,0.6574305295944214,0.333333283662796,0.01900942251086235,1,0.26054489612579346
H,macaroni2,final_abnormal,54,0.6366685032844543,0.3333333432674408,0.042308956384658813,1,0.24257893860340118
H,macaroni2,entropy_normal,18,0.7172051072120667,0.7167354226112366,0.7161635756492615,1,0.00029741990147158504
H,macaroni2,entropy_abnormal,18,0.7871876955032349,0.7866670489311218,0.7860325574874878,1,0.0003295584174338728
H,macaroni2,routing_l1,18,0.04686935618519783,0.04674746096134186,0.04659910872578621,1,7.722024747636169e-05
H,macaroni2,gap_ss2d_l1,18,0.7625235319137573,0.761955976486206,0.7612651586532593,1,0.0003597410977818072
H,macaroni2,gap_normal,54,0.7059969305992126,0.3333333432674408,0.005430671852082014,2,0.28684109449386597
H,macaroni2,gap_abnormal,54,0.7430303692817688,0.3333333432674408,0.024941232055425644,2,0.300347238779068
H,macaroni2,ss2d_normal,54,1.0,0.3333333432674408,0.0,2,0.471404492855072
H,macaroni2,ss2d_abnormal,54,1.0,0.3333333432674408,1.3087286877715197e-40,2,0.471404492855072
H,macaroni2,final_normal,54,0.63539719581604,0.3333333432674408,0.10488760471343994,2,0.22182492911815643
H,macaroni2,final_abnormal,54,0.6687273383140564,0.3333333730697632,0.12244711071252823,2,0.23838496208190918
H,macaroni2,entropy_normal,18,0.8778815269470215,0.8763748407363892,0.8748034238815308,2,0.0009873677045106888
H,macaroni2,entropy_abnormal,18,0.8585807085037231,0.8559991121292114,0.8533042669296265,2,0.0016936097526922822
H,macaroni2,routing_l1,18,0.1017792746424675,0.1016010120511055,0.10143506526947021,2,0.00011246945359744132
H,macaroni2,gap_ss2d_l1,18,1.9891387224197388,1.9886983633041382,1.988267421722412,2,0.0002793008170556277
H,macaroni2,gap_normal,54,0.5713828206062317,0.3333333432674408,0.035943131893873215,3,0.21368393301963806
H,macaroni2,gap_abnormal,54,0.5786181688308716,0.3333333432674408,0.06678839027881622,3,0.1974601000547409
H,macaroni2,ss2d_normal,54,1.0,0.3333333432674408,3.862301695450236e-25,3,0.4595206677913666
H,macaroni2,ss2d_abnormal,54,1.0,0.3333333432674408,9.277149809799863e-20,3,0.45933565497398376
H,macaroni2,final_normal,54,0.6141356229782104,0.333333283662796,0.03234881907701492,3,0.22439007461071014
H,macaroni2,final_abnormal,54,0.6207433342933655,0.333333283662796,0.06010954827070236,3,0.21243387460708618
H,macaroni2,entropy_normal,18,0.9778306484222412,0.8179130554199219,0.7780051827430725,3,0.043004270642995834
H,macaroni2,entropy_abnormal,18,0.9982329607009888,0.8699249625205994,0.8294957876205444,3,0.03694841265678406
H,macaroni2,routing_l1,18,0.07861903309822083,0.0679331123828888,0.06633932143449783,3,0.0027723887469619513
H,macaroni2,gap_ss2d_l1,18,1.927216649055481,0.9031388759613037,0.13727618753910065,3,0.3024499714374542
A,macaroni2,gap_normal,54,0.6081104874610901,0.333333283662796,0.01678922399878502,1,0.24311228096485138
A,macaroni2,gap_abnormal,54,0.5653705596923828,0.3333333432674408,0.039708901196718216,1,0.21886417269706726
A,macaroni2,ss2d_normal,54,1.0,0.3333333432674408,5.175625813060496e-40,1,0.471404492855072
A,macaroni2,ss2d_abnormal,54,1.0,0.3333333432674408,8.191429186360476e-30,1,0.471404492855072
A,macaroni2,final_normal,54,0.5472994446754456,0.3333333432674408,0.11511030048131943,1,0.17637377977371216
A,macaroni2,final_abnormal,54,0.5088334679603577,0.3333333432674408,0.13573801517486572,1,0.15301045775413513
A,macaroni2,entropy_normal,18,0.9457032084465027,0.9454878568649292,0.9453394412994385,1,0.00010375552665209398
A,macaroni2,entropy_abnormal,18,0.9829175472259521,0.982684850692749,0.9825244545936584,1,0.00011209509830223396
A,macaroni2,routing_l1,18,0.07693217694759369,0.07691536098718643,0.07689080387353897,1,1.1796760190918576e-05
A,macaroni2,gap_ss2d_l1,18,1.9664214849472046,1.966280460357666,1.9660749435424805,1,9.882390440907329e-05
A,macaroni2,gap_normal,54,0.5872111320495605,0.333333283662796,0.03117845021188259,2,0.22912609577178955
A,macaroni2,gap_abnormal,54,0.5592177510261536,0.333333283662796,0.063296839594841,2,0.2043248414993286
A,macaroni2,ss2d_normal,54,0.9999983310699463,0.3333333432674408,6.625829593790249e-40,2,0.4714033007621765
A,macaroni2,ss2d_abnormal,54,0.9999942779541016,0.3333333432674408,7.620251779318523e-30,2,0.4714004099369049
A,macaroni2,final_normal,54,0.6284898519515991,0.3333333432674408,0.028060603886842728,2,0.24481618404388428
A,macaroni2,final_abnormal,54,0.6032953858375549,0.3333333432674408,0.056967154145240784,2,0.22258718311786652
A,macaroni2,entropy_normal,18,0.7625681757926941,0.7605286240577698,0.7592140436172485,2,0.0008185527985915542
A,macaroni2,entropy_abnormal,18,0.8382800817489624,0.8362097144126892,0.8348757028579712,2,0.0008307978278025985
A,macaroni2,routing_l1,18,0.058616697788238525,0.05812757462263107,0.05781310424208641,2,0.0001960893569048494
A,macaroni2,gap_ss2d_l1,18,0.8293021321296692,0.8270372152328491,0.8255742788314819,2,0.0009100481402128935
A,macaroni2,gap_normal,54,0.5885210037231445,0.3333333432674408,0.021652951836586,3,0.22573697566986084
A,macaroni2,gap_abnormal,54,0.5765982270240784,0.3333333432674408,0.03890979290008545,3,0.21112072467803955
A,macaroni2,ss2d_normal,54,1.0,0.3333333432674408,3.2710510052734205e-41,3,0.471404492855072
A,macaroni2,ss2d_abnormal,54,1.0,0.3333333432674408,8.5032423621653e-34,3,0.471404492855072
A,macaroni2,final_normal,54,0.5296688675880432,0.3333333432674408,0.11948765814304352,3,0.1591918170452118
A,macaroni2,final_abnormal,54,0.5189383625984192,0.3333333432674408,0.13501881062984467,3,0.14631198346614838
A,macaroni2,entropy_normal,18,0.9796909093856812,0.97203528881073,0.9579415321350098,3,0.007491056341677904
A,macaroni2,entropy_abnormal,18,1.002565860748291,0.9940381646156311,0.9779799580574036,3,0.008410908281803131
A,macaroni2,routing_l1,18,0.040264472365379333,0.03711575269699097,0.031062275171279907,3,0.003134257858619094
A,macaroni2,gap_ss2d_l1,18,1.9566941261291504,1.9385168552398682,1.9280558824539185,3,0.010051789693534374
H,macaroni2,gap_normal,54,0.6193968653678894,0.3333333432674408,0.021109923720359802,1,0.24479345977306366
H,macaroni2,gap_abnormal,54,0.5963302254676819,0.3333333432674408,0.04699123650789261,1,0.2246762365102768
H,macaroni2,ss2d_normal,54,0.9999998807907104,0.3333333432674408,9.248569864543793e-44,1,0.47140440344810486
H,macaroni2,ss2d_abnormal,54,0.9999996423721313,0.333333283662796,4.4381108802822095e-33,1,0.4714042544364929
H,macaroni2,final_normal,54,0.6574571132659912,0.333333283662796,0.018998930230736732,1,0.260589599609375
H,macaroni2,final_abnormal,54,0.6366971731185913,0.3333333432674408,0.04229211062192917,1,0.24263420701026917
H,macaroni2,entropy_normal,18,0.7169718742370605,0.7165941596031189,0.7161149978637695,1,0.0002161140291718766
H,macaroni2,entropy_abnormal,18,0.7869285345077515,0.7865102291107178,0.7859787940979004,1,0.0002396914060227573
H,macaroni2,routing_l1,18,0.046808600425720215,0.046710819005966187,0.04658634960651398,1,5.610758307739161e-05
H,macaroni2,gap_ss2d_l1,18,0.7622425556182861,0.7617855072021484,0.7612060308456421,1,0.00026128345052711666
H,macaroni2,gap_normal,54,0.7055359482765198,0.3333333432674408,0.005488044582307339,2,0.28685376048088074
H,macaroni2,gap_abnormal,54,0.7424257397651672,0.3333333432674408,0.025115525349974632,2,0.3003680408000946
H,macaroni2,ss2d_normal,54,1.0,0.3333333432674408,0.0,2,0.471404492855072
H,macaroni2,ss2d_abnormal,54,1.0,0.3333333432674408,1.308630596879017e-40,2,0.471404492855072
H,macaroni2,final_normal,54,0.6349823474884033,0.3333333432674408,0.10493924468755722,2,0.22183768451213837
H,macaroni2,final_abnormal,54,0.6681831479072571,0.3333333432674408,0.12260397523641586,2,0.23840482532978058
H,macaroni2,entropy_normal,18,0.8777797222137451,0.876352846622467,0.8752210140228271,2,0.0007344608311541378
H,macaroni2,entropy_abnormal,18,0.8584038019180298,0.8559603095054626,0.8540207147598267,2,0.0012593771098181605
H,macaroni2,routing_l1,18,0.10173109173774719,0.10160484910011292,0.1014503762125969,2,8.284630894195288e-05
H,macaroni2,gap_ss2d_l1,18,1.989024043083191,1.9887059926986694,1.988297462463379,2,0.0002081746351905167
H,macaroni2,gap_normal,54,0.5675138235092163,0.3333333730697632,0.038435015827417374,3,0.210139662027359
H,macaroni2,gap_abnormal,54,0.5736660957336426,0.33333340287208557,0.0702415183186531,3,0.19258341193199158
H,macaroni2,ss2d_normal,54,1.0,0.3333333432674408,7.059631066067391e-35,3,0.4633161723613739
H,macaroni2,ss2d_abnormal,54,1.0,0.3333333432674408,2.022124752505534e-27,3,0.4650109112262726
H,macaroni2,final_normal,54,0.6107070446014404,0.3333333432674408,0.034591514617204666,3,0.22186380624771118
H,macaroni2,final_abnormal,54,0.6162940859794617,0.3333333432674408,0.06321736425161362,3,0.20917710661888123
H,macaroni2,entropy_normal,18,0.9987058639526367,0.8252670764923096,0.7851742506027222,3,0.04333937540650368
H,macaroni2,entropy_abnormal,18,1.022003412246704,0.8775356411933899,0.8375464677810669,3,0.03672710433602333
H,macaroni2,routing_l1,18,0.0810762569308281,0.06748004257678986,0.06445612013339996,3,0.0033814823254942894
H,macaroni2,gap_ss2d_l1,18,1.894252896308899,0.9205816984176636,0.3349393606185913,3,0.2689863443374634
A,macaroni2,gap_normal,54,0.608228862285614,0.33333340287208557,0.016743836924433708,1,0.24308523535728455
A,macaroni2,gap_abnormal,54,0.5654829144477844,0.3333333432674408,0.039632003754377365,1,0.21883243322372437
A,macaroni2,ss2d_normal,54,1.0,0.3333333432674408,5.174056358780452e-40,1,0.471404492855072
A,macaroni2,ss2d_abnormal,54,1.0,0.3333333432674408,8.1898041829699e-30,1,0.471404492855072
A,macaroni2,final_normal,54,0.5474059581756592,0.333333283662796,0.11506945639848709,1,0.1763470619916916
A,macaroni2,final_abnormal,54,0.5089346170425415,0.333333283662796,0.1356687992811203,1,0.1529804766178131
A,macaroni2,entropy_normal,18,0.9458088874816895,0.9455306529998779,0.9452440142631531,1,0.00014597516565117985
A,macaroni2,entropy_abnormal,18,0.9830307960510254,0.9827311635017395,0.9824215173721313,1,0.00015739518858026713
A,macaroni2,routing_l1,18,0.07694263011217117,0.07690960168838501,0.07687535881996155,1,1.7551139535498805e-05
A,macaroni2,gap_ss2d_l1,18,1.9665123224258423,1.9662394523620605,1.96597421169281,1,0.0001390296092722565
A,macaroni2,gap_normal,54,0.58710777759552,0.3333333432674408,0.031235577538609505,2,0.22918520867824554
A,macaroni2,gap_abnormal,54,0.5591093897819519,0.3333333730697632,0.06337833404541016,2,0.2043984830379486
A,macaroni2,ss2d_normal,54,0.9999983310699463,0.3333333432674408,6.626838528684563e-40,2,0.4714033007621765
A,macaroni2,ss2d_abnormal,54,0.9999942779541016,0.3333333432674408,7.6212982514094e-30,2,0.4714004099369049
A,macaroni2,final_normal,54,0.6283968091011047,0.3333333730697632,0.02811201848089695,2,0.24487340450286865
A,macaroni2,final_abnormal,54,0.6031978726387024,0.3333333432674408,0.0570404976606369,2,0.22265656292438507
A,macaroni2,entropy_normal,18,0.7615737915039062,0.7603459358215332,0.7593990564346313,2,0.0005953291547484696
A,macaroni2,entropy_abnormal,18,0.8372689485549927,0.8360236883163452,0.8350626230239868,2,0.0006042688619345427
A,macaroni2,routing_l1,18,0.05837644636631012,0.05808361992239952,0.057856909930706024,2,0.00014256998838391155
A,macaroni2,gap_ss2d_l1,18,0.8281989097595215,0.8268349766731262,0.825780987739563,2,0.0006620723870582879
A,macaroni2,gap_normal,54,0.5807819962501526,0.3333333432674408,0.02564634382724762,3,0.22353221476078033
A,macaroni2,gap_abnormal,54,0.5680745244026184,0.3333333432674408,0.04453021660447121,3,0.20835712552070618
A,macaroni2,ss2d_normal,54,1.0,0.3333333432674408,3.2724523037377453e-41,3,0.471404492855072
A,macaroni2,ss2d_abnormal,54,1.0,0.3333333432674408,8.506551195091872e-34,3,0.471404492855072
A,macaroni2,final_normal,54,0.5227037668228149,0.333333283662796,0.12308171391487122,3,0.15706811845302582
A,macaroni2,final_abnormal,54,0.5112670660018921,0.333333283662796,0.14007720351219177,3,0.14368852972984314
A,macaroni2,entropy_normal,18,0.9790937900543213,0.9753668308258057,0.964566171169281,3,0.004386365879327059
A,macaroni2,entropy_abnormal,18,1.0019240379333496,0.997817873954773,0.9856888055801392,3,0.004878539592027664
A,macaroni2,routing_l1,18,0.04003973305225372,0.038541022688150406,0.03399097919464111,3,0.0018044178141281009
A,macaroni2,gap_ss2d_l1,18,1.9487073421478271,1.9341604709625244,1.9289343357086182,3,0.006029099691659212
H,macaroni2,gap_normal,54,0.6193689703941345,0.3333333432674408,0.021121041849255562,1,0.2447388619184494
H,macaroni2,gap_abnormal,54,0.5962997674942017,0.333333283662796,0.047009073197841644,1,0.2246067374944687
H,macaroni2,ss2d_normal,54,0.9999998807907104,0.3333333432674408,9.248569864543793e-44,1,0.47140440344810486
H,macaroni2,ss2d_abnormal,54,0.9999996423721313,0.333333283662796,4.437839781897551e-33,1,0.4714042544364929
H,macaroni2,final_normal,54,0.6574320197105408,0.3333333730697632,0.0190089363604784,1,0.26053640246391296
H,macaroni2,final_abnormal,54,0.6366697549819946,0.3333333432674408,0.04230816289782524,1,0.2425682693719864
H,macaroni2,entropy_normal,18,0.7173548936843872,0.716762363910675,0.7161611318588257,1,0.0003379794070497155
H,macaroni2,entropy_abnormal,18,0.7873526811599731,0.7866973876953125,0.7860301733016968,1,0.00037446548230946064
H,macaroni2,routing_l1,18,0.04690815508365631,0.046754613518714905,0.046598441898822784,1,8.769048872636631e-05
H,macaroni2,gap_ss2d_l1,18,0.7627058029174805,0.7619884610176086,0.7612619400024414,1,0.00040864924085326493
H,macaroni2,gap_normal,54,0.705590009689331,0.3333333432674408,0.005481118336319923,2,0.28674179315567017
H,macaroni2,gap_abnormal,54,0.7424991130828857,0.3333333432674408,0.02509469911456108,2,0.3001907765865326
H,macaroni2,ss2d_normal,54,1.0,0.3333333432674408,0.0,2,0.471404492855072
H,macaroni2,ss2d_abnormal,54,1.0,0.3333333432674408,1.3091350643261739e-40,2,0.471404492855072
H,macaroni2,final_normal,54,0.63503098487854,0.33333340287208557,0.1049330085515976,2,0.22172416746616364
H,macaroni2,final_abnormal,54,0.6682491898536682,0.3333333730697632,0.122585229575634,2,0.23823438584804535
H,macaroni2,entropy_normal,18,0.8781914710998535,0.8765460252761841,0.8751718997955322,2,0.0009139147587120533
H,macaroni2,entropy_abnormal,18,0.8591188192367554,0.8562918305397034,0.8539340496063232,2,0.0015680476790294051
H,macaroni2,routing_l1,18,0.10174078494310379,0.10158291459083557,0.10138794034719467,2,0.00010449874389450997
H,macaroni2,gap_ss2d_l1,18,1.9890377521514893,1.9886499643325806,1.9881752729415894,2,0.00026087145670317113
H,macaroni2,gap_normal,54,0.5726898312568665,0.333333283662796,0.03515477105975151,3,0.21246272325515747
H,macaroni2,gap_abnormal,54,0.5802478790283203,0.3333333432674408,0.06560573726892471,3,0.1957416534423828
H,macaroni2,ss2d_normal,54,0.9995076656341553,0.3333333432674408,3.6431785692118313e-25,3,0.4682818651199341
H,macaroni2,ss2d_abnormal,54,0.9999535083770752,0.3333333432674408,8.868885124951512e-20,3,0.4700770378112793
H,macaroni2,final_normal,54,0.611739456653595,0.3333333432674408,0.03163929283618927,3,0.22810976207256317
H,macaroni2,final_abnormal,54,0.6188367605209351,0.3333333432674408,0.05904521048069,3,0.21615149080753326
H,macaroni2,entropy_normal,18,0.8247131109237671,0.8082746267318726,0.7796223163604736,3,0.016592811793088913
H,macaroni2,entropy_abnormal,18,0.8790415525436401,0.8617836833000183,0.8289611339569092,3,0.017674727365374565
H,macaroni2,routing_l1,18,0.07659867405891418,0.06766179949045181,0.06633780896663666,3,0.00231003575026989
H,macaroni2,gap_ss2d_l1,18,0.9055384993553162,0.8796493411064148,0.705069899559021,3,0.045288726687431335
A,macaroni2,gap_normal,54,0.6081715226173401,0.3333333432674408,0.01676587015390396,1,0.24309618771076202
A,macaroni2,gap_abnormal,54,0.5654280185699463,0.3333333432674408,0.039669472724199295,1,0.21884512901306152
A,macaroni2,ss2d_normal,54,1.0,0.3333333432674408,5.161206451862593e-40,1,0.471404492855072
A,macaroni2,ss2d_abnormal,54,1.0,0.3333333432674408,8.174635227708696e-30,1,0.471404492855072
A,macaroni2,final_normal,54,0.5473543405532837,0.3333333432674408,0.1150892823934555,1,0.17635788023471832
A,macaroni2,final_abnormal,54,0.5088852047920227,0.333333283662796,0.13570252060890198,1,0.15299247205257416
A,macaroni2,entropy_normal,18,0.9457117915153503,0.9455134272575378,0.9452903270721436,1,0.00014403238310478628
A,macaroni2,entropy_abnormal,18,0.9829272031784058,0.9827126264572144,0.9824717044830322,1,0.0001554187765577808
A,macaroni2,routing_l1,18,0.07693976163864136,0.07691270858049393,0.07689010351896286,1,1.6935744497459382e-05
A,macaroni2,gap_ss2d_l1,18,1.966468334197998,1.966255784034729,1.966066598892212,1,0.00013717154797632247
A,macaroni2,gap_normal,54,0.5871534943580627,0.333333283662796,0.031210776418447495,2,0.2291613668203354
A,macaroni2,gap_abnormal,54,0.559156060218811,0.3333333432674408,0.06334254145622253,2,0.20436853170394897
A,macaroni2,ss2d_normal,54,0.9999983310699463,0.3333333432674408,6.626334061237406e-40,2,0.4714033007621765
A,macaroni2,ss2d_abnormal,54,0.9999942779541016,0.3333333432674408,7.620600101804559e-30,2,0.4714004099369049
A,macaroni2,final_normal,54,0.6284379959106445,0.3333333730697632,0.028089698404073715,2,0.24485035240650177
A,macaroni2,final_abnormal,54,0.603239893913269,0.3333333432674408,0.0570082850754261,2,0.22262835502624512
A,macaroni2,entropy_normal,18,0.7618053555488586,0.7604196071624756,0.7593182325363159,2,0.0007710903882980347
A,macaroni2,entropy_abnormal,18,0.8375061750411987,0.83609938621521,0.8349809646606445,2,0.0007826361688785255
A,macaroni2,routing_l1,18,0.058434970676898956,0.0581020712852478,0.05783718079328537,2,0.00018483521125745028
A,macaroni2,gap_ss2d_l1,18,0.8284581899642944,0.8269165754318237,0.8256895542144775,2,0.0008578432607464492
A,macaroni2,gap_normal,54,0.5879950523376465,0.3333333432674408,0.0219112541526556,3,0.22562755644321442
A,macaroni2,gap_abnormal,54,0.576016366481781,0.3333333730697632,0.03927462175488472,3,0.21099209785461426
A,macaroni2,ss2d_normal,54,1.0,0.3333333432674408,3.2710510052734205e-41,3,0.471404492855072
A,macaroni2,ss2d_abnormal,54,1.0,0.3333333432674408,8.5029172645089e-34,3,0.471404492855072
A,macaroni2,final_normal,54,0.5291955471038818,0.3333333432674408,0.11972013115882874,3,0.15909212827682495
A,macaroni2,final_abnormal,54,0.5184147357940674,0.333333283662796,0.1353471577167511,3,0.14619681239128113
A,macaroni2,entropy_normal,18,0.9795798063278198,0.9722031354904175,0.9583864808082581,3,0.007896387949585915
A,macaroni2,entropy_abnormal,18,1.002447247505188,0.9942110776901245,0.978500485420227,3,0.008909585885703564
A,macaroni2,routing_l1,18,0.0402238667011261,0.03717642277479172,0.03125405311584473,3,0.003336450317874551
A,macaroni2,gap_ss2d_l1,18,1.9561774730682373,1.938240885734558,1.9282196760177612,3,0.010466652922332287
H,macaroni2,gap_normal,6,0.6190990805625916,0.3333333432674408,0.021228626370429993,1,0.24463999271392822
H,macaroni2,gap_abnormal,6,0.5960046648979187,0.3333333432674408,0.04718095064163208,1,0.2244819849729538
H,macaroni2,ss2d_normal,6,0.9999998807907104,0.3333333432674408,9.248569864543793e-44,1,0.47140443325042725
H,macaroni2,ss2d_abnormal,6,0.9999996423721313,0.3333333134651184,4.440379951721281e-33,1,0.4714043140411377
H,macaroni2,final_normal,6,0.657189130783081,0.3333333432674408,0.019105764105916023,1,0.26043999195098877
H,macaroni2,final_abnormal,6,0.6364041566848755,0.3333333134651184,0.04246285557746887,1,0.24244996905326843
H,macaroni2,entropy_normal,2,0.7175256609916687,0.7170665264129639,0.7166074514389038,1,0.0004591047763824463
H,macaroni2,entropy_abnormal,2,0.7875418663024902,0.7870334982872009,0.7865251302719116,1,0.0005083680152893066
H,macaroni2,routing_l1,2,0.0469525083899498,0.04683331772685051,0.04671412706375122,1,0.00011919066309928894
H,macaroni2,gap_ss2d_l1,2,0.7629116773605347,0.7623566389083862,0.7618016004562378,1,0.0005550384521484375
H,macaroni2,gap_normal,6,0.7056639194488525,0.3333333134651184,0.005471996031701565,2,0.28724241256713867
H,macaroni2,gap_abnormal,6,0.7425950765609741,0.3333333432674408,0.025066742673516273,2,0.3009817898273468
H,macaroni2,ss2d_normal,6,1.0,0.3333333432674408,0.0,2,0.4714045226573944
H,macaroni2,ss2d_abnormal,6,1.0,0.3333333432674408,1.307341402291838e-40,2,0.4714045226573944
H,macaroni2,final_normal,6,0.6350975036621094,0.333333283662796,0.10492479801177979,2,0.2222318798303604
H,macaroni2,final_abnormal,6,0.6683355569839478,0.3333333432674408,0.12256006896495819,2,0.2389952689409256
H,macaroni2,entropy_normal,2,0.8762592077255249,0.8756821155548096,0.8751050233840942,2,0.000577092170715332
H,macaroni2,entropy_abnormal,2,0.8558006882667542,0.8548104763031006,0.8538202047348022,2,0.0009902417659759521
H,macaroni2,routing_l1,2,0.10174652934074402,0.10167985409498215,0.10161317884922028,2,6.667524576187134e-05
H,macaroni2,gap_ss2d_l1,2,1.9890559911727905,1.9888949394226074,1.9887338876724243,2,0.00016105175018310547
H,macaroni2,gap_normal,6,0.5494565367698669,0.3333333432674408,0.051559928804636,3,0.20775941014289856
H,macaroni2,gap_abnormal,6,0.5507628321647644,0.3333333432674408,0.08722541481256485,3,0.18936428427696228
H,macaroni2,ss2d_normal,6,0.9994664788246155,0.3333333432674408,6.571555481060931e-25,3,0.47102561593055725
H,macaroni2,ss2d_abnormal,6,0.9999483823776245,0.3333333432674408,1.4087148203128605e-19,3,0.4713677763938904
H,macaroni2,final_normal,6,0.5944575071334839,0.3333333134651184,0.04640393331646919,3,0.22378334403038025
H,macaroni2,final_abnormal,6,0.595681369304657,0.3333333432674408,0.07850287109613419,3,0.21031299233436584
H,macaroni2,entropy_normal,2,0.8235741853713989,0.8215036392211914,0.8194330930709839,3,0.0020705461502075195
H,macaroni2,entropy_abnormal,2,0.8779021501541138,0.8758159279823303,0.8737297058105469,3,0.0020862221717834473
H,macaroni2,routing_l1,2,0.06664563715457916,0.06652552634477615,0.06640541553497314,3,0.00012011080980300903
H,macaroni2,gap_ss2d_l1,2,0.9043479561805725,0.9021838903427124,0.9000198841094971,3,0.0021640360355377197
A,macaroni2,gap_normal,6,0.6081222295761108,0.3333333432674408,0.016784748062491417,1,0.243071049451828
A,macaroni2,gap_abnormal,6,0.5653809905052185,0.3333333432674408,0.03970158100128174,1,0.21881547570228577
A,macaroni2,ss2d_normal,6,1.0,0.3333333432674408,5.1801379941156215e-40,1,0.4714045226573944
A,macaroni2,ss2d_abnormal,6,1.0,0.3333333432674408,8.196742796984385e-30,1,0.4714045226573944
A,macaroni2,final_normal,6,0.5473099946975708,0.3333333432674408,0.11510627716779709,1,0.17633308470249176
A,macaroni2,final_abnormal,6,0.5088428854942322,0.3333333432674408,0.13573142886161804,1,0.15296445786952972
A,macaroni2,entropy_normal,2,0.9457767009735107,0.9455533623695374,0.945330023765564,1,0.00022333860397338867
A,macaroni2,entropy_abnormal,2,0.9829968214035034,0.9827557802200317,0.9825147390365601,1,0.0002410411834716797
A,macaroni2,routing_l1,2,0.07693425565958023,0.07690837979316711,0.0768825113773346,1,2.5872141122817993e-05
A,macaroni2,gap_ss2d_l1,2,1.966430425643921,1.9662175178527832,1.966004729270935,1,0.00021284820104483515
A,macaroni2,gap_normal,6,0.5869429111480713,0.3333333432674408,0.03132710978388786,2,0.2293313890695572
A,macaroni2,gap_abnormal,6,0.5589350461959839,0.3333333432674408,0.06350941210985184,2,0.2045794427394867
A,macaroni2,ss2d_normal,6,0.9999983310699463,0.3333333432674408,6.625128944558086e-40,2,0.4714033007621765
A,macaroni2,ss2d_abnormal,6,0.9999942779541016,0.3333333432674408,7.619670238753285e-30,2,0.4714004397392273
A,macaroni2,final_normal,6,0.6282484531402588,0.3333333432674408,0.028194397687911987,2,0.2450149655342102
A,macaroni2,final_abnormal,6,0.6030409336090088,0.3333333432674408,0.057158470153808594,2,0.22282695770263672
A,macaroni2,entropy_normal,2,0.7600951790809631,0.7598949670791626,0.7596946954727173,2,0.0002002418041229248
A,macaroni2,entropy_abnormal,2,0.8357688188552856,0.8355659246444702,0.8353630304336548,2,0.0002028942108154297
A,macaroni2,routing_l1,2,0.058022741228342056,0.05797545611858368,0.0579281747341156,2,4.7283247113227844e-05
A,macaroni2,gap_ss2d_l1,2,0.8265552520751953,0.8263329863548279,0.8261107206344604,2,0.00022226572036743164
A,macaroni2,gap_normal,6,0.5660498738288879,0.3333333432674408,0.03452472761273384,3,0.22159618139266968
A,macaroni2,gap_abnormal,6,0.5519148707389832,0.3333333432674408,0.056472327560186386,3,0.20596452057361603
A,macaroni2,ss2d_normal,6,1.0,0.3333333432674408,3.27497464097353e-41,3,0.4714045226573944
A,macaroni2,ss2d_abnormal,6,1.0,0.3333333432674408,8.51297876146797e-34,3,0.4714045226573944
A,macaroni2,final_normal,6,0.5094448924064636,0.3333333432674408,0.1310722529888153,3,0.15521904826164246
A,macaroni2,final_abnormal,6,0.49672338366508484,0.3333333432674408,0.15082509815692902,3,0.14143311977386475
A,macaroni2,entropy_normal,2,0.978823184967041,0.9782662391662598,0.9777092933654785,3,0.00055694580078125
A,macaroni2,entropy_abnormal,2,1.0016310214996338,1.001028299331665,1.0004255771636963,3,0.00060272216796875
A,macaroni2,routing_l1,2,0.03993421792984009,0.03971991688013077,0.03950561583042145,3,0.00021430104970932007
A,macaroni2,gap_ss2d_l1,2,1.9309505224227905,1.930140495300293,1.9293303489685059,3,0.000810086727142334
H,pcb2,gap_normal,54,0.6295986175537109,0.3333333432674408,0.046807583421468735,1,0.23751407861709595
H,pcb2,gap_abnormal,54,0.5886591076850891,0.3333333432674408,0.04818149656057358,1,0.2212328016757965
H,pcb2,ss2d_normal,54,1.0,0.3333333432674408,3.292830361778153e-34,1,0.471404492855072
H,pcb2,ss2d_abnormal,54,0.9999994039535522,0.3333333432674408,5.896159910237604e-33,1,0.4714040756225586
H,pcb2,final_normal,54,0.6666387915611267,0.3333333432674408,0.04212682321667671,1,0.2562099099159241
H,pcb2,final_abnormal,54,0.6297931671142578,0.3333333432674408,0.04336334392428398,1,0.23905256390571594
H,pcb2,entropy_normal,18,0.7658873796463013,0.76433926820755,0.7630198001861572,1,0.0008531927014701068
H,pcb2,entropy_abnormal,18,0.7952558994293213,0.7939152121543884,0.7927744388580322,1,0.0007384263444691896
H,pcb2,routing_l1,18,0.07369127124547958,0.07342491298913956,0.07311689853668213,1,0.00017011612362693995
H,pcb2,gap_ss2d_l1,18,0.7443596124649048,0.7424396872520447,0.7408027648925781,1,0.0010579315712675452
H,pcb2,gap_normal,54,0.7569568157196045,0.3333333432674408,0.010177391581237316,2,0.3114933669567108
H,pcb2,gap_abnormal,54,0.7499350905418396,0.3333333730697632,0.017508145421743393,2,0.30571427941322327
H,pcb2,ss2d_normal,54,1.0,0.3333333432674408,0.0,2,0.471404492855072
H,pcb2,ss2d_abnormal,54,1.0,0.3333333432674408,1.401298464324817e-45,2,0.471404492855072
H,pcb2,final_normal,54,0.6812611222267151,0.3333333432674408,0.10915965586900711,2,0.24789606034755707
H,pcb2,final_abnormal,54,0.6749415397644043,0.3333333432674408,0.11575733125209808,2,0.24293138086795807
H,pcb2,entropy_normal,18,0.8392951488494873,0.8337458372116089,0.8307567238807678,2,0.0023747775703668594
H,pcb2,entropy_abnormal,18,0.851412832736969,0.8454757332801819,0.8422850370407104,2,0.002539126668125391
H,pcb2,routing_l1,18,0.014280617237091064,0.013571550138294697,0.01319538801908493,2,0.00030146678909659386
H,pcb2,gap_ss2d_l1,18,1.9796452522277832,1.9787510633468628,1.97702956199646,2,0.0007260249694809318
H,pcb2,gap_normal,54,0.622261106967926,0.3333333432674408,0.04005680978298187,3,0.2171623408794403
H,pcb2,gap_abnormal,54,0.5876926779747009,0.3333333432674408,0.04870043694972992,3,0.20195433497428894
H,pcb2,ss2d_normal,54,1.0,0.3333333432674408,1.3252008458420134e-35,3,0.4714009761810303
H,pcb2,ss2d_abnormal,54,1.0,0.3333333432674408,2.0791422617686804e-32,3,0.47136202454566956
H,pcb2,final_normal,54,0.660032331943512,0.3333333432674408,0.036051128059625626,3,0.21693231165409088
H,pcb2,final_abnormal,54,0.6288989186286926,0.3333333432674408,0.04383039101958275,3,0.2018047571182251
H,pcb2,entropy_normal,18,1.0309562683105469,0.8583092093467712,0.7559778690338135,3,0.08373965322971344
H,pcb2,entropy_abnormal,18,1.043813705444336,0.8881435394287109,0.79430091381073,3,0.07659643143415451
H,pcb2,routing_l1,18,0.06226690858602524,0.05514109507203102,0.04416251182556152,3,0.003473700722679496
H,pcb2,gap_ss2d_l1,18,1.9109618663787842,1.1120456457138062,0.7554250955581665,3,0.4737277925014496
A,pcb2,gap_normal,54,0.6341366171836853,0.3333333432674408,0.03339420631527901,1,0.24483315646648407
A,pcb2,gap_abnormal,54,0.561995267868042,0.3333333432674408,0.039098482578992844,1,0.21814194321632385
A,pcb2,ss2d_normal,54,1.0,0.3333333432674408,1.8504330850217052e-33,1,0.471404492855072
A,pcb2,ss2d_abnormal,54,1.0,0.3333333432674408,2.222425730851074e-30,1,0.471404492855072
A,pcb2,final_normal,54,0.5707229375839233,0.3333333730697632,0.1300547868013382,1,0.18110457062721252
A,pcb2,final_abnormal,54,0.5057957172393799,0.3333333730697632,0.13518863916397095,1,0.15209583938121796
A,pcb2,entropy_normal,18,0.9476975202560425,0.9470577239990234,0.9464085698127747,1,0.00033858459210023284
A,pcb2,entropy_abnormal,18,0.9839473962783813,0.983505368232727,0.9830572605133057,1,0.000234001679928042
A,pcb2,routing_l1,18,0.1298544555902481,0.129445418715477,0.1290423721075058,1,0.00021266800467856228
A,pcb2,gap_ss2d_l1,18,1.9332115650177002,1.9325801134109497,1.9319543838500977,1,0.00033035874366760254
A,pcb2,gap_normal,54,0.616301953792572,0.3333333432674408,0.04627658799290657,2,0.2319614589214325
A,pcb2,gap_abnormal,54,0.5653408765792847,0.3333333432674408,0.06154055520892143,2,0.20690396428108215
A,pcb2,ss2d_normal,54,1.0,0.3333333432674408,5.588482308125362e-36,2,0.471404492855072
A,pcb2,ss2d_abnormal,54,0.9999977350234985,0.3333333432674408,5.745834724531214e-31,2,0.4714029133319855
A,pcb2,final_normal,54,0.6546717882156372,0.333333283662796,0.041648928076028824,2,0.2504173517227173
A,pcb2,final_abnormal,54,0.6088065505027771,0.333333283662796,0.0553864985704422,2,0.22529220581054688
A,pcb2,entropy_normal,18,0.7795799970626831,0.773658275604248,0.7716330289840698,2,0.0022383159957826138
A,pcb2,entropy_abnormal,18,0.835665225982666,0.8305628895759583,0.8288183808326721,2,0.0019291701028123498
A,pcb2,routing_l1,18,0.09173040091991425,0.09134319424629211,0.0902150422334671,2,0.0004265959723852575
A,pcb2,gap_ss2d_l1,18,0.777137279510498,0.7698777318000793,0.767396092414856,2,0.0027435137890279293
A,pcb2,gap_normal,54,0.6243569850921631,0.3333333432674408,0.034981727600097656,3,0.22427162528038025
A,pcb2,gap_abnormal,54,0.5744860172271729,0.333333283662796,0.04159291461110115,3,0.20637448132038116
A,pcb2,ss2d_normal,54,1.0,0.3333333432674408,6.501524801491978e-36,3,0.471404492855072
A,pcb2,ss2d_abnormal,54,1.0,0.3333333432674408,8.77313457941715e-33,3,0.471404492855072
A,pcb2,final_normal,54,0.5619212985038757,0.3333333432674408,0.1314835548400879,3,0.16101303696632385
A,pcb2,final_abnormal,54,0.5170373916625977,0.3333333432674408,0.13743361830711365,3,0.1419617384672165
A,pcb2,entropy_normal,18,0.9835842847824097,0.9772564768791199,0.9531164169311523,3,0.008817207999527454
A,pcb2,entropy_abnormal,18,1.005741834640503,1.0005131959915161,0.980997622013092,3,0.007182274479418993
A,pcb2,routing_l1,18,0.08976781368255615,0.07992193102836609,0.07741254568099976,3,0.0035627465695142746
A,pcb2,gap_ss2d_l1,18,1.9300365447998047,1.9012739658355713,1.893201231956482,3,0.010669657960534096
H,pcb2,gap_normal,54,0.6292595863342285,0.3333333432674408,0.0469760000705719,1,0.2371804416179657
H,pcb2,gap_abnormal,54,0.5883844494819641,0.3333333730697632,0.04835047572851181,1,0.22095520794391632
H,pcb2,ss2d_normal,54,1.0,0.3333333432674408,3.2930817614488855e-34,1,0.471404492855072
H,pcb2,ss2d_abnormal,54,0.9999994039535522,0.3333333432674408,5.8966547198909034e-33,1,0.4714040756225586
H,pcb2,final_normal,54,0.6663336157798767,0.3333333432674408,0.04227839782834053,1,0.255896657705307
H,pcb2,final_abnormal,54,0.6295459270477295,0.3333333432674408,0.04351542517542839,1,0.23878909647464752
H,pcb2,entropy_normal,18,0.76800537109375,0.7652035355567932,0.7635653018951416,1,0.001220308244228363
H,pcb2,entropy_abnormal,18,0.7970935106277466,0.7946641445159912,0.793243408203125,1,0.0010572513565421104
H,pcb2,routing_l1,18,0.07357531040906906,0.07325495779514313,0.07270409166812897,1,0.00024167521041817963
H,pcb2,gap_ss2d_l1,18,0.7469850778579712,0.743510901927948,0.7414808869361877,1,0.0015133663546293974
H,pcb2,gap_normal,54,0.7563255429267883,0.3333333432674408,0.010283652693033218,2,0.3108910322189331
H,pcb2,gap_abnormal,54,0.7492763996124268,0.3333333432674408,0.01766503043472767,2,0.3050611615180969
H,pcb2,ss2d_normal,54,1.0,0.3333333432674408,0.0,2,0.471404492855072
H,pcb2,ss2d_abnormal,54,1.0,0.3333333432674408,1.401298464324817e-45,2,0.471404492855072
H,pcb2,final_normal,54,0.6806929707527161,0.3333333432674408,0.10925529152154922,2,0.2473042607307434
H,pcb2,final_abnormal,54,0.674348771572113,0.3333333432674408,0.11589852720499039,2,0.24229738116264343
H,pcb2,entropy_normal,18,0.8381242156028748,0.8349063992500305,0.8314880728721619,2,0.0023823785595595837
H,pcb2,entropy_abnormal,18,0.8501639366149902,0.8467172384262085,0.8430618643760681,2,0.002548083895817399
H,pcb2,routing_l1,18,0.014128260314464569,0.013718413189053535,0.013286471366882324,2,0.00030241109197959304
H,pcb2,gap_ss2d_l1,18,1.9794327020645142,1.9783982038497925,1.9774038791656494,2,0.000728075741790235
H,pcb2,gap_normal,54,0.623870313167572,0.3333333432674408,0.039268020540475845,3,0.22464032471179962
H,pcb2,gap_abnormal,54,0.5891150236129761,0.333333283662796,0.04783019796013832,3,0.20892439782619476
H,pcb2,ss2d_normal,54,1.0,0.3333333432674408,5.308726444881336e-33,3,0.45777398347854614
H,pcb2,ss2d_abnormal,54,1.0,0.333333283662796,4.592031629905328e-30,3,0.45750653743743896
H,pcb2,final_normal,54,0.6614817380905151,0.3333333432674408,0.03534121811389923,3,0.22537660598754883
H,pcb2,final_abnormal,54,0.6301876306533813,0.3333333432674408,0.04304717853665352,3,0.20970655977725983
H,pcb2,entropy_normal,18,0.9778035879135132,0.8377354741096497,0.7533308267593384,3,0.07720334827899933
H,pcb2,entropy_abnormal,18,0.9983458518981934,0.869673490524292,0.7918757200241089,3,0.07113312929868698
H,pcb2,routing_l1,18,0.06275920569896698,0.05779657140374184,0.054786697030067444,3,0.0031602904200553894
H,pcb2,gap_ss2d_l1,18,1.9058916568756104,1.027947187423706,0.4931216239929199,3,0.46973249316215515
A,pcb2,gap_normal,54,0.6342257261276245,0.3333333432674408,0.03335491567850113,1,0.24461080133914948
A,pcb2,gap_abnormal,54,0.5620541572570801,0.333333283662796,0.0390566922724247,1,0.21797849237918854
A,pcb2,ss2d_normal,54,1.0,0.3333333432674408,1.847231332283653e-33,1,0.471404492855072
A,pcb2,ss2d_abnormal,54,1.0,0.3333333432674408,2.2189524741828124e-30,1,0.471404492855072
A,pcb2,final_normal,54,0.570803165435791,0.3333333432674408,0.1300194263458252,1,0.18088902533054352
A,pcb2,final_abnormal,54,0.5058487057685852,0.3333333432674408,0.13515102863311768,1,0.15194183588027954
A,pcb2,entropy_normal,18,0.9488476514816284,0.9474010467529297,0.9463273286819458,1,0.0006803509895689785
A,pcb2,entropy_abnormal,18,0.9847462177276611,0.9837432503700256,0.9830024242401123,1,0.0004707417101599276
A,pcb2,routing_l1,18,0.12990885972976685,0.12923003733158112,0.12832528352737427,1,0.0004272143996786326
A,pcb2,gap_ss2d_l1,18,1.9332902431488037,1.932242751121521,1.930817723274231,1,0.0006672139279544353
A,pcb2,gap_normal,54,0.6163139939308167,0.3333333432674408,0.04627097398042679,2,0.23149026930332184
A,pcb2,gap_abnormal,54,0.5653502345085144,0.3333333432674408,0.061532728374004364,2,0.20648258924484253
A,pcb2,ss2d_normal,54,1.0,0.3333333432674408,5.5881834840304416e-36,2,0.471404492855072
A,pcb2,ss2d_abnormal,54,0.9999977350234985,0.3333333432674408,5.74557188399437e-31,2,0.4714029133319855
A,pcb2,final_normal,54,0.6546825766563416,0.3333333432674408,0.04164387658238411,2,0.24997280538082123
A,pcb2,final_abnormal,54,0.6088149547576904,0.3333333432674408,0.05537945404648781,2,0.2248951643705368
A,pcb2,entropy_normal,18,0.7801051735877991,0.7748971581459045,0.771614670753479,2,0.0025839877780526876
A,pcb2,entropy_abnormal,18,0.8361154198646545,0.831630289554596,0.8288006782531738,2,0.0022269755136221647
A,pcb2,routing_l1,18,0.09173522889614105,0.09110570698976517,0.09010957181453705,2,0.0004931290168315172
A,pcb2,gap_ss2d_l1,18,0.777783215045929,0.7713966965675354,0.7673720121383667,2,0.003167822491377592
A,pcb2,gap_normal,54,0.6251866221427917,0.3333333432674408,0.03460027277469635,3,0.2271760255098343
A,pcb2,gap_abnormal,54,0.5751469731330872,0.3333333432674408,0.04115670919418335,3,0.20889295637607574
A,pcb2,ss2d_normal,54,1.0,0.3333333432674408,6.505841787276218e-36,3,0.471404492855072
A,pcb2,ss2d_abnormal,54,1.0,0.3333333432674408,8.779294904499429e-33,3,0.471404492855072
A,pcb2,final_normal,54,0.562667965888977,0.333333283662796,0.13114024698734283,3,0.16381341218948364
A,pcb2,final_abnormal,54,0.517632246017456,0.3333333730697632,0.13704103231430054,3,0.14434023201465607
A,pcb2,entropy_normal,18,0.9833972454071045,0.9731065034866333,0.9523721933364868,3,0.011067201383411884
A,pcb2,entropy_abnormal,18,1.0052722692489624,0.9971298575401306,0.9803949594497681,3,0.008997361175715923
A,pcb2,routing_l1,18,0.09007136523723602,0.0815967470407486,0.07710528373718262,3,0.004488025326281786
A,pcb2,gap_ss2d_l1,18,1.9307994842529297,1.9063544273376465,1.8932996988296509,3,0.013433358632028103
H,pcb2,gap_normal,54,0.6298044323921204,0.3333333432674408,0.04670356959104538,1,0.2374391257762909
H,pcb2,gap_abnormal,54,0.5888328552246094,0.3333333432674408,0.048077311366796494,1,0.2211705446243286
H,pcb2,ss2d_normal,54,1.0,0.3333333432674408,3.293031481514739e-34,1,0.471404492855072
H,pcb2,ss2d_abnormal,54,0.9999994039535522,0.3333333432674408,5.8965199053825434e-33,1,0.4714040756225586
H,pcb2,final_normal,54,0.6668239831924438,0.3333333432674408,0.04203321039676666,1,0.25613951683044434
H,pcb2,final_abnormal,54,0.6299495100975037,0.3333333432674408,0.043269578367471695,1,0.23899345099925995
H,pcb2,entropy_normal,18,0.7666558027267456,0.7645335793495178,0.7626853585243225,1,0.0010728496126830578
H,pcb2,entropy_abnormal,18,0.7959228157997131,0.7940833568572998,0.7924822568893433,1,0.0009298041695728898
H,pcb2,routing_l1,18,0.0737488716840744,0.07338642328977585,0.07297000288963318,1,0.00021071452647447586
H,pcb2,gap_ss2d_l1,18,0.7453107833862305,0.7426804900169373,0.740391194820404,1,0.0013295089593157172
H,pcb2,gap_normal,54,0.7565645575523376,0.3333333432674408,0.010243192315101624,2,0.31118083000183105
H,pcb2,gap_abnormal,54,0.7495267987251282,0.333333283662796,0.017605483531951904,2,0.30537623167037964
H,pcb2,ss2d_normal,54,1.0,0.3333333432674408,0.0,2,0.471404492855072
H,pcb2,ss2d_abnormal,54,1.0,0.3333333432674408,1.401298464324817e-45,2,0.471404492855072
H,pcb2,final_normal,54,0.6809080839157104,0.333333283662796,0.10921887308359146,2,0.2475888729095459
H,pcb2,final_abnormal,54,0.674574077129364,0.3333333730697632,0.11584493517875671,2,0.2426031082868576
H,pcb2,entropy_normal,18,0.8400766253471375,0.8343483805656433,0.8312112092971802,2,0.002126180799677968
H,pcb2,entropy_abnormal,18,0.8522434830665588,0.8461189270019531,0.8427668809890747,2,0.0022732417564839125
H,pcb2,routing_l1,18,0.014382883906364441,0.013647347688674927,0.01325204223394394,2,0.0002706765371840447
H,pcb2,gap_ss2d_l1,18,1.9795136451721191,1.9785709381103516,1.9767770767211914,2,0.000653584545943886
H,pcb2,gap_normal,54,0.6227492690086365,0.3333333432674408,0.03987347334623337,3,0.22273430228233337
H,pcb2,gap_abnormal,54,0.5880545973777771,0.3333333730697632,0.04839916154742241,3,0.2071390450000763
H,pcb2,ss2d_normal,54,1.0,0.3333333432674408,3.1529807427526196e-33,3,0.4682547450065613
H,pcb2,ss2d_abnormal,54,1.0,0.3333333432674408,2.858946517866536e-30,3,0.4659687876701355
H,pcb2,final_normal,54,0.6595588326454163,0.3333333730697632,0.03588655963540077,3,0.22971531748771667
H,pcb2,final_abnormal,54,0.6284254789352417,0.3333333730697632,0.04356071352958679,3,0.21400174498558044
H,pcb2,entropy_normal,18,0.999929666519165,0.8264222741127014,0.7568591833114624,3,0.07270868122577667
H,pcb2,entropy_abnormal,18,1.0173766613006592,0.8591907620429993,0.79510498046875,3,0.06661488115787506
H,pcb2,routing_l1,18,0.07041603326797485,0.057723090052604675,0.05239909887313843,3,0.004678527358919382
H,pcb2,gap_ss2d_l1,18,1.906991958618164,0.9748978018760681,0.6283758878707886,3,0.4121330976486206
A,pcb2,gap_normal,54,0.6342771053314209,0.3333333730697632,0.03333256021142006,1,0.24482999742031097
A,pcb2,gap_abnormal,54,0.5620871186256409,0.3333333432674408,0.03903275728225708,1,0.21813930571079254
A,pcb2,ss2d_normal,54,1.0,0.3333333432674408,1.8455266818039683e-33,1,0.471404492855072
A,pcb2,ss2d_abnormal,54,1.0,0.3333333432674408,2.21710798248705e-30,1,0.471404492855072
A,pcb2,final_normal,54,0.5708493590354919,0.333333283662796,0.1299993097782135,1,0.18110160529613495
A,pcb2,final_abnormal,54,0.5058783888816833,0.3333333432674408,0.13512948155403137,1,0.15209342539310455
A,pcb2,entropy_normal,18,0.9483500719070435,0.947062611579895,0.9462807178497314,1,0.0005604799371212721
A,pcb2,entropy_abnormal,18,0.9844006299972534,0.9835090637207031,0.9829710721969604,1,0.00038706796476617455
A,pcb2,routing_l1,18,0.12994199991226196,0.1294431835412979,0.12863744795322418,1,0.00035344803472980857
A,pcb2,gap_ss2d_l1,18,1.9333348274230957,1.9325741529464722,1.9313106536865234,1,0.0005476425867527723
A,pcb2,gap_normal,54,0.6165518760681152,0.3333333730697632,0.04614591225981712,2,0.23182612657546997
A,pcb2,gap_abnormal,54,0.5655463337898254,0.3333333432674408,0.06139157712459564,2,0.20678333938121796
A,pcb2,ss2d_normal,54,1.0,0.3333333432674408,5.587501533724987e-36,2,0.471404492855072
A,pcb2,ss2d_abnormal,54,0.9999977350234985,0.3333333432674408,5.744957805745501e-31,2,0.4714029133319855
A,pcb2,final_normal,54,0.6548966765403748,0.3333333730697632,0.04153132066130638,2,0.2502896785736084
A,pcb2,final_abnormal,54,0.6089914441108704,0.333333283662796,0.05525241792201996,2,0.2251785546541214
A,pcb2,entropy_normal,18,0.7784221768379211,0.7740139365196228,0.7712263464927673,2,0.0018329552840441465
A,pcb2,entropy_abnormal,18,0.8346699476242065,0.8308689594268799,0.8284664750099182,2,0.0015802521957084537
A,pcb2,routing_l1,18,0.0918104499578476,0.09127447009086609,0.09043841063976288,2,0.00034916604636237025
A,pcb2,gap_ss2d_l1,18,0.7757166028022766,0.7703135013580322,0.7668962478637695,2,0.002246519550681114
A,pcb2,gap_normal,54,0.620657742023468,0.3333333730697632,0.0367622897028923,3,0.22656214237213135
A,pcb2,gap_abnormal,54,0.5715776085853577,0.3333333432674408,0.043482739478349686,3,0.20837374031543732
A,pcb2,ss2d_normal,54,1.0,0.3333333432674408,6.501177548522131e-36,3,0.471404492855072
A,pcb2,ss2d_abnormal,54,1.0,0.3333333432674408,8.772800298211136e-33,3,0.471404492855072
A,pcb2,final_normal,54,0.5585919618606567,0.3333333432674408,0.13308605551719666,3,0.16321420669555664
A,pcb2,final_abnormal,54,0.5144198536872864,0.333333283662796,0.1391344666481018,3,0.14384332299232483
A,pcb2,entropy_normal,18,0.9835010170936584,0.9739896059036255,0.9564656615257263,3,0.009967411868274212
A,pcb2,entropy_abnormal,18,1.0056734085083008,0.9978363513946533,0.9836024045944214,3,0.00812619086354971
A,pcb2,routing_l1,18,0.0883442759513855,0.08123338222503662,0.0774461179971695,3,0.004029031842947006
A,pcb2,gap_ss2d_l1,18,1.9264754056930542,1.9053655862808228,1.8933169841766357,3,0.012211186811327934
H,pcb2,gap_normal,54,0.6293352842330933,0.333333283662796,0.04693807661533356,1,0.2372983992099762
H,pcb2,gap_abnormal,54,0.5884465575218201,0.3333333432674408,0.048312708735466,1,0.22105355560779572
H,pcb2,ss2d_normal,54,1.0,0.3333333432674408,3.2899928745356115e-34,1,0.471404492855072
H,pcb2,ss2d_abnormal,54,0.9999994039535522,0.3333333432674408,5.8911688346924096e-33,1,0.4714040756225586
H,pcb2,final_normal,54,0.666401743888855,0.3333333432674408,0.04224426671862602,1,0.2560073733329773
H,pcb2,final_abnormal,54,0.6296018362045288,0.3333333730697632,0.043481435626745224,1,0.23888245224952698
H,pcb2,entropy_normal,18,0.7679319381713867,0.7648980021476746,0.7634429931640625,1,0.0010766047053039074
H,pcb2,entropy_abnormal,18,0.7970268130302429,0.7943990230560303,0.7931382060050964,1,0.0009331525070592761
H,pcb2,routing_l1,18,0.07359986007213593,0.07331422716379166,0.07270900905132294,1,0.0002120282588293776
H,pcb2,gap_ss2d_l1,18,0.7468972206115723,0.7431323528289795,0.7413294315338135,1,0.001334702828899026
H,pcb2,gap_normal,54,0.7569714784622192,0.3333333730697632,0.01017419807612896,2,0.31151890754699707
H,pcb2,gap_abnormal,54,0.7499570846557617,0.3333333730697632,0.01750415936112404,2,0.3057423532009125
H,pcb2,ss2d_normal,54,1.0,0.3333333432674408,0.0,2,0.471404492855072
H,pcb2,ss2d_abnormal,54,1.0,0.3333333432674408,1.401298464324817e-45,2,0.471404492855072
H,pcb2,final_normal,54,0.6812742948532104,0.3333333730697632,0.1091567799448967,2,0.24792124330997467
H,pcb2,final_abnormal,54,0.6749613881111145,0.3333333432674408,0.11575374007225037,2,0.24295876920223236
H,pcb2,entropy_normal,18,0.8413808345794678,0.8336965441703796,0.8307393789291382,2,0.002549780998378992
H,pcb2,entropy_abnormal,18,0.8536434173583984,0.8454223275184631,0.8422597050666809,2,0.0027273502200841904
H,pcb2,routing_l1,18,0.014553695917129517,0.01356580387800932,0.013193883001804352,2,0.00032506033312529325
H,pcb2,gap_ss2d_l1,18,1.979651689529419,1.9787641763687134,1.97634756565094,2,0.0007873682770878077
H,pcb2,gap_normal,54,0.6216350197792053,0.333333283662796,0.040400292724370956,3,0.22079230844974518
H,pcb2,gap_abnormal,54,0.5871046185493469,0.3333333432674408,0.04901726916432381,3,0.20533990859985352
H,pcb2,ss2d_normal,54,1.0,0.3333333432674408,1.5985705806077235e-35,3,0.4657328128814697
H,pcb2,ss2d_abnormal,54,1.0,0.3333333432674408,2.448482880670631e-32,3,0.46262073516845703
H,pcb2,final_normal,54,0.6590275764465332,0.3333333432674408,0.03636026382446289,3,0.22361785173416138
H,pcb2,final_abnormal,54,0.6270455121994019,0.333333283662796,0.04411553964018822,3,0.20801803469657898
H,pcb2,entropy_normal,18,0.9972165822982788,0.841773271560669,0.7574131488800049,3,0.07724123448133469
H,pcb2,entropy_abnormal,18,1.0149794816970825,0.87333744764328,0.7960773706436157,3,0.0706794485449791
H,pcb2,routing_l1,18,0.07032950222492218,0.05742738023400307,0.053170233964920044,3,0.005197993014007807
H,pcb2,gap_ss2d_l1,18,1.910683274269104,1.0330098867416382,0.6013222932815552,3,0.4624497592449188
A,pcb2,gap_normal,54,0.6339282393455505,0.3333333432674408,0.03348670154809952,1,0.24475309252738953
A,pcb2,gap_abnormal,54,0.5618509650230408,0.3333333432674408,0.03919872269034386,1,0.21808314323425293
A,pcb2,ss2d_normal,54,1.0,0.3333333432674408,1.8458365347680054e-33,1,0.471404492855072
A,pcb2,ss2d_abnormal,54,1.0,0.3333333432674408,2.217429409662339e-30,1,0.471404492855072
A,pcb2,final_normal,54,0.57053542137146,0.3333333432674408,0.13013803958892822,1,0.18102693557739258
A,pcb2,final_abnormal,54,0.5056658387184143,0.333333283662796,0.1352788507938385,1,0.15204043686389923
A,pcb2,entropy_normal,18,0.9482226371765137,0.9471812844276428,0.946599006652832,1,0.00042939861305058
A,pcb2,entropy_abnormal,18,0.984311580657959,0.9835909605026245,0.9831898808479309,1,0.0002966778411064297
A,pcb2,routing_l1,18,0.12973910570144653,0.12936778366565704,0.128713920712471,1,0.0002707130915950984
A,pcb2,gap_ss2d_l1,18,1.9330265522003174,1.9324591159820557,1.9314370155334473,1,0.0004202183336019516
A,pcb2,gap_normal,54,0.616721510887146,0.333333283662796,0.046056732535362244,2,0.23196901381015778
A,pcb2,gap_abnormal,54,0.5656863451004028,0.3333333432674408,0.06129118427634239,2,0.20691031217575073
A,pcb2,ss2d_normal,54,1.0,0.3333333432674408,5.587416155412153e-36,2,0.471404492855072
A,pcb2,ss2d_abnormal,54,0.9999977350234985,0.3333333432674408,5.744869878768059e-31,2,0.4714029133319855
A,pcb2,final_normal,54,0.6550493836402893,0.3333333730697632,0.04145105928182602,2,0.25042441487312317
A,pcb2,final_abnormal,54,0.6091175079345703,0.3333333432674408,0.05516206473112106,2,0.2252981811761856
A,pcb2,entropy_normal,18,0.7812484502792358,0.7736388444900513,0.7709492444992065,2,0.0027400439139455557
A,pcb2,entropy_abnormal,18,0.837105929851532,0.8305466175079346,0.8282283544540405,2,0.0023614000529050827
A,pcb2,routing_l1,18,0.09186375141143799,0.09134732186794281,0.08989778906106949,2,0.000522949849255383
A,pcb2,gap_ss2d_l1,18,0.779186487197876,0.7698543071746826,0.766556978225708,2,0.003359404858201742
A,pcb2,gap_normal,54,0.6241073608398438,0.3333333432674408,0.035100873559713364,3,0.22542732954025269
A,pcb2,gap_abnormal,54,0.5742890238761902,0.3333333432674408,0.04171794652938843,3,0.2073816955089569
A,pcb2,ss2d_normal,54,1.0,0.3333333432674408,6.498846505342308e-36,3,0.471404492855072
A,pcb2,ss2d_abnormal,54,1.0,0.3333333432674408,8.769387691173905e-33,3,0.471404492855072
A,pcb2,final_normal,54,0.5616965889930725,0.3333333432674408,0.13159078359603882,3,0.1621316522359848
A,pcb2,final_abnormal,54,0.5168601274490356,0.3333333432674408,0.13754615187644958,3,0.1429162472486496
A,pcb2,entropy_normal,18,0.9838677644729614,0.9756094813346863,0.9533431529998779,3,0.010185413993895054
A,pcb2,entropy_abnormal,18,1.005974531173706,0.999160885810852,0.9811726808547974,3,0.008336053229868412
A,pcb2,routing_l1,18,0.08967292308807373,0.08057931065559387,0.07729831337928772,3,0.004094494041055441
A,pcb2,gap_ss2d_l1,18,1.9297981262207031,1.903256893157959,1.8928053379058838,3,0.012574072927236557
H,pcb2,gap_normal,54,0.6299704313278198,0.3333333432674408,0.046622417867183685,1,0.23736572265625
H,pcb2,gap_abnormal,54,0.58896404504776,0.3333333432674408,0.04799547791481018,1,0.22110958397388458
H,pcb2,ss2d_normal,54,1.0,0.3333333432674408,3.292127131466323e-34,1,0.471404492855072
H,pcb2,ss2d_abnormal,54,0.9999994039535522,0.3333333432674408,5.8949906607005206e-33,1,0.4714040756225586
H,pcb2,final_normal,54,0.6669734120368958,0.3333333730697632,0.04196017608046532,1,0.2560705840587616
H,pcb2,final_abnormal,54,0.6300675868988037,0.333333283662796,0.0431959293782711,1,0.23893558979034424
H,pcb2,entropy_normal,18,0.7659875750541687,0.7647235989570618,0.7624200582504272,1,0.0008545165765099227
H,pcb2,entropy_abnormal,18,0.7953426241874695,0.7942478060722351,0.7922558784484863,1,0.0007397764129564166
H,pcb2,routing_l1,18,0.0738116204738617,0.0733487531542778,0.07310009002685547,1,0.000169699706020765
H,pcb2,gap_ss2d_l1,18,0.7444824576377869,0.7429159879684448,0.7400591373443604,1,0.0010593435727059841
H,pcb2,gap_normal,54,0.7573109269142151,0.333333283662796,0.01011747494339943,2,0.3115313649177551
H,pcb2,gap_abnormal,54,0.7503103613853455,0.3333333432674408,0.017420291900634766,2,0.30575576424598694
H,pcb2,ss2d_normal,54,1.0,0.3333333432674408,0.0,2,0.471404492855072
H,pcb2,ss2d_abnormal,54,1.0,0.3333333432674408,1.401298464324817e-45,2,0.471404492855072
H,pcb2,final_normal,54,0.6815798282623291,0.3333333432674408,0.10910572856664658,2,0.2479335218667984
H,pcb2,final_abnormal,54,0.6752793192863464,0.3333333432674408,0.11567826569080353,2,0.24297183752059937
H,pcb2,entropy_normal,18,0.8388557434082031,0.8336724638938904,0.830345630645752,2,0.0025446198415011168
H,pcb2,entropy_abnormal,18,0.8509352207183838,0.8453966975212097,0.841842532157898,2,0.002719955053180456
H,pcb2,routing_l1,18,0.014224022626876831,0.013562751933932304,0.0131450816988945,2,0.0003225597902201116
H,pcb2,gap_ss2d_l1,18,1.9797650575637817,1.978771686553955,1.9771723747253418,2,0.0007749712676741183
H,pcb2,gap_normal,54,0.624114453792572,0.3333333432674408,0.03919723629951477,3,0.22275181114673615
H,pcb2,gap_abnormal,54,0.5892645716667175,0.3333333432674408,0.04767223447561264,3,0.20712625980377197
H,pcb2,ss2d_normal,54,0.9999948740005493,0.3333333432674408,1.6004322284348182e-24,3,0.4699326753616333
H,pcb2,ss2d_abnormal,54,0.9999322891235352,0.3333333432674408,2.7031673233800053e-22,3,0.4683275818824768
H,pcb2,final_normal,54,0.6613345742225647,0.33333340287208557,0.035277511924505234,3,0.23733839392662048
H,pcb2,final_abnormal,54,0.629865825176239,0.3333333432674408,0.04290501028299332,3,0.22157076001167297
H,pcb2,entropy_normal,18,0.9635053873062134,0.8068051338195801,0.753493070602417,3,0.043959252536296844
H,pcb2,entropy_abnormal,18,0.9859991073608398,0.8411620855331421,0.7921758890151978,3,0.040468957275152206
H,pcb2,routing_l1,18,0.06740280240774155,0.057428114116191864,0.05465027317404747,3,0.0040924688801169395
H,pcb2,gap_ss2d_l1,18,1.9135146141052246,0.8635268807411194,0.6997720003128052,3,0.25729304552078247
A,pcb2,gap_normal,54,0.6343453526496887,0.3333333432674408,0.03330216184258461,1,0.24481940269470215
A,pcb2,gap_abnormal,54,0.5621364116668701,0.3333333432674408,0.038999225944280624,1,0.21813161671161652
A,pcb2,ss2d_normal,54,1.0,0.3333333432674408,1.8496849930700022e-33,1,0.471404492855072
A,pcb2,ss2d_abnormal,54,1.0,0.3333333432674408,2.2216626939580683e-30,1,0.471404492855072
A,pcb2,final_normal,54,0.5709108114242554,0.3333333432674408,0.1299719512462616,1,0.18109126389026642
A,pcb2,final_abnormal,54,0.5059227347373962,0.3333333432674408,0.13509930670261383,1,0.15208613872528076
A,pcb2,entropy_normal,18,0.94800865650177,0.9470789432525635,0.9462181925773621,1,0.0004435297742020339
A,pcb2,entropy_abnormal,18,0.9841626286506653,0.9835202693939209,0.9829264879226685,1,0.00030631767003796995
A,pcb2,routing_l1,18,0.1299760788679123,0.12943293154239655,0.12884610891342163,1,0.0002792365849018097
A,pcb2,gap_ss2d_l1,18,1.9333957433700562,1.9325588941574097,1.9316482543945312,1,0.00043296796502545476
A,pcb2,gap_normal,54,0.6170137524604797,0.333333283662796,0.0459040105342865,2,0.2320251166820526
A,pcb2,gap_abnormal,54,0.5659259557723999,0.333333283662796,0.061118509620428085,2,0.20696069300174713
A,pcb2,ss2d_normal,54,1.0,0.3333333432674408,5.586648826793864e-36,2,0.471404492855072
A,pcb2,ss2d_abnormal,54,0.9999977350234985,0.3333333432674408,5.744168813937229e-31,2,0.4714029133319855
A,pcb2,final_normal,54,0.6553123593330383,0.333333283662796,0.04131360724568367,2,0.2504773736000061
A,pcb2,final_abnormal,54,0.6093331575393677,0.3333333432674408,0.05500665679574013,2,0.2253456860780716
A,pcb2,entropy_normal,18,0.778383731842041,0.7734909057617188,0.7704728841781616,2,0.0024074744433164597
A,pcb2,entropy_abnormal,18,0.8346344828605652,0.8304188847541809,0.8278189301490784,2,0.002075530355796218
A,pcb2,routing_l1,18,0.0919584184885025,0.09137559682130814,0.09043886512517929,2,0.0004601819964591414
A,pcb2,gap_ss2d_l1,18,0.7756716012954712,0.7696727514266968,0.7659724950790405,2,0.002951160306110978
A,pcb2,gap_normal,54,0.6254324913024902,0.333333283662796,0.034482743591070175,3,0.22616645693778992
A,pcb2,gap_abnormal,54,0.5753389000892639,0.33333325386047363,0.041037555783987045,3,0.20797201991081238
A,pcb2,ss2d_normal,54,1.0,0.3333333432674408,6.500285022293846e-36,3,0.471404492855072
A,pcb2,ss2d_abnormal,54,1.0,0.3333333432674408,8.77132799153673e-33,3,0.471404492855072
A,pcb2,final_normal,54,0.5628892183303833,0.3333333432674408,0.1310344636440277,3,0.16285045444965363
A,pcb2,final_abnormal,54,0.5178049802780151,0.3333333730697632,0.1369338035583496,3,0.1434829980134964
A,pcb2,entropy_normal,18,0.9836846590042114,0.9745510816574097,0.9521477222442627,3,0.011460916139185429
A,pcb2,entropy_abnormal,18,1.0058245658874512,0.9983642101287842,0.9802258610725403,3,0.009332177229225636
A,pcb2,routing_l1,18,0.09016850590705872,0.0810558944940567,0.07737258076667786,3,0.004631817806512117
A,pcb2,gap_ss2d_l1,18,1.9310345649719238,1.904482364654541,1.8930611610412598,3,0.013897042721509933
H,pcb2,gap_normal,54,0.6296507716178894,0.3333333730697632,0.04678087309002876,1,0.23728324472904205
H,pcb2,gap_abnormal,54,0.5887043476104736,0.333333283662796,0.04815467447042465,1,0.2210407853126526
H,pcb2,ss2d_normal,54,1.0,0.3333333432674408,3.294338071036327e-34,1,0.471404492855072
H,pcb2,ss2d_abnormal,54,0.9999994039535522,0.3333333432674408,5.898769875038414e-33,1,0.4714040756225586
H,pcb2,final_normal,54,0.6666857004165649,0.3333333432674408,0.04210278391838074,1,0.25599315762519836
H,pcb2,final_abnormal,54,0.6298338770866394,0.3333333730697632,0.04333920404314995,1,0.238870307803154
H,pcb2,entropy_normal,18,0.7677991390228271,0.7649374008178711,0.7629344463348389,1,0.0014017211506143212
H,pcb2,entropy_abnormal,18,0.7969116568565369,0.7944334745407104,0.792698860168457,1,0.0012135349679738283
H,pcb2,routing_l1,18,0.07370372116565704,0.07330695539712906,0.07273741066455841,1,0.00027919956482946873
H,pcb2,gap_ss2d_l1,18,0.7467312812805176,0.7431812286376953,0.7406983971595764,1,0.0017384723760187626
H,pcb2,gap_normal,54,0.7568844556808472,0.333333283662796,0.010189306922256947,2,0.31046441197395325
H,pcb2,gap_abnormal,54,0.7498615980148315,0.3333333730697632,0.017525970935821533,2,0.3045981228351593
H,pcb2,ss2d_normal,54,1.0,0.3333333432674408,0.0,2,0.471404492855072
H,pcb2,ss2d_abnormal,54,1.0,0.3333333432674408,1.401298464324817e-45,2,0.471404492855072
H,pcb2,final_normal,54,0.6811959743499756,0.3333333432674408,0.10917037725448608,2,0.24688616394996643
H,pcb2,final_abnormal,54,0.6748754382133484,0.3333333730697632,0.11577337235212326,2,0.24184928834438324
H,pcb2,entropy_normal,18,0.8437316417694092,0.8357263207435608,0.830840528011322,2,0.0038774916902184486
H,pcb2,entropy_abnormal,18,0.8561607003211975,0.8475947976112366,0.842371940612793,2,0.004147013649344444
H,pcb2,routing_l1,18,0.014864876866340637,0.013826142996549606,0.01320599764585495,2,0.0004973218310624361
H,pcb2,gap_ss2d_l1,18,1.979621410369873,1.97812819480896,1.9755574464797974,2,0.0012128310045227408
H,pcb2,gap_normal,54,0.6228209137916565,0.3333333730697632,0.0398048460483551,3,0.215563103556633
H,pcb2,gap_abnormal,54,0.5881550908088684,0.3333333730697632,0.048383377492427826,3,0.2005356401205063
H,pcb2,ss2d_normal,54,1.0,0.3333333432674408,1.2238817562831193e-35,3,0.47137942910194397
H,pcb2,ss2d_abnormal,54,1.0,0.3333333432674408,1.9030145636387185e-32,3,0.47125324606895447
H,pcb2,final_normal,54,0.6605211496353149,0.3333333432674408,0.03582436218857765,3,0.20423851907253265
H,pcb2,final_abnormal,54,0.6292307376861572,0.3333333432674408,0.043545037508010864,3,0.1893535852432251
H,pcb2,entropy_normal,18,1.0360511541366577,0.8868860006332397,0.7551143169403076,3,0.10540654510259628
H,pcb2,entropy_abnormal,18,1.0481106042861938,0.9139879941940308,0.7935093641281128,3,0.09611143171787262
H,pcb2,routing_l1,18,0.06258070468902588,0.05473436787724495,0.04266563057899475,3,0.0049451664090156555
H,pcb2,gap_ss2d_l1,18,1.8964518308639526,1.2714838981628418,0.7540040016174316,3,0.5249283909797668
A,pcb2,gap_normal,54,0.6340421438217163,0.3333333432674408,0.03343622386455536,1,0.24461324512958527
A,pcb2,gap_abnormal,54,0.56192946434021,0.33333325386047363,0.039143986999988556,1,0.21798010170459747
A,pcb2,ss2d_normal,54,1.0,0.3333333432674408,1.8487681074763608e-33,1,0.471404492855072
A,pcb2,ss2d_abnormal,54,1.0,0.3333333432674408,2.2206122722061735e-30,1,0.471404492855072
A,pcb2,final_normal,54,0.5706379413604736,0.3333333432674408,0.13009260594844818,1,0.18089142441749573
A,pcb2,final_abnormal,54,0.5057365298271179,0.3333333730697632,0.13522958755493164,1,0.15194334089756012
A,pcb2,entropy_normal,18,0.9489501714706421,0.9473974704742432,0.9464950561523438,1,0.0006597430910915136
A,pcb2,entropy_abnormal,18,0.9848179817199707,0.9837409257888794,0.9831175804138184,1,0.0004567307769320905
A,pcb2,routing_l1,18,0.12980271875858307,0.12923358380794525,0.12826432287693024,1,0.00041361068724654615
A,pcb2,gap_ss2d_l1,18,1.9331276416778564,1.9322463274002075,1.9307149648666382,1,0.0006474219844676554
A,pcb2,gap_normal,54,0.6164116859436035,0.3333333432674408,0.04621932655572891,2,0.23119387030601501
A,pcb2,gap_abnormal,54,0.5654311180114746,0.333333283662796,0.0614749938249588,2,0.20621640980243683
A,pcb2,ss2d_normal,54,1.0,0.3333333432674408,5.5886100168622067e-36,2,0.471404492855072
A,pcb2,ss2d_abnormal,54,0.9999977350234985,0.3333333432674408,5.745878452921065e-31,2,0.4714029133319855
A,pcb2,final_normal,54,0.65477055311203,0.3333333432674408,0.0415973924100399,2,0.24969305098056793
A,pcb2,final_abnormal,54,0.608887791633606,0.3333333432674408,0.05532749369740486,2,0.22464428842067719
A,pcb2,entropy_normal,18,0.7835001945495605,0.7756769061088562,0.7714547514915466,2,0.0037728105671703815
A,pcb2,entropy_abnormal,18,0.8390414714813232,0.8323023319244385,0.8286636471748352,2,0.0032509900629520416
A,pcb2,routing_l1,18,0.09176551550626755,0.09095858782529831,0.08946545422077179,2,0.0007198929088190198
A,pcb2,gap_ss2d_l1,18,0.7819513082504272,0.7723530530929565,0.767176628112793,2,0.004626830108463764
A,pcb2,gap_normal,54,0.6235456466674805,0.3333333432674408,0.03536486625671387,3,0.2284328043460846
A,pcb2,gap_abnormal,54,0.5738410353660583,0.3333333432674408,0.04201076179742813,3,0.2100464254617691
A,pcb2,ss2d_normal,54,1.0,0.3333333432674408,6.504005794817872e-36,3,0.471404492855072
A,pcb2,ss2d_abnormal,54,1.0,0.3333333432674408,8.776616246747492e-33,3,0.471404492855072
A,pcb2,final_normal,54,0.5611910820007324,0.3333333432674408,0.13182838261127472,3,0.16500481963157654
A,pcb2,final_abnormal,54,0.5164569020271301,0.3333333432674408,0.13780969381332397,3,0.14540769159793854
A,pcb2,entropy_normal,18,0.9831908941268921,0.9712998270988464,0.9538495540618896,3,0.009720913134515285
A,pcb2,entropy_abnormal,18,1.0054192543029785,0.9955787658691406,0.9815773963928223,3,0.00790251512080431
A,pcb2,routing_l1,18,0.08946819603443146,0.08227234333753586,0.07757213711738586,3,0.0039473180659115314
A,pcb2,gap_ss2d_l1,18,1.9292703866958618,1.9087560176849365,1.8937480449676514,3,0.011898922733962536
H,pcb2,gap_normal,54,0.629642903804779,0.3333333730697632,0.046784959733486176,1,0.23752224445343018
H,pcb2,gap_abnormal,54,0.5886971950531006,0.3333333432674408,0.048159003257751465,1,0.22123946249485016
H,pcb2,ss2d_normal,54,1.0,0.3333333432674408,3.292604216868864e-34,1,0.471404492855072
H,pcb2,ss2d_abnormal,54,0.9999994039535522,0.3333333432674408,5.89575509937054e-33,1,0.4714040756225586
H,pcb2,final_normal,54,0.6666786074638367,0.3333333432674408,0.04210646450519562,1,0.2562175989151001
H,pcb2,final_abnormal,54,0.6298274397850037,0.3333333432674408,0.04334310069680214,1,0.23905888199806213
H,pcb2,entropy_normal,18,0.7664498090744019,0.7643182277679443,0.7629474401473999,1,0.0009280050289817154
H,pcb2,entropy_abnormal,18,0.7957422733306885,0.7938970923423767,0.7927110195159912,1,0.0008032880141399801
H,pcb2,routing_l1,18,0.07370229065418243,0.07342991232872009,0.07300364226102829,1,0.0001847308303695172
H,pcb2,gap_ss2d_l1,18,0.7450577020645142,0.7424132823944092,0.7407141923904419,1,0.0011506688315421343
H,pcb2,gap_normal,54,0.7570090889930725,0.333333283662796,0.010167996399104595,2,0.3113563656806946
H,pcb2,gap_abnormal,54,0.7499952912330627,0.3333333432674408,0.01749487966299057,2,0.30556586384773254
H,pcb2,ss2d_normal,54,1.0,0.3333333432674408,0.0,2,0.471404492855072
H,pcb2,ss2d_abnormal,54,1.0,0.3333333432674408,1.401298464324817e-45,2,0.471404492855072
H,pcb2,final_normal,54,0.6813081502914429,0.3333333730697632,0.1091511994600296,2,0.24776169657707214
H,pcb2,final_abnormal,54,0.6749957203865051,0.333333283662796,0.11574539542198181,2,0.24278758466243744
H,pcb2,entropy_normal,18,0.8412694931030273,0.8340098857879639,0.8306957483291626,2,0.0027533643878996372
H,pcb2,entropy_abnormal,18,0.8535231351852417,0.8457579016685486,0.8422145843505859,2,0.0029442328959703445
H,pcb2,routing_l1,18,0.014539249241352081,0.013605590909719467,0.013188377022743225,2,0.0003518659505061805
H,pcb2,gap_ss2d_l1,18,1.9796639680862427,1.9786673784255981,1.9763847589492798,2,0.0008538280380889773
H,pcb2,gap_normal,54,0.6220222115516663,0.3333333432674408,0.04020679369568825,3,0.21965062618255615
H,pcb2,gap_abnormal,54,0.5874409079551697,0.3333333432674408,0.048811234533786774,3,0.20424659550189972
H,pcb2,ss2d_normal,54,1.0,0.3333333432674408,2.758018256898992e-35,3,0.4675789177417755
H,pcb2,ss2d_abnormal,54,1.0,0.3333333432674408,4.075704282150569e-32,3,0.4659544825553894
H,pcb2,final_normal,54,0.6595903635025024,0.3333333432674408,0.03618611395359039,3,0.230596661567688
H,pcb2,final_abnormal,54,0.6278892159461975,0.3333333432674408,0.04393010959029198,3,0.21508291363716125
H,pcb2,entropy_normal,18,1.0059804916381836,0.8240906596183777,0.7566078305244446,3,0.058957286179065704
H,pcb2,entropy_abnormal,18,1.0224603414535522,0.8569688200950623,0.7951586842536926,3,0.05393989011645317
H,pcb2,routing_l1,18,0.071223184466362,0.05650341510772705,0.050966113805770874,3,0.0044652437791228294
H,pcb2,gap_ss2d_l1,18,1.9166159629821777,0.9209564924240112,0.5473670959472656,3,0.3470006585121155
A,pcb2,gap_normal,54,0.6343500018119812,0.3333333432674408,0.03330026566982269,1,0.24487127363681793
A,pcb2,gap_abnormal,54,0.5621383190155029,0.3333333432674408,0.03899746015667915,1,0.21816977858543396
A,pcb2,ss2d_normal,54,1.0,0.3333333432674408,1.850066110379058e-33,1,0.471404492855072
A,pcb2,ss2d_abnormal,54,1.0,0.3333333432674408,2.222069697122097e-30,1,0.471404492855072
A,pcb2,final_normal,54,0.5709149837493896,0.3333333432674408,0.1299702376127243,1,0.18114158511161804
A,pcb2,final_abnormal,54,0.5059244632720947,0.3333333432674408,0.1350977122783661,1,0.1521221101284027
A,pcb2,entropy_normal,18,0.9479818344116211,0.9469988346099854,0.9462140798568726,1,0.0004202440322842449
A,pcb2,entropy_abnormal,18,0.9841446876525879,0.9834646582603455,0.9829243421554565,1,0.00029024292598478496
A,pcb2,routing_l1,18,0.12998102605342865,0.12948274612426758,0.12886466085910797,1,0.00026478758081793785
A,pcb2,gap_ss2d_l1,18,1.9333994388580322,1.932637095451355,1.9316747188568115,1,0.00041003688238561153
A,pcb2,gap_normal,54,0.6166364550590515,0.333333283662796,0.046101655811071396,2,0.23191869258880615
A,pcb2,gap_abnormal,54,0.5656157732009888,0.3333333730697632,0.061341479420661926,2,0.2068658173084259
A,pcb2,ss2d_normal,54,1.0,0.3333333432674408,5.586478428900602e-36,2,0.471404492855072
A,pcb2,ss2d_abnormal,54,0.9999977350234985,0.3333333432674408,5.744125085547378e-31,2,0.4714029133319855
A,pcb2,final_normal,54,0.6549727916717529,0.333333283662796,0.041491489857435226,2,0.25037693977355957
A,pcb2,final_abnormal,54,0.6090539693832397,0.3333333730697632,0.055207330733537674,2,0.2252562940120697
A,pcb2,entropy_normal,18,0.7806128263473511,0.7737708687782288,0.7710886001586914,2,0.00256518367677927
A,pcb2,entropy_abnormal,18,0.8365546464920044,0.8306596279144287,0.82834792137146,2,0.0022108734119683504
A,pcb2,routing_l1,18,0.09183765202760696,0.09132042527198792,0.09001307189464569,2,0.0004895866150036454
A,pcb2,gap_ss2d_l1,18,0.7784070372581482,0.7700164318084717,0.766727089881897,2,0.0031450276728719473
A,pcb2,gap_normal,54,0.6209818720817566,0.3333333432674408,0.03660812973976135,3,0.22407706081867218
A,pcb2,gap_abnormal,54,0.5718365907669067,0.3333333432674408,0.04330671951174736,3,0.2061767280101776
A,pcb2,ss2d_normal,54,1.0,0.3333333432674408,6.496219866659227e-36,3,0.471404492855072
A,pcb2,ss2d_abnormal,54,1.0,0.3333333432674408,8.765173543926207e-33,3,0.471404492855072
A,pcb2,final_normal,54,0.5588836669921875,0.3333333432674408,0.13294732570648193,3,0.16083239018917084
A,pcb2,final_abnormal,54,0.5146529078483582,0.3333333730697632,0.13897605240345,3,0.14178329706192017
A,pcb2,entropy_normal,18,0.9842450618743896,0.9775281548500061,0.9561755657196045,3,0.009434946812689304
A,pcb2,entropy_abnormal,18,1.006284475326538,1.0007692575454712,0.983365535736084,3,0.007727233227342367
A,pcb2,routing_l1,18,0.08846144378185272,0.07983817160129547,0.07714615762233734,3,0.003786328714340925
A,pcb2,gap_ss2d_l1,18,1.926783800125122,1.9008564949035645,1.8922775983810425,3,0.011609744280576706
H,pcb2,gap_normal,54,0.6292599439620972,0.3333333432674408,0.04697643592953682,1,0.23724856972694397
H,pcb2,gap_abnormal,54,0.5883827209472656,0.3333333432674408,0.048350751399993896,1,0.22101207077503204
H,pcb2,ss2d_normal,54,1.0,0.3333333432674408,3.294212715584071e-34,1,0.471404492855072
H,pcb2,ss2d_abnormal,54,0.9999994039535522,0.3333333432674408,5.898544694401835e-33,1,0.4714040756225586
H,pcb2,final_normal,54,0.6663339734077454,0.3333333432674408,0.04227879270911217,1,0.2559605836868286
H,pcb2,final_abnormal,54,0.6295443773269653,0.3333333432674408,0.04351567476987839,1,0.23884309828281403
H,pcb2,entropy_normal,18,0.7684377431869507,0.7650271058082581,0.7635656595230103,1,0.001327142002992332
H,pcb2,entropy_abnormal,18,0.7974696159362793,0.7945109009742737,0.7932449579238892,1,0.0011509398464113474
H,pcb2,routing_l1,18,0.07357913255691528,0.07328867167234421,0.07262127846479416,1,0.0002598859427962452
H,pcb2,gap_ss2d_l1,18,0.747520923614502,0.7432925701141357,0.7414801120758057,1,0.0016450319672003388
H,pcb2,gap_normal,54,0.7573233246803284,0.333333283662796,0.010115416720509529,2,0.3109395503997803
H,pcb2,gap_abnormal,54,0.7503232955932617,0.3333333432674408,0.017417145892977715,2,0.30511409044265747
H,pcb2,ss2d_normal,54,1.0,0.3333333432674408,0.0,2,0.471404492855072
H,pcb2,ss2d_abnormal,54,1.0,0.3333333432674408,1.401298464324817e-45,2,0.471404492855072
H,pcb2,final_normal,54,0.6815909743309021,0.3333333432674408,0.10910387337207794,2,0.2473522424697876
H,pcb2,final_abnormal,54,0.6752909421920776,0.3333333730697632,0.1156754344701767,2,0.24234919250011444
H,pcb2,entropy_normal,18,0.8406647443771362,0.8348128199577332,0.8303312659263611,2,0.002920902566984296
H,pcb2,entropy_abnormal,18,0.8528752326965332,0.8466165065765381,0.8418271541595459,2,0.0031230465974658728
H,pcb2,routing_l1,18,0.014459826052188873,0.013707641512155533,0.013143166899681091,2,0.0003722805413417518
H,pcb2,gap_ss2d_l1,18,1.9797691106796265,1.978421688079834,1.9765841960906982,2,0.0009002957958728075
H,pcb2,gap_normal,54,0.6220436096191406,0.33333325386047363,0.04015999287366867,3,0.2236778885126114
H,pcb2,gap_abnormal,54,0.5875060558319092,0.3333333730697632,0.048821598291397095,3,0.20803222060203552
H,pcb2,ss2d_normal,54,1.0,0.3333333432674408,1.7752319359538032e-33,3,0.45928385853767395
H,pcb2,ss2d_abnormal,54,1.0,0.3333333432674408,1.6987098956388258e-30,3,0.458060085773468
H,pcb2,final_normal,54,0.6598373055458069,0.3333333432674408,0.036143992096185684,3,0.22219638526439667
H,pcb2,final_abnormal,54,0.6287360787391663,0.3333333432674408,0.043939437717199326,3,0.20660771429538727
H,pcb2,entropy_normal,18,1.0025163888931274,0.8454629778862,0.7563269138336182,3,0.08155037462711334
H,pcb2,entropy_abnormal,18,1.0195910930633545,0.8766041994094849,0.7946263551712036,3,0.07487525045871735
H,pcb2,routing_l1,18,0.06899183988571167,0.05780649930238724,0.0517672598361969,3,0.0041337329894304276
H,pcb2,gap_ss2d_l1,18,1.9110238552093506,1.066031813621521,0.3032565712928772,3,0.49835991859436035
A,pcb2,gap_normal,54,0.633939266204834,0.3333333432674408,0.03348119929432869,1,0.2447088211774826
A,pcb2,gap_abnormal,54,0.5618616342544556,0.333333283662796,0.039192620664834976,1,0.2180505245923996
A,pcb2,ss2d_normal,54,1.0,0.3333333432674408,1.85323057790567e-33,1,0.471404492855072
A,pcb2,ss2d_abnormal,54,1.0,0.3333333432674408,2.2254966863327102e-30,1,0.471404492855072
A,pcb2,final_normal,54,0.5705453157424927,0.3333333432674408,0.13013307750225067,1,0.1809840351343155
A,pcb2,final_abnormal,54,0.5056754350662231,0.3333333432674408,0.13527336716651917,1,0.15200969576835632
A,pcb2,entropy_normal,18,0.9485597610473633,0.947249710559845,0.9465885162353516,1,0.0005466141155920923
A,pcb2,entropy_abnormal,18,0.9845468401908875,0.9836384654045105,0.9831812977790833,1,0.00037815910764038563
A,pcb2,routing_l1,18,0.12973977625370026,0.1293252557516098,0.12850859761238098,1,0.00034302216954529285
A,pcb2,gap_ss2d_l1,18,1.9330376386642456,1.9323915243148804,1.9311025142669678,1,0.0005361681687645614
A,pcb2,gap_normal,54,0.6166802644729614,0.333333283662796,0.04607819393277168,2,0.23152950406074524
A,pcb2,gap_abnormal,54,0.56565260887146,0.3333333730697632,0.0613156333565712,2,0.2065175622701645
A,pcb2,ss2d_normal,54,1.0,0.3333333432674408,5.5883542406561104e-36,2,0.471404492855072
A,pcb2,ss2d_abnormal,54,0.9999977350234985,0.3333333432674408,5.745703069163922e-31,2,0.4714029133319855
A,pcb2,final_normal,54,0.6550122499465942,0.3333333432674408,0.041470374912023544,2,0.25000977516174316
A,pcb2,final_abnormal,54,0.6090871095657349,0.3333333432674408,0.05518407002091408,2,0.2249281108379364
A,pcb2,entropy_normal,18,0.7796196937561035,0.7747945189476013,0.7710162401199341,2,0.0029024973046034575
A,pcb2,entropy_abnormal,18,0.8357036709785461,0.8315415978431702,0.8282861709594727,2,0.0025016579311341047
A,pcb2,routing_l1,18,0.09185034781694412,0.09112556278705597,0.09021089226007462,2,0.0005541358841583133
A,pcb2,gap_ss2d_l1,18,0.777186393737793,0.7712709307670593,0.7666394114494324,2,0.00355834374204278
A,pcb2,gap_normal,54,0.6234407424926758,0.3333333730697632,0.035408735275268555,3,0.22809985280036926
A,pcb2,gap_abnormal,54,0.573754608631134,0.333333283662796,0.042075447738170624,3,0.20972007513046265
A,pcb2,ss2d_normal,54,1.0,0.3333333432674408,6.502318317575969e-36,3,0.471404492855072
A,pcb2,ss2d_abnormal,54,1.0,0.3333333432674408,8.774473908293119e-33,3,0.471404492855072
A,pcb2,final_normal,54,0.5610966682434082,0.333333283662796,0.13186785578727722,3,0.1646914929151535
A,pcb2,final_abnormal,54,0.5163791179656982,0.3333333432674408,0.13786789774894714,3,0.14510925114154816
A,pcb2,entropy_normal,18,0.9834012985229492,0.9717777967453003,0.9539397954940796,3,0.01040307991206646
A,pcb2,entropy_abnormal,18,1.0055924654006958,0.996016263961792,0.9816621541976929,3,0.00848568044602871
A,pcb2,routing_l1,18,0.0894351601600647,0.08211485296487808,0.07748782634735107,3,0.004198854323476553
A,pcb2,gap_ss2d_l1,18,1.929182529449463,1.9080952405929565,1.893455982208252,3,0.012738174758851528
H,pcb2,gap_normal,54,0.6298546195030212,0.333333283662796,0.04667941480875015,1,0.23752883076667786
H,pcb2,gap_abnormal,54,0.5888710021972656,0.333333283662796,0.04805295541882515,1,0.22124454379081726
H,pcb2,ss2d_normal,54,1.0,0.3333333432674408,3.2907461551928474e-34,1,0.471404492855072
H,pcb2,ss2d_abnormal,54,0.9999994039535522,0.3333333432674408,5.8924277156737434e-33,1,0.4714040756225586
H,pcb2,final_normal,54,0.6668691635131836,0.3333333432674408,0.04201147332787514,1,0.25622376799583435
H,pcb2,final_abnormal,54,0.6299838423728943,0.3333333432674408,0.043247658759355545,1,0.23906368017196655
H,pcb2,entropy_normal,18,0.7665468454360962,0.7643014788627625,0.7626057863235474,1,0.0011423270916566253
H,pcb2,entropy_abnormal,18,0.7958285808563232,0.7938831448554993,0.7924154996871948,1,0.000989708467386663
H,pcb2,routing_l1,18,0.07377065718173981,0.07343481481075287,0.07298965752124786,1,0.00022496026940643787
H,pcb2,gap_ss2d_l1,18,0.7451766133308411,0.7423920631408691,0.7402907013893127,1,0.0014156341785565019
H,pcb2,gap_normal,54,0.7570735812187195,0.3333333432674408,0.010157319717109203,2,0.3115505874156952
H,pcb2,gap_abnormal,54,0.7500610947608948,0.333333283662796,0.017479028552770615,2,0.3057762384414673
H,pcb2,ss2d_normal,54,1.0,0.3333333432674408,0.0,2,0.471404492855072
H,pcb2,ss2d_abnormal,54,1.0,0.3333333432674408,1.401298464324817e-45,2,0.471404492855072
H,pcb2,final_normal,54,0.6813662052154541,0.3333333432674408,0.10914158821105957,2,0.24795271456241608
H,pcb2,final_abnormal,54,0.6750549674034119,0.3333333730697632,0.1157311275601387,2,0.24299202859401703
H,pcb2,entropy_normal,18,0.8409938216209412,0.833635151386261,0.830621063709259,2,0.0030428606551140547
H,pcb2,entropy_abnormal,18,0.8532251119613647,0.8453575372695923,0.8421366810798645,2,0.003252938622608781
H,pcb2,routing_l1,18,0.014502756297588348,0.01355887483805418,0.013179056346416473,2,0.000388309737900272
H,pcb2,gap_ss2d_l1,18,1.9796853065490723,1.9787774085998535,1.9764761924743652,2,0.0009413468651473522
H,pcb2,gap_normal,54,0.617644727230072,0.333333283662796,0.04232919588685036,3,0.21906326711177826
H,pcb2,gap_abnormal,54,0.583669900894165,0.333333283662796,0.051280468702316284,3,0.2037114053964615
H,pcb2,ss2d_normal,54,1.0,0.3333333432674408,1.612092065980323e-35,3,0.47140130400657654
H,pcb2,ss2d_abnormal,54,1.0,0.3333333432674408,2.472133973945969e-32,3,0.47136297821998596
H,pcb2,final_normal,54,0.655879557132721,0.3333333432674408,0.03809627518057823,3,0.2262323945760727
H,pcb2,final_abnormal,54,0.6252944469451904,0.3333333730697632,0.046152420341968536,3,0.2108970582485199
H,pcb2,entropy_normal,18,0.9881101250648499,0.8357131481170654,0.7634810209274292,3,0.06558334082365036
H,pcb2,entropy_abnormal,18,1.0071382522583008,0.8675569891929626,0.8012502789497375,3,0.06026226282119751
H,pcb2,routing_l1,18,0.06117020174860954,0.05574554204940796,0.054572299122810364,3,0.0019811817910522223
H,pcb2,gap_ss2d_l1,18,1.9130187034606934,0.9970539808273315,0.7646970748901367,3,0.4008355140686035
A,pcb2,gap_normal,54,0.6344491243362427,0.3333333432674408,0.03325647860765457,1,0.2448490709066391
A,pcb2,gap_abnormal,54,0.5622057914733887,0.333333283662796,0.038950107991695404,1,0.21815326809883118
A,pcb2,ss2d_normal,54,1.0,0.3333333432674408,1.8468085216593416e-33,1,0.471404492855072
A,pcb2,ss2d_abnormal,54,1.0,0.3333333432674408,2.2185123690978645e-30,1,0.471404492855072
A,pcb2,final_normal,54,0.5710042119026184,0.3333333432674408,0.12993082404136658,1,0.1811201274394989
A,pcb2,final_abnormal,54,0.5059852004051208,0.333333283662796,0.13505509495735168,1,0.15210655331611633
A,pcb2,entropy_normal,18,0.9481110572814941,0.9470330476760864,0.9461235404014587,1,0.0005486620939336717
A,pcb2,entropy_abnormal,18,0.9842334985733032,0.9834887981414795,0.9828618764877319,1,0.0003787169116549194
A,pcb2,routing_l1,18,0.13003799319267273,0.1294620782136917,0.12878192961215973,1,0.0003462072927504778
A,pcb2,gap_ss2d_l1,18,1.9334871768951416,1.9326030015945435,1.9315471649169922,1,0.0005354346358217299
A,pcb2,gap_normal,54,0.6169396042823792,0.3333333730697632,0.04594277963042259,2,0.2318239063024521
A,pcb2,gap_abnormal,54,0.5658659338951111,0.3333333730697632,0.06116165220737457,2,0.20678074657917023
A,pcb2,ss2d_normal,54,1.0,0.3333333432674408,5.585626080701886e-36,2,0.471404492855072
A,pcb2,ss2d_abnormal,54,0.9999977350234985,0.3333333432674408,5.743292365349256e-31,2,0.4714029133319855
A,pcb2,final_normal,54,0.6552456617355347,0.3333333432674408,0.04134850203990936,2,0.2502874433994293
A,pcb2,final_abnormal,54,0.6092790961265564,0.333333283662796,0.055045485496520996,2,0.22517608106136322
A,pcb2,entropy_normal,18,0.7825545072555542,0.774021327495575,0.7705938816070557,2,0.0034928414970636368
A,pcb2,entropy_abnormal,18,0.8382235169410706,0.8308743834495544,0.8279213905334473,2,0.0030083968304097652
A,pcb2,routing_l1,18,0.09193308651447296,0.09127282351255417,0.08963921666145325,2,0.0006693805335089564
A,pcb2,gap_ss2d_l1,18,0.7807910442352295,0.7703236937522888,0.7661207914352417,2,0.004283825401216745
A,pcb2,gap_normal,54,0.6242143511772156,0.333333283662796,0.03504045307636261,3,0.22539477050304413
A,pcb2,gap_abnormal,54,0.5743590593338013,0.3333333432674408,0.04168660193681717,3,0.20734557509422302
A,pcb2,ss2d_normal,54,1.0,0.3333333432674408,6.501376286275535e-36,3,0.471404492855072
A,pcb2,ss2d_abnormal,54,1.0,0.3333333432674408,8.772800298211136e-33,3,0.471404492855072
A,pcb2,final_normal,54,0.5617929100990295,0.3333333432674408,0.13153640925884247,3,0.16208605468273163
A,pcb2,final_abnormal,54,0.5169231295585632,0.333333283662796,0.13751794397830963,3,0.14287224411964417
A,pcb2,entropy_normal,18,0.9835022687911987,0.9756590723991394,0.9532389044761658,3,0.008860485628247261
A,pcb2,entropy_abnormal,18,1.0056743621826172,0.9992201924324036,0.9811213612556458,3,0.007265321910381317
A,pcb2,routing_l1,18,0.08973947167396545,0.08057886362075806,0.07744643092155457,3,0.003550166729837656
A,pcb2,gap_ss2d_l1,18,1.9299191236495972,1.9033535718917847,1.8933148384094238,3,0.010974370874464512
H,pcb2,gap_normal,54,0.629509687423706,0.3333333432674408,0.046851594001054764,1,0.2375229150056839
H,pcb2,gap_abnormal,54,0.5885878205299377,0.333333283662796,0.04822543263435364,1,0.22124002873897552
H,pcb2,ss2d_normal,54,1.0,0.3333333432674408,3.2922274617458758e-34,1,0.471404492855072
H,pcb2,ss2d_abnormal,54,0.9999994039535522,0.3333333432674408,5.8951254752088805e-33,1,0.4714040756225586
H,pcb2,final_normal,54,0.6665587425231934,0.3333333432674408,0.04216643422842026,1,0.25621822476387024
H,pcb2,final_abnormal,54,0.6297289729118347,0.3333333432674408,0.043402887880802155,1,0.2390594184398651
H,pcb2,entropy_normal,18,0.7657532691955566,0.7643164992332458,0.7631627321243286,1,0.0008187705534510314
H,pcb2,entropy_abnormal,18,0.7951401472091675,0.7938955426216125,0.7928963303565979,1,0.0007087959093041718
H,pcb2,routing_l1,18,0.07365955412387848,0.0734303742647171,0.07314663380384445,1,0.00016307103214785457
H,pcb2,gap_ss2d_l1,18,0.7441920638084412,0.7424110174179077,0.7409806251525879,1,0.001015253714285791
H,pcb2,gap_normal,54,0.7567647099494934,0.3333333730697632,0.010209519416093826,2,0.31173744797706604
H,pcb2,gap_abnormal,54,0.7497355341911316,0.3333333432674408,0.017555754631757736,2,0.30597907304763794
H,pcb2,ss2d_normal,54,1.0,0.3333333432674408,0.0,2,0.471404492855072
H,pcb2,ss2d_abnormal,54,1.0,0.3333333432674408,1.401298464324817e-45,2,0.471404492855072
H,pcb2,final_normal,54,0.6810882091522217,0.3333333432674408,0.10918857157230377,2,0.2481357753276825
H,pcb2,final_abnormal,54,0.674761950969696,0.3333333432674408,0.11580017954111099,2,0.2431882917881012
H,pcb2,entropy_normal,18,0.8381761312484741,0.8332749605178833,0.8309793472290039,2,0.002047458430752158
H,pcb2,entropy_abnormal,18,0.8502078652381897,0.8449716567993164,0.8425207138061523,2,0.002188120037317276
H,pcb2,routing_l1,18,0.014135986566543579,0.013511782512068748,0.013223238289356232,2,0.0002593296521808952
H,pcb2,gap_ss2d_l1,18,1.9795809984207153,1.9788954257965088,1.9773898124694824,2,0.0006223011296242476
H,pcb2,gap_normal,54,0.6223923563957214,0.333333283662796,0.03999445587396622,3,0.2174018770456314
H,pcb2,gap_abnormal,54,0.5878018140792847,0.3333333730697632,0.04863017052412033,3,0.2021813690662384
H,pcb2,ss2d_normal,54,1.0,0.3333333432674408,3.4067111983776104e-35,3,0.47140100598335266
H,pcb2,ss2d_abnormal,54,1.0,0.3333333432674408,4.953964600791871e-32,3,0.4713611602783203
H,pcb2,final_normal,54,0.6601510643959045,0.333333283662796,0.035995010286569595,3,0.22127705812454224
H,pcb2,final_abnormal,54,0.6290016174316406,0.3333333730697632,0.04376715049147606,3,0.2061067372560501
H,pcb2,entropy_normal,18,1.016396164894104,0.847571849822998,0.7557660341262817,3,0.0792178139090538
H,pcb2,entropy_abnormal,18,1.0313701629638672,0.878277063369751,0.7941066026687622,3,0.07242598384618759
H,pcb2,routing_l1,18,0.0622989758849144,0.05521613731980324,0.04821537435054779,3,0.002823340706527233
H,pcb2,gap_ss2d_l1,18,1.9017125368118286,1.0513923168182373,0.7551745176315308,3,0.4392642080783844
A,pcb2,gap_normal,54,0.6343173384666443,0.3333333432674408,0.03331461548805237,1,0.24491699039936066
A,pcb2,gap_abnormal,54,0.5621159672737122,0.333333283662796,0.039012983441352844,1,0.2182030975818634
A,pcb2,ss2d_normal,54,1.0,0.3333333432674408,1.8451464828498743e-33,1,0.471404492855072
A,pcb2,ss2d_abnormal,54,1.0,0.3333333432674408,2.216718846837154e-30,1,0.471404492855072
A,pcb2,final_normal,54,0.5708855986595154,0.3333333730697632,0.12998315691947937,1,0.18118593096733093
A,pcb2,final_abnormal,54,0.5059043765068054,0.333333283662796,0.13511168956756592,1,0.15215353667736053
A,pcb2,entropy_normal,18,0.9479617476463318,0.9469281435012817,0.9462438821792603,1,0.00043554342119023204
A,pcb2,entropy_abnormal,18,0.9841300249099731,0.9834162592887878,0.982944905757904,1,0.00030052170041017234
A,pcb2,routing_l1,18,0.12996244430541992,0.12952785193920135,0.12887521088123322,1,0.00027532593230716884
A,pcb2,gap_ss2d_l1,18,1.9333707094192505,1.9327059984207153,1.931694507598877,1,0.00042482634307816625
A,pcb2,gap_normal,54,0.6163614392280579,0.3333333432674408,0.04624548181891441,2,0.23216412961483002
A,pcb2,gap_abnormal,54,0.5653901100158691,0.333333283662796,0.06150481477379799,2,0.20708556473255157
A,pcb2,ss2d_normal,54,1.0,0.3333333432674408,5.5871603792060565e-36,2,0.471404492855072
A,pcb2,ss2d_abnormal,54,0.9999977350234985,0.3333333432674408,5.744651236818806e-31,2,0.4714029133319855
A,pcb2,final_normal,54,0.6547253131866455,0.33333325386047363,0.04162093251943588,2,0.2506086230278015
A,pcb2,final_abnormal,54,0.60885089635849,0.3333333432674408,0.05535433068871498,2,0.225463405251503
A,pcb2,entropy_normal,18,0.7760875821113586,0.7731242179870605,0.7715362310409546,2,0.0014758340548723936
A,pcb2,entropy_abnormal,18,0.8326576948165894,0.8301024436950684,0.8287340402603149,2,0.0012723004911094904
A,pcb2,routing_l1,18,0.09174884855747223,0.09144440293312073,0.09087758511304855,2,0.00028199722873978317
A,pcb2,gap_ss2d_l1,18,0.7728561162948608,0.7692232728004456,0.7672771215438843,2,0.0018088106298819184
A,pcb2,gap_normal,54,0.6255182027816772,0.3333333432674408,0.034444939345121384,3,0.22388477623462677
A,pcb2,gap_abnormal,54,0.575408935546875,0.3333333432674408,0.04098989814519882,3,0.2060464471578598
A,pcb2,ss2d_normal,54,1.0,0.3333333432674408,6.500929305696579e-36,3,0.471404492855072
A,pcb2,ss2d_abnormal,54,1.0,0.3333333432674408,8.772264713597542e-33,3,0.471404492855072
A,pcb2,final_normal,54,0.5629663467407227,0.333333283662796,0.13100044429302216,3,0.16063450276851654
A,pcb2,final_abnormal,54,0.5178680419921875,0.3333333432674408,0.13689091801643372,3,0.14164718985557556
A,pcb2,entropy_normal,18,0.9835863709449768,0.9778060913085938,0.9520717859268188,3,0.007763407193124294
A,pcb2,entropy_abnormal,18,1.0057429075241089,1.0009537935256958,0.9801607131958008,3,0.006359190680086613
A,pcb2,routing_l1,18,0.09019674360752106,0.0796949490904808,0.07741127908229828,3,0.0031124127563089132
A,pcb2,gap_ss2d_l1,18,1.931110143661499,1.9006513357162476,1.8931978940963745,3,0.009473404847085476
H,pcb2,gap_normal,54,0.6299831867218018,0.3333333432674408,0.046615634113550186,1,0.23760299384593964
H,pcb2,gap_abnormal,54,0.5889760255813599,0.3333333432674408,0.04798872768878937,1,0.221306711435318
H,pcb2,ss2d_normal,54,1.0,0.3333333432674408,3.2926297012190478e-34,1,0.471404492855072
H,pcb2,ss2d_abnormal,54,0.9999994039535522,0.3333333432674408,5.8958002824346494e-33,1,0.4714040756225586
H,pcb2,final_normal,54,0.6669848561286926,0.3333333432674408,0.04195407032966614,1,0.2562934160232544
H,pcb2,final_abnormal,54,0.6300783753395081,0.3333333432674408,0.04318985342979431,1,0.23912271857261658
H,pcb2,entropy_normal,18,0.765621542930603,0.7641088962554932,0.7623987793922424,1,0.0009646161342971027
H,pcb2,entropy_abnormal,18,0.7950257658958435,0.7937155365943909,0.7922364473342896,1,0.0008348170085810125
H,pcb2,routing_l1,18,0.07381299138069153,0.07347060739994049,0.07317231595516205,1,0.00019183340191375464
H,pcb2,gap_ss2d_l1,18,0.7440288066864014,0.742154061794281,0.7400336265563965,1,0.0011958139948546886
H,pcb2,gap_normal,54,0.7569524645805359,0.333333283662796,0.010177523829042912,2,0.3114857077598572
H,pcb2,gap_abnormal,54,0.7499359250068665,0.3333333432674408,0.01750892587006092,2,0.30570608377456665
H,pcb2,ss2d_normal,54,1.0,0.3333333432674408,0.0,2,0.471404492855072
H,pcb2,ss2d_abnormal,54,1.0,0.3333333432674408,1.401298464324817e-45,2,0.471404492855072
H,pcb2,final_normal,54,0.6812571883201599,0.3333333432674408,0.10915977507829666,2,0.24788862466812134
H,pcb2,final_abnormal,54,0.6749423146247864,0.3333333432674408,0.1157580316066742,2,0.2429235279560089
H,pcb2,entropy_normal,18,0.8400357961654663,0.8337605595588684,0.8307614922523499,2,0.002523190574720502
H,pcb2,entropy_abnormal,18,0.8521996140480042,0.8454912900924683,0.8422845602035522,2,0.002697416115552187
H,pcb2,routing_l1,18,0.01437734067440033,0.01357375830411911,0.013196535408496857,2,0.0003214404277969152
H,pcb2,gap_ss2d_l1,18,1.9796448945999146,1.9787449836730957,1.976790189743042,2,0.0007771595846861601
H,pcb2,gap_normal,54,0.6199454069137573,0.3333333432674408,0.0412006601691246,3,0.21838118135929108
H,pcb2,gap_abnormal,54,0.5856612920761108,0.3333333432674408,0.04997371882200241,3,0.20310336351394653
H,pcb2,ss2d_normal,54,1.0,0.3333333432674408,1.2724901409065813e-35,3,0.4714008569717407
H,pcb2,ss2d_abnormal,54,1.0,0.3333333432674408,1.9820404039822115e-32,3,0.47136127948760986
H,pcb2,final_normal,54,0.6579479575157166,0.3333333432674408,0.03708059340715408,3,0.21766811609268188
H,pcb2,final_abnormal,54,0.6270688772201538,0.3333333432674408,0.04497634619474411,3,0.20246170461177826
H,pcb2,entropy_normal,18,0.997678816318512,0.856842041015625,0.7597693204879761,3,0.07997813075780869
H,pcb2,entropy_abnormal,18,1.0154136419296265,0.8868998289108276,0.7977818846702576,3,0.07339438050985336
H,pcb2,routing_l1,18,0.06175820529460907,0.05558966100215912,0.0530129075050354,3,0.0019235521322116256
H,pcb2,gap_ss2d_l1,18,1.8985289335250854,1.1157188415527344,0.7600514888763428,3,0.4785640239715576
A,pcb2,gap_normal,54,0.6343170404434204,0.3333333432674408,0.03331444412469864,1,0.24490003287792206
A,pcb2,gap_abnormal,54,0.5621185898780823,0.3333333432674408,0.03901222348213196,1,0.21819058060646057
A,pcb2,ss2d_normal,54,1.0,0.3333333432674408,1.8472735766118856e-33,1,0.471404492855072
A,pcb2,ss2d_abnormal,54,1.0,0.3333333432674408,2.219003255538768e-30,1,0.471404492855072
A,pcb2,final_normal,54,0.5708853006362915,0.3333333432674408,0.12998300790786743,1,0.1811695098876953
A,pcb2,final_abnormal,54,0.5059067010879517,0.3333333432674408,0.135111004114151,1,0.152141734957695
A,pcb2,entropy_normal,18,0.9478458166122437,0.9469543099403381,0.946243941783905,1,0.00046513983397744596
A,pcb2,entropy_abnormal,18,0.9840503931045532,0.9834343791007996,0.9829434752464294,1,0.0003213149029761553
A,pcb2,routing_l1,18,0.1299571692943573,0.12951184809207916,0.1289512813091278,1,0.00029233787790872157
A,pcb2,gap_ss2d_l1,18,1.9333710670471191,1.932680368423462,1.9318082332611084,1,0.0004537451022770256
A,pcb2,gap_normal,54,0.6170916557312012,0.3333333432674408,0.04586329683661461,2,0.23201221227645874
A,pcb2,gap_abnormal,54,0.5659910440444946,0.333333283662796,0.061071690171957016,2,0.20694933831691742
A,pcb2,ss2d_normal,54,1.0,0.3333333432674408,5.585924546064399e-36,2,0.471404492855072
A,pcb2,ss2d_abnormal,54,0.9999977350234985,0.3333333432674408,5.743511477496249e-31,2,0.4714029133319855
A,pcb2,final_normal,54,0.655382513999939,0.333333283662796,0.041276965290308,2,0.25046518445014954
A,pcb2,final_abnormal,54,0.6093916893005371,0.3333333432674408,0.054964520037174225,2,0.22533497214317322
A,pcb2,entropy_normal,18,0.7799865007400513,0.7735249996185303,0.7703458070755005,2,0.0025879235472530127
A,pcb2,entropy_abnormal,18,0.8360143899917603,0.8304476141929626,0.8277077674865723,2,0.00222978089004755
A,pcb2,routing_l1,18,0.09198164939880371,0.09136828780174255,0.09013199806213379,2,0.0004962074453942478
A,pcb2,gap_ss2d_l1,18,0.7776381969451904,0.7697147727012634,0.7658166885375977,2,0.003173336386680603
A,pcb2,gap_normal,54,0.6208634972572327,0.3333333432674408,0.036656640470027924,3,0.22391489148139954
A,pcb2,gap_abnormal,54,0.5717317461967468,0.33333325386047363,0.04338809847831726,3,0.2060796320438385
A,pcb2,ss2d_normal,54,1.0,0.3333333432674408,6.499292768456451e-36,3,0.471404492855072
A,pcb2,ss2d_abnormal,54,1.0,0.3333333432674408,8.769990132028701e-33,3,0.471404492855072
A,pcb2,final_normal,54,0.5587771534919739,0.333333283662796,0.1329909861087799,3,0.16066257655620575
A,pcb2,final_abnormal,54,0.5145585536956787,0.3333333432674408,0.13904929161071777,3,0.1416773796081543
A,pcb2,entropy_normal,18,0.9839286804199219,0.9777626395225525,0.9562757015228271,3,0.007616904564201832
A,pcb2,entropy_abnormal,18,1.00602388381958,1.0009087324142456,0.9834697246551514,3,0.006291812285780907
A,pcb2,routing_l1,18,0.08843708038330078,0.07970772683620453,0.07727353274822235,3,0.003021159442141652
A,pcb2,gap_ss2d_l1,18,1.9266867637634277,1.9007148742675781,1.8927199840545654,3,0.009566248394548893
H,pcb2,gap_normal,6,0.6292920708656311,0.3333333432674408,0.046960003674030304,1,0.23726539313793182
H,pcb2,gap_abnormal,6,0.588409960269928,0.3333333432674408,0.04833454638719559,1,0.2210260033607483
H,pcb2,ss2d_normal,6,1.0,0.3333333432674408,3.295167575155374e-34,1,0.471404492855072
H,pcb2,ss2d_abnormal,6,0.9999994039535522,0.3333333432674408,5.9002098556181715e-33,1,0.4714040756225586
H,pcb2,final_normal,6,0.6663628816604614,0.3333333432674408,0.042264003306627274,1,0.2559763789176941
H,pcb2,final_abnormal,6,0.6295689344406128,0.3333333432674408,0.04350109025835991,1,0.23885630071163177
H,pcb2,entropy_normal,2,0.7664541006088257,0.7649836540222168,0.7635132074356079,1,0.0014704465866088867
H,pcb2,entropy_abnormal,2,0.7957472801208496,0.7944733500480652,0.7931994199752808,1,0.0012739300727844238
H,pcb2,routing_l1,2,0.07358785718679428,0.07329723238945007,0.07300660014152527,1,0.0002906285226345062
H,pcb2,gap_ss2d_l1,2,0.7450617551803589,0.7432388067245483,0.7414158582687378,1,0.0018229484558105469
H,pcb2,gap_normal,6,0.7556584477424622,0.3333333432674408,0.010397142730653286,2,0.3113146722316742
H,pcb2,gap_abnormal,6,0.7485772967338562,0.3333333432674408,0.017832044512033463,2,0.3055203855037689
H,pcb2,ss2d_normal,6,1.0,0.3333333432674408,0.0,2,0.4714045226573944
H,pcb2,ss2d_abnormal,6,1.0,0.3333333432674408,1.401298464324817e-45,2,0.4714045226573944
H,pcb2,final_normal,6,0.6800925731658936,0.3333333134651184,0.10935743153095245,2,0.24772022664546967
H,pcb2,final_abnormal,6,0.6737195253372192,0.333333283662796,0.11604884266853333,2,0.24274283647537231
H,pcb2,entropy_normal,2,0.8359214067459106,0.8340905904769897,0.8322598338127136,2,0.0018307864665985107
H,pcb2,entropy_abnormal,2,0.8478046655654907,0.8458448052406311,0.8438849449157715,2,0.001959860324859619
H,pcb2,routing_l1,2,0.013845570385456085,0.013614218682050705,0.013382866978645325,2,0.00023135170340538025
H,pcb2,gap_ss2d_l1,2,1.9792057275772095,1.9786510467529297,1.9780962467193604,2,0.0005547404289245605
H,pcb2,gap_normal,6,0.5878369808197021,0.3333333134651184,0.05920420214533806,3,0.21384590864181519
H,pcb2,gap_abnormal,6,0.5574350953102112,0.3333333134651184,0.06974310427904129,3,0.19894802570343018
H,pcb2,ss2d_normal,6,1.0,0.3333333432674408,1.4673449747390541e-35,3,0.471402645111084
H,pcb2,ss2d_abnormal,6,1.0,0.3333333432674408,2.2483805344452668e-32,3,0.4713798463344574
H,pcb2,final_normal,6,0.6290527582168579,0.3333333432674408,0.05328378081321716,3,0.19704368710517883
H,pcb2,final_abnormal,6,0.6016845703125,0.333333283662796,0.06276879459619522,3,0.1822919398546219
H,pcb2,entropy_normal,2,0.9950591325759888,0.9035847783088684,0.812110424041748,3,0.09147435426712036
H,pcb2,entropy_abnormal,2,1.0131309032440186,0.9294887781143188,0.8458466529846191,3,0.08364212512969971
H,pcb2,routing_l1,2,0.05473632365465164,0.054206255823373795,0.05367618799209595,3,0.0005300678312778473
H,pcb2,gap_ss2d_l1,2,1.8714947700500488,1.347905158996582,0.8243154287338257,3,0.5235896706581116
A,pcb2,gap_normal,6,0.6342016458511353,0.3333333432674408,0.03336558863520622,1,0.2446819245815277
A,pcb2,gap_abnormal,6,0.5620383024215698,0.3333333432674408,0.03906795382499695,1,0.21802976727485657
A,pcb2,ss2d_normal,6,1.0,0.3333333432674408,1.8529054802492706e-33,1,0.4714045226573944
A,pcb2,ss2d_abnormal,6,1.0,0.3333333432674408,2.225123349326889e-30,1,0.4714045226573944
A,pcb2,final_normal,6,0.5707814693450928,0.3333333432674408,0.13002902269363403,1,0.18095822632312775
A,pcb2,final_abnormal,6,0.5058344602584839,0.3333333432674408,0.1351611614227295,1,0.15199026465415955
A,pcb2,entropy_normal,2,0.9482333660125732,0.947291374206543,0.9463493227958679,1,0.0009420216083526611
A,pcb2,entropy_abnormal,2,0.984319806098938,0.9836685061454773,0.9830172061920166,1,0.0006512999534606934
A,pcb2,routing_l1,2,0.12989407777786255,0.1293017864227295,0.12870949506759644,1,0.0005922913551330566
A,pcb2,gap_ss2d_l1,2,1.9332687854766846,1.9323475360870361,1.9314262866973877,1,0.0009212493896484375
A,pcb2,gap_normal,6,0.6161941885948181,0.3333333134651184,0.0463336817920208,2,0.23175908625125885
A,pcb2,gap_abnormal,6,0.5652520060539246,0.3333333432674408,0.061603985726833344,2,0.20672310888767242
A,pcb2,ss2d_normal,6,1.0,0.3333333432674408,5.589676169575416e-36,2,0.471404492855072
A,pcb2,ss2d_abnormal,6,0.9999977350234985,0.3333333432674408,5.746842828486479e-31,2,0.4714029133319855
A,pcb2,final_normal,6,0.6545747518539429,0.3333333134651184,0.04170031100511551,2,0.2502264082431793
A,pcb2,final_abnormal,6,0.6087265610694885,0.3333333432674408,0.05544358491897583,2,0.22512179613113403
A,pcb2,entropy_normal,2,0.7765716314315796,0.7741906046867371,0.7718095779418945,2,0.0023810267448425293
A,pcb2,entropy_abnormal,2,0.8330739736557007,0.8310214281082153,0.82896888256073,2,0.0020525455474853516
A,pcb2,routing_l1,2,0.09169643372297287,0.09124088287353516,0.09078532457351685,2,0.0004555545747280121
A,pcb2,gap_ss2d_l1,2,0.773449182510376,0.7705303430557251,0.767611563205719,2,0.002918809652328491
A,pcb2,gap_normal,6,0.5938870310783386,0.3333333432674408,0.05117703974246979,3,0.22110408544540405
A,pcb2,gap_abnormal,6,0.5501534342765808,0.3333333432674408,0.05927275866270065,3,0.20373359322547913
A,pcb2,ss2d_normal,6,1.0,0.3333333432674408,6.532351394678887e-36,3,0.4714045226573944
A,pcb2,ss2d_abnormal,6,1.0,0.3333333432674408,8.815942410254252e-33,3,0.4714045226573944
A,pcb2,final_normal,6,0.5344983339309692,0.3333333432674408,0.1460593342781067,3,0.1579558104276657
A,pcb2,final_abnormal,6,0.4951380789279938,0.3333333134651184,0.1533454805612564,3,0.13945342600345612
A,pcb2,entropy_normal,2,0.9830979108810425,0.9817215800285339,0.9803452491760254,3,0.001376330852508545
A,pcb2,entropy_abnormal,2,1.004939317703247,1.004011631011963,1.0030840635299683,3,0.0009276270866394043
A,pcb2,routing_l1,2,0.07872046530246735,0.07799722999334335,0.07727399468421936,3,0.0007232353091239929
A,pcb2,gap_ss2d_l1,2,1.8976459503173828,1.8956890106201172,1.8937320709228516,3,0.001956939697265625
H,chewinggum,gap_normal,54,0.5548412799835205,0.333333283662796,0.0631188452243805,1,0.20293857157230377
H,chewinggum,gap_abnormal,54,0.566366970539093,0.3333333432674408,0.04780757054686546,1,0.2142506241798401
H,chewinggum,ss2d_normal,54,0.9999845027923584,0.3333333432674408,1.3374089664356238e-28,1,0.47139352560043335
H,chewinggum,ss2d_abnormal,54,0.9999872446060181,0.3333333432674408,2.07156311500496e-32,1,0.47139549255371094
H,chewinggum,final_normal,54,0.5993555784225464,0.3333333730697632,0.056806959211826324,1,0.2209227830171585
H,chewinggum,final_abnormal,54,0.609728991985321,0.3333333432674408,0.04302681237459183,1,0.230917289853096
H,chewinggum,entropy_normal,18,0.8419640064239502,0.8386964201927185,0.836814284324646,1,0.0016386223724111915
H,chewinggum,entropy_abnormal,18,0.809533953666687,0.8062161207199097,0.8043067455291748,1,0.0016636281507089734
H,chewinggum,routing_l1,18,0.028034232556819916,0.02773379161953926,0.02756035327911377,1,0.00015108802472241223
H,chewinggum,gap_ss2d_l1,18,0.8961852192878723,0.8924415111541748,0.890286386013031,1,0.0018755822675302625
H,chewinggum,gap_normal,54,0.6389705538749695,0.3333333730697632,0.022825712338089943,2,0.24853283166885376
H,chewinggum,gap_abnormal,54,0.7056646347045898,0.3333333432674408,0.022017788141965866,2,0.27829107642173767
H,chewinggum,ss2d_normal,54,1.0,0.3333333432674408,4.9249195048081426e-40,2,0.471404492855072
H,chewinggum,ss2d_abnormal,54,1.0,0.3333333432674408,1.1081468255880653e-41,2,0.471404492855072
H,chewinggum,final_normal,54,0.5750734806060791,0.3333333432674408,0.12054314464330673,2,0.18372134864330292
H,chewinggum,final_abnormal,54,0.6350981593132019,0.3333333432674408,0.11981601268053055,2,0.2154141068458557
H,chewinggum,entropy_normal,18,0.9476635456085205,0.9400720596313477,0.9352566003799438,2,0.004655580967664719
H,chewinggum,entropy_abnormal,18,0.9055551886558533,0.8943288326263428,0.8871711492538452,2,0.006901597138494253
H,chewinggum,routing_l1,18,0.120049387216568,0.11738012731075287,0.11313582956790924,2,0.002597363432869315
H,chewinggum,gap_ss2d_l1,18,1.9543486833572388,1.950040578842163,1.943033218383789,2,0.004241070244461298
H,chewinggum,gap_normal,54,0.5526247024536133,0.3333333432674408,0.060237303376197815,3,0.19037412106990814
H,chewinggum,gap_abnormal,54,0.56461101770401,0.3333333432674408,0.053974539041519165,3,0.19699949026107788
H,chewinggum,ss2d_normal,54,1.0,0.3333333432674408,1.1595298209844479e-29,3,0.46501874923706055
H,chewinggum,ss2d_abnormal,54,1.0,0.3333333432674408,2.0213572810835996e-31,3,0.46621862053871155
H,chewinggum,final_normal,54,0.5972853899002075,0.333333283662796,0.054213572293519974,3,0.18201133608818054
H,chewinggum,final_abnormal,54,0.608113706111908,0.3333333432674408,0.04857708513736725,3,0.1883431077003479
H,chewinggum,entropy_normal,18,1.05626380443573,0.9251963496208191,0.8331999778747559,3,0.08326701819896698
H,chewinggum,entropy_abnormal,18,1.0503201484680176,0.9125983119010925,0.8164381980895996,3,0.08727484196424484
H,chewinggum,routing_l1,18,0.026525884866714478,0.020464248955249786,0.016561344265937805,3,0.001956925494596362
H,chewinggum,gap_ss2d_l1,18,1.866286277770996,1.2554501295089722,0.5806453824043274,3,0.4650822877883911
A,chewinggum,gap_normal,54,0.5743687748908997,0.3333333730697632,0.04349178075790405,1,0.2186071276664734
A,chewinggum,gap_abnormal,54,0.5490109324455261,0.3333333432674408,0.037442080676555634,1,0.21571891009807587
A,chewinggum,ss2d_normal,54,1.0,0.3333333432674408,2.1305061351252476e-29,1,0.471404492855072
A,chewinggum,ss2d_abnormal,54,1.0,0.3333333432674408,1.4109040216931024e-30,1,0.471404492855072
A,chewinggum,final_normal,54,0.5169318914413452,0.33333340287208557,0.13914260268211365,1,0.15360479056835175
A,chewinggum,final_abnormal,54,0.4941098392009735,0.3333333432674408,0.13369786739349365,1,0.14903374016284943
A,chewinggum,entropy_normal,18,0.985653281211853,0.9838190078735352,0.9826014041900635,1,0.0008890358731150627
A,chewinggum,entropy_abnormal,18,0.9877842664718628,0.9862428307533264,0.985223650932312,1,0.0007457634201273322
A,chewinggum,routing_l1,18,0.05653354525566101,0.05611233413219452,0.05548945069313049,1,0.00030317745404317975
A,chewinggum,gap_ss2d_l1,18,1.913016438484192,1.9112313985824585,1.9085161685943604,1,0.0013097866903990507
A,chewinggum,gap_normal,54,0.5531156063079834,0.3333333432674408,0.059773385524749756,2,0.2020747810602188
A,chewinggum,gap_abnormal,54,0.5481277108192444,0.3333333432674408,0.060118529945611954,2,0.20062826573848724
A,chewinggum,ss2d_normal,54,0.9999853372573853,0.3333333432674408,9.019170366571094e-31,2,0.47139403223991394
A,chewinggum,ss2d_abnormal,54,0.9999704360961914,0.3333333432674408,1.27763578211213e-30,2,0.47138357162475586
A,chewinggum,final_normal,54,0.5978025794029236,0.3333333730697632,0.05379604548215866,2,0.21962089836597443
A,chewinggum,final_abnormal,54,0.5933119654655457,0.3333333432674408,0.05410667508840561,2,0.21787713468074799
A,chewinggum,entropy_normal,18,0.8511725664138794,0.8396329283714294,0.8321426510810852,2,0.007130656391382217
A,chewinggum,entropy_abnormal,18,0.8538680076599121,0.8424903154373169,0.8351046442985535,2,0.007031567860394716
A,chewinggum,routing_l1,18,0.008981168270111084,0.008727731183171272,0.008344125002622604,2,0.00023813810548745096
A,chewinggum,gap_ss2d_l1,18,0.9150424003601074,0.9021158218383789,0.8937393426895142,2,0.007980589754879475
A,chewinggum,gap_normal,54,0.5755852460861206,0.3333333730697632,0.0375775545835495,3,0.2147856056690216
A,chewinggum,gap_abnormal,54,0.5645516514778137,0.3333333432674408,0.03393907845020294,3,0.21454426646232605
A,chewinggum,ss2d_normal,54,1.0,0.3333333432674408,1.8144825188472248e-34,3,0.471404492855072
A,chewinggum,ss2d_abnormal,54,1.0,0.3333333432674408,1.6912634472181272e-35,3,0.471404492855072
A,chewinggum,final_normal,54,0.5180267095565796,0.3333333432674408,0.1338198035955429,3,0.14960576593875885
A,chewinggum,final_abnormal,54,0.50809645652771,0.333333283662796,0.13054516911506653,3,0.148514986038208
A,chewinggum,entropy_normal,18,1.0026257038116455,0.9888072609901428,0.9772083759307861,3,0.010059073567390442
A,chewinggum,entropy_abnormal,18,1.0014839172363281,0.988408088684082,0.97763991355896,3,0.009471476078033447
A,chewinggum,routing_l1,18,0.026409760117530823,0.024730494245886803,0.02260957658290863,3,0.001523786224424839
A,chewinggum,gap_ss2d_l1,18,1.9248449802398682,1.906931757926941,1.884684443473816,3,0.01601312682032585
H,chewinggum,gap_normal,54,0.5550815463066101,0.3333333432674408,0.06293050199747086,1,0.2031215876340866
H,chewinggum,gap_abnormal,54,0.5666078925132751,0.3333333730697632,0.047642212361097336,1,0.21441884338855743
H,chewinggum,ss2d_normal,54,0.9999845027923584,0.3333333432674408,1.3381030234393323e-28,1,0.47139352560043335
H,chewinggum,ss2d_abnormal,54,0.9999872446060181,0.3333333432674408,2.0728120777527086e-32,1,0.47139549255371094
H,chewinggum,final_normal,54,0.5995718240737915,0.3333333432674408,0.05663745105266571,1,0.22109512984752655
H,chewinggum,final_abnormal,54,0.6099457740783691,0.333333283662796,0.04287799075245857,1,0.23107735812664032
H,chewinggum,entropy_normal,18,0.841022789478302,0.8382313251495361,0.8363885879516602,1,0.001369322882965207
H,chewinggum,entropy_abnormal,18,0.8085840344429016,0.8057444095611572,0.8038736581802368,1,0.0013895551674067974
H,chewinggum,routing_l1,18,0.027947578579187393,0.027690790593624115,0.0275188647210598,1,0.00012680904183071107
H,chewinggum,gap_ss2d_l1,18,0.8950978517532349,0.8919087648391724,0.8898059725761414,1,0.001566295512020588
H,chewinggum,gap_normal,54,0.6391540765762329,0.3333333432674408,0.022756250575184822,2,0.249362051486969
H,chewinggum,gap_abnormal,54,0.705902636051178,0.3333333432674408,0.02194942720234394,2,0.2794167995452881
H,chewinggum,ss2d_normal,54,1.0,0.3333333432674408,4.92473733600778e-40,2,0.471404492855072
H,chewinggum,ss2d_abnormal,54,1.0,0.3333333432674408,1.1081468255880653e-41,2,0.471404492855072
H,chewinggum,final_normal,54,0.5752386450767517,0.333333283662796,0.12048062682151794,2,0.18453146517276764
H,chewinggum,final_abnormal,54,0.6353123784065247,0.333333283662796,0.11975448578596115,2,0.21650822460651398
H,chewinggum,entropy_normal,18,0.9464086294174194,0.9387586116790771,0.9350935220718384,2,0.0039235567674040794
H,chewinggum,entropy_abnormal,18,0.9037200212478638,0.892383873462677,0.88692307472229,2,0.005828368943184614
H,chewinggum,routing_l1,18,0.12014731019735336,0.11811400949954987,0.11384015530347824,2,0.002186177996918559
H,chewinggum,gap_ss2d_l1,18,1.9544874429702759,1.9512438774108887,1.9442557096481323,2,0.003535812720656395
H,chewinggum,gap_normal,54,0.5529860258102417,0.3333333730697632,0.06004524230957031,3,0.19384106993675232
H,chewinggum,gap_abnormal,54,0.5649003982543945,0.3333333432674408,0.05363200232386589,3,0.20041336119174957
H,chewinggum,ss2d_normal,54,1.0,0.3333333432674408,1.2209716957109679e-28,3,0.46148359775543213
H,chewinggum,ss2d_abnormal,54,1.0,0.3333333432674408,2.3591449397274165e-30,3,0.46361759305000305
H,chewinggum,final_normal,54,0.5958303809165955,0.3333333432674408,0.05404071509838104,3,0.20005300641059875
H,chewinggum,final_abnormal,54,0.6067827343940735,0.333333283662796,0.04826880246400833,3,0.2065420001745224
H,chewinggum,entropy_normal,18,1.0217394828796387,0.8869209289550781,0.8343853950500488,3,0.06043295934796333
H,chewinggum,entropy_abnormal,18,1.0137042999267578,0.8724437355995178,0.8169152736663818,3,0.06337013840675354
H,chewinggum,routing_l1,18,0.026273615658283234,0.021163012832403183,0.019834287464618683,3,0.0018421433633193374
H,chewinggum,gap_ss2d_l1,18,1.8699549436569214,1.0486663579940796,0.6045045256614685,3,0.36967742443084717
A,chewinggum,gap_normal,54,0.5741021037101746,0.3333333432674408,0.04366474598646164,1,0.21871036291122437
A,chewinggum,gap_abnormal,54,0.5488080382347107,0.3333333432674408,0.03760121762752533,1,0.21580322086811066
A,chewinggum,ss2d_normal,54,1.0,0.3333333432674408,2.1368711831281705e-29,1,0.471404492855072
A,chewinggum,ss2d_abnormal,54,1.0,0.3333333432674408,1.4152920010454e-30,1,0.471404492855072
A,chewinggum,final_normal,54,0.5166918635368347,0.333333283662796,0.13929827511310577,1,0.15370261669158936
A,chewinggum,final_abnormal,54,0.4939272105693817,0.3333333432674408,0.13384109735488892,1,0.14911247789859772
A,chewinggum,entropy_normal,18,0.9859858155250549,0.9836719036102295,0.9828399419784546,1,0.0008319876505993307
A,chewinggum,entropy_abnormal,18,0.9880632162094116,0.9861191511154175,0.985421895980835,1,0.0006983942585065961
A,chewinggum,routing_l1,18,0.05644364655017853,0.05616137757897377,0.05537235736846924,1,0.0002831586170941591
A,chewinggum,gap_ss2d_l1,18,1.9126704931259155,1.911448359489441,1.9080183506011963,1,0.0012282660463824868
A,chewinggum,gap_normal,54,0.5536405444145203,0.3333333432674408,0.059367042034864426,2,0.202911838889122
A,chewinggum,gap_abnormal,54,0.5486319065093994,0.3333333432674408,0.05971071869134903,2,0.20145025849342346
A,chewinggum,ss2d_normal,54,0.9999853372573853,0.3333333432674408,9.016693364875041e-31,2,0.47139406204223633
A,chewinggum,ss2d_abnormal,54,0.9999704360961914,0.3333333432674408,1.2772849205582965e-30,2,0.47138357162475586
A,chewinggum,final_normal,54,0.5982750058174133,0.333333283662796,0.05343033745884895,2,0.22040943801403046
A,chewinggum,final_abnormal,54,0.5937657356262207,0.3333333432674408,0.05373964458703995,2,0.218650683760643
A,chewinggum,entropy_normal,18,0.8504724502563477,0.8374755382537842,0.8312029242515564,2,0.006604228634387255
A,chewinggum,entropy_abnormal,18,0.853178858757019,0.8403635621070862,0.8341790437698364,2,0.006512168794870377
A,chewinggum,routing_l1,18,0.009018529206514359,0.008800653740763664,0.008361585438251495,2,0.00022213572810869664
A,chewinggum,gap_ss2d_l1,18,0.914258599281311,0.8997023701667786,0.89268958568573,2,0.007388942874968052
A,chewinggum,gap_normal,54,0.5756556391716003,0.3333333432674408,0.03754235431551933,3,0.21385909616947174
A,chewinggum,gap_abnormal,54,0.5646218061447144,0.333333283662796,0.03387943282723427,3,0.2136552631855011
A,chewinggum,ss2d_normal,54,1.0,0.3333333432674408,1.8144270731664194e-34,3,0.471404492855072
A,chewinggum,ss2d_abnormal,54,1.0,0.3333333432674408,1.6911601322849495e-35,3,0.471404492855072
A,chewinggum,final_normal,54,0.5180900692939758,0.3333333432674408,0.1337881237268448,3,0.1487453281879425
A,chewinggum,final_abnormal,54,0.5081596374511719,0.3333333730697632,0.1304914951324463,3,0.1476953625679016
A,chewinggum,entropy_normal,18,1.0026617050170898,0.9900947213172913,0.977152943611145,3,0.011023529805243015
A,chewinggum,entropy_abnormal,18,1.0015192031860352,0.9896692633628845,0.9775637984275818,3,0.010385962203145027
A,chewinggum,routing_l1,18,0.026454105973243713,0.024501720443367958,0.022602632641792297,3,0.0016710406634956598
A,chewinggum,gap_ss2d_l1,18,1.9249154329299927,1.9047656059265137,1.8846207857131958,3,0.017580056563019753
H,chewinggum,gap_normal,54,0.5550714731216431,0.333333283662796,0.06294050067663193,1,0.2029690146446228
H,chewinggum,gap_abnormal,54,0.5665931701660156,0.3333333432674408,0.04765049368143082,1,0.21427863836288452
H,chewinggum,ss2d_normal,54,0.9999845027923584,0.3333333432674408,1.3378681803567386e-28,1,0.47139352560043335
H,chewinggum,ss2d_abnormal,54,0.9999872446060181,0.3333333432674408,2.0723850794297724e-32,1,0.47139549255371094
H,chewinggum,final_normal,54,0.5995627641677856,0.333333283662796,0.056646447628736496,1,0.22095142304897308
H,chewinggum,final_abnormal,54,0.609932541847229,0.3333333432674408,0.042885441333055496,1,0.230943962931633
H,chewinggum,entropy_normal,18,0.8414371013641357,0.8386190533638,0.8364098072052002,1,0.0015063872560858727
H,chewinggum,entropy_abnormal,18,0.808998167514801,0.80613774061203,0.8038966059684753,1,0.0015290043083950877
H,chewinggum,routing_l1,18,0.02798604592680931,0.027726566419005394,0.02752199023962021,1,0.00013918451440986246
H,chewinggum,gap_ss2d_l1,18,0.8955811262130737,0.8923530578613281,0.8898260593414307,1,0.0017235400155186653
H,chewinggum,gap_normal,54,0.6393242478370667,0.333333283662796,0.022693095728754997,2,0.2489520013332367
H,chewinggum,gap_abnormal,54,0.7061187624931335,0.3333333432674408,0.021886618807911873,2,0.2788553535938263
H,chewinggum,ss2d_normal,54,1.0,0.3333333432674408,4.928913205431468e-40,2,0.471404492855072
H,chewinggum,ss2d_abnormal,54,1.0,0.3333333432674408,1.1091277345130927e-41,2,0.471404492855072
H,chewinggum,final_normal,54,0.5753918290138245,0.333333283662796,0.12042378634214401,2,0.1841280311346054
H,chewinggum,final_abnormal,54,0.6355068683624268,0.3333333432674408,0.11969795823097229,2,0.21595972776412964
H,chewinggum,entropy_normal,18,0.945673406124115,0.9394068121910095,0.9349433183670044,2,0.0035663610324263573
H,chewinggum,entropy_abnormal,18,0.9026426076889038,0.8933542966842651,0.8866971731185913,2,0.005300188437104225
H,chewinggum,routing_l1,18,0.12023007124662399,0.11775463074445724,0.11425088346004486,2,0.0019844735506922007
H,chewinggum,gap_ss2d_l1,18,1.9546139240264893,1.9506844282150269,1.9449636936187744,2,0.0032031326554715633
H,chewinggum,gap_normal,54,0.5536282062530518,0.3333333432674408,0.05949206277728081,3,0.19802750647068024
H,chewinggum,gap_abnormal,54,0.5656236410140991,0.333333283662796,0.05319560691714287,3,0.20464983582496643
H,chewinggum,ss2d_normal,54,1.0,0.333333283662796,1.292007406890255e-26,3,0.46487778425216675
H,chewinggum,ss2d_abnormal,54,1.0,0.3333333432674408,3.237625218282238e-28,3,0.46597954630851746
H,chewinggum,final_normal,54,0.5981462001800537,0.3333333432674408,0.0535428561270237,3,0.20030905306339264
H,chewinggum,final_abnormal,54,0.6090027689933777,0.3333333730697632,0.04787604510784149,3,0.20677347481250763
H,chewinggum,entropy_normal,18,1.0181794166564941,0.8859038949012756,0.8314833641052246,3,0.06938334554433823
H,chewinggum,entropy_abnormal,18,1.0099458694458008,0.871452271938324,0.8145532608032227,3,0.07266762852668762
H,chewinggum,routing_l1,18,0.026533745229244232,0.021276751533150673,0.019849978387355804,3,0.001415115431882441
H,chewinggum,gap_ss2d_l1,18,1.8698469400405884,1.1013644933700562,0.5525897741317749,3,0.41443249583244324
A,chewinggum,gap_normal,54,0.5744483470916748,0.3333333432674408,0.043439075350761414,1,0.21864427626132965
A,chewinggum,gap_abnormal,54,0.5490749478340149,0.3333333432674408,0.037393659353256226,1,0.21574929356575012
A,chewinggum,ss2d_normal,54,1.0,0.3333333432674408,2.139644522248088e-29,1,0.471404492855072
A,chewinggum,ss2d_abnormal,54,1.0,0.3333333432674408,1.4172043892948657e-30,1,0.471404492855072
A,chewinggum,final_normal,54,0.5170034766197205,0.3333333730697632,0.13909517228603363,1,0.15363995730876923
A,chewinggum,final_abnormal,54,0.4941674470901489,0.3333333432674408,0.13365429639816284,1,0.14906208217144012
A,chewinggum,entropy_normal,18,0.9853940010070801,0.9837661385536194,0.9825292825698853,1,0.0008329969714395702
A,chewinggum,entropy_abnormal,18,0.9875658750534058,0.9861981868743896,0.9851626753807068,1,0.0006987949600443244
A,chewinggum,routing_l1,18,0.05655382573604584,0.05612987279891968,0.05557739734649658,1,0.00028364642639644444
A,chewinggum,gap_ss2d_l1,18,1.9131218194961548,1.9113099575042725,1.9089035987854004,1,0.001226827735081315
A,chewinggum,gap_normal,54,0.5535634160041809,0.3333333432674408,0.05942613258957863,2,0.20257966220378876
A,chewinggum,gap_abnormal,54,0.5485589504241943,0.3333333730697632,0.05977019667625427,2,0.20112468302249908
A,chewinggum,ss2d_normal,54,0.9999853372573853,0.3333333432674408,9.019444962051446e-31,2,0.47139403223991394
A,chewinggum,ss2d_abnormal,54,0.9999704360961914,0.3333333432674408,1.2776748085245773e-30,2,0.47138357162475586
A,chewinggum,final_normal,54,0.59820556640625,0.3333333432674408,0.053483519703149796,2,0.2200964093208313
A,chewinggum,final_abnormal,54,0.5937000513076782,0.33333322405815125,0.053793177008628845,2,0.2183440625667572
A,chewinggum,entropy_normal,18,0.8475267887115479,0.8383387327194214,0.8313401341438293,2,0.005447249859571457
A,chewinggum,entropy_abnormal,18,0.8502734899520874,0.8412135243415833,0.8343139886856079,2,0.00537079619243741
A,chewinggum,routing_l1,18,0.009010951966047287,0.008771776221692562,0.008466728031635284,2,0.00018215087766293436
A,chewinggum,gap_ss2d_l1,18,0.9109436273574829,0.9006621241569519,0.8928438425064087,2,0.006090376991778612
A,chewinggum,gap_normal,54,0.5773741006851196,0.3333333432674408,0.036472585052251816,3,0.21844373643398285
A,chewinggum,gap_abnormal,54,0.5661524534225464,0.3333333432674408,0.03286556899547577,3,0.21787212789058685
A,chewinggum,ss2d_normal,54,1.0,0.3333333432674408,1.8146487410952708e-34,3,0.471404492855072
A,chewinggum,ss2d_abnormal,54,1.0,0.3333333432674408,1.6914570192248727e-35,3,0.471404492855072
A,chewinggum,final_normal,54,0.5196366906166077,0.3333333432674408,0.1328253298997879,3,0.15304438769817352
A,chewinggum,final_abnormal,54,0.5095372200012207,0.33333340287208557,0.12957900762557983,3,0.15162622928619385
A,chewinggum,entropy_normal,18,1.0023397207260132,0.9836206436157227,0.9756109714508057,3,0.008787216618657112
A,chewinggum,entropy_abnormal,18,1.0012105703353882,0.9836013317108154,0.9761593341827393,3,0.008245901204645634
A,chewinggum,routing_l1,18,0.026691481471061707,0.02546261064708233,0.02264958620071411,3,0.0013304833555594087
A,chewinggum,gap_ss2d_l1,18,1.9270548820495605,1.9150316715240479,1.8851900100708008,3,0.013811502605676651
H,chewinggum,gap_normal,54,0.5549815893173218,0.3333333432674408,0.06300769746303558,1,0.20302332937717438
H,chewinggum,gap_abnormal,54,0.5665099024772644,0.3333333730697632,0.0477103590965271,1,0.21432828903198242
H,chewinggum,ss2d_normal,54,0.9999845027923584,0.3333333432674408,1.3376334576447664e-28,1,0.47139352560043335
H,chewinggum,ss2d_abnormal,54,0.9999872446060181,0.3333333432674408,2.0719739502805723e-32,1,0.47139549255371094
H,chewinggum,final_normal,54,0.5994818806648254,0.3333333432674408,0.056706927716732025,1,0.22100262343883514
H,chewinggum,final_abnormal,54,0.6098576188087463,0.333333283662796,0.04293932020664215,1,0.2309911698102951
H,chewinggum,entropy_normal,18,0.8434441089630127,0.8384808897972107,0.8365638256072998,1,0.0017214099643751979
H,chewinggum,entropy_abnormal,18,0.811043381690979,0.8059982657432556,0.8040515184402466,1,0.0017482589464634657
H,chewinggum,routing_l1,18,0.02816782146692276,0.027713486924767494,0.02753520756959915,1,0.00015843410801608115
H,chewinggum,gap_ss2d_l1,18,0.8978810906410217,0.8921947479248047,0.890005886554718,1,0.001970746787264943
H,chewinggum,gap_normal,54,0.6387235522270203,0.3333333730697632,0.022917095571756363,2,0.24868491291999817
H,chewinggum,gap_abnormal,54,0.7053545117378235,0.3333333432674408,0.02210892364382744,2,0.2784983515739441
H,chewinggum,ss2d_normal,54,1.0,0.3333333432674408,4.924471089299559e-40,2,0.471404492855072
H,chewinggum,ss2d_abnormal,54,1.0,0.3333333432674408,1.1080066957416329e-41,2,0.471404492855072
H,chewinggum,final_normal,54,0.5748511552810669,0.3333333432674408,0.12062539160251617,2,0.18387006223201752
H,chewinggum,final_abnormal,54,0.6348190307617188,0.333333283662796,0.11989803612232208,2,0.21561579406261444
H,chewinggum,entropy_normal,18,0.95292729139328,0.9398311972618103,0.935474157333374,2,0.004577189218252897
H,chewinggum,entropy_abnormal,18,0.9132055044174194,0.8939714431762695,0.8874955177307129,2,0.006761034019291401
H,chewinggum,routing_l1,18,0.11993569135665894,0.11751678586006165,0.11014430224895477,2,0.0025635012425482273
H,chewinggum,gap_ss2d_l1,18,1.9541658163070679,1.9502601623535156,1.937705397605896,2,0.004258051514625549
H,chewinggum,gap_normal,54,0.5547946095466614,0.333333283662796,0.05863296985626221,3,0.19474931061267853
H,chewinggum,gap_abnormal,54,0.5667935609817505,0.3333333432674408,0.05230574682354927,3,0.2013472467660904
H,chewinggum,ss2d_normal,54,1.0,0.3333333432674408,8.225372196997532e-30,3,0.4677245318889618
H,chewinggum,ss2d_abnormal,54,1.0,0.3333333432674408,1.4077475842622744e-31,3,0.46901559829711914
H,chewinggum,final_normal,54,0.5983327627182007,0.3333333432674408,0.05276967212557793,3,0.1978246420621872
H,chewinggum,final_abnormal,54,0.6095223426818848,0.3333333432674408,0.047075171023607254,3,0.20419761538505554
H,chewinggum,entropy_normal,18,1.030641794204712,0.8919607996940613,0.8299285173416138,3,0.06992382556200027
H,chewinggum,entropy_abnormal,18,1.0230029821395874,0.8779119849205017,0.8126707673072815,3,0.07334791868925095
H,chewinggum,routing_l1,18,0.02337263524532318,0.020710475742816925,0.019059643149375916,3,0.001093753264285624
H,chewinggum,gap_ss2d_l1,18,1.8560254573822021,1.1158523559570312,0.8335623741149902,3,0.38201311230659485
A,chewinggum,gap_normal,54,0.5741281509399414,0.3333333432674408,0.04364870488643646,1,0.21861426532268524
A,chewinggum,gap_abnormal,54,0.5488260388374329,0.3333333730697632,0.03758616000413895,1,0.21572472155094147
A,chewinggum,ss2d_normal,54,1.0,0.3333333432674408,2.135029813545404e-29,1,0.471404492855072
A,chewinggum,ss2d_abnormal,54,1.0,0.3333333432674408,1.4140292379939726e-30,1,0.471404492855072
A,chewinggum,final_normal,54,0.5167153477668762,0.33333325386047363,0.13928383588790894,1,0.1536116600036621
A,chewinggum,final_abnormal,54,0.4939434230327606,0.3333333432674408,0.13382753729820251,1,0.14903928339481354
A,chewinggum,entropy_normal,18,0.9866640567779541,0.9838088154792786,0.9828172922134399,1,0.000997097697108984
A,chewinggum,entropy_abnormal,18,0.9886384010314941,0.9862341284751892,0.9854034185409546,1,0.0008377621998079121
A,chewinggum,routing_l1,18,0.05645638704299927,0.05611442029476166,0.05514882504940033,1,0.00033873270149342716
A,chewinggum,gap_ss2d_l1,18,1.9127025604248047,1.911245346069336,1.906996726989746,1,0.0014752164715901017
A,chewinggum,gap_normal,54,0.5532878637313843,0.3333333432674408,0.05964001640677452,2,0.2023729681968689
A,chewinggum,gap_abnormal,54,0.5482931137084961,0.3333333432674408,0.059984464198350906,2,0.2009209394454956
A,chewinggum,ss2d_normal,54,0.9999853372573853,0.3333333432674408,9.019032128435437e-31,2,0.47139403223991394
A,chewinggum,ss2d_abnormal,54,0.9999704360961914,0.3333333432674408,1.2776260019991311e-30,2,0.47138357162475586
A,chewinggum,final_normal,54,0.5979576110839844,0.333333283662796,0.05367601290345192,2,0.21990174055099487
A,chewinggum,final_abnormal,54,0.5934607982635498,0.333333283662796,0.053986016660928726,2,0.2181524932384491
A,chewinggum,entropy_normal,18,0.8598798513412476,0.8388636112213135,0.8318344354629517,2,0.007358970586210489
A,chewinggum,entropy_abnormal,18,0.8624590635299683,0.8417320847511292,0.8348008990287781,2,0.007257332094013691
A,chewinggum,routing_l1,18,0.008993566036224365,0.008754024282097816,0.008062869310379028,2,0.00024449717602692544
A,chewinggum,gap_ss2d_l1,18,0.9248721599578857,0.9012573957443237,0.8933948278427124,2,0.00824907049536705
A,chewinggum,gap_normal,54,0.5770365595817566,0.3333333730697632,0.03667981177568436,3,0.2160177081823349
A,chewinggum,gap_abnormal,54,0.5658509731292725,0.3333333432674408,0.033064913004636765,3,0.21564024686813354
A,chewinggum,ss2d_normal,54,1.0,0.3333333432674408,1.8144270731664194e-34,3,0.471404492855072
A,chewinggum,ss2d_abnormal,54,1.0,0.3333333432674408,1.6912117897515383e-35,3,0.471404492855072
A,chewinggum,final_normal,54,0.5193328857421875,0.333333283662796,0.1330118328332901,3,0.15078073740005493
A,chewinggum,final_abnormal,54,0.5092658400535583,0.3333333730697632,0.12975841760635376,3,0.14955493807792664
A,chewinggum,entropy_normal,18,1.0026785135269165,0.9870584011077881,0.97591233253479,3,0.011052564717829227
A,chewinggum,entropy_abnormal,18,1.00153386592865,0.986821711063385,0.9764364361763,3,0.010395383462309837
A,chewinggum,routing_l1,18,0.026640847325325012,0.02496626228094101,0.022602885961532593,3,0.0016710486961528659
A,chewinggum,gap_ss2d_l1,18,1.9266403913497925,1.9094982147216797,1.8845906257629395,3,0.01754201203584671
H,chewinggum,gap_normal,54,0.5549445748329163,0.3333333432674408,0.0630393847823143,1,0.20311185717582703
H,chewinggum,gap_abnormal,54,0.566466212272644,0.333333283662796,0.04773800075054169,1,0.2144099473953247
H,chewinggum,ss2d_normal,54,0.9999845027923584,0.3333333432674408,1.3369090672444338e-28,1,0.47139352560043335
H,chewinggum,ss2d_abnormal,54,0.9999872446060181,0.3333333432674408,2.0707098530430567e-32,1,0.47139549255371094
H,chewinggum,final_normal,54,0.599448561668396,0.333333283662796,0.05673544481396675,1,0.22108596563339233
H,chewinggum,final_abnormal,54,0.6098182797431946,0.3333333432674408,0.04296419769525528,1,0.2310689389705658
H,chewinggum,entropy_normal,18,0.8430362343788147,0.8382556438446045,0.8366337418556213,1,0.0017737022135406733
H,chewinggum,entropy_abnormal,18,0.8106269836425781,0.8057690262794495,0.8041256666183472,1,0.0018007741309702396
H,chewinggum,routing_l1,18,0.02813146635890007,0.027693049982190132,0.02754245325922966,1,0.00016339057765435427
H,chewinggum,gap_ss2d_l1,18,0.897413432598114,0.8919373750686646,0.8900798559188843,1,0.0020310324616730213
H,chewinggum,gap_normal,54,0.6388654708862305,0.3333333432674408,0.02286391705274582,2,0.24940454959869385
H,chewinggum,gap_abnormal,54,0.7055354714393616,0.3333333432674408,0.02205626107752323,2,0.2794770896434784
H,chewinggum,ss2d_normal,54,1.0,0.3333333432674408,4.9257602838867375e-40,2,0.471404492855072
H,chewinggum,ss2d_abnormal,54,1.0,0.3333333432674408,1.1082869554344978e-41,2,0.471404492855072
H,chewinggum,final_normal,54,0.5749788880348206,0.333333283662796,0.12057752907276154,2,0.18457497656345367
H,chewinggum,final_abnormal,54,0.6349819302558899,0.333333283662796,0.11985063552856445,2,0.2165686935186386
H,chewinggum,entropy_normal,18,0.9506015777587891,0.9386923909187317,0.935348629951477,2,0.0043663945980370045
H,chewinggum,entropy_abnormal,18,0.9098405838012695,0.892279863357544,0.8873065710067749,2,0.006463239435106516
H,chewinggum,routing_l1,18,0.12000605463981628,0.11814633011817932,0.11145678162574768,2,0.0024420693516731262
H,chewinggum,gap_ss2d_l1,18,1.9542722702026367,1.9512810707092285,1.9400962591171265,2,0.0040156240575015545
H,chewinggum,gap_normal,54,0.5538134574890137,0.3333333432674408,0.05931486189365387,3,0.1938258856534958
H,chewinggum,gap_abnormal,54,0.5658425092697144,0.333333283662796,0.05309315770864487,3,0.20038464665412903
H,chewinggum,ss2d_normal,54,1.0,0.3333333432674408,1.0351066215600796e-29,3,0.4671105146408081
H,chewinggum,ss2d_abnormal,54,1.0,0.3333333432674408,1.8033823073253107e-31,3,0.46810394525527954
H,chewinggum,final_normal,54,0.5983574390411377,0.333333283662796,0.053383372724056244,3,0.2005552500486374
H,chewinggum,final_abnormal,54,0.6092231869697571,0.333333283662796,0.04778384044766426,3,0.20696836709976196
H,chewinggum,entropy_normal,18,1.028998613357544,0.8859155178070068,0.8310701847076416,3,0.06284251064062119
H,chewinggum,entropy_abnormal,18,1.0212488174438477,0.8715447783470154,0.8142450451850891,3,0.06581266969442368
H,chewinggum,routing_l1,18,0.026021916419267654,0.020795635879039764,0.01918788254261017,3,0.0015101308235898614
H,chewinggum,gap_ss2d_l1,18,1.8738594055175781,1.0640790462493896,0.6799792647361755,3,0.35487762093544006
A,chewinggum,gap_normal,54,0.5741133093833923,0.3333333432674408,0.04365791007876396,1,0.21875499188899994
A,chewinggum,gap_abnormal,54,0.548815906047821,0.33333325386047363,0.03759465366601944,1,0.21583935618400574
A,chewinggum,ss2d_normal,54,1.0,0.3333333432674408,2.1331899485954066e-29,1,0.471404492855072
A,chewinggum,ss2d_abnormal,54,1.0,0.3333333432674408,1.412767509377574e-30,1,0.471404492855072
A,chewinggum,final_normal,54,0.5167019367218018,0.333333283662796,0.13929212093353271,1,0.15374498069286346
A,chewinggum,final_abnormal,54,0.49393430352211,0.333333283662796,0.13383519649505615,1,0.14914625883102417
A,chewinggum,entropy_normal,18,0.9859871864318848,0.9836083650588989,0.982830286026001,1,0.0008758847252465785
A,chewinggum,entropy_abnormal,18,0.9880654811859131,0.9860661029815674,0.9854138493537903,1,0.0007355284760706127
A,chewinggum,routing_l1,18,0.056449174880981445,0.05618393421173096,0.055373698472976685,1,0.00029820401687175035
A,chewinggum,gap_ss2d_l1,18,1.9126840829849243,1.911541223526001,1.9080162048339844,1,0.0012941433815285563
A,chewinggum,gap_normal,54,0.5530756711959839,0.3333333432674408,0.059804290533065796,2,0.20284362137317657
A,chewinggum,gap_abnormal,54,0.5480896234512329,0.3333333432674408,0.06014956906437874,2,0.20138365030288696
A,chewinggum,ss2d_normal,54,0.9999853372573853,0.3333333432674408,9.019513610921534e-31,2,0.47139406204223633
A,chewinggum,ss2d_abnormal,54,0.9999704360961914,0.3333333432674408,1.2777040548240257e-30,2,0.47138357162475586
A,chewinggum,final_normal,54,0.597766637802124,0.3333333730697632,0.05382385849952698,2,0.2203451693058014
A,chewinggum,final_abnormal,54,0.5932776927947998,0.3333333730697632,0.054134611040353775,2,0.2185879796743393
A,chewinggum,entropy_normal,18,0.856877863407135,0.8376500606536865,0.8322139978408813,2,0.007005263119935989
A,chewinggum,entropy_abnormal,18,0.859490692615509,0.8405343890190125,0.8351747989654541,2,0.00690690241754055
A,chewinggum,routing_l1,18,0.008977923542261124,0.008793718181550503,0.00815671682357788,2,0.00023330934345722198
A,chewinggum,gap_ss2d_l1,18,0.9214736223220825,0.8998993635177612,0.893819272518158,2,0.007847889326512814
A,chewinggum,gap_normal,54,0.5770255327224731,0.3333333730697632,0.036673784255981445,3,0.21477805078029633
A,chewinggum,gap_abnormal,54,0.5658236742019653,0.3333333730697632,0.03310117870569229,3,0.2144802212715149
A,chewinggum,ss2d_normal,54,1.0,0.3333333432674408,1.8144825188472248e-34,3,0.471404492855072
A,chewinggum,ss2d_abnormal,54,1.0,0.3333333432674408,1.691353704291695e-35,3,0.471404492855072
A,chewinggum,final_normal,54,0.5193229913711548,0.3333333730697632,0.13300640881061554,3,0.14962175488471985
A,chewinggum,final_abnormal,54,0.5092412829399109,0.3333333432674408,0.12979106605052948,3,0.14847740530967712
A,chewinggum,entropy_normal,18,1.0024049282073975,0.9888001680374146,0.9759110808372498,3,0.011770663782954216
A,chewinggum,entropy_abnormal,18,1.0012743473052979,0.9884845018386841,0.9764783382415771,3,0.011048697866499424
A,chewinggum,routing_l1,18,0.02659401297569275,0.0246865414083004,0.022638648748397827,3,0.0017739888280630112
A,chewinggum,gap_ss2d_l1,18,1.926652431488037,1.906684398651123,1.885075330734253,3,0.018567586317658424
H,chewinggum,gap_normal,54,0.5550824999809265,0.333333283662796,0.06293215602636337,1,0.203241229057312
H,chewinggum,gap_abnormal,54,0.5666036009788513,0.333333283662796,0.04764309152960777,1,0.2145288735628128
H,chewinggum,ss2d_normal,54,0.9999845027923584,0.3333333432674408,1.3370621786750125e-28,1,0.47139352560043335
H,chewinggum,ss2d_abnormal,54,0.9999872446060181,0.3333333432674408,2.0709625843284835e-32,1,0.47139549255371094
H,chewinggum,final_normal,54,0.5995727181434631,0.3333333432674408,0.0566389374434948,1,0.22120778262615204
H,chewinggum,final_abnormal,54,0.6099419593811035,0.3333333432674408,0.042878780514001846,1,0.23118208348751068
H,chewinggum,entropy_normal,18,0.8406442403793335,0.8379269242286682,0.8363907933235168,1,0.001240688026882708
H,chewinggum,entropy_abnormal,18,0.8081951141357422,0.8054354190826416,0.8038774132728577,1,0.0012593126157298684
H,chewinggum,routing_l1,18,0.02791384980082512,0.027662936598062515,0.02752036601305008,1,0.00011495682701934129
H,chewinggum,gap_ss2d_l1,18,0.8946677446365356,0.8915601372718811,0.8898038864135742,1,0.001418435014784336
H,chewinggum,gap_normal,54,0.6392249464988708,0.3333333432674408,0.0227303896099329,2,0.24961227178573608
H,chewinggum,gap_abnormal,54,0.705990731716156,0.3333333432674408,0.021923435851931572,2,0.279757559299469
H,chewinggum,ss2d_normal,54,1.0,0.3333333432674408,4.922186972802709e-40,2,0.471404492855072
H,chewinggum,ss2d_abnormal,54,1.0,0.3333333432674408,1.1075863062023354e-41,2,0.471404492855072
H,chewinggum,final_normal,54,0.5753024220466614,0.3333333432674408,0.12045735120773315,2,0.18477675318717957
H,chewinggum,final_abnormal,54,0.6353916525840759,0.3333333730697632,0.11973109096288681,2,0.21684011816978455
H,chewinggum,entropy_normal,18,0.9472726583480835,0.9383621215820312,0.9350313544273376,2,0.0038584237918257713
H,chewinggum,entropy_abnormal,18,0.9049882888793945,0.8917939066886902,0.886830747127533,2,0.0057342140935361385
H,chewinggum,routing_l1,18,0.12017842382192612,0.11833290010690689,0.11334377527236938,2,0.002148609608411789
H,chewinggum,gap_ss2d_l1,18,1.954539179801941,1.9515953063964844,1.9434139728546143,2,0.003468000330030918
H,chewinggum,gap_normal,54,0.5554757118225098,0.3333333432674408,0.05810769274830818,3,0.1930784285068512
H,chewinggum,gap_abnormal,54,0.5675053596496582,0.33333340287208557,0.051808666437864304,3,0.19961529970169067
H,chewinggum,ss2d_normal,54,1.0,0.3333333432674408,3.1269310929102565e-20,3,0.4596636891365051
H,chewinggum,ss2d_abnormal,54,1.0,0.3333333730697632,2.32163445626905e-21,3,0.46138614416122437
H,chewinggum,final_normal,54,0.5995566844940186,0.333333283662796,0.052296921610832214,3,0.19872567057609558
H,chewinggum,final_abnormal,54,0.6105517148971558,0.3333333432674408,0.046627797186374664,3,0.20517916977405548
H,chewinggum,entropy_normal,18,1.0121135711669922,0.8902727961540222,0.8283712267875671,3,0.055425480008125305
H,chewinggum,entropy_abnormal,18,1.003657579421997,0.8760149478912354,0.8111876249313354,3,0.058136992156505585
H,chewinggum,routing_l1,18,0.027133822441101074,0.021067790687084198,0.019842013716697693,3,0.0020275204442441463
H,chewinggum,gap_ss2d_l1,18,1.8728982210159302,1.0471913814544678,0.43932196497917175,3,0.3878367841243744
A,chewinggum,gap_normal,54,0.5742174983024597,0.3333333432674408,0.04358993470668793,1,0.21877430379390717
A,chewinggum,gap_abnormal,54,0.5488956570625305,0.3333333432674408,0.037532366812229156,1,0.21585522592067719
A,chewinggum,ss2d_normal,54,1.0,0.3333333432674408,2.1375235918968317e-29,1,0.471404492855072
A,chewinggum,ss2d_abnormal,54,1.0,0.3333333432674408,1.4157346451981456e-30,1,0.471404492855072
A,chewinggum,final_normal,54,0.5167957544326782,0.3333333432674408,0.13923093676567078,1,0.15376321971416473
A,chewinggum,final_abnormal,54,0.49400606751441956,0.3333333432674408,0.1337791383266449,1,0.14916104078292847
A,chewinggum,entropy_normal,18,0.9854574799537659,0.9835808277130127,0.9827368259429932,1,0.0007950663566589355
A,chewinggum,entropy_abnormal,18,0.9876187443733215,0.9860427379608154,0.985336184501648,1,0.0006671432056464255
A,chewinggum,routing_l1,18,0.056482940912246704,0.05619300156831741,0.0555548369884491,1,0.0002706070663407445
A,chewinggum,gap_ss2d_l1,18,1.9128201007843018,1.911582350730896,1.9088088274002075,1,0.0011721319751814008
A,chewinggum,gap_normal,54,0.5534799098968506,0.3333333432674408,0.05949074774980545,2,0.20317694544792175
A,chewinggum,gap_abnormal,54,0.5484781265258789,0.3333333432674408,0.059835389256477356,2,0.20171098411083221
A,chewinggum,ss2d_normal,54,0.9999853372573853,0.3333333432674408,9.019032128435437e-31,2,0.47139406204223633
A,chewinggum,ss2d_abnormal,54,0.9999704360961914,0.3333333432674408,1.2776260019991311e-30,2,0.47138357162475586
A,chewinggum,final_normal,54,0.598130464553833,0.33333325386047363,0.053541671484708786,2,0.22065933048725128
A,chewinggum,final_abnormal,54,0.5936273336410522,0.3333333432674408,0.05385185033082962,2,0.2188960611820221
A,chewinggum,entropy_normal,18,0.8512963652610779,0.8367912173271179,0.8314896821975708,2,0.0061069331131875515
A,chewinggum,entropy_abnormal,18,0.8539881110191345,0.8396878838539124,0.8344622254371643,2,0.006021327804774046
A,chewinggum,routing_l1,18,0.009006258100271225,0.008824316784739494,0.008339207619428635,2,0.0002045847213594243
A,chewinggum,gap_ss2d_l1,18,0.9151809811592102,0.8989353179931641,0.8930107355117798,2,0.0068305544555187225
A,chewinggum,gap_normal,54,0.5775137543678284,0.3333333432674408,0.0363934226334095,3,0.2127256840467453
A,chewinggum,gap_abnormal,54,0.566286027431488,0.333333283662796,0.032768480479717255,3,0.21259339153766632
A,chewinggum,ss2d_normal,54,1.0,0.3333333432674408,1.8144132978419957e-34,3,0.471404492855072
A,chewinggum,ss2d_abnormal,54,1.0,0.3333333432674408,1.6911601322849495e-35,3,0.471404492855072
A,chewinggum,final_normal,54,0.5197623372077942,0.333333283662796,0.13275408744812012,3,0.14769379794597626
A,chewinggum,final_abnormal,54,0.5096573829650879,0.3333333730697632,0.1294916272163391,3,0.14671547710895538
A,chewinggum,entropy_normal,18,1.0027893781661987,0.99166339635849,0.9754917621612549,3,0.012018011882901192
A,chewinggum,entropy_abnormal,18,1.001639723777771,0.9911680221557617,0.9760282635688782,3,0.011300688609480858
A,chewinggum,routing_l1,18,0.02673482894897461,0.024269364774227142,0.022586464881896973,3,0.0018223889637738466
A,chewinggum,gap_ss2d_l1,18,1.927213191986084,1.9021021127700806,1.8843944072723389,3,0.019020192325115204
H,chewinggum,gap_normal,54,0.5550888776779175,0.3333333432674408,0.06292716413736343,1,0.20299024879932404
H,chewinggum,gap_abnormal,54,0.5666101574897766,0.3333333730697632,0.047638677060604095,1,0.214297816157341
H,chewinggum,ss2d_normal,54,0.9999845027923584,0.3333333432674408,1.3376334576447664e-28,1,0.47139352560043335
H,chewinggum,ss2d_abnormal,54,0.9999872446060181,0.3333333432674408,2.07195822804363e-32,1,0.47139549255371094
H,chewinggum,final_normal,54,0.5995784401893616,0.333333283662796,0.05663444474339485,1,0.22097148001194
H,chewinggum,final_abnormal,54,0.6099478602409363,0.3333333432674408,0.042874809354543686,1,0.23096215724945068
H,chewinggum,entropy_normal,18,0.8411808013916016,0.8385653495788574,0.8363795280456543,1,0.0014997321413829923
H,chewinggum,entropy_abnormal,18,0.808738648891449,0.8060838580131531,0.8038657903671265,1,0.0015221501234918833
H,chewinggum,routing_l1,18,0.02796238288283348,0.027721595019102097,0.02751927822828293,1,0.00013882247731089592
H,chewinggum,gap_ss2d_l1,18,0.8952862024307251,0.8922905325889587,0.8897912502288818,1,0.0017156436806544662
H,chewinggum,gap_normal,54,0.6388451457023621,0.3333333432674408,0.02287103235721588,2,0.24846141040325165
H,chewinggum,gap_abnormal,54,0.7055116891860962,0.3333333432674408,0.022063545882701874,2,0.2781934142112732
H,chewinggum,ss2d_normal,54,1.0,0.3333333432674408,4.924961543762072e-40,2,0.471404492855072
H,chewinggum,ss2d_abnormal,54,1.0,0.3333333432674408,1.1081468255880653e-41,2,0.471404492855072
H,chewinggum,final_normal,54,0.5749605894088745,0.3333333432674408,0.1205839291214943,2,0.18365128338336945
H,chewinggum,final_abnormal,54,0.6349605321884155,0.333333283662796,0.11985719203948975,2,0.21531885862350464
H,chewinggum,entropy_normal,18,0.949561357498169,0.9401848316192627,0.935366153717041,2,0.0046368734911084175
H,chewinggum,entropy_abnormal,18,0.9083192944526672,0.8944972157478333,0.8873316645622253,2,0.006872567348182201
H,chewinggum,routing_l1,18,0.11999983340501785,0.11731646955013275,0.11207373440265656,2,0.002590873511508107
H,chewinggum,gap_ss2d_l1,18,1.9542579650878906,1.9499403238296509,1.9411513805389404,2,0.004233696963638067
H,chewinggum,gap_normal,54,0.5538515448570251,0.3333333432674408,0.059319231659173965,3,0.19434460997581482
H,chewinggum,gap_abnormal,54,0.5658534169197083,0.3333333432674408,0.05303237959742546,3,0.20093025267124176
H,chewinggum,ss2d_normal,54,1.0,0.3333333432674408,6.312944977543051e-29,3,0.46733686327934265
H,chewinggum,ss2d_abnormal,54,1.0,0.3333333432674408,1.1864335952905878e-30,3,0.4686952829360962
H,chewinggum,final_normal,54,0.5983482003211975,0.3333333432674408,0.05338730663061142,3,0.19328409433364868
H,chewinggum,final_abnormal,54,0.6092100739479065,0.3333333432674408,0.047729142010211945,3,0.1996016651391983
H,chewinggum,entropy_normal,18,1.0290292501449585,0.9022843241691589,0.8310825824737549,3,0.07178833335638046
H,chewinggum,entropy_abnormal,18,1.0213350057601929,0.888796329498291,0.8141447305679321,3,0.0753403827548027
H,chewinggum,routing_l1,18,0.022847145795822144,0.020591551437973976,0.019220218062400818,3,0.0009774554055184126
H,chewinggum,gap_ss2d_l1,18,1.8671133518218994,1.170857310295105,0.8537775278091431,3,0.40935689210891724
A,chewinggum,gap_normal,54,0.5741935968399048,0.333333283662796,0.04360561817884445,1,0.21849696338176727
A,chewinggum,gap_abnormal,54,0.5488770604133606,0.33333325386047363,0.037546705454587936,1,0.21562960743904114
A,chewinggum,ss2d_normal,54,1.0,0.3333333432674408,2.1346878105169984e-29,1,0.471404492855072
A,chewinggum,ss2d_abnormal,54,1.0,0.3333333432674408,1.413781067626627e-30,1,0.471404492855072
A,chewinggum,final_normal,54,0.5167742371559143,0.333333283662796,0.13924506306648254,1,0.15350022912025452
A,chewinggum,final_abnormal,54,0.49398934841156006,0.3333333432674408,0.13379204273223877,1,0.1489502638578415
A,chewinggum,entropy_normal,18,0.985382080078125,0.9839758276939392,0.9827582836151123,1,0.0008004131959751248
A,chewinggum,entropy_abnormal,18,0.9875548481941223,0.986373782157898,0.9853541851043701,1,0.0006715698400512338
A,chewinggum,routing_l1,18,0.056475818157196045,0.05605736002326012,0.05557696521282196,1,0.0002721934870351106
A,chewinggum,gap_ss2d_l1,18,1.9127886295318604,1.9110018014907837,1.908921718597412,1,0.0011795747559517622
A,chewinggum,gap_normal,54,0.5530493855476379,0.3333333432674408,0.059824150055646896,2,0.20192281901836395
A,chewinggum,gap_abnormal,54,0.5480650663375854,0.3333333730697632,0.060169924050569534,2,0.2004789412021637
A,chewinggum,ss2d_normal,54,0.9999853372573853,0.3333333432674408,9.02192290414298e-31,2,0.47139406204223633
A,chewinggum,ss2d_abnormal,54,0.9999704360961914,0.3333333432674408,1.2780354501914096e-30,2,0.47138357162475586
A,chewinggum,final_normal,54,0.5977429747581482,0.3333333432674408,0.053841732442379,2,0.2194778174161911
A,chewinggum,final_abnormal,54,0.5932555794715881,0.3333333432674408,0.05415293201804161,2,0.21773669123649597
A,chewinggum,entropy_normal,18,0.855768084526062,0.840021550655365,0.8322601318359375,2,0.007596553768962622
A,chewinggum,entropy_abnormal,18,0.8584041595458984,0.8428731560707092,0.8352206945419312,2,0.007490132004022598
A,chewinggum,routing_l1,18,0.00897473469376564,0.008714781142771244,0.008193396031856537,2,0.0002536271058488637
A,chewinggum,gap_ss2d_l1,18,0.9202245473861694,0.9025523662567139,0.8938719034194946,2,0.008506272919476032
A,chewinggum,gap_normal,54,0.5769348740577698,0.333333283662796,0.03672883287072182,3,0.21519821882247925
A,chewinggum,gap_abnormal,54,0.5657410621643066,0.3333333432674408,0.03315664455294609,3,0.21488529443740845
A,chewinggum,ss2d_normal,54,1.0,0.3333333432674408,1.8144548534040072e-34,3,0.471404492855072
A,chewinggum,ss2d_abnormal,54,1.0,0.3333333432674408,1.691185961018244e-35,3,0.471404492855072
A,chewinggum,final_normal,54,0.5192413926124573,0.3333333730697632,0.13305595517158508,3,0.15001362562179565
A,chewinggum,final_abnormal,54,0.509166955947876,0.3333333432674408,0.12984098494052887,3,0.14885221421718597
A,chewinggum,entropy_normal,18,1.0027369260787964,0.9882120490074158,0.9759913682937622,3,0.011453693732619286
A,chewinggum,entropy_abnormal,18,1.0015898942947388,0.9879048466682434,0.9765548706054688,3,0.010770483873784542
A,chewinggum,routing_l1,18,0.02657891809940338,0.024797864258289337,0.022593751549720764,3,0.001734880032017827
A,chewinggum,gap_ss2d_l1,18,1.9265421628952026,1.9076483249664307,1.8844870328903198,3,0.018146753311157227
H,chewinggum,gap_normal,54,0.554794430732727,0.333333283662796,0.0631512776017189,1,0.2029186636209488
H,chewinggum,gap_abnormal,54,0.5663297176361084,0.3333333432674408,0.04783670976758003,1,0.2142316848039627
H,chewinggum,ss2d_normal,54,0.9999845027923584,0.3333333432674408,1.3366846964059126e-28,1,0.47139352560043335
H,chewinggum,ss2d_abnormal,54,0.9999872446060181,0.3333333432674408,2.0702991647042382e-32,1,0.47139549255371094
H,chewinggum,final_normal,54,0.5993134379386902,0.3333333730697632,0.056836146861314774,1,0.22090409696102142
H,chewinggum,final_abnormal,54,0.6096954345703125,0.333333283662796,0.043053038418293,1,0.23089918494224548
H,chewinggum,entropy_normal,18,0.843632698059082,0.8387471437454224,0.8368902206420898,1,0.0016816863790154457
H,chewinggum,entropy_abnormal,18,0.8112326860427856,0.8062690496444702,0.8043804168701172,1,0.0017079934477806091
H,chewinggum,routing_l1,18,0.028185579925775528,0.02773810178041458,0.02756623551249504,1,0.0001546041021356359
H,chewinggum,gap_ss2d_l1,18,0.8981001377105713,0.8924984335899353,0.8903801441192627,1,0.0019258919637650251
H,chewinggum,gap_normal,54,0.6389392614364624,0.3333333432674408,0.022836385294795036,2,0.24845531582832336
H,chewinggum,gap_abnormal,54,0.7056291699409485,0.3333333432674408,0.022028926759958267,2,0.2781861424446106
H,chewinggum,ss2d_normal,54,1.0,0.3333333432674408,4.926657114903905e-40,2,0.471404492855072
H,chewinggum,ss2d_abnormal,54,1.0,0.3333333432674408,1.1085672151273628e-41,2,0.471404492855072
H,chewinggum,final_normal,54,0.5750453472137451,0.3333333432674408,0.12055274844169617,2,0.18364615738391876
H,chewinggum,final_abnormal,54,0.6350662112236023,0.3333333730697632,0.11982603371143341,2,0.21531252562999725
H,chewinggum,entropy_normal,18,0.9515777826309204,0.9401945471763611,0.935283362865448,2,0.004811107646673918
H,chewinggum,entropy_abnormal,18,0.9112516641616821,0.8945098519325256,0.8872087597846985,2,0.007101438473910093
H,chewinggum,routing_l1,18,0.12004180252552032,0.11730824410915375,0.11091674864292145,2,0.002698735799640417
H,chewinggum,gap_ss2d_l1,18,1.9543272256851196,1.9499212503433228,1.9391021728515625,2,0.004494316875934601
H,chewinggum,gap_normal,54,0.555446207523346,0.3333333432674408,0.058093439787626266,3,0.19681496918201447
H,chewinggum,gap_abnormal,54,0.5675033926963806,0.3333333432674408,0.05186883360147476,3,0.20342084765434265
H,chewinggum,ss2d_normal,54,1.0,0.3333333432674408,1.983549434980927e-28,3,0.4698965549468994
H,chewinggum,ss2d_abnormal,54,1.0,0.3333333432674408,3.963655984306036e-30,3,0.4705267548561096
H,chewinggum,final_normal,54,0.5998083353042603,0.33333340287208557,0.05228409543633461,3,0.20371007919311523
H,chewinggum,final_abnormal,54,0.6107082962989807,0.3333333432674408,0.04668194800615311,3,0.21014568209648132
H,chewinggum,entropy_normal,18,1.0215821266174316,0.8782863616943359,0.8282099962234497,3,0.06576903909444809
H,chewinggum,entropy_abnormal,18,1.0134902000427246,0.8635455965995789,0.8112052083015442,3,0.0688546895980835
H,chewinggum,routing_l1,18,0.022640123963356018,0.020933333784341812,0.019825920462608337,3,0.0008864544215612113
H,chewinggum,gap_ss2d_l1,18,1.8487050533294678,1.0645557641983032,0.8613162636756897,3,0.3501615822315216
A,chewinggum,gap_normal,54,0.5741603374481201,0.33333325386047363,0.04362659901380539,1,0.21851593255996704
A,chewinggum,gap_abnormal,54,0.5488532185554504,0.333333283662796,0.037566184997558594,1,0.21564486622810364
A,chewinggum,ss2d_normal,54,1.0,0.3333333432674408,2.132294993024374e-29,1,0.471404492855072
A,chewinggum,ss2d_abnormal,54,1.0,0.3333333432674408,1.4121425225411288e-30,1,0.471404492855072
A,chewinggum,final_normal,54,0.5167443156242371,0.333333283662796,0.13926394283771515,1,0.15351837873458862
A,chewinggum,final_abnormal,54,0.4939678907394409,0.3333333730697632,0.13380956649780273,1,0.14896464347839355
A,chewinggum,entropy_normal,18,0.9864629507064819,0.983948826789856,0.9827876091003418,1,0.0009337664232589304
A,chewinggum,entropy_abnormal,18,0.9884681701660156,0.9863514304161072,0.9853781461715698,1,0.0007845485233701766
A,chewinggum,routing_l1,18,0.05646158754825592,0.056066446006298065,0.055217206478118896,1,0.00031722846324555576
A,chewinggum,gap_ss2d_l1,18,1.912746787071228,1.911040186882019,1.9073002338409424,1,0.0013816204154863954
A,chewinggum,gap_normal,54,0.5531548261642456,0.3333333432674408,0.05974302440881729,2,0.20194193720817566
A,chewinggum,gap_abnormal,54,0.5481652617454529,0.333333283662796,0.06008809432387352,2,0.20049789547920227
A,chewinggum,ss2d_normal,54,0.9999853372573853,0.3333333432674408,9.020270629283463e-31,2,0.47139403223991394
A,chewinggum,ss2d_abnormal,54,0.9999704360961914,0.3333333432674408,1.2778014797958219e-30,2,0.47138357162475586
A,chewinggum,final_normal,54,0.5978378653526306,0.333333283662796,0.05376872047781944,2,0.21949580311775208
A,chewinggum,final_abnormal,54,0.5933457612991333,0.333333283662796,0.05407928302884102,2,0.2177545130252838
A,chewinggum,entropy_normal,18,0.8590452671051025,0.8399697542190552,0.8320724964141846,2,0.008022375404834747
A,chewinggum,entropy_abnormal,18,0.8616307973861694,0.8428213596343994,0.8350357413291931,2,0.007910898886620998
A,chewinggum,routing_l1,18,0.008984141051769257,0.008715527132153511,0.008079186081886292,2,0.0002683233469724655
A,chewinggum,gap_ss2d_l1,18,0.9239301085472107,0.9024980068206787,0.8936610221862793,2,0.009001796133816242
A,chewinggum,gap_normal,54,0.5770376920700073,0.3333333730697632,0.03667471557855606,3,0.21756570041179657
A,chewinggum,gap_abnormal,54,0.5658456087112427,0.3333333432674408,0.033075325191020966,3,0.2170722484588623
A,chewinggum,ss2d_normal,54,1.0,0.3333333432674408,1.814468628728431e-34,3,0.471404492855072
A,chewinggum,ss2d_abnormal,54,1.0,0.3333333432674408,1.6911601322849495e-35,3,0.471404492855072
A,chewinggum,final_normal,54,0.5193338990211487,0.333333283662796,0.1330072432756424,3,0.15222574770450592
A,chewinggum,final_abnormal,54,0.5092610120773315,0.3333333432674408,0.1297677904367447,3,0.15088386833667755
A,chewinggum,entropy_normal,18,1.002766728401184,0.9848703742027283,0.9759074449539185,3,0.009766804054379463
A,chewinggum,entropy_abnormal,18,1.0016194581985474,0.984760046005249,0.9764477014541626,3,0.009152164682745934
A,chewinggum,routing_l1,18,0.0266246497631073,0.02529393509030342,0.022588282823562622,3,0.0014596377732232213
A,chewinggum,gap_ss2d_l1,18,1.9266505241394043,1.913025140762329,1.884434700012207,3,0.015391257591545582
H,chewinggum,gap_normal,18,0.5547638535499573,0.3333333432674408,0.06317725777626038,1,0.2024514377117157
H,chewinggum,gap_abnormal,18,0.5662948489189148,0.3333333432674408,0.04785904288291931,1,0.21380284428596497
H,chewinggum,ss2d_normal,18,0.9999845027923584,0.3333333432674408,1.3381030234393323e-28,1,0.47139352560043335
H,chewinggum,ss2d_abnormal,18,0.9999872446060181,0.3333333432674408,2.072764617168294e-32,1,0.47139546275138855
H,chewinggum,final_normal,18,0.599285900592804,0.3333333432674408,0.05685953050851822,1,0.22046419978141785
H,chewinggum,final_abnormal,18,0.6096640825271606,0.3333333432674408,0.0430731363594532,1,0.23049120604991913
H,chewinggum,entropy_normal,6,0.8410440683364868,0.8399325013160706,0.8369476795196533,1,0.0014413072494789958
H,chewinggum,entropy_abnormal,6,0.8086000084877014,0.8074705004692078,0.8044400215148926,1,0.0014639338478446007
H,chewinggum,routing_l1,6,0.02794976532459259,0.027847973629832268,0.027572859078645706,1,0.0001328963553532958
H,chewinggum,gap_ss2d_l1,6,0.8951297998428345,0.8938568234443665,0.8904412984848022,1,0.001648721401579678
H,chewinggum,gap_normal,18,0.6364814043045044,0.3333333432674408,0.02376428060233593,2,0.24724872410297394
H,chewinggum,gap_abnormal,18,0.7025087475776672,0.3333333432674408,0.02295248955488205,2,0.27653762698173523
H,chewinggum,ss2d_normal,18,1.0,0.3333333432674408,4.976669457095658e-40,2,0.4714045226573944
H,chewinggum,ss2d_abnormal,18,1.0,0.3333333432674408,1.1204782520741237e-41,2,0.4714045226573944
H,chewinggum,final_normal,18,0.572833240032196,0.3333333134651184,0.12138785421848297,2,0.18245933949947357
H,chewinggum,final_abnormal,18,0.632257878780365,0.3333333432674408,0.12065724283456802,2,0.2137020081281662
H,chewinggum,entropy_normal,6,0.9462941884994507,0.9420934319496155,0.9374537467956543,2,0.003570141503587365
H,chewinggum,entropy_abnormal,6,0.9035507440567017,0.8973417282104492,0.8904601335525513,2,0.005289764609187841
H,chewinggum,routing_l1,6,0.1188492700457573,0.11625939607620239,0.11390777677297592,2,0.001996119972318411
H,chewinggum,gap_ss2d_l1,6,1.9524714946746826,1.9482555389404297,1.944366693496704,2,0.003264862112700939
H,chewinggum,gap_normal,18,0.5575122237205505,0.3333333432674408,0.05657534673810005,3,0.19433696568012238
H,chewinggum,gap_abnormal,18,0.5695971250534058,0.3333333432674408,0.050335999578237534,3,0.2010597288608551
H,chewinggum,ss2d_normal,18,1.0,0.3333333432674408,1.1741291975109261e-29,3,0.4706415832042694
H,chewinggum,ss2d_abnormal,18,1.0,0.3333333432674408,2.045761719301021e-31,3,0.47099822759628296
H,chewinggum,final_normal,18,0.6013432145118713,0.3333333134651184,0.05091781169176102,3,0.1784186065196991
H,chewinggum,final_abnormal,18,0.6124060153961182,0.3333333432674408,0.04530239850282669,3,0.1847270280122757
H,chewinggum,entropy_normal,6,1.0293822288513184,0.9316733479499817,0.8247644901275635,3,0.09558652341365814
H,chewinggum,entropy_abnormal,6,1.0216668844223022,0.9194005131721497,0.8074510097503662,3,0.10003463178873062
H,chewinggum,routing_l1,6,0.02212563157081604,0.02048519067466259,0.019154369831085205,3,0.001177267637103796
H,chewinggum,gap_ss2d_l1,6,1.8411691188812256,1.3632398843765259,0.876620888710022,3,0.46943554282188416
A,chewinggum,gap_normal,18,0.5741510391235352,0.3333333134651184,0.0436335988342762,1,0.21823978424072266
A,chewinggum,gap_abnormal,18,0.5488436222076416,0.3333333730697632,0.03757241740822792,1,0.21541982889175415
A,chewinggum,ss2d_normal,18,1.0,0.3333333432674408,2.1345573588559215e-29,1,0.4714045226573944
A,chewinggum,ss2d_abnormal,18,1.0,0.3333333432674408,1.4137055538695302e-30,1,0.4714045226573944
A,chewinggum,final_normal,18,0.5167359113693237,0.3333333432674408,0.13927024602890015,1,0.15325646102428436
A,chewinggum,final_abnormal,18,0.4939592480659485,0.3333333134651184,0.13381516933441162,1,0.14875434339046478
A,chewinggum,entropy_normal,6,0.9850976467132568,0.9843418598175049,0.9827966690063477,1,0.0008219240116886795
A,chewinggum,entropy_abnormal,6,0.9873158931732178,0.9866812229156494,0.9853862524032593,1,0.0006891330704092979
A,chewinggum,routing_l1,6,0.0564635694026947,0.05593392252922058,0.055680111050605774,1,0.00028086581733077765
A,chewinggum,gap_ss2d_l1,6,1.9127328395843506,1.9104617834091187,1.9093449115753174,1,0.0012101083993911743
A,chewinggum,gap_normal,18,0.551555335521698,0.3333333432674408,0.06099621579051018,2,0.20099258422851562
A,chewinggum,gap_abnormal,18,0.54661625623703,0.3333333730697632,0.0613439679145813,2,0.19956547021865845
A,chewinggum,ss2d_normal,18,0.9999852180480957,0.3333333432674408,9.037285204715006e-31,2,0.47139406204223633
A,chewinggum,ss2d_abnormal,18,0.9999704360961914,0.3333333432674408,1.2801337546274014e-30,2,0.47138357162475586
A,chewinggum,final_normal,18,0.5963982939720154,0.3333333432674408,0.05489659309387207,2,0.21860192716121674
A,chewinggum,final_abnormal,18,0.5919516682624817,0.3333333730697632,0.05520956963300705,2,0.21687749028205872
A,chewinggum,entropy_normal,6,0.8478168249130249,0.8424140810966492,0.8349437713623047,2,0.0056192525662481785
A,chewinggum,entropy_abnormal,6,0.850562334060669,0.8452327847480774,0.8378669619560242,2,0.005541034042835236
A,chewinggum,routing_l1,6,0.008893273770809174,0.00863407738506794,0.008449655026197433,2,0.00019053147116210312
A,chewinggum,gap_ss2d_l1,6,0.9112751483917236,0.9052227139472961,0.896859884262085,2,0.006291280034929514
A,chewinggum,gap_normal,18,0.5761886239051819,0.3333333432674408,0.0371883362531662,3,0.22107911109924316
A,chewinggum,gap_abnormal,18,0.5650689005851746,0.3333333432674408,0.03360912576317787,3,0.2203301638364792
A,chewinggum,ss2d_normal,18,1.0,0.3333333432674408,2.112300670701523e-34,3,0.4714045226573944
A,chewinggum,ss2d_abnormal,18,1.0,0.3333333432674408,1.9918529360591404e-35,3,0.4714045226573944
A,chewinggum,final_normal,18,0.5185697674751282,0.3333333432674408,0.13346950709819794,3,0.15549853444099426
A,chewinggum,final_abnormal,18,0.5085619688034058,0.3333333432674408,0.13024821877479553,3,0.15390120446681976
A,chewinggum,entropy_normal,6,0.9828566908836365,0.979839026927948,0.9766567945480347,3,0.0023939853999763727
A,chewinggum,entropy_abnormal,6,0.9827333688735962,0.9800092577934265,0.9771783351898193,3,0.0021415972150862217
A,chewinggum,routing_l1,6,0.026458069682121277,0.02606368623673916,0.025667503476142883,3,0.00030274540768004954
A,chewinggum,gap_ss2d_l1,6,1.9256234169006348,1.9210654497146606,1.9166972637176514,3,0.0034492528066039085
H,macaroni1,gap_normal,54,0.5859349966049194,0.3333333432674408,0.05604229494929314,1,0.21673160791397095
H,macaroni1,gap_abnormal,54,0.5749168395996094,0.333333283662796,0.04593871533870697,1,0.21811266243457794
H,macaroni1,ss2d_normal,54,0.9999995231628418,0.3333333432674408,1.034809494204011e-30,1,0.47140413522720337
H,macaroni1,ss2d_abnormal,54,0.9999948740005493,0.3333333432674408,5.416378217529641e-33,1,0.4714008867740631
H,macaroni1,final_normal,54,0.6273414492607117,0.3333333730697632,0.05043806508183479,1,0.23536832630634308
H,macaroni1,final_abnormal,54,0.6174246072769165,0.3333333730697632,0.04134484380483627,1,0.23500411212444305
H,macaroni1,entropy_normal,18,0.8094311952590942,0.8088572025299072,0.8080868124961853,1,0.0003182536456733942
H,macaroni1,entropy_abnormal,18,0.797592043876648,0.7970525026321411,0.7963278293609619,1,0.0002993307134602219
H,macaroni1,routing_l1,18,0.03801998123526573,0.03796777501702309,0.03792818263173103,1,2.201228380727116e-05
H,macaroni1,gap_ss2d_l1,18,0.8297500014305115,0.8290578126907349,0.8281290531158447,1,0.00038376718293875456
H,macaroni1,gap_normal,54,0.6887299418449402,0.3333333432674408,0.021522173658013344,2,0.27299776673316956
H,macaroni1,gap_abnormal,54,0.7190628051757812,0.3333333432674408,0.021409939974546432,2,0.2882843017578125
H,macaroni1,ss2d_normal,54,1.0,0.3333333432674408,6.196541809244341e-42,2,0.471404492855072
H,macaroni1,ss2d_abnormal,54,1.0,0.3333333432674408,1.4741659844697076e-42,2,0.471404492855072
H,macaroni1,final_normal,54,0.6198569536209106,0.3333333432674408,0.11936995387077332,2,0.2095625400543213
H,macaroni1,final_abnormal,54,0.6471565365791321,0.3333333730697632,0.11926894634962082,2,0.22552107274532318
H,macaroni1,entropy_normal,18,0.9054351449012756,0.9025981426239014,0.9006873369216919,2,0.0011686679208651185
H,macaroni1,entropy_abnormal,18,0.8805646300315857,0.8771867156028748,0.8749083280563354,2,0.0013916818425059319
H,macaroni1,routing_l1,18,0.054599128663539886,0.05428633466362953,0.05382266640663147,2,0.00018976231513079256
H,macaroni1,gap_ss2d_l1,18,1.9569556713104248,1.9557757377624512,1.9539899826049805,2,0.0007297825068235397
H,macaroni1,gap_normal,54,0.5652530789375305,0.33333340287208557,0.06320541352033615,3,0.19460748136043549
H,macaroni1,gap_abnormal,54,0.5683208703994751,0.3333333432674408,0.05689771845936775,3,0.19896243512630463
H,macaroni1,ss2d_normal,54,0.9998056292533875,0.3333333432674408,3.9337763102089776e-20,3,0.4709556996822357
H,macaroni1,ss2d_abnormal,54,0.9997963309288025,0.3333333432674408,4.402771400096492e-21,3,0.4709502160549164
H,macaroni1,final_normal,54,0.6087047457695007,0.3333333432674408,0.05688486993312836,3,0.2138640433549881
H,macaroni1,final_abnormal,54,0.61146479845047,0.333333283662796,0.05120794475078583,3,0.21755781769752502
H,macaroni1,entropy_normal,18,0.8768993616104126,0.8609774112701416,0.8315562605857849,3,0.015622477047145367
H,macaroni1,entropy_abnormal,18,0.8659467101097107,0.8496153354644775,0.8195352554321289,3,0.016017237678170204
H,macaroni1,routing_l1,18,0.01195342093706131,0.01176430843770504,0.011353939771652222,3,0.0001962429960258305
H,macaroni1,gap_ss2d_l1,18,0.9239831566810608,0.9037081599235535,0.8612661957740784,3,0.02055072784423828
A,macaroni1,gap_normal,54,0.5889447927474976,0.3333333432674408,0.04319524019956589,1,0.22389981150627136
A,macaroni1,gap_abnormal,54,0.5491559505462646,0.3333333432674408,0.0391189306974411,1,0.21529169380664825
A,macaroni1,ss2d_normal,54,1.0,0.3333333432674408,2.3937300523986657e-29,1,0.471404492855072
A,macaroni1,ss2d_abnormal,54,1.0,0.3333333432674408,1.1031606350828563e-29,1,0.471404492855072
A,macaroni1,final_normal,54,0.5300502777099609,0.3333333432674408,0.13887572288513184,1,0.1594797968864441
A,macaroni1,final_abnormal,54,0.49424034357070923,0.3333333432674408,0.13520704209804535,1,0.14874857664108276
A,macaroni1,entropy_normal,18,0.9772230386734009,0.9769448041915894,0.9766057729721069,1,0.00013451823906507343
A,macaroni1,entropy_abnormal,18,0.9872034788131714,0.9869852066040039,0.9867197275161743,1,0.00010546528937993571
A,macaroni1,routing_l1,18,0.07895718514919281,0.0787910521030426,0.07865455746650696,1,6.584031507372856e-05
A,macaroni1,gap_ss2d_l1,18,1.913609504699707,1.913154125213623,1.9127798080444336,1,0.00018084017210640013
A,macaroni1,gap_normal,54,0.5642142295837402,0.3333333432674408,0.059282172471284866,2,0.2077121138572693
A,macaroni1,gap_abnormal,54,0.5459581613540649,0.3333333730697632,0.062398720532655716,2,0.20103594660758972
A,macaroni1,ss2d_normal,54,0.9999964237213135,0.3333333432674408,5.225930030083428e-31,2,0.47140198945999146
A,macaroni1,ss2d_abnormal,54,0.9999651908874512,0.3333333432674408,6.354738259189361e-30,2,0.4713798761367798
A,macaroni1,final_normal,54,0.6077924370765686,0.3333333432674408,0.05335395410656929,2,0.2257463037967682
A,macaroni1,final_abnormal,54,0.5913588404655457,0.3333333432674408,0.056158848106861115,2,0.21831488609313965
A,macaroni1,entropy_normal,18,0.829954981803894,0.8274476528167725,0.8257062435150146,2,0.0010906534735113382
A,macaroni1,entropy_abnormal,18,0.8439478874206543,0.8415741920471191,0.8399258852005005,2,0.0010326466290280223
A,macaroni1,routing_l1,18,0.03286721184849739,0.032680317759513855,0.03241503983736038,2,0.00011503468704177067
A,macaroni1,gap_ss2d_l1,18,0.8764861822128296,0.8735816478729248,0.8715643882751465,2,0.0012630390701815486
A,macaroni1,gap_normal,54,0.5867261290550232,0.3333333432674408,0.03785235434770584,3,0.21457092463970184
A,macaroni1,gap_abnormal,54,0.5635049343109131,0.3333333432674408,0.03667934983968735,3,0.2098930925130844
A,macaroni1,ss2d_normal,54,1.0,0.3333333432674408,7.421947927143961e-35,3,0.471404492855072
A,macaroni1,ss2d_abnormal,54,1.0,0.3333333432674408,8.899053006223131e-35,3,0.471404492855072
A,macaroni1,final_normal,54,0.5280535221099854,0.3333333730697632,0.1340671181678772,3,0.15002460777759552
A,macaroni1,final_abnormal,54,0.5071544051170349,0.3333333432674408,0.13301141560077667,3,0.14430440962314606
A,macaroni1,entropy_normal,18,0.9979780912399292,0.9895972013473511,0.9732105731964111,3,0.00942001212388277
A,macaroni1,entropy_abnormal,18,1.0026509761810303,0.9951028823852539,0.9804447889328003,3,0.008468683809041977
A,macaroni1,routing_l1,18,0.04390968382358551,0.03911341354250908,0.03670834004878998,3,0.002716846764087677
A,macaroni1,gap_ss2d_l1,18,1.92429518699646,1.9002596139907837,1.887452483177185,3,0.014238350093364716
H,macaroni1,gap_normal,54,0.5860573053359985,0.3333333432674408,0.05596620589494705,1,0.21674533188343048
H,macaroni1,gap_abnormal,54,0.575019121170044,0.3333333432674408,0.04586988314986229,1,0.21812407672405243
H,macaroni1,ss2d_normal,54,0.9999995231628418,0.3333333432674408,1.035125373045964e-30,1,0.47140413522720337
H,macaroni1,ss2d_abnormal,54,0.9999948740005493,0.3333333432674408,5.4181554180512906e-33,1,0.4714008867740631
H,macaroni1,final_normal,54,0.6274515390396118,0.3333333730697632,0.05036958307027817,1,0.23538129031658173
H,macaroni1,final_abnormal,54,0.6175166964530945,0.3333333432674408,0.04128289222717285,1,0.2350149303674698
H,macaroni1,entropy_normal,18,0.8099751472473145,0.8088222146034241,0.8078863620758057,1,0.0005405833362601697
H,macaroni1,entropy_abnormal,18,0.7981044054031372,0.7970201969146729,0.7961423993110657,1,0.0005076992674730718
H,macaroni1,routing_l1,18,0.03804304450750351,0.037972234189510345,0.03788990154862404,1,4.03056365030352e-05
H,macaroni1,gap_ss2d_l1,18,0.8304064273834229,0.8290148973464966,0.8278844356536865,1,0.0006529049132950604
H,macaroni1,gap_normal,54,0.688495397567749,0.3333333432674408,0.021593455225229263,2,0.2728242874145508
H,macaroni1,gap_abnormal,54,0.7188048362731934,0.3333333432674408,0.02148127742111683,2,0.288087397813797
H,macaroni1,ss2d_normal,54,1.0,0.3333333432674408,6.20775219695894e-42,2,0.471404492855072
H,macaroni1,ss2d_abnormal,54,1.0,0.3333333432674408,1.4769685813983572e-42,2,0.471404492855072
H,macaroni1,final_normal,54,0.6196458339691162,0.3333333432674408,0.11943411082029343,2,0.20939287543296814
H,macaroni1,final_abnormal,54,0.6469243168830872,0.3333333432674408,0.11933314800262451,2,0.2253296673297882
H,macaroni1,entropy_normal,18,0.9069877862930298,0.902891993522644,0.9009201526641846,2,0.0015836800448596478
H,macaroni1,entropy_abnormal,18,0.882411777973175,0.8775381445884705,0.8751879930496216,2,0.0018860261188820004
H,macaroni1,routing_l1,18,0.05455700308084488,0.05423412844538689,0.05356484651565552,2,0.0002593198441900313
H,macaroni1,gap_ss2d_l1,18,1.956813097000122,1.9555882215499878,1.9529857635498047,2,0.0009955203859135509
H,macaroni1,gap_normal,54,0.5682175159454346,0.3333333432674408,0.06114061176776886,3,0.19574348628520966
H,macaroni1,gap_abnormal,54,0.5711751580238342,0.3333333432674408,0.05482889339327812,3,0.20006591081619263
H,macaroni1,ss2d_normal,54,0.9998061060905457,0.3333333432674408,3.8862134249871785e-20,3,0.47121140360832214
H,macaroni1,ss2d_abnormal,54,0.9997968077659607,0.3333333432674408,4.344960845684412e-21,3,0.47120368480682373
H,macaroni1,final_normal,54,0.611280083656311,0.3333333432674408,0.055026549845933914,3,0.2149418145418167
H,macaroni1,final_abnormal,54,0.6139394640922546,0.3333333432674408,0.04934600368142128,3,0.21860630810260773
H,macaroni1,entropy_normal,18,0.8771899938583374,0.8582636713981628,0.8266851902008057,3,0.019109142944216728
H,macaroni1,entropy_abnormal,18,0.8662452101707458,0.8468565940856934,0.8145133852958679,3,0.019564304500818253
H,macaroni1,routing_l1,18,0.011956416070461273,0.011714101769030094,0.011315368115901947,3,0.0002503730356693268
H,macaroni1,gap_ss2d_l1,18,0.9243417978286743,0.9012215733528137,0.861251950263977,3,0.02338334172964096
A,macaroni1,gap_normal,54,0.588813304901123,0.3333333432674408,0.04327401518821716,1,0.22384975850582123
A,macaroni1,gap_abnormal,54,0.5490602850914001,0.3333333432674408,0.03919299691915512,1,0.2152530550956726
A,macaroni1,ss2d_normal,54,1.0,0.3333333432674408,2.394369370862236e-29,1,0.471404492855072
A,macaroni1,ss2d_abnormal,54,1.0,0.3333333432674408,1.1034553174106752e-29,1,0.471404492855072
A,macaroni1,final_normal,54,0.5299319624900818,0.3333333432674408,0.13894662261009216,1,0.15943202376365662
A,macaroni1,final_abnormal,54,0.4941542446613312,0.3333333432674408,0.13527369499206543,1,0.14871247112751007
A,macaroni1,entropy_normal,18,0.9775866270065308,0.9770171046257019,0.9767230749130249,1,0.0002346154797123745
A,macaroni1,entropy_abnormal,18,0.9874886274337769,0.9870415925979614,0.986811637878418,1,0.00018414841906633228
A,macaroni1,routing_l1,18,0.07890132069587708,0.07875513285398483,0.07847616076469421,1,0.00011465501302154735
A,macaroni1,gap_ss2d_l1,18,1.913451910018921,1.9130570888519287,1.9122886657714844,1,0.0003161364875268191
A,macaroni1,gap_normal,54,0.5640838146209717,0.3333333432674408,0.05937653407454491,2,0.20759271085262299
A,macaroni1,gap_abnormal,54,0.5458416938781738,0.3333333432674408,0.062494248151779175,2,0.20092317461967468
A,macaroni1,ss2d_normal,54,0.9999964237213135,0.3333333432674408,5.225930030083428e-31,2,0.47140198945999146
A,macaroni1,ss2d_abnormal,54,0.9999651908874512,0.3333333432674408,6.354787159754356e-30,2,0.4713798761367798
A,macaroni1,final_normal,54,0.6076750755310059,0.3333333432674408,0.053438879549503326,2,0.2256336212158203
A,macaroni1,final_abnormal,54,0.5912540555000305,0.3333333730697632,0.05624482035636902,2,0.21820874512195587
A,macaroni1,entropy_normal,18,0.830517053604126,0.8277555704116821,0.8259317278862,2,0.001364662661217153
A,macaroni1,entropy_abnormal,18,0.8444802761077881,0.8418654799461365,0.8401379585266113,2,0.0012920117005705833
A,macaroni1,routing_l1,18,0.03284203261137009,0.03264758363366127,0.03235652670264244,2,0.00014385052782017738
A,macaroni1,gap_ss2d_l1,18,0.8771374225616455,0.8739383220672607,0.8718252182006836,2,0.001580444979481399
A,macaroni1,gap_normal,54,0.588104248046875,0.33333325386047363,0.037054043263196945,3,0.21524690091609955
A,macaroni1,gap_abnormal,54,0.5646703839302063,0.3333333432674408,0.0358772799372673,3,0.21048970520496368
A,macaroni1,ss2d_normal,54,1.0,0.3333333432674408,7.421212095230995e-35,3,0.471404492855072
A,macaroni1,ss2d_abnormal,54,1.0,0.3333333432674408,8.898034780159479e-35,3,0.471404492855072
A,macaroni1,final_normal,54,0.5292938351631165,0.3333333432674408,0.13334864377975464,3,0.15067781507968903
A,macaroni1,final_abnormal,54,0.5082033276557922,0.3333333432674408,0.1322895586490631,3,0.14487287402153015
A,macaroni1,entropy_normal,18,0.9984680414199829,0.9886506199836731,0.97198885679245,3,0.010539851151406765
A,macaroni1,entropy_abnormal,18,1.0030983686447144,0.9942631125450134,0.979363203048706,3,0.009467268362641335
A,macaroni1,routing_l1,18,0.04429921507835388,0.03940146416425705,0.036573171615600586,3,0.0030538260471075773
A,macaroni1,gap_ss2d_l1,18,1.9258918762207031,1.9015570878982544,1.8866345882415771,3,0.015827186405658722
H,macaroni1,gap_normal,54,0.5858379006385803,0.333333283662796,0.0561043806374073,1,0.21674484014511108
H,macaroni1,gap_abnormal,54,0.5748304724693298,0.3333333432674408,0.04599485546350479,1,0.2181239277124405
H,macaroni1,ss2d_normal,54,0.9999995231628418,0.3333333432674408,1.0346516018028085e-30,1,0.47140413522720337
H,macaroni1,ss2d_abnormal,54,0.9999948740005493,0.3333333432674408,5.4153867615131195e-33,1,0.4714008867740631
H,macaroni1,final_normal,54,0.627254068851471,0.333333283662796,0.05049394071102142,1,0.23538079857826233
H,macaroni1,final_abnormal,54,0.6173468828201294,0.3333333432674408,0.04139536991715431,1,0.23501482605934143
H,macaroni1,entropy_normal,18,0.8094747066497803,0.8088233470916748,0.8082485198974609,1,0.0003044124459847808
H,macaroni1,entropy_abnormal,18,0.7976335287094116,0.7970207929611206,0.7964805364608765,1,0.0002859474334400147
H,macaroni1,routing_l1,18,0.03801150247454643,0.03797072917222977,0.037925366312265396,1,2.269316064484883e-05
H,macaroni1,gap_ss2d_l1,18,0.829802393913269,0.8290166854858398,0.828323245048523,1,0.0003676059714052826
H,macaroni1,gap_normal,54,0.6884106993675232,0.333333283662796,0.021618885919451714,2,0.2730744183063507
H,macaroni1,gap_abnormal,54,0.7187134623527527,0.3333333730697632,0.021506957709789276,2,0.2883704900741577
H,macaroni1,ss2d_normal,54,1.0,0.3333333432674408,6.203548301565965e-42,2,0.471404492855072
H,macaroni1,ss2d_abnormal,54,1.0,0.3333333432674408,1.4755672829340324e-42,2,0.471404492855072
H,macaroni1,final_normal,54,0.6195695996284485,0.3333333432674408,0.11945699900388718,2,0.20963764190673828
H,macaroni1,final_abnormal,54,0.6468421220779419,0.3333333432674408,0.11935625970363617,2,0.22560492157936096
H,macaroni1,entropy_normal,18,0.9056419730186462,0.9024685621261597,0.9010039567947388,2,0.001206558314152062
H,macaroni1,entropy_abnormal,18,0.8808095455169678,0.8770328760147095,0.8752871751785278,2,0.0014362705405801535
H,macaroni1,routing_l1,18,0.05454505234956741,0.05430586636066437,0.05379215627908707,2,0.00019526485993992537
H,macaroni1,gap_ss2d_l1,18,1.9567623138427734,1.9558558464050293,1.9538583755493164,2,0.0007556869531981647
H,macaroni1,gap_normal,54,0.5679431557655334,0.3333333432674408,0.06133117899298668,3,0.19498330354690552
H,macaroni1,gap_abnormal,54,0.5709121227264404,0.333333283662796,0.055015143007040024,3,0.1993238478899002
H,macaroni1,ss2d_normal,54,0.9998148083686829,0.3333333432674408,3.061868490971559e-20,3,0.4712212085723877
H,macaroni1,ss2d_abnormal,54,0.999805748462677,0.3333333432674408,3.3772092083017367e-21,3,0.47121381759643555
H,macaroni1,final_normal,54,0.6110236048698425,0.3333333432674408,0.0551980584859848,3,0.21423082053661346
H,macaroni1,final_abnormal,54,0.613693118095398,0.333333283662796,0.04951362684369087,3,0.21791255474090576
H,macaroni1,entropy_normal,18,0.8769551515579224,0.860065221786499,0.8271491527557373,3,0.01690005697309971
H,macaroni1,entropy_abnormal,18,0.8660051822662354,0.848701536655426,0.8149829506874084,3,0.017297733575105667
H,macaroni1,routing_l1,18,0.011952482163906097,0.01173088327050209,0.011368926614522934,3,0.00023209558275993913
H,macaroni1,gap_ss2d_l1,18,0.9240527749061584,0.9034095406532288,0.8616100549697876,3,0.02070966176688671
A,macaroni1,gap_normal,54,0.5887333154678345,0.3333333432674408,0.04332135245203972,1,0.22386793792247772
A,macaroni1,gap_abnormal,54,0.5490039587020874,0.333333283662796,0.03923742473125458,1,0.21526703238487244
A,macaroni1,ss2d_normal,54,1.0,0.3333333432674408,2.3977878965135234e-29,1,0.471404492855072
A,macaroni1,ss2d_abnormal,54,1.0,0.3333333432674408,1.1050475198068866e-29,1,0.471404492855072
A,macaroni1,final_normal,54,0.5298599600791931,0.3333333432674408,0.13898921012878418,1,0.15944936871528625
A,macaroni1,final_abnormal,54,0.4941035509109497,0.3333333432674408,0.13531368970870972,1,0.14872552454471588
A,macaroni1,entropy_normal,18,0.9774037003517151,0.976990818977356,0.9767938852310181,1,0.00016082197544164956
A,macaroni1,entropy_abnormal,18,0.9873454570770264,0.9870212078094482,0.9868665337562561,1,0.00012611830607056618
A,macaroni1,routing_l1,18,0.07886376976966858,0.07876840978860855,0.07856687903404236,1,7.883426587795839e-05
A,macaroni1,gap_ss2d_l1,18,1.9133572578430176,1.9130924940109253,1.9125357866287231,1,0.00021654856391251087
A,macaroni1,gap_normal,54,0.5642330646514893,0.3333333730697632,0.05926847830414772,2,0.20776399970054626
A,macaroni1,gap_abnormal,54,0.5459740161895752,0.3333333432674408,0.062385689467191696,2,0.2010851800441742
A,macaroni1,ss2d_normal,54,0.9999964237213135,0.3333333432674408,5.225970467089096e-31,2,0.47140198945999146
A,macaroni1,ss2d_abnormal,54,0.9999651908874512,0.3333333432674408,6.354787159754356e-30,2,0.4713798761367798
A,macaroni1,final_normal,54,0.6078094244003296,0.333333283662796,0.05334163084626198,2,0.22579531371593475
A,macaroni1,final_abnormal,54,0.5913731455802917,0.3333333432674408,0.056147120893001556,2,0.21836119890213013
A,macaroni1,entropy_normal,18,0.8303087949752808,0.8273137211799622,0.8256735801696777,2,0.00111320277210325
A,macaroni1,entropy_abnormal,18,0.8442864418029785,0.8414468169212341,0.8398969769477844,2,0.0010546274716034532
A,macaroni1,routing_l1,18,0.032872606068849564,0.03269435465335846,0.03238361328840256,2,0.0001171986004919745
A,macaroni1,gap_ss2d_l1,18,0.8768953084945679,0.8734263181686401,0.8715266585350037,2,0.0012895442778244615
A,macaroni1,gap_normal,54,0.5870466232299805,0.3333333432674408,0.037667158991098404,3,0.21518376469612122
A,macaroni1,gap_abnormal,54,0.5637767910957336,0.3333333432674408,0.03648868575692177,3,0.21043555438518524
A,macaroni1,ss2d_normal,54,1.0,0.3333333432674408,7.420646158985921e-35,3,0.471404492855072
A,macaroni1,ss2d_abnormal,54,1.0,0.3333333432674408,8.896745065410311e-35,3,0.471404492855072
A,macaroni1,final_normal,54,0.5283419489860535,0.3333333432674408,0.133900448679924,3,0.15061335265636444
A,macaroni1,final_abnormal,54,0.5073990821838379,0.333333283662796,0.13283981382846832,3,0.14481855928897858
A,macaroni1,entropy_normal,18,0.9983773231506348,0.9887411594390869,0.9729275703430176,3,0.010185024701058865
A,macaroni1,entropy_abnormal,18,1.0030168294906616,0.9943423867225647,0.980189859867096,3,0.009146416559815407
A,macaroni1,routing_l1,18,0.04400700330734253,0.03936794400215149,0.036597222089767456,3,0.002945732092484832
A,macaroni1,gap_ss2d_l1,18,1.9246656894683838,1.9014707803726196,1.8867864608764648,3,0.015305960550904274
H,macaroni1,gap_normal,54,0.5860230326652527,0.3333333730697632,0.05598718300461769,1,0.2167537361383438
H,macaroni1,gap_abnormal,54,0.5749918818473816,0.3333333432674408,0.045888688415288925,1,0.21813173592090607
H,macaroni1,ss2d_normal,54,0.9999995231628418,0.3333333432674408,1.0349437826786489e-30,1,0.47140413522720337
H,macaroni1,ss2d_abnormal,54,0.9999948740005493,0.3333333432674408,5.417122085048521e-33,1,0.4714008867740631
H,macaroni1,final_normal,54,0.6274206638336182,0.3333333432674408,0.05038846284151077,1,0.23538918793201447
H,macaroni1,final_abnormal,54,0.617492139339447,0.3333333432674408,0.04129981994628906,1,0.23502229154109955
H,macaroni1,entropy_normal,18,0.810044527053833,0.8088003396987915,0.8079420328140259,1,0.00043512493721209466
H,macaroni1,entropy_abnormal,18,0.7981690168380737,0.7969989776611328,0.7961927652359009,1,0.0004088613495696336
H,macaroni1,routing_l1,18,0.03803429752588272,0.03797124698758125,0.03788520768284798,1,3.134873622911982e-05
H,macaroni1,gap_ss2d_l1,18,0.830489993095398,0.8289893865585327,0.8279529809951782,1,0.0005251538823358715
H,macaroni1,gap_normal,54,0.6885104179382324,0.3333333432674408,0.021588938310742378,2,0.2732818126678467
H,macaroni1,gap_abnormal,54,0.7188209891319275,0.333333283662796,0.02147677354514599,2,0.2886051535606384
H,macaroni1,ss2d_normal,54,1.0,0.3333333432674408,6.206350898494615e-42,2,0.471404492855072
H,macaroni1,ss2d_abnormal,54,1.0,0.3333333432674408,1.4769685813983572e-42,2,0.471404492855072
H,macaroni1,final_normal,54,0.6196593642234802,0.3333333730697632,0.1194300428032875,2,0.20984074473381042
H,macaroni1,final_abnormal,54,0.6469388604164124,0.3333333730697632,0.11932909488677979,2,0.22583317756652832
H,macaroni1,entropy_normal,18,0.9044381976127625,0.9021170735359192,0.9009052515029907,2,0.0008772913133725524
H,macaroni1,entropy_abnormal,18,0.8793801069259644,0.8766135573387146,0.8751704692840576,2,0.0010449915425851941
H,macaroni1,routing_l1,18,0.054559044539928436,0.05436490848660469,0.05398207902908325,2,0.00014230620581656694
H,macaroni1,gap_ss2d_l1,18,1.956822156906128,1.9560761451721191,1.954624891281128,2,0.000544535054359585
H,macaroni1,gap_normal,54,0.5652541518211365,0.3333333432674408,0.06327968835830688,3,0.1934034377336502
H,macaroni1,gap_abnormal,54,0.568257212638855,0.3333333432674408,0.05681437999010086,3,0.19778405129909515
H,macaroni1,ss2d_normal,54,0.9998087286949158,0.3333333432674408,3.625385929508163e-20,3,0.46942850947380066
H,macaroni1,ss2d_abnormal,54,0.9997995495796204,0.3333333432674408,4.038358758382103e-21,3,0.469462513923645
H,macaroni1,final_normal,54,0.6038094758987427,0.3333333730697632,0.05695173144340515,3,0.21264080703258514
H,macaroni1,final_abnormal,54,0.6066255569458008,0.3333333432674408,0.05113294720649719,3,0.21636193990707397
H,macaroni1,entropy_normal,18,0.8770570755004883,0.8639318346977234,0.8345523476600647,3,0.013539132662117481
H,macaroni1,entropy_abnormal,18,0.8661080598831177,0.8526292443275452,0.8222173452377319,3,0.013914767652750015
H,macaroni1,routing_l1,18,0.01195593923330307,0.011804059147834778,0.011519771069288254,3,0.00015801232075318694
H,macaroni1,gap_ss2d_l1,18,0.9241771697998047,0.9025461673736572,0.7711061239242554,3,0.034820202738046646
A,macaroni1,gap_normal,54,0.5889661312103271,0.3333333432674408,0.04318246617913246,1,0.22390778362751007
A,macaroni1,gap_abnormal,54,0.5491718649864197,0.3333333432674408,0.039106789976358414,1,0.21529793739318848
A,macaroni1,ss2d_normal,54,1.0,0.3333333432674408,2.3950634579586e-29,1,0.471404492855072
A,macaroni1,ss2d_abnormal,54,1.0,0.3333333432674408,1.1037667763938691e-29,1,0.471404492855072
A,macaroni1,final_normal,54,0.5300695300102234,0.3333333432674408,0.13886421918869019,1,0.15948742628097534
A,macaroni1,final_abnormal,54,0.4942546784877777,0.3333333432674408,0.13519611954689026,1,0.14875441789627075
A,macaroni1,entropy_normal,18,0.9775512218475342,0.9769333600997925,0.9765867590904236,1,0.00018754921620711684
A,macaroni1,entropy_abnormal,18,0.9874608516693115,0.9869762063026428,0.9867045283317566,1,0.00014708086382597685
A,macaroni1,routing_l1,18,0.07896584272384644,0.07879612594842911,0.07849349081516266,1,9.183563088299707e-05
A,macaroni1,gap_ss2d_l1,18,1.9136351346969604,1.9131696224212646,1.9123363494873047,1,0.0002525908639654517
A,macaroni1,gap_normal,54,0.5640574097633362,0.3333333432674408,0.05939534306526184,2,0.20789295434951782
A,macaroni1,gap_abnormal,54,0.5458179712295532,0.3333333432674408,0.06251401454210281,2,0.20120687782764435
A,macaroni1,ss2d_normal,54,0.9999964237213135,0.3333333432674408,5.225292441947542e-31,2,0.47140198945999146
A,macaroni1,ss2d_abnormal,54,0.9999651908874512,0.3333333432674408,6.354059669810519e-30,2,0.4713798761367798
A,macaroni1,final_normal,54,0.6076512932777405,0.3333333730697632,0.05345580726861954,2,0.2259170413017273
A,macaroni1,final_abnormal,54,0.5912326574325562,0.333333283662796,0.05626261234283447,2,0.21847574412822723
A,macaroni1,entropy_normal,18,0.8300356864929199,0.8269807696342468,0.8259769082069397,2,0.0009722644463181496
A,macaroni1,entropy_abnormal,18,0.8440239429473877,0.8411321640014648,0.8401817083358765,2,0.0009199587511830032
A,macaroni1,routing_l1,18,0.03283732384443283,0.0327298529446125,0.03240317851305008,2,0.00010406237561255693
A,macaroni1,gap_ss2d_l1,18,0.876581072807312,0.8730407953262329,0.8718780279159546,2,0.0011263216147199273
A,macaroni1,gap_normal,54,0.5814142227172852,0.3333333432674408,0.041039854288101196,3,0.21309679746627808
A,macaroni1,gap_abnormal,54,0.5590126514434814,0.3333333432674408,0.03985166549682617,3,0.20857207477092743
A,macaroni1,ss2d_normal,54,1.0,0.3333333432674408,7.420589335772674e-35,3,0.471404492855072
A,macaroni1,ss2d_abnormal,54,1.0,0.3333333432674408,8.896948825417411e-35,3,0.471404492855072
A,macaroni1,final_normal,54,0.5232728123664856,0.333333283662796,0.13693587481975555,3,0.14862145483493805
A,macaroni1,final_abnormal,54,0.5031113624572754,0.3333333432674408,0.13586649298667908,3,0.14306312799453735
A,macaroni1,entropy_normal,18,0.9985333681106567,0.9916369318962097,0.9779394268989563,3,0.008418393321335316
A,macaroni1,entropy_abnormal,18,1.0031578540802002,0.9969345927238464,0.9846251010894775,3,0.007584632374346256
A,macaroni1,routing_l1,18,0.04246149957180023,0.038520410656929016,0.03655575215816498,3,0.0024085761979222298
A,macaroni1,gap_ss2d_l1,18,1.9179203510284424,1.89720618724823,1.88652503490448,3,0.01290725264698267
H,macaroni1,gap_normal,54,0.5858770608901978,0.333333283662796,0.05607941001653671,1,0.21676763892173767
H,macaroni1,gap_abnormal,54,0.57486492395401,0.333333283662796,0.045972418040037155,1,0.2181435525417328
H,macaroni1,ss2d_normal,54,0.9999995231628418,0.3333333432674408,1.034612199232169e-30,1,0.47140413522720337
H,macaroni1,ss2d_abnormal,54,0.9999948740005493,0.3333333432674408,5.415179947975772e-33,1,0.4714008867740631
H,macaroni1,final_normal,54,0.6272892951965332,0.3333333432674408,0.0504714660346508,1,0.23540231585502625
H,macaroni1,final_abnormal,54,0.6173778772354126,0.3333333730697632,0.04137517511844635,1,0.2350335270166397
H,macaroni1,entropy_normal,18,0.8098121881484985,0.8087646961212158,0.8081834316253662,1,0.00037564607919193804
H,macaroni1,entropy_abnormal,18,0.797948956489563,0.7969656586647034,0.796419620513916,1,0.00035272957757115364
H,macaroni1,routing_l1,18,0.03801539167761803,0.03797491267323494,0.03789464011788368,1,2.85934038402047e-05
H,macaroni1,gap_ss2d_l1,18,0.8302121162414551,0.8289458751678467,0.8282449245452881,1,0.0004538973153103143
H,macaroni1,gap_normal,54,0.6890257596969604,0.3333333432674408,0.021433938294649124,2,0.2731834053993225
H,macaroni1,gap_abnormal,54,0.7193803787231445,0.333333283662796,0.021320872008800507,2,0.2884933352470398
H,macaroni1,ss2d_normal,54,1.0,0.3333333432674408,6.20214700310164e-42,2,0.471404492855072
H,macaroni1,ss2d_abnormal,54,1.0,0.3333333432674408,1.4755672829340324e-42,2,0.471404492855072
H,macaroni1,final_normal,54,0.6201231479644775,0.3333333432674408,0.1192905455827713,2,0.20974451303482056
H,macaroni1,final_abnormal,54,0.6474423408508301,0.33333325386047363,0.11918878555297852,2,0.22572444379329681
H,macaroni1,entropy_normal,18,0.9046884179115295,0.9022839069366455,0.9003946185112,2,0.0011873994953930378
H,macaroni1,entropy_abnormal,18,0.8796799182891846,0.8768133521080017,0.8745630979537964,2,0.0014154540840536356
H,macaroni1,routing_l1,18,0.0546383261680603,0.05433465912938118,0.05393591523170471,2,0.00019537063781172037
H,macaroni1,gap_ss2d_l1,18,1.95713210105896,1.9559699296951294,1.9544649124145508,2,0.0007383525953628123
H,macaroni1,gap_normal,54,0.567546010017395,0.3333333432674408,0.061630334705114365,3,0.1920362114906311
H,macaroni1,gap_abnormal,54,0.5705054998397827,0.333333283662796,0.05526629090309143,3,0.19643919169902802
H,macaroni1,ss2d_normal,54,0.9998043179512024,0.3333333432674408,4.0740609722191426e-20,3,0.4702284038066864
H,macaroni1,ss2d_abnormal,54,0.9997950196266174,0.333333283662796,4.57016036355519e-21,3,0.4702349007129669
H,macaroni1,final_normal,54,0.610276997089386,0.333333283662796,0.05546730011701584,3,0.21141253411769867
H,macaroni1,final_abnormal,54,0.612939715385437,0.3333333432674408,0.04973965883255005,3,0.2151503562927246
H,macaroni1,entropy_normal,18,0.8772658705711365,0.8670190572738647,0.8280836939811707,3,0.015084981918334961
H,macaroni1,entropy_abnormal,18,0.8663241863250732,0.8557983636856079,0.8158669471740723,3,0.01549608539789915
H,macaroni1,routing_l1,18,0.011956252157688141,0.011850044131278992,0.011455349624156952,3,0.00015534691920038313
H,macaroni1,gap_ss2d_l1,18,0.9244353771209717,0.9088806509971619,0.8294162750244141,3,0.026196623221039772
A,macaroni1,gap_normal,54,0.5888721942901611,0.3333333432674408,0.043238818645477295,1,0.22390910983085632
A,macaroni1,gap_abnormal,54,0.5491029024124146,0.333333283662796,0.03915990889072418,1,0.21529905498027802
A,macaroni1,ss2d_normal,54,1.0,0.3333333432674408,2.3965440166033477e-29,1,0.471404492855072
A,macaroni1,ss2d_abnormal,54,1.0,0.3333333432674408,1.1044660544732862e-29,1,0.471404492855072
A,macaroni1,final_normal,54,0.5299849510192871,0.3333333432674408,0.13891494274139404,1,0.15948869287967682
A,macaroni1,final_abnormal,54,0.49419260025024414,0.333333283662796,0.13524392247200012,1,0.14875544607639313
A,macaroni1,entropy_normal,18,0.9772452712059021,0.9769314527511597,0.9766706228256226,1,0.00017437557107768953
A,macaroni1,entropy_abnormal,18,0.9872214794158936,0.9869744777679443,0.9867705702781677,1,0.00013667849998455495
A,macaroni1,routing_l1,18,0.07892671227455139,0.07879698276519775,0.07864607870578766,1,8.576354593969882e-05
A,macaroni1,gap_ss2d_l1,18,1.9135223627090454,1.9131722450256348,1.9127492904663086,1,0.00023453764151781797
A,macaroni1,gap_normal,54,0.5642193555831909,0.3333333730697632,0.05927892401814461,2,0.20786988735198975
A,macaroni1,gap_abnormal,54,0.5459617972373962,0.3333333432674408,0.06239522621035576,2,0.2011851817369461
A,macaroni1,ss2d_normal,54,0.9999964237213135,0.3333333432674408,5.225372375563398e-31,2,0.47140198945999146
A,macaroni1,ss2d_abnormal,54,0.9999651908874512,0.3333333432674408,6.354059669810519e-30,2,0.4713798761367798
A,macaroni1,final_normal,54,0.6077970862388611,0.3333333432674408,0.053351029753685,2,0.2258952409029007
A,macaroni1,final_abnormal,54,0.5913621187210083,0.3333333730697632,0.05615570396184921,2,0.21845535933971405
A,macaroni1,entropy_normal,18,0.8295732736587524,0.8270401954650879,0.8256981372833252,2,0.001132730394601822
A,macaroni1,entropy_abnormal,18,0.8435837626457214,0.8411881327629089,0.8399184346199036,2,0.0010711181676015258
A,macaroni1,routing_l1,18,0.032869853079319,0.0327228382229805,0.03245034068822861,2,0.00012228712148498744
A,macaroni1,gap_ss2d_l1,18,0.8760448694229126,0.8731099367141724,0.8715542554855347,2,0.001312270644120872
A,macaroni1,gap_normal,54,0.5848451256752014,0.33333325386047363,0.038962144404649734,3,0.2124156802892685
A,macaroni1,gap_abnormal,54,0.5619158148765564,0.3333333432674408,0.03778349980711937,3,0.2079581320285797
A,macaroni1,ss2d_normal,54,1.0,0.3333333432674408,7.420816054653814e-35,3,0.471404492855072
A,macaroni1,ss2d_abnormal,54,1.0,0.3333333432674408,8.897084282774244e-35,3,0.471404492855072
A,macaroni1,final_normal,54,0.5263605713844299,0.3333333432674408,0.1350659281015396,3,0.1479777842760086
A,macaroni1,final_abnormal,54,0.5057241916656494,0.33333340287208557,0.13400515913963318,3,0.14248985052108765
A,macaroni1,entropy_normal,18,0.9985381364822388,0.9925720691680908,0.9748825430870056,3,0.008290384896099567
A,macaroni1,entropy_abnormal,18,1.003161907196045,0.9977779388427734,0.9819185733795166,3,0.007466727867722511
A,macaroni1,routing_l1,18,0.04339437186717987,0.0382579043507576,0.03655426204204559,3,0.002380495425313711
A,macaroni1,gap_ss2d_l1,18,1.922075629234314,1.895744800567627,1.88651704788208,3,0.012664387933909893
H,macaroni1,gap_normal,54,0.5857978463172913,0.3333333432674408,0.05612951144576073,1,0.21674883365631104
H,macaroni1,gap_abnormal,54,0.5747962594032288,0.3333333432674408,0.04601764678955078,1,0.21812734007835388
H,macaroni1,ss2d_normal,54,0.9999995231628418,0.3333333432674408,1.0351963729047536e-30,1,0.47140413522720337
H,macaroni1,ss2d_abnormal,54,0.9999948740005493,0.3333333432674408,5.4185686777840016e-33,1,0.4714008867740631
H,macaroni1,final_normal,54,0.6272180080413818,0.3333333432674408,0.050516560673713684,1,0.23538456857204437
H,macaroni1,final_abnormal,54,0.6173161268234253,0.333333283662796,0.04141588136553764,1,0.23501810431480408
H,macaroni1,entropy_normal,18,0.8094017505645752,0.8088129758834839,0.8083145618438721,1,0.0003519273886922747
H,macaroni1,entropy_abnormal,18,0.7975647449493408,0.797011137008667,0.7965420484542847,1,0.0003304819401819259
H,macaroni1,routing_l1,18,0.03800511732697487,0.037971265614032745,0.03793038800358772,1,2.6406401957501657e-05
H,macaroni1,gap_ss2d_l1,18,0.8297144174575806,0.8290043473243713,0.8284033536911011,1,0.0004250876372680068
H,macaroni1,gap_normal,54,0.688218355178833,0.3333333432674408,0.02167738601565361,2,0.27298471331596375
H,macaroni1,gap_abnormal,54,0.7185026407241821,0.3333333432674408,0.021565554663538933,2,0.2882683575153351
H,macaroni1,ss2d_normal,54,1.0,0.3333333432674408,6.206350898494615e-42,2,0.471404492855072
H,macaroni1,ss2d_abnormal,54,1.0,0.3333333432674408,1.4769685813983572e-42,2,0.471404492855072
H,macaroni1,final_normal,54,0.6193965077400208,0.333333283662796,0.11950965225696564,2,0.20954981446266174
H,macaroni1,final_abnormal,54,0.646652340888977,0.3333333730697632,0.1194090023636818,2,0.22550548613071442
H,macaroni1,entropy_normal,18,0.9060083627700806,0.9026203155517578,0.90119469165802,2,0.0011491479817777872
H,macaroni1,entropy_abnormal,18,0.8812488317489624,0.8772152066230774,0.8755156397819519,2,0.0013687644386664033
H,macaroni1,routing_l1,18,0.054511748254299164,0.05427804961800575,0.05372266471385956,2,0.00018850175547413528
H,macaroni1,gap_ss2d_l1,18,1.9566452503204346,1.955761432647705,1.9536203145980835,2,0.0007216559606604278
H,macaroni1,gap_normal,54,0.5660668015480042,0.3333333730697632,0.0626203790307045,3,0.19619926810264587
H,macaroni1,gap_abnormal,54,0.569118082523346,0.333333283662796,0.056340593844652176,3,0.20051361620426178
H,macaroni1,ss2d_normal,54,0.9998102784156799,0.3333333432674408,3.476225878019245e-20,3,0.4712215065956116
H,macaroni1,ss2d_abnormal,54,0.9998010993003845,0.3333333432674408,3.860187366391805e-21,3,0.47121384739875793
H,macaroni1,final_normal,54,0.609437882900238,0.333333283662796,0.05635834112763405,3,0.21536988019943237
H,macaroni1,final_abnormal,54,0.6121830344200134,0.3333333432674408,0.05070653185248375,3,0.21902725100517273
H,macaroni1,entropy_normal,18,0.876777172088623,0.8571891188621521,0.8301815986633301,3,0.018637431785464287
H,macaroni1,entropy_abnormal,18,0.8658198118209839,0.8457567691802979,0.818159818649292,3,0.01908135414123535
H,macaroni1,routing_l1,18,0.011952906847000122,0.011697731912136078,0.011303670704364777,3,0.00024780508829280734
H,macaroni1,gap_ss2d_l1,18,0.9238324165344238,0.8999425172805786,0.8674221038818359,3,0.022735998034477234
A,macaroni1,gap_normal,54,0.5888111591339111,0.3333333432674408,0.043274857103824615,1,0.22386157512664795
A,macaroni1,gap_abnormal,54,0.5490599274635315,0.3333333730697632,0.03919383883476257,1,0.21526215970516205
A,macaroni1,ss2d_normal,54,1.0,0.3333333432674408,2.395630253122702e-29,1,0.471404492855072
A,macaroni1,ss2d_abnormal,54,1.0,0.3333333432674408,1.1040363313544448e-29,1,0.471404492855072
A,macaroni1,final_normal,54,0.529930055141449,0.3333333432674408,0.13894736766815186,1,0.15944328904151917
A,macaroni1,final_abnormal,54,0.4941539168357849,0.3333333432674408,0.13527445495128632,1,0.14872096478939056
A,macaroni1,entropy_normal,18,0.9773380756378174,0.9769999980926514,0.9767246246337891,1,0.0001658177061472088
A,macaroni1,entropy_abnormal,18,0.9872938394546509,0.9870283603668213,0.9868124723434448,1,0.0001301237934967503
A,macaroni1,routing_l1,18,0.07889808714389801,0.07876356691122055,0.07859902083873749,1,8.090797200566158e-05
A,macaroni1,gap_ss2d_l1,18,1.9134502410888672,1.9130799770355225,1.9126243591308594,1,0.000223210416152142
A,macaroni1,gap_normal,54,0.5639888644218445,0.3333333432674408,0.05944490805268288,2,0.20764589309692383
A,macaroni1,gap_abnormal,54,0.5457562208175659,0.33333325386047363,0.06256479769945145,2,0.2009735107421875
A,macaroni1,ss2d_normal,54,0.9999964237213135,0.3333333432674408,5.226169360733255e-31,2,0.47140198945999146
A,macaroni1,ss2d_abnormal,54,0.9999651908874512,0.3333333432674408,6.355077553878783e-30,2,0.4713798761367798
A,macaroni1,final_normal,54,0.607589602470398,0.33333325386047363,0.05350041761994362,2,0.22568382322788239
A,macaroni1,final_abnormal,54,0.5911771059036255,0.3333333730697632,0.0563083179295063,2,0.2182561159133911
A,macaroni1,entropy_normal,18,0.8321902751922607,0.8276183009147644,0.8260953426361084,2,0.001426625531166792
A,macaroni1,entropy_abnormal,18,0.846063494682312,0.8417354226112366,0.8402942419052124,2,0.0013505473034456372
A,macaroni1,routing_l1,18,0.03282497823238373,0.032661549746990204,0.03217855468392372,2,0.00015110161621123552
A,macaroni1,gap_ss2d_l1,18,0.8790781497955322,0.8737795352935791,0.8720151782035828,2,0.0016530113061890006
A,macaroni1,gap_normal,54,0.5857425928115845,0.3333333730697632,0.03843197226524353,3,0.21464234590530396
A,macaroni1,gap_abnormal,54,0.5626758337020874,0.3333333730697632,0.03724988177418709,3,0.20996223390102386
A,macaroni1,ss2d_normal,54,1.0,0.3333333432674408,7.421325741657491e-35,3,0.471404492855072
A,macaroni1,ss2d_abnormal,54,1.0,0.3333333432674408,8.898509454880246e-35,3,0.471404492855072
A,macaroni1,final_normal,54,0.527168333530426,0.3333333432674408,0.13458877801895142,3,0.15008826553821564
A,macaroni1,final_abnormal,54,0.5064082145690918,0.333333283662796,0.13352489471435547,3,0.14436575770378113
A,macaroni1,entropy_normal,18,0.9982250928878784,0.9895003437995911,0.9740860462188721,3,0.009094017557799816
A,macaroni1,entropy_abnormal,18,1.0028764009475708,0.9950099587440491,0.9812102317810059,3,0.00818172749131918
A,macaroni1,routing_l1,18,0.0436478853225708,0.03913947939872742,0.03664058446884155,3,0.0026217473205178976
A,macaroni1,gap_ss2d_l1,18,1.9231359958648682,1.9004508256912231,1.8870402574539185,3,0.013789498247206211
H,macaroni1,gap_normal,54,0.5859847664833069,0.3333333432674408,0.056011002510786057,1,0.21678318083286285
H,macaroni1,gap_abnormal,54,0.5749596953392029,0.3333333432674408,0.04591032862663269,1,0.21815688908100128
H,macaroni1,ss2d_normal,54,0.9999995231628418,0.3333333432674408,1.0340597168872825e-30,1,0.47140413522720337
H,macaroni1,ss2d_abnormal,54,0.9999948740005493,0.3333333432674408,5.4121240300056184e-33,1,0.4714008867740631
H,macaroni1,final_normal,54,0.627386212348938,0.3333333432674408,0.05040990188717842,1,0.23541699349880219
H,macaroni1,final_abnormal,54,0.6174631714820862,0.33333325386047363,0.04131929576396942,1,0.23504628241062164
H,macaroni1,entropy_normal,18,0.8095369338989258,0.8087247610092163,0.8080047369003296,1,0.0003740069514606148
H,macaroni1,entropy_abnormal,18,0.797690749168396,0.7969281077384949,0.7962510585784912,1,0.00035149583709426224
H,macaroni1,routing_l1,18,0.03802753984928131,0.03797754645347595,0.03791626915335655,1,2.7111460440210067e-05
H,macaroni1,gap_ss2d_l1,18,0.8298791646957397,0.8288977742195129,0.8280295133590698,1,0.00045140544534660876
H,macaroni1,gap_normal,54,0.6884980201721191,0.3333333432674408,0.021592436358332634,2,0.27311158180236816
H,macaroni1,gap_abnormal,54,0.718808650970459,0.3333333432674408,0.021480459719896317,2,0.28841254115104675
H,macaroni1,ss2d_normal,54,1.0,0.3333333432674408,6.196541809244341e-42,2,0.471404492855072
H,macaroni1,ss2d_abnormal,54,1.0,0.3333333432674408,1.4741659844697076e-42,2,0.471404492855072
H,macaroni1,final_normal,54,0.6196482181549072,0.3333333432674408,0.11943319439888,2,0.20967407524585724
H,macaroni1,final_abnormal,54,0.6469277739524841,0.3333333730697632,0.11933241784572601,2,0.22564588487148285
H,macaroni1,entropy_normal,18,0.9052309989929199,0.9024055004119873,0.9009174108505249,2,0.001194661483168602
H,macaroni1,entropy_abnormal,18,0.8803226947784424,0.8769576549530029,0.8751840591430664,2,0.0014229662483558059
H,macaroni1,routing_l1,18,0.05455908179283142,0.054316360503435135,0.05385381728410721,2,0.0001945014955708757
H,macaroni1,gap_ss2d_l1,18,1.956815242767334,1.955894947052002,1.95412015914917,2,0.0007449663244187832
H,macaroni1,gap_normal,54,0.5675554275512695,0.33333340287208557,0.061581846326589584,3,0.1954636424779892
H,macaroni1,gap_abnormal,54,0.5705565810203552,0.3333333432674408,0.05530092492699623,3,0.1997961699962616
H,macaroni1,ss2d_normal,54,0.9998146891593933,0.3333333432674408,3.082458825875594e-20,3,0.45802241563796997
H,macaroni1,ss2d_abnormal,54,0.9998055100440979,0.3333333432674408,3.400412674615486e-21,3,0.4582178294658661
H,macaroni1,final_normal,54,0.610765814781189,0.3333333432674408,0.055423662066459656,3,0.2124815434217453
H,macaroni1,final_abnormal,54,0.6134655475616455,0.33333325386047363,0.04977083206176758,3,0.21602559089660645
H,macaroni1,entropy_normal,18,0.9329484105110168,0.8638960719108582,0.8277105093002319,3,0.025598280131816864
H,macaroni1,entropy_abnormal,18,0.9310585260391235,0.8530566096305847,0.8156118988990784,3,0.027400748804211617
H,macaroni1,routing_l1,18,0.011957958340644836,0.011225957423448563,0.0025948509573936462,3,0.002108912216499448
H,macaroni1,gap_ss2d_l1,18,0.9248725175857544,0.8874550461769104,0.6197065114974976,3,0.06908322870731354
A,macaroni1,gap_normal,54,0.5888247489929199,0.3333333432674408,0.043266817927360535,1,0.2239159643650055
A,macaroni1,gap_abnormal,54,0.5490694046020508,0.3333333432674408,0.039186399430036545,1,0.21530428528785706
A,macaroni1,ss2d_normal,54,1.0,0.3333333432674408,2.394552033280399e-29,1,0.471404492855072
A,macaroni1,ss2d_abnormal,54,1.0,0.3333333432674408,1.1035225744954519e-29,1,0.471404492855072
A,macaroni1,final_normal,54,0.5299422740936279,0.3333333432674408,0.13894014060497284,1,0.15949523448944092
A,macaroni1,final_abnormal,54,0.4941624402999878,0.3333333730697632,0.13526776432991028,1,0.1487603336572647
A,macaroni1,entropy_normal,18,0.9771664142608643,0.9769216179847717,0.9767125844955444,1,0.00014029614976607263
A,macaroni1,entropy_abnormal,18,0.9871593713760376,0.9869669675827026,0.9868032932281494,1,0.00010993283649440855
A,macaroni1,routing_l1,18,0.07890446484088898,0.07880212366580963,0.07868386805057526,1,6.879399734316394e-05
A,macaroni1,gap_ss2d_l1,18,1.9134663343429565,1.9131855964660645,1.912855863571167,1,0.000188626887393184
A,macaroni1,gap_normal,54,0.5640079975128174,0.3333333432674408,0.059431292116642,2,0.20774240791797638
A,macaroni1,gap_abnormal,54,0.5457736849784851,0.3333333432674408,0.06255026906728745,2,0.2010646015405655
A,macaroni1,ss2d_normal,54,0.9999964237213135,0.3333333432674408,5.225770633049456e-31,2,0.47140198945999146
A,macaroni1,ss2d_abnormal,54,0.9999651908874512,0.3333333432674408,6.354544161562154e-30,2,0.4713798761367798
A,macaroni1,final_normal,54,0.607606828212738,0.3333333432674408,0.05348816141486168,2,0.22577491402626038
A,macaroni1,final_abnormal,54,0.5911928415298462,0.333333283662796,0.0562952421605587,2,0.21834184229373932
A,macaroni1,entropy_normal,18,0.8318939805030823,0.8273692727088928,0.8260626792907715,2,0.001567073748447001
A,macaroni1,entropy_abnormal,18,0.8457818031311035,0.8414995670318604,0.8402621150016785,2,0.0014831817243248224
A,macaroni1,routing_l1,18,0.03282803297042847,0.032688532024621964,0.03221074491739273,2,0.0001661446294747293
A,macaroni1,gap_ss2d_l1,18,0.8787333369255066,0.8734910488128662,0.8719768524169922,2,0.0018154162680730224
A,macaroni1,gap_normal,54,0.5866600275039673,0.3333333432674408,0.03789070248603821,3,0.21415044367313385
A,macaroni1,gap_abnormal,54,0.5634493231773376,0.3333333432674408,0.03671790286898613,3,0.20951128005981445
A,macaroni1,ss2d_normal,54,1.0,0.3333333432674408,7.420419440104781e-35,3,0.471404492855072
A,macaroni1,ss2d_abnormal,54,1.0,0.3333333432674408,8.896066056710593e-35,3,0.471404492855072
A,macaroni1,final_normal,54,0.5279940366744995,0.3333333730697632,0.13410162925720215,3,0.149631068110466
A,macaroni1,final_abnormal,54,0.5071043968200684,0.3333333432674408,0.13304612040519714,3,0.14395102858543396
A,macaroni1,entropy_normal,18,0.998588502407074,0.9901766180992126,0.973268985748291,3,0.009704986587166786
A,macaroni1,entropy_abnormal,18,1.0032107830047607,0.9956284761428833,0.9804964065551758,3,0.008727001957595348
A,macaroni1,routing_l1,18,0.04389023780822754,0.03895312920212746,0.0365370512008667,3,0.002800692804157734
A,macaroni1,gap_ss2d_l1,18,1.9242186546325684,1.8993231058120728,1.8864332437515259,3,0.014680069871246815
H,macaroni1,gap_normal,54,0.5858153104782104,0.333333283662796,0.05611872673034668,1,0.21681512892246246
H,macaroni1,gap_abnormal,54,0.5748105645179749,0.3333333432674408,0.04600796848535538,1,0.2181844413280487
H,macaroni1,ss2d_normal,54,0.9999995231628418,0.3333333432674408,1.0349831852492885e-30,1,0.47140413522720337
H,macaroni1,ss2d_abnormal,54,0.9999948740005493,0.3333333432674408,5.417287388941605e-33,1,0.4714008867740631
H,macaroni1,final_normal,54,0.6272337436676025,0.3333333432674408,0.05050685256719589,1,0.23544712364673615
H,macaroni1,final_abnormal,54,0.6173290014266968,0.3333333730697632,0.04140717163681984,1,0.23507250845432281
H,macaroni1,entropy_normal,18,0.8090683221817017,0.808642566204071,0.8082860708236694,1,0.00019124521350022405
H,macaroni1,entropy_abnormal,18,0.7972513437271118,0.7968508005142212,0.7965160608291626,1,0.00017975244554691017
H,macaroni1,routing_l1,18,0.038008857518434525,0.037983108311891556,0.037952881306409836,1,1.4301950614026282e-05
H,macaroni1,gap_ss2d_l1,18,0.8293125629425049,0.8287987112998962,0.8283684253692627,1,0.00023096769291441888
H,macaroni1,gap_normal,54,0.6884300708770752,0.3333333432674408,0.02161342278122902,2,0.2734273374080658
H,macaroni1,gap_abnormal,54,0.7187322974205017,0.3333333432674408,0.021501289680600166,2,0.2887688875198364
H,macaroni1,ss2d_normal,54,1.0,0.3333333432674408,6.199344406172991e-42,2,0.471404492855072
H,macaroni1,ss2d_abnormal,54,1.0,0.3333333432674408,1.4741659844697076e-42,2,0.471404492855072
H,macaroni1,final_normal,54,0.6195870637893677,0.333333283662796,0.1194520816206932,2,0.2099832445383072
H,macaroni1,final_abnormal,54,0.6468590497970581,0.3333333432674408,0.11935116350650787,2,0.2259923368692398
H,macaroni1,entropy_normal,18,0.9031476378440857,0.9018704891204834,0.900985062122345,2,0.0005124119925312698
H,macaroni1,entropy_abnormal,18,0.8778442740440369,0.8763208389282227,0.8752665519714355,2,0.0006113161216489971
H,macaroni1,routing_l1,18,0.05454396456480026,0.05440277233719826,0.054191187024116516,2,8.479040116071701e-05
H,macaroni1,gap_ss2d_l1,18,1.956773281097412,1.956229567527771,1.9554369449615479,2,0.00031653218320570886
H,macaroni1,gap_normal,54,0.5649560689926147,0.3333333730697632,0.06344713270664215,3,0.19235213100910187
H,macaroni1,gap_abnormal,54,0.5679959058761597,0.3333333730697632,0.0570826455950737,3,0.1967451572418213
H,macaroni1,ss2d_normal,54,0.9998084902763367,0.3333333432674408,3.6421163036319014e-20,3,0.47124195098876953
H,macaroni1,ss2d_abnormal,54,0.9997993111610413,0.3333333432674408,4.058434044107853e-21,3,0.4712347388267517
H,macaroni1,final_normal,54,0.608400285243988,0.3333333730697632,0.057102419435977936,3,0.2117699384689331
H,macaroni1,final_abnormal,54,0.6111342310905457,0.333333283662796,0.05137437954545021,3,0.21549777686595917
H,macaroni1,entropy_normal,18,0.8771692514419556,0.86620032787323,0.8321235179901123,3,0.015563263557851315
H,macaroni1,entropy_abnormal,18,0.8662233352661133,0.8549773097038269,0.8200452327728271,3,0.015940560027956963
H,macaroni1,routing_l1,18,0.011957332491874695,0.011824605986475945,0.011380515992641449,3,0.00019868840172421187
H,macaroni1,gap_ss2d_l1,18,0.9243150949478149,0.9109167456626892,0.8688838481903076,3,0.018984559923410416
A,macaroni1,gap_normal,54,0.5888980627059937,0.3333333432674408,0.043223123997449875,1,0.22391702234745026
A,macaroni1,gap_abnormal,54,0.5491224527359009,0.3333333432674408,0.03914506733417511,1,0.2153051346540451
A,macaroni1,ss2d_normal,54,1.0,0.3333333432674408,2.3954838523542733e-29,1,0.471404492855072
A,macaroni1,ss2d_abnormal,54,1.0,0.3333333432674408,1.103960573094523e-29,1,0.471404492855072
A,macaroni1,final_normal,54,0.5300082564353943,0.3333333730697632,0.13890081644058228,1,0.1594962328672409
A,macaroni1,final_abnormal,54,0.4942101836204529,0.3333333432674408,0.13523055613040924,1,0.14876113831996918
A,macaroni1,entropy_normal,18,0.9772325158119202,0.9769200086593628,0.9766473770141602,1,0.000156731010065414
A,macaroni1,entropy_abnormal,18,0.9872097969055176,0.9869655966758728,0.9867520928382874,1,0.00012261192023288459
A,macaroni1,routing_l1,18,0.07893659174442291,0.07880264520645142,0.07864569127559662,1,7.777717837598175e-05
A,macaroni1,gap_ss2d_l1,18,1.9135537147521973,1.9131876230239868,1.9127675294876099,1,0.00021059786377009004
A,macaroni1,gap_normal,54,0.5641326904296875,0.3333333432674408,0.05934065207839012,2,0.20800495147705078
A,macaroni1,gap_abnormal,54,0.5458848476409912,0.3333333432674408,0.06245938688516617,2,0.20131255686283112
A,macaroni1,ss2d_normal,54,0.9999964237213135,0.3333333432674408,5.225531772597369e-31,2,0.47140198945999146
A,macaroni1,ss2d_abnormal,54,0.9999651908874512,0.3333333432674408,6.354253767437726e-30,2,0.4713798761367798
A,macaroni1,final_normal,54,0.6077190637588501,0.333333283662796,0.05340658500790596,2,0.22602275013923645
A,macaroni1,final_abnormal,54,0.5912928581237793,0.333333283662796,0.05621344596147537,2,0.21857522428035736
A,macaroni1,entropy_normal,18,0.8279320597648621,0.8266912698745728,0.8258464336395264,2,0.0005589437205344439
A,macaroni1,entropy_abnormal,18,0.8420330286026001,0.8408585786819458,0.840060293674469,2,0.0005288361571729183
A,macaroni1,routing_l1,18,0.03285234048962593,0.03276041895151138,0.03262824937701225,2,6.057974314899184e-05
A,macaroni1,gap_ss2d_l1,18,0.8741427659988403,0.87270587682724,0.8717275261878967,2,0.0006475792033597827
A,macaroni1,gap_normal,54,0.5780320763587952,0.3333333432674408,0.04315662756562233,3,0.2109314650297165
A,macaroni1,gap_abnormal,54,0.5561487674713135,0.3333333432674408,0.04195157438516617,3,0.20663513243198395
A,macaroni1,ss2d_normal,54,1.0,0.3333333432674408,7.421155845989598e-35,3,0.471404492855072
A,macaroni1,ss2d_abnormal,54,1.0,0.3333333432674408,8.897763291473962e-35,3,0.471404492855072
A,macaroni1,final_normal,54,0.5202288627624512,0.3333333432674408,0.13884097337722778,3,0.14655384421348572
A,macaroni1,final_abnormal,54,0.5005338788032532,0.3333333432674408,0.13775642216205597,3,0.14123742282390594
A,macaroni1,entropy_normal,18,0.998319685459137,0.9946105480194092,0.9809610843658447,3,0.005458824336528778
A,macaroni1,entropy_abnormal,18,1.0029633045196533,0.9996017813682556,0.987307071685791,3,0.0049350024200975895
A,macaroni1,routing_l1,18,0.04155896604061127,0.03766185790300369,0.03661376237869263,3,0.0015522247413173318
A,macaroni1,gap_ss2d_l1,18,1.913686752319336,1.892759084701538,1.8868825435638428,3,0.008517441339790821
H,macaroni1,gap_normal,54,0.5859322547912598,0.3333333432674408,0.056045401841402054,1,0.21673065423965454
H,macaroni1,gap_abnormal,54,0.574910044670105,0.3333333432674408,0.0459415577352047,1,0.2181117981672287
H,macaroni1,ss2d_normal,54,0.9999995231628418,0.3333333432674408,1.0347384943452213e-30,1,0.47140413522720337
H,macaroni1,ss2d_abnormal,54,0.9999948740005493,0.3333333432674408,5.4160064674411936e-33,1,0.4714008867740631
H,macaroni1,final_normal,54,0.6273390054702759,0.3333333432674408,0.05044085904955864,1,0.23536741733551025
H,macaroni1,final_abnormal,54,0.6174185276031494,0.3333333432674408,0.04134739935398102,1,0.2350032776594162
H,macaroni1,entropy_normal,18,0.8096401691436768,0.808859646320343,0.8080936074256897,1,0.00042256538290530443
H,macaroni1,entropy_abnormal,18,0.7977876663208008,0.7970549464225769,0.7963368892669678,1,0.00039679501787759364
H,macaroni1,routing_l1,18,0.03802784904837608,0.03796764835715294,0.0379074290394783,1,3.1418821890838444e-05
H,macaroni1,gap_ss2d_l1,18,0.8300043344497681,0.8290607929229736,0.8281345367431641,1,0.0005103177390992641
H,macaroni1,gap_normal,54,0.68831467628479,0.3333333730697632,0.021648386493325233,2,0.27292078733444214
H,macaroni1,gap_abnormal,54,0.7186063528060913,0.3333333432674408,0.02153640240430832,2,0.2881971597671509
H,macaroni1,ss2d_normal,54,1.0,0.3333333432674408,6.209153495423264e-42,2,0.471404492855072
H,macaroni1,ss2d_abnormal,54,1.0,0.3333333432674408,1.4769685813983572e-42,2,0.471404492855072
H,macaroni1,final_normal,54,0.6194831728935242,0.3333333730697632,0.11948354542255402,2,0.20948724448680878
H,macaroni1,final_abnormal,54,0.6467456817626953,0.3333333432674408,0.11938276141881943,2,0.22543638944625854
H,macaroni1,entropy_normal,18,0.9070616960525513,0.9027284979820251,0.901099443435669,2,0.0013857576996088028
H,macaroni1,entropy_abnormal,18,0.882500410079956,0.8773423433303833,0.8754031658172607,2,0.001649669953621924
H,macaroni1,routing_l1,18,0.054524995386600494,0.054263968020677567,0.053550779819488525,2,0.00022617023205384612
H,macaroni1,gap_ss2d_l1,18,1.9567031860351562,1.9556925296783447,1.952937364578247,2,0.000873611425049603
H,macaroni1,gap_normal,54,0.565696656703949,0.333333283662796,0.06289011240005493,3,0.1963118463754654
H,macaroni1,gap_abnormal,54,0.5687547922134399,0.3333333432674408,0.05658658593893051,3,0.20063385367393494
H,macaroni1,ss2d_normal,54,0.9999998807907104,0.3333333432674408,3.433121367052136e-20,3,0.47101038694381714
H,macaroni1,ss2d_abnormal,54,1.0,0.3333333432674408,3.811594948268933e-21,3,0.4710043668746948
H,macaroni1,final_normal,54,0.609097421169281,0.333333283662796,0.05660109966993332,3,0.2115759551525116
H,macaroni1,final_abnormal,54,0.6118485927581787,0.3333333432674408,0.05092792585492134,3,0.21522991359233856
H,macaroni1,entropy_normal,18,1.0027143955230713,0.866240918636322,0.8308175802230835,3,0.03718763217329979
H,macaroni1,entropy_abnormal,18,0.9970005750656128,0.8551394939422607,0.8187781572341919,3,0.03854291886091232
H,macaroni1,routing_l1,18,0.011953726410865784,0.01172927301377058,0.011346373707056046,3,0.00021996890427544713
H,macaroni1,gap_ss2d_l1,18,1.8701452016830444,0.954344630241394,0.8574819564819336,3,0.22318951785564423
A,macaroni1,gap_normal,54,0.588695228099823,0.3333333730697632,0.043344270437955856,1,0.22387029230594635
A,macaroni1,gap_abnormal,54,0.5489755868911743,0.3333333432674408,0.039259281009435654,1,0.21526890993118286
A,macaroni1,ss2d_normal,54,1.0,0.3333333432674408,2.3938943582970462e-29,1,0.471404492855072
A,macaroni1,ss2d_abnormal,54,1.0,0.3333333432674408,1.1032363933427781e-29,1,0.471404492855072
A,macaroni1,final_normal,54,0.5298256874084473,0.333333283662796,0.13900984823703766,1,0.15945161879062653
A,macaroni1,final_abnormal,54,0.49407801032066345,0.3333333432674408,0.1353333592414856,1,0.14872725307941437
A,macaroni1,entropy_normal,18,0.9774030447006226,0.9769874215126038,0.9768279790878296,1,0.0001606674341019243
A,macaroni1,entropy_abnormal,18,0.9873443841934204,0.9870184659957886,0.9868937134742737,1,0.0001260336284758523
A,macaroni1,routing_l1,18,0.07884840667247772,0.07876969873905182,0.07856510579586029,1,7.871011621318758e-05
A,macaroni1,gap_ss2d_l1,18,1.91331148147583,1.9130969047546387,1.9125369787216187,1,0.00021632878633681685
A,macaroni1,gap_normal,54,0.5639481544494629,0.3333333432674408,0.05947404354810715,2,0.20763538777828217
A,macaroni1,gap_abnormal,54,0.545719563961029,0.3333333432674408,0.06259530037641525,2,0.20096330344676971
A,macaroni1,ss2d_normal,54,0.9999964237213135,0.3333333432674408,5.225810599857384e-31,2,0.47140198945999146
A,macaroni1,ss2d_abnormal,54,0.9999651908874512,0.3333333432674408,6.354641210375757e-30,2,0.4713798761367798
A,macaroni1,final_normal,54,0.6075530052185059,0.3333333432674408,0.053526636213064194,2,0.22567391395568848
A,macaroni1,final_abnormal,54,0.5911441445350647,0.3333333432674408,0.05633576959371567,2,0.21824654936790466
A,macaroni1,entropy_normal,18,0.8327226638793945,0.827645480632782,0.8261650800704956,2,0.0015281024388968945
A,macaroni1,entropy_abnormal,18,0.8465681076049805,0.8417614698410034,0.8403616547584534,2,0.0014466571155935526
A,macaroni1,routing_l1,18,0.03281774744391441,0.032659560441970825,0.032122205942869186,2,0.00016186283028218895
A,macaroni1,gap_ss2d_l1,18,0.8796963691711426,0.873810887336731,0.8720965385437012,2,0.0017707893857732415
A,macaroni1,gap_normal,54,0.5876839756965637,0.33333340287208557,0.03729422017931938,3,0.21597005426883698
A,macaroni1,gap_abnormal,54,0.5643108487129211,0.3333333432674408,0.03612717241048813,3,0.2111484259366989
A,macaroni1,ss2d_normal,54,1.0,0.3333333432674408,7.421325741657491e-35,3,0.471404492855072
A,macaroni1,ss2d_abnormal,54,1.0,0.3333333432674408,8.898306268844997e-35,3,0.471404492855072
A,macaroni1,final_normal,54,0.5289155840873718,0.3333333432674408,0.1335648000240326,3,0.15135391056537628
A,macaroni1,final_abnormal,54,0.5078797340393066,0.3333333432674408,0.13251444697380066,3,0.14548183977603912
A,macaroni1,entropy_normal,18,0.9984240531921387,0.987646758556366,0.9723594784736633,3,0.009950816631317139
A,macaroni1,entropy_abnormal,18,1.0030570030212402,0.9933500289916992,0.9796997308731079,3,0.00894264318048954
A,macaroni1,routing_l1,18,0.044172316789627075,0.03968353942036629,0.03658674657344818,3,0.002874698955565691
A,macaroni1,gap_ss2d_l1,18,1.925411581993103,1.903170108795166,1.8867077827453613,3,0.015009118244051933
H,macaroni1,gap_normal,54,0.5859925150871277,0.3333333432674408,0.05600546672940254,1,0.21675638854503632
H,macaroni1,gap_abnormal,54,0.574968159198761,0.33333340287208557,0.045905500650405884,1,0.21813376247882843
H,macaroni1,ss2d_normal,54,0.9999995231628418,0.3333333432674408,1.0351648696561515e-30,1,0.47140413522720337
H,macaroni1,ss2d_abnormal,54,0.9999948740005493,0.3333333432674408,5.4183622315886384e-33,1,0.4714008867740631
H,macaroni1,final_normal,54,0.6273931860923767,0.3333333432674408,0.05040491744875908,1,0.235391765832901
H,macaroni1,final_abnormal,54,0.6174708008766174,0.3333333432674408,0.041314948350191116,1,0.23502418398857117
H,macaroni1,entropy_normal,18,0.8100433349609375,0.8087935447692871,0.8079907894134521,1,0.0004561633977573365
H,macaroni1,entropy_abnormal,18,0.7981671094894409,0.7969930768013,0.7962373495101929,1,0.000428338855272159
H,macaroni1,routing_l1,18,0.038024745881557465,0.037973564118146896,0.03788013011217117,1,3.4458684240235016e-05
H,macaroni1,gap_ss2d_l1,18,0.8304904699325562,0.828980565071106,0.8280140161514282,1,0.0005511160125024617
H,macaroni1,gap_normal,54,0.6883063912391663,0.3333333730697632,0.02165057137608528,2,0.2730686366558075
H,macaroni1,gap_abnormal,54,0.7185990214347839,0.3333333432674408,0.02153874561190605,2,0.28836360573768616
H,macaroni1,ss2d_normal,54,1.0,0.3333333432674408,6.20494960003029e-42,2,0.471404492855072
H,macaroni1,ss2d_abnormal,54,1.0,0.3333333432674408,1.4755672829340324e-42,2,0.471404492855072
H,macaroni1,final_normal,54,0.6194757223129272,0.3333333432674408,0.1194855123758316,2,0.209632009267807
H,macaroni1,final_abnormal,54,0.64673912525177,0.3333333432674408,0.11938486993312836,2,0.22559820115566254
H,macaroni1,entropy_normal,18,0.9062017202377319,0.9024782180786133,0.9011074304580688,2,0.0011717657325789332
H,macaroni1,entropy_abnormal,18,0.8814802169799805,0.8770450949668884,0.8754112720489502,2,0.001395995612256229
H,macaroni1,routing_l1,18,0.05452686548233032,0.054302867501974106,0.05368697643280029,2,0.00019279868865851313
H,macaroni1,gap_ss2d_l1,18,1.9566988945007324,1.955849528312683,1.9534943103790283,2,0.0007352875545620918
H,macaroni1,gap_normal,54,0.5669845342636108,0.3333333432674408,0.062029436230659485,3,0.19554546475410461
H,macaroni1,gap_abnormal,54,0.5699569582939148,0.3333333432674408,0.05564609915018082,3,0.19987960159778595
H,macaroni1,ss2d_normal,54,0.9998120665550232,0.3333333432674408,3.3135533788598764e-20,3,0.4710068702697754
H,macaroni1,ss2d_abnormal,54,0.9998028874397278,0.3333333432674408,3.67137329415699e-21,3,0.47099992632865906
H,macaroni1,final_normal,54,0.6096597909927368,0.3333333432674408,0.055826492607593536,3,0.21474500000476837
H,macaroni1,final_abnormal,54,0.6123347282409668,0.3333333432674408,0.050081487745046616,3,0.21841949224472046
H,macaroni1,entropy_normal,18,0.8772234320640564,0.8587603569030762,0.8290988206863403,3,0.01737128384411335
H,macaroni1,entropy_abnormal,18,0.866280198097229,0.8473464846611023,0.8168810606002808,3,0.017804598435759544
H,macaroni1,routing_l1,18,0.011955894529819489,0.011737680993974209,0.011376768350601196,3,0.0002127789775840938
H,macaroni1,gap_ss2d_l1,18,0.9243835806846619,0.9011878967285156,0.85350501537323,3,0.022472642362117767
A,macaroni1,gap_normal,54,0.5889161825180054,0.3333333432674408,0.043212369084358215,1,0.22389361262321472
A,macaroni1,gap_abnormal,54,0.5491353273391724,0.3333333432674408,0.03913493454456329,1,0.21528694033622742
A,macaroni1,ss2d_normal,54,1.0,0.3333333432674408,2.3927806291213935e-29,1,0.471404492855072
A,macaroni1,ss2d_abnormal,54,1.0,0.3333333432674408,1.1027146619301091e-29,1,0.471404492855072
A,macaroni1,final_normal,54,0.530024528503418,0.3333333432674408,0.13889113068580627,1,0.15947388112545013
A,macaroni1,final_abnormal,54,0.4942217767238617,0.333333283662796,0.1352214366197586,1,0.14874409139156342
A,macaroni1,entropy_normal,18,0.9772515296936035,0.9769538044929504,0.9766313433647156,1,0.0001543799735372886
A,macaroni1,entropy_abnormal,18,0.9872263669967651,0.9869921803474426,0.9867395162582397,1,0.0001211905328091234
A,macaroni1,routing_l1,18,0.07894496619701385,0.07878659665584564,0.0786425769329071,1,7.508933049393818e-05
A,macaroni1,gap_ss2d_l1,18,1.913575291633606,1.9131420850753784,1.91274094581604,1,0.00020778192265424877
A,macaroni1,gap_normal,54,0.5641984939575195,0.3333333730697632,0.05929340422153473,2,0.20772524178028107
A,macaroni1,gap_abnormal,54,0.5459434390068054,0.333333283662796,0.06241095811128616,2,0.20104871690273285
A,macaroni1,ss2d_normal,54,0.9999964237213135,0.3333333432674408,5.225292441947542e-31,2,0.47140198945999146
A,macaroni1,ss2d_abnormal,54,0.9999651908874512,0.3333333432674408,6.354011521561909e-30,2,0.4713798761367798
A,macaroni1,final_normal,54,0.6077783107757568,0.3333333730697632,0.05336406081914902,2,0.22575868666172028
A,macaroni1,final_abnormal,54,0.5913456082344055,0.3333333432674408,0.05616986006498337,2,0.21832694113254547
A,macaroni1,entropy_normal,18,0.8318232297897339,0.8274136781692505,0.8257331848144531,2,0.0014123993460088968
A,macaroni1,entropy_abnormal,18,0.8457124829292297,0.8415408134460449,0.8399529457092285,2,0.0013359605800360441
A,macaroni1,routing_l1,18,0.0328652560710907,0.032682739198207855,0.03221616894006729,2,0.00015039494610391557
A,macaroni1,gap_ss2d_l1,18,0.8786512017250061,0.8735423684120178,0.8715959787368774,2,0.0016361708985641599
A,macaroni1,gap_normal,54,0.5839400887489319,0.333333283662796,0.03950328007340431,3,0.21407821774482727
A,macaroni1,gap_abnormal,54,0.5611499547958374,0.3333333730697632,0.03832316771149635,3,0.20945493876934052
A,macaroni1,ss2d_normal,54,1.0,0.3333333432674408,7.421268344472392e-35,3,0.471404492855072
A,macaroni1,ss2d_abnormal,54,1.0,0.3333333432674408,8.898034780159479e-35,3,0.471404492855072
A,macaroni1,final_normal,54,0.5255460739135742,0.3333333432674408,0.13555295765399933,3,0.14955294132232666
A,macaroni1,final_abnormal,54,0.5050349235534668,0.3333333432674408,0.13449084758758545,3,0.14389045536518097
A,macaroni1,entropy_normal,18,0.9985681772232056,0.9902821779251099,0.9756878614425659,3,0.00888360571116209
A,macaroni1,entropy_abnormal,18,1.0031901597976685,0.9957139492034912,0.9826312065124512,3,0.007996357046067715
A,macaroni1,routing_l1,18,0.04314650595188141,0.038912780582904816,0.036545321345329285,3,0.002554259030148387
A,macaroni1,gap_ss2d_l1,18,1.9209933280944824,1.8992671966552734,1.8864668607711792,3,0.01352054625749588
H,macaroni1,gap_normal,54,0.5860307812690735,0.3333333730697632,0.055982984602451324,1,0.21668224036693573
H,macaroni1,gap_abnormal,54,0.5749956965446472,0.3333333730697632,0.04588530957698822,1,0.21807007491588593
H,macaroni1,ss2d_normal,54,0.9999995231628418,0.3333333432674408,1.034975285927251e-30,1,0.47140413522720337
H,macaroni1,ss2d_abnormal,54,0.9999948740005493,0.3333333432674408,5.4172462466393265e-33,1,0.4714008867740631
H,macaroni1,final_normal,54,0.6274276375770569,0.3333333432674408,0.05038468539714813,1,0.2353217452764511
H,macaroni1,final_abnormal,54,0.617495596408844,0.3333333432674408,0.04129677638411522,1,0.23496350646018982
H,macaroni1,entropy_normal,18,0.8096643686294556,0.8089842200279236,0.8079303503036499,1,0.0005098321125842631
H,macaroni1,entropy_abnormal,18,0.7978105545043945,0.7971721291542053,0.7961843013763428,1,0.00047863792860880494
H,macaroni1,routing_l1,18,0.0380399115383625,0.03795911371707916,0.03790707886219025,1,3.8088448491180316e-05
H,macaroni1,gap_ss2d_l1,18,0.8300329446792603,0.8292109370231628,0.8279374837875366,1,0.0006157864700071514
H,macaroni1,gap_normal,54,0.6886397004127502,0.3333333432674408,0.021549861878156662,2,0.2727908790111542
H,macaroni1,gap_abnormal,54,0.718961775302887,0.333333283662796,0.021437546238303185,2,0.28805023431777954
H,macaroni1,ss2d_normal,54,1.0,0.3333333432674408,6.200745704637316e-42,2,0.471404492855072
H,macaroni1,ss2d_abnormal,54,1.0,0.3333333432674408,1.4755672829340324e-42,2,0.471404492855072
H,macaroni1,final_normal,54,0.6197757124900818,0.33333325386047363,0.11939487606287003,2,0.2093597799539566
H,macaroni1,final_abnormal,54,0.6470655798912048,0.3333333432674408,0.11929379403591156,2,0.22529324889183044
H,macaroni1,entropy_normal,18,0.9045993089675903,0.9029483795166016,0.9007771015167236,2,0.0011696778237819672
H,macaroni1,entropy_abnormal,18,0.8795682191848755,0.8776044845581055,0.8750177025794983,2,0.0013935910537838936
H,macaroni1,routing_l1,18,0.0545797124505043,0.0542277954518795,0.05396394431591034,2,0.0001908824051497504
H,macaroni1,gap_ss2d_l1,18,1.9569002389907837,1.9555574655532837,1.954524040222168,2,0.0007277216063812375
H,macaroni1,gap_normal,54,0.5659317970275879,0.3333333432674408,0.06278487294912338,3,0.1976037472486496
H,macaroni1,gap_abnormal,54,0.568927526473999,0.3333333432674408,0.05635754391551018,3,0.20190003514289856
H,macaroni1,ss2d_normal,54,0.9998088479042053,0.3333333432674408,3.607782492097269e-20,3,0.4683227837085724
H,macaroni1,ss2d_abnormal,54,0.9997996687889099,0.3333333432674408,4.018243890771573e-21,3,0.4683791399002075
H,macaroni1,final_normal,54,0.6084210872650146,0.3333333432674408,0.056506384164094925,3,0.21651101112365723
H,macaroni1,final_abnormal,54,0.6111587285995483,0.3333333432674408,0.05072178691625595,3,0.2201572209596634
H,macaroni1,entropy_normal,18,0.8769462704658508,0.8541182279586792,0.8314542174339294,3,0.01698516309261322
H,macaroni1,entropy_abnormal,18,0.8659939765930176,0.8425716757774353,0.8192098140716553,3,0.017429161816835403
H,macaroni1,routing_l1,18,0.01195475459098816,0.011683502234518528,0.011340685188770294,3,0.0002077217650366947
H,macaroni1,gap_ss2d_l1,18,0.9240407347679138,0.8872478008270264,0.7480860352516174,3,0.04128503054380417
A,macaroni1,gap_normal,54,0.5887004137039185,0.3333333730697632,0.04334115982055664,1,0.2238200306892395
A,macaroni1,gap_abnormal,54,0.5489796996116638,0.333333283662796,0.03925619646906853,1,0.21522998809814453
A,macaroni1,ss2d_normal,54,1.0,0.3333333432674408,2.3971842378465795e-29,1,0.471404492855072
A,macaroni1,ss2d_abnormal,54,1.0,0.3333333432674408,1.1047608872643821e-29,1,0.471404492855072
A,macaroni1,final_normal,54,0.5298303365707397,0.3333333432674408,0.13900704681873322,1,0.15940360724925995
A,macaroni1,final_abnormal,54,0.4940817058086395,0.3333333432674408,0.13533057272434235,1,0.14869089424610138
A,macaroni1,entropy_normal,18,0.9773484468460083,0.9770597815513611,0.9768233299255371,1,0.0001538451761007309
A,macaroni1,entropy_abnormal,18,0.987301230430603,0.98707515001297,0.9868898391723633,1,0.00012072431854903698
A,macaroni1,routing_l1,18,0.07885020971298218,0.07873421162366867,0.07859155535697937,1,7.520052895415574e-05
A,macaroni1,gap_ss2d_l1,18,1.9133176803588867,1.9129995107650757,1.9126107692718506,1,0.00020718613814096898
A,macaroni1,gap_normal,54,0.5640999674797058,0.3333333432674408,0.059364691376686096,2,0.20762227475643158
A,macaroni1,gap_abnormal,54,0.5458552837371826,0.3333333432674408,0.062483273446559906,2,0.20095126330852509
A,macaroni1,ss2d_normal,54,0.9999964237213135,0.3333333432674408,5.225970467089096e-31,2,0.47140198945999146
A,macaroni1,ss2d_abnormal,54,0.9999651908874512,0.3333333432674408,6.354835308002965e-30,2,0.4713798761367798
A,macaroni1,final_normal,54,0.607689619064331,0.333333283662796,0.05342822149395943,2,0.2256615310907364
A,macaroni1,final_abnormal,54,0.5912662744522095,0.333333283662796,0.056234944611787796,2,0.21823520958423615
A,macaroni1,entropy_normal,18,0.8299593925476074,0.8276795148849487,0.8259036540985107,2,0.0010415279539301991
A,macaroni1,entropy_abnormal,18,0.8439512848854065,0.8417930603027344,0.8401135206222534,2,0.0009853709489107132
A,macaroni1,routing_l1,18,0.032846599817276,0.032655276358127594,0.03241228312253952,2,0.00011134026863146573
A,macaroni1,gap_ss2d_l1,18,0.8764920234680176,0.8738499879837036,0.8717929720878601,2,0.001206444576382637
A,macaroni1,gap_normal,54,0.5859324932098389,0.3333333432674408,0.038317304104566574,3,0.21664655208587646
A,macaroni1,gap_abnormal,54,0.5628302693367004,0.333333283662796,0.037146590650081635,3,0.21176600456237793
A,macaroni1,ss2d_normal,54,1.0,0.3333333432674408,7.421891677902564e-35,3,0.471404492855072
A,macaroni1,ss2d_abnormal,54,1.0,0.3333333432674408,8.899053006223131e-35,3,0.471404492855072
A,macaroni1,final_normal,54,0.5273392200469971,0.333333283662796,0.13448557257652283,3,0.15198278427124023
A,macaroni1,final_abnormal,54,0.506547212600708,0.333333283662796,0.13343194127082825,3,0.14604991674423218
A,macaroni1,entropy_normal,18,0.9984128475189209,0.9867064356803894,0.9739149808883667,3,0.009023779071867466
A,macaroni1,entropy_abnormal,18,1.0030475854873657,0.992493748664856,0.9810705184936523,3,0.008113137446343899
A,macaroni1,routing_l1,18,0.04369130730628967,0.039941899478435516,0.03658893704414368,3,0.0026015692856162786
A,macaroni1,gap_ss2d_l1,18,1.9233653545379639,1.9047132730484009,1.8867268562316895,3,0.013652350753545761
H,macaroni1,gap_normal,6,0.5858246088027954,0.3333333432674408,0.05611247569322586,1,0.21662703156471252
H,macaroni1,gap_abnormal,6,0.574819803237915,0.3333333432674408,0.046002328395843506,1,0.21802330017089844
H,macaroni1,ss2d_normal,6,0.9999995231628418,0.3333333432674408,1.0359944865491879e-30,1,0.47140416502952576
H,macaroni1,ss2d_abnormal,6,0.9999948740005493,0.3333333432674408,5.422994046672863e-33,1,0.4714008867740631
H,macaroni1,final_normal,6,0.6272420883178711,0.3333333432674408,0.050501227378845215,1,0.23526956140995026
H,macaroni1,final_abnormal,6,0.6173372864723206,0.333333283662796,0.041402094066143036,1,0.23491904139518738
H,macaroni1,entropy_normal,2,0.8099811673164368,0.8091256618499756,0.8082700967788696,1,0.0008555352687835693
H,macaroni1,entropy_abnormal,2,0.7981075048446655,0.7973039150238037,0.7965003848075867,1,0.0008035600185394287
H,macaroni1,routing_l1,2,0.03800780326128006,0.037943825125694275,0.03787984326481819,1,6.397999823093414e-05
H,macaroni1,gap_ss2d_l1,2,0.8304170966148376,0.8293834924697876,0.8283498287200928,1,0.0010336339473724365
H,macaroni1,gap_normal,6,0.6865612864494324,0.3333333432674408,0.02218337543308735,2,0.27185189723968506
H,macaroni1,gap_abnormal,6,0.7166987061500549,0.3333333432674408,0.022074241191148758,2,0.28699013590812683
H,macaroni1,ss2d_normal,6,1.0,0.3333333432674408,6.20775219695894e-42,2,0.4714045226573944
H,macaroni1,ss2d_abnormal,6,1.0,0.3333333432674408,1.4769685813983572e-42,2,0.4714045226573944
H,macaroni1,final_normal,6,0.6179051399230957,0.3333333432674408,0.11996503919363022,2,0.208440363407135
H,macaroni1,final_abnormal,6,0.645028829574585,0.3333333432674408,0.11986681818962097,2,0.2242622673511505
H,macaroni1,entropy_normal,2,0.906234860420227,0.9045345187187195,0.9028341770172119,2,0.0017003417015075684
H,macaroni1,entropy_abnormal,2,0.88151615858078,0.8794922828674316,0.877468466758728,2,0.002023845911026001
H,macaroni1,routing_l1,2,0.05424737185239792,0.05396884307265282,0.053690314292907715,2,0.00027852877974510193
H,macaroni1,gap_ss2d_l1,2,1.955633282661438,1.9545543193817139,1.9534752368927002,2,0.0010790228843688965
H,macaroni1,gap_normal,6,0.5590488314628601,0.3333333432674408,0.06770777702331543,3,0.19756297767162323
H,macaroni1,gap_abnormal,6,0.5622803568840027,0.3333333432674408,0.0613328292965889,3,0.20186495780944824
H,macaroni1,ss2d_normal,6,0.9997974038124084,0.3333333432674408,4.889389314440507e-20,3,0.4712611436843872
H,macaroni1,ss2d_abnormal,6,0.9997877478599548,0.3333333432674408,5.532702540224629e-21,3,0.4712543785572052
H,macaroni1,final_normal,6,0.603123664855957,0.3333333432674408,0.06093699857592583,3,0.2166541963815689
H,macaroni1,final_abnormal,6,0.606031060218811,0.333333283662796,0.05519954487681389,3,0.22030073404312134
H,macaroni1,entropy_normal,2,0.8660647869110107,0.8539857268333435,0.8419066667556763,3,0.012079060077667236
H,macaroni1,entropy_abnormal,2,0.8548054099082947,0.8424592018127441,0.8301130533218384,3,0.01234617829322815
H,macaroni1,routing_l1,2,0.011845536530017853,0.011660192161798477,0.011474847793579102,3,0.0001853443682193756
H,macaroni1,gap_ss2d_l1,2,0.9106844067573547,0.8960907459259033,0.8814971446990967,3,0.014593631029129028
A,macaroni1,gap_normal,6,0.5887063145637512,0.3333333432674408,0.04333744943141937,1,0.2238251119852066
A,macaroni1,gap_abnormal,6,0.5489843487739563,0.3333333432674408,0.03925279527902603,1,0.2152336984872818
A,macaroni1,ss2d_normal,6,1.0,0.3333333432674408,2.3962698725128263e-29,1,0.4714045226573944
A,macaroni1,ss2d_abnormal,6,1.0,0.3333333432674408,1.1043395900890474e-29,1,0.4714045226573944
A,macaroni1,final_normal,6,0.5298356413841248,0.3333333432674408,0.1390037089586258,1,0.15940847992897034
A,macaroni1,final_abnormal,6,0.4940859079360962,0.3333333134651184,0.1353275179862976,1,0.14869435131549835
A,macaroni1,entropy_normal,2,0.9772871732711792,0.9770525693893433,0.9768179655075073,1,0.0002346038818359375
A,macaroni1,entropy_abnormal,2,0.9872541427612305,0.987069845199585,0.9868855476379395,1,0.0001842975616455078
A,macaroni1,routing_l1,2,0.07885192334651947,0.07873813807964325,0.07862435281276703,1,0.0001137852668762207
A,macaroni1,gap_ss2d_l1,2,1.9133250713348389,1.9130090475082397,1.9126930236816406,1,0.0003160238265991211
A,macaroni1,gap_normal,6,0.5637245178222656,0.3333333432674408,0.05963650345802307,2,0.2072392702102661
A,macaroni1,gap_abnormal,6,0.5455201268196106,0.3333333432674408,0.06275885552167892,2,0.20058877766132355
A,macaroni1,ss2d_normal,6,0.9999964237213135,0.3333333432674408,5.227126213134825e-31,2,0.47140198945999146
A,macaroni1,ss2d_abnormal,6,0.9999651908874512,0.3333333432674408,6.356241387325645e-30,2,0.4713799059391022
A,macaroni1,final_normal,6,0.6073517203330994,0.3333333432674408,0.053672850131988525,2,0.22530008852481842
A,macaroni1,final_abnormal,6,0.5909646153450012,0.3333333432674408,0.05648296698927879,2,0.21789410710334778
A,macaroni1,entropy_normal,2,0.8307796716690063,0.8286659121513367,0.826552152633667,2,0.0021137595176696777
A,macaroni1,entropy_abnormal,2,0.8447307348251343,0.8427274823188782,0.8407242298126221,2,0.0020032525062561035
A,macaroni1,routing_l1,2,0.0327741764485836,0.03255239874124527,0.032330624759197235,2,0.0002217758446931839
A,macaroni1,gap_ss2d_l1,2,0.8774420619010925,0.8749929666519165,0.8725438714027405,2,0.0024490952491760254
A,macaroni1,gap_normal,6,0.5823390483856201,0.3333333432674408,0.040476299822330475,3,0.21658724546432495
A,macaroni1,gap_abnormal,6,0.5597988963127136,0.3333333432674408,0.039280105382204056,3,0.21170447766780853
A,macaroni1,ss2d_normal,6,1.0,0.3333333432674408,7.426479434907507e-35,3,0.4714045226573944
A,macaroni1,ss2d_abnormal,6,1.0,0.3333333432674408,8.905913117786133e-35,3,0.4714045226573944
A,macaroni1,final_normal,6,0.5241051316261292,0.3333333432674408,0.13642866909503937,3,0.15193431079387665
A,macaroni1,final_abnormal,6,0.5038189888000488,0.3333333432674408,0.13535209000110626,3,0.14599864184856415
A,macaroni1,entropy_normal,2,0.9964538216590881,0.9867855310440063,0.9771172404289246,3,0.009668290615081787
A,macaroni1,entropy_abnormal,2,1.0012630224227905,0.9925745129585266,0.9838860034942627,3,0.008688509464263916
A,macaroni1,routing_l1,2,0.04272541403770447,0.039927661418914795,0.03712990880012512,3,0.002797752618789673
A,macaroni1,gap_ss2d_l1,2,1.9190473556518555,1.9045106172561646,1.8899738788604736,3,0.014536738395690918
H,cashew,gap_normal,54,0.5493658781051636,0.3333333432674408,0.08282502740621567,1,0.19160857796669006
H,cashew,gap_abnormal,54,0.5489588379859924,0.3333333432674408,0.06225798651576042,1,0.20216742157936096
H,cashew,ss2d_normal,54,0.9999934434890747,0.3333333432674408,4.743747014293479e-25,1,0.47139987349510193
H,cashew,ss2d_abnormal,54,0.9999607801437378,0.3333333432674408,1.0802270224169576e-28,1,0.4713767468929291
H,cashew,final_normal,54,0.5944286584854126,0.3333333432674408,0.07454252243041992,1,0.21186654269695282
H,cashew,final_abnormal,54,0.5940589904785156,0.3333333432674408,0.05603218823671341,1,0.2196226865053177
H,cashew,entropy_normal,18,0.8709453344345093,0.869624137878418,0.8687047958374023,1,0.0006222932133823633
H,cashew,entropy_abnormal,18,0.8405417203903198,0.8392084836959839,0.8382803797721863,1,0.000628075038548559
H,cashew,routing_l1,18,0.03775998204946518,0.037724241614341736,0.03766728937625885,1,2.5528901460347697e-05
H,cashew,gap_ss2d_l1,18,0.904089093208313,0.9024166464805603,0.9012550711631775,1,0.0007869149558246136
H,cashew,gap_normal,54,0.651229202747345,0.3333333432674408,0.03319721668958664,2,0.2515154480934143
H,cashew,gap_abnormal,54,0.692571759223938,0.3333333432674408,0.03217235952615738,2,0.2714083194732666
H,cashew,ss2d_normal,54,1.0,0.3333333432674408,3.427160810977554e-36,2,0.471404492855072
H,cashew,ss2d_abnormal,54,1.0,0.3333333432674408,2.3896694718305344e-37,2,0.471404492855072
H,cashew,final_normal,54,0.5861062407493591,0.3333333432674408,0.1298774927854538,2,0.18841737508773804
H,cashew,final_abnormal,54,0.6233145594596863,0.3333333432674408,0.12895512580871582,2,0.20944057404994965
H,cashew,entropy_normal,18,0.9410163760185242,0.93747478723526,0.9357289671897888,2,0.0013360921293497086
H,cashew,entropy_abnormal,18,0.9111363887786865,0.9066709876060486,0.9044673442840576,2,0.0016857021255418658
H,cashew,routing_l1,18,0.07441657781600952,0.0739348828792572,0.07294520735740662,2,0.0003720290551427752
H,cashew,gap_ss2d_l1,18,1.9336055517196655,1.9320577383041382,1.9288575649261475,2,0.001197704579681158
H,cashew,gap_normal,54,0.5669842958450317,0.3333333432674408,0.06608374416828156,3,0.19457794725894928
H,cashew,gap_abnormal,54,0.5569947361946106,0.3333333432674408,0.05892844870686531,3,0.19606035947799683
H,cashew,ss2d_normal,54,1.0,0.3333333432674408,1.235467809290506e-28,3,0.47005102038383484
H,cashew,ss2d_abnormal,54,1.0,0.3333333432674408,6.225390246248607e-30,3,0.46909767389297485
H,cashew,final_normal,54,0.6102695465087891,0.3333333432674408,0.0594753697514534,3,0.20299257338047028
H,cashew,final_abnormal,54,0.6012382507324219,0.333333283662796,0.05303560197353363,3,0.2028684765100479
H,cashew,entropy_normal,18,1.031046986579895,0.887389063835144,0.8351216316223145,3,0.0614839531481266
H,cashew,entropy_abnormal,18,1.027994990348816,0.8814682364463806,0.828841507434845,3,0.062898188829422
H,cashew,routing_l1,18,0.03421873599290848,0.02887246385216713,0.02636466920375824,3,0.0023069768212735653
H,cashew,gap_ss2d_l1,18,1.8565342426300049,1.050987720489502,0.8099783658981323,3,0.35358262062072754
A,cashew,gap_normal,54,0.5614270567893982,0.33333325386047363,0.06284414976835251,1,0.20515577495098114
A,cashew,gap_abnormal,54,0.5255647301673889,0.3333333432674408,0.0517590157687664,1,0.20302976667881012
A,cashew,ss2d_normal,54,1.0,0.3333333432674408,5.28908014857791e-25,1,0.471404492855072
A,cashew,ss2d_abnormal,54,1.0,0.3333333432674408,1.9345818379950055e-26,1,0.471404492855072
A,cashew,final_normal,54,0.505284309387207,0.3333333432674408,0.15655973553657532,1,0.1418568342924118
A,cashew,final_abnormal,54,0.47300824522972107,0.3333333432674408,0.14658311009407043,1,0.13693779706954956
A,cashew,entropy_normal,18,1.0034857988357544,1.002636432647705,1.0018806457519531,1,0.00043460095184855163
A,cashew,entropy_abnormal,18,1.0045595169067383,1.0038635730743408,1.0032458305358887,1,0.0003556279989425093
A,cashew,routing_l1,18,0.08450540900230408,0.08411812782287598,0.08368323743343353,1,0.0002223479823442176
A,cashew,gap_ss2d_l1,18,1.8743116855621338,1.8730286359786987,1.8715789318084717,1,0.0007397723384201527
A,cashew,gap_normal,54,0.5556980967521667,0.3333333432674408,0.06907692551612854,2,0.19953453540802002
A,cashew,gap_abnormal,54,0.5331118702888489,0.333333283662796,0.07068638503551483,2,0.1927306056022644
A,cashew,ss2d_normal,54,0.9999955892562866,0.3333333432674408,4.358906687470591e-29,2,0.4714013636112213
A,cashew,ss2d_abnormal,54,0.9999067783355713,0.3333333432674408,2.9496411544392577e-28,2,0.47133854031562805
A,cashew,final_normal,54,0.6001278162002563,0.3333333432674408,0.06216923147439957,2,0.21839913725852966
A,cashew,final_abnormal,54,0.5797913670539856,0.333333283662796,0.06361774355173111,2,0.21022926270961761
A,cashew,entropy_normal,18,0.856737494468689,0.848961591720581,0.8457388877868652,2,0.002702898345887661
A,cashew,entropy_abnormal,18,0.8692554235458374,0.8620032668113708,0.8589993715286255,2,0.0025202527176588774
A,cashew,routing_l1,18,0.04067283868789673,0.0401785634458065,0.03898747265338898,2,0.0004131154273636639
A,cashew,gap_ss2d_l1,18,0.9017294645309448,0.8924353718757629,0.8885951042175293,2,0.0032255498226732016
A,cashew,gap_normal,54,0.5816654562950134,0.3333333432674408,0.042938172817230225,3,0.2131146937608719
A,cashew,gap_abnormal,54,0.5515521168708801,0.3333333432674408,0.038736071437597275,3,0.20874129235744476
A,cashew,ss2d_normal,54,1.0,0.3333333432674408,2.0265212571541207e-32,3,0.471404492855072
A,cashew,ss2d_abnormal,54,1.0,0.3333333432674408,4.972004618720353e-33,3,0.471404492855072
A,cashew,final_normal,54,0.5234988927841187,0.3333333432674408,0.13864435255527496,3,0.14885015785694122
A,cashew,final_abnormal,54,0.49639689922332764,0.3333333730697632,0.13486246764659882,3,0.14279134571552277
A,cashew,entropy_normal,18,1.0061911344528198,0.9917157292366028,0.9793782234191895,3,0.010246971622109413
A,cashew,entropy_abnormal,18,1.0089881420135498,0.9963411688804626,0.9857415556907654,3,0.008904513902962208
A,cashew,routing_l1,18,0.06176772713661194,0.05702142417430878,0.05151917040348053,3,0.0039265756495296955
A,cashew,gap_ss2d_l1,18,1.9141236543655396,1.8951441049575806,1.8717178106307983,3,0.0162368081510067
H,cashew,gap_normal,54,0.5492161512374878,0.3333333730697632,0.08294211328029633,1,0.19156526029109955
H,cashew,gap_abnormal,54,0.5488279461860657,0.333333283662796,0.062363747507333755,1,0.20212961733341217
H,cashew,ss2d_normal,54,0.9999934434890747,0.3333333432674408,4.7424266583533655e-25,1,0.47139987349510193
H,cashew,ss2d_abnormal,54,0.9999607801437378,0.3333333432674408,1.079872771677812e-28,1,0.4713767468929291
H,cashew,final_normal,54,0.5942938923835754,0.3333333432674408,0.07464790344238281,1,0.21182610094547272
H,cashew,final_abnormal,54,0.5939412117004395,0.333333283662796,0.05612737312912941,1,0.21958710253238678
H,cashew,entropy_normal,18,0.8709357380867004,0.8697211742401123,0.8689407110214233,1,0.0006041399901732802
H,cashew,entropy_abnormal,18,0.8405325412750244,0.839306116104126,0.8385170698165894,1,0.0006099008023738861
H,cashew,routing_l1,18,0.037757985293865204,0.03772006928920746,0.03767189383506775,1,2.3619370040250942e-05
H,cashew,gap_ss2d_l1,18,0.9040731191635132,0.9025393724441528,0.901554524898529,1,0.0007635979563929141
H,cashew,gap_normal,54,0.6510546207427979,0.3333333432674408,0.03326915577054024,2,0.25127625465393066
H,cashew,gap_abnormal,54,0.6923723220825195,0.3333333432674408,0.032243918627500534,2,0.2711259424686432
H,cashew,ss2d_normal,54,1.0,0.3333333432674408,3.4284683906005846e-36,2,0.471404492855072
H,cashew,ss2d_abnormal,54,1.0,0.3333333432674408,2.3905447789032902e-37,2,0.471404492855072
H,cashew,final_normal,54,0.5859491229057312,0.333333283662796,0.12994223833084106,2,0.18818596005439758
H,cashew,final_abnormal,54,0.6231350898742676,0.3333333432674408,0.12901952862739563,2,0.20916855335235596
H,cashew,entropy_normal,18,0.9429224729537964,0.9378509521484375,0.9358933568000793,2,0.001809123670682311
H,cashew,entropy_abnormal,18,0.9135374426841736,0.9071449637413025,0.9046748876571655,2,0.002281753346323967
H,cashew,routing_l1,18,0.07437190413475037,0.07382959872484207,0.07240040600299835,2,0.0005077681853435934
H,cashew,gap_ss2d_l1,18,1.9334616661071777,1.931715488433838,1.92708420753479,2,0.0016378326108679175
H,cashew,gap_normal,54,0.568863034248352,0.3333333432674408,0.06480485945940018,3,0.19709786772727966
H,cashew,gap_abnormal,54,0.5586236715316772,0.3333333432674408,0.05760135129094124,3,0.19838955998420715
H,cashew,ss2d_normal,54,1.0,0.3333333432674408,1.6342236423404226e-19,3,0.45062798261642456
H,cashew,ss2d_abnormal,54,1.0,0.3333333432674408,2.4923704719827118e-20,3,0.45055249333381653
H,cashew,final_normal,54,0.6118073463439941,0.3333333432674408,0.05832437053322792,3,0.20350481569766998
H,cashew,final_abnormal,54,0.6023473143577576,0.3333333432674408,0.051841214299201965,3,0.20328761637210846
H,cashew,entropy_normal,18,1.0092037916183472,0.885427713394165,0.8321908712387085,3,0.056745484471321106
H,cashew,entropy_abnormal,18,1.0072373151779175,0.879622220993042,0.8259741067886353,3,0.0586041584610939
H,cashew,routing_l1,18,0.03495505079627037,0.02924952283501625,0.026355870068073273,3,0.0025011945981532335
H,cashew,gap_ss2d_l1,18,1.8613004684448242,0.9763354063034058,0.03069309890270233,3,0.43189048767089844
A,cashew,gap_normal,54,0.5613968372344971,0.3333333730697632,0.06286633759737015,1,0.20521746575832367
A,cashew,gap_abnormal,54,0.5255443453788757,0.3333333432674408,0.051779117435216904,1,0.20307782292366028
A,cashew,ss2d_normal,54,1.0,0.3333333432674408,5.2815997750441515e-25,1,0.471404492855072
A,cashew,ss2d_abnormal,54,1.0,0.3333333432674408,1.9316618200505234e-26,1,0.471404492855072
A,cashew,final_normal,54,0.5052571296691895,0.3333333730697632,0.15657970309257507,1,0.14191478490829468
A,cashew,final_abnormal,54,0.47298988699913025,0.3333333432674408,0.14660120010375977,1,0.13698194921016693
A,cashew,entropy_normal,18,1.0030572414398193,1.0025569200515747,1.0019069910049438,1,0.0003465186746325344
A,cashew,entropy_abnormal,18,1.0042082071304321,1.0037986040115356,1.0032671689987183,1,0.00028340661083348095
A,cashew,routing_l1,18,0.08449152112007141,0.08415990322828293,0.08390742540359497,1,0.00017679602024145424
A,cashew,gap_ss2d_l1,18,1.874267339706421,1.8731640577316284,1.8723114728927612,1,0.0005892448243685067
A,cashew,gap_normal,54,0.5558223128318787,0.3333333432674408,0.06898277252912521,2,0.19944891333580017
A,cashew,gap_abnormal,54,0.5332162976264954,0.3333333432674408,0.07059173285961151,2,0.19265185296535492
A,cashew,ss2d_normal,54,0.9999955892562866,0.3333333432674408,4.359006595086456e-29,2,0.4714013636112213
A,cashew,ss2d_abnormal,54,0.9999067783355713,0.3333333432674408,2.949663543374861e-28,2,0.47133854031562805
A,cashew,final_normal,54,0.600239634513855,0.333333283662796,0.062084492295980453,2,0.21831877529621124
A,cashew,final_abnormal,54,0.5798853635787964,0.3333333432674408,0.06353256106376648,2,0.2101556360721588
A,cashew,entropy_normal,18,0.8562866449356079,0.849168598651886,0.8455311059951782,2,0.0031465087085962296
A,cashew,entropy_abnormal,18,0.8688341379165649,0.8621959090232849,0.8588067293167114,2,0.002933713374659419
A,cashew,routing_l1,18,0.0407085157930851,0.04014705866575241,0.03906812518835068,2,0.0004783006734214723
A,cashew,gap_ss2d_l1,18,0.9011824131011963,0.8926829099655151,0.8883465528488159,2,0.003753804601728916
A,cashew,gap_normal,54,0.5807356834411621,0.333333283662796,0.04352247714996338,3,0.21395552158355713
A,cashew,gap_abnormal,54,0.5508419275283813,0.3333333432674408,0.03927260637283325,3,0.2094656229019165
A,cashew,ss2d_normal,54,1.0,0.3333333432674408,2.02686141583189e-32,3,0.471404492855072
A,cashew,ss2d_abnormal,54,1.0,0.3333333432674408,4.973370396219215e-33,3,0.471404492855072
A,cashew,final_normal,54,0.5226621031761169,0.3333333432674408,0.13917022943496704,3,0.1496431976556778
A,cashew,final_abnormal,54,0.49575772881507874,0.3333333432674408,0.13534533977508545,3,0.14346268773078918
A,cashew,entropy_normal,18,1.0060091018676758,0.9905635118484497,0.9802112579345703,3,0.010146353393793106
A,cashew,entropy_abnormal,18,1.0088255405426025,0.995331883430481,0.9864159226417542,3,0.00881209596991539
A,cashew,routing_l1,18,0.0614585280418396,0.05747981742024422,0.051585376262664795,3,0.0038786414079368114
A,cashew,gap_ss2d_l1,18,1.9129550457000732,1.896949291229248,1.8720428943634033,3,0.016083527356386185
H,cashew,gap_normal,54,0.549146831035614,0.3333333432674408,0.08299824595451355,1,0.19127848744392395
H,cashew,gap_abnormal,54,0.5487629771232605,0.333333283662796,0.06241423636674881,1,0.20187728106975555
H,cashew,ss2d_normal,54,0.9999934434890747,0.3333333432674408,4.745466731066861e-25,1,0.47139987349510193
H,cashew,ss2d_abnormal,54,0.9999607801437378,0.3333333432674408,1.0806721529753541e-28,1,0.4713767468929291
H,cashew,final_normal,54,0.5942314863204956,0.3333333432674408,0.07469841837882996,1,0.21155835688114166
H,cashew,final_abnormal,54,0.5938827395439148,0.333333283662796,0.05617281049489975,1,0.21934950351715088
H,cashew,entropy_normal,18,0.8784431219100952,0.8703626990318298,0.8690524101257324,1,0.0020329677499830723
H,cashew,entropy_abnormal,18,0.8481506705284119,0.8399558663368225,0.8386311531066895,1,0.0020611032377928495
H,cashew,routing_l1,18,0.037828125059604645,0.037719860672950745,0.037649959325790405,1,3.4514014259912074e-05
H,cashew,gap_ss2d_l1,18,0.9136327505111694,0.9033539295196533,0.9016932249069214,1,0.002585026202723384
H,cashew,gap_normal,54,0.6513427495956421,0.3333333432674408,0.033149201422929764,2,0.24855130910873413
H,cashew,gap_abnormal,54,0.6927061676979065,0.3333333432674408,0.03212546184659004,2,0.26803553104400635
H,cashew,ss2d_normal,54,1.0,0.3333333432674408,3.428259249607381e-36,2,0.471404492855072
H,cashew,ss2d_abnormal,54,1.0,0.3333333432674408,2.3906723531154824e-37,2,0.471404492855072
H,cashew,final_normal,54,0.5862084627151489,0.3333333432674408,0.12983427941799164,2,0.185715451836586
H,cashew,final_abnormal,54,0.6234355568885803,0.3333333432674408,0.12891291081905365,2,0.2063537985086441
H,cashew,entropy_normal,18,1.0240802764892578,0.94203120470047,0.9356211423873901,2,0.019929170608520508
H,cashew,entropy_abnormal,18,1.0122071504592896,0.912211000919342,0.9043281078338623,2,0.024290917441248894
H,cashew,routing_l1,18,0.07445412874221802,0.07248929142951965,0.04656822979450226,2,0.006293798331171274
H,cashew,gap_ss2d_l1,18,1.9337016344070435,1.9257322549819946,1.8140642642974854,2,0.027100568637251854
H,cashew,gap_normal,54,0.5673164129257202,0.3333333432674408,0.06585267186164856,3,0.1896483600139618
H,cashew,gap_abnormal,54,0.5572882890701294,0.3333333432674408,0.05869494751095772,3,0.1911589503288269
H,cashew,ss2d_normal,54,1.0,0.3333333432674408,5.651080976190527e-28,3,0.4699103534221649
H,cashew,ss2d_abnormal,54,1.0,0.3333333432674408,3.1688796905851325e-29,3,0.46877413988113403
H,cashew,final_normal,54,0.610566258430481,0.3333333432674408,0.059267401695251465,3,0.2042798101902008
H,cashew,final_abnormal,54,0.6014959812164307,0.3333333432674408,0.0528254508972168,3,0.204148530960083
H,cashew,entropy_normal,18,1.0971119403839111,0.8839476108551025,0.8345824480056763,3,0.06522007286548615
H,cashew,entropy_abnormal,18,1.096830129623413,0.8778965473175049,0.8283044099807739,3,0.06682021170854568
H,cashew,routing_l1,18,0.03329840302467346,0.02789185382425785,0.012426257133483887,3,0.0044057611376047134
H,cashew,gap_ss2d_l1,18,1.8366122245788574,0.98214191198349,0.8367013931274414,3,0.2530437707901001
A,cashew,gap_normal,54,0.5611360669136047,0.3333333432674408,0.06305916607379913,1,0.2050308734178543
A,cashew,gap_abnormal,54,0.5253643989562988,0.333333283662796,0.05195491760969162,1,0.2029317319393158
A,cashew,ss2d_normal,54,1.0,0.3333333432674408,5.2952377009812255e-25,1,0.471404492855072
A,cashew,ss2d_abnormal,54,1.0,0.3333333432674408,1.936952426644953e-26,1,0.471404492855072
A,cashew,final_normal,54,0.5050224661827087,0.3333333432674408,0.15675324201583862,1,0.14173978567123413
A,cashew,final_abnormal,54,0.4728279411792755,0.33333325386047363,0.14675942063331604,1,0.1368478238582611
A,cashew,entropy_normal,18,1.0056543350219727,1.0027968883514404,1.0021346807479858,1,0.0007613797206431627
A,cashew,entropy_abnormal,18,1.00634765625,1.0039957761764526,1.003453254699707,1,0.0006260920199565589
A,cashew,routing_l1,18,0.08437663316726685,0.08403700590133667,0.08257263898849487,1,0.00039003274287097156
A,cashew,gap_ss2d_l1,18,1.8738816976547241,1.8727518320083618,1.867822527885437,1,0.001310599036514759
A,cashew,gap_normal,54,0.5559385418891907,0.333333283662796,0.06889322400093079,2,0.19697293639183044
A,cashew,gap_abnormal,54,0.533318281173706,0.333333283662796,0.07050135731697083,2,0.19029687345027924
A,cashew,ss2d_normal,54,0.9999955892562866,0.3333333432674408,4.358507658860238e-29,2,0.4714013636112213
A,cashew,ss2d_abnormal,54,0.9999067783355713,0.3333333432674408,2.9493373389905306e-28,2,0.4713382124900818
A,cashew,final_normal,54,0.6003442406654358,0.3333333432674408,0.06200389936566353,2,0.21596659719944
A,cashew,final_abnormal,54,0.5799770951271057,0.333333283662796,0.06345122307538986,2,0.20793451368808746
A,cashew,entropy_normal,18,0.9675632119178772,0.8549259305000305,0.8453344106674194,2,0.027410419657826424
A,cashew,entropy_abnormal,18,0.9735841751098633,0.8676198720932007,0.8586217164993286,2,0.025785038247704506
A,cashew,routing_l1,18,0.04073423519730568,0.0392974391579628,0.02261902391910553,2,0.004059594124555588
A,cashew,gap_ss2d_l1,18,1.046176791191101,0.9002318978309631,0.8881141543388367,2,0.035497598350048065
A,cashew,gap_normal,54,0.5824676156044006,0.3333333432674408,0.0424344576895237,3,0.20835648477077484
A,cashew,gap_abnormal,54,0.552162766456604,0.3333333432674408,0.03828375041484833,3,0.20433394610881805
A,cashew,ss2d_normal,54,1.0,0.3333333432674408,2.0260110926058639e-32,3,0.471404492855072
A,cashew,ss2d_abnormal,54,1.0,0.3333333432674408,4.969501550437071e-33,3,0.471404492855072
A,cashew,final_normal,54,0.5242208242416382,0.3333333432674408,0.13819101452827454,3,0.14477717876434326
A,cashew,final_abnormal,54,0.4969464838504791,0.333333283662796,0.1344553828239441,3,0.13904818892478943
A,cashew,entropy_normal,18,1.0791518688201904,0.9975529909133911,0.9786568880081177,3,0.02263766899704933
A,cashew,entropy_abnormal,18,1.0779552459716797,1.001751184463501,0.9851678013801575,3,0.02080494724214077
A,cashew,routing_l1,18,0.062019944190979004,0.05494382604956627,0.026188582181930542,3,0.008143486455082893
A,cashew,gap_ss2d_l1,18,1.9151310920715332,1.8808621168136597,1.668656826019287,3,0.05435208976268768
H,cashew,gap_normal,54,0.5491881370544434,0.3333333432674408,0.0829639583826065,1,0.19135595858097076
H,cashew,gap_abnormal,54,0.5488036870956421,0.333333283662796,0.06238345801830292,1,0.20194581151008606
H,cashew,ss2d_normal,54,0.9999934434890747,0.3333333432674408,4.745032364530924e-25,1,0.47139987349510193
H,cashew,ss2d_abnormal,54,0.9999607801437378,0.3333333432674408,1.0805650231221976e-28,1,0.4713767468929291
H,cashew,final_normal,54,0.5942686796188354,0.3333333730697632,0.0746675580739975,1,0.2116307020187378
H,cashew,final_abnormal,54,0.5939193964004517,0.3333333432674408,0.05614510923624039,1,0.21941402554512024
H,cashew,entropy_normal,18,0.875213623046875,0.8701896667480469,0.8689846992492676,1,0.0013627990847453475
H,cashew,entropy_abnormal,18,0.8448663949966431,0.8397800326347351,0.8385610580444336,1,0.0013789798831567168
H,cashew,routing_l1,18,0.037745848298072815,0.037703875452280045,0.03756595775485039,1,4.210567567497492e-05
H,cashew,gap_ss2d_l1,18,0.9095123410224915,0.9031336903572083,0.9016106128692627,1,0.001729021081700921
H,cashew,gap_normal,54,0.6507816314697266,0.3333333730697632,0.0333818681538105,2,0.24820390343666077
H,cashew,gap_abnormal,54,0.6920608282089233,0.3333333432674408,0.032355763018131256,2,0.26762107014656067
H,cashew,ss2d_normal,54,1.0,0.3333333432674408,3.430116766010139e-36,2,0.471404492855072
H,cashew,ss2d_abnormal,54,1.0,0.3333333432674408,2.391748774543838e-37,2,0.471404492855072
H,cashew,final_normal,54,0.585703432559967,0.333333283662796,0.13004368543624878,2,0.18537487089633942
H,cashew,final_abnormal,54,0.6228547096252441,0.3333333432674408,0.12912018597126007,2,0.20594966411590576
H,cashew,entropy_normal,18,1.0233851671218872,0.9425734281539917,0.9361504316329956,2,0.019649727270007133
H,cashew,entropy_abnormal,18,1.0113883018493652,0.9129006266593933,0.9049990177154541,2,0.023952174931764603
H,cashew,routing_l1,18,0.0743025541305542,0.07233348488807678,0.04678677022457123,2,0.006208514329046011
H,cashew,gap_ss2d_l1,18,1.9332361221313477,1.9252853393554688,1.8154252767562866,2,0.026674820110201836
H,cashew,gap_normal,54,0.5668590664863586,0.333333283662796,0.06619609147310257,3,0.1934407502412796
H,cashew,gap_abnormal,54,0.5568667650222778,0.3333333432674408,0.058982059359550476,3,0.1949310302734375
H,cashew,ss2d_normal,54,1.0,0.333333283662796,3.799590631566288e-28,3,0.4712110757827759
H,cashew,ss2d_abnormal,54,1.0,0.3333333432674408,2.0812802685263713e-29,3,0.47084349393844604
H,cashew,final_normal,54,0.6101354360580444,0.333333283662796,0.05957648158073425,3,0.20305433869361877
H,cashew,final_abnormal,54,0.6010642051696777,0.3333333730697632,0.05308385193347931,3,0.20291577279567719
H,cashew,entropy_normal,18,1.067826509475708,0.8867133259773254,0.8353772163391113,3,0.0696801021695137
H,cashew,entropy_abnormal,18,1.064833641052246,0.8807696104049683,0.8290281891822815,3,0.07101220637559891
H,cashew,routing_l1,18,0.03156186267733574,0.028563056141138077,0.021836817264556885,3,0.002480342285707593
H,cashew,gap_ss2d_l1,18,1.8526341915130615,1.042647361755371,0.8647363185882568,3,0.3377470374107361
A,cashew,gap_normal,54,0.5613312125205994,0.3333333432674408,0.06291454285383224,1,0.2050464004278183
A,cashew,gap_abnormal,54,0.5254994630813599,0.3333333432674408,0.051823247224092484,1,0.20294450223445892
A,cashew,ss2d_normal,54,1.0,0.3333333432674408,5.293843882369313e-25,1,0.471404492855072
A,cashew,ss2d_abnormal,54,1.0,0.3333333432674408,1.936398221044156e-26,1,0.471404492855072
A,cashew,final_normal,54,0.505198061466217,0.3333333432674408,0.15662309527397156,1,0.141754150390625
A,cashew,final_abnormal,54,0.4729495048522949,0.333333283662796,0.14664092659950256,1,0.1368594467639923
A,cashew,entropy_normal,18,1.004266381263733,1.002777099609375,1.0019640922546387,1,0.0005156614352017641
A,cashew,entropy_abnormal,18,1.0052006244659424,1.0039787292480469,1.0033137798309326,1,0.00042252388084307313
A,cashew,routing_l1,18,0.08446142077445984,0.08404556661844254,0.08327719569206238,1,0.0002650200040079653
A,cashew,gap_ss2d_l1,18,1.8741708993911743,1.8727883100509644,1.8702363967895508,1,0.0008807017584331334
A,cashew,gap_normal,54,0.5555824041366577,0.3333333730697632,0.06916408985853195,2,0.19627077877521515
A,cashew,gap_abnormal,54,0.5330144762992859,0.3333333730697632,0.07077521085739136,2,0.1896354705095291
A,cashew,ss2d_normal,54,0.9999955892562866,0.3333333432674408,4.358009023560574e-29,2,0.4714013338088989
A,cashew,ss2d_abnormal,54,0.9999067783355713,0.3333333432674408,2.949044838380227e-28,2,0.4713381230831146
A,cashew,final_normal,54,0.6000236868858337,0.3333333432674408,0.06224767863750458,2,0.21529774367809296
A,cashew,final_abnormal,54,0.579703688621521,0.333333283662796,0.0636976882815361,2,0.2073081135749817
A,cashew,entropy_normal,18,0.9800091981887817,0.85655677318573,0.8459314703941345,2,0.030081823468208313
A,cashew,entropy_abnormal,18,0.9853861927986145,0.8691502809524536,0.8591797351837158,2,0.02832077629864216
A,cashew,routing_l1,18,0.040640003979206085,0.03905037045478821,0.020758196711540222,2,0.004458651877939701
A,cashew,gap_ss2d_l1,18,1.064889669418335,0.9023920893669128,0.8888263702392578,2,0.03956323117017746
A,cashew,gap_normal,54,0.5815402865409851,0.3333333730697632,0.04300566017627716,3,0.21054260432720184
A,cashew,gap_abnormal,54,0.5514432191848755,0.3333333432674408,0.03883571922779083,3,0.20639736950397491
A,cashew,ss2d_normal,54,1.0,0.3333333432674408,2.02717071778295e-32,3,0.471404492855072
A,cashew,ss2d_abnormal,54,1.0,0.3333333432674408,4.974204997208299e-33,3,0.471404492855072
A,cashew,final_normal,54,0.5233862400054932,0.3333333432674408,0.1387050896883011,3,0.1466047465801239
A,cashew,final_abnormal,54,0.4962988793849945,0.3333333432674408,0.1349521428346634,3,0.14075857400894165
A,cashew,entropy_normal,18,1.0579496622085571,0.9949681758880615,0.9794816970825195,3,0.017928138375282288
A,cashew,entropy_abnormal,18,1.0567126274108887,0.9993162155151367,0.9858608245849609,3,0.01610974781215191
A,cashew,routing_l1,18,0.061711832880973816,0.05592881143093109,0.034555286169052124,3,0.006302838213741779
A,cashew,gap_ss2d_l1,18,1.9139888286590576,1.8878369331359863,1.7500699758529663,3,0.036504559218883514
H,cashew,gap_normal,54,0.5492551922798157,0.3333333432674408,0.0829104334115982,1,0.19133874773979187
H,cashew,gap_abnormal,54,0.548865020275116,0.3333333432674408,0.062334898859262466,1,0.20193052291870117
H,cashew,ss2d_normal,54,0.9999934434890747,0.3333333432674408,4.745358262692393e-25,1,0.47139987349510193
H,cashew,ss2d_abnormal,54,0.9999607801437378,0.3333333432674408,1.080639291795678e-28,1,0.4713767468929291
H,cashew,final_normal,54,0.5943289995193481,0.333333283662796,0.07461939007043839,1,0.21161457896232605
H,cashew,final_abnormal,54,0.5939745903015137,0.3333333432674408,0.05610140785574913,1,0.21939966082572937
H,cashew,entropy_normal,18,0.8770142793655396,0.8702279329299927,0.868877649307251,1,0.0017493793275207281
H,cashew,entropy_abnormal,18,0.8466976284980774,0.8398191332817078,0.8384518623352051,1,0.0017725315410643816
H,cashew,routing_l1,18,0.03774622455239296,0.03771357983350754,0.03766230121254921,1,2.334334931219928e-05
H,cashew,gap_ss2d_l1,18,0.9118049740791321,0.9031832814216614,0.9014763832092285,1,0.002221223432570696
H,cashew,gap_normal,54,0.6509625911712646,0.3333333432674408,0.0333065465092659,2,0.24824005365371704
H,cashew,gap_abnormal,54,0.6922692656517029,0.3333333432674408,0.032281436026096344,2,0.2676858901977539
H,cashew,ss2d_normal,54,1.0,0.3333333432674408,3.427029873649047e-36,2,0.471404492855072
H,cashew,ss2d_abnormal,54,1.0,0.3333333432674408,2.3895782192745376e-37,2,0.471404492855072
H,cashew,final_normal,54,0.5858663320541382,0.333333283662796,0.12997588515281677,2,0.18543843924999237
H,cashew,final_abnormal,54,0.6230423450469971,0.333333283662796,0.1290532946586609,2,0.20604047179222107
H,cashew,entropy_normal,18,1.0293291807174683,0.9424943923950195,0.9359796643257141,2,0.02109174057841301
H,cashew,entropy_abnormal,18,1.0183695554733276,0.9127705097198486,0.9047824144363403,2,0.025652432814240456
H,cashew,routing_l1,18,0.074351966381073,0.07233656942844391,0.04470130801200867,2,0.0067101712338626385
H,cashew,gap_ss2d_l1,18,1.9333868026733398,1.9249845743179321,1.8033655881881714,2,0.029514746740460396
H,cashew,gap_normal,54,0.567546546459198,0.333333283662796,0.06572825461626053,3,0.19069111347198486
H,cashew,gap_abnormal,54,0.5574589371681213,0.3333333432674408,0.05849386006593704,3,0.19213180243968964
H,cashew,ss2d_normal,54,1.0,0.3333333432674408,1.5103352068766156e-28,3,0.4710293412208557
H,cashew,ss2d_abnormal,54,1.0,0.3333333432674408,7.708473664782765e-30,3,0.47043269872665405
H,cashew,final_normal,54,0.6106347441673279,0.3333333432674408,0.0591554269194603,3,0.20578545331954956
H,cashew,final_abnormal,54,0.6013248562812805,0.3333333432674408,0.05264447256922722,3,0.2055814117193222
H,cashew,entropy_normal,18,1.09568190574646,0.8801215291023254,0.8343479633331299,3,0.07069650292396545
H,cashew,entropy_abnormal,18,1.095108985900879,0.8740364909172058,0.8280587196350098,3,0.07209689170122147
H,cashew,routing_l1,18,0.031698521226644516,0.028019292280077934,0.013010203838348389,3,0.004246982280164957
H,cashew,gap_ss2d_l1,18,1.7753441333770752,0.9762359261512756,0.8617639541625977,3,0.245718315243721
A,cashew,gap_normal,54,0.561329185962677,0.333333283662796,0.06291622668504715,1,0.20497886836528778
A,cashew,gap_abnormal,54,0.5254973769187927,0.3333333730697632,0.051824867725372314,1,0.2028914988040924
A,cashew,ss2d_normal,54,1.0,0.3333333432674408,5.283595100096295e-25,1,0.471404492855072
A,cashew,ss2d_abnormal,54,1.0,0.3333333432674408,1.9324577683779397e-26,1,0.471404492855072
A,cashew,final_normal,54,0.5051962733268738,0.333333283662796,0.15662460029125214,1,0.14169079065322876
A,cashew,final_abnormal,54,0.4729476273059845,0.3333333432674408,0.14664238691329956,1,0.13681074976921082
A,cashew,entropy_normal,18,1.0048898458480835,1.0028640031814575,1.0019659996032715,1,0.0006347991293296218
A,cashew,entropy_abnormal,18,1.005715012550354,1.004050374031067,1.0033156871795654,1,0.0005207100184634328
A,cashew,routing_l1,18,0.08446167409420013,0.08400178700685501,0.08296188712120056,1,0.0003257057978771627
A,cashew,gap_ss2d_l1,18,1.874167561531067,1.8726389408111572,1.8691556453704834,1,0.0010871789418160915
A,cashew,gap_normal,54,0.5559338331222534,0.333333283662796,0.06889642775058746,2,0.19684845209121704
A,cashew,gap_abnormal,54,0.5333147048950195,0.333333283662796,0.0705050379037857,2,0.19017747044563293
A,cashew,ss2d_normal,54,0.9999955892562866,0.3333333432674408,4.358540760781157e-29,2,0.4714013338088989
A,cashew,ss2d_abnormal,54,0.9999067783355713,0.3333333432674408,2.9493710427645574e-28,2,0.4713381826877594
A,cashew,final_normal,54,0.6003400087356567,0.3333333432674408,0.06200678274035454,2,0.21584659814834595
A,cashew,final_abnormal,54,0.5799738764762878,0.3333333730697632,0.0634545311331749,2,0.20782023668289185
A,cashew,entropy_normal,18,0.971754789352417,0.855208694934845,0.8453417420387268,2,0.02833925560116768
A,cashew,entropy_abnormal,18,0.9775445461273193,0.8678867220878601,0.858629047870636,2,0.02666306123137474
A,cashew,routing_l1,18,0.0407322458922863,0.0392552949488163,0.021986663341522217,2,0.004199777264147997
A,cashew,gap_ss2d_l1,18,1.0523866415023804,0.9006359577178955,0.8881235122680664,2,0.03688427433371544
A,cashew,gap_normal,54,0.5815553665161133,0.333333283662796,0.04300697520375252,3,0.20861898362636566
A,cashew,gap_abnormal,54,0.551466703414917,0.3333333432674408,0.03880089521408081,3,0.20442989468574524
A,cashew,ss2d_normal,54,1.0,0.3333333432674408,2.0261966737765e-32,3,0.471404492855072
A,cashew,ss2d_abnormal,54,1.0,0.3333333432674408,4.970715248354295e-33,3,0.471404492855072
A,cashew,final_normal,54,0.523399829864502,0.3333333432674408,0.1387062817811966,3,0.14524774253368378
A,cashew,final_abnormal,54,0.4963200092315674,0.3333333730697632,0.13492080569267273,3,0.13934381306171417
A,cashew,entropy_normal,18,1.090011477470398,0.9968656897544861,0.9794767498970032,3,0.025240570306777954
A,cashew,entropy_abnormal,18,1.0892423391342163,1.001257061958313,0.9858231544494629,3,0.023453393951058388
A,cashew,routing_l1,18,0.06173054873943329,0.055145103484392166,0.020563870668411255,3,0.009403688833117485
A,cashew,gap_ss2d_l1,18,1.913986086845398,1.8792678117752075,1.6042721271514893,3,0.0690440908074379
H,cashew,gap_normal,54,0.5492918491363525,0.3333333432674408,0.08287972956895828,1,0.19111257791519165
H,cashew,gap_abnormal,54,0.5488994717597961,0.3333333730697632,0.06230931356549263,1,0.20173051953315735
H,cashew,ss2d_normal,54,0.9999934434890747,0.3333333432674408,4.744760700556688e-25,1,0.47139987349510193
H,cashew,ss2d_abnormal,54,0.9999607801437378,0.3333333432674408,1.0804990600216023e-28,1,0.4713767468929291
H,cashew,final_normal,54,0.5943620204925537,0.3333333730697632,0.0745917558670044,1,0.21140331029891968
H,cashew,final_abnormal,54,0.5940055847167969,0.3333333432674408,0.05607838183641434,1,0.2192113846540451
H,cashew,entropy_normal,18,0.8825325965881348,0.8707327842712402,0.8688172101974487,1,0.0029608856420964003
H,cashew,entropy_abnormal,18,0.8523372411727905,0.8403325080871582,0.8383933305740356,1,0.0030109011568129063
H,cashew,routing_l1,18,0.03814161196351051,0.03772898018360138,0.03762665390968323,1,0.00010440787445986643
H,cashew,gap_ss2d_l1,18,0.9188745021820068,0.9038269519805908,0.9014031887054443,1,0.00377374654635787
H,cashew,gap_normal,54,0.6513659358024597,0.3333333432674408,0.03313954174518585,2,0.24684768915176392
H,cashew,gap_abnormal,54,0.6927329301834106,0.333333283662796,0.03211604058742523,2,0.26622283458709717
H,cashew,ss2d_normal,54,1.0,0.3333333432674408,3.426846920121545e-36,2,0.471404492855072
H,cashew,ss2d_abnormal,54,1.0,0.3333333432674408,2.3895418976183423e-37,2,0.471404492855072
H,cashew,final_normal,54,0.5862293243408203,0.3333333432674408,0.12982559204101562,2,0.18435940146446228
H,cashew,final_abnormal,54,0.6234596371650696,0.3333333432674408,0.12890443205833435,2,0.20489123463630676
H,cashew,entropy_normal,18,1.0664924383163452,0.9443562626838684,0.9355992078781128,2,0.029638631269335747
H,cashew,entropy_abnormal,18,1.0613393783569336,0.9149024486541748,0.904300332069397,2,0.03553785756230354
H,cashew,routing_l1,18,0.07446059584617615,0.07158997654914856,0.030270040035247803,2,0.010025352239608765
H,cashew,gap_ss2d_l1,18,1.9337209463119507,1.9196734428405762,1.7045037746429443,2,0.05219364911317825
H,cashew,gap_normal,54,0.5659800171852112,0.3333333432674408,0.06680721789598465,3,0.1932118535041809
H,cashew,gap_abnormal,54,0.5560925602912903,0.3333333432674408,0.05960654467344284,3,0.19439354538917542
H,cashew,ss2d_normal,54,1.0,0.3333333432674408,7.045101329264577e-28,3,0.4618323743343353
H,cashew,ss2d_abnormal,54,1.0,0.3333333432674408,3.999517627418549e-29,3,0.46027061343193054
H,cashew,final_normal,54,0.6093567609786987,0.333333283662796,0.060126494616270065,3,0.20777209103107452
H,cashew,final_abnormal,54,0.6004006862640381,0.3333333730697632,0.053645890206098557,3,0.20737412571907043
H,cashew,entropy_normal,18,1.0958198308944702,0.8749938607215881,0.8367940187454224,3,0.06803391128778458
H,cashew,entropy_abnormal,18,1.0963977575302124,0.8689978718757629,0.8304449319839478,3,0.06975916773080826
H,cashew,routing_l1,18,0.034095268696546555,0.028780093416571617,0.007415860891342163,3,0.005563806276768446
H,cashew,gap_ss2d_l1,18,1.8279025554656982,0.9312852025032043,0.326541006565094,3,0.28297731280326843
A,cashew,gap_normal,54,0.561007022857666,0.3333333432674408,0.0631542056798935,1,0.2049328088760376
A,cashew,gap_abnormal,54,0.5252760648727417,0.3333333432674408,0.05204189941287041,1,0.2028549611568451
A,cashew,ss2d_normal,54,1.0,0.3333333432674408,5.2929958568962005e-25,1,0.471404492855072
A,cashew,ss2d_abnormal,54,1.0,0.3333333432674408,1.9360879152115163e-26,1,0.471404492855072
A,cashew,final_normal,54,0.5049062967300415,0.333333283662796,0.1568387895822525,1,0.1416478455066681
A,cashew,final_abnormal,54,0.47274845838546753,0.3333333432674408,0.14683771133422852,1,0.1367773711681366
A,cashew,entropy_normal,18,1.00658118724823,1.0029230117797852,1.0022469758987427,1,0.0009279513615183532
A,cashew,entropy_abnormal,18,1.0071150064468384,1.0040992498397827,1.0035450458526611,1,0.0007645113510079682
A,cashew,routing_l1,18,0.0843178778886795,0.08397176861763,0.08208802342414856,1,0.00047735797124914825
A,cashew,gap_ss2d_l1,18,1.8736915588378906,1.8725348711013794,1.8661959171295166,1,0.001605612924322486
A,cashew,gap_normal,54,0.5557188391685486,0.3333333432674408,0.06906028836965561,2,0.19553767144680023
A,cashew,gap_abnormal,54,0.5331295132637024,0.3333333432674408,0.0706714540719986,2,0.18890279531478882
A,cashew,ss2d_normal,54,0.9999955892562866,0.3333333432674408,4.359572036081066e-29,2,0.47140130400657654
A,cashew,ss2d_abnormal,54,0.9999067783355713,0.3333333432674408,2.950034766371642e-28,2,0.4713376462459564
A,cashew,final_normal,54,0.600146472454071,0.33333325386047363,0.06215425953269005,2,0.21455010771751404
A,cashew,final_abnormal,54,0.5798072218894958,0.333333283662796,0.06360431015491486,2,0.2065707892179489
A,cashew,entropy_normal,18,1.0197480916976929,0.858142614364624,0.8457028865814209,2,0.03924766927957535
A,cashew,entropy_abnormal,18,1.0231382846832275,0.8706686496734619,0.8589684963226318,2,0.03702772408723831
A,cashew,routing_l1,18,0.040678489953279495,0.038804758340120316,0.014600634574890137,2,0.005878529045730829
A,cashew,gap_ss2d_l1,18,1.1314878463745117,0.9053486585617065,0.8885535001754761,2,0.05490024760365486
A,cashew,gap_normal,54,0.5824093818664551,0.3333333432674408,0.04247075319290161,3,0.2124241143465042
A,cashew,gap_abnormal,54,0.5521180033683777,0.333333283662796,0.03831687197089195,3,0.20757855474948883
A,cashew,ss2d_normal,54,1.0,0.3333333432674408,2.0286871054955108e-32,3,0.471404492855072
A,cashew,ss2d_abnormal,54,1.0,0.3333333432674408,4.979255214813019e-33,3,0.471404492855072
A,cashew,final_normal,54,0.5241684317588806,0.3333333432674408,0.13822367787361145,3,0.149005725979805
A,cashew,final_abnormal,54,0.49690619111061096,0.3333333432674408,0.1344851851463318,3,0.14243730902671814
A,cashew,entropy_normal,18,1.0950895547866821,0.991456151008606,0.9787092208862305,3,0.026459095999598503
A,cashew,entropy_abnormal,18,1.0947235822677612,0.9966460466384888,0.9852098226547241,3,0.02483747899532318
A,cashew,routing_l1,18,0.06200149655342102,0.057057950645685196,0.016642719507217407,3,0.010304377414286137
A,cashew,gap_ss2d_l1,18,1.9150586128234863,1.8856650590896606,1.556215524673462,3,0.08093750476837158
H,cashew,gap_normal,54,0.5493724346160889,0.3333333432674408,0.08281787484884262,1,0.19118428230285645
H,cashew,gap_abnormal,54,0.5489693284034729,0.3333333730697632,0.06225169822573662,1,0.20179489254951477
H,cashew,ss2d_normal,54,0.9999934434890747,0.3333333432674408,4.743041476821372e-25,1,0.47139987349510193
H,cashew,ss2d_abnormal,54,0.9999607801437378,0.3333333432674408,1.0800292534857934e-28,1,0.4713767468929291
H,cashew,final_normal,54,0.5944345593452454,0.333333283662796,0.07453608512878418,1,0.21147039532661438
H,cashew,final_abnormal,54,0.5940684676170349,0.333333283662796,0.05602652579545975,1,0.2192719280719757
H,cashew,entropy_normal,18,0.8771405220031738,0.8705732226371765,0.8686916828155518,1,0.0021245083771646023
H,cashew,entropy_abnormal,18,0.8468261957168579,0.8401682376861572,0.838265061378479,1,0.002152439206838608
H,cashew,routing_l1,18,0.037751249969005585,0.037704892456531525,0.03757584095001221,1,4.063503001816571e-05
H,cashew,gap_ss2d_l1,18,0.9119678735733032,0.9036214351654053,0.9012420177459717,1,0.0026972468476742506
H,cashew,gap_normal,54,0.6511747241020203,0.333333283662796,0.03321947157382965,2,0.24397841095924377
H,cashew,gap_abnormal,54,0.6925102472305298,0.3333333432674408,0.032194577157497406,2,0.26283782720565796
H,cashew,ss2d_normal,54,1.0,0.3333333432674408,3.428102124813173e-36,2,0.471404492855072
H,cashew,ss2d_abnormal,54,1.0,0.3333333432674408,2.3903622737912966e-37,2,0.471404492855072
H,cashew,final_normal,54,0.5860572457313538,0.3333333432674408,0.12989751994609833,2,0.18155167996883392
H,cashew,final_abnormal,54,0.6232591867446899,0.333333283662796,0.12897512316703796,2,0.20160025358200073
H,cashew,entropy_normal,18,1.0377187728881836,0.9489048719406128,0.9357801079750061,2,0.030401859432458878
H,cashew,entropy_abnormal,18,1.0281637907028198,0.9205697178840637,0.9045314788818359,2,0.036884669214487076
H,cashew,routing_l1,18,0.07440391182899475,0.07029470801353455,0.04166233539581299,2,0.009753930382430553
H,cashew,gap_ss2d_l1,18,1.9335609674453735,1.9158943891525269,1.784965991973877,2,0.04397111013531685
H,cashew,gap_normal,54,0.5654666423797607,0.3333333432674408,0.06715480238199234,3,0.18665580451488495
H,cashew,gap_abnormal,54,0.5556533932685852,0.3333333432674408,0.05998200178146362,3,0.1880076676607132
H,cashew,ss2d_normal,54,1.0,0.3333333432674408,6.668234876264396e-28,3,0.46634846925735474
H,cashew,ss2d_abnormal,54,1.0,0.3333333432674408,3.774581347902826e-29,3,0.4672646224498749
H,cashew,final_normal,54,0.6089037656784058,0.333333283662796,0.060439322143793106,3,0.18834806978702545
H,cashew,final_abnormal,54,0.6000314950942993,0.3333333730697632,0.05398380011320114,3,0.18804696202278137
H,cashew,entropy_normal,18,1.0975315570831299,0.9172014594078064,0.8376033306121826,3,0.09008847177028656
H,cashew,entropy_abnormal,18,1.0975942611694336,0.912506103515625,0.831277072429657,3,0.09273384511470795
H,cashew,routing_l1,18,0.031013399362564087,0.026800105348229408,0.008308589458465576,3,0.006151174195110798
H,cashew,gap_ss2d_l1,18,1.8559911251068115,1.1535992622375488,0.8687431812286377,3,0.3846897482872009
A,cashew,gap_normal,54,0.5613892078399658,0.333333283662796,0.06287199258804321,1,0.20497705042362213
A,cashew,gap_abnormal,54,0.5255383849143982,0.3333333432674408,0.05178465321660042,1,0.20288977026939392
A,cashew,ss2d_normal,54,1.0,0.3333333432674408,5.28401812675672e-25,1,0.471404492855072
A,cashew,ss2d_abnormal,54,1.0,0.3333333432674408,1.9326272502130458e-26,1,0.471404492855072
A,cashew,final_normal,54,0.5052502751350403,0.3333333432674408,0.15658479928970337,1,0.1416892260313034
A,cashew,final_abnormal,54,0.47298452258110046,0.3333333730697632,0.1466061919927597,1,0.13680924475193024
A,cashew,entropy_normal,18,1.004736065864563,1.0028661489486694,1.0019136667251587,1,0.0007746693445369601
A,cashew,entropy_abnormal,18,1.0055878162384033,1.0040525197982788,1.0032731294631958,1,0.000635448086541146
A,cashew,routing_l1,18,0.08448870480060577,0.08400100469589233,0.0830383449792862,1,0.00039825253770686686
A,cashew,gap_ss2d_l1,18,1.8742561340332031,1.8726338148117065,1.8694229125976562,1,0.0013267792528495193
A,cashew,gap_normal,54,0.5560158491134644,0.3333333432674408,0.06883326172828674,2,0.19268472492694855
A,cashew,gap_abnormal,54,0.5333848595619202,0.333333283662796,0.07044286280870438,2,0.1862303614616394
A,cashew,ss2d_normal,54,0.9999955892562866,0.3333333432674408,4.3588735855496716e-29,2,0.47140130400657654
A,cashew,ss2d_abnormal,54,0.9999067783355713,0.3333333432674408,2.9495961358268076e-28,2,0.47133758664131165
A,cashew,final_normal,54,0.6004137992858887,0.333333283662796,0.06194993481040001,2,0.21189184486865997
A,cashew,final_abnormal,54,0.5800370573997498,0.3333333730697632,0.063398577272892,2,0.20409642159938812
A,cashew,entropy_normal,18,0.98501056432724,0.8647425174713135,0.8452029228210449,2,0.04247492551803589
A,cashew,entropy_abnormal,18,0.990126371383667,0.8768572807312012,0.8585017323493958,2,0.039997026324272156
A,cashew,routing_l1,18,0.040753524750471115,0.03783462941646576,0.01999121904373169,2,0.006302717607468367
A,cashew,gap_ss2d_l1,18,1.072648286819458,0.9132305979728699,0.8879594802856445,2,0.0562179870903492
A,cashew,gap_normal,54,0.5815058350563049,0.333333283662796,0.043027885258197784,3,0.20441056787967682
A,cashew,gap_abnormal,54,0.5514186024665833,0.3333333432674408,0.03885292261838913,3,0.200128436088562
A,cashew,ss2d_normal,54,1.0,0.3333333432674408,2.0262121021398545e-32,3,0.471404492855072
A,cashew,ss2d_abnormal,54,1.0,0.3333333432674408,4.9703354167421856e-33,3,0.471404492855072
A,cashew,final_normal,54,0.52335524559021,0.3333333730697632,0.13872510194778442,3,0.14258421957492828
A,cashew,final_abnormal,54,0.49627673625946045,0.33333325386047363,0.1349676251411438,3,0.13657769560813904
A,cashew,entropy_normal,18,1.098239541053772,1.0005155801773071,0.9795130491256714,3,0.03481840714812279
A,cashew,entropy_abnormal,18,1.0984694957733154,1.0049699544906616,0.9858829975128174,3,0.03297583386301994
A,cashew,routing_l1,18,0.0616869181394577,0.05332677811384201,0.010350197553634644,3,0.014277280308306217
A,cashew,gap_ss2d_l1,18,1.913944125175476,1.85789155960083,1.4683096408843994,3,0.12150096148252487
H,cashew,gap_normal,54,0.5495047569274902,0.333333283662796,0.08271574974060059,1,0.19149214029312134
H,cashew,gap_abnormal,54,0.5490821599960327,0.3333333432674408,0.06215911731123924,1,0.20206569135189056
H,cashew,ss2d_normal,54,0.9999934434890747,0.3333333432674408,4.7425168843194e-25,1,0.47139987349510193
H,cashew,ss2d_abnormal,54,0.9999607801437378,0.3333333432674408,1.079905632857488e-28,1,0.4713767468929291
H,cashew,final_normal,54,0.5945536494255066,0.333333283662796,0.07444417476654053,1,0.2117578536272049
H,cashew,final_abnormal,54,0.5941700339317322,0.3333333432674408,0.05594320595264435,1,0.21952688694000244
H,cashew,entropy_normal,18,0.8709601163864136,0.8698851466178894,0.8684848546981812,1,0.0005978090921416879
H,cashew,entropy_abnormal,18,0.840556263923645,0.8394712209701538,0.838058590888977,1,0.0006037519196979702
H,cashew,routing_l1,18,0.03776909410953522,0.03771274909377098,0.037669647485017776,1,2.3013502868707292e-05
H,cashew,gap_ss2d_l1,18,0.9041064977645874,0.9027467370033264,0.900977373123169,1,0.0007553584291599691
H,cashew,gap_normal,54,0.6508804559707642,0.3333333432674408,0.03334050625562668,2,0.25134870409965515
H,cashew,gap_abnormal,54,0.6921748518943787,0.333333283662796,0.03231528028845787,2,0.2712115943431854
H,cashew,ss2d_normal,54,1.0,0.3333333432674408,3.428520765531987e-36,2,0.471404492855072
H,cashew,ss2d_abnormal,54,1.0,0.3333333432674408,2.3906541922873847e-37,2,0.471404492855072
H,cashew,final_normal,54,0.5857924222946167,0.333333283662796,0.13000646233558655,2,0.1882559061050415
H,cashew,final_abnormal,54,0.6229573488235474,0.3333333432674408,0.1290837526321411,2,0.20925091207027435
H,cashew,entropy_normal,18,0.9413842558860779,0.9377370476722717,0.9360569715499878,2,0.0015711290761828423
H,cashew,entropy_abnormal,18,0.9115989804267883,0.907001256942749,0.9048806428909302,2,0.001982137095183134
H,cashew,routing_l1,18,0.07432979345321655,0.07386254519224167,0.07284589111804962,2,0.00043887420906685293
H,cashew,gap_ss2d_l1,18,1.933318853378296,1.9318212270736694,1.92851984500885,2,0.0014133203076198697
H,cashew,gap_normal,54,0.5677584409713745,0.3333333730697632,0.06555229425430298,3,0.19530150294303894
H,cashew,gap_abnormal,54,0.557668149471283,0.3333333432674408,0.0583830289542675,3,0.19674867391586304
H,cashew,ss2d_normal,54,1.0,0.3333333432674408,5.805038198163689e-26,3,0.4707316756248474
H,cashew,ss2d_abnormal,54,1.0,0.3333333432674408,3.693172120634708e-27,3,0.4699837863445282
H,cashew,final_normal,54,0.6109568476676941,0.3333333432674408,0.05899706482887268,3,0.19948959350585938
H,cashew,final_abnormal,54,0.6018174886703491,0.333333283662796,0.0525447241961956,3,0.19936244189739227
H,cashew,entropy_normal,18,1.0206451416015625,0.8952805399894714,0.8338772654533386,3,0.06514517217874527
H,cashew,entropy_abnormal,18,1.0180320739746094,0.8896233439445496,0.8275982141494751,3,0.06688660383224487
H,cashew,routing_l1,18,0.03278619423508644,0.029003968462347984,0.02635485678911209,3,0.0021150289103388786
H,cashew,gap_ss2d_l1,18,1.8631725311279297,1.108222484588623,0.8477015495300293,3,0.39694029092788696
A,cashew,gap_normal,54,0.56130051612854,0.333333283662796,0.06293723732233047,1,0.2051377296447754
A,cashew,gap_abnormal,54,0.5254783630371094,0.3333333432674408,0.05184386298060417,1,0.20301562547683716
A,cashew,ss2d_normal,54,1.0,0.3333333432674408,5.284200057802986e-25,1,0.471404492855072
A,cashew,ss2d_abnormal,54,1.0,0.3333333432674408,1.932679019209951e-26,1,0.471404492855072
A,cashew,final_normal,54,0.505170464515686,0.3333333432674408,0.15664350986480713,1,0.1418398767709732
A,cashew,final_abnormal,54,0.47293052077293396,0.3333333730697632,0.1466594785451889,1,0.13692475855350494
A,cashew,entropy_normal,18,1.0033894777297974,1.0026596784591675,1.0019909143447876,1,0.00036017742240801454
A,cashew,entropy_abnormal,18,1.004480004310608,1.003882884979248,1.0033355951309204,1,0.00029460262157954276
A,cashew,routing_l1,18,0.08444802463054657,0.08410735428333282,0.08373105525970459,1,0.00018466303299646825
A,cashew,gap_ss2d_l1,18,1.8741254806518555,1.8729891777038574,1.871744155883789,1,0.0006129600224085152
A,cashew,gap_normal,54,0.5559087991714478,0.333333283662796,0.06891544163227081,2,0.19965487718582153
A,cashew,gap_abnormal,54,0.5332933068275452,0.3333333432674408,0.07052423804998398,2,0.1928412914276123
A,cashew,ss2d_normal,54,0.9999955892562866,0.3333333432674408,4.358474556939319e-29,2,0.4714013636112213
A,cashew,ss2d_abnormal,54,0.9999067783355713,0.3333333432674408,2.949348413087711e-28,2,0.47133854031562805
A,cashew,final_normal,54,0.6003174781799316,0.333333283662796,0.06202389672398567,2,0.21851211786270142
A,cashew,final_abnormal,54,0.5799546241760254,0.333333283662796,0.06347180902957916,2,0.2103327512741089
A,cashew,entropy_normal,18,0.8550389409065247,0.8486695885658264,0.8453837037086487,2,0.0026375807356089354
A,cashew,entropy_abnormal,18,0.8676741719245911,0.8617311120033264,0.8586682081222534,2,0.002459702081978321
A,cashew,routing_l1,18,0.040725644677877426,0.0402233749628067,0.03925876319408417,2,0.0004013651341665536
A,cashew,gap_ss2d_l1,18,0.8996896147727966,0.8920872211456299,0.8881735801696777,2,0.0031453550327569246
A,cashew,gap_normal,54,0.5808449387550354,0.3333333432674408,0.043460991233587265,3,0.21328862011432648
A,cashew,gap_abnormal,54,0.550935685634613,0.333333283662796,0.039189498871564865,3,0.20887979865074158
A,cashew,ss2d_normal,54,1.0,0.3333333432674408,2.026474972064057e-32,3,0.471404492855072
A,cashew,ss2d_abnormal,54,1.0,0.3333333432674408,4.9717390304654644e-33,3,0.471404492855072
A,cashew,final_normal,54,0.5227604508399963,0.333333283662796,0.1391148865222931,3,0.14902305603027344
A,cashew,final_abnormal,54,0.4958420991897583,0.3333333432674408,0.13527055084705353,3,0.14292606711387634
A,cashew,entropy_normal,18,1.0066163539886475,0.9914710521697998,0.9801192879676819,3,0.01086213905364275
A,cashew,entropy_abnormal,18,1.0093668699264526,0.9961397647857666,0.9863159656524658,3,0.009447320364415646
A,cashew,routing_l1,18,0.061525359749794006,0.05713044852018356,0.05136603116989136,3,0.004171170759946108
A,cashew,gap_ss2d_l1,18,1.9130780696868896,1.895430088043213,1.8709572553634644,3,0.017220575362443924
H,cashew,gap_normal,18,0.5490207076072693,0.3333333432674408,0.08309715241193771,1,0.1915161907672882
H,cashew,gap_abnormal,18,0.5486515760421753,0.3333333432674408,0.0625041276216507,1,0.20208676159381866
H,cashew,ss2d_normal,18,0.9999934434890747,0.3333333432674408,4.746733838895872e-25,1,0.47139987349510193
H,cashew,ss2d_abnormal,18,0.9999607801437378,0.3333333432674408,1.0810103944218372e-28,1,0.4713767468929291
H,cashew,final_normal,18,0.5941179990768433,0.3333333432674408,0.074787437915802,1,0.21178030967712402
H,cashew,final_abnormal,18,0.5937824845314026,0.3333333432674408,0.05625371262431145,1,0.21954677999019623
H,cashew,entropy_normal,6,0.8704072833061218,0.8698312640190125,0.8692512512207031,1,0.00035600332194007933
H,cashew,entropy_abnormal,6,0.8399990797042847,0.8394169211387634,0.8388320207595825,1,0.000359680678229779
H,cashew,routing_l1,6,0.037738461047410965,0.03771444037556648,0.03768949210643768,1,1.4780267520109192e-05
H,cashew,gap_ss2d_l1,6,0.903407871723175,0.9026786684989929,0.9019454717636108,1,0.00045004652929492295
H,cashew,gap_normal,18,0.6499680876731873,0.3333333730697632,0.03371657058596611,2,0.25151047110557556
H,cashew,gap_abnormal,18,0.6911377310752869,0.3333333730697632,0.03269137442111969,2,0.271402508020401
H,cashew,ss2d_normal,18,1.0,0.3333333432674408,3.431792046350209e-36,2,0.4714045226573944
H,cashew,ss2d_abnormal,18,1.0,0.3333333432674408,2.3930263103277938e-37,2,0.4714045226573944
H,cashew,final_normal,18,0.5849712491035461,0.3333333730697632,0.1303449124097824,2,0.18841198086738586
H,cashew,final_abnormal,18,0.6220239400863647,0.3333333432674408,0.12942223250865936,2,0.20943446457386017
H,cashew,entropy_normal,6,0.9382033348083496,0.9374824166297913,0.9369142055511475,2,0.0004727078485302627
H,cashew,entropy_abnormal,6,0.9075908660888672,0.9066808223724365,0.9059596657752991,2,0.0005970075144432485
H,cashew,routing_l1,6,0.0741054117679596,0.07393540441989899,0.07373413443565369,2,0.00013263446453493088
H,cashew,gap_ss2d_l1,6,1.9325668811798096,1.9320582151412964,1.9314147233963013,2,0.00042148996726609766
H,cashew,gap_normal,18,0.5683834552764893,0.3333333730697632,0.06512206792831421,3,0.20245295763015747
H,cashew,gap_abnormal,18,0.5582160949707031,0.3333333730697632,0.05794664844870567,3,0.20333550870418549
H,cashew,ss2d_normal,18,0.9998431205749512,0.3333333432674408,1.5151657273180754e-19,3,0.471206396818161
H,cashew,ss2d_abnormal,18,0.9994489550590515,0.3333333432674408,2.3010594290531086e-20,3,0.4707741141319275
H,cashew,final_normal,18,0.6115080714225769,0.3333333432674408,0.05860985815525055,3,0.22165341675281525
H,cashew,final_abnormal,18,0.6022803783416748,0.3333333432674408,0.05215198174118996,3,0.2210022509098053
H,cashew,entropy_normal,6,0.8737668991088867,0.8434274196624756,0.8328695893287659,3,0.013759119436144829
H,cashew,entropy_abnormal,6,0.8669103384017944,0.8369678854942322,0.8265999555587769,3,0.013576168566942215
H,cashew,routing_l1,6,0.03137115761637688,0.03027179278433323,0.02725926786661148,3,0.0013761611189693213
H,cashew,gap_ss2d_l1,6,0.9133973717689514,0.8756545186042786,0.8624923229217529,3,0.017122069373726845
A,cashew,gap_normal,18,0.5608471035957336,0.3333333432674408,0.06327255815267563,1,0.20511311292648315
A,cashew,gap_abnormal,18,0.5251659750938416,0.3333333432674408,0.05214998498558998,1,0.2029966562986374
A,cashew,ss2d_normal,18,1.0,0.3333333432674408,5.290351200711447e-25,1,0.4714045226573944
A,cashew,ss2d_abnormal,18,1.0,0.3333333432674408,1.9350542300917648e-26,1,0.4714045226573944
A,cashew,final_normal,18,0.5047623515129089,0.3333333432674408,0.15694530308246613,1,0.141816645860672
A,cashew,final_abnormal,18,0.47264936566352844,0.3333333134651184,0.14693498611450195,1,0.13690730929374695
A,cashew,entropy_normal,6,1.0028334856033325,1.0026915073394775,1.002386450767517,1,0.00016808242071419954
A,cashew,entropy_abnormal,6,1.0040242671966553,1.0039082765579224,1.0036590099334717,1,0.00013745928299613297
A,cashew,routing_l1,6,0.08424665033817291,0.08409032970666885,0.08401703834533691,1,8.60669752000831e-05
A,cashew,gap_ss2d_l1,6,1.8734549283981323,1.8729358911514282,1.8726943731307983,1,0.00028603937244042754
A,cashew,gap_normal,18,0.5549498796463013,0.3333333432674408,0.0696512758731842,2,0.1996297389268875
A,cashew,gap_abnormal,18,0.5324668884277344,0.3333333730697632,0.07126478850841522,2,0.19281859695911407
A,cashew,ss2d_normal,18,0.9999955892562866,0.3333333432674408,4.359039697007375e-29,2,0.4714013636112213
A,cashew,ss2d_abnormal,18,0.9999067783355713,0.3333333432674408,2.949731191664158e-28,2,0.47133857011795044
A,cashew,final_normal,18,0.5994544625282288,0.3333333134651184,0.06268614530563354,2,0.2184886336326599
A,cashew,final_abnormal,18,0.5792108774185181,0.3333333730697632,0.06413830816745758,2,0.21031145751476288
A,cashew,entropy_normal,6,0.8508545160293579,0.8487318158149719,0.8469982743263245,2,0.001172789721749723
A,cashew,entropy_abnormal,6,0.8637673258781433,0.8617890477180481,0.8601763248443604,2,0.0010926069226115942
A,cashew,routing_l1,6,0.04048721492290497,0.04021541401743889,0.03988971561193466,2,0.00018179560720454901
A,cashew,gap_ss2d_l1,6,0.8946892023086548,0.8921582102775574,0.8900913596153259,2,0.0013986679259687662
A,cashew,gap_normal,18,0.5817785859107971,0.3333333432674408,0.042866386473178864,3,0.21865764260292053
A,cashew,gap_abnormal,18,0.551636815071106,0.3333333432674408,0.03867387771606445,3,0.21346363425254822
A,cashew,ss2d_normal,18,1.0,0.3333333432674408,2.0660337365154857e-32,3,0.4714045226573944
A,cashew,ss2d_abnormal,18,1.0,0.3333333432674408,5.082073868969521e-33,3,0.4714045226573944
A,cashew,final_normal,18,0.523600697517395,0.3333333134651184,0.13857975602149963,3,0.15404753386974335
A,cashew,final_abnormal,18,0.49647313356399536,0.3333333134651184,0.13480648398399353,3,0.14715059101581573
A,cashew,entropy_normal,6,0.9955730438232422,0.9840437769889832,0.9792761206626892,3,0.00534606259316206
A,cashew,entropy_abnormal,6,0.9996285438537598,0.989710807800293,0.985662579536438,3,0.004594594240188599
A,cashew,routing_l1,6,0.06180170178413391,0.0599215030670166,0.055423542857170105,3,0.0020929111633449793
A,cashew,gap_ss2d_l1,6,1.9142671823501587,1.9072874784469604,1.8897836208343506,3,0.008080258034169674
H,fryum,gap_normal,54,0.5426656603813171,0.3333333432674408,0.0845637395977974,1,0.1883537471294403
H,fryum,gap_abnormal,54,0.5374748706817627,0.333333283662796,0.08081848174333572,1,0.18883736431598663
H,fryum,ss2d_normal,54,0.9999871253967285,0.3333333432674408,8.453623773041747e-25,1,0.471395343542099
H,fryum,ss2d_abnormal,54,0.9999603033065796,0.3333333432674408,3.0410610082982964e-25,1,0.4713764190673828
H,fryum,final_normal,54,0.5883978009223938,0.33333325386047363,0.07610736042261124,1,0.20846349000930786
H,fryum,final_abnormal,54,0.5837234258651733,0.333333283662796,0.07273662835359573,1,0.20807737112045288
H,fryum,entropy_normal,18,0.8784908652305603,0.8761256337165833,0.8744910955429077,1,0.0009092962136492133
H,fryum,entropy_abnormal,18,0.8758808374404907,0.8735421895980835,0.8719267845153809,1,0.000898705970030278
H,fryum,routing_l1,18,0.016090214252471924,0.016012439504265785,0.015898264944553375,1,4.412467751535587e-05
H,fryum,gap_ss2d_l1,18,0.9196574091911316,0.9166896343231201,0.9146429300308228,1,0.0011402301024645567
H,fryum,gap_normal,54,0.559019923210144,0.3333333432674408,0.08917596936225891,2,0.18601922690868378
H,fryum,gap_abnormal,54,0.6226956248283386,0.3333333730697632,0.09656254947185516,2,0.20966562628746033
H,fryum,ss2d_normal,54,1.0,0.3333333432674408,3.1232358106304574e-24,2,0.471404492855072
H,fryum,ss2d_abnormal,54,1.0,0.3333333432674408,1.2273390828039565e-24,2,0.471404492855072
H,fryum,final_normal,54,0.5031179189682007,0.3333333432674408,0.1802583634853363,2,0.12652312219142914
H,fryum,final_abnormal,54,0.5604260563850403,0.333333283662796,0.18690629303455353,2,0.15507371723651886
H,fryum,entropy_normal,18,1.0359306335449219,1.0255012512207031,1.0185856819152832,2,0.004483507480472326
H,fryum,entropy_abnormal,18,1.0113298892974854,0.9959295988082886,0.9855785965919495,2,0.0066554490476846695
H,fryum,routing_l1,18,0.12791205942630768,0.12243781983852386,0.11394990980625153,2,0.0036110535729676485
H,fryum,gap_ss2d_l1,18,1.8216480016708374,1.8080888986587524,1.7862690687179565,2,0.00914870947599411
H,fryum,gap_normal,54,0.5377200841903687,0.3333333730697632,0.0853624939918518,3,0.17512036859989166
H,fryum,gap_abnormal,54,0.5286329388618469,0.333333283662796,0.09495348483324051,3,0.16744214296340942
H,fryum,ss2d_normal,54,1.0,0.3333333432674408,1.3666283514464437e-24,3,0.4699726104736328
H,fryum,ss2d_abnormal,54,1.0,0.3333333432674408,5.404463342475082e-23,3,0.46970829367637634
H,fryum,final_normal,54,0.5830738544464111,0.333333283662796,0.07682624459266663,3,0.18136954307556152
H,fryum,final_abnormal,54,0.5748763680458069,0.333333283662796,0.08545813709497452,3,0.17457172274589539
H,fryum,entropy_normal,18,1.0759401321411133,0.932281494140625,0.87925124168396,3,0.060534294694662094
H,fryum,entropy_abnormal,18,1.0794689655303955,0.9462447762489319,0.8960311412811279,3,0.05655432492494583
H,fryum,routing_l1,18,0.019005440175533295,0.018039045855402946,0.014847040176391602,3,0.0010771224042400718
H,fryum,gap_ss2d_l1,18,1.8221389055252075,1.1338248252868652,0.8761489391326904,3,0.3481334447860718
A,fryum,gap_normal,54,0.5647144913673401,0.333333283662796,0.06544923037290573,1,0.20498043298721313
A,fryum,gap_abnormal,54,0.5205729007720947,0.3333333432674408,0.06523207575082779,1,0.19409558176994324
A,fryum,ss2d_normal,54,1.0,0.3333333432674408,1.4353701837654684e-24,1,0.471404492855072
A,fryum,ss2d_abnormal,54,1.0,0.3333333432674408,1.0112395322253667e-23,1,0.471404492855072
A,fryum,final_normal,54,0.5082430243492126,0.333333283662796,0.1589043140411377,1,0.14217379689216614
A,fryum,final_abnormal,54,0.4685156047344208,0.3333333432674408,0.1587088704109192,1,0.12915705144405365
A,fryum,entropy_normal,18,1.0044524669647217,1.0030326843261719,1.0024299621582031,1,0.0004926573601551354
A,fryum,entropy_abnormal,18,1.0168399810791016,1.0156893730163574,1.0152018070220947,1,0.0003990198310930282
A,fryum,routing_l1,18,0.07984569668769836,0.07949014008045197,0.07865531742572784,1,0.0002897437079809606
A,fryum,gap_ss2d_l1,18,1.8691015243530273,1.8680860996246338,1.8656777143478394,1,0.0008335600141435862
A,fryum,gap_normal,54,0.5249567627906799,0.3333333432674408,0.10124386847019196,2,0.16981221735477448
A,fryum,gap_abnormal,54,0.5006313323974609,0.3333333432674408,0.11238238960504532,2,0.15778221189975739
A,fryum,ss2d_normal,54,0.9999905824661255,0.3333333432674408,5.057523834916123e-25,2,0.47139784693717957
A,fryum,ss2d_abnormal,54,0.9998388290405273,0.33333325386047363,7.940577315379906e-23,2,0.4712904989719391
A,fryum,final_normal,54,0.5724601149559021,0.333333283662796,0.09111947566270828,2,0.19140368700027466
A,fryum,final_abnormal,54,0.5505520701408386,0.333333283662796,0.10114414989948273,2,0.17899687588214874
A,fryum,entropy_normal,18,0.9348951578140259,0.9151217937469482,0.9041038751602173,2,0.008758836425840855
A,fryum,entropy_abnormal,18,0.9549477100372314,0.9374528527259827,0.9276795387268066,2,0.00775889353826642
A,fryum,routing_l1,18,0.04381609708070755,0.042070422321558,0.03888925909996033,2,0.0013990176375955343
A,fryum,gap_ss2d_l1,18,0.9916880130767822,0.9647817611694336,0.9500676989555359,2,0.011829057708382607
A,fryum,gap_normal,54,0.6001076698303223,0.3333333432674408,0.03340615704655647,3,0.21946057677268982
A,fryum,gap_abnormal,54,0.5536937117576599,0.33333325386047363,0.04133361950516701,3,0.20347781479358673
A,fryum,ss2d_normal,54,1.0,0.3333333432674408,4.178846902664952e-36,3,0.471404492855072
A,fryum,ss2d_abnormal,54,1.0,0.3333333432674408,1.5670857553541592e-32,3,0.471404492855072
A,fryum,final_normal,54,0.5400968790054321,0.333333283662796,0.13006554543972015,3,0.15497948229312897
A,fryum,final_abnormal,54,0.49832433462142944,0.3333333432674408,0.137200266122818,3,0.13819094002246857
A,fryum,entropy_normal,18,1.005906343460083,0.9829566478729248,0.9638411402702332,3,0.011728265322744846
A,fryum,entropy_abnormal,18,1.0229315757751465,1.0036640167236328,0.987471342086792,3,0.009987951256334782
A,fryum,routing_l1,18,0.08354516327381134,0.07534442842006683,0.06558644771575928,3,0.004950596950948238
A,fryum,gap_ss2d_l1,18,1.93318772315979,1.907185435295105,1.8713045120239258,3,0.016833843663334846
H,fryum,gap_normal,54,0.5425703525543213,0.3333333730697632,0.08464155346155167,1,0.18790806829929352
H,fryum,gap_abnormal,54,0.5373852849006653,0.3333333432674408,0.08089525997638702,1,0.1884087324142456
H,fryum,ss2d_normal,54,0.9999871253967285,0.3333333432674408,8.45220382341235e-25,1,0.471395343542099
H,fryum,ss2d_abnormal,54,0.9999603033065796,0.3333333432674408,3.0405507139002316e-25,1,0.4713764190673828
H,fryum,final_normal,54,0.588312029838562,0.333333283662796,0.07617739588022232,1,0.20804794132709503
H,fryum,final_abnormal,54,0.5836427807807922,0.3333333432674408,0.0728057324886322,1,0.20767731964588165
H,fryum,entropy_normal,18,0.8808926343917847,0.8771154880523682,0.8746431469917297,1,0.0015565823996439576
H,fryum,entropy_abnormal,18,0.8782615661621094,0.8745219707489014,0.8720767498016357,1,0.0015402680728584528
H,fryum,routing_l1,18,0.01608189195394516,0.01596774533390999,0.015793852508068085,1,7.181237742770463e-05
H,fryum,gap_ss2d_l1,18,0.9226759672164917,0.9179309010505676,0.9148334860801697,1,0.0019526471151039004
H,fryum,gap_normal,54,0.556656539440155,0.3333333432674408,0.09092658013105392,2,0.1751006841659546
H,fryum,gap_abnormal,54,0.6194467544555664,0.3333333432674408,0.09839502722024918,2,0.19573386013507843
H,fryum,ss2d_normal,54,1.0,0.3333333432674408,3.1282314695279958e-24,2,0.471404492855072
H,fryum,ss2d_abnormal,54,1.0,0.3333333432674408,1.2293211944359374e-24,2,0.471404492855072
H,fryum,final_normal,54,0.5009908676147461,0.3333333432674408,0.1818339228630066,2,0.11667032539844513
H,fryum,final_abnormal,54,0.5575020909309387,0.333333283662796,0.1885555237531662,2,0.14244987070560455
H,fryum,entropy_normal,18,1.0700712203979492,1.0365313291549683,1.0204464197158813,2,0.015068773180246353
H,fryum,entropy_abnormal,18,1.059148907661438,1.0118337869644165,0.9883869886398315,2,0.02157292515039444
H,fryum,routing_l1,18,0.1264655739068985,0.11280029267072678,0.08140403032302856,2,0.013472695834934711
H,fryum,gap_ss2d_l1,18,1.818146824836731,1.7815020084381104,1.6894257068634033,2,0.03806554153561592
H,fryum,gap_normal,54,0.5377600193023682,0.3333333432674408,0.08535874634981155,3,0.1518395096063614
H,fryum,gap_abnormal,54,0.5286625623703003,0.333333283662796,0.09485596418380737,3,0.14508260786533356
H,fryum,ss2d_normal,54,1.0,0.3333333432674408,6.8826999714504655e-25,3,0.45774051547050476
H,fryum,ss2d_abnormal,54,1.0,0.3333333432674408,2.8297046515452903e-23,3,0.45763683319091797
H,fryum,final_normal,54,0.5837674140930176,0.3333333432674408,0.0768570825457573,3,0.1523389369249344
H,fryum,final_abnormal,54,0.5756117701530457,0.33333325386047363,0.08543866127729416,3,0.14651650190353394
H,fryum,entropy_normal,18,1.0981385707855225,0.9806966781616211,0.8781603574752808,3,0.09010974317789078
H,fryum,entropy_abnormal,18,1.098109245300293,0.9907352924346924,0.8951513767242432,3,0.08326039463281631
H,fryum,routing_l1,18,0.018999315798282623,0.0152781642973423,0.002743333578109741,3,0.004760559648275375
H,fryum,gap_ss2d_l1,18,1.8230619430541992,1.1960618495941162,0.46133360266685486,3,0.40300652384757996
A,fryum,gap_normal,54,0.5647966265678406,0.3333333432674408,0.06538975983858109,1,0.20465444028377533
A,fryum,gap_abnormal,54,0.5206313133239746,0.3333333432674408,0.06517335027456284,1,0.19382472336292267
A,fryum,ss2d_normal,54,1.0,0.3333333432674408,1.4344123094113038e-24,1,0.471404492855072
A,fryum,ss2d_abnormal,54,1.0,0.3333333432674408,1.0105877753454731e-23,1,0.471404492855072
A,fryum,final_normal,54,0.5083169341087341,0.33333325386047363,0.1588507890701294,1,0.14186735451221466
A,fryum,final_abnormal,54,0.46856817603111267,0.3333333432674408,0.1586560159921646,1,0.12890832126140594
A,fryum,entropy_normal,18,1.0050820112228394,1.0034483671188354,1.00235915184021,1,0.0007058919291011989
A,fryum,entropy_abnormal,18,1.0173507928848267,1.0160260200500488,1.0151445865631104,1,0.0005718562752008438
A,fryum,routing_l1,18,0.07988713681697845,0.07924537360668182,0.0782841295003891,1,0.00041541174869053066
A,fryum,gap_ss2d_l1,18,1.8692203760147095,1.8673820495605469,1.8645992279052734,1,0.0011965051526203752
A,fryum,gap_normal,54,0.5250392556190491,0.333333283662796,0.1011696457862854,2,0.1588967740535736
A,fryum,gap_abnormal,54,0.5007044076919556,0.333333283662796,0.11230847239494324,2,0.14752891659736633
A,fryum,ss2d_normal,54,0.9999905824661255,0.3333333432674408,5.056791180350399e-25,2,0.47139772772789
A,fryum,ss2d_abnormal,54,0.9998388290405273,0.33333325386047363,7.939517086323289e-23,2,0.4712887108325958
A,fryum,final_normal,54,0.5725343823432922,0.333333283662796,0.09105268120765686,2,0.18124282360076904
A,fryum,final_abnormal,54,0.5506178140640259,0.3333333730697632,0.1010776236653328,2,0.16952632367610931
A,fryum,entropy_normal,18,0.9960922002792358,0.9356306791305542,0.9039771556854248,2,0.02800462581217289
A,fryum,entropy_abnormal,18,1.0085740089416504,0.9555203318595886,0.9275671243667603,2,0.024643735960125923
A,fryum,routing_l1,18,0.043833114206790924,0.03862079977989197,0.027973026037216187,2,0.004773266147822142
A,fryum,gap_ss2d_l1,18,1.0847976207733154,0.9941191077232361,0.9499027729034424,2,0.040620747953653336
A,fryum,gap_normal,54,0.5984979271888733,0.3333333730697632,0.03425660356879234,3,0.19593104720115662
A,fryum,gap_abnormal,54,0.5524373054504395,0.3333333432674408,0.042288634926080704,3,0.18176068365573883
A,fryum,ss2d_normal,54,1.0,0.3333333432674408,4.179261238594884e-36,3,0.471404492855072
A,fryum,ss2d_abnormal,54,1.0,0.3333333432674408,1.5672532632991514e-32,3,0.471404492855072
A,fryum,final_normal,54,0.5386481285095215,0.3333333432674408,0.13083094358444214,3,0.1360456943511963
A,fryum,final_abnormal,54,0.4971935749053955,0.3333333432674408,0.13805976510047913,3,0.12124621868133545
A,fryum,entropy_normal,18,1.0981016159057617,1.009631633758545,0.9652630090713501,3,0.04252089187502861
A,fryum,entropy_abnormal,18,1.098097562789917,1.025805950164795,0.9886607527732849,3,0.035152968019247055
A,fryum,routing_l1,18,0.08290910720825195,0.06196055933833122,0.009266018867492676,3,0.02258875034749508
A,fryum,gap_ss2d_l1,18,1.9314868450164795,1.8269621133804321,1.4529662132263184,3,0.14852112531661987
H,fryum,gap_normal,54,0.5424240231513977,0.3333333432674408,0.08476237207651138,1,0.1882149875164032
H,fryum,gap_abnormal,54,0.5372450947761536,0.3333333730697632,0.08101407438516617,1,0.18870379030704498
H,fryum,ss2d_normal,54,0.9999871253967285,0.3333333432674408,8.450689210474325e-25,1,0.471395343542099
H,fryum,ss2d_abnormal,54,0.9999603033065796,0.3333333432674408,3.0399824875294396e-25,1,0.4713764190673828
H,fryum,final_normal,54,0.5881803035736084,0.3333333432674408,0.07628612965345383,1,0.2083340585231781
H,fryum,final_abnormal,54,0.5835165977478027,0.3333333432674408,0.07291266322135925,1,0.20795267820358276
H,fryum,entropy_normal,18,0.8810737133026123,0.8764339685440063,0.8748782873153687,1,0.0014142771251499653
H,fryum,entropy_abnormal,18,0.8784390687942505,0.8738476037979126,0.8723094463348389,1,0.0013993788743391633
H,fryum,routing_l1,18,0.016074351966381073,0.015998806804418564,0.015777841210365295,1,6.62156380712986e-05
H,fryum,gap_ss2d_l1,18,0.9229071140289307,0.9170765280723572,0.9151262044906616,1,0.0017751373816281557
H,fryum,gap_normal,54,0.5598750114440918,0.3333333432674408,0.08854951709508896,2,0.1807604730129242
H,fryum,gap_abnormal,54,0.6238681674003601,0.3333333432674408,0.09590347856283188,2,0.20295953750610352
H,fryum,ss2d_normal,54,1.0,0.3333333432674408,3.125655049811544e-24,2,0.471404492855072
H,fryum,ss2d_abnormal,54,1.0,0.3333333432674408,1.228322693745154e-24,2,0.471404492855072
H,fryum,final_normal,54,0.5038874745368958,0.3333333730697632,0.17969456315040588,2,0.12179429829120636
H,fryum,final_abnormal,54,0.5614813566207886,0.3333333432674408,0.18631312251091003,2,0.14901402592658997
H,fryum,entropy_normal,18,1.0661628246307373,1.030907154083252,1.017910122871399,2,0.01216210424900055
H,fryum,entropy_abnormal,18,1.0538725852966309,1.0037314891815186,0.9845567941665649,2,0.017509689554572105
H,fryum,routing_l1,18,0.12842485308647156,0.11772918701171875,0.0856817364692688,2,0.010679705068469048
H,fryum,gap_ss2d_l1,18,1.8229010105133057,1.7951529026031494,1.7033807039260864,2,0.02967134490609169
H,fryum,gap_normal,54,0.5402984023094177,0.3333333432674408,0.08316909521818161,3,0.1643977016210556
H,fryum,gap_abnormal,54,0.5311909317970276,0.3333333432674408,0.09279828518629074,3,0.15723271667957306
H,fryum,ss2d_normal,54,1.0,0.3333333432674408,1.0104755007171375e-24,3,0.4702413082122803
H,fryum,ss2d_abnormal,54,1.0,0.3333333432674408,4.063381186481998e-23,3,0.47002965211868286
H,fryum,final_normal,54,0.5861495137214661,0.3333333432674408,0.07485218346118927,3,0.17401593923568726
H,fryum,final_abnormal,54,0.5779175758361816,0.333333283662796,0.08351845294237137,3,0.16771964728832245
H,fryum,entropy_normal,18,1.0975546836853027,0.9444506764411926,0.8738592863082886,3,0.08469131588935852
H,fryum,entropy_abnormal,18,1.097435474395752,0.9570400714874268,0.8909153938293457,3,0.07851062715053558
H,fryum,routing_l1,18,0.018997691571712494,0.016179203987121582,0.002809286117553711,3,0.004728186875581741
H,fryum,gap_ss2d_l1,18,1.7477622032165527,1.1235089302062988,0.8783140182495117,3,0.3077186942100525
A,fryum,gap_normal,54,0.5647920966148376,0.3333333432674408,0.06539317965507507,1,0.20496325194835663
A,fryum,gap_abnormal,54,0.5206277966499329,0.3333333432674408,0.06517668813467026,1,0.19408124685287476
A,fryum,ss2d_normal,54,1.0,0.3333333432674408,1.4345436547520231e-24,1,0.471404492855072
A,fryum,ss2d_abnormal,54,1.0,0.3333333432674408,1.0106803087296555e-23,1,0.471404492855072
A,fryum,final_normal,54,0.5083128809928894,0.3333333432674408,0.15885385870933533,1,0.1421576887369156
A,fryum,final_abnormal,54,0.4685650169849396,0.3333333730697632,0.15865901112556458,1,0.1291438788175583
A,fryum,entropy_normal,18,1.0049004554748535,1.0030547380447388,1.0023630857467651,1,0.0005517294048331678
A,fryum,entropy_abnormal,18,1.0172032117843628,1.01570725440979,1.0151479244232178,1,0.00044683285523205996
A,fryum,routing_l1,18,0.07988548278808594,0.07947773486375809,0.07839067280292511,1,0.0003251559392083436
A,fryum,gap_ss2d_l1,18,1.8692137002944946,1.8680485486984253,1.8649110794067383,1,0.0009349340689368546
A,fryum,gap_normal,54,0.5261771082878113,0.3333333432674408,0.10016313195228577,2,0.16363263130187988
A,fryum,gap_abnormal,54,0.501691460609436,0.333333283662796,0.1112932413816452,2,0.15197594463825226
A,fryum,ss2d_normal,54,0.9999905824661255,0.3333333432674408,5.0567527233812695e-25,2,0.4713977873325348
A,fryum,ss2d_abnormal,54,0.9998388290405273,0.33333325386047363,7.939486794064528e-23,2,0.47128957509994507
A,fryum,final_normal,54,0.5735584497451782,0.3333333432674408,0.09014681726694107,2,0.18564848601818085
A,fryum,final_abnormal,54,0.5515061616897583,0.3333333432674408,0.10016391426324844,2,0.17363083362579346
A,fryum,entropy_normal,18,0.9865182638168335,0.9269158244132996,0.9022432565689087,2,0.022279325872659683
A,fryum,entropy_abnormal,18,1.0002329349517822,0.9478514194488525,0.9260250329971313,2,0.01962476596236229
A,fryum,routing_l1,18,0.04410451650619507,0.04010508209466934,0.029841676354408264,2,0.0037496378645300865
A,fryum,gap_ss2d_l1,18,1.0689258575439453,0.9814807176589966,0.947627067565918,2,0.031888775527477264
A,fryum,gap_normal,54,0.5967819094657898,0.3333333432674408,0.03517485782504082,3,0.20451705157756805
A,fryum,gap_abnormal,54,0.5510891675949097,0.3333333730697632,0.04333691671490669,3,0.18963144719600677
A,fryum,ss2d_normal,54,1.0,0.3333333432674408,4.1797078604414334e-36,3,0.471404492855072
A,fryum,ss2d_abnormal,54,1.0,0.3333333432674408,1.5673249684545515e-32,3,0.471404492855072
A,fryum,final_normal,54,0.5371037125587463,0.3333333432674408,0.13165737688541412,3,0.14298902451992035
A,fryum,final_abnormal,54,0.49598023295402527,0.3333333432674408,0.1390032172203064,3,0.12737593054771423
A,fryum,entropy_normal,18,1.0960512161254883,1.0002474784851074,0.9667776226997375,3,0.0423351414501667
A,fryum,entropy_abnormal,18,1.0971777439117432,1.017987847328186,0.9899483919143677,3,0.035228535532951355
A,fryum,routing_l1,18,0.08224685490131378,0.06698694825172424,0.01815396547317505,3,0.020183246582746506
A,fryum,gap_ss2d_l1,18,1.9296503067016602,1.8552137613296509,1.5426876544952393,3,0.12060195952653885
H,fryum,gap_normal,54,0.542368471622467,0.3333333432674408,0.08480802178382874,1,0.18811553716659546
H,fryum,gap_abnormal,54,0.5371917486190796,0.3333333432674408,0.08105961233377457,1,0.18860822916030884
H,fryum,ss2d_normal,54,0.9999871253967285,0.3333333432674408,8.452591351332039e-25,1,0.471395343542099
H,fryum,ss2d_abnormal,54,0.9999603033065796,0.3333333432674408,3.0407013370293222e-25,1,0.4713764190673828
H,fryum,final_normal,54,0.5881302952766418,0.3333333432674408,0.07632721960544586,1,0.2082412987947464
H,fryum,final_abnormal,54,0.5834685564041138,0.3333333730697632,0.07295364886522293,1,0.20786350965499878
H,fryum,entropy_normal,18,0.8806926012039185,0.876654863357544,0.8749672174453735,1,0.001604063087143004
H,fryum,entropy_abnormal,18,0.8780603408813477,0.8740659952163696,0.8723983764648438,1,0.0015869492199271917
H,fryum,routing_l1,18,0.016070671379566193,0.01598813757300377,0.015801556408405304,1,7.404486677842215e-05
H,fryum,gap_ss2d_l1,18,0.9224243760108948,0.9173539280891418,0.9152370691299438,1,0.002012417884543538
H,fryum,gap_normal,54,0.5548043251037598,0.3333333432674408,0.09231153875589371,2,0.17791511118412018
H,fryum,gap_abnormal,54,0.6169014573097229,0.3333333730697632,0.09984295070171356,2,0.19931213557720184
H,fryum,ss2d_normal,54,1.0,0.3333333432674408,3.131144732850977e-24,2,0.471404492855072
H,fryum,ss2d_abnormal,54,1.0,0.3333333432674408,1.230423726158597e-24,2,0.471404492855072
H,fryum,final_normal,54,0.49932387471199036,0.3333333432674408,0.18308037519454956,2,0.11922891438007355
H,fryum,final_abnormal,54,0.5552113056182861,0.3333333432674408,0.18985864520072937,2,0.14570629596710205
H,fryum,entropy_normal,18,1.077494502067566,1.033748984336853,1.0218946933746338,2,0.013344937935471535
H,fryum,entropy_abnormal,18,1.0690550804138184,1.00785493850708,0.9905651211738586,2,0.018986888229846954
H,fryum,routing_l1,18,0.12533143162727356,0.1152295395731926,0.0726521909236908,2,0.01233904343098402
H,fryum,gap_ss2d_l1,18,1.815376877784729,1.7882086038589478,1.6593749523162842,2,0.0359664224088192
H,fryum,gap_normal,54,0.5405144691467285,0.3333333432674408,0.0830552726984024,3,0.16054175794124603
H,fryum,gap_abnormal,54,0.531360387802124,0.3333333432674408,0.09247658401727676,3,0.1535518318414688
H,fryum,ss2d_normal,54,1.0,0.3333333432674408,7.367655664201543e-25,3,0.4600989818572998
H,fryum,ss2d_abnormal,54,1.0,0.3333333432674408,3.006109411626451e-23,3,0.4597112238407135
H,fryum,final_normal,54,0.5860033631324768,0.3333333432674408,0.07492034137248993,3,0.16197636723518372
H,fryum,final_abnormal,54,0.577747642993927,0.3333333432674408,0.08354645222425461,3,0.1558203399181366
H,fryum,entropy_normal,18,1.0981427431106567,0.965302050113678,0.8740421533584595,3,0.0865185409784317
H,fryum,entropy_abnormal,18,1.0981340408325195,0.9766297936439514,0.8910454511642456,3,0.07999947667121887
H,fryum,routing_l1,18,0.020061776041984558,0.015878338366746902,0.0031084418296813965,3,0.004891293589025736
H,fryum,gap_ss2d_l1,18,1.8118516206741333,1.1675788164138794,0.10422752797603607,3,0.4307502508163452
A,fryum,gap_normal,54,0.5646651387214661,0.3333333432674408,0.06548455357551575,1,0.2048216164112091
A,fryum,gap_abnormal,54,0.5205385088920593,0.3333333432674408,0.0652671605348587,1,0.193963423371315
A,fryum,ss2d_normal,54,1.0,0.3333333432674408,1.4338049851218968e-24,1,0.471404492855072
A,fryum,ss2d_abnormal,54,1.0,0.3333333432674408,1.0101830897010947e-23,1,0.471404492855072
A,fryum,final_normal,54,0.508198618888855,0.3333333432674408,0.15893609821796417,1,0.14202463626861572
A,fryum,final_abnormal,54,0.46848464012145996,0.3333333432674408,0.15874044597148895,1,0.12903575599193573
A,fryum,entropy_normal,18,1.0055547952651978,1.0032352209091187,1.002472162246704,1,0.000742439879104495
A,fryum,entropy_abnormal,18,1.0177359580993652,1.0158536434173584,1.0152357816696167,1,0.0006018001586198807
A,fryum,routing_l1,18,0.07981929183006287,0.0793713703751564,0.07801114022731781,1,0.0004364831547718495
A,fryum,gap_ss2d_l1,18,1.8690308332443237,1.8677419424057007,1.8637843132019043,1,0.001261604717001319
A,fryum,gap_normal,54,0.5244556665420532,0.3333333432674408,0.10168872028589249,2,0.16124847531318665
A,fryum,gap_abnormal,54,0.5001971125602722,0.3333333432674408,0.11283054947853088,2,0.149734765291214
A,fryum,ss2d_normal,54,0.9999905824661255,0.3333333432674408,5.058257475557979e-25,2,0.4713977873325348
A,fryum,ss2d_abnormal,54,0.9998388290405273,0.3333333432674408,7.941667836695283e-23,2,0.4712892174720764
A,fryum,final_normal,54,0.5720091462135315,0.333333283662796,0.09151984751224518,2,0.18343374133110046
A,fryum,final_abnormal,54,0.5501613020896912,0.3333333432674408,0.1015474945306778,2,0.17156566679477692
A,fryum,entropy_normal,18,1.0069268941879272,0.9313619136810303,0.9048655033111572,2,0.02363320253789425
A,fryum,entropy_abnormal,18,1.0179929733276367,0.9517755508422852,0.9283562302589417,2,0.02077808976173401
A,fryum,routing_l1,18,0.04369571805000305,0.039360374212265015,0.025798484683036804,2,0.004089906346052885
A,fryum,gap_ss2d_l1,18,1.103564977645874,0.9878146052360535,0.9510699510574341,2,0.034835346043109894
A,fryum,gap_normal,54,0.5985551476478577,0.3333333432674408,0.03422877937555313,3,0.2065761685371399
A,fryum,gap_abnormal,54,0.5524874329566956,0.3333333432674408,0.04224313050508499,3,0.19155381619930267
A,fryum,ss2d_normal,54,1.0,0.3333333432674408,4.1784006395508095e-36,3,0.471404492855072
A,fryum,ss2d_abnormal,54,1.0,0.3333333432674408,1.5667749840351605e-32,3,0.471404492855072
A,fryum,final_normal,54,0.5386996269226074,0.3333333432674408,0.13080590963363647,3,0.14419156312942505
A,fryum,final_abnormal,54,0.4972386658191681,0.3333333432674408,0.13801881670951843,3,0.12843318283557892
A,fryum,entropy_normal,18,1.0872162580490112,0.998642086982727,0.9652146697044373,3,0.03840591758489609
A,fryum,entropy_abnormal,18,1.0905044078826904,1.0167336463928223,0.9886069893836975,3,0.03213592246174812
A,fryum,routing_l1,18,0.08292195200920105,0.06825404614210129,0.027090132236480713,3,0.01722099259495735
A,fryum,gap_ss2d_l1,18,1.9315423965454102,1.8665574789047241,1.6234564781188965,3,0.09488974511623383
H,fryum,gap_normal,54,0.5427355766296387,0.333333283662796,0.0845055803656578,1,0.18803027272224426
H,fryum,gap_abnormal,54,0.5375432968139648,0.3333333432674408,0.08076109737157822,1,0.18852637708187103
H,fryum,ss2d_normal,54,0.9999871253967285,0.3333333432674408,8.45226890443703e-25,1,0.471395343542099
H,fryum,ss2d_abnormal,54,0.9999603033065796,0.3333333432674408,3.040539127505686e-25,1,0.4713764190673828
H,fryum,final_normal,54,0.5884606838226318,0.3333333432674408,0.07605502009391785,1,0.20816181600093842
H,fryum,final_abnormal,54,0.5837849974632263,0.3333333432674408,0.07268498837947845,1,0.20778711140155792
H,fryum,entropy_normal,18,0.8793017864227295,0.8768441081047058,0.8743780851364136,1,0.0017009249422699213
H,fryum,entropy_abnormal,18,0.8766863346099854,0.8742530345916748,0.8718138933181763,1,0.0016825811471790075
H,fryum,routing_l1,18,0.01609151065349579,0.015978991985321045,0.015860937535762787,1,7.925147656351328e-05
H,fryum,gap_ss2d_l1,18,0.9206764101982117,0.917591392993927,0.9145029783248901,1,0.002132782246917486
H,fryum,gap_normal,54,0.5564674139022827,0.333333283662796,0.09106601029634476,2,0.1760142594575882
H,fryum,gap_abnormal,54,0.6191887855529785,0.3333333730697632,0.0985424593091011,2,0.1969509869813919
H,fryum,ss2d_normal,54,1.0,0.3333333432674408,3.129365457079251e-24,2,0.471404492855072
H,fryum,ss2d_abnormal,54,1.0,0.3333333432674408,1.2297573359089115e-24,2,0.471404492855072
H,fryum,final_normal,54,0.5008206367492676,0.3333333432674408,0.18195940554141998,2,0.11753290891647339
H,fryum,final_abnormal,54,0.5572698712348938,0.333333283662796,0.1886882185935974,2,0.1435934156179428
H,fryum,entropy_normal,18,1.0706322193145752,1.0356025695800781,1.0205940008163452,2,0.015609784051775932
H,fryum,entropy_abnormal,18,1.0599032640457153,1.0104548931121826,0.9886089563369751,2,0.022399354726076126
H,fryum,routing_l1,18,0.1263561099767685,0.11355331540107727,0.08077412843704224,2,0.013851888477802277
H,fryum,gap_ss2d_l1,18,1.8178679943084717,1.78342866897583,1.687329888343811,2,0.03886091709136963
H,fryum,gap_normal,54,0.5382585525512695,0.333333283662796,0.08494578301906586,3,0.15042755007743835
H,fryum,gap_abnormal,54,0.5291447639465332,0.3333333730697632,0.09440470486879349,3,0.14378033578395844
H,fryum,ss2d_normal,54,1.0,0.3333333432674408,1.343384170443654e-24,3,0.4587867558002472
H,fryum,ss2d_abnormal,54,1.0,0.3333333432674408,5.323984384013158e-23,3,0.45842450857162476
H,fryum,final_normal,54,0.5830204486846924,0.3333333432674408,0.07747694104909897,3,0.15119490027427673
H,fryum,final_abnormal,54,0.5748924016952515,0.333333283662796,0.08637522906064987,3,0.14531295001506805
H,fryum,entropy_normal,18,1.098053216934204,0.98288494348526,0.8794831037521362,3,0.08823394775390625
H,fryum,entropy_abnormal,18,1.098092794418335,0.9929625988006592,0.8964751958847046,3,0.0811539739370346
H,fryum,routing_l1,18,0.023501545190811157,0.015060050413012505,0.003275245428085327,3,0.005834517534822226
H,fryum,gap_ss2d_l1,18,1.8256686925888062,1.1945897340774536,0.16789862513542175,3,0.4074532687664032
A,fryum,gap_normal,54,0.5649574398994446,0.333333283662796,0.06527398526668549,1,0.2048361450433731
A,fryum,gap_abnormal,54,0.5207449197769165,0.3333333432674408,0.06505854427814484,1,0.19397543370723724
A,fryum,ss2d_normal,54,1.0,0.3333333432674408,1.4335315462106246e-24,1,0.471404492855072
A,fryum,ss2d_abnormal,54,1.0,0.3333333432674408,1.0099865844496041e-23,1,0.471404492855072
A,fryum,final_normal,54,0.5084616541862488,0.3333333432674408,0.15874658524990082,1,0.14203833043575287
A,fryum,final_abnormal,54,0.46867042779922485,0.333333283662796,0.15855269134044647,1,0.12904682755470276
A,fryum,entropy_normal,18,1.004679799079895,1.0032166242599487,1.0022207498550415,1,0.000784094154369086
A,fryum,entropy_abnormal,18,1.017025351524353,1.015838623046875,1.0150328874588013,1,0.000634870259091258
A,fryum,routing_l1,18,0.07997027039527893,0.0793825089931488,0.07852526009082794,1,0.0004617513041011989
A,fryum,gap_ss2d_l1,18,1.8694519996643066,1.8677725791931152,1.865288496017456,1,0.0013259253464639187
A,fryum,gap_normal,54,0.5260664224624634,0.3333333730697632,0.10026156902313232,2,0.16007934510707855
A,fryum,gap_abnormal,54,0.5015926361083984,0.3333333432674408,0.11139377951622009,2,0.14864154160022736
A,fryum,ss2d_normal,54,0.9999905824661255,0.333333283662796,5.056134946684868e-25,2,0.4713977575302124
A,fryum,ss2d_abnormal,54,0.9998388290405273,0.333333283662796,7.938608949649198e-23,2,0.4712887704372406
A,fryum,final_normal,54,0.5734588503837585,0.333333283662796,0.09023541212081909,2,0.18233081698417664
A,fryum,final_abnormal,54,0.5514172315597534,0.333333283662796,0.10025440156459808,2,0.1705411672592163
A,fryum,entropy_normal,18,0.9997262358665466,0.9334606528282166,0.9024129509925842,2,0.02855793386697769
A,fryum,entropy_abnormal,18,1.0117371082305908,0.9536023736000061,0.9261785745620728,2,0.02514062635600567
A,fryum,routing_l1,18,0.04408319294452667,0.038975510746240616,0.027249813079833984,2,0.00484683969989419
A,fryum,gap_ss2d_l1,18,1.0909918546676636,0.991118311882019,0.9478484392166138,2,0.041240133345127106
A,fryum,gap_normal,54,0.5967400670051575,0.333333283662796,0.035198766738176346,3,0.19809524714946747
A,fryum,gap_abnormal,54,0.5510603189468384,0.3333333432674408,0.043356429785490036,3,0.18372036516666412
A,fryum,ss2d_normal,54,1.0,0.3333333432674408,4.179293524511502e-36,3,0.471404492855072
A,fryum,ss2d_abnormal,54,1.0,0.3333333432674408,1.5671576074463532e-32,3,0.471404492855072
A,fryum,final_normal,54,0.5370660424232483,0.333333283662796,0.13167889416217804,3,0.13733354210853577
A,fryum,final_abnormal,54,0.4959542751312256,0.3333333432674408,0.13902078568935394,3,0.122296042740345
A,fryum,entropy_normal,18,1.0976529121398926,1.0079572200775146,0.9668155908584595,3,0.04327676072716713
A,fryum,entropy_abnormal,18,1.0982215404510498,1.0244868993759155,0.9899733066558838,3,0.03601245582103729
A,fryum,routing_l1,18,0.08222350478172302,0.06351922452449799,0.014925837516784668,3,0.020939236506819725
A,fryum,gap_ss2d_l1,18,1.9296025037765503,1.8382506370544434,1.5108752250671387,3,0.12722273170948029
H,fryum,gap_normal,54,0.5424500703811646,0.333333283662796,0.08474243432283401,1,0.18810485303401947
H,fryum,gap_abnormal,54,0.5372658371925354,0.3333333432674408,0.0809948518872261,1,0.18859824538230896
H,fryum,ss2d_normal,54,0.9999871253967285,0.3333333432674408,8.453268785634398e-25,1,0.471395343542099
H,fryum,ss2d_abnormal,54,0.9999603033065796,0.3333333432674408,3.0409217250447184e-25,1,0.4713764190673828
H,fryum,final_normal,54,0.5882037878036499,0.3333333730697632,0.07626818865537643,1,0.2082313746213913
H,fryum,final_abnormal,54,0.5835353136062622,0.3333333432674408,0.0728953629732132,1,0.20785421133041382
H,fryum,entropy_normal,18,0.879194974899292,0.8766786456108093,0.8748385906219482,1,0.0014403737150132656
H,fryum,entropy_abnormal,18,0.8765780925750732,0.8740890622138977,0.8722726702690125,1,0.0014244744088500738
H,fryum,routing_l1,18,0.016082651913166046,0.01598593220114708,0.015870876610279083,1,6.789980398025364e-05
H,fryum,gap_ss2d_l1,18,0.9205390214920044,0.9173837304115295,0.9150740504264832,1,0.001806116895750165
H,fryum,gap_normal,54,0.5552237629890442,0.3333333730697632,0.09199937433004379,2,0.18225225806236267
H,fryum,gap_abnormal,54,0.6174735426902771,0.3333333432674408,0.09951423853635788,2,0.20476114749908447
H,fryum,ss2d_normal,54,1.0,0.3333333432674408,3.1274203233022023e-24,2,0.471404492855072
H,fryum,ss2d_abnormal,54,1.0,0.3333333432674408,1.2289648265220038e-24,2,0.471404492855072
H,fryum,final_normal,54,0.4997013807296753,0.3333333432674408,0.18279942870140076,2,0.12306813150644302
H,fryum,final_abnormal,54,0.555726170539856,0.3333333730697632,0.1895628124475479,2,0.15057143568992615
H,fryum,entropy_normal,18,1.0513958930969238,1.029471516609192,1.0215686559677124,2,0.00826167780905962
H,fryum,entropy_abnormal,18,1.0334677696228027,1.0017433166503906,0.9900766611099243,2,0.01206585206091404
H,fryum,routing_l1,18,0.12557639181613922,0.11912071704864502,0.10026045143604279,2,0.006933002732694149
H,fryum,gap_ss2d_l1,18,1.816001296043396,1.79937744140625,1.7482532262802124,2,0.01838711090385914
H,fryum,gap_normal,54,0.5403292179107666,0.3333333432674408,0.0831385925412178,3,0.17111697793006897
H,fryum,gap_abnormal,54,0.53122478723526,0.333333283662796,0.0927848145365715,3,0.16356101632118225
H,fryum,ss2d_normal,54,1.0,0.3333333432674408,1.2340666858189076e-24,3,0.45919689536094666
H,fryum,ss2d_abnormal,54,1.0,0.3333333432674408,4.9120046161607434e-23,3,0.45879408717155457
H,fryum,final_normal,54,0.5861985683441162,0.333333283662796,0.0748247280716896,3,0.16951850056648254
H,fryum,final_abnormal,54,0.5779743790626526,0.3333333432674408,0.08350633084774017,3,0.1628035604953766
H,fryum,entropy_normal,18,1.0846444368362427,0.9535810947418213,0.8737909197807312,3,0.07019846141338348
H,fryum,entropy_abnormal,18,1.0870815515518188,0.9663347601890564,0.890868067741394,3,0.06534384936094284
H,fryum,routing_l1,18,0.022645175457000732,0.018069574609398842,0.013494014739990234,3,0.0017731300322338939
H,fryum,gap_ss2d_l1,18,1.818895936012268,1.1764676570892334,0.10283606499433517,3,0.45618936419487
A,fryum,gap_normal,54,0.5649510025978088,0.3333333432674408,0.06527846306562424,1,0.20488376915454865
A,fryum,gap_abnormal,54,0.5207406878471375,0.3333333432674408,0.06506305187940598,1,0.19401510059833527
A,fryum,ss2d_normal,54,1.0,0.3333333432674408,1.432837250006417e-24,1,0.471404492855072
A,fryum,ss2d_abnormal,54,1.0,0.3333333432674408,1.0095243119591446e-23,1,0.471404492855072
A,fryum,final_normal,54,0.5084558725357056,0.3333333432674408,0.15875062346458435,1,0.14208301901817322
A,fryum,final_abnormal,54,0.46866661310195923,0.333333283662796,0.1585567444562912,1,0.12908320128917694
A,fryum,entropy_normal,18,1.0047531127929688,1.0031559467315674,1.0022261142730713,1,0.0006954771815799177
A,fryum,entropy_abnormal,18,1.0170843601226807,1.01578950881958,1.0150372982025146,1,0.0005630803061649203
A,fryum,routing_l1,18,0.07996629178524017,0.07941803336143494,0.07848207652568817,1,0.00040980326593853533
A,fryum,gap_ss2d_l1,18,1.8694430589675903,1.8678762912750244,1.8651630878448486,1,0.0011763402726501226
A,fryum,gap_normal,54,0.5231362581253052,0.3333333432674408,0.10286518931388855,2,0.1648278832435608
A,fryum,gap_abnormal,54,0.499053418636322,0.3333333432674408,0.11401478201150894,2,0.15309205651283264
A,fryum,ss2d_normal,54,0.9999905824661255,0.333333283662796,5.056868094288658e-25,2,0.47139787673950195
A,fryum,ss2d_abnormal,54,0.9998388290405273,0.3333333432674408,7.939820008910894e-23,2,0.47129014134407043
A,fryum,final_normal,54,0.5708217024803162,0.333333283662796,0.09257866442203522,2,0.18678514659404755
A,fryum,final_abnormal,54,0.5491319298744202,0.3333333432674408,0.10261330008506775,2,0.17468580603599548
A,fryum,entropy_normal,18,0.9591318368911743,0.9247098565101624,0.9068667888641357,2,0.015029072761535645
A,fryum,entropy_abnormal,18,0.9762778878211975,0.9459288120269775,0.9301339387893677,2,0.0132812624797225
A,fryum,routing_l1,18,0.0433819517493248,0.04051472991704941,0.03480621427297592,2,0.0024459119886159897
A,fryum,gap_ss2d_l1,18,1.026496171951294,0.9779697060585022,0.9537087678909302,2,0.020756790414452553
A,fryum,gap_normal,54,0.5954847931861877,0.3333333432674408,0.03591124713420868,3,0.214814692735672
A,fryum,gap_abnormal,54,0.5501317381858826,0.3333333432674408,0.04400378838181496,3,0.19922854006290436
A,fryum,ss2d_normal,54,1.0,0.3333333432674408,4.1790381070378124e-36,3,0.471404492855072
A,fryum,ss2d_abnormal,54,1.0,0.3333333432674408,1.5672053619043553e-32,3,0.471404492855072
A,fryum,final_normal,54,0.5359362959861755,0.3333333432674408,0.1323201209306717,3,0.1507105827331543
A,fryum,final_abnormal,54,0.49511855840682983,0.3333333432674408,0.1396034061908722,3,0.13437098264694214
A,fryum,entropy_normal,18,1.0369257926940918,0.9892988204956055,0.9679499864578247,3,0.018063511699438095
A,fryum,entropy_abnormal,18,1.0492066144943237,1.0090279579162598,0.9907898902893066,3,0.015308384783565998
A,fryum,routing_l1,18,0.08163551986217499,0.07268761843442917,0.05281713604927063,3,0.007541276048868895
A,fryum,gap_ss2d_l1,18,1.9281774759292603,1.8962092399597168,1.8071613311767578,3,0.03123593144118786
H,fryum,gap_normal,54,0.5424370765686035,0.333333283662796,0.08475124835968018,1,0.18823367357254028
H,fryum,gap_abnormal,54,0.5372583866119385,0.3333333730697632,0.08100323379039764,1,0.1887219399213791
H,fryum,ss2d_normal,54,0.9999871253967285,0.3333333432674408,8.456267443150369e-25,1,0.471395343542099
H,fryum,ss2d_abnormal,54,0.9999603033065796,0.3333333432674408,3.0420475774678885e-25,1,0.4713764190673828
H,fryum,final_normal,54,0.5881921052932739,0.3333333432674408,0.07627612352371216,1,0.2083514928817749
H,fryum,final_abnormal,54,0.5835285782814026,0.333333283662796,0.07290291041135788,1,0.20796965062618256
H,fryum,entropy_normal,18,0.8783631324768066,0.8763926029205322,0.8748568296432495,1,0.0010853675194084644
H,fryum,entropy_abnormal,18,0.8757559061050415,0.8738062977790833,0.8722879886627197,1,0.001073307590559125
H,fryum,routing_l1,18,0.01607341319322586,0.016000177711248398,0.01590839773416519,1,5.128835255163722e-05
H,fryum,gap_ss2d_l1,18,0.9194952249526978,0.9170243144035339,0.91510009765625,1,0.0013605983695015311
H,fryum,gap_normal,54,0.5583254098892212,0.3333333432674408,0.08968982100486755,2,0.18190114200115204
H,fryum,gap_abnormal,54,0.6217387318611145,0.3333333432674408,0.097099170088768,2,0.2043331116437912
H,fryum,ss2d_normal,54,1.0,0.3333333432674408,3.1261798395287423e-24,2,0.471404492855072
H,fryum,ss2d_abnormal,54,1.0,0.3333333432674408,1.2285147813755753e-24,2,0.471404492855072
H,fryum,final_normal,54,0.5024928450584412,0.3333333432674408,0.18072083592414856,2,0.12276363372802734
H,fryum,final_abnormal,54,0.5595648288726807,0.3333333730697632,0.18738925457000732,2,0.1501973271369934
H,fryum,entropy_normal,18,1.0543792247772217,1.0298171043395996,1.0191346406936646,2,0.00934928935021162
H,fryum,entropy_abnormal,18,1.0376471281051636,1.002223014831543,0.9864086508750916,2,0.013654051348567009
H,fryum,routing_l1,18,0.12748083472251892,0.11880017817020416,0.09749750792980194,2,0.00785213615745306
H,fryum,gap_ss2d_l1,18,1.8206202983856201,1.7984204292297363,1.7400051355361938,2,0.02086077630519867
H,fryum,gap_normal,54,0.541167676448822,0.3333333432674408,0.08245016634464264,3,0.1640452891588211
H,fryum,gap_abnormal,54,0.5320456027984619,0.333333283662796,0.09204625338315964,3,0.15668471157550812
H,fryum,ss2d_normal,54,1.0,0.3333333432674408,9.212881686718209e-25,3,0.4592095613479614
H,fryum,ss2d_abnormal,54,1.0,0.3333333432674408,3.6144871458863095e-23,3,0.4589908719062805
H,fryum,final_normal,54,0.5869324207305908,0.3333333432674408,0.07420514523983002,3,0.1745232194662094
H,fryum,final_abnormal,54,0.5786875486373901,0.3333333730697632,0.08284162729978561,3,0.1680430769920349
H,fryum,entropy_normal,18,1.0973341464996338,0.9437708258628845,0.8724498748779297,3,0.07408951222896576
H,fryum,entropy_abnormal,18,1.0976636409759521,0.9567177295684814,0.8895530700683594,3,0.0685773640871048
H,fryum,routing_l1,18,0.01900467276573181,0.017227277159690857,0.00761646032333374,3,0.0029666046611964703
H,fryum,gap_ss2d_l1,18,1.7745676040649414,1.0647616386413574,0.39915481209754944,3,0.33746129274368286
A,fryum,gap_normal,54,0.5649529099464417,0.333333283662796,0.06527731567621231,1,0.20497912168502808
A,fryum,gap_abnormal,54,0.5207416415214539,0.3333333432674408,0.06506182998418808,1,0.1940944641828537
A,fryum,ss2d_normal,54,1.0,0.3333333432674408,1.4341551407562018e-24,1,0.471404492855072
A,fryum,ss2d_abnormal,54,1.0,0.3333333432674408,1.0104220356692861e-23,1,0.471404492855072
A,fryum,final_normal,54,0.508457601070404,0.3333333730697632,0.15874958038330078,1,0.1421726495027542
A,fryum,final_abnormal,54,0.46866747736930847,0.3333333432674408,0.15855564177036285,1,0.12915602326393127
A,fryum,entropy_normal,18,1.0043612718582153,1.0030343532562256,1.0022246837615967,1,0.0005573452217504382
A,fryum,entropy_abnormal,18,1.0167664289474487,1.0156906843185425,1.0150361061096191,1,0.00045116429100744426
A,fryum,routing_l1,18,0.07996810972690582,0.07948963344097137,0.07871207594871521,1,0.0003281406534370035
A,fryum,gap_ss2d_l1,18,1.8694453239440918,1.8680826425552368,1.865833044052124,1,0.0009412299259565771
A,fryum,gap_normal,54,0.5250374674797058,0.333333283662796,0.1011720597743988,2,0.16497616469860077
A,fryum,gap_abnormal,54,0.5007014274597168,0.3333333432674408,0.1123105138540268,2,0.15323379635810852
A,fryum,ss2d_normal,54,0.9999905824661255,0.3333333432674408,5.057852198267921e-25,2,0.4713978171348572
A,fryum,ss2d_abnormal,54,0.9998388290405273,0.33333325386047363,7.941061360431349e-23,2,0.4712899923324585
A,fryum,final_normal,54,0.5725327730178833,0.3333333432674408,0.09105484932661057,2,0.18691369891166687
A,fryum,final_abnormal,54,0.550615131855011,0.3333333432674408,0.10107945650815964,2,0.17480725049972534
A,fryum,entropy_normal,18,0.9679856300354004,0.9244128465652466,0.9039807319641113,2,0.017359593883156776
A,fryum,entropy_abnormal,18,0.9840407371520996,0.945658266544342,0.927570641040802,2,0.015326743945479393
A,fryum,routing_l1,18,0.04383525252342224,0.04054928943514824,0.0332464724779129,2,0.002849323907867074
A,fryum,gap_ss2d_l1,18,1.039800763130188,0.9776886701583862,0.9499062895774841,2,0.024204736575484276
A,fryum,gap_normal,54,0.598423957824707,0.3333333730697632,0.03429839760065079,3,0.21113288402557373
A,fryum,gap_abnormal,54,0.5523836612701416,0.3333333432674408,0.04232266545295715,3,0.1958136111497879
A,fryum,ss2d_normal,54,1.0,0.3333333432674408,4.178528348287654e-36,3,0.471404492855072
A,fryum,ss2d_abnormal,54,1.0,0.3333333432674408,1.5668587380076566e-32,3,0.471404492855072
A,fryum,final_normal,54,0.5385815501213074,0.333333283662796,0.1308685541152954,3,0.14752107858657837
A,fryum,final_abnormal,54,0.49714529514312744,0.3333333432674408,0.13809040188789368,3,0.1314738243818283
A,fryum,entropy_normal,18,1.0653088092803955,0.9939327239990234,0.9653303623199463,3,0.025460176169872284
A,fryum,entropy_abnormal,18,1.0727925300598145,1.0129269361495972,0.9887054562568665,3,0.021443262696266174
A,fryum,routing_l1,18,0.08287253975868225,0.07068945467472076,0.03994223475456238,3,0.010840869508683681
A,fryum,gap_ss2d_l1,18,1.9314031600952148,1.8855730295181274,1.7249698638916016,3,0.05221611261367798
H,fryum,gap_normal,54,0.5425258278846741,0.33333340287208557,0.08467870950698853,1,0.18830536305904388
H,fryum,gap_abnormal,54,0.537341833114624,0.333333283662796,0.08093158900737762,1,0.18879081308841705
H,fryum,ss2d_normal,54,0.9999871253967285,0.3333333432674408,8.450915021908444e-25,1,0.471395343542099
H,fryum,ss2d_abnormal,54,0.9999603033065796,0.3333333432674408,3.0400635922912576e-25,1,0.4713764190673828
H,fryum,final_normal,54,0.588271975517273,0.3333333432674408,0.07621083408594131,1,0.2084183692932129
H,fryum,final_abnormal,54,0.5836036801338196,0.333333283662796,0.0728384256362915,1,0.20803393423557281
H,fryum,entropy_normal,18,0.878484845161438,0.8762333393096924,0.8747152090072632,1,0.0009702555253170431
H,fryum,entropy_abnormal,18,0.8758766651153564,0.8736487030982971,0.8721481561660767,1,0.0009595939191058278
H,fryum,routing_l1,18,0.01608143001794815,0.016007712110877037,0.015908636152744293,1,4.4328895455691963e-05
H,fryum,gap_ss2d_l1,18,0.9196460247039795,0.9168243408203125,0.9149224758148193,1,0.0012154746800661087
H,fryum,gap_normal,54,0.5585222840309143,0.3333333432674408,0.08954255282878876,2,0.18121306598186493
H,fryum,gap_abnormal,54,0.622012197971344,0.3333333432674408,0.0969468429684639,2,0.20341184735298157
H,fryum,ss2d_normal,54,1.0,0.3333333432674408,3.124963810443344e-24,2,0.471404492855072
H,fryum,ss2d_abnormal,54,1.0,0.3333333432674408,1.2280180948281255e-24,2,0.471404492855072
H,fryum,final_normal,54,0.5026700496673584,0.3333333730697632,0.18058830499649048,2,0.12211397290229797
H,fryum,final_abnormal,54,0.5598109364509583,0.3333333432674408,0.18725216388702393,2,0.14933238923549652
H,fryum,entropy_normal,18,1.0499217510223389,1.0305492877960205,1.018978476524353,2,0.008960888721048832
H,fryum,entropy_abnormal,18,1.0313936471939087,1.00331449508667,0.9861720204353333,2,0.013104665093123913
H,fryum,routing_l1,18,0.1276094913482666,0.11821920424699783,0.10166424512863159,2,0.007492464035749435
H,fryum,gap_ss2d_l1,18,1.8209147453308105,1.796977162361145,1.7522194385528564,2,0.01980658620595932
H,fryum,gap_normal,54,0.5403373837471008,0.333333283662796,0.08315365761518478,3,0.1601095050573349
H,fryum,gap_abnormal,54,0.5312213897705078,0.333333283662796,0.09272650629281998,3,0.1528908908367157
H,fryum,ss2d_normal,54,1.0,0.3333333432674408,1.6551159677771256e-24,3,0.47103288769721985
H,fryum,ss2d_abnormal,54,1.0,0.3333333432674408,6.330109573217796e-23,3,0.47091415524482727
H,fryum,final_normal,54,0.586132287979126,0.333333283662796,0.07483828812837601,3,0.16498340666294098
H,fryum,final_abnormal,54,0.577881395816803,0.3333333432674408,0.08345385640859604,3,0.15869522094726562
H,fryum,entropy_normal,18,1.0964428186416626,0.961296796798706,0.8738477230072021,3,0.08033787459135056
H,fryum,entropy_abnormal,18,1.0969831943511963,0.9730055332183838,0.8908442854881287,3,0.07430196553468704
H,fryum,routing_l1,18,0.01900356262922287,0.016767002642154694,0.00874859094619751,3,0.0035219169221818447
H,fryum,gap_ss2d_l1,18,1.810677170753479,1.1909172534942627,0.9158986210823059,3,0.3357928693294525
A,fryum,gap_normal,54,0.5648320913314819,0.3333333432674408,0.06536464393138885,1,0.20500653982162476
A,fryum,gap_abnormal,54,0.5206552147865295,0.3333333730697632,0.0651484876871109,1,0.19411717355251312
A,fryum,ss2d_normal,54,1.0,0.3333333432674408,1.4333565176972787e-24,1,0.471404492855072
A,fryum,ss2d_abnormal,54,1.0,0.3333333432674408,1.0098710163269893e-23,1,0.471404492855072
A,fryum,final_normal,54,0.5083488821983337,0.3333333730697632,0.15882818400859833,1,0.142198383808136
A,fryum,final_abnormal,54,0.4685896933078766,0.3333333730697632,0.15863363444805145,1,0.12917688488960266
A,fryum,entropy_normal,18,1.0042508840560913,1.0029995441436768,1.002328872680664,1,0.0005200846353545785
A,fryum,entropy_abnormal,18,1.0166763067245483,1.0156625509262085,1.015120506286621,1,0.00042100698919966817
A,fryum,routing_l1,18,0.07990744709968567,0.07951042056083679,0.07877643406391144,1,0.000305942608974874
A,fryum,gap_ss2d_l1,18,1.8692706823349,1.868142008781433,1.8660215139389038,1,0.0008783038938418031
A,fryum,gap_normal,54,0.5254567861557007,0.333333283662796,0.10079944878816605,2,0.1638534814119339
A,fryum,gap_abnormal,54,0.5010661482810974,0.3333333432674408,0.11193613708019257,2,0.15217655897140503
A,fryum,ss2d_normal,54,0.9999905824661255,0.333333283662796,5.056945008226917e-25,2,0.47139784693717957
A,fryum,ss2d_abnormal,54,0.9998388290405273,0.3333333432674408,7.939850301169654e-23,2,0.47128987312316895
A,fryum,final_normal,54,0.5729101300239563,0.3333333432674408,0.09071949869394302,2,0.1858801543712616
A,fryum,final_abnormal,54,0.5509434342384338,0.3333333432674408,0.10074251890182495,2,0.1738421469926834
A,fryum,entropy_normal,18,0.9607151746749878,0.9265403747558594,0.9033410549163818,2,0.016820838674902916
A,fryum,entropy_abnormal,18,0.977666974067688,0.9475414752960205,0.9270027875900269,2,0.014856250956654549
A,fryum,routing_l1,18,0.0439334437251091,0.040209654718637466,0.034540072083473206,2,0.0027481343131512403
A,fryum,gap_ss2d_l1,18,1.0288443565368652,0.980564534664154,0.9490675926208496,2,0.02334463782608509
A,fryum,gap_normal,54,0.6003955006599426,0.3333333432674408,0.03325901925563812,3,0.20773935317993164
A,fryum,gap_abnormal,54,0.5539237260818481,0.3333333432674408,0.04115159437060356,3,0.1926981508731842
A,fryum,ss2d_normal,54,1.0,0.3333333432674408,4.178655698292092e-36,3,0.471404492855072
A,fryum,ss2d_abnormal,54,1.0,0.3333333432674408,1.5668825417682608e-32,3,0.471404492855072
A,fryum,final_normal,54,0.540355920791626,0.333333283662796,0.12993311882019043,3,0.14459766447544098
A,fryum,final_abnormal,54,0.4985313415527344,0.3333333432674408,0.13703644275665283,3,0.12886092066764832
A,fryum,entropy_normal,18,1.0860209465026855,0.998046875,0.9635900855064392,3,0.028589894995093346
A,fryum,entropy_abnormal,18,1.0895333290100098,1.0163718461990356,0.9872464537620544,3,0.023931065574288368
A,fryum,routing_l1,18,0.0836491584777832,0.06878022849559784,0.027865946292877197,3,0.012748580425977707
A,fryum,gap_ss2d_l1,18,1.933482050895691,1.8756604194641113,1.6310040950775146,3,0.06884784996509552
H,fryum,gap_normal,18,0.5421484708786011,0.3333333432674408,0.08498698472976685,1,0.1874179244041443
H,fryum,gap_abnormal,18,0.5369876027107239,0.3333333432674408,0.08123590052127838,1,0.18793714046478271
H,fryum,ss2d_normal,18,0.9999871253967285,0.3333333432674408,8.458752355001815e-25,1,0.4713953733444214
H,fryum,ss2d_abnormal,18,0.9999603033065796,0.3333333432674408,3.0429177896539604e-25,1,0.4713764488697052
H,fryum,final_normal,18,0.5879323482513428,0.3333333432674408,0.07648828625679016,1,0.2075907438993454
H,fryum,final_abnormal,18,0.583284854888916,0.3333333432674408,0.07311230897903442,1,0.20723719894886017
H,fryum,entropy_normal,6,0.8847600221633911,0.8781992793083191,0.8753165006637573,1,0.0033099071588367224
H,fryum,entropy_abnormal,6,0.8820919990539551,0.8755947947502136,0.8727413415908813,1,0.0032772154081612825
H,fryum,routing_l1,6,0.016046911478042603,0.01591534912586212,0.015610672533512115,1,0.00015348066517617553
H,fryum,gap_ss2d_l1,6,0.9275616407394409,0.9192981719970703,0.9156771898269653,1,0.0041657499969005585
H,fryum,gap_normal,18,0.5566850304603577,0.3333333432674408,0.09090600907802582,2,0.17414070665836334
H,fryum,gap_abnormal,18,0.6194847822189331,0.3333333432674408,0.0983726978302002,2,0.19446946680545807
H,fryum,ss2d_normal,18,1.0,0.3333333432674408,3.1265732839052212e-24,2,0.4714045226573944
H,fryum,ss2d_abnormal,18,1.0,0.3333333432674408,1.2286507612741127e-24,2,0.4714045226573944
H,fryum,final_normal,18,0.5010164976119995,0.3333333432674408,0.18181541562080383,2,0.11575855314731598
H,fryum,final_abnormal,18,0.5575363039970398,0.3333333432674408,0.1885354220867157,2,0.1412603110074997
H,fryum,entropy_normal,6,1.0577969551086426,1.0375109910964966,1.020424485206604,2,0.01499587669968605
H,fryum,entropy_abnormal,6,1.0424015522003174,1.0132614374160767,0.9883540868759155,2,0.021601954475045204
H,fryum,routing_l1,6,0.12647965550422668,0.1120072677731514,0.09417396783828735,2,0.013088008388876915
H,fryum,gap_ss2d_l1,6,1.818187952041626,1.779513955116272,1.7300899028778076,2,0.036069247871637344
H,fryum,gap_normal,18,0.5409231185913086,0.3333333432674408,0.08271163702011108,3,0.15422126650810242
H,fryum,gap_abnormal,18,0.5317621231079102,0.3333333730697632,0.09214199334383011,3,0.14761152863502502
H,fryum,ss2d_normal,18,1.0,0.3333333432674408,8.623953633620936e-25,3,0.43637987971305847
H,fryum,ss2d_abnormal,18,1.0,0.3333333432674408,3.493485664900631e-23,3,0.4359712600708008
H,fryum,final_normal,18,0.5820128917694092,0.3333333432674408,0.07445678859949112,3,0.16317909955978394
H,fryum,final_abnormal,18,0.5738108158111572,0.3333333432674408,0.08296073228120804,3,0.15735410153865814
H,fryum,entropy_normal,6,1.0972071886062622,0.9611859321594238,0.8810222148895264,3,0.09405969828367233
H,fryum,entropy_abnormal,6,1.0970706939697266,0.9722487926483154,0.8978023529052734,3,0.08682110905647278
H,fryum,routing_l1,6,0.018964610993862152,0.014470599591732025,0.0031494498252868652,3,0.00544831482693553
H,fryum,gap_ss2d_l1,6,1.607432246208191,1.018842339515686,0.5885297656059265,3,0.3851763904094696
A,fryum,gap_normal,18,0.5648531317710876,0.3333333432674408,0.06534905731678009,1,0.20429512858390808
A,fryum,gap_abnormal,18,0.520671010017395,0.3333333432674408,0.06513316929340363,1,0.19352376461029053
A,fryum,ss2d_normal,18,1.0,0.3333333432674408,1.4355562563314874e-24,1,0.4714045226573944
A,fryum,ss2d_abnormal,18,1.0,0.3333333432674408,1.011370719793905e-23,1,0.4714045226573944
A,fryum,final_normal,18,0.5083677768707275,0.3333333432674408,0.15881414711475372,1,0.1415311098098755
A,fryum,final_abnormal,18,0.4686039090156555,0.3333333432674408,0.15861985087394714,1,0.12863297760486603
A,fryum,entropy_normal,6,1.0072705745697021,1.003903865814209,1.0023105144500732,1,0.0016644857823848724
A,fryum,entropy_abnormal,6,1.019134283065796,1.0163971185684204,1.0151054859161377,1,0.001352346851490438
A,fryum,routing_l1,6,0.07991637289524078,0.07897898554801941,0.0770043134689331,1,0.0009766991715878248
A,fryum,gap_ss2d_l1,6,1.8693019151687622,1.8665910959243774,1.8607988357543945,1,0.002855956554412842
A,fryum,gap_normal,18,0.5250934362411499,0.3333333730697632,0.10112165659666061,2,0.15768027305603027
A,fryum,gap_abnormal,18,0.500749409198761,0.3333333432674408,0.11226188391447067,2,0.14638370275497437
A,fryum,ss2d_normal,18,0.9999905824661255,0.3333333432674408,5.059472814390085e-25,2,0.4713976979255676
A,fryum,ss2d_abnormal,18,0.9998388290405273,0.3333333432674408,7.943424787703392e-23,2,0.4712883234024048
A,fryum,final_normal,18,0.5725831389427185,0.3333333432674408,0.09100949019193649,2,0.180129274725914
A,fryum,final_abnormal,18,0.5506583452224731,0.3333333134651184,0.1010356917977333,2,0.16848692297935486
A,fryum,entropy_normal,6,0.9799675941467285,0.9378325343132019,0.9038947820663452,2,0.027842121198773384
A,fryum,entropy_abnormal,6,0.9945154190063477,0.9574630260467529,0.9274966716766357,2,0.024522563442587852
A,fryum,routing_l1,6,0.043849632143974304,0.038267914205789566,0.031071633100509644,2,0.004679557867348194
A,fryum,gap_ss2d_l1,6,1.0584100484848022,0.9971344470977783,0.9497942924499512,2,0.039820071309804916
A,fryum,gap_normal,18,0.5946732759475708,0.3333333432674408,0.03633168339729309,3,0.19066008925437927
A,fryum,gap_abnormal,18,0.5494388341903687,0.3333333432674408,0.04462180659174919,3,0.1768510639667511
A,fryum,ss2d_normal,18,1.0,0.3333333432674408,4.179994846366927e-36,3,0.4714045226573944
A,fryum,ss2d_abnormal,18,1.0,0.3333333432674408,1.5675402308575458e-32,3,0.4714045226573944
A,fryum,final_normal,18,0.5352059602737427,0.3333333730697632,0.13269852101802826,3,0.1309017539024353
A,fryum,final_abnormal,18,0.4944949448108673,0.3333333730697632,0.14015962183475494,3,0.11646701395511627
A,fryum,entropy_normal,6,1.0944221019744873,1.0163589715957642,0.9686468839645386,3,0.0472366102039814
A,fryum,entropy_abnormal,6,1.0960063934326172,1.03148353099823,0.9915130138397217,3,0.039374493062496185
A,fryum,routing_l1,6,0.08142191171646118,0.05984153226017952,0.02037385106086731,3,0.022273562848567963
A,fryum,gap_ss2d_l1,6,1.9273366928100586,1.817716121673584,1.5637379884719849,3,0.1319173276424408
H,pcb1,gap_normal,54,0.6205345988273621,0.3333333432674408,0.030189909040927887,1,0.24095241725444794
H,pcb1,gap_abnormal,54,0.5880703926086426,0.3333333730697632,0.03859637305140495,1,0.2257978916168213
H,pcb1,ss2d_normal,54,1.0,0.3333333432674408,1.1021114331022184e-39,1,0.471404492855072
H,pcb1,ss2d_abnormal,54,0.9999985694885254,0.3333333432674408,8.174286840065376e-36,1,0.47140344977378845
H,pcb1,final_normal,54,0.6584811210632324,0.3333333432674408,0.02717091701924801,1,0.2577754855155945
H,pcb1,final_abnormal,54,0.629263162612915,0.3333333432674408,0.03473673388361931,1,0.24243400990962982
H,pcb1,entropy_normal,18,0.7401701211929321,0.7377982139587402,0.7368745803833008,1,0.0009414749220013618
H,pcb1,entropy_abnormal,18,0.7777509093284607,0.7755197882652283,0.7746486663818359,1,0.0008859235676936805
H,pcb1,routing_l1,18,0.058437496423721313,0.05833463370800018,0.05805539712309837,1,0.00010903011570917442
H,pcb1,gap_ss2d_l1,18,0.7628767490386963,0.7600351572036743,0.7589306831359863,1,0.0011272766860201955
H,pcb1,gap_normal,54,0.7277097105979919,0.3333333432674408,0.0053413924761116505,2,0.29634416103363037
H,pcb1,gap_abnormal,54,0.7417139410972595,0.3333333432674408,0.012855743989348412,2,0.30118975043296814
H,pcb1,ss2d_normal,54,1.0,0.3333333432674408,0.0,2,0.471404492855072
H,pcb1,ss2d_abnormal,54,1.0,0.3333333432674408,0.0,2,0.471404492855072
H,pcb1,final_normal,54,0.6549386978149414,0.333333283662796,0.10480725765228271,2,0.23175448179244995
H,pcb1,final_abnormal,54,0.6675425171852112,0.3333333432674408,0.11157017201185226,2,0.2377719283103943
H,pcb1,entropy_normal,18,0.8811322450637817,0.8602949380874634,0.8562018871307373,2,0.0064737312495708466
H,pcb1,entropy_abnormal,18,0.8798891305923462,0.8532493710517883,0.848035991191864,2,0.008268224075436592
H,pcb1,routing_l1,18,0.03873353451490402,0.038646452128887177,0.038210608065128326,2,0.00013431237312033772
H,pcb1,gap_ss2d_l1,18,1.9893171787261963,1.9882057905197144,1.9818040132522583,2,0.0019241346744820476
H,pcb1,gap_normal,54,0.6105471253395081,0.3333333730697632,0.02642522193491459,3,0.22363276779651642
H,pcb1,gap_abnormal,54,0.5831917524337769,0.3333333432674408,0.040985312312841415,3,0.20687635242938995
H,pcb1,ss2d_normal,54,1.0,0.3333333432674408,1.106381189523016e-40,3,0.47135820984840393
H,pcb1,ss2d_abnormal,54,1.0,0.3333333432674408,1.6121604260277756e-34,3,0.47124233841896057
H,pcb1,final_normal,54,0.6494177579879761,0.3333333432674408,0.023782698437571526,3,0.21335142850875854
H,pcb1,final_abnormal,54,0.6246541738510132,0.3333333432674408,0.036886781454086304,3,0.1978018879890442
H,pcb1,entropy_normal,18,1.0444875955581665,0.8539440631866455,0.7347540855407715,3,0.10742145776748657
H,pcb1,entropy_abnormal,18,1.0598883628845215,0.8914421796798706,0.7823285460472107,3,0.09517592936754227
H,pcb1,routing_l1,18,0.049527108669281006,0.047165632247924805,0.04001252353191376,3,0.0021182906348258257
H,pcb1,gap_ss2d_l1,18,1.940026044845581,1.2402496337890625,0.7774131298065186,3,0.527848482131958
A,pcb1,gap_normal,54,0.6234933137893677,0.3333333432674408,0.02093673124909401,1,0.24604804813861847
A,pcb1,gap_abnormal,54,0.560013473033905,0.3333333730697632,0.03188598155975342,1,0.22162070870399475
A,pcb1,ss2d_normal,54,1.0,0.3333333432674408,1.312776058126029e-38,1,0.471404492855072
A,pcb1,ss2d_abnormal,54,1.0,0.3333333432674408,9.886804539541909e-33,1,0.471404492855072
A,pcb1,final_normal,54,0.5611439943313599,0.3333333432674408,0.11884306371212006,1,0.1803746074438095
A,pcb1,final_abnormal,54,0.5040121078491211,0.3333333432674408,0.12869738042354584,1,0.15473905205726624
A,pcb1,entropy_normal,18,0.9444521069526672,0.942673921585083,0.941967248916626,1,0.0006032136734575033
A,pcb1,entropy_abnormal,18,0.9790636301040649,0.9776375889778137,0.977072536945343,1,0.00048346383846364915
A,pcb1,routing_l1,18,0.11426368355751038,0.1138613224029541,0.11285419017076492,1,0.00034185635740868747
A,pcb1,gap_ss2d_l1,18,1.9581265449523926,1.9574778079986572,1.9558247327804565,1,0.000558860192541033
A,pcb1,gap_normal,54,0.6006216406822205,0.333333283662796,0.03527621924877167,2,0.22948400676250458
A,pcb1,gap_abnormal,54,0.5606532096862793,0.3333333432674408,0.055313486605882645,2,0.20701809227466583
A,pcb1,ss2d_normal,54,0.9999998807907104,0.3333333432674408,5.235864831444891e-39,2,0.47140440344810486
A,pcb1,ss2d_abnormal,54,0.9999921321868896,0.3333333432674408,4.768471004484939e-32,2,0.4713989198207855
A,pcb1,final_normal,54,0.6405594348907471,0.333333283662796,0.03174859657883644,2,0.24633567035198212
A,pcb1,final_abnormal,54,0.6045870780944824,0.3333333432674408,0.04978213831782341,2,0.22441695630550385
A,pcb1,entropy_normal,18,0.8060120344161987,0.7672316431999207,0.7604432106018066,2,0.013530104421079159
A,pcb1,entropy_abnormal,18,0.8627317547798157,0.8270635604858398,0.8207780122756958,2,0.012454385869204998
A,pcb1,routing_l1,18,0.07194463163614273,0.07125058770179749,0.06727343797683716,2,0.0013885803055018187
A,pcb1,gap_ss2d_l1,18,0.8512503504753113,0.8065963983535767,0.7987564206123352,2,0.015584485605359077
A,pcb1,gap_normal,54,0.6262803077697754,0.3333333432674408,0.01899653486907482,3,0.23784129321575165
A,pcb1,gap_abnormal,54,0.5782095193862915,0.3333333432674408,0.02992241457104683,3,0.21769408881664276
A,pcb1,ss2d_normal,54,1.0,0.3333333432674408,3.5032461608120427e-44,3,0.471404492855072
A,pcb1,ss2d_abnormal,54,1.0,0.3333333432674408,1.5464219779647667e-37,3,0.471404492855072
A,pcb1,final_normal,54,0.5636522769927979,0.3333333432674408,0.11709688603878021,3,0.1722971498966217
A,pcb1,final_abnormal,54,0.5203885436058044,0.3333333432674408,0.12693017721176147,3,0.15182313323020935
A,pcb1,entropy_normal,18,0.9715077877044678,0.9553869962692261,0.9388095140457153,3,0.009735994040966034
A,pcb1,entropy_abnormal,18,0.9983307123184204,0.9842256903648376,0.9694671630859375,3,0.008725265972316265
A,pcb1,routing_l1,18,0.08652742207050323,0.08086645603179932,0.07538138329982758,3,0.003246006788685918
A,pcb1,gap_ss2d_l1,18,1.96200692653656,1.9452128410339355,1.9265687465667725,3,0.010382791049778461
H,pcb1,gap_normal,54,0.6209565997123718,0.3333333432674408,0.029999125748872757,1,0.24105779826641083
H,pcb1,gap_abnormal,54,0.5884435176849365,0.3333333432674408,0.03837767243385315,1,0.22589704394340515
H,pcb1,ss2d_normal,54,1.0,0.3333333432674408,1.1021955110100778e-39,1,0.471404492855072
H,pcb1,ss2d_abnormal,54,0.9999985694885254,0.3333333432674408,8.174910316988511e-36,1,0.47140344977378845
H,pcb1,final_normal,54,0.6588609218597412,0.3333333432674408,0.02699921280145645,1,0.25787657499313354
H,pcb1,final_abnormal,54,0.6295989751815796,0.3333333432674408,0.034539904445409775,1,0.24252909421920776
H,pcb1,entropy_normal,18,0.7395857572555542,0.7374926805496216,0.7361725568771362,1,0.0010056608589366078
H,pcb1,entropy_abnormal,18,0.7772045135498047,0.7752320170402527,0.7739906311035156,1,0.0009466055198572576
H,pcb1,routing_l1,18,0.05852388218045235,0.05836905911564827,0.05812670290470123,1,0.00011502487905090675
H,pcb1,gap_ss2d_l1,18,0.7621733546257019,0.7596694827079773,0.7580868005752563,1,0.0012039730791002512
H,pcb1,gap_normal,54,0.7276595830917358,0.3333333432674408,0.005347468890249729,2,0.2969518303871155
H,pcb1,gap_abnormal,54,0.7416530847549438,0.333333283662796,0.012867310084402561,2,0.30193835496902466
H,pcb1,ss2d_normal,54,1.0,0.3333333432674408,0.0,2,0.471404492855072
H,pcb1,ss2d_abnormal,54,1.0,0.3333333432674408,0.0,2,0.471404492855072
H,pcb1,final_normal,54,0.6548936367034912,0.3333333432674408,0.10481272637844086,2,0.23236215114593506
H,pcb1,final_abnormal,54,0.6674877405166626,0.3333333730697632,0.11158058047294617,2,0.2385014444589615
H,pcb1,entropy_normal,18,0.8761026263237,0.85920250415802,0.85625159740448,2,0.0045803021639585495
H,pcb1,entropy_abnormal,18,0.8734380602836609,0.8518542051315308,0.8481036424636841,2,0.0058443681336939335
H,pcb1,routing_l1,18,0.038732945919036865,0.03866709768772125,0.03830311447381973,2,9.820303239393979e-05
H,pcb1,gap_ss2d_l1,18,1.989305019378662,1.9885389804840088,1.9836206436157227,2,0.0013000930193811655
H,pcb1,gap_normal,54,0.6090307235717773,0.3333333432674408,0.02715308777987957,3,0.224644735455513
H,pcb1,gap_abnormal,54,0.5816798806190491,0.3333333730697632,0.0418684296309948,3,0.20785051584243774
H,pcb1,ss2d_normal,54,1.0,0.3333333432674408,3.18282525395953e-40,3,0.4573914706707001
H,pcb1,ss2d_abnormal,54,1.0,0.3333333432674408,3.796796932399323e-34,3,0.45613908767700195
H,pcb1,final_normal,54,0.640120267868042,0.33333325386047363,0.024439698085188866,3,0.21697553992271423
H,pcb1,final_abnormal,54,0.6158533692359924,0.3333333432674408,0.03769267722964287,3,0.2012602686882019
H,pcb1,entropy_normal,18,1.0332521200180054,0.8434503078460693,0.7470741868019104,3,0.09963032603263855
H,pcb1,entropy_abnormal,18,1.0507644414901733,0.8825457096099854,0.7950482964515686,3,0.08788897842168808
H,pcb1,routing_l1,18,0.05523429065942764,0.04782772436738014,0.04097616672515869,3,0.002775168279185891
H,pcb1,gap_ss2d_l1,18,1.9395434856414795,1.1297297477722168,0.12705770134925842,3,0.575431227684021
A,pcb1,gap_normal,54,0.6237627863883972,0.3333333432674408,0.020832527428865433,1,0.2461543083190918
A,pcb1,gap_abnormal,54,0.560210645198822,0.3333333432674408,0.03175150230526924,1,0.22170980274677277
A,pcb1,ss2d_normal,54,1.0,0.3333333432674408,1.3125857617945737e-38,1,0.471404492855072
A,pcb1,ss2d_abnormal,54,1.0,0.3333333432674408,9.885673126229243e-33,1,0.471404492855072
A,pcb1,final_normal,54,0.5613864660263062,0.333333283662796,0.11874927580356598,1,0.18047909438610077
A,pcb1,final_abnormal,54,0.5041895508766174,0.333333283662796,0.1285763531923294,1,0.15482307970523834
A,pcb1,entropy_normal,18,0.9436978101730347,0.9425057172775269,0.9417380094528198,1,0.0004915469908155501
A,pcb1,entropy_abnormal,18,0.9784570932388306,0.9775030612945557,0.9768893718719482,1,0.0003931430692318827
A,pcb1,routing_l1,18,0.11439383029937744,0.11395645141601562,0.11327719688415527,1,0.00028010160895064473
A,pcb1,gap_ss2d_l1,18,1.958335041999817,1.9576326608657837,1.9565322399139404,1,0.00045179922017268836
A,pcb1,gap_normal,54,0.600674033164978,0.3333333432674408,0.03524839133024216,2,0.23032917082309723
A,pcb1,gap_abnormal,54,0.5606998205184937,0.3333333730697632,0.05527934804558754,2,0.20787522196769714
A,pcb1,ss2d_normal,54,0.9999998807907104,0.3333333432674408,5.235985343112823e-39,2,0.47140440344810486
A,pcb1,ss2d_abnormal,54,0.9999921321868896,0.3333333432674408,4.768543591261102e-32,2,0.4713989496231079
A,pcb1,final_normal,54,0.6406065821647644,0.3333333432674408,0.03172355145215988,2,0.24714474380016327
A,pcb1,final_abnormal,54,0.6046290397644043,0.33333325386047363,0.049751412123441696,2,0.22522680461406708
A,pcb1,entropy_normal,18,0.803677499294281,0.7647864818572998,0.7603530883789062,2,0.009674112312495708
A,pcb1,entropy_abnormal,18,0.8606202006340027,0.8248146772384644,0.8206949830055237,2,0.008914879523217678
A,pcb1,routing_l1,18,0.07195504009723663,0.07150255888700485,0.06750999391078949,2,0.0009922048775479198
A,pcb1,gap_ss2d_l1,18,0.8485751152038574,0.8037801384925842,0.7986516952514648,2,0.011147110722959042
A,pcb1,gap_normal,54,0.6264271140098572,0.3333333432674408,0.018953219056129456,3,0.236668661236763
A,pcb1,gap_abnormal,54,0.5783446431159973,0.3333333432674408,0.029826628044247627,3,0.21654944121837616
A,pcb1,ss2d_normal,54,1.0,0.3333333432674408,3.5032461608120427e-44,3,0.471404492855072
A,pcb1,ss2d_abnormal,54,1.0,0.3333333432674408,1.5476140905943371e-37,3,0.471404492855072
A,pcb1,final_normal,54,0.5637843608856201,0.3333333432674408,0.11705789715051651,3,0.17123249173164368
A,pcb1,final_abnormal,54,0.5205101370811462,0.3333333432674408,0.12684395909309387,3,0.15081052482128143
A,pcb1,entropy_normal,18,1.0088677406311035,0.9571725130081177,0.9386951923370361,3,0.014954636804759502
A,pcb1,entropy_abnormal,18,1.030879259109497,0.9857926964759827,0.969331681728363,3,0.013176504522562027
A,pcb1,routing_l1,18,0.08654838055372238,0.08032219111919403,0.06377026438713074,3,0.004839117638766766
A,pcb1,gap_ss2d_l1,18,1.9620935916900635,1.942380428314209,1.8683527708053589,3,0.01986435241997242
H,pcb1,gap_normal,54,0.6209927201271057,0.333333283662796,0.029983092099428177,1,0.24099808931350708
H,pcb1,gap_abnormal,54,0.5884742736816406,0.3333333432674408,0.038359321653842926,1,0.2258404642343521
H,pcb1,ss2d_normal,54,1.0,0.3333333432674408,1.1023048122902952e-39,1,0.471404492855072
H,pcb1,ss2d_abnormal,54,0.9999985694885254,0.3333333432674408,8.175658632789236e-36,1,0.47140344977378845
H,pcb1,final_normal,54,0.6588934659957886,0.33333325386047363,0.02698478288948536,1,0.2578193247318268
H,pcb1,final_abnormal,54,0.6296266913414001,0.3333333432674408,0.03452339023351669,1,0.24247483909130096
H,pcb1,entropy_normal,18,0.7427588105201721,0.7376664876937866,0.7361130714416504,1,0.001542434561997652
H,pcb1,entropy_abnormal,18,0.7801855802536011,0.7753960490226746,0.7739356160163879,1,0.001451119314879179
H,pcb1,routing_l1,18,0.05853354185819626,0.05835116654634476,0.057764340192079544,1,0.00017713637498673052
H,pcb1,gap_ss2d_l1,18,0.765965461730957,0.7598762512207031,0.7580145597457886,1,0.0018449915805831552
H,pcb1,gap_normal,54,0.7279035449028015,0.3333333432674408,0.0053192987106740475,2,0.2960231304168701
H,pcb1,gap_abnormal,54,0.7419278025627136,0.3333333432674408,0.012812566943466663,2,0.3007851243019104
H,pcb1,ss2d_normal,54,1.0,0.3333333432674408,0.0,2,0.471404492855072
H,pcb1,ss2d_abnormal,54,1.0,0.3333333432674408,0.0,2,0.471404492855072
H,pcb1,final_normal,54,0.655113160610199,0.3333333432674408,0.10478737205266953,2,0.23144017159938812
H,pcb1,final_abnormal,54,0.6677349805831909,0.3333333432674408,0.11153130978345871,2,0.23738637566566467
H,pcb1,entropy_normal,18,0.8916207551956177,0.8608776330947876,0.856010377407074,2,0.009255332872271538
H,pcb1,entropy_abnormal,18,0.8933507204055786,0.8540031909942627,0.8477965593338013,2,0.011839008890092373
H,pcb1,routing_l1,18,0.03873457759618759,0.03863385319709778,0.03801942616701126,2,0.0001889896229840815
H,pcb1,gap_ss2d_l1,18,1.9893614053726196,1.987923502922058,1.9774417877197266,2,0.003031653817743063
H,pcb1,gap_normal,54,0.6132693886756897,0.3333333432674408,0.02522081322968006,3,0.22374045848846436
H,pcb1,gap_abnormal,54,0.585771918296814,0.3333333730697632,0.039395589381456375,3,0.2068338841199875
H,pcb1,ss2d_normal,54,1.0,0.3333333432674408,3.034091434956094e-41,3,0.4712776243686676
H,pcb1,ss2d_abnormal,54,1.0,0.3333333432674408,5.259938883465151e-35,3,0.4710482060909271
H,pcb1,final_normal,54,0.6517121195793152,0.3333333432674408,0.02269873209297657,3,0.21741238236427307
H,pcb1,final_abnormal,54,0.6266317367553711,0.333333283662796,0.03545602783560753,3,0.2017059624195099
H,pcb1,entropy_normal,18,1.0096969604492188,0.843441903591156,0.7303066849708557,3,0.1017889529466629
H,pcb1,entropy_abnormal,18,1.0304913520812988,0.8825576305389404,0.7779136896133423,3,0.0902741551399231
H,pcb1,routing_l1,18,0.05016075819730759,0.04723624512553215,0.0442846417427063,3,0.0012522174511104822
H,pcb1,gap_ss2d_l1,18,1.9390757083892822,1.182958722114563,0.7688555717468262,3,0.5105493664741516
A,pcb1,gap_normal,54,0.623516321182251,0.3333333432674408,0.020927902311086655,1,0.24613450467586517
A,pcb1,gap_abnormal,54,0.5600296854972839,0.3333333730697632,0.03187457472085953,1,0.22169312834739685
A,pcb1,ss2d_normal,54,1.0,0.3333333432674408,1.3100746349465036e-38,1,0.471404492855072
A,pcb1,ss2d_abnormal,54,1.0,0.3333333432674408,9.869772361082464e-33,1,0.471404492855072
A,pcb1,final_normal,54,0.5611646771430969,0.3333333432674408,0.11883511394262314,1,0.18045967817306519
A,pcb1,final_abnormal,54,0.5040267109870911,0.3333333432674408,0.12868711352348328,1,0.15480737388134003
A,pcb1,entropy_normal,18,0.9444786310195923,0.9425371885299683,0.9419476985931396,1,0.0006010624929331243
A,pcb1,entropy_abnormal,18,0.9790847897529602,0.9775282740592957,0.977057158946991,1,0.00048148323548957705
A,pcb1,routing_l1,18,0.11427590996026993,0.1139388233423233,0.11283822357654572,1,0.00034124229568988085
A,pcb1,gap_ss2d_l1,18,1.958144187927246,1.9576032161712646,1.9557998180389404,1,0.0005560824065469205
A,pcb1,gap_normal,54,0.6007065176963806,0.3333333432674408,0.03523120656609535,2,0.2294827103614807
A,pcb1,gap_abnormal,54,0.5607290863990784,0.3333333432674408,0.05525770038366318,2,0.20702005922794342
A,pcb1,ss2d_normal,54,0.9999998807907104,0.3333333432674408,5.2371834532998205e-39,2,0.47140440344810486
A,pcb1,ss2d_abnormal,54,0.9999921321868896,0.3333333432674408,4.7694534238886387e-32,2,0.47139889001846313
A,pcb1,final_normal,54,0.6406357884407043,0.3333333432674408,0.03170808404684067,2,0.24633488059043884
A,pcb1,final_abnormal,54,0.6046553254127502,0.3333333432674408,0.04973192885518074,2,0.22441886365413666
A,pcb1,entropy_normal,18,0.8170693516731262,0.7672350406646729,0.760297417640686,2,0.015245248563587666
A,pcb1,entropy_abnormal,18,0.8726385831832886,0.827045202255249,0.8206425905227661,2,0.013988658785820007
A,pcb1,routing_l1,18,0.0719609260559082,0.07124744355678558,0.06608286499977112,2,0.001571883331052959
A,pcb1,gap_ss2d_l1,18,0.863941490650177,0.8065934777259827,0.7985867261886597,2,0.017552271485328674
A,pcb1,gap_normal,54,0.6289236545562744,0.333333283662796,0.018055032938718796,3,0.2336684614419937
A,pcb1,gap_abnormal,54,0.5804087519645691,0.333333283662796,0.02864638715982437,3,0.21368004381656647
A,pcb1,ss2d_normal,54,1.0,0.3333333432674408,3.5032461608120427e-44,3,0.471404492855072
A,pcb1,ss2d_abnormal,54,1.0,0.3333333432674408,1.5463866652434657e-37,3,0.471404492855072
A,pcb1,final_normal,54,0.566031277179718,0.333333283662796,0.11624953150749207,3,0.168352410197258
A,pcb1,final_abnormal,54,0.5223678350448608,0.3333333432674408,0.12578174471855164,3,0.14813373982906342
A,pcb1,entropy_normal,18,1.0107827186584473,0.9617598652839661,0.9365953803062439,3,0.016241395846009254
A,pcb1,entropy_abnormal,18,1.0324561595916748,0.9898602366447449,0.9675136804580688,3,0.014253538101911545
A,pcb1,routing_l1,18,0.08732691407203674,0.07881445437669754,0.06311388313770294,3,0.005291352979838848
A,pcb1,gap_ss2d_l1,18,1.9638899564743042,1.9368817806243896,1.864787220954895,3,0.021663550287485123
H,pcb1,gap_normal,54,0.6209398508071899,0.3333333432674408,0.03000623546540737,1,0.24116496741771698
H,pcb1,gap_abnormal,54,0.5884302258491516,0.333333283662796,0.03838599473237991,1,0.22599712014198303
H,pcb1,ss2d_normal,54,1.0,0.3333333432674408,1.1024141135705125e-39,1,0.471404492855072
H,pcb1,ss2d_abnormal,54,0.9999985694885254,0.3333333432674408,8.176282827177185e-36,1,0.47140344977378845
H,pcb1,final_normal,54,0.6588459014892578,0.3333333432674408,0.02700561098754406,1,0.2579793930053711
H,pcb1,final_abnormal,54,0.6295870542526245,0.3333333432674408,0.03454739600419998,1,0.24262496829032898
H,pcb1,entropy_normal,18,0.7388820052146912,0.7371823191642761,0.7361994385719299,1,0.0007398970774374902
H,pcb1,entropy_abnormal,18,0.7765405178070068,0.7749410271644592,0.7740151882171631,1,0.0006962745101191103
H,pcb1,routing_l1,18,0.05851767212152481,0.05840802192687988,0.058213505893945694,1,8.470135071547702e-05
H,pcb1,gap_ss2d_l1,18,0.7613315582275391,0.7592966556549072,0.7581202983856201,1,0.0008860330563038588
H,pcb1,gap_normal,54,0.7277272343635559,0.3333333432674408,0.005339489318430424,2,0.2976064383983612
H,pcb1,gap_abnormal,54,0.7417323589324951,0.3333333432674408,0.012851814739406109,2,0.30274319648742676
H,pcb1,ss2d_normal,54,1.0,0.3333333432674408,0.0,2,0.471404492855072
H,pcb1,ss2d_abnormal,54,1.0,0.3333333432674408,0.0,2,0.471404492855072
H,pcb1,final_normal,54,0.6549544930458069,0.3333333432674408,0.10480554401874542,2,0.2330176830291748
H,pcb1,final_abnormal,54,0.6675590872764587,0.3333333432674408,0.11156663298606873,2,0.23928697407245636
H,pcb1,entropy_normal,18,0.8621841669082642,0.8580242991447449,0.8561846613883972,2,0.0014945537550374866
H,pcb1,entropy_abnormal,18,0.8556329011917114,0.850350558757782,0.8480151891708374,2,0.0018975542625412345
H,pcb1,routing_l1,18,0.038731321692466736,0.0386909581720829,0.03861374408006668,2,3.037555143237114e-05
H,pcb1,gap_ss2d_l1,18,1.989320993423462,1.9888782501220703,1.9878343343734741,2,0.00036835388164035976
H,pcb1,gap_normal,54,0.6109762191772461,0.3333333432674408,0.02624395489692688,3,0.22520223259925842
H,pcb1,gap_abnormal,54,0.5835733413696289,0.3333333432674408,0.04072869196534157,3,0.20835712552070618
H,pcb1,ss2d_normal,54,1.0,0.3333333432674408,9.975002988449778e-41,3,0.47109904885292053
H,pcb1,ss2d_abnormal,54,1.0,0.3333333432674408,1.4454069096365375e-34,3,0.47069743275642395
H,pcb1,final_normal,54,0.64969801902771,0.3333333730697632,0.023619558662176132,3,0.21832041442394257
H,pcb1,final_abnormal,54,0.6247565150260925,0.33333325386047363,0.03665582090616226,3,0.2026057094335556
H,pcb1,entropy_normal,18,1.00811767578125,0.8417214155197144,0.7341334819793701,3,0.09755096584558487
H,pcb1,entropy_abnormal,18,1.029029369354248,0.8809312582015991,0.7817531824111938,3,0.08623765408992767
H,pcb1,routing_l1,18,0.04988287016749382,0.0474184975028038,0.04454702138900757,3,0.001135113532654941
H,pcb1,gap_ss2d_l1,18,1.9350740909576416,1.1871577501296997,0.7744354605674744,3,0.5142331123352051
A,pcb1,gap_normal,54,0.6231809854507446,0.3333333432674408,0.021057695150375366,1,0.24609552323818207
A,pcb1,gap_abnormal,54,0.5597866177558899,0.3333333432674408,0.03204184025526047,1,0.22166086733341217
A,pcb1,ss2d_normal,54,1.0,0.3333333432674408,1.312976303676581e-38,1,0.471404492855072
A,pcb1,ss2d_abnormal,54,1.0,0.3333333432674408,9.888313580414777e-33,1,0.471404492855072
A,pcb1,final_normal,54,0.5608628988265991,0.3333333432674408,0.11895192414522171,1,0.18042118847370148
A,pcb1,final_abnormal,54,0.5038079619407654,0.3333333432674408,0.12883765995502472,1,0.15477687120437622
A,pcb1,entropy_normal,18,0.9435466527938843,0.9425986409187317,0.9422327280044556,1,0.0003739904786925763
A,pcb1,entropy_abnormal,18,0.9783358573913574,0.9775769710540771,0.9772840738296509,1,0.00029935763450339437
A,pcb1,routing_l1,18,0.11410988122224808,0.11390260607004166,0.11336363106966019,1,0.0002123214362654835
A,pcb1,gap_ss2d_l1,18,1.9578845500946045,1.9575483798980713,1.9566729068756104,1,0.00034441077150404453
A,pcb1,gap_normal,54,0.6006122827529907,0.3333333432674408,0.03528159111738205,2,0.2310120016336441
A,pcb1,gap_abnormal,54,0.5606438517570496,0.3333333432674408,0.05532001331448555,2,0.2085677683353424
A,pcb1,ss2d_normal,54,0.9999998807907104,0.3333333432674408,5.234785831627361e-39,2,0.47140440344810486
A,pcb1,ss2d_abnormal,54,0.9999921321868896,0.3333333432674408,4.767707227030492e-32,2,0.4713989496231079
A,pcb1,final_normal,54,0.6405510306358337,0.3333333432674408,0.031753432005643845,2,0.24779854714870453
A,pcb1,final_abnormal,54,0.6045786142349243,0.33333325386047363,0.049788009375333786,2,0.225881427526474
A,pcb1,entropy_normal,18,0.7670254707336426,0.7628030180931091,0.7604601383209229,2,0.002073179231956601
A,pcb1,entropy_abnormal,18,0.8269520998001099,0.8229928612709045,0.8207941055297852,2,0.0019444077042862773
A,pcb1,routing_l1,18,0.07194483280181885,0.07170429825782776,0.07127435505390167,2,0.00021076496341265738
A,pcb1,gap_ss2d_l1,18,0.8064031600952148,0.8014992475509644,0.7987750768661499,2,0.002408226253464818
A,pcb1,gap_normal,54,0.6153206825256348,0.333333283662796,0.02334456332027912,3,0.23538438975811005
A,pcb1,gap_abnormal,54,0.5691186189651489,0.3333333730697632,0.035493094474077225,3,0.21536269783973694
A,pcb1,ss2d_normal,54,1.0,0.3333333432674408,3.5032461608120427e-44,3,0.471404492855072
A,pcb1,ss2d_abnormal,54,1.0,0.3333333432674408,1.5458911661064805e-37,3,0.471404492855072
A,pcb1,final_normal,54,0.5537886023521423,0.333333283662796,0.12101010978221893,3,0.16987194120883942
A,pcb1,final_abnormal,54,0.5122067332267761,0.3333333432674408,0.13194379210472107,3,0.14959470927715302
A,pcb1,entropy_normal,18,0.9661105871200562,0.9591464996337891,0.9481348395347595,3,0.005391758866608143
A,pcb1,entropy_abnormal,18,0.9936034679412842,0.9875996112823486,0.9775968790054321,3,0.00490679033100605
A,pcb1,routing_l1,18,0.08316372334957123,0.07959523051977158,0.07716938853263855,3,0.0017290163086727262
A,pcb1,gap_ss2d_l1,18,1.9533108472824097,1.9414814710617065,1.9333950281143188,3,0.005959057714790106
H,pcb1,gap_normal,54,0.6211742758750916,0.3333333432674408,0.02989957295358181,1,0.24090708792209625
H,pcb1,gap_abnormal,54,0.5886415243148804,0.3333333432674408,0.03826360031962395,1,0.22575493156909943
H,pcb1,ss2d_normal,54,1.0,0.3333333432674408,1.1021534720561481e-39,1,0.471404492855072
H,pcb1,ss2d_abnormal,54,0.9999985694885254,0.3333333432674408,8.174660639233332e-36,1,0.47140344977378845
H,pcb1,final_normal,54,0.6590568423271179,0.333333283662796,0.026909615844488144,1,0.2577320337295532
H,pcb1,final_abnormal,54,0.629777193069458,0.3333333432674408,0.03443723917007446,1,0.2423928827047348
H,pcb1,entropy_normal,18,0.7438347339630127,0.7379305362701416,0.7358074188232422,1,0.0017448430880904198
H,pcb1,entropy_abnormal,18,0.7811987400054932,0.7756443619728088,0.7736449241638184,1,0.00164206197950989
H,pcb1,routing_l1,18,0.05855924263596535,0.0583205483853817,0.057643041014671326,1,0.0001986561546800658
H,pcb1,gap_ss2d_l1,18,0.7672488689422607,0.7601922154426575,0.7576514482498169,1,0.002085911575704813
H,pcb1,gap_normal,54,0.7276486158370972,0.3333333432674408,0.005348686594516039,2,0.2955490052700043
H,pcb1,gap_abnormal,54,0.7416418194770813,0.3333333432674408,0.012869667261838913,2,0.3001960217952728
H,pcb1,ss2d_normal,54,1.0,0.3333333432674408,0.0,2,0.471404492855072
H,pcb1,ss2d_abnormal,54,1.0,0.3333333432674408,0.0,2,0.471404492855072
H,pcb1,final_normal,54,0.6548837423324585,0.3333333432674408,0.1048138216137886,2,0.23097263276576996
H,pcb1,final_abnormal,54,0.6674776077270508,0.3333333432674408,0.11158270388841629,2,0.23682065308094025
H,pcb1,entropy_normal,18,0.9006850719451904,0.8617352247238159,0.8562624454498291,2,0.011407977901399136
H,pcb1,entropy_abnormal,18,0.9049243927001953,0.8550992608070374,0.8481163382530212,2,0.014590452425181866
H,pcb1,routing_l1,18,0.03872596472501755,0.03862200677394867,0.03793305158615112,2,0.00021475621906574816
H,pcb1,gap_ss2d_l1,18,1.989302635192871,1.9875566959381104,1.972996711730957,2,0.004053078126162291
H,pcb1,gap_normal,54,0.6120790839195251,0.333333283662796,0.0257716104388237,3,0.22106099128723145
H,pcb1,gap_abnormal,54,0.5845860838890076,0.333333283662796,0.04007318615913391,3,0.20403508841991425
H,pcb1,ss2d_normal,54,1.0,0.3333333432674408,1.767303610221816e-40,3,0.4672967493534088
H,pcb1,ss2d_abnormal,54,1.0,0.3333333432674408,2.40323024198901e-34,3,0.46636736392974854
H,pcb1,final_normal,54,0.6324228644371033,0.3333333432674408,0.03237704560160637,3,0.21093051135540009
H,pcb1,final_abnormal,54,0.608569324016571,0.333333283662796,0.047834742814302444,3,0.195268914103508
H,pcb1,entropy_normal,18,1.0113348960876465,0.8600733876228333,0.7672203779220581,3,0.10073170065879822
H,pcb1,entropy_abnormal,18,1.0319252014160156,0.8975409269332886,0.8147200345993042,3,0.08855286240577698
H,pcb1,routing_l1,18,0.04815533757209778,0.04668639972805977,0.0440932959318161,3,0.0010820952011272311
H,pcb1,gap_ss2d_l1,18,1.928568959236145,1.2352330684661865,0.81675785779953,3,0.506856381893158
A,pcb1,gap_normal,54,0.6236364245414734,0.3333333432674408,0.020881548523902893,1,0.2460123747587204
A,pcb1,gap_abnormal,54,0.5601173043251038,0.3333333432674408,0.03181467205286026,1,0.22159071266651154
A,pcb1,ss2d_normal,54,1.0,0.3333333432674408,1.3144797567989551e-38,1,0.471404492855072
A,pcb1,ss2d_abnormal,54,1.0,0.3333333432674408,9.89767271949923e-33,1,0.471404492855072
A,pcb1,final_normal,54,0.5612727403640747,0.333333283662796,0.11879339814186096,1,0.18033961951732635
A,pcb1,final_abnormal,54,0.5041055679321289,0.333333283662796,0.12863320112228394,1,0.15471085906028748
A,pcb1,entropy_normal,18,0.9450535774230957,0.9427303671836853,0.9418456554412842,1,0.0007607043371535838
A,pcb1,entropy_abnormal,18,0.9795475006103516,0.9776829481124878,0.9769755601882935,1,0.000609772396273911
A,pcb1,routing_l1,18,0.1143343448638916,0.1138288602232933,0.11251522600650787,1,0.00043113238643854856
A,pcb1,gap_ss2d_l1,18,1.9582369327545166,1.9574246406555176,1.9552557468414307,1,0.0007058199844323099
A,pcb1,gap_normal,54,0.6007574200630188,0.33333325386047363,0.0352046824991703,2,0.22899192571640015
A,pcb1,gap_abnormal,54,0.5607737898826599,0.3333333432674408,0.05522419884800911,2,0.20652949810028076
A,pcb1,ss2d_normal,54,0.9999998807907104,0.3333333432674408,5.235904067801892e-39,2,0.47140440344810486
A,pcb1,ss2d_abnormal,54,0.9999921321868896,0.3333333432674408,4.7685803254595654e-32,2,0.4713989198207855
A,pcb1,final_normal,54,0.6406816244125366,0.333333283662796,0.031684212386608124,2,0.24586573243141174
A,pcb1,final_abnormal,54,0.6046955585479736,0.333333283662796,0.04970177635550499,2,0.22395509481430054
A,pcb1,entropy_normal,18,0.8355545997619629,0.7686429023742676,0.7602109313011169,2,0.01896025240421295
A,pcb1,entropy_abnormal,18,0.8889608979225159,0.8283047676086426,0.8205616474151611,2,0.017263254150748253
A,pcb1,routing_l1,18,0.07197216153144836,0.07109639048576355,0.0640636757016182,2,0.0019784860778599977
A,pcb1,gap_ss2d_l1,18,0.885210394859314,0.8082152605056763,0.7984848022460938,2,0.02182433195412159
A,pcb1,gap_normal,54,0.6230365037918091,0.3333333432674408,0.020221980288624763,3,0.23504704236984253
A,pcb1,gap_abnormal,54,0.5755297541618347,0.3333333432674408,0.031492337584495544,3,0.21502405405044556
A,pcb1,ss2d_normal,54,1.0,0.3333333432674408,3.5032461608120427e-44,3,0.471404492855072
A,pcb1,ss2d_abnormal,54,1.0,0.3333333432674408,1.5462921616750316e-37,3,0.471404492855072
A,pcb1,final_normal,54,0.5607328414916992,0.3333333432674408,0.11819978058338165,3,0.1695641428232193
A,pcb1,final_abnormal,54,0.5179767608642578,0.3333333432674408,0.1283431053161621,3,0.14929236471652985
A,pcb1,entropy_normal,18,0.9720328450202942,0.959670901298523,0.9415573477745056,3,0.007785807829350233
A,pcb1,entropy_abnormal,18,0.9988116025924683,0.9880730509757996,0.9718343615531921,3,0.006941185332834721
A,pcb1,routing_l1,18,0.08551208674907684,0.07944206893444061,0.07523271441459656,3,0.0025997913908213377
A,pcb1,gap_ss2d_l1,18,1.9595561027526855,1.9406795501708984,1.925888180732727,3,0.008567159995436668
H,pcb1,gap_normal,54,0.6207523941993713,0.3333333432674408,0.030091388151049614,1,0.24103370308876038
H,pcb1,gap_abnormal,54,0.5882626175880432,0.3333333432674408,0.038483425974845886,1,0.22587408125400543
H,pcb1,ss2d_normal,54,1.0,0.3333333432674408,1.102718195337271e-39,1,0.471404492855072
H,pcb1,ss2d_abnormal,54,0.9999985694885254,0.3333333432674408,8.178216394850199e-36,1,0.47140344977378845
H,pcb1,final_normal,54,0.6586771607398987,0.333333283662796,0.027082249522209167,1,0.2578534781932831
H,pcb1,final_abnormal,54,0.629436194896698,0.3333333432674408,0.03463508188724518,1,0.24250704050064087
H,pcb1,entropy_normal,18,0.7388058304786682,0.7375625967979431,0.736512303352356,1,0.0007388630765490234
H,pcb1,entropy_abnormal,18,0.7764686346054077,0.7752984762191772,0.7743092775344849,1,0.0006954125710763037
H,pcb1,routing_l1,18,0.058481842279434204,0.05836288630962372,0.05822324380278587,1,8.447170694125816e-05
H,pcb1,gap_ss2d_l1,18,0.7612396478652954,0.7597526907920837,0.7584952116012573,1,0.0008845958509482443
H,pcb1,gap_normal,54,0.7277156114578247,0.33333325386047363,0.005340918432921171,2,0.2976551353931427
H,pcb1,gap_abnormal,54,0.7417173385620117,0.3333333432674408,0.012854601256549358,2,0.30280256271362305
H,pcb1,ss2d_normal,54,1.0,0.3333333432674408,0.0,2,0.471404492855072
H,pcb1,ss2d_abnormal,54,1.0,0.3333333432674408,0.0,2,0.471404492855072
H,pcb1,final_normal,54,0.6549440622329712,0.333333283662796,0.1048068255186081,2,0.23306657373905182
H,pcb1,final_abnormal,54,0.6675456166267395,0.3333333432674408,0.11156914383172989,2,0.23934513330459595
H,pcb1,entropy_normal,18,0.8602755665779114,0.857936680316925,0.8561961650848389,2,0.0012557217851281166
H,pcb1,entropy_abnormal,18,0.8532088994979858,0.8502395153045654,0.8480318784713745,2,0.0015935618430376053
H,pcb1,routing_l1,18,0.038727767765522,0.03869225084781647,0.03864498436450958,2,2.5730249035404995e-05
H,pcb1,gap_ss2d_l1,18,1.9893181324005127,1.9889013767242432,1.9883265495300293,2,0.0003049408260267228
H,pcb1,gap_normal,54,0.6144341826438904,0.3333333432674408,0.024710217490792274,3,0.22826294600963593
H,pcb1,gap_abnormal,54,0.5868907570838928,0.3333333432674408,0.038731567561626434,3,0.211594358086586
H,pcb1,ss2d_normal,54,1.0,0.3333333432674408,4.30829212856665e-41,3,0.4677864611148834
H,pcb1,ss2d_abnormal,54,1.0,0.3333333432674408,7.16462486690927e-35,3,0.4663989543914795
H,pcb1,final_normal,54,0.6528500318527222,0.3333333432674408,0.022239195182919502,3,0.22921058535575867
H,pcb1,final_abnormal,54,0.6278294324874878,0.3333333432674408,0.03485840931534767,3,0.21346093714237213
H,pcb1,entropy_normal,18,0.9929502606391907,0.8120770454406738,0.7282867431640625,3,0.08960878103971481
H,pcb1,entropy_abnormal,18,1.0152958631515503,0.854128897190094,0.7758199572563171,3,0.07975475490093231
H,pcb1,routing_l1,18,0.053241170942783356,0.04821842536330223,0.04621165990829468,3,0.001756578218191862
H,pcb1,gap_ss2d_l1,18,1.9425125122070312,1.0483711957931519,0.647131085395813,3,0.4671454131603241
A,pcb1,gap_normal,54,0.6236728429794312,0.3333333432674408,0.02086743898689747,1,0.2461044043302536
A,pcb1,gap_abnormal,54,0.560143768787384,0.3333333730697632,0.03179659694433212,1,0.22166824340820312
A,pcb1,ss2d_normal,54,1.0,0.3333333432674408,1.3133369979012982e-38,1,0.471404492855072
A,pcb1,ss2d_abnormal,54,1.0,0.3333333432674408,9.890350859061546e-33,1,0.471404492855072
A,pcb1,final_normal,54,0.5613055229187012,0.3333333432674408,0.1187806949019432,1,0.18042992055416107
A,pcb1,final_abnormal,54,0.5041293501853943,0.3333333730697632,0.12861694395542145,1,0.15478381514549255
A,pcb1,entropy_normal,18,0.9431978464126587,0.9425845742225647,0.941814661026001,1,0.0003493917465675622
A,pcb1,entropy_abnormal,18,0.978056788444519,0.9775657653808594,0.976951003074646,1,0.0002793759049382061
A,pcb1,routing_l1,18,0.11435233801603317,0.1139112189412117,0.11356323957443237,1,0.0001991414319491014
A,pcb1,gap_ss2d_l1,18,1.9582650661468506,1.9575610160827637,1.9569964408874512,1,0.0003206022665835917
A,pcb1,gap_normal,54,0.600452184677124,0.3333333730697632,0.035366665571928024,2,0.23107072710990906
A,pcb1,gap_abnormal,54,0.5604999661445618,0.3333333432674408,0.05542620271444321,2,0.20862722396850586
A,pcb1,ss2d_normal,54,0.9999998807907104,0.3333333432674408,5.236145091137756e-39,2,0.47140440344810486
A,pcb1,ss2d_abnormal,54,0.9999921321868896,0.3333333432674408,4.7687257928854797e-32,2,0.4713989496231079
A,pcb1,final_normal,54,0.6404069066047668,0.3333333730697632,0.03182999789714813,2,0.24785485863685608
A,pcb1,final_abnormal,54,0.6044491529464722,0.333333283662796,0.049883581697940826,2,0.22593767940998077
A,pcb1,entropy_normal,18,0.765192985534668,0.7626322507858276,0.760735273361206,2,0.0014310231199488044
A,pcb1,entropy_abnormal,18,0.8252371549606323,0.8228346109390259,0.8210515975952148,2,0.0013435465516522527
A,pcb1,routing_l1,18,0.07191552966833115,0.0717225968837738,0.07146646082401276,2,0.00014335682499222457
A,pcb1,gap_ss2d_l1,18,0.8042746782302856,0.8013017177581787,0.7990953922271729,2,0.0016621466493234038
A,pcb1,gap_normal,54,0.628498375415802,0.3333333432674408,0.018207257613539696,3,0.2391871213912964
A,pcb1,gap_abnormal,54,0.580061674118042,0.3333333432674408,0.02883981168270111,3,0.21895474195480347
A,pcb1,ss2d_normal,54,1.0,0.3333333432674408,3.5032461608120427e-44,3,0.471404492855072
A,pcb1,ss2d_abnormal,54,1.0,0.3333333432674408,1.5469530140308072e-37,3,0.471404492855072
A,pcb1,final_normal,54,0.5656484961509705,0.3333333730697632,0.1163865327835083,3,0.1736191362142563
A,pcb1,final_abnormal,54,0.5220555067062378,0.3333333432674408,0.12595583498477936,3,0.15302348136901855
A,pcb1,entropy_normal,18,0.9699499607086182,0.9533129930496216,0.9369539618492126,3,0.010722368955612183
A,pcb1,entropy_abnormal,18,0.9969959259033203,0.9823915958404541,0.9678158760070801,3,0.00958024151623249
A,pcb1,routing_l1,18,0.0871860533952713,0.08158499002456665,0.07592080533504486,3,0.0036203772760927677
A,pcb1,gap_ss2d_l1,18,1.9635854959487915,1.947303295135498,1.9285849332809448,3,0.011127340607345104
H,pcb1,gap_normal,54,0.6208688020706177,0.3333333432674408,0.030038610100746155,1,0.24093270301818848
H,pcb1,gap_abnormal,54,0.5883660912513733,0.3333333432674408,0.03842315077781677,1,0.22577905654907227
H,pcb1,ss2d_normal,54,1.0,0.3333333432674408,1.1020862097298605e-39,1,0.471404492855072
H,pcb1,ss2d_abnormal,54,0.9999985694885254,0.3333333432674408,8.174161283722973e-36,1,0.47140344977378845
H,pcb1,final_normal,54,0.6587819457054138,0.3333333730697632,0.02703474834561348,1,0.25775662064552307
H,pcb1,final_abnormal,54,0.6295292973518372,0.3333333432674408,0.034580834209918976,1,0.2424159198999405
H,pcb1,entropy_normal,18,0.7402067184448242,0.7378554940223694,0.7363182902336121,1,0.0008645702037028968
H,pcb1,entropy_abnormal,18,0.7777882814407349,0.7755743265151978,0.7741274833679199,1,0.0008139738929457963
H,pcb1,routing_l1,18,0.05850519612431526,0.05833006650209427,0.05806489661335945,1,9.804844739846885e-05
H,pcb1,gap_ss2d_l1,18,0.762914776802063,0.7601031064987183,0.7582623958587646,1,0.0010345272021368146
H,pcb1,gap_normal,54,0.728188157081604,0.3333333432674408,0.005286655854433775,2,0.2969915568828583
H,pcb1,gap_abnormal,54,0.7422471046447754,0.333333283662796,0.01274902280420065,2,0.30198416113853455
H,pcb1,ss2d_normal,54,1.0,0.3333333432674408,0.0,2,0.471404492855072
H,pcb1,ss2d_abnormal,54,1.0,0.3333333432674408,0.0,2,0.471404492855072
H,pcb1,final_normal,54,0.6553693413734436,0.333333283662796,0.10475799441337585,2,0.23240336775779724
H,pcb1,final_abnormal,54,0.6680223941802979,0.333333283662796,0.11147411912679672,2,0.23854804039001465
H,pcb1,entropy_normal,18,0.8797962665557861,0.8591322898864746,0.8557287454605103,2,0.005232962314039469
H,pcb1,entropy_abnormal,18,0.8781884908676147,0.8517687916755676,0.847439169883728,2,0.006686438340693712
H,pcb1,routing_l1,18,0.0387384369969368,0.038665372878313065,0.03820890188217163,2,0.00011495628132252023
H,pcb1,gap_ss2d_l1,18,1.989426851272583,1.988537073135376,1.982301115989685,2,0.0015561154577881098
H,pcb1,gap_normal,54,0.6098045706748962,0.3333333432674408,0.026754900813102722,3,0.22284545004367828
H,pcb1,gap_abnormal,54,0.5824978351593018,0.3333333730697632,0.041428711265325546,3,0.20589643716812134
H,pcb1,ss2d_normal,54,1.0,0.3333333432674408,1.2381873230774084e-40,3,0.4713635742664337
H,pcb1,ss2d_abnormal,54,1.0,0.3333333432674408,1.7208165116620645e-34,3,0.4712507724761963
H,pcb1,final_normal,54,0.6488034129142761,0.3333333432674408,0.02407941035926342,3,0.220733642578125
H,pcb1,final_abnormal,54,0.6241739988327026,0.333333283662796,0.03728583827614784,3,0.20496177673339844
H,pcb1,entropy_normal,18,1.0161131620407104,0.83468097448349,0.7359511256217957,3,0.09690987318754196
H,pcb1,entropy_abnormal,18,1.0361062288284302,0.8750342130661011,0.7835049629211426,3,0.08580250293016434
H,pcb1,routing_l1,18,0.04925883561372757,0.04706023633480072,0.043501660227775574,3,0.0013207433512434363
H,pcb1,gap_ss2d_l1,18,1.9417994022369385,1.123963475227356,0.7799778580665588,3,0.48085492849349976
A,pcb1,gap_normal,54,0.6235305070877075,0.333333283662796,0.020922120660543442,1,0.24603790044784546
A,pcb1,gap_abnormal,54,0.5600422620773315,0.3333333432674408,0.031866949051618576,1,0.22161243855953217
A,pcb1,ss2d_normal,54,1.0,0.3333333432674408,1.310974548820293e-38,1,0.471404492855072
A,pcb1,ss2d_abnormal,54,1.0,0.3333333432674408,9.875496283886999e-33,1,0.471404492855072
A,pcb1,final_normal,54,0.5611774325370789,0.3333333432674408,0.11882990598678589,1,0.18036454916000366
A,pcb1,final_abnormal,54,0.5040380358695984,0.333333283662796,0.1286802589893341,1,0.15473119914531708
A,pcb1,entropy_normal,18,0.9440500736236572,0.9426898956298828,0.9419354200363159,1,0.0005088709876872599
A,pcb1,entropy_abnormal,18,0.9787400960922241,0.9776502251625061,0.9770463705062866,1,0.0004073918971698731
A,pcb1,routing_l1,18,0.11427879333496094,0.11385150998830795,0.11307933926582336,1,0.000289296789560467
A,pcb1,gap_ss2d_l1,18,1.958155870437622,1.9574637413024902,1.9562028646469116,1,0.00046965767978690565
A,pcb1,gap_normal,54,0.600716769695282,0.333333283662796,0.03522619605064392,2,0.23051905632019043
A,pcb1,gap_abnormal,54,0.5607374310493469,0.3333333432674408,0.055250946432352066,2,0.2080674171447754
A,pcb1,ss2d_normal,54,0.9999998807907104,0.3333333432674408,5.235465461382558e-39,2,0.47140440344810486
A,pcb1,ss2d_abnormal,54,0.9999921321868896,0.3333333432674408,4.768216216084398e-32,2,0.4713989496231079
A,pcb1,final_normal,54,0.6406450271606445,0.333333283662796,0.03170357644557953,2,0.24732649326324463
A,pcb1,final_abnormal,54,0.6046628355979919,0.33333325386047363,0.04972584918141365,2,0.22540847957134247
A,pcb1,entropy_normal,18,0.7968752384185791,0.76423579454422,0.7602807283401489,2,0.0080688102170825
A,pcb1,entropy_abnormal,18,0.8544679284095764,0.8243111371994019,0.8206266164779663,2,0.007459540851414204
A,pcb1,routing_l1,18,0.0719643235206604,0.07155834883451462,0.06823432445526123,2,0.0008215302950702608
A,pcb1,gap_ss2d_l1,18,0.840772271156311,0.8031473755836487,0.7985661625862122,2,0.009304072707891464
A,pcb1,gap_normal,54,0.6243822574615479,0.3333333432674408,0.01970951072871685,3,0.2350923717021942
A,pcb1,gap_abnormal,54,0.5766462683677673,0.3333333432674408,0.03082709014415741,3,0.2150631695985794
A,pcb1,ss2d_normal,54,1.0,0.3333333432674408,3.5032461608120427e-44,3,0.471404492855072
A,pcb1,ss2d_abnormal,54,1.0,0.3333333432674408,1.5462568489537307e-37,3,0.471404492855072
A,pcb1,final_normal,54,0.5619440078735352,0.3333333432674408,0.11773855984210968,3,0.1696169525384903
A,pcb1,final_abnormal,54,0.5189816355705261,0.3333333432674408,0.1277443766593933,3,0.1493367999792099
A,pcb1,entropy_normal,18,0.9793316125869751,0.9596031904220581,0.940418004989624,3,0.008691669441759586
A,pcb1,entropy_abnormal,18,1.005292296409607,0.9880099892616272,0.9708414077758789,3,0.007756622042506933
A,pcb1,routing_l1,18,0.08592475950717926,0.07947254925966263,0.07294994592666626,3,0.0028748700860887766
A,pcb1,gap_ss2d_l1,18,1.960580825805664,1.9406574964523315,1.9160184860229492,3,0.009803167544305325
H,pcb1,gap_normal,54,0.6209662556648254,0.3333333432674408,0.02999422699213028,1,0.240973562002182
H,pcb1,gap_abnormal,54,0.5884541273117065,0.333333283662796,0.03837210312485695,1,0.22581787407398224
H,pcb1,ss2d_normal,54,1.0,0.3333333432674408,1.102498191478372e-39,1,0.471404492855072
H,pcb1,ss2d_abnormal,54,0.9999985694885254,0.3333333432674408,8.176968723539115e-36,1,0.47140344977378845
H,pcb1,final_normal,54,0.6588696241378784,0.333333283662796,0.026994803920388222,1,0.2577957808971405
H,pcb1,final_abnormal,54,0.6296085715293884,0.333333283662796,0.034534890204668045,1,0.2424532026052475
H,pcb1,entropy_normal,18,0.7398002743721008,0.7377368807792664,0.7361553311347961,1,0.001012107590213418
H,pcb1,entropy_abnormal,18,0.7774059772491455,0.7754617929458618,0.7739732265472412,1,0.0009534679120406508
H,pcb1,routing_l1,18,0.058522142469882965,0.05834127217531204,0.05811426788568497,1,0.00011260535393375903
H,pcb1,gap_ss2d_l1,18,0.7624274492263794,0.759961724281311,0.7580674886703491,1,0.0012103259796276689
H,pcb1,gap_normal,54,0.7281063199043274,0.3333333432674408,0.005296022165566683,2,0.29716604948043823
H,pcb1,gap_abnormal,54,0.7421549558639526,0.3333333432674408,0.012767326086759567,2,0.30219972133636475
H,pcb1,ss2d_normal,54,1.0,0.3333333432674408,0.0,2,0.471404492855072
H,pcb1,ss2d_abnormal,54,1.0,0.3333333432674408,0.0,2,0.471404492855072
H,pcb1,final_normal,54,0.6552956700325012,0.3333333730697632,0.10476642102003098,2,0.23257789015769958
H,pcb1,final_abnormal,54,0.6679394245147705,0.333333283662796,0.11149059236049652,2,0.2387581616640091
H,pcb1,entropy_normal,18,0.876937747001648,0.858817994594574,0.8558098077774048,2,0.0046646264381706715
H,pcb1,entropy_abnormal,18,0.8745109438896179,0.8513662815093994,0.8475422263145447,2,0.005953794810920954
H,pcb1,routing_l1,18,0.03873801231384277,0.038674890995025635,0.038286179304122925,2,9.971937834052369e-05
H,pcb1,gap_ss2d_l1,18,1.989408016204834,1.9886313676834106,1.9833309650421143,2,0.0013399369781836867
H,pcb1,gap_normal,54,0.6111942529678345,0.3333333432674408,0.02614130638539791,3,0.22294633090496063
H,pcb1,gap_abnormal,54,0.5837931632995605,0.333333283662796,0.04060063138604164,3,0.20602911710739136
H,pcb1,ss2d_normal,54,1.0,0.3333333432674408,3.8563733738218966e-41,3,0.4544640779495239
H,pcb1,ss2d_abnormal,54,1.0,0.3333333432674408,6.504678920306117e-35,3,0.4530971050262451
H,pcb1,final_normal,54,0.6499764323234558,0.3333333432674408,0.023527175188064575,3,0.21942652761936188
H,pcb1,final_abnormal,54,0.625137984752655,0.3333333432674408,0.03654056787490845,3,0.20358698070049286
H,pcb1,entropy_normal,18,1.0217138528823853,0.8363328576087952,0.7336990833282471,3,0.09778326004743576
H,pcb1,entropy_abnormal,18,1.0409226417541504,0.8767744898796082,0.7812628746032715,3,0.08648614585399628
H,pcb1,routing_l1,18,0.05473968759179115,0.047649238258600235,0.042759284377098083,3,0.0025494953151792288
H,pcb1,gap_ss2d_l1,18,1.9276318550109863,1.06155526638031,0.11112160235643387,3,0.5470333695411682
A,pcb1,gap_normal,54,0.6234146952629089,0.33333325386047363,0.020967213436961174,1,0.24605531990528107
A,pcb1,gap_abnormal,54,0.5599552392959595,0.333333283662796,0.03192557394504547,1,0.22162675857543945
A,pcb1,ss2d_normal,54,1.0,0.3333333432674408,1.3109344716842133e-38,1,0.471404492855072
A,pcb1,ss2d_abnormal,54,1.0,0.3333333432674408,9.875044453245901e-33,1,0.471404492855072
A,pcb1,final_normal,54,0.5610731840133667,0.3333333432674408,0.11887049674987793,1,0.18038171529769897
A,pcb1,final_abnormal,54,0.5039597153663635,0.3333333432674408,0.12873300909996033,1,0.15474474430084229
A,pcb1,entropy_normal,18,0.9441877603530884,0.9426623582839966,0.9420341849327087,1,0.0005576905095949769
A,pcb1,entropy_abnormal,18,0.9788511395454407,0.9776285886764526,0.97712641954422,1,0.0004465446691028774
A,pcb1,routing_l1,18,0.11422702670097351,0.11386818438768387,0.11300332099199295,1,0.00031680832034908235
A,pcb1,gap_ss2d_l1,18,1.9580655097961426,1.957488775253296,1.956073522567749,1,0.0005148340715095401
A,pcb1,gap_normal,54,0.6007063388824463,0.3333333432674408,0.03523162379860878,2,0.23055076599121094
A,pcb1,gap_abnormal,54,0.5607283115386963,0.3333333432674408,0.05525774136185646,2,0.20809949934482574
A,pcb1,ss2d_normal,54,0.9999998807907104,0.3333333432674408,5.2357849574324243e-39,2,0.47140440344810486
A,pcb1,ss2d_abnormal,54,0.9999921321868896,0.3333333432674408,4.768398123835188e-32,2,0.4713989496231079
A,pcb1,final_normal,54,0.6406356692314148,0.3333333432674408,0.03170846030116081,2,0.24735693633556366
A,pcb1,final_abnormal,54,0.6046546697616577,0.333333283662796,0.049731966108083725,2,0.22543877363204956
A,pcb1,entropy_normal,18,0.7957636117935181,0.7641441226005554,0.7602984309196472,2,0.007864471524953842
A,pcb1,entropy_abnormal,18,0.8534549474716187,0.8242264986038208,0.8206429481506348,2,0.007275227457284927
A,pcb1,routing_l1,18,0.07196204364299774,0.07156889885663986,0.06834325194358826,2,0.0008018847438506782
A,pcb1,gap_ss2d_l1,18,0.8394992351531982,0.8030408024787903,0.7985869646072388,2,0.009071383625268936
A,pcb1,gap_normal,54,0.6211099028587341,0.3333333432674408,0.020956097170710564,3,0.23436132073402405
A,pcb1,gap_abnormal,54,0.5739067792892456,0.3333333432674408,0.03250272944569588,3,0.21438045799732208
A,pcb1,ss2d_normal,54,1.0,0.3333333432674408,3.5032461608120427e-44,3,0.471404492855072
A,pcb1,ss2d_abnormal,54,1.0,0.3333333432674408,1.546138915674973e-37,3,0.471404492855072
A,pcb1,final_normal,54,0.5589988827705383,0.333333283662796,0.11886049062013626,3,0.16893258690834045
A,pcb1,final_abnormal,54,0.5165160894393921,0.3333333432674408,0.12925246357917786,3,0.14871327579021454
A,pcb1,entropy_normal,18,0.9899814128875732,0.9607155323028564,0.9431780576705933,3,0.010679732076823711
A,pcb1,entropy_abnormal,18,1.0145936012268066,0.9889549612998962,0.9733077883720398,3,0.009453720413148403
A,pcb1,routing_l1,18,0.08496566861867905,0.07909654825925827,0.06959980726242065,3,0.003481937339529395
A,pcb1,gap_ss2d_l1,18,1.9580878019332886,1.9391146898269653,1.900296688079834,3,0.013277486898005009
H,pcb1,gap_normal,54,0.6207512021064758,0.3333333432674408,0.030092457309365273,1,0.24099422991275787
H,pcb1,gap_abnormal,54,0.5882594585418701,0.3333333432674408,0.03848470002412796,1,0.22583675384521484
H,pcb1,ss2d_normal,54,1.0,0.3333333432674408,1.1025990849678034e-39,1,0.471404492855072
H,pcb1,ss2d_abnormal,54,0.9999985694885254,0.3333333432674408,8.177592917927064e-36,1,0.47140344977378845
H,pcb1,final_normal,54,0.6586760878562927,0.3333333432674408,0.02708321064710617,1,0.2578156292438507
H,pcb1,final_abnormal,54,0.6294333338737488,0.3333333432674408,0.034636229276657104,1,0.24247121810913086
H,pcb1,entropy_normal,18,0.7399088144302368,0.7376773357391357,0.736515462398529,1,0.00092638551723212
H,pcb1,entropy_abnormal,18,0.7775065302848816,0.7754066586494446,0.7743136882781982,1,0.0008719018078409135
H,pcb1,routing_l1,18,0.05848545581102371,0.05835103243589401,0.05809641629457474,1,0.00010568841389613226
H,pcb1,gap_ss2d_l1,18,0.762559175491333,0.7598893642425537,0.7584974765777588,1,0.0011086679296568036
H,pcb1,gap_normal,54,0.7274275422096252,0.3333333730697632,0.005374420899897814,2,0.29729944467544556
H,pcb1,gap_abnormal,54,0.7413920164108276,0.3333333730697632,0.012919454835355282,2,0.3023660480976105
H,pcb1,ss2d_normal,54,1.0,0.3333333432674408,0.0,2,0.471404492855072
H,pcb1,ss2d_abnormal,54,1.0,0.3333333432674408,0.0,2,0.471404492855072
H,pcb1,final_normal,54,0.6546847820281982,0.3333333432674408,0.10483697801828384,2,0.23270973563194275
H,pcb1,final_abnormal,54,0.667252779006958,0.333333283662796,0.11162751168012619,2,0.23891811072826385
H,pcb1,entropy_normal,18,0.867893636226654,0.8585766553878784,0.8564810156822205,2,0.002881307853385806
H,pcb1,entropy_abnormal,18,0.8629257082939148,0.8510556221008301,0.8483954668045044,2,0.003666150849312544
H,pcb1,routing_l1,18,0.03871792554855347,0.03867765888571739,0.03847476840019226,2,5.901280383113772e-05
H,pcb1,gap_ss2d_l1,18,1.9892511367797852,1.9887280464172363,1.9862414598464966,2,0.0007532685995101929
H,pcb1,gap_normal,54,0.6100223064422607,0.3333333730697632,0.026643643155694008,3,0.2245471030473709
H,pcb1,gap_abnormal,54,0.5827246904373169,0.3333333730697632,0.04130716994404793,3,0.20766331255435944
H,pcb1,ss2d_normal,54,1.0,0.3333333432674408,7.83451958419362e-41,3,0.4713079333305359
H,pcb1,ss2d_abnormal,54,1.0,0.3333333432674408,1.1932850675211242e-34,3,0.4711166322231293
H,pcb1,final_normal,54,0.6490120887756348,0.3333333432674408,0.023979278281331062,3,0.2303951382637024
H,pcb1,final_abnormal,54,0.6244189143180847,0.333333283662796,0.037176452577114105,3,0.2145765870809555
H,pcb1,entropy_normal,18,1.0037598609924316,0.8083593845367432,0.7355467081069946,3,0.08538828045129776
H,pcb1,entropy_abnormal,18,1.0251317024230957,0.8514837622642517,0.7831135988235474,3,0.07616531848907471
H,pcb1,routing_l1,18,0.0491863414645195,0.04730243235826492,0.04505336284637451,3,0.001102372189052403
H,pcb1,gap_ss2d_l1,18,1.9080685377120972,0.9990216493606567,0.7797955870628357,3,0.3993147313594818
A,pcb1,gap_normal,54,0.6234481334686279,0.3333333730697632,0.02095397375524044,1,0.2460721880197525
A,pcb1,gap_abnormal,54,0.5599817633628845,0.3333333730697632,0.03190825879573822,1,0.22164127230644226
A,pcb1,ss2d_normal,54,1.0,0.3333333432674408,1.3148408714132116e-38,1,0.471404492855072
A,pcb1,ss2d_abnormal,54,1.0,0.3333333432674408,9.899863547095576e-33,1,0.471404492855072
A,pcb1,final_normal,54,0.5611032843589783,0.3333333432674408,0.11885857582092285,1,0.18039830029010773
A,pcb1,final_abnormal,54,0.5039835572242737,0.3333333432674408,0.12871743738651276,1,0.15475843846797943
A,pcb1,entropy_normal,18,0.94427490234375,0.9426356554031372,0.9420053958892822,1,0.0005195343983359635
A,pcb1,entropy_abnormal,18,0.978919506072998,0.9776065349578857,0.9771025776863098,1,0.000415821181377396
A,pcb1,routing_l1,18,0.11423946917057037,0.1138814389705658,0.11294709146022797,1,0.00029609177727252245
A,pcb1,gap_ss2d_l1,18,1.958092212677002,1.9575135707855225,1.9559924602508545,1,0.0004799894231837243
A,pcb1,gap_normal,54,0.600750744342804,0.3333333432674408,0.035208810120821,2,0.2311348170042038
A,pcb1,gap_abnormal,54,0.5607671737670898,0.3333333432674408,0.05522811412811279,2,0.20869289338588715
A,pcb1,ss2d_normal,54,0.9999998807907104,0.3333333432674408,5.235066091320226e-39,2,0.47140440344810486
A,pcb1,ss2d_abnormal,54,0.9999921321868896,0.3333333432674408,4.7679255751061574e-32,2,0.4713989496231079
A,pcb1,final_normal,54,0.6406756043434143,0.3333333730697632,0.03168792650103569,2,0.24791637063026428
A,pcb1,final_abnormal,54,0.6046896576881409,0.3333333432674408,0.049705300480127335,2,0.22599981725215912
A,pcb1,entropy_normal,18,0.76898193359375,0.7624468803405762,0.7602236866950989,2,0.0024138563312590122
A,pcb1,entropy_abnormal,18,0.8287733793258667,0.8226584196090698,0.8205717206001282,2,0.0022622765973210335
A,pcb1,routing_l1,18,0.07197197526693344,0.07174085080623627,0.07106949388980865,2,0.000246201001573354
A,pcb1,gap_ss2d_l1,18,0.8086695671081543,0.8010849952697754,0.7984981536865234,2,0.0028032390400767326
A,pcb1,gap_normal,54,0.6292418241500854,0.333333283662796,0.017933271825313568,3,0.23540806770324707
A,pcb1,gap_abnormal,54,0.5806598663330078,0.3333333432674408,0.028521686792373657,3,0.21532420814037323
A,pcb1,ss2d_normal,54,1.0,0.3333333432674408,3.5032461608120427e-44,3,0.471404492855072
A,pcb1,ss2d_abnormal,54,1.0,0.3333333432674408,1.5463158155931094e-37,3,0.471404492855072
A,pcb1,final_normal,54,0.566317617893219,0.3333333432674408,0.11613994836807251,3,0.16995501518249512
A,pcb1,final_abnormal,54,0.5225938558578491,0.33333325386047363,0.12566952407360077,3,0.14961108565330505
A,pcb1,entropy_normal,18,0.9848625659942627,0.9591335654258728,0.9363197088241577,3,0.011387456208467484
A,pcb1,entropy_abnormal,18,1.0101274251937866,0.9876208901405334,0.967308759689331,3,0.010130751878023148
A,pcb1,routing_l1,18,0.08744750916957855,0.07967798411846161,0.07119312882423401,3,0.003806655528023839
A,pcb1,gap_ss2d_l1,18,1.9641335010528564,1.9408421516418457,1.9080498218536377,3,0.012639840133488178
H,pcb1,gap_normal,54,0.62091463804245,0.3333333432674408,0.03001810982823372,1,0.24100947380065918
H,pcb1,gap_abnormal,54,0.5884059071540833,0.3333333432674408,0.0383995845913887,1,0.2258516401052475
H,pcb1,ss2d_normal,54,1.0,0.3333333432674408,1.1025486382230877e-39,1,0.471404492855072
H,pcb1,ss2d_abnormal,54,0.9999985694885254,0.3333333432674408,8.17728082073309e-36,1,0.47140344977378845
H,pcb1,final_normal,54,0.6588231921195984,0.333333283662796,0.027016298845410347,1,0.2578302025794983
H,pcb1,final_abnormal,54,0.6295651197433472,0.3333333432674408,0.03455962613224983,1,0.24248555302619934
H,pcb1,entropy_normal,18,0.7410049438476562,0.7376327514648438,0.7362424731254578,1,0.00098264345433563
H,pcb1,entropy_abnormal,18,0.7785371541976929,0.7753638029098511,0.7740567922592163,1,0.0009245985420420766
H,pcb1,routing_l1,18,0.05851602554321289,0.058352965861558914,0.057969801127910614,1,0.00011246428766753525
H,pcb1,gap_ss2d_l1,18,0.7638694643974304,0.75983726978302,0.7581707239151001,1,0.0011757515603676438
H,pcb1,gap_normal,54,0.7279596924781799,0.333333283662796,0.005312991328537464,2,0.2975941300392151
H,pcb1,gap_abnormal,54,0.7419884204864502,0.3333333432674408,0.012800202704966068,2,0.30272796750068665
H,pcb1,ss2d_normal,54,1.0,0.3333333432674408,0.0,2,0.471404492855072
H,pcb1,ss2d_abnormal,54,1.0,0.3333333432674408,0.0,2,0.471404492855072
H,pcb1,final_normal,54,0.6551637053489685,0.333333283662796,0.10478169471025467,2,0.23300527036190033
H,pcb1,final_abnormal,54,0.6677895784378052,0.3333333730697632,0.1115201860666275,2,0.23927201330661774
H,pcb1,entropy_normal,18,0.8608783483505249,0.8580465316772461,0.8559549450874329,2,0.0014909554738551378
H,pcb1,entropy_abnormal,18,0.8539769649505615,0.8503791093826294,0.8477284908294678,2,0.0018921629525721073
H,pcb1,routing_l1,18,0.03872872143983841,0.038689978420734406,0.03862961381673813,2,3.025473779416643e-05
H,pcb1,gap_ss2d_l1,18,1.9893739223480225,1.98887300491333,1.9881726503372192,2,0.00036346394335851073
H,pcb1,gap_normal,54,0.6137199401855469,0.3333333432674408,0.025036701932549477,3,0.22616878151893616
H,pcb1,gap_abnormal,54,0.5861775279045105,0.3333333432674408,0.039129432290792465,3,0.20943228900432587
H,pcb1,ss2d_normal,54,1.0,0.3333333432674408,1.488080878220453e-40,3,0.46023595333099365
H,pcb1,ss2d_abnormal,54,1.0,0.3333333432674408,2.0269985813289515e-34,3,0.4578467011451721
H,pcb1,final_normal,54,0.6503511071205139,0.3333333432674408,0.022578533738851547,3,0.22306957840919495
H,pcb1,final_abnormal,54,0.6256114840507507,0.333333283662796,0.03537750616669655,3,0.20731903612613678
H,pcb1,entropy_normal,18,1.0101985931396484,0.8273813724517822,0.7330312728881836,3,0.09959697723388672
H,pcb1,entropy_abnormal,18,1.0309113264083862,0.8679298162460327,0.7805811166763306,3,0.08859004080295563
H,pcb1,routing_l1,18,0.054532505571842194,0.04836760088801384,0.04425637423992157,3,0.002786024706438184
H,pcb1,gap_ss2d_l1,18,1.9385708570480347,1.0791095495224,0.3057737946510315,3,0.526005208492279
A,pcb1,gap_normal,54,0.6235954165458679,0.3333333432674408,0.02089688926935196,1,0.24612998962402344
A,pcb1,gap_abnormal,54,0.5600901246070862,0.3333333730697632,0.03183450177311897,1,0.22168956696987152
A,pcb1,ss2d_normal,54,1.0,0.3333333432674408,1.3119850251429177e-38,1,0.471404492855072
A,pcb1,ss2d_abnormal,54,1.0,0.3333333432674408,9.881827790334115e-33,1,0.471404492855072
A,pcb1,final_normal,54,0.5612358450889587,0.3333333730697632,0.11880720406770706,1,0.18045516312122345
A,pcb1,final_abnormal,54,0.5040810704231262,0.3333333432674408,0.12865105271339417,1,0.15480400621891022
A,pcb1,entropy_normal,18,0.9441074132919312,0.9425442218780518,0.9418801069259644,1,0.0004909755662083626
A,pcb1,entropy_abnormal,18,0.9787865877151489,0.9775336384773254,0.9770021438598633,1,0.0003931470855604857
A,pcb1,routing_l1,18,0.11430951207876205,0.11393393576145172,0.11304861307144165,1,0.0002786677214317024
A,pcb1,gap_ss2d_l1,18,1.9582061767578125,1.9575977325439453,1.9561488628387451,1,0.0004529722791630775
A,pcb1,gap_normal,54,0.6006771922111511,0.333333283662796,0.035246919840574265,2,0.2311713546514511
A,pcb1,gap_abnormal,54,0.5607023239135742,0.3333333432674408,0.05527714267373085,2,0.2087298184633255
A,pcb1,ss2d_normal,54,0.9999998807907104,0.3333333432674408,5.235705083419958e-39,2,0.47140440344810486
A,pcb1,ss2d_abnormal,54,0.9999921321868896,0.3333333432674408,4.768325243185437e-32,2,0.4713989496231079
A,pcb1,final_normal,54,0.6406094431877136,0.333333283662796,0.03172222524881363,2,0.24795140326023102
A,pcb1,final_abnormal,54,0.604631245136261,0.3333333432674408,0.049749426543712616,2,0.2260347306728363
A,pcb1,entropy_normal,18,0.7649036645889282,0.7623403668403625,0.7603481411933899,2,0.0014753002906218171
A,pcb1,entropy_abnormal,18,0.8249678611755371,0.8225606083869934,0.8206899166107178,2,0.001385383540764451
A,pcb1,routing_l1,18,0.07195620238780975,0.07175246626138687,0.07149423658847809,2,0.00014952987839933485
A,pcb1,gap_ss2d_l1,18,0.8039397597312927,0.8009623885154724,0.7986453771591187,2,0.0017147496109828353
A,pcb1,gap_normal,54,0.6283591985702515,0.3333333730697632,0.01825597882270813,3,0.2398902028799057
A,pcb1,gap_abnormal,54,0.579943835735321,0.333333283662796,0.02890772931277752,3,0.21962657570838928
A,pcb1,ss2d_normal,54,1.0,0.3333333432674408,3.5032461608120427e-44,3,0.471404492855072
A,pcb1,ss2d_abnormal,54,1.0,0.3333333432674408,1.5469647849379076e-37,3,0.471404492855072
A,pcb1,final_normal,54,0.5655232667922974,0.3333333432674408,0.1164303794503212,3,0.17429398000240326
A,pcb1,final_abnormal,54,0.5219494104385376,0.3333333432674408,0.12601695954799652,3,0.15364985167980194
A,pcb1,entropy_normal,18,0.966750979423523,0.952213704586029,0.9370700120925903,3,0.009898709133267403
A,pcb1,entropy_abnormal,18,0.9941248893737793,0.981413722038269,0.9679205417633057,3,0.008866682648658752
A,pcb1,routing_l1,18,0.08714780956506729,0.0819471925497055,0.07692216336727142,3,0.003322870470583439
A,pcb1,gap_ss2d_l1,18,1.963487982749939,1.9485715627670288,1.9325947761535645,3,0.010315809398889542
H,pcb1,gap_normal,54,0.620975911617279,0.3333333432674408,0.029989682137966156,1,0.24106170237064362
H,pcb1,gap_abnormal,54,0.5884634256362915,0.3333333730697632,0.03836684301495552,1,0.22590066492557526
H,pcb1,ss2d_normal,54,1.0,0.3333333432674408,1.1018928305417837e-39,1,0.471404492855072
H,pcb1,ss2d_abnormal,54,0.9999985694885254,0.3333333432674408,8.172851910437908e-36,1,0.47140344977378845
H,pcb1,final_normal,54,0.6588783264160156,0.3333333432674408,0.02699071355164051,1,0.257880300283432
H,pcb1,final_abnormal,54,0.629616916179657,0.333333283662796,0.034530159085989,1,0.24253258109092712
H,pcb1,entropy_normal,18,0.7421892881393433,0.7374816536903381,0.7361388206481934,1,0.0013003115309402347
H,pcb1,entropy_abnormal,18,0.7796488404273987,0.7752214670181274,0.7739572525024414,1,0.0012232710141688585
H,pcb1,routing_l1,18,0.0585227832198143,0.058370377868413925,0.057825811207294464,1,0.00014962042041588575
H,pcb1,gap_ss2d_l1,18,0.7652871012687683,0.7596558332443237,0.7580481767654419,1,0.0015556950820609927
H,pcb1,gap_normal,54,0.7282255291938782,0.3333333432674408,0.005282456986606121,2,0.29668349027633667
H,pcb1,gap_abnormal,54,0.7422877550125122,0.333333283662796,0.012740756385028362,2,0.30159991979599
H,pcb1,ss2d_normal,54,1.0,0.3333333432674408,0.0,2,0.471404492855072
H,pcb1,ss2d_abnormal,54,1.0,0.3333333432674408,0.0,2,0.471404492855072
H,pcb1,final_normal,54,0.6554029583930969,0.333333283662796,0.10475420951843262,2,0.23210099339485168
H,pcb1,final_abnormal,54,0.6680589914321899,0.3333333432674408,0.11146668344736099,2,0.23818090558052063
H,pcb1,entropy_normal,18,0.8924562931060791,0.8596919178962708,0.8556917905807495,2,0.008069858886301517
H,pcb1,entropy_abnormal,18,0.89441978931427,0.852486789226532,0.8473934531211853,2,0.010325626470148563
H,pcb1,routing_l1,18,0.038737036287784576,0.03865981474518776,0.03801064193248749,2,0.00016024470096454024
H,pcb1,gap_ss2d_l1,18,1.989435076713562,1.98828125,1.9770594835281372,2,0.002743365475907922
H,pcb1,gap_normal,54,0.6130581498146057,0.3333333730697632,0.025321122258901596,3,0.22667717933654785
H,pcb1,gap_abnormal,54,0.5855597257614136,0.3333333432674408,0.0395115464925766,3,0.20986348390579224
H,pcb1,ss2d_normal,54,1.0,0.333333283662796,3.5621847742215445e-40,3,0.46755895018577576
H,pcb1,ss2d_abnormal,54,1.0,0.3333333432674408,4.159480331899933e-34,3,0.4659516215324402
H,pcb1,final_normal,54,0.6487624645233154,0.33333325386047363,0.022789008915424347,3,0.227155402302742
H,pcb1,final_abnormal,54,0.6222138404846191,0.33333325386047363,0.03556039184331894,3,0.21122172474861145
H,pcb1,entropy_normal,18,0.9872651100158691,0.8182847499847412,0.7325746417045593,3,0.08141568303108215
H,pcb1,entropy_abnormal,18,1.0100568532943726,0.8604156970977783,0.7808341979980469,3,0.0716242715716362
H,pcb1,routing_l1,18,0.05447329580783844,0.04805455729365349,0.046712204813957214,3,0.002142234705388546
H,pcb1,gap_ss2d_l1,18,1.9400858879089355,1.0592014789581299,0.6404283046722412,3,0.46752646565437317
A,pcb1,gap_normal,54,0.6236824989318848,0.333333283662796,0.02086365967988968,1,0.24619103968143463
A,pcb1,gap_abnormal,54,0.5601507425308228,0.333333283662796,0.031791891902685165,1,0.2217404842376709
A,pcb1,ss2d_normal,54,1.0,0.3333333432674408,1.3127058530729664e-38,1,0.471404492855072
A,pcb1,ss2d_abnormal,54,1.0,0.3333333432674408,9.886729601777044e-33,1,0.471404492855072
A,pcb1,final_normal,54,0.5613142251968384,0.3333333432674408,0.11877729743719101,1,0.18051521480083466
A,pcb1,final_abnormal,54,0.5041356682777405,0.3333333432674408,0.1286126971244812,1,0.1548519730567932
A,pcb1,entropy_normal,18,0.9433794617652893,0.9424477815628052,0.941806435585022,1,0.0004107350541744381
A,pcb1,entropy_abnormal,18,0.9782030582427979,0.9774567484855652,0.9769445657730103,1,0.0003285686834715307
A,pcb1,routing_l1,18,0.1143571212887764,0.11399015784263611,0.11346277594566345,1,0.0002335972967557609
A,pcb1,gap_ss2d_l1,18,1.9582726955413818,1.9576865434646606,1.9568278789520264,1,0.00037703357520513237
A,pcb1,gap_normal,54,0.6006972789764404,0.333333283662796,0.03523607552051544,2,0.2301587611436844
A,pcb1,gap_abnormal,54,0.5607213377952576,0.333333283662796,0.055263251066207886,2,0.20770689845085144
A,pcb1,ss2d_normal,54,0.9999998807907104,0.3333333432674408,5.2343878628634925e-39,2,0.47140440344810486
A,pcb1,ss2d_abnormal,54,0.9999921321868896,0.3333333432674408,4.767379851853788e-32,2,0.4713989198207855
A,pcb1,final_normal,54,0.6406275033950806,0.333333283662796,0.03171246871352196,2,0.246982142329216
A,pcb1,final_abnormal,54,0.6046483516693115,0.333333283662796,0.04973692446947098,2,0.22506777942180634
A,pcb1,entropy_normal,18,0.8193545937538147,0.7652787566184998,0.7603132128715515,2,0.013264942914247513
A,pcb1,entropy_abnormal,18,0.8746702075004578,0.8252399563789368,0.8206560611724854,2,0.012132605537772179
A,pcb1,routing_l1,18,0.07195816934108734,0.07144680619239807,0.06583800911903381,2,0.0013750047655776143
A,pcb1,gap_ss2d_l1,18,0.866563081741333,0.804340124130249,0.7986050844192505,2,0.015266609378159046
A,pcb1,gap_normal,54,0.6261347532272339,0.3333333432674408,0.019057894125580788,3,0.2342192530632019
A,pcb1,gap_abnormal,54,0.5780956745147705,0.3333333432674408,0.029975909739732742,3,0.21418020129203796
A,pcb1,ss2d_normal,54,1.0,0.3333333432674408,3.5032461608120427e-44,3,0.471404492855072
A,pcb1,ss2d_abnormal,54,1.0,0.3333333432674408,1.5458911661064805e-37,3,0.471404492855072
A,pcb1,final_normal,54,0.5635212659835815,0.3333333730697632,0.11715210974216461,3,0.16885444521903992
A,pcb1,final_abnormal,54,0.5202860832214355,0.3333333432674408,0.1269783228635788,3,0.14857937395572662
A,pcb1,entropy_normal,18,1.0038686990737915,0.9609355926513672,0.9389393329620361,3,0.014651539735496044
A,pcb1,entropy_abnormal,18,1.0266609191894531,0.9891907572746277,0.9695561528205872,3,0.012935644015669823
A,pcb1,routing_l1,18,0.08647039532661438,0.07910707592964172,0.06538498401641846,3,0.004784307908266783
A,pcb1,gap_ss2d_l1,18,1.9618842601776123,1.9381970167160034,1.8773565292358398,3,0.01855403743684292
H,pcb1,gap_normal,6,0.6203557252883911,0.3333333432674408,0.030272623524069786,1,0.24088487029075623
H,pcb1,gap_abnormal,6,0.5879060626029968,0.3333333432674408,0.03869112581014633,1,0.2257339209318161
H,pcb1,ss2d_normal,6,1.0,0.3333333432674408,1.1030292835963511e-39,1,0.471404492855072
H,pcb1,ss2d_abnormal,6,0.9999985694885254,0.3333333432674408,8.180462777182001e-36,1,0.47140347957611084
H,pcb1,final_normal,6,0.6583201885223389,0.3333333432674408,0.027245361357927322,1,0.2577107548713684
H,pcb1,final_abnormal,6,0.6291152834892273,0.333333283662796,0.0348220132291317,1,0.24237264692783356
H,pcb1,entropy_normal,2,0.7388128042221069,0.7379942536354065,0.737175703048706,1,0.0008185505867004395
H,pcb1,entropy_abnormal,2,0.776475191116333,0.7757050395011902,0.7749348878860474,1,0.0007701516151428223
H,pcb1,routing_l1,2,0.05840972810983658,0.0583152174949646,0.05822071060538292,1,9.450875222682953e-05
H,pcb1,gap_ss2d_l1,2,0.7612489461898804,0.7602687478065491,0.7592885494232178,1,0.0009801983833312988
H,pcb1,gap_normal,6,0.7266937494277954,0.3333333432674408,0.005459816660732031,2,0.2974146902561188
H,pcb1,gap_abnormal,6,0.740571916103363,0.3333333432674408,0.01308516040444374,2,0.30251023173332214
H,pcb1,ss2d_normal,6,1.0,0.3333333432674408,0.0,2,0.4714045226573944
H,pcb1,ss2d_abnormal,6,1.0,0.3333333432674408,0.0,2,0.4714045226573944
H,pcb1,final_normal,6,0.6540243625640869,0.3333333432674408,0.10491383820772171,2,0.23282451927661896
H,pcb1,final_abnormal,6,0.6665146946907043,0.3333333432674408,0.11177664250135422,2,0.23905812203884125
H,pcb1,entropy_normal,2,0.8595327138900757,0.858368992805481,0.8572052121162415,2,0.0011637508869171143
H,pcb1,entropy_abnormal,2,0.852261483669281,0.8507863283157349,0.8493111729621887,2,0.0014751553535461426
H,pcb1,routing_l1,2,0.03870633244514465,0.038686517626047134,0.038666702806949615,2,1.981481909751892e-05
H,pcb1,gap_ss2d_l1,2,1.9890803098678589,1.9887969493865967,1.988513708114624,2,0.00028330087661743164
H,pcb1,gap_normal,6,0.6097506284713745,0.3333333432674408,0.026762260124087334,3,0.23115669190883636
H,pcb1,gap_abnormal,6,0.5824759006500244,0.3333333134651184,0.04147055745124817,3,0.21462002396583557
H,pcb1,ss2d_normal,6,0.9999696016311646,0.3333333134651184,4.5170342025895325e-28,3,0.47136664390563965
H,pcb1,ss2d_abnormal,6,0.9998525381088257,0.3333333134651184,8.276523513743498e-24,3,0.4712387025356293
H,pcb1,final_normal,6,0.64876788854599,0.3333333432674408,0.024086033925414085,3,0.2475317120552063
H,pcb1,final_abnormal,6,0.6241961121559143,0.333333283662796,0.03732350096106529,3,0.23172606527805328
H,pcb1,entropy_normal,2,0.7829766273498535,0.7594847083091736,0.7359927892684937,3,0.02349191904067993
H,pcb1,entropy_abnormal,2,0.8301926255226135,0.8068835735321045,0.7835745215415955,3,0.023309051990509033
H,pcb1,routing_l1,2,0.04914351552724838,0.04805785417556763,0.04697219654917717,3,0.0010856594890356064
H,pcb1,gap_ss2d_l1,2,0.8347891569137573,0.8075671792030334,0.7803452014923096,3,0.027221977710723877
A,pcb1,gap_normal,6,0.623071014881134,0.3333333432674408,0.021100755780935287,1,0.2459867149591446
A,pcb1,gap_abnormal,6,0.5597044229507446,0.3333333432674408,0.03209744766354561,1,0.22156958281993866
A,pcb1,ss2d_normal,6,1.0,0.3333333432674408,1.3173612468311463e-38,1,0.4714045226573944
A,pcb1,ss2d_abnormal,6,1.0,0.3333333432674408,9.916039818730829e-33,1,0.4714045226573944
A,pcb1,final_normal,6,0.5607638955116272,0.3333333432674408,0.11899068206548691,1,0.18031413853168488
A,pcb1,final_abnormal,6,0.5037339925765991,0.3333333134651184,0.12888769805431366,1,0.15469077229499817
A,pcb1,entropy_normal,2,0.9432148933410645,0.942770779132843,0.9423266649246216,1,0.00044411420822143555
A,pcb1,entropy_abnormal,2,0.9780699014663696,0.9777148962020874,0.97735995054245,1,0.00035497546195983887
A,pcb1,routing_l1,2,0.11405973881483078,0.1138056218624115,0.11355149745941162,1,0.00025412067770957947
A,pcb1,gap_ss2d_l1,2,1.9577984809875488,1.9573898315429688,1.9569810628890991,1,0.0004087090492248535
A,pcb1,gap_normal,6,0.5998599529266357,0.3333333432674408,0.03568088263273239,2,0.23072993755340576
A,pcb1,gap_abnormal,6,0.5599681735038757,0.3333333432674408,0.055821821093559265,2,0.20827946066856384
A,pcb1,ss2d_normal,6,0.9999998807907104,0.3333333432674408,5.2424593420180034e-39,2,0.47140443325042725
A,pcb1,ss2d_abnormal,6,0.9999921321868896,0.3333333432674408,4.773457745394715e-32,2,0.4713989496231079
A,pcb1,final_normal,6,0.6398739218711853,0.3333333432674408,0.03211279213428497,2,0.24752803146839142
A,pcb1,final_abnormal,6,0.6039705276489258,0.3333333134651184,0.05023963749408722,2,0.2256087362766266
A,pcb1,entropy_normal,2,0.7654896974563599,0.7636199593544006,0.7617502212524414,2,0.0018697381019592285
A,pcb1,entropy_abnormal,2,0.8255171775817871,0.8237619996070862,0.8220068216323853,2,0.0017551779747009277
A,pcb1,routing_l1,2,0.07180666923522949,0.0716220960021019,0.0714375227689743,2,0.000184573233127594
A,pcb1,gap_ss2d_l1,2,0.8046194314956665,0.802449643611908,0.8002798557281494,2,0.002169787883758545
A,pcb1,gap_normal,6,0.6280398964881897,0.3333333432674408,0.018366573378443718,3,0.24111099541187286
A,pcb1,gap_abnormal,6,0.5796746611595154,0.3333333432674408,0.029067257419228554,3,0.22070755064487457
A,pcb1,ss2d_normal,6,1.0,0.3333333432674408,3.5032461608120427e-44,3,0.4714045226573944
A,pcb1,ss2d_abnormal,6,1.0,0.3333333432674408,1.547259954446433e-37,3,0.4714045226573944
A,pcb1,final_normal,6,0.5652359127998352,0.3333333432674408,0.1165299192070961,3,0.17552712559700012
A,pcb1,final_abnormal,6,0.5217071771621704,0.3333333432674408,0.12616053223609924,3,0.15471112728118896
A,pcb1,entropy_normal,2,0.9633468389511108,0.9503411054611206,0.9373353719711304,3,0.013005733489990234
A,pcb1,entropy_abnormal,2,0.9914660453796387,0.9798146486282349,0.968163251876831,3,0.011651396751403809
A,pcb1,routing_l1,2,0.08705749362707138,0.08266982436180115,0.07828214764595032,3,0.004387672990560532
A,pcb1,gap_ss2d_l1,2,1.9632667303085327,1.9500470161437988,1.9368271827697754,3,0.013219773769378662
