attempt_index,epoch,batch,file_names,image_sha256,mask_sha256,labels
0,2,0,"[""pipe_fryum/Data/Images/Anomaly/054.JPG"", ""candle/Data/Images/Anomaly/090.JPG"", ""macaroni2/Data/Images/Normal/0648.JPG"", ""candle/Data/Images/Normal/0100.JPG"", ""candle/Data/Images/Normal/0377.JPG"", ""pcb2/Data/Images/Normal/0174.JPG""]",d811d82eb3bf7b6f336bf3a58160000b358243cdbfecd79af99f74058586f327,393e3edb77c3bf7bf32330761955067feffe612e936e1d39a9d4e34ed1225eeb,"[1, 1, 0, 0, 0, 0]"
1,2,1,"[""capsules/Data/Images/Anomaly/084.JPG"", ""cashew/Data/Images/Anomaly/077.JPG"", ""pcb3/Data/Images/Normal/0172.JPG"", ""macaroni1/Data/Images/Normal/0394.JPG"", ""fryum/Data/Images/Normal/384.JPG"", ""pcb2/Data/Images/Anomaly/037.JPG""]",2cbc208dfc396232171d043337bdcdb5c20f60c272cf415106b146c53a39d50a,705c236244deb817bfb7aa40cc0ef307427f7212ad06d373f96eeca8e3845af5,"[1, 1, 0, 0, 0, 1]"
2,2,2,"[""macaroni1/Data/Images/Normal/0694.JPG"", ""pcb1/Data/Images/Anomaly/090.JPG"", ""candle/Data/Images/Anomaly/045.JPG"", ""candle/Data/Images/Anomaly/060.JPG"", ""candle/Data/Images/Normal/0294.JPG"", ""candle/Data/Images/Normal/0303.JPG""]",917f2955c1b2928559d7d9aff34c7a2ba8c7f40a4f01d9390884cb941e0c2ef5,d9392ac470f26d224a04d7efd251b0ed44844dd423af40d99f9a318bd4ddd2eb,"[0, 1, 1, 1, 0, 0]"
3,2,3,"[""pcb4/Data/Images/Normal/0705.JPG"", ""pipe_fryum/Data/Images/Normal/487.JPG"", ""fryum/Data/Images/Normal/352.JPG"", ""capsules/Data/Images/Anomaly/062.JPG"", ""candle/Data/Images/Anomaly/003.JPG"", ""fryum/Data/Images/Anomaly/054.JPG""]",90ab899ac373851e39cc041055757a1a09eab2ed80b21697a94aeed88f06331c,333e8d23161a90d1a279832c9924ade4ca02e344c1bb35a9763b00e6dc29bf95,"[0, 0, 0, 1, 1, 1]"
4,2,4,"[""cashew/Data/Images/Anomaly/035.JPG"", ""cashew/Data/Images/Anomaly/042.JPG"", ""pcb2/Data/Images/Normal/0964.JPG"", ""pcb2/Data/Images/Normal/0306.JPG"", ""pcb1/Data/Images/Anomaly/096.JPG"", ""pcb3/Data/Images/Normal/0811.JPG""]",d9cee082591bbc6e5bca1c1a305369be9315e641f7729a753c2f61b4246e0178,23ac66e1e5d27c80dd227c619180cca3899235a5bf9aab61c2b05f688fb950cf,"[1, 1, 0, 0, 1, 0]"
5,2,5,"[""fryum/Data/Images/Anomaly/018.JPG"", ""macaroni1/Data/Images/Anomaly/073.JPG"", ""candle/Data/Images/Anomaly/080.JPG"", ""chewinggum/Data/Images/Anomaly/081.JPG"", ""fryum/Data/Images/Normal/435.JPG"", ""candle/Data/Images/Anomaly/068.JPG""]",29130808f550b1d57b65589ba39863ac6c24fbe070ffee130cd41b35affd93f4,63b4940cb1080b111c14d6cf917bc9b5681f8011bfa259fd162e49894498b2b8,"[1, 1, 1, 1, 0, 1]"
6,2,6,"[""macaroni1/Data/Images/Normal/0631.JPG"", ""pcb1/Data/Images/Normal/0974.JPG"", ""pcb1/Data/Images/Anomaly/075.JPG"", ""pcb1/Data/Images/Normal/0964.JPG"", ""cashew/Data/Images/Anomaly/009.JPG"", ""pcb2/Data/Images/Anomaly/076.JPG""]",fc9f41413c9e635f221a2f207d830c6d2ceaf3f21922595971e222396a079006,6bd299805d2e7ee8dda930b14611375050e3d9ce4e36e3bec6fde4b7bfad9aac,"[0, 0, 1, 0, 1, 1]"
7,2,7,"[""capsules/Data/Images/Normal/484.JPG"", ""macaroni1/Data/Images/Anomaly/001.JPG"", ""macaroni2/Data/Images/Normal/0483.JPG"", ""pcb2/Data/Images/Normal/0694.JPG"", ""cashew/Data/Images/Anomaly/079.JPG"", ""pcb4/Data/Images/Normal/0027.JPG""]",bfe0fcb0ace172a62e1ea8ea21a80ab7f8e3338ae53b23aa9b2360498f128e80,f67d1a2b39dcff5a211125a8aca17ceaee0bfbd48ca913d7388d81cddf51b2cd,"[0, 1, 0, 0, 1, 0]"
8,2,8,"[""pipe_fryum/Data/Images/Normal/389.JPG"", ""pcb1/Data/Images/Anomaly/080.JPG"", ""pcb1/Data/Images/Anomaly/031.JPG"", ""pcb2/Data/Images/Anomaly/063.JPG"", ""pcb1/Data/Images/Normal/0751.JPG"", ""pcb3/Data/Images/Anomaly/065.JPG""]",31e8d929d8ea82915028da9c5eefafb768d6f69014d2a0e4269be5bc34b09632,f1f481ab9b7afac5c8e1c0bf90482f817085c6c5dcfe139e81c7e39adb1397cd,"[0, 1, 1, 1, 0, 1]"
9,2,9,"[""cashew/Data/Images/Anomaly/086.JPG"", ""pcb1/Data/Images/Normal/0297.JPG"", ""macaroni2/Data/Images/Anomaly/005.JPG"", ""capsules/Data/Images/Anomaly/008.JPG"", ""pcb1/Data/Images/Anomaly/030.JPG"", ""pcb2/Data/Images/Anomaly/015.JPG""]",2640153f927331f19d299e9a84455987e35b199f620dec18edccc916d37aa54f,62abc422a23ca11821c248d87d6058348b9d38361d64d95c055860f470f45396,"[1, 0, 1, 1, 1, 1]"
10,2,10,"[""pcb1/Data/Images/Anomaly/056.JPG"", ""pcb4/Data/Images/Normal/1001.JPG"", ""macaroni1/Data/Images/Normal/0417.JPG"", ""candle/Data/Images/Normal/0735.JPG"", ""capsules/Data/Images/Anomaly/085.JPG"", ""cashew/Data/Images/Anomaly/040.JPG""]",efc29f983c43bf4b5973c66699e6be98eb323f3789956c7a61b9855828d2514b,1189aae709b6f9c177b681760e491603ef34379dfe382f9baabd6d76a27f37c8,"[1, 0, 0, 0, 1, 1]"
11,2,11,"[""chewinggum/Data/Images/Anomaly/096.JPG"", ""pcb1/Data/Images/Normal/0011.JPG"", ""pcb4/Data/Images/Normal/0621.JPG"", ""pcb2/Data/Images/Normal/0320.JPG"", ""macaroni1/Data/Images/Anomaly/048.JPG"", ""macaroni1/Data/Images/Anomaly/030.JPG""]",11ca0b9430fe5eff16268bbfb7d21e06a050dbf912b6219b05a35c5e8e4caee5,bc5c5b0666bb58f8e2b3906d9b6cac828b8d350f32f3f7780b764a9ec091f29b,"[1, 0, 0, 0, 1, 1]"
12,2,12,"[""macaroni2/Data/Images/Anomaly/075.JPG"", ""capsules/Data/Images/Anomaly/097.JPG"", ""pcb1/Data/Images/Normal/0688.JPG"", ""macaroni2/Data/Images/Normal/0615.JPG"", ""macaroni1/Data/Images/Normal/0654.JPG"", ""pcb1/Data/Images/Anomaly/070.JPG""]",17a4e3edb79196457d1d3f51269eecb439bf00ccfeb2029b0f517a03a1eb9ab1,7aa5815fbd648713de3ba3b3cd51032542d5040e88a3f4f6765fc852d0feb08e,"[1, 1, 0, 0, 0, 1]"
13,2,13,"[""chewinggum/Data/Images/Normal/392.JPG"", ""candle/Data/Images/Anomaly/035.JPG"", ""macaroni2/Data/Images/Normal/0953.JPG"", ""candle/Data/Images/Normal/0545.JPG"", ""chewinggum/Data/Images/Anomaly/064.JPG"", ""pcb1/Data/Images/Normal/0629.JPG""]",25c7e883eae19f28060d76c717cf6a1259aa47213d5cefe21e86b67a7087351b,9ef7aa12679db69772c57ff3ff9e6eb102e11e52bb02f481fd840e152184726d,"[0, 1, 0, 0, 1, 0]"
14,2,14,"[""capsules/Data/Images/Normal/196.JPG"", ""pcb1/Data/Images/Anomaly/066.JPG"", ""pcb2/Data/Images/Anomaly/073.JPG"", ""pcb3/Data/Images/Normal/0394.JPG"", ""pcb2/Data/Images/Anomaly/014.JPG"", ""candle/Data/Images/Normal/0215.JPG""]",c038e228bef60dc00cfb1f218cc6c22e4553d994ac62ea226f6fd164851fc3f3,946f38cb55263b00a97a72447689c03c493feac60cca0062f9f758216ef040ea,"[0, 1, 1, 0, 1, 0]"
15,2,15,"[""pcb4/Data/Images/Normal/0900.JPG"", ""pcb2/Data/Images/Anomaly/005.JPG"", ""cashew/Data/Images/Anomaly/017.JPG"", ""macaroni2/Data/Images/Anomaly/026.JPG"", ""pipe_fryum/Data/Images/Anomaly/002.JPG"", ""chewinggum/Data/Images/Anomaly/047.JPG""]",77b4c725d87cad31b5ca366fc3eed9dc8c7691eebeb0ba4e0ff62e8ed232741f,cdbbb1b27d2ed35793b9f8c5738182aabdf215f55c26573063d9232168d58e5a,"[0, 1, 1, 1, 1, 1]"
16,2,16,"[""chewinggum/Data/Images/Anomaly/005.JPG"", ""pipe_fryum/Data/Images/Anomaly/001.JPG"", ""macaroni1/Data/Images/Normal/0159.JPG"", ""macaroni2/Data/Images/Normal/0811.JPG"", ""candle/Data/Images/Normal/0654.JPG"", ""pcb4/Data/Images/Normal/0174.JPG""]",cf1e241948cee6d5c89a2fbcab57086460151f370d9afe6bcf07fab19ac65872,fcbf6b5a7f337c9899b6ba0d1dfbdec5e71d2f6b66cb609c83b25cda79907144,"[1, 1, 0, 0, 0, 0]"
17,2,17,"[""pcb4/Data/Images/Anomaly/070.JPG"", ""fryum/Data/Images/Anomaly/034.JPG"", ""macaroni1/Data/Images/Normal/0377.JPG"", ""pipe_fryum/Data/Images/Anomaly/067.JPG"", ""cashew/Data/Images/Normal/446.JPG"", ""macaroni2/Data/Images/Anomaly/084.JPG""]",97c8fcd152c73acd43a88b7f6d82275f9a76d342e0b7ee3d4c043612abfafedc,830f625ae789f33e7e188931e86b2ad9cfc152770f3172328381cd0c8dcfb63d,"[1, 1, 0, 1, 0, 1]"
18,2,18,"[""pcb2/Data/Images/Anomaly/007.JPG"", ""pcb3/Data/Images/Anomaly/004.JPG"", ""capsules/Data/Images/Anomaly/046.JPG"", ""pipe_fryum/Data/Images/Anomaly/059.JPG"", ""pcb3/Data/Images/Normal/0520.JPG"", ""pipe_fryum/Data/Images/Anomaly/068.JPG""]",ebc0c8ddb37747b9f7559d5d0f0783f7f93dd32938f154f5425070bc0d986cb3,84292c6a7913d9f85007f15e0c60bdfa3709cd09d2719dc11202e686d4d33b90,"[1, 1, 1, 1, 0, 1]"
19,2,19,"[""pcb2/Data/Images/Normal/0457.JPG"", ""macaroni1/Data/Images/Anomaly/021.JPG"", ""pcb2/Data/Images/Anomaly/082.JPG"", ""candle/Data/Images/Normal/0172.JPG"", ""capsules/Data/Images/Anomaly/055.JPG"", ""pcb4/Data/Images/Anomaly/024.JPG""]",7691db4261fb24d1c766c15056c918dd09824874a4c37b41c614a13471abcab7,c95361733c0dd59d647a4a62f45bfd245ce5ab825538b8f464d82d19327b1bb8,"[0, 1, 1, 0, 1, 1]"
20,2,20,"[""pcb3/Data/Images/Normal/0306.JPG"", ""cashew/Data/Images/Anomaly/061.JPG"", ""macaroni2/Data/Images/Normal/0196.JPG"", ""candle/Data/Images/Anomaly/074.JPG"", ""macaroni1/Data/Images/Anomaly/055.JPG"", ""candle/Data/Images/Anomaly/005.JPG""]",0cbde2e1a3c8d9487060aa03b01aff5549a7602217eee9123d1d611ac7227454,00d921a7f82188a18d29fc4df7fe250945f3ee5dba93422e52581aa3df840f49,"[0, 1, 0, 1, 1, 1]"
21,2,21,"[""cashew/Data/Images/Anomaly/099.JPG"", ""pcb3/Data/Images/Normal/0958.JPG"", ""macaroni1/Data/Images/Anomaly/068.JPG"", ""pcb3/Data/Images/Normal/0725.JPG"", ""candle/Data/Images/Normal/0900.JPG"", ""pcb2/Data/Images/Anomaly/098.JPG""]",aa6b25c9ed5aecf2e985e8e3cdcc2b32127c045186a7bf711413f5785064a377,23d110ea17e665a1c85bf1c040ef93ae25f4da2c7333b217fd2d3d3de9a106fe,"[1, 0, 1, 0, 0, 1]"
22,2,22,"[""pcb3/Data/Images/Normal/0488.JPG"", ""cashew/Data/Images/Anomaly/063.JPG"", ""cashew/Data/Images/Anomaly/008.JPG"", ""pcb1/Data/Images/Normal/0971.JPG"", ""pcb4/Data/Images/Normal/0764.JPG"", ""pcb1/Data/Images/Anomaly/039.JPG""]",727a40066cf4aa4851f14ece705f854ab1f387deee24a4fc3203afaf6549739d,e2bb92e6be00948b6e2cf88bb24eb5b2c931a70c6e142db27725e7cff97b6c34,"[0, 1, 1, 0, 0, 1]"
23,2,23,"[""pcb3/Data/Images/Anomaly/084.JPG"", ""pcb4/Data/Images/Anomaly/036.JPG"", ""fryum/Data/Images/Anomaly/002.JPG"", ""cashew/Data/Images/Anomaly/024.JPG"", ""pcb1/Data/Images/Normal/0024.JPG"", ""capsules/Data/Images/Anomaly/060.JPG""]",a42b6648174f0147c946693e4c6942bea2f86a172e3157b651bc20331c830625,1185306024353c3c88c55836e273107e199fa3ff73b6a8d51852f0abb73e6413,"[1, 1, 1, 1, 0, 1]"
24,2,24,"[""chewinggum/Data/Images/Normal/352.JPG"", ""pcb4/Data/Images/Normal/0957.JPG"", ""macaroni2/Data/Images/Anomaly/068.JPG"", ""cashew/Data/Images/Anomaly/015.JPG"", ""pcb4/Data/Images/Normal/0170.JPG"", ""fryum/Data/Images/Anomaly/069.JPG""]",3d0dfa9d58e3628e3085328a636a4b92dc60ca13442302c8715f3af467dbd29a,d7856183cff471a3525b7fd947036b690d24ff24d0d1ce513405f28025e6c1db,"[0, 0, 1, 1, 0, 1]"
25,2,25,"[""fryum/Data/Images/Normal/148.JPG"", ""candle/Data/Images/Anomaly/004.JPG"", ""pipe_fryum/Data/Images/Anomaly/097.JPG"", ""macaroni1/Data/Images/Anomaly/086.JPG"", ""chewinggum/Data/Images/Anomaly/076.JPG"", ""chewinggum/Data/Images/Anomaly/025.JPG""]",82a107226f859b3be335aac265dea4ac5044c53f273d4eab4efe3f86baba9441,41c274492b963790e238f8a4487bee7b7b53c1b0f737a8d79d0fc632be1f1605,"[0, 1, 1, 1, 1, 1]"
26,2,26,"[""pipe_fryum/Data/Images/Anomaly/022.JPG"", ""pcb1/Data/Images/Normal/0892.JPG"", ""pipe_fryum/Data/Images/Anomaly/053.JPG"", ""candle/Data/Images/Normal/0208.JPG"", ""pcb4/Data/Images/Normal/0755.JPG"", ""macaroni1/Data/Images/Anomaly/014.JPG""]",e22e29b3ca7f198bdd73242e3c1ad84087fc62872a41999a0a24f059ed07b310,1e1da47c80a59b2133c2be1a5da6b31217dbdd92bc767f356af87fe0fcd30433,"[1, 0, 1, 0, 0, 1]"
27,2,27,"[""pcb4/Data/Images/Anomaly/092.JPG"", ""pcb4/Data/Images/Normal/0768.JPG"", ""pcb4/Data/Images/Anomaly/054.JPG"", ""fryum/Data/Images/Normal/006.JPG"", ""macaroni1/Data/Images/Anomaly/065.JPG"", ""fryum/Data/Images/Normal/012.JPG""]",6e8b6b451cc4513f672cf25cbe4948906f213c92174e1e53e52d15624b348180,a3dfe06fbf59084ef060cb97f096797adef82b1b812b5d066759b5b9cecf1b47,"[1, 0, 1, 0, 1, 0]"
28,2,28,"[""pcb1/Data/Images/Normal/0804.JPG"", ""pcb3/Data/Images/Normal/0974.JPG"", ""chewinggum/Data/Images/Anomaly/099.JPG"", ""pcb1/Data/Images/Normal/0303.JPG"", ""pcb1/Data/Images/Anomaly/069.JPG"", ""fryum/Data/Images/Anomaly/019.JPG""]",f2ceeb8074058420f9f9c1e938277fb9f2001576135a14f8d3957e2760126fc8,f4e0018e78391490ea1b41ed626f498315f69dbb77eff62b517b4e7243fed855,"[0, 0, 1, 0, 1, 1]"
29,2,29,"[""macaroni2/Data/Images/Anomaly/000.JPG"", ""candle/Data/Images/Normal/0705.JPG"", ""pcb2/Data/Images/Normal/0417.JPG"", ""pcb4/Data/Images/Normal/0800.JPG"", ""candle/Data/Images/Anomaly/006.JPG"", ""macaroni2/Data/Images/Normal/0684.JPG""]",205458257902663305c1cfa06b7f97848b90eb7c4292517c3d77057f2a709550,511e7027b16531d28c045f018d01aaa9a111909448c6fd1c8ccdd3deb79325f3,"[1, 0, 0, 0, 1, 0]"
30,2,30,"[""macaroni1/Data/Images/Anomaly/000.JPG"", ""chewinggum/Data/Images/Anomaly/078.JPG"", ""pcb2/Data/Images/Normal/0730.JPG"", ""macaroni2/Data/Images/Anomaly/081.JPG"", ""pcb1/Data/Images/Normal/0755.JPG"", ""macaroni2/Data/Images/Normal/0920.JPG""]",7f67f7be1ec756a7e43f47945d80a0465be3f57b8261f9ea762bcee4e70763e5,3d4e2cd0fe0be657c406d5b65ba197f9a10d61a94ee186c57e62c69f39e95441,"[1, 1, 0, 1, 0, 0]"
31,2,31,"[""macaroni1/Data/Images/Anomaly/032.JPG"", ""pcb4/Data/Images/Anomaly/004.JPG"", ""pcb3/Data/Images/Anomaly/063.JPG"", ""fryum/Data/Images/Normal/342.JPG"", ""chewinggum/Data/Images/Normal/324.JPG"", ""cashew/Data/Images/Normal/369.JPG""]",d7fa2c484b0957415740f3450e5db03e9550209792c4c68bd398bd3be33f365a,b4c8ca2465865ef9cdddb813f9a9634f9d5fd5b22eb571ae9deb69e5c48e8870,"[1, 1, 1, 0, 0, 0]"
32,2,32,"[""cashew/Data/Images/Anomaly/038.JPG"", ""pcb2/Data/Images/Normal/0892.JPG"", ""pcb2/Data/Images/Normal/0024.JPG"", ""chewinggum/Data/Images/Anomaly/094.JPG"", ""pcb3/Data/Images/Anomaly/046.JPG"", ""pcb1/Data/Images/Anomaly/079.JPG""]",044379c57cdc14ec344ed1b050d6377ea0c67f4e1329ce37730dbdd08c7b4b75,53d3ab1ed7fe736de68fe2effaa576983867f979b4725a851a2495295ac0432d,"[1, 0, 0, 1, 1, 1]"
33,2,33,"[""macaroni2/Data/Images/Anomaly/023.JPG"", ""fryum/Data/Images/Normal/284.JPG"", ""capsules/Data/Images/Normal/178.JPG"", ""fryum/Data/Images/Anomaly/022.JPG"", ""macaroni1/Data/Images/Normal/0514.JPG"", ""pcb4/Data/Images/Normal/0294.JPG""]",43d5d52a5cd0d0d8ad893feb884d97ef34a36c93b1bf8eb68decbc74dd41c4ab,9fb2e56912d4eba32de9407f3c7a28d43bb77449ff2ebba53f9b2f9d55a4751d,"[1, 0, 0, 1, 0, 0]"
34,2,34,"[""candle/Data/Images/Normal/0484.JPG"", ""pcb1/Data/Images/Anomaly/095.JPG"", ""pcb4/Data/Images/Anomaly/032.JPG"", ""macaroni2/Data/Images/Anomaly/040.JPG"", ""pcb1/Data/Images/Anomaly/078.JPG"", ""pipe_fryum/Data/Images/Anomaly/049.JPG""]",56eb8b6aea0144d0337ece4ee3bc7b11b4a43692e763194e1f8b1bd59c2154b4,96448a1bd6e8f4adc92ce335faf9893c523f8a5b0693051ad8411a04a6c53e57,"[0, 1, 1, 1, 1, 1]"
35,2,35,"[""capsules/Data/Images/Anomaly/012.JPG"", ""cashew/Data/Images/Normal/482.JPG"", ""pcb2/Data/Images/Normal/0659.JPG"", ""pcb4/Data/Images/Normal/0400.JPG"", ""pcb1/Data/Images/Normal/0685.JPG"", ""macaroni1/Data/Images/Normal/0261.JPG""]",37299aa9b41b08958c6bb75fa80183c88dc9cbf0f82c5fba75245fec4166d3fd,54300d3d01eaa68e312e45d4f8e15fede8eb77a8d7bd9a6369c5aa17a3951d12,"[1, 0, 0, 0, 0, 0]"
36,2,36,"[""macaroni2/Data/Images/Anomaly/097.JPG"", ""pcb2/Data/Images/Anomaly/025.JPG"", ""candle/Data/Images/Normal/0333.JPG"", ""chewinggum/Data/Images/Anomaly/024.JPG"", ""pcb4/Data/Images/Anomaly/075.JPG"", ""capsules/Data/Images/Anomaly/072.JPG""]",5c1c0907576cf1b7f16fbc29e2e2ec25f36cb5c69121ed60346024e436b3b8fd,f317ae9349f3ade4ec91e1dd75674a00a2f8dfb18fad1b9fc0da095b357fccaf,"[1, 1, 0, 1, 1, 1]"
37,2,37,"[""pcb2/Data/Images/Anomaly/010.JPG"", ""candle/Data/Images/Normal/0796.JPG"", ""cashew/Data/Images/Anomaly/048.JPG"", ""pipe_fryum/Data/Images/Normal/435.JPG"", ""pcb1/Data/Images/Anomaly/094.JPG"", ""chewinggum/Data/Images/Anomaly/029.JPG""]",d7d6be584fbae092042fc6f6f7c5c7fc4cd87f76ee0d1bfe36a39c15a20cdf7b,d85bfafd80b0452096293e76bc7575f3595f571eb3cf0088ff70a917bc3b36fe,"[1, 0, 1, 0, 1, 1]"
38,2,38,"[""capsules/Data/Images/Anomaly/083.JPG"", ""chewinggum/Data/Images/Normal/272.JPG"", ""chewinggum/Data/Images/Normal/130.JPG"", ""cashew/Data/Images/Anomaly/076.JPG"", ""pcb4/Data/Images/Normal/0629.JPG"", ""fryum/Data/Images/Anomaly/014.JPG""]",fb045e0f361ea56946d4918e050ac18a69143584e21d30f6d7880774b06df0b9,a9e848b28a70a0fd6cf0770f2ec4003ef435d01dbc8d002b99ab4f4e4c7e25d8,"[1, 0, 0, 1, 0, 1]"
39,2,39,"[""pcb1/Data/Images/Anomaly/049.JPG"", ""macaroni1/Data/Images/Anomaly/064.JPG"", ""chewinggum/Data/Images/Anomaly/085.JPG"", ""pcb1/Data/Images/Normal/0479.JPG"", ""capsules/Data/Images/Anomaly/014.JPG"", ""capsules/Data/Images/Normal/016.JPG""]",066ec3db23e4830402ddfbd244087bd800c766bfd7fdeca7a370e00a958e002d,b188317b902d796699428b3cb820bada572d9cbb156f3e24282465cfa22de3bd,"[1, 1, 1, 0, 1, 0]"
40,2,40,"[""pcb1/Data/Images/Anomaly/052.JPG"", ""capsules/Data/Images/Normal/179.JPG"", ""pcb1/Data/Images/Normal/0615.JPG"", ""chewinggum/Data/Images/Normal/093.JPG"", ""macaroni2/Data/Images/Normal/0172.JPG"", ""candle/Data/Images/Anomaly/073.JPG""]",a979b826765966b8bb883543fc0971d2c5c92bbf4000cc2d4f5d81f93a85fa03,8a856a2b603fcee830bf2183dfe51824c6df66d7892f5c4835a93ecd79bdc6d7,"[1, 0, 0, 0, 0, 1]"
41,2,41,"[""candle/Data/Images/Normal/0514.JPG"", ""fryum/Data/Images/Normal/143.JPG"", ""pcb3/Data/Images/Anomaly/034.JPG"", ""macaroni1/Data/Images/Anomaly/083.JPG"", ""macaroni2/Data/Images/Anomaly/078.JPG"", ""macaroni2/Data/Images/Anomaly/076.JPG""]",c9061f6b60879929fd48c06d6e9555462e4bac28e6ca42fb919b474e7a0e98c6,ceeaf59956ebebe4b848735ea48fc993b083afde7ff52870e2c9718298129035,"[0, 0, 1, 1, 1, 1]"
42,2,42,"[""pcb1/Data/Images/Normal/0920.JPG"", ""macaroni1/Data/Images/Anomaly/010.JPG"", ""capsules/Data/Images/Anomaly/010.JPG"", ""pcb4/Data/Images/Normal/0469.JPG"", ""pcb4/Data/Images/Anomaly/040.JPG"", ""pcb3/Data/Images/Normal/0659.JPG""]",f750fb393058b138c78bec8b5e6c011f224df07d1a90ced27787b9af949755f8,299a4415622729e596d8a3921f2f4212402f6e79f79deb2bb0105ac80dd17e2e,"[0, 1, 1, 0, 1, 0]"
43,2,43,"[""fryum/Data/Images/Anomaly/074.JPG"", ""pcb2/Data/Images/Anomaly/035.JPG"", ""capsules/Data/Images/Anomaly/067.JPG"", ""capsules/Data/Images/Anomaly/026.JPG"", ""capsules/Data/Images/Anomaly/048.JPG"", ""pcb3/Data/Images/Anomaly/022.JPG""]",9a07371bd956782979f09c384bfae6a2a1ad9e57a9d9d2c0447367615ebe75e3,1cf49c1b5e0b23c70905df612d2fa1ec201c7f0e6878a33d89388c854fd26050,"[1, 1, 1, 1, 1, 1]"
44,2,44,"[""candle/Data/Images/Anomaly/072.JPG"", ""pipe_fryum/Data/Images/Anomaly/092.JPG"", ""pcb2/Data/Images/Anomaly/054.JPG"", ""pcb2/Data/Images/Anomaly/062.JPG"", ""fryum/Data/Images/Anomaly/099.JPG"", ""cashew/Data/Images/Anomaly/006.JPG""]",ba7b5d599c8d945c0af6948ba1d3f320f08d80e8d7575cc30ead864d64cd2ebd,af8fd9aab681956dc12c77c24ec77ef1edc9b32e8d15aed4c86b0c2b0c22dd59,"[1, 1, 1, 1, 1, 1]"
45,2,45,"[""pcb1/Data/Images/Anomaly/068.JPG"", ""pipe_fryum/Data/Images/Normal/460.JPG"", ""candle/Data/Images/Anomaly/077.JPG"", ""pcb1/Data/Images/Normal/0294.JPG"", ""macaroni2/Data/Images/Normal/0011.JPG"", ""macaroni1/Data/Images/Anomaly/094.JPG""]",5448fb553a67336335590020cccc057ea3646db6904485f0010fc83a168a27c8,c92c0961d0130b93a30d7c9d610ac0a6e8e2fd904fa5e71caac16633288ac54c,"[1, 0, 1, 0, 0, 1]"
46,2,46,"[""pipe_fryum/Data/Images/Anomaly/064.JPG"", ""macaroni1/Data/Images/Normal/0026.JPG"", ""pcb1/Data/Images/Anomaly/093.JPG"", ""capsules/Data/Images/Normal/100.JPG"", ""chewinggum/Data/Images/Normal/402.JPG"", ""macaroni1/Data/Images/Normal/0797.JPG""]",3bc4946b49929258d172c66f559453c41001f190772e3d631e2e212fc308dc5e,b5df6b9aba533ec310419088bdf695eb228fdabdb4948b877973063b64d1df71,"[1, 0, 1, 0, 0, 0]"
47,2,47,"[""macaroni2/Data/Images/Normal/0046.JPG"", ""pcb3/Data/Images/Normal/0648.JPG"", ""candle/Data/Images/Anomaly/009.JPG"", ""pcb4/Data/Images/Anomaly/088.JPG"", ""macaroni1/Data/Images/Normal/0046.JPG"", ""cashew/Data/Images/Anomaly/032.JPG""]",9f1542a375af54d6c24d5cebaa2fabb4a2b284d189cfba9fa61184e37554b0f0,4b5b610b9453daebde26da980e104abfad96687d6b27a07bb9754c1ae844006c,"[0, 0, 1, 1, 0, 1]"
48,2,48,"[""capsules/Data/Images/Anomaly/044.JPG"", ""macaroni1/Data/Images/Anomaly/058.JPG"", ""pipe_fryum/Data/Images/Anomaly/006.JPG"", ""fryum/Data/Images/Normal/166.JPG"", ""macaroni2/Data/Images/Normal/0694.JPG"", ""pcb2/Data/Images/Normal/0402.JPG""]",7613108e7c5440c6b02c858a9d2de74e5c959466959c9d9953fffa77ec08e4b2,c5ca4d58f5d1378e9a9e9face2eb02a40b17dbbd32078c9d97c22f6e5d0b536c,"[1, 1, 1, 0, 0, 0]"
49,2,49,"[""macaroni2/Data/Images/Normal/0739.JPG"", ""pcb1/Data/Images/Normal/0735.JPG"", ""candle/Data/Images/Anomaly/010.JPG"", ""candle/Data/Images/Normal/0552.JPG"", ""candle/Data/Images/Anomaly/042.JPG"", ""pcb1/Data/Images/Anomaly/028.JPG""]",313c8b511e5ccb553d3af5e892541eaae5b20dbc9814e9ab823b451350336646,24ead65165137fcfa142ff3c95d72fa721903761b63b90a61b3c9ab2fcc44b2b,"[0, 0, 1, 0, 1, 1]"
50,2,50,"[""cashew/Data/Images/Anomaly/002.JPG"", ""cashew/Data/Images/Anomaly/013.JPG"", ""pcb2/Data/Images/Normal/0159.JPG"", ""candle/Data/Images/Anomaly/086.JPG"", ""capsules/Data/Images/Anomaly/024.JPG"", ""fryum/Data/Images/Normal/098.JPG""]",08334d9c917ff1557d92bd77a63d07328b04c161bd43406d5a5375777e0cd04f,062c5e31b4d9a1c657e6fc44c9e7a2b50c8ba47707757ddb646d930e9f4fab35,"[1, 1, 0, 1, 1, 0]"
51,2,51,"[""macaroni2/Data/Images/Anomaly/035.JPG"", ""macaroni1/Data/Images/Anomaly/060.JPG"", ""pcb2/Data/Images/Normal/0688.JPG"", ""pcb2/Data/Images/Anomaly/070.JPG"", ""pcb2/Data/Images/Anomaly/011.JPG"", ""macaroni1/Data/Images/Anomaly/008.JPG""]",cb6d0b98dd7f31838c23717de1744beadf2916b9a9f4fad8ea83ec859e43dd6d,efb931e973e3e10adb6b8512aade7ea8b39cbb2dd72910e4a970da600ef46fc5,"[1, 1, 0, 1, 1, 1]"
52,2,52,"[""pcb3/Data/Images/Normal/0016.JPG"", ""candle/Data/Images/Normal/0869.JPG"", ""pcb3/Data/Images/Normal/0684.JPG"", ""cashew/Data/Images/Normal/130.JPG"", ""macaroni1/Data/Images/Anomaly/093.JPG"", ""candle/Data/Images/Normal/0178.JPG""]",8a8ae54d8b7e5c07bf2f0efa9b00f51346b7a22e5ea782ad1c2ff262a8052123,123dbcec7db5df653ecff72cab933516170352cdbe551aaa942da9ffb65a8f95,"[0, 0, 0, 0, 1, 0]"
53,2,53,"[""pcb4/Data/Images/Normal/0286.JPG"", ""pcb2/Data/Images/Normal/0952.JPG"", ""pcb2/Data/Images/Normal/0297.JPG"", ""macaroni2/Data/Images/Anomaly/047.JPG"", ""candle/Data/Images/Normal/0953.JPG"", ""fryum/Data/Images/Normal/239.JPG""]",098c0adca14c411a7f74a776de7408096cc6f7ab253d47e30ad09117f7738358,9d5622abb2fce45fc418c4c53320609cd8b5411b4150293f423f3bf04a5fe83d,"[0, 0, 0, 1, 0, 0]"
54,2,54,"[""pcb4/Data/Images/Normal/0333.JPG"", ""chewinggum/Data/Images/Anomaly/089.JPG"", ""pcb1/Data/Images/Anomaly/018.JPG"", ""pcb3/Data/Images/Anomaly/051.JPG"", ""macaroni1/Data/Images/Normal/0705.JPG"", ""pcb1/Data/Images/Anomaly/009.JPG""]",92ba820b321de670fb7c9376c5fc344a4ea4d6fbe289ac64bc31816c2c300971,ae7adbb256e62508bfc761e51a4f9d3a2201be6f69aa97d9b2b84bd09ec3522e,"[0, 1, 1, 1, 0, 1]"
55,2,55,"[""pcb3/Data/Images/Normal/0024.JPG"", ""pcb2/Data/Images/Normal/0237.JPG"", ""macaroni2/Data/Images/Normal/0214.JPG"", ""macaroni2/Data/Images/Anomaly/051.JPG"", ""macaroni2/Data/Images/Normal/0892.JPG"", ""macaroni1/Data/Images/Anomaly/051.JPG""]",b9a57fbb298c9d05f07e712fbb034c594ff5c5893e1271ca75c55916d14ec194,d24797cca66af89c46fcb89b12c4841c5ab84ded5f6156701474ba66237b0e00,"[0, 0, 0, 1, 0, 1]"
56,2,56,"[""pcb1/Data/Images/Anomaly/020.JPG"", ""macaroni2/Data/Images/Normal/0923.JPG"", ""macaroni1/Data/Images/Normal/0685.JPG"", ""pcb2/Data/Images/Normal/0552.JPG"", ""macaroni1/Data/Images/Anomaly/007.JPG"", ""pipe_fryum/Data/Images/Normal/213.JPG""]",a0bfee93ad7290df19394da54e5358d43314ef3effd681fa095351a298c9aaab,a264ab3338d5d9c0f6769e8d134489d039e5d1fff808f3d5f2c451b14d3d6552,"[1, 0, 0, 0, 1, 0]"
57,2,57,"[""candle/Data/Images/Normal/0490.JPG"", ""pcb3/Data/Images/Anomaly/060.JPG"", ""macaroni2/Data/Images/Normal/0974.JPG"", ""pipe_fryum/Data/Images/Anomaly/051.JPG"", ""pcb4/Data/Images/Normal/0306.JPG"", ""macaroni1/Data/Images/Anomaly/072.JPG""]",4002a38923804c7537edf04775d82b15889d2977bd389e95742764d0e1ddfbba,27f278f88380fee1d34aa0025fa87447e4b6abaa6c2035d4efcf69259426bea0,"[0, 1, 0, 1, 0, 1]"
58,2,58,"[""pcb3/Data/Images/Normal/0214.JPG"", ""pcb1/Data/Images/Normal/0648.JPG"", ""capsules/Data/Images/Anomaly/047.JPG"", ""cashew/Data/Images/Anomaly/078.JPG"", ""pcb2/Data/Images/Anomaly/092.JPG"", ""pcb3/Data/Images/Normal/0621.JPG""]",69d624ebbeb76b3d50ac2e609673907c32cbf04fa4a6917be4bf78674a5c92c6,d58d6d1cec92c039d1f62f20203d062b09e4310037749b8bfaaa1c66e79dc0a4,"[0, 0, 1, 1, 1, 0]"
59,2,59,"[""pcb4/Data/Images/Anomaly/025.JPG"", ""fryum/Data/Images/Normal/324.JPG"", ""macaroni2/Data/Images/Normal/0457.JPG"", ""pipe_fryum/Data/Images/Anomaly/041.JPG"", ""macaroni1/Data/Images/Anomaly/076.JPG"", ""macaroni2/Data/Images/Anomaly/022.JPG""]",2345512ba8c15654fed5d94cfefebc991330ec8dc034d90f12a83836d0bbf2cf,6848ed081a027e763b08b59646b90ea8923ffd801bfa22ca286f643dd49f58bd,"[1, 0, 0, 1, 1, 1]"
60,2,60,"[""candle/Data/Images/Normal/0631.JPG"", ""pcb3/Data/Images/Normal/0400.JPG"", ""pcb4/Data/Images/Normal/0457.JPG"", ""fryum/Data/Images/Anomaly/033.JPG"", ""capsules/Data/Images/Anomaly/088.JPG"", ""pcb2/Data/Images/Anomaly/039.JPG""]",803f17a0fd64dc475b3266c6340de83e2df4ac6808805b5dc4f6d76ba3e14f00,ff88a451db4f63751c1ef4ddad905565f8853cadc2a548f8e790f547abf3e70a,"[0, 0, 0, 1, 1, 1]"
61,2,61,"[""chewinggum/Data/Images/Anomaly/091.JPG"", ""pcb1/Data/Images/Anomaly/091.JPG"", ""macaroni1/Data/Images/Anomaly/085.JPG"", ""macaroni2/Data/Images/Anomaly/018.JPG"", ""pipe_fryum/Data/Images/Normal/384.JPG"", ""candle/Data/Images/Anomaly/087.JPG""]",a91a418d2974368b56ab2686b2c169398be3fa2e994cc9605a952a72ba78732c,dc7afd943fe384d9871a36affc1e50ae9b7f130d0d04db6f90778c61465a35ee,"[1, 1, 1, 1, 0, 1]"
62,2,62,"[""pcb2/Data/Images/Anomaly/040.JPG"", ""candle/Data/Images/Normal/0657.JPG"", ""chewinggum/Data/Images/Normal/461.JPG"", ""pcb3/Data/Images/Anomaly/008.JPG"", ""pcb4/Data/Images/Normal/0779.JPG"", ""pcb1/Data/Images/Normal/0484.JPG""]",c80c868bd67ce15fad876f88b08702ac6bdb8b5e1e5684f966231298aeb8b0cc,2f6cacca4aba04171e738695301006b17be6b4c2e83ceccb1ac8243935c2943f,"[1, 0, 0, 1, 0, 0]"
63,2,63,"[""pcb1/Data/Images/Anomaly/054.JPG"", ""fryum/Data/Images/Anomaly/087.JPG"", ""macaroni1/Data/Images/Normal/0303.JPG"", ""cashew/Data/Images/Normal/213.JPG"", ""pcb1/Data/Images/Normal/0739.JPG"", ""macaroni1/Data/Images/Normal/0648.JPG""]",8554dd33e25d1cfea63f45b7bf2d83cf4f485f5449bc967f786ab7cf7fafe5b9,fe50f8ffdb8a67450ceda0e7a8b1bc0d45e713dac66f47ec79f7e0cab341c61c,"[1, 1, 0, 0, 0, 0]"
64,2,64,"[""pipe_fryum/Data/Images/Anomaly/050.JPG"", ""macaroni2/Data/Images/Anomaly/070.JPG"", ""fryum/Data/Images/Anomaly/092.JPG"", ""macaroni2/Data/Images/Normal/0027.JPG"", ""macaroni2/Data/Images/Anomaly/063.JPG"", ""cashew/Data/Images/Anomaly/049.JPG""]",4c8d03173c0c9537708593189534b76973b328c474a2c9a0465c2df5221bf102,7d5d78403ac4e71c3cdefe804fd4cbc0d507eec2e493758b3d19ad9b62c045f0,"[1, 1, 1, 0, 1, 1]"
65,2,65,"[""chewinggum/Data/Images/Normal/089.JPG"", ""fryum/Data/Images/Anomaly/061.JPG"", ""fryum/Data/Images/Anomaly/063.JPG"", ""fryum/Data/Images/Anomaly/039.JPG"", ""fryum/Data/Images/Normal/260.JPG"", ""capsules/Data/Images/Normal/320.JPG""]",eda8e2aea4808586dbd7aa8508a9f6c897355e7338dd5b3b80b98cd549b18f80,febc86b0402885df3f3c8a96ce4645fb0545ea32849ef0889b1999a08e90d20f,"[0, 1, 1, 1, 0, 0]"
66,2,66,"[""pipe_fryum/Data/Images/Normal/260.JPG"", ""fryum/Data/Images/Anomaly/055.JPG"", ""capsules/Data/Images/Normal/011.JPG"", ""pcb4/Data/Images/Anomaly/079.JPG"", ""pipe_fryum/Data/Images/Anomaly/094.JPG"", ""capsules/Data/Images/Anomaly/054.JPG""]",65c700d67329f31843adb3effd11df810e1b4513bccdf88352fc406c81e0ca5a,80867aaa95d1f9f2a6a40a483a284057679705c658a01c2df88bb54e7277e26f,"[0, 1, 0, 1, 1, 1]"
67,2,67,"[""cashew/Data/Images/Anomaly/020.JPG"", ""candle/Data/Images/Normal/0394.JPG"", ""capsules/Data/Images/Normal/400.JPG"", ""candle/Data/Images/Anomaly/094.JPG"", ""pcb2/Data/Images/Normal/0569.JPG"", ""fryum/Data/Images/Anomaly/088.JPG""]",845d100dc6b6f4c5e9d3088db0189864e9053770f225c8851539b9fb6a7ea309,23c185de1140de652379c042979b9f5ce397d341b92ac9ae60f3c9dff8e7d699,"[1, 0, 0, 1, 0, 1]"
68,2,68,"[""macaroni2/Data/Images/Anomaly/064.JPG"", ""pcb1/Data/Images/Normal/0869.JPG"", ""pcb4/Data/Images/Anomaly/003.JPG"", ""pcb3/Data/Images/Normal/0479.JPG"", ""macaroni1/Data/Images/Anomaly/078.JPG"", ""pcb4/Data/Images/Anomaly/035.JPG""]",8d2d3b6fa23d345e780538552dd777bcdcad53e410bab80610cd55760e3ca012,a3b4d60439f5aec6cb09d8beeb55e6ba6217ee5dd49ce048eceae8f8d15b5120,"[1, 0, 1, 0, 1, 1]"
69,2,69,"[""pcb4/Data/Images/Anomaly/030.JPG"", ""macaroni2/Data/Images/Normal/0900.JPG"", ""chewinggum/Data/Images/Normal/084.JPG"", ""pcb1/Data/Images/Anomaly/004.JPG"", ""fryum/Data/Images/Anomaly/059.JPG"", ""macaroni2/Data/Images/Anomaly/043.JPG""]",afd92eac330d69364240d9b928be94cba8ead64908e8f88a7239ec2c39edbc56,0e38556037e7cd7e1c94b1c31f12b6b2f30b374b0405bed9c49f8231784651b8,"[1, 0, 0, 1, 1, 1]"
70,2,70,"[""pcb2/Data/Images/Normal/0735.JPG"", ""cashew/Data/Images/Normal/050.JPG"", ""cashew/Data/Images/Anomaly/045.JPG"", ""pipe_fryum/Data/Images/Anomaly/017.JPG"", ""capsules/Data/Images/Anomaly/068.JPG"", ""capsules/Data/Images/Anomaly/032.JPG""]",3a3f89a57fa132d3374bc65faacc04f0595ef9efd14f98a8cf1e96fa3c4ecad6,f93bf273a183117610ae17182dc1926133c2bd6f8e6cc67f6ae7717feb9174e8,"[0, 0, 1, 1, 1, 1]"
71,2,71,"[""macaroni2/Data/Images/Normal/0996.JPG"", ""macaroni1/Data/Images/Normal/0768.JPG"", ""chewinggum/Data/Images/Anomaly/015.JPG"", ""macaroni1/Data/Images/Anomaly/047.JPG"", ""chewinggum/Data/Images/Anomaly/002.JPG"", ""macaroni1/Data/Images/Normal/0402.JPG""]",fe3127a17b59c6a87f482ca36b4c3de7c2c792d21dc60e6ff4805e1e9f34d734,18b2d109b9678a4953a332f7439456012176308cb3dcba7568ede45b3edb9e98,"[0, 0, 1, 1, 1, 0]"
72,2,72,"[""pcb1/Data/Images/Normal/0690.JPG"", ""pcb3/Data/Images/Anomaly/023.JPG"", ""macaroni2/Data/Images/Anomaly/080.JPG"", ""pcb2/Data/Images/Anomaly/089.JPG"", ""pcb4/Data/Images/Anomaly/084.JPG"", ""fryum/Data/Images/Anomaly/086.JPG""]",22d1f511e943add268e8dd28a267d312664c61274165a5029c1c5f4403e8416c,9a19a0194a8f4b0fc260bdbe605cf60e6a27df2811b016c3b72f49e156f26152,"[0, 1, 1, 1, 1, 1]"
73,2,73,"[""pcb2/Data/Images/Anomaly/065.JPG"", ""pcb3/Data/Images/Anomaly/036.JPG"", ""capsules/Data/Images/Anomaly/079.JPG"", ""macaroni1/Data/Images/Normal/0174.JPG"", ""macaroni2/Data/Images/Normal/0333.JPG"", ""candle/Data/Images/Normal/0214.JPG""]",b33296c2cf728d8fc679504b1d4f1d15c1ff0b5a7350e833bddea3367791bfc3,400e8447ec88ebff3c2cc3424300a6905fc95d48509ee3ea3061b20666748e9f,"[1, 1, 1, 0, 0, 0]"
74,2,74,"[""candle/Data/Images/Anomaly/071.JPG"", ""chewinggum/Data/Images/Anomaly/087.JPG"", ""pcb4/Data/Images/Normal/0796.JPG"", ""candle/Data/Images/Anomaly/015.JPG"", ""pcb3/Data/Images/Anomaly/007.JPG"", ""macaroni2/Data/Images/Anomaly/042.JPG""]",02b6c235afc53c21ef24566e8dc097789f8b4510fdcd2a812249c6a7b2099a49,eea06d35330ff0f09fe8ac08a0f7e91c2e22f0efa6e91478ca8b6a61a22e91cf,"[1, 1, 0, 1, 1, 1]"
75,2,75,"[""chewinggum/Data/Images/Normal/006.JPG"", ""fryum/Data/Images/Anomaly/030.JPG"", ""macaroni2/Data/Images/Normal/0784.JPG"", ""pipe_fryum/Data/Images/Anomaly/063.JPG"", ""pcb4/Data/Images/Normal/0615.JPG"", ""pcb4/Data/Images/Anomaly/065.JPG""]",ad3c194970d9448f603ff2d1b0b895b2634f207650b7c6f60e18cb97fe47f190,d57b6c7629c46f0a63d8121066ffe5404b982eaa656c1d5f01979716dffb89fc,"[0, 1, 0, 1, 0, 1]"
76,2,76,"[""pcb4/Data/Images/Normal/0688.JPG"", ""pipe_fryum/Data/Images/Normal/307.JPG"", ""pcb1/Data/Images/Normal/0989.JPG"", ""fryum/Data/Images/Anomaly/058.JPG"", ""fryum/Data/Images/Normal/482.JPG"", ""pcb4/Data/Images/Normal/0654.JPG""]",9f33814cff969d34d070789b23821d057b1c27f179533682e1f4680b2e9e97ef,9849874b94fcf535815c25a797534db6fe7017d05701ceee96f6407db985390e,"[0, 0, 0, 1, 0, 0]"
77,2,77,"[""pcb2/Data/Images/Anomaly/087.JPG"", ""chewinggum/Data/Images/Anomaly/018.JPG"", ""pcb2/Data/Images/Anomaly/066.JPG"", ""pcb4/Data/Images/Normal/0674.JPG"", ""cashew/Data/Images/Normal/181.JPG"", ""macaroni2/Data/Images/Anomaly/071.JPG""]",72ec4c6ab499dc6e25ecda6e45809cb72cb5787fa0b10159fd5b7b708c30c3c5,d114dbba1209d9e40fd0b70e28a8a5838d2414b725ea6b5b4b794e7934551dc1,"[1, 1, 1, 0, 0, 1]"
78,2,78,"[""macaroni2/Data/Images/Anomaly/016.JPG"", ""capsules/Data/Images/Anomaly/087.JPG"", ""pipe_fryum/Data/Images/Normal/166.JPG"", ""macaroni1/Data/Images/Anomaly/090.JPG"", ""macaroni1/Data/Images/Normal/0994.JPG"", ""pcb2/Data/Images/Anomaly/059.JPG""]",3fae0471048cf3c1ee5d123d91ab7d3691477d20a902e73c5d8eb33b432841c8,d40d20278e4d6965806fbc177522d203d564a300c76fb737d7cb833aca7b0334,"[1, 1, 0, 1, 0, 1]"
79,2,79,"[""macaroni2/Data/Images/Anomaly/087.JPG"", ""macaroni2/Data/Images/Normal/0286.JPG"", ""cashew/Data/Images/Anomaly/072.JPG"", ""macaroni1/Data/Images/Normal/0024.JPG"", ""pcb4/Data/Images/Normal/0735.JPG"", ""pcb4/Data/Images/Anomaly/078.JPG""]",367b40beb01182b2ec18e322649b6f584b27c07b1190da35dc892d1602416202,4acf7472a6711d06983b3efd795d8e9e964f969baffbcd06090dc15937e9e0c8,"[1, 0, 1, 0, 0, 1]"
80,2,80,"[""fryum/Data/Images/Anomaly/016.JPG"", ""fryum/Data/Images/Anomaly/062.JPG"", ""macaroni1/Data/Images/Anomaly/005.JPG"", ""candle/Data/Images/Normal/0170.JPG"", ""chewinggum/Data/Images/Anomaly/088.JPG"", ""candle/Data/Images/Normal/0174.JPG""]",1c9965b8e2482e83c16c408e379c674ae1dd0fec493e2ee6cc12c6170e0a3acf,be035293d40cd418e21c426c7061dc2fb26878899ff96908a72434bef90340ef,"[1, 1, 1, 0, 1, 0]"
81,2,81,"[""pcb1/Data/Images/Normal/0796.JPG"", ""candle/Data/Images/Anomaly/020.JPG"", ""candle/Data/Images/Normal/0525.JPG"", ""pcb3/Data/Images/Normal/0797.JPG"", ""fryum/Data/Images/Normal/089.JPG"", ""pcb1/Data/Images/Anomaly/040.JPG""]",dd55295bc116cb25cbeed500fdba96801f1c743726ef53b02516c401bd6a2960,9503efe70ebc860497dfb6658ddda0e9f06b217a4b4cd3f1fb8c3242a11825a9,"[0, 1, 0, 0, 0, 1]"
82,2,82,"[""chewinggum/Data/Images/Normal/487.JPG"", ""pcb2/Data/Images/Normal/0968.JPG"", ""pcb1/Data/Images/Anomaly/005.JPG"", ""pipe_fryum/Data/Images/Normal/087.JPG"", ""macaroni2/Data/Images/Normal/0871.JPG"", ""pipe_fryum/Data/Images/Normal/181.JPG""]",c32c6df19624e2765aae67e75af3f49c398bed26063fc56409901256483bc486,8a475c839431ad7f80f17a8a4efda42afd3128416152ce026a5f3d3ef48664b1,"[0, 0, 1, 0, 0, 0]"
83,2,83,"[""macaroni2/Data/Images/Normal/0631.JPG"", ""pcb3/Data/Images/Normal/0484.JPG"", ""cashew/Data/Images/Normal/166.JPG"", ""cashew/Data/Images/Anomaly/050.JPG"", ""pipe_fryum/Data/Images/Anomaly/086.JPG"", ""cashew/Data/Images/Normal/389.JPG""]",8c296466406812af6a0ab6b30e0f95edbd7071d48482ae30caec334908432e4d,2fc760cfb668461a40b1ed5966e101c54ab2a83202be1d47502cc156b93a6542,"[0, 0, 0, 1, 1, 0]"
84,2,84,"[""pcb2/Data/Images/Anomaly/078.JPG"", ""pcb2/Data/Images/Normal/0170.JPG"", ""pipe_fryum/Data/Images/Normal/369.JPG"", ""macaroni1/Data/Images/Normal/0674.JPG"", ""cashew/Data/Images/Anomaly/066.JPG"", ""pcb3/Data/Images/Anomaly/085.JPG""]",dc6e305a7609bcefc0ecbcd5d9194841d9c9e3b5b0d5b93d1b59071d3f167fb8,215c0cc850dcbd7d27500751a1c3f9325b1c028cb3557ea32f1294eb4ceac6cb,"[1, 0, 0, 0, 1, 1]"
85,2,85,"[""macaroni1/Data/Images/Anomaly/003.JPG"", ""capsules/Data/Images/Anomaly/071.JPG"", ""macaroni1/Data/Images/Anomaly/079.JPG"", ""pcb2/Data/Images/Normal/0013.JPG"", ""pcb4/Data/Images/Normal/0684.JPG"", ""fryum/Data/Images/Anomaly/089.JPG""]",75fce87da46d1bfa42742093988ad10f2d4aa28268ddeeea702b3c2c410304b8,1b05cf608f9b8ee220b806b5cb5847da804f2329df5c77a2d210ca2d7d310b5c,"[1, 1, 1, 0, 0, 1]"
86,2,86,"[""pipe_fryum/Data/Images/Anomaly/027.JPG"", ""pcb3/Data/Images/Anomaly/083.JPG"", ""cashew/Data/Images/Anomaly/046.JPG"", ""pcb3/Data/Images/Normal/0991.JPG"", ""pcb4/Data/Images/Anomaly/011.JPG"", ""candle/Data/Images/Normal/0196.JPG""]",f45f30832886ac077e3b046c4bfbdf0378d62a733af044e39f12570341785939,823977f941e98b74e8bd7d19124acc742a8d02d905e26596b8ad2d6a0705d07d,"[1, 1, 1, 0, 1, 0]"
87,2,87,"[""candle/Data/Images/Normal/0423.JPG"", ""chewinggum/Data/Images/Normal/367.JPG"", ""pcb2/Data/Images/Anomaly/060.JPG"", ""pcb1/Data/Images/Normal/0621.JPG"", ""macaroni2/Data/Images/Normal/0488.JPG"", ""pcb1/Data/Images/Anomaly/045.JPG""]",171b2def5f4f96c886b472eb04bc6d5b74988cdb297de9ef5f7c8fdfc2500780,3c52e3ee6c390b8d53a01bbf14b9d2555d9e18d48a8887bbefb8eab4054db451,"[0, 0, 1, 0, 0, 1]"
88,2,88,"[""pcb1/Data/Images/Normal/0394.JPG"", ""pipe_fryum/Data/Images/Anomaly/066.JPG"", ""pcb3/Data/Images/Anomaly/066.JPG"", ""chewinggum/Data/Images/Anomaly/053.JPG"", ""macaroni2/Data/Images/Normal/0417.JPG"", ""fryum/Data/Images/Normal/181.JPG""]",5045748786607eecb41808d9f79f43eb76077a8e84d1fdb98f3b16dbb96b16af,5edeb6c2765ff0021325a16e1c3b3533f7866424e1ccc80c7bcfe30866a4ab9f,"[0, 1, 1, 1, 0, 0]"
89,2,89,"[""pcb1/Data/Images/Normal/0514.JPG"", ""pcb1/Data/Images/Normal/0172.JPG"", ""cashew/Data/Images/Anomaly/029.JPG"", ""pcb3/Data/Images/Normal/0297.JPG"", ""candle/Data/Images/Anomaly/093.JPG"", ""candle/Data/Images/Normal/0659.JPG""]",eda5a156d4beb82513fdb976135f84b652e7a3a2b3463bcbf23aae56fe077963,be01d704ed618ac8de35412c5d5ae4b678680e6e2b6b26b087e8d09f6b10a872,"[0, 0, 1, 0, 1, 0]"
90,2,90,"[""macaroni2/Data/Images/Anomaly/015.JPG"", ""pcb2/Data/Images/Anomaly/053.JPG"", ""macaroni2/Data/Images/Anomaly/004.JPG"", ""pcb2/Data/Images/Anomaly/068.JPG"", ""macaroni2/Data/Images/Anomaly/086.JPG"", ""chewinggum/Data/Images/Anomaly/001.JPG""]",98d682008d5736c0886d75526a49c2f40a60c14051985a92d5e3a3d8e5bb5cbf,d7170c250e6e6780b485e6eca8d1fdda1b9908a893ea42e30648e4b46fe94e50,"[1, 1, 1, 1, 1, 1]"
91,2,91,"[""candle/Data/Images/Anomaly/059.JPG"", ""capsules/Data/Images/Anomaly/065.JPG"", ""cashew/Data/Images/Anomaly/058.JPG"", ""pcb3/Data/Images/Anomaly/069.JPG"", ""pcb3/Data/Images/Normal/0159.JPG"", ""pcb1/Data/Images/Normal/0170.JPG""]",6abd7bcbacecb892442b9be6e2d55bc0f6f779502b8ad584c6a9cc66279faa30,3ca1814f90a168538510c77746316bd3ba6d804eb2262d740ca52d95de271448,"[1, 1, 1, 1, 0, 0]"
92,2,92,"[""cashew/Data/Images/Normal/400.JPG"", ""macaroni2/Data/Images/Anomaly/010.JPG"", ""macaroni2/Data/Images/Normal/0215.JPG"", ""pcb4/Data/Images/Anomaly/086.JPG"", ""macaroni2/Data/Images/Anomaly/089.JPG"", ""candle/Data/Images/Anomaly/029.JPG""]",2f1ae3ff2479a7e756d12e714025e5ea51b6f313a6c618e5b454b1267c8d9a69,955c2d1054fa851460704788faf5fbc0e039415d6686a2c8b735d88d81ebe2d7,"[0, 1, 0, 1, 1, 1]"
93,2,93,"[""macaroni2/Data/Images/Anomaly/065.JPG"", ""chewinggum/Data/Images/Normal/389.JPG"", ""capsules/Data/Images/Anomaly/000.JPG"", ""capsules/Data/Images/Anomaly/092.JPG"", ""pcb1/Data/Images/Normal/0174.JPG"", ""pcb3/Data/Images/Anomaly/094.JPG""]",2e6780285f2dfd9ec8cb9dab31e7b16344493175b0fa56cb4869c8e28b3d099d,29b1346584a93741b66d26605288c71690a34f717d6eef48de3755c8f047c13a,"[1, 0, 1, 1, 0, 1]"
94,2,94,"[""pcb4/Data/Images/Anomaly/067.JPG"", ""pcb3/Data/Images/Anomaly/077.JPG"", ""macaroni1/Data/Images/Anomaly/061.JPG"", ""chewinggum/Data/Images/Anomaly/035.JPG"", ""fryum/Data/Images/Anomaly/047.JPG"", ""macaroni1/Data/Images/Normal/0286.JPG""]",00d78032f3f1a6fc81f108e0f1b070b088c3faa9b6e29636aa4a596caa83cbb9,0940c8cc16257407e7d6351d96ac25cb4306bdebd1e913b82ec981dc9a48c087,"[1, 1, 1, 1, 1, 0]"
95,2,95,"[""pcb3/Data/Images/Normal/0755.JPG"", ""chewinggum/Data/Images/Normal/435.JPG"", ""pcb3/Data/Images/Anomaly/095.JPG"", ""cashew/Data/Images/Anomaly/010.JPG"", ""macaroni1/Data/Images/Normal/0621.JPG"", ""pcb2/Data/Images/Anomaly/041.JPG""]",63d0481916ba72ab1a1a20e5b6dbb11dca736851d0935836019c9a669f02749e,a1fa61d1745c10d0172f8ac639d1c39a6e87685cc80c457d103fc579718cc44a,"[0, 0, 1, 1, 0, 1]"
96,2,96,"[""capsules/Data/Images/Anomaly/011.JPG"", ""pcb4/Data/Images/Normal/0011.JPG"", ""pcb3/Data/Images/Anomaly/099.JPG"", ""candle/Data/Images/Anomaly/067.JPG"", ""pcb3/Data/Images/Anomaly/041.JPG"", ""pcb4/Data/Images/Normal/0685.JPG""]",9fcc021b7379c8b1bb3b6da44ea813f25664c71fa64b94b81d9054b2e033df93,b6c1c4b338b48ab6fa1fd1297a83312fc3a56694af89600f3a5e4f687047bad5,"[1, 0, 1, 1, 1, 0]"
97,2,97,"[""pipe_fryum/Data/Images/Normal/089.JPG"", ""pcb1/Data/Images/Anomaly/065.JPG"", ""pipe_fryum/Data/Images/Anomaly/007.JPG"", ""macaroni1/Data/Images/Normal/0172.JPG"", ""candle/Data/Images/Normal/0790.JPG"", ""pcb4/Data/Images/Anomaly/050.JPG""]",8c3d7b0d9436c18b0e4953901e913224bfcee10b7ce6cad71b87ed1caa30dfff,23bda2951d6abe25e3931f3d7a1dd32cafaf948d75700f0c71ee48865109e779,"[0, 1, 1, 0, 0, 1]"
98,2,98,"[""macaroni1/Data/Images/Anomaly/049.JPG"", ""capsules/Data/Images/Normal/469.JPG"", ""pipe_fryum/Data/Images/Anomaly/048.JPG"", ""capsules/Data/Images/Anomaly/077.JPG"", ""pipe_fryum/Data/Images/Anomaly/024.JPG"", ""fryum/Data/Images/Anomaly/032.JPG""]",62a494a687c3cd7d6fa35e1f21c64ea9f21d42f0aea62df0bf459a263f3b6457,ca5a7cc13193d260ac9fec1bbcf42f621431810cab9f956f1801732cc9d368fb,"[1, 0, 1, 1, 1, 1]"
99,2,99,"[""chewinggum/Data/Images/Anomaly/082.JPG"", ""pcb4/Data/Images/Anomaly/042.JPG"", ""cashew/Data/Images/Normal/239.JPG"", ""fryum/Data/Images/Normal/213.JPG"", ""pcb3/Data/Images/Anomaly/013.JPG"", ""pcb1/Data/Images/Anomaly/008.JPG""]",a6a7c7fb51a365014246d8048ba7d760c79025167d6bf00fea02fb6298bcc430,fd8960e29a4b1ffc0436a63bd69257e9f9ba913ce62a3000f81fbe237e275053,"[1, 1, 0, 0, 1, 1]"
100,2,100,"[""candle/Data/Images/Normal/0320.JPG"", ""pcb2/Data/Images/Normal/0764.JPG"", ""candle/Data/Images/Normal/0768.JPG"", ""pcb3/Data/Images/Anomaly/064.JPG"", ""pcb3/Data/Images/Anomaly/048.JPG"", ""pcb1/Data/Images/Anomaly/038.JPG""]",220850eeea4cddd1448498af7b2700489870f883417efa04397774cc02af49e8,be3b53688224a96c5413a537a36f992327345e14b85d1298447b8319b507c557,"[0, 0, 0, 1, 1, 1]"
101,2,101,"[""candle/Data/Images/Normal/0690.JPG"", ""cashew/Data/Images/Anomaly/047.JPG"", ""macaroni1/Data/Images/Normal/0725.JPG"", ""capsules/Data/Images/Anomaly/007.JPG"", ""capsules/Data/Images/Normal/172.JPG"", ""pcb3/Data/Images/Normal/0333.JPG""]",1c089c75f56e60f3a3084fed026bf034ff5b1313356c36d252d38469e1222e40,c15a0204316b90510195e3a46c72a764bb1bc6d4a67fa7d02b39945411637a90,"[0, 1, 0, 1, 0, 0]"
102,2,102,"[""pcb4/Data/Images/Anomaly/074.JPG"", ""candle/Data/Images/Anomaly/026.JPG"", ""cashew/Data/Images/Normal/402.JPG"", ""pcb4/Data/Images/Normal/0178.JPG"", ""cashew/Data/Images/Anomaly/018.JPG"", ""pcb4/Data/Images/Normal/0488.JPG""]",6baa9656e67cfd87fa95db6d0193389843fd41b76b138c6d60bafa45362205a0,29a28eb1033759b456030650b5ec55e43d17ac1a177b15cd16af2020dbeb7a2a,"[1, 1, 0, 0, 1, 0]"
103,2,103,"[""macaroni1/Data/Images/Normal/0996.JPG"", ""macaroni1/Data/Images/Normal/0483.JPG"", ""macaroni2/Data/Images/Anomaly/096.JPG"", ""pcb1/Data/Images/Normal/0654.JPG"", ""candle/Data/Images/Anomaly/062.JPG"", ""pcb2/Data/Images/Anomaly/008.JPG""]",d2ce7e76367b159f52cb4122472f823ea9ae7d42bdf25571b1960f7de55fd67f,189b0646074d28daed01563953cf094eb2c0434b1bf1d84c52b159cb21faf6da,"[0, 0, 1, 0, 1, 1]"
104,2,104,"[""capsules/Data/Images/Anomaly/080.JPG"", ""macaroni2/Data/Images/Normal/0174.JPG"", ""chewinggum/Data/Images/Anomaly/073.JPG"", ""macaroni1/Data/Images/Anomaly/054.JPG"", ""macaroni2/Data/Images/Normal/0514.JPG"", ""macaroni2/Data/Images/Anomaly/020.JPG""]",892a2e37895dcdbbfd91e28adb35d172959be0a957e703d5fa9030434f8daac1,b3e757499586d8ff227a591240558f07548e49710fc7c2d44306739d235a9189,"[1, 0, 1, 1, 0, 1]"
105,2,105,"[""fryum/Data/Images/Anomaly/007.JPG"", ""pcb4/Data/Images/Normal/0525.JPG"", ""pcb1/Data/Images/Anomaly/017.JPG"", ""chewinggum/Data/Images/Anomaly/049.JPG"", ""chewinggum/Data/Images/Normal/344.JPG"", ""pcb1/Data/Images/Anomaly/071.JPG""]",76d4063b3f29c690ee14a5e9aa88e6bfd9b455bcbb0d6197ec35b257bc5ed492,cfff5e919b0d134ca7e92ab678eb784d0eaa62adde3cdfdbfc4494aa0c4a2b27,"[1, 0, 1, 1, 0, 1]"
106,2,106,"[""pipe_fryum/Data/Images/Anomaly/016.JPG"", ""fryum/Data/Images/Normal/245.JPG"", ""pipe_fryum/Data/Images/Anomaly/026.JPG"", ""pipe_fryum/Data/Images/Anomaly/095.JPG"", ""macaroni2/Data/Images/Anomaly/024.JPG"", ""pcb2/Data/Images/Normal/0871.JPG""]",9342c42421b155f3cfb13e2682d10baf831ce1cc54fa43ac64f239c267da5ad5,912a51837a9619a61447e085eacba5d1653688f9ed71633619fe2ad1854c0366,"[1, 0, 1, 1, 1, 0]"
107,2,107,"[""macaroni1/Data/Images/Anomaly/075.JPG"", ""macaroni2/Data/Images/Anomaly/033.JPG"", ""pcb3/Data/Images/Normal/0174.JPG"", ""pcb2/Data/Images/Normal/0685.JPG"", ""pcb3/Data/Images/Anomaly/043.JPG"", ""macaroni2/Data/Images/Anomaly/003.JPG""]",d4bddcac44ef9eff8bc399b6c8001f9b6b9f4db6fcd6a23a27933e375d3cdeb9,b3722b0bc44822d82fb6726e88d1e84c135564cfb2a22969d52e23d76fc8ae1b,"[1, 1, 0, 0, 1, 1]"
108,2,108,"[""pcb3/Data/Images/Anomaly/092.JPG"", ""pcb2/Data/Images/Normal/0490.JPG"", ""capsules/Data/Images/Anomaly/019.JPG"", ""pcb3/Data/Images/Anomaly/015.JPG"", ""pcb1/Data/Images/Anomaly/024.JPG"", ""macaroni2/Data/Images/Anomaly/092.JPG""]",2fbf29242149887a9a6cf30d04ff41aa2a3696105fd2334ed5bfb5fe9d7a9d1a,ca8cb067fb2f5ab713ac5b152e081ef53fd29950395933b7007a9e046c71c10b,"[1, 0, 1, 1, 1, 1]"
109,2,109,"[""pipe_fryum/Data/Images/Anomaly/073.JPG"", ""pcb1/Data/Images/Anomaly/013.JPG"", ""chewinggum/Data/Images/Normal/446.JPG"", ""pcb3/Data/Images/Normal/0964.JPG"", ""macaroni2/Data/Images/Normal/0423.JPG"", ""pcb1/Data/Images/Anomaly/086.JPG""]",02666372506497fbfe1ecc4921490ca8ee358a50d68b81e7f048aa78566a94b0,1fb5f0da09c4c53bfcd419da9b058579408c825b4c1a9b6ce718b09a6c3996e4,"[1, 1, 0, 0, 0, 1]"
110,2,110,"[""macaroni1/Data/Images/Anomaly/082.JPG"", ""fryum/Data/Images/Anomaly/024.JPG"", ""chewinggum/Data/Images/Anomaly/063.JPG"", ""cashew/Data/Images/Normal/006.JPG"", ""capsules/Data/Images/Normal/394.JPG"", ""capsules/Data/Images/Anomaly/031.JPG""]",faf2e6b56b50ffa0941a4d69ad6c520aed00a8a4ff761ff16a5435a80f58d81e,51e0f7e363ae5d047f961ab1e04bea1ee19fa1b478d8401cde9df5df50b4e244,"[1, 1, 1, 0, 0, 1]"
111,2,111,"[""macaroni2/Data/Images/Anomaly/017.JPG"", ""chewinggum/Data/Images/Anomaly/086.JPG"", ""macaroni2/Data/Images/Anomaly/007.JPG"", ""chewinggum/Data/Images/Anomaly/056.JPG"", ""pcb3/Data/Images/Normal/0514.JPG"", ""macaroni2/Data/Images/Anomaly/059.JPG""]",deb9d1555a6e6e2fe10f295f33795e1ad6b09982fa13e97067fee02067709f4a,a73665a5865fa0b89c314075df1d761f2fc30a8de6f3553978f4cd18acf4435d,"[1, 1, 1, 1, 0, 1]"
112,2,112,"[""pcb1/Data/Images/Normal/0779.JPG"", ""capsules/Data/Images/Normal/417.JPG"", ""pcb3/Data/Images/Normal/0013.JPG"", ""chewinggum/Data/Images/Anomaly/034.JPG"", ""cashew/Data/Images/Anomaly/062.JPG"", ""cashew/Data/Images/Anomaly/064.JPG""]",1751187247a20363db1225eff19ae833f93a81c59f277ba74caba8422d6adb42,853fe471a6f0ef1a0b943fb494c6455e7d8e1c1c4fe112d501e4ed49b61cced4,"[0, 0, 0, 1, 1, 1]"
113,2,113,"[""pcb1/Data/Images/Normal/0026.JPG"", ""candle/Data/Images/Normal/0237.JPG"", ""cashew/Data/Images/Anomaly/003.JPG"", ""pcb2/Data/Images/Normal/0935.JPG"", ""pcb1/Data/Images/Anomaly/063.JPG"", ""fryum/Data/Images/Normal/377.JPG""]",a0e8ed0b190b6772ffff63a072d0ff046f7bf712b57119e874e72e8c0e4c00cf,80d0bcaf85295cd2c3badf27bcf9c50b91e90333c736e94264e58a96ca2ae38c,"[0, 0, 1, 0, 1, 0]"
114,2,114,"[""capsules/Data/Images/Anomaly/036.JPG"", ""cashew/Data/Images/Anomaly/041.JPG"", ""cashew/Data/Images/Normal/435.JPG"", ""fryum/Data/Images/Anomaly/025.JPG"", ""pcb1/Data/Images/Anomaly/025.JPG"", ""pcb2/Data/Images/Normal/0483.JPG""]",20dd76e634ef2ae1e0a44de1f47a3ec7af766469aa9f0e55e56b53c0f899b042,43f6d95f7d5bf3da25991ba1293f83ef24567005d9c4216b02cd99f1e91437d0,"[1, 1, 0, 1, 1, 0]"
115,2,115,"[""macaroni2/Data/Images/Anomaly/049.JPG"", ""pipe_fryum/Data/Images/Normal/342.JPG"", ""macaroni2/Data/Images/Anomaly/028.JPG"", ""pcb2/Data/Images/Anomaly/022.JPG"", ""macaroni1/Data/Images/Anomaly/067.JPG"", ""fryum/Data/Images/Anomaly/001.JPG""]",e521dbeaa4c687e62235f032018dfbead8df2f15ba2240aa45d4dbdf6488e159,193ba9088768be7f11688aebc8364f9de44be87712bf722a9e8de08f333b7a3c,"[1, 0, 1, 1, 1, 1]"
116,2,116,"[""cashew/Data/Images/Normal/324.JPG"", ""pcb2/Data/Images/Normal/0617.JPG"", ""fryum/Data/Images/Anomaly/029.JPG"", ""candle/Data/Images/Normal/0629.JPG"", ""macaroni1/Data/Images/Normal/0479.JPG"", ""cashew/Data/Images/Anomaly/081.JPG""]",5ec8d045cdf873f1449bad9a6e6f9f707e39ec1ceecf9d46ed5cf79292a8897f,89b6b71b7bcdf53774c80a64c872aa68d2e46f273ee251a5613eaba0446b0546,"[0, 0, 1, 0, 0, 1]"
117,2,117,"[""macaroni2/Data/Images/Anomaly/079.JPG"", ""chewinggum/Data/Images/Normal/239.JPG"", ""fryum/Data/Images/Anomaly/075.JPG"", ""pipe_fryum/Data/Images/Normal/023.JPG"", ""pipe_fryum/Data/Images/Anomaly/028.JPG"", ""pcb1/Data/Images/Normal/0674.JPG""]",fcd4b59617bccea0d53908f242154d8479cb91aee0488f7c75739c212cee54dc,64a23d5c44ecdf698d8a91ac50d750e5600a62f66d537512b47b24e264ac3b6e,"[1, 0, 1, 0, 1, 0]"
118,2,118,"[""macaroni1/Data/Images/Normal/0892.JPG"", ""candle/Data/Images/Anomaly/097.JPG"", ""macaroni2/Data/Images/Normal/0306.JPG"", ""cashew/Data/Images/Normal/309.JPG"", ""capsules/Data/Images/Normal/168.JPG"", ""capsules/Data/Images/Normal/214.JPG""]",7047e90dc4dd3f110e0b44096ec3464316d26c38e919aa355b7e6e1fd22714d1,890cea23e388237d4d22d7ccd8c35a1b5f2d41b7ba4965440057de7c0fc507ea,"[0, 1, 0, 0, 0, 0]"
119,2,119,"[""fryum/Data/Images/Anomaly/067.JPG"", ""capsules/Data/Images/Anomaly/027.JPG"", ""pcb4/Data/Images/Anomaly/099.JPG"", ""fryum/Data/Images/Anomaly/038.JPG"", ""pcb1/Data/Images/Anomaly/041.JPG"", ""pcb2/Data/Images/Normal/0684.JPG""]",8b152de63d6e45e223513a6ff9ca89758ba3c1dd210bc4c8cb20c8ee6cafb607,eedf2f93cb88c99a5358b22ab3c761c9b13e2fcc3b2a9886219832780be6b587,"[1, 1, 1, 1, 1, 0]"
120,2,120,"[""cashew/Data/Images/Normal/484.JPG"", ""capsules/Data/Images/Anomaly/093.JPG"", ""candle/Data/Images/Anomaly/091.JPG"", ""chewinggum/Data/Images/Normal/148.JPG"", ""pipe_fryum/Data/Images/Anomaly/075.JPG"", ""pcb3/Data/Images/Normal/0027.JPG""]",68c75a19805c8bdcbc097c346060ffe939d8073f0898954e15cd3b98141ef71e,b5a63ce929c24de51821c9e58950937e8fb9fc29cd2ed994415cd2dae2e4e9d5,"[0, 1, 1, 0, 1, 0]"
121,2,121,"[""pcb1/Data/Images/Normal/1000.JPG"", ""fryum/Data/Images/Normal/398.JPG"", ""fryum/Data/Images/Normal/402.JPG"", ""capsules/Data/Images/Anomaly/098.JPG"", ""pipe_fryum/Data/Images/Anomaly/014.JPG"", ""macaroni2/Data/Images/Anomaly/013.JPG""]",df1440d6b724f3cb0b042b6b8a1a2083f4b66fe8a3072c13a264a44916a0f6b6,b52e641d97f37fc7c34b36569b3a3925893caa4faed80cb6ea2cf177fc1e4b63,"[0, 0, 0, 1, 1, 1]"
122,2,122,"[""pcb4/Data/Images/Anomaly/052.JPG"", ""pcb1/Data/Images/Normal/0994.JPG"", ""pcb2/Data/Images/Anomaly/034.JPG"", ""pcb3/Data/Images/Anomaly/072.JPG"", ""pcb2/Data/Images/Normal/0303.JPG"", ""cashew/Data/Images/Anomaly/056.JPG""]",cc8279d92cbdaf30e3978c931de62904a73aeca710c7a4e2f6e4b82672d33daf,81afd5302b1673bda0106a72075d615a3f91a047bc7156f706c03f97928e92d7,"[1, 0, 1, 1, 0, 1]"
123,2,123,"[""pipe_fryum/Data/Images/Anomaly/044.JPG"", ""capsules/Data/Images/Anomaly/051.JPG"", ""pcb2/Data/Images/Normal/0027.JPG"", ""chewinggum/Data/Images/Normal/245.JPG"", ""pcb4/Data/Images/Normal/0261.JPG"", ""fryum/Data/Images/Anomaly/060.JPG""]",d8c3c961ef843fb1813cb4eaf2d67ffd8859756e672e4ff32505ce8e4ea3edc8,fa1f62febdeb504f8f1459b2bc774f74f1e7be2a5f26a8f9e3f68f0cdc4ddb08,"[1, 1, 0, 0, 0, 1]"
124,2,124,"[""fryum/Data/Images/Normal/307.JPG"", ""pcb2/Data/Images/Normal/0920.JPG"", ""pcb1/Data/Images/Anomaly/097.JPG"", ""capsules/Data/Images/Normal/026.JPG"", ""pcb1/Data/Images/Normal/0046.JPG"", ""macaroni2/Data/Images/Normal/0621.JPG""]",d527cf6e9ae6d10da3c425f43ded0e1435672753d39937691de7bbcb97a9170f,59be50a45ffd7da49fb26454d378a2fcc4ab8260fec9bd30823a13027130b187,"[0, 0, 1, 0, 0, 0]"
125,2,125,"[""candle/Data/Images/Anomaly/056.JPG"", ""candle/Data/Images/Anomaly/057.JPG"", ""pcb4/Data/Images/Normal/0920.JPG"", ""candle/Data/Images/Anomaly/078.JPG"", ""macaroni1/Data/Images/Normal/0751.JPG"", ""pcb3/Data/Images/Anomaly/080.JPG""]",85ff254c4cfbf2e53ce4af07494c50ab01cb9d85bd1b906ac6c8c5ab3609a973,e0ce6b376fd04a4017aedfd9d50c9e88acafe0ae9d2f58545801bc5cacc40a2c,"[1, 1, 0, 1, 0, 1]"
126,2,126,"[""capsules/Data/Images/Normal/324.JPG"", ""candle/Data/Images/Normal/0159.JPG"", ""macaroni1/Data/Images/Anomaly/063.JPG"", ""candle/Data/Images/Normal/0363.JPG"", ""capsules/Data/Images/Anomaly/029.JPG"", ""pcb4/Data/Images/Anomaly/013.JPG""]",0966a8cd1e012d612a9a5016c1d6c12399e40e123483e2e853f66dc5196e28ed,0eb37f615c3a912fdcd50050df8148304e3cf0bc02a616fc33b2f25d65498e96,"[0, 0, 1, 0, 1, 1]"
127,2,127,"[""pcb2/Data/Images/Normal/0168.JPG"", ""pcb2/Data/Images/Anomaly/012.JPG"", ""macaroni2/Data/Images/Normal/0394.JPG"", ""macaroni2/Data/Images/Anomaly/090.JPG"", ""pipe_fryum/Data/Images/Normal/272.JPG"", ""cashew/Data/Images/Anomaly/060.JPG""]",e4e5b82a5f50eb1d5745b1af0669bab864b818263ef503cd62c1a83c36e9e9ad,05f5c74ce88faccef3f494056d9533893ea061c8f2b5712315bbe6fbbb7c2f60,"[0, 1, 0, 1, 0, 1]"
128,2,128,"[""pipe_fryum/Data/Images/Anomaly/031.JPG"", ""macaroni1/Data/Images/Anomaly/022.JPG"", ""pipe_fryum/Data/Images/Normal/276.JPG"", ""cashew/Data/Images/Anomaly/067.JPG"", ""cashew/Data/Images/Anomaly/080.JPG"", ""macaroni1/Data/Images/Anomaly/033.JPG""]",bb6bd9c30596210395ac098861759cd772ee6e30d6f6525b5d5ebf3310390e78,9b0855cd68e32a21cadfd54866241380cb5054e6682bc370907fef9dd9f98373,"[1, 1, 0, 1, 1, 1]"
129,2,129,"[""capsules/Data/Images/Anomaly/064.JPG"", ""candle/Data/Images/Normal/0811.JPG"", ""pipe_fryum/Data/Images/Anomaly/030.JPG"", ""pcb4/Data/Images/Anomaly/095.JPG"", ""macaroni2/Data/Images/Normal/0755.JPG"", ""pcb4/Data/Images/Normal/0483.JPG""]",4d0482edcc2b99eae44eb8c16a334d90884ed6f8956295329f5c38e5acd2064d,2965ea6c30cbd7e48ed6a84f2bc71b2a051daa5864dead6b0a63d67cc62fb678,"[1, 0, 1, 1, 0, 0]"
130,2,130,"[""pcb2/Data/Images/Anomaly/080.JPG"", ""cashew/Data/Images/Anomaly/075.JPG"", ""pipe_fryum/Data/Images/Anomaly/032.JPG"", ""macaroni1/Data/Images/Normal/0208.JPG"", ""fryum/Data/Images/Normal/228.JPG"", ""candle/Data/Images/Anomaly/021.JPG""]",d67a6f46826f969e491fde85990ce450be62f75bb97055e9ab640de3149b435a,189d5c94c12f702e555e10959b4270026a8fc3c056e3bf575aefe4faaf27c35a,"[1, 1, 1, 0, 0, 1]"
131,2,131,"[""chewinggum/Data/Images/Anomaly/022.JPG"", ""candle/Data/Images/Normal/0046.JPG"", ""pipe_fryum/Data/Images/Normal/093.JPG"", ""candle/Data/Images/Normal/0779.JPG"", ""candle/Data/Images/Anomaly/044.JPG"", ""candle/Data/Images/Normal/0994.JPG""]",dfa1bd6f7ee9e3400fd67e0a1199b29fd6eccacbbb8e203b4d4939a257e18add,a9dd5ffe50651749ecf66b1c2fefd505dd33953ea7991ca2a217fb47c67abc53,"[1, 0, 0, 0, 1, 0]"
132,2,132,"[""pipe_fryum/Data/Images/Anomaly/091.JPG"", ""macaroni1/Data/Images/Normal/0320.JPG"", ""chewinggum/Data/Images/Anomaly/012.JPG"", ""pcb2/Data/Images/Anomaly/077.JPG"", ""candle/Data/Images/Normal/0685.JPG"", ""macaroni2/Data/Images/Normal/0552.JPG""]",3cf52d308530c61f1ee94ee62611e35901853acdd9bc1ebccb403d4b341afce7,a9c4d92990d3c1b304eaa08e0d4706354a9cd0e3ffc7fa4b223d5ca7061e80e2,"[1, 0, 1, 1, 0, 0]"
133,2,133,"[""pcb1/Data/Images/Normal/0768.JPG"", ""macaroni2/Data/Images/Normal/0377.JPG"", ""cashew/Data/Images/Anomaly/026.JPG"", ""macaroni2/Data/Images/Normal/0520.JPG"", ""pcb3/Data/Images/Anomaly/024.JPG"", ""pcb4/Data/Images/Anomaly/097.JPG""]",827e26230df014f8d89b9b93d874af3d399b1c21d7238522cf5714c058109a30,68ee7659b5d9bb9a7c982ada81f562582dcbb96f019b898d5bfdfee8876e162b,"[0, 0, 1, 0, 1, 1]"
134,2,134,"[""chewinggum/Data/Images/Anomaly/095.JPG"", ""cashew/Data/Images/Anomaly/021.JPG"", ""macaroni1/Data/Images/Anomaly/043.JPG"", ""pcb4/Data/Images/Normal/0320.JPG"", ""macaroni1/Data/Images/Normal/0790.JPG"", ""chewinggum/Data/Images/Anomaly/009.JPG""]",a0ac183740692c6e7dae57489b81bd28acec9dd54dc81d43e15ffb0216702643,b5f8eff0af1693f7f5213026f3e983cf11666a6a797592d9604dba9b6755eed5,"[1, 1, 1, 0, 0, 1]"
135,2,135,"[""macaroni1/Data/Images/Anomaly/035.JPG"", ""macaroni2/Data/Images/Anomaly/099.JPG"", ""pcb4/Data/Images/Normal/0514.JPG"", ""pcb3/Data/Images/Normal/0294.JPG"", ""pcb1/Data/Images/Anomaly/061.JPG"", ""macaroni2/Data/Images/Normal/0674.JPG""]",d26e28790d2dd4d36761b58bec6c43b2fac84b1e8c89d2ee41e3d77edbeb99c1,98dafcdbb01a01d6f5698e7c61a484c2b176b5b82b46ab8448c99cc59d226289,"[1, 1, 0, 0, 1, 0]"
136,2,136,"[""chewinggum/Data/Images/Anomaly/050.JPG"", ""pcb3/Data/Images/Normal/0730.JPG"", ""pcb4/Data/Images/Anomaly/048.JPG"", ""chewinggum/Data/Images/Normal/400.JPG"", ""pcb4/Data/Images/Anomaly/006.JPG"", ""capsules/Data/Images/Normal/237.JPG""]",b751926816d990610ad1a2782141d9b7abcd810a80a8171bd5287da157cc0a9a,8be96e7d776190b96bfd1c4bd7d1d83d007bab588a3c1156844581ccb0ca980e,"[1, 0, 1, 0, 1, 0]"
137,2,137,"[""pipe_fryum/Data/Images/Anomaly/036.JPG"", ""pipe_fryum/Data/Images/Anomaly/058.JPG"", ""capsules/Data/Images/Anomaly/074.JPG"", ""pcb2/Data/Images/Anomaly/003.JPG"", ""candle/Data/Images/Anomaly/075.JPG"", ""pipe_fryum/Data/Images/Anomaly/065.JPG""]",0cb8b41bfc90becfced365b3c08d53e2f8de09faf31ff8c44762225183cccde4,2d05018eae5d71aed0df41e0f94e3691b3b2b7a27e7d9a203d2809e6d0a0c1e4,"[1, 1, 1, 1, 1, 1]"
138,2,138,"[""pcb4/Data/Images/Anomaly/064.JPG"", ""pcb4/Data/Images/Anomaly/093.JPG"", ""pcb1/Data/Images/Normal/0730.JPG"", ""pcb4/Data/Images/Normal/0214.JPG"", ""pcb4/Data/Images/Normal/0026.JPG"", ""fryum/Data/Images/Anomaly/012.JPG""]",898c288a829ac6d73db9219efef212c28b246e6b273e58326e9f3070afc1e739,60e2f4292148b0005c000944696ed2a7d45dfa7cb5112e4dec599ec3bdb29631,"[1, 1, 0, 0, 0, 1]"
139,2,139,"[""pcb1/Data/Images/Normal/0619.JPG"", ""pcb4/Data/Images/Normal/0619.JPG"", ""pcb4/Data/Images/Normal/0013.JPG"", ""pcb4/Data/Images/Anomaly/002.JPG"", ""capsules/Data/Images/Anomaly/095.JPG"", ""pcb1/Data/Images/Anomaly/050.JPG""]",cd02814cedaaa39037a2e772bb61e10c3c46d6241d1b56496b52462926b5f51e,ba5e951b8d12c9388fd107b8be2ccafa305e9c6b77e0f8e3b20ba0ac2a0de2a8,"[0, 0, 0, 1, 1, 1]"
140,2,140,"[""pcb3/Data/Images/Anomaly/018.JPG"", ""macaroni2/Data/Images/Normal/0688.JPG"", ""macaroni1/Data/Images/Anomaly/016.JPG"", ""pcb3/Data/Images/Normal/0168.JPG"", ""candle/Data/Images/Anomaly/039.JPG"", ""cashew/Data/Images/Normal/284.JPG""]",0a7097a0ec3c521f8abfbc165b5257d7024850b3f2c15530bb64bc70b7b2d912,e0e6976f4d0d3918cb7a5cac528d85c1c91a99d317c8850d4c84b0084f96e7c2,"[1, 0, 1, 0, 1, 0]"
141,2,141,"[""fryum/Data/Images/Anomaly/057.JPG"", ""pipe_fryum/Data/Images/Normal/367.JPG"", ""cashew/Data/Images/Normal/245.JPG"", ""cashew/Data/Images/Anomaly/053.JPG"", ""capsules/Data/Images/Anomaly/034.JPG"", ""candle/Data/Images/Anomaly/027.JPG""]",0c80e89aa9bef5fcdd8338aedb0d48545fce873ecb15ab07c64a01de923b8eea,8050ce98782b412c7bb04c263b4db40e7d1a9d40ea9821914a1a1973689ef5fe,"[1, 0, 0, 1, 1, 1]"
142,2,142,"[""pipe_fryum/Data/Images/Normal/400.JPG"", ""pcb2/Data/Images/Anomaly/013.JPG"", ""candle/Data/Images/Anomaly/079.JPG"", ""pipe_fryum/Data/Images/Anomaly/076.JPG"", ""pcb2/Data/Images/Normal/0046.JPG"", ""candle/Data/Images/Anomaly/032.JPG""]",d088cfbb4321011d430d170976b0fd8c6f56aca9c2c204a95c5fb66109275494,40a1606e988b2b0c83cbe08d186c743bb1d8a6764371adce19ec37df5cbd473d,"[0, 1, 1, 1, 0, 1]"
143,2,143,"[""pcb2/Data/Images/Anomaly/021.JPG"", ""candle/Data/Images/Anomaly/096.JPG"", ""macaroni1/Data/Images/Anomaly/071.JPG"", ""macaroni2/Data/Images/Anomaly/088.JPG"", ""macaroni2/Data/Images/Normal/0013.JPG"", ""pcb3/Data/Images/Anomaly/079.JPG""]",caabbdb11cb45405fce77caa11ed2997569c3ce55bc724c6ffc13573484c4b90,e16e991fadb53493b517886d894ae9ba5f8983b534cd348faa199e57cc5a3059,"[1, 1, 1, 1, 0, 1]"
144,2,144,"[""capsules/Data/Images/Anomaly/078.JPG"", ""macaroni1/Data/Images/Anomaly/024.JPG"", ""pipe_fryum/Data/Images/Anomaly/099.JPG"", ""cashew/Data/Images/Anomaly/039.JPG"", ""macaroni2/Data/Images/Anomaly/045.JPG"", ""pipe_fryum/Data/Images/Anomaly/035.JPG""]",ee9983d08737685b799d85442d6b968f5957251d4e3f041eb5ffe63c9780b530,c80b999d7028d841e017b291bb137305ca0b4ea3fb2175bedaf371128c7bc9c0,"[1, 1, 1, 1, 1, 1]"
145,2,145,"[""candle/Data/Images/Anomaly/066.JPG"", ""pipe_fryum/Data/Images/Normal/482.JPG"", ""capsules/Data/Images/Anomaly/005.JPG"", ""macaroni1/Data/Images/Normal/0615.JPG"", ""pcb2/Data/Images/Normal/0469.JPG"", ""pcb3/Data/Images/Normal/0629.JPG""]",8e9490276aadf511bed3108c46a91ca0e98a774b8b0a1084d7b6905822f3611a,959df53d7061ad82e967072e6f9d09da44a310f7692919a37b156ac3b6ef5b52,"[1, 0, 1, 0, 0, 0]"
146,2,146,"[""cashew/Data/Images/Anomaly/068.JPG"", ""pcb2/Data/Images/Anomaly/081.JPG"", ""chewinggum/Data/Images/Anomaly/041.JPG"", ""fryum/Data/Images/Anomaly/021.JPG"", ""pcb3/Data/Images/Normal/0619.JPG"", ""pcb1/Data/Images/Anomaly/057.JPG""]",e6cc4b8c75fdd47875c36972aa5fab3bdd1dbd4ffdb341c1c35a505fdaf0905e,998b5c01748de02359ac9da0757dade20e82da6e9f7db1b19e1a8a4cd6b990d2,"[1, 1, 1, 1, 0, 1]"
147,2,147,"[""macaroni1/Data/Images/Anomaly/074.JPG"", ""fryum/Data/Images/Normal/446.JPG"", ""chewinggum/Data/Images/Normal/104.JPG"", ""chewinggum/Data/Images/Normal/309.JPG"", ""pcb3/Data/Images/Anomaly/082.JPG"", ""capsules/Data/Images/Anomaly/006.JPG""]",1a31cfd8e75c7642a8272e9ce845628f9eab0b54ddb464ba14132d23e85dc6ed,cd011e44e26ab1c9397ce8c9fd6bc7f681ec5139338d9294138e27c51c4a385a,"[1, 0, 0, 0, 1, 1]"
148,2,148,"[""pcb2/Data/Images/Anomaly/042.JPG"", ""candle/Data/Images/Normal/0871.JPG"", ""chewinggum/Data/Images/Anomaly/075.JPG"", ""pipe_fryum/Data/Images/Anomaly/078.JPG"", ""pcb3/Data/Images/Normal/0518.JPG"", ""macaroni1/Data/Images/Anomaly/095.JPG""]",a559038b60ced7a6ed895723f7adf6d4c9fc6daa394ab6c46f44daa9d5d4ede8,1e7c27b6a3402991961c7b6d390fe0a4cb9ca007c1e1d07e1656b7463e9ff2b7,"[1, 0, 1, 1, 0, 1]"
149,2,149,"[""capsules/Data/Images/Anomaly/057.JPG"", ""chewinggum/Data/Images/Normal/460.JPG"", ""pcb3/Data/Images/Anomaly/021.JPG"", ""pcb3/Data/Images/Anomaly/089.JPG"", ""macaroni1/Data/Images/Anomaly/099.JPG"", ""candle/Data/Images/Normal/0024.JPG""]",6a0237e710aadd93bc40c70c98c38c7a1770a25d97a3d79dc5f6f16cc1979fd9,f8cbb98638b69569e48e383014a97e2d7a8fe50a16466710a269419fddc22159,"[1, 0, 1, 1, 1, 0]"
150,2,150,"[""cashew/Data/Images/Anomaly/034.JPG"", ""candle/Data/Images/Anomaly/046.JPG"", ""pcb4/Data/Images/Normal/0187.JPG"", ""capsules/Data/Images/Anomaly/059.JPG"", ""candle/Data/Images/Normal/0684.JPG"", ""macaroni2/Data/Images/Normal/0619.JPG""]",dad810127bf832bcc37fb5d1b7167a10c9592e49db4fa2f8e7361d9c79fb2e29,8cab546978e81e9677aaa9ab68e5e7f36fe26c6abf3c87b3599bfe87cb8c835c,"[1, 1, 0, 1, 0, 0]"
151,2,151,"[""capsules/Data/Images/Normal/174.JPG"", ""cashew/Data/Images/Normal/384.JPG"", ""pcb1/Data/Images/Anomaly/034.JPG"", ""pcb3/Data/Images/Normal/0688.JPG"", ""candle/Data/Images/Anomaly/084.JPG"", ""chewinggum/Data/Images/Normal/337.JPG""]",3329fac7824ac49765b0a120fc628c76c7e5e4b1012aeed267334aaed6399337,d36070a132e31c40eefccaa56b9652b99cf8f7486200ce3af0ea4ca173d55cc9,"[0, 0, 1, 0, 1, 0]"
152,2,152,"[""pcb2/Data/Images/Normal/0525.JPG"", ""macaroni2/Data/Images/Normal/0294.JPG"", ""pcb4/Data/Images/Anomaly/039.JPG"", ""pcb2/Data/Images/Normal/0196.JPG"", ""pcb4/Data/Images/Normal/0694.JPG"", ""candle/Data/Images/Anomaly/001.JPG""]",3dd23f54dbcd9e97c998eefb5bc944c128d4a37fb32107c0c452d958aba95664,f03022c1f1509f3ef18bc324aa230c66b0cf013c76a8e0521cee03ec7da87023,"[0, 0, 1, 0, 0, 1]"
153,2,153,"[""macaroni1/Data/Images/Normal/0545.JPG"", ""pcb1/Data/Images/Normal/0617.JPG"", ""fryum/Data/Images/Anomaly/085.JPG"", ""macaroni2/Data/Images/Normal/0320.JPG"", ""fryum/Data/Images/Normal/344.JPG"", ""pcb1/Data/Images/Normal/0363.JPG""]",c31c9e73b16cd68bd07556a1d3529cf84e8552fe2a810fd5d5eb63daa610c4d6,bff60fee1093a450ecfff09f85e62586cd525b78586074af8ba834dece0d3866,"[0, 0, 1, 0, 0, 0]"
154,2,154,"[""chewinggum/Data/Images/Normal/013.JPG"", ""capsules/Data/Images/Normal/062.JPG"", ""pcb4/Data/Images/Anomaly/027.JPG"", ""pipe_fryum/Data/Images/Normal/446.JPG"", ""cashew/Data/Images/Anomaly/005.JPG"", ""cashew/Data/Images/Normal/487.JPG""]",8a8635fb9174dc74ef8bb037a269adb5738fb9519b531b2fd36eb0f535b3d3d1,77a059a2413a952943303525ae30901cba645eb85c254fb67a1f41caceb5c454,"[0, 0, 1, 0, 1, 0]"
155,2,155,"[""candle/Data/Images/Anomaly/055.JPG"", ""capsules/Data/Images/Normal/427.JPG"", ""chewinggum/Data/Images/Anomaly/027.JPG"", ""pcb2/Data/Images/Anomaly/056.JPG"", ""candle/Data/Images/Anomaly/017.JPG"", ""candle/Data/Images/Anomaly/023.JPG""]",c24f4ac11fed67a4c16115b12c7bc02b99ced6b320d3b95e22e8261b8946a6e3,b34cd9b66b05e95f290c934154caffd58622080bbed9cba5eb730106cff3e8cb,"[1, 0, 1, 1, 1, 1]"
156,2,156,"[""cashew/Data/Images/Normal/012.JPG"", ""pcb2/Data/Images/Normal/0016.JPG"", ""fryum/Data/Images/Anomaly/071.JPG"", ""pcb4/Data/Images/Normal/0892.JPG"", ""pipe_fryum/Data/Images/Normal/143.JPG"", ""macaroni1/Data/Images/Normal/0617.JPG""]",885f1dc3c0e0f68fcd43cb4bf040e0899f23f8a66e45b591c59ff6aefa2a1582,1a5932478d96b984abbf855060e3be3eaaf4069123660967e7d306c2716432f2,"[0, 0, 1, 0, 0, 0]"
157,2,157,"[""pcb2/Data/Images/Anomaly/029.JPG"", ""chewinggum/Data/Images/Normal/284.JPG"", ""pipe_fryum/Data/Images/Anomaly/011.JPG"", ""capsules/Data/Images/Anomaly/089.JPG"", ""pcb1/Data/Images/Anomaly/076.JPG"", ""pcb3/Data/Images/Anomaly/025.JPG""]",060630d97f74e9865c54d8904e2825b53f38634188f4694a1a8d4d6fbecf98e5,9180fc2fc6c42a2aa0b99e627b00875b0541bcc2c91a7662a597f26ad7ea94f8,"[1, 0, 1, 1, 1, 1]"
158,2,158,"[""cashew/Data/Images/Normal/089.JPG"", ""pcb1/Data/Images/Normal/0784.JPG"", ""macaroni2/Data/Images/Normal/0935.JPG"", ""pcb4/Data/Images/Anomaly/066.JPG"", ""pcb4/Data/Images/Anomaly/080.JPG"", ""chewinggum/Data/Images/Normal/260.JPG""]",cbc65d5c84686f3ddf2e4cf1b8fecfd5a84302c123c94abbdc76a6174413a572,9366664905e024b027dfa028f662767c3e4328c0dae08ba39c7a652a7093fe5b,"[0, 0, 0, 1, 1, 0]"
159,2,159,"[""macaroni1/Data/Images/Normal/0490.JPG"", ""chewinggum/Data/Images/Anomaly/069.JPG"", ""candle/Data/Images/Anomaly/092.JPG"", ""chewinggum/Data/Images/Normal/012.JPG"", ""pcb2/Data/Images/Normal/0800.JPG"", ""fryum/Data/Images/Anomaly/023.JPG""]",f73981c923a1d5e5ffa68f565723f3e546eafb49207bca851ff5a8387337909c,47f20987340b4ebae9117acb274aeaf3c0980df45ba6836fd0247df2c6297d1f,"[0, 1, 1, 0, 0, 1]"
160,2,160,"[""candle/Data/Images/Normal/0764.JPG"", ""pcb3/Data/Images/Anomaly/055.JPG"", ""cashew/Data/Images/Normal/367.JPG"", ""macaroni1/Data/Images/Anomaly/002.JPG"", ""candle/Data/Images/Anomaly/007.JPG"", ""macaroni2/Data/Images/Anomaly/060.JPG""]",9b491acff19b89106925906dddff27369bfebfbbfaea78b6b56db5b857cc5a20,51324a2a064b98edaa3363cf38bfc43a5a57ade5a51ddb1e57bd59a5fa0c6c3f,"[0, 1, 0, 1, 1, 1]"
161,2,161,"[""pcb3/Data/Images/Anomaly/093.JPG"", ""pcb3/Data/Images/Anomaly/056.JPG"", ""pcb3/Data/Images/Normal/0457.JPG"", ""candle/Data/Images/Anomaly/012.JPG"", ""pcb4/Data/Images/Anomaly/044.JPG"", ""cashew/Data/Images/Anomaly/090.JPG""]",3d8df8b395ebffab6a5b6149b0107a272eca539202732d0b78cbfcbecd37fd40,f96c4556150f2045feb47eeed373f1bca533bdd01d138f044d0a30a468434303,"[1, 1, 0, 1, 1, 1]"
162,2,162,"[""macaroni1/Data/Images/Anomaly/034.JPG"", ""pcb2/Data/Images/Normal/0869.JPG"", ""fryum/Data/Images/Anomaly/010.JPG"", ""candle/Data/Images/Normal/0402.JPG"", ""pcb4/Data/Images/Anomaly/026.JPG"", ""fryum/Data/Images/Anomaly/093.JPG""]",3619c68b5655f8e82a3a4ecbaffeff975358f6fc6a3db454876e73d02a6eda4c,cdc33571a9d453eec72d95c60abfaf50f9c982e80c66f489d471b36b91a98f09,"[1, 0, 1, 0, 1, 1]"
163,2,163,"[""pcb1/Data/Images/Normal/0923.JPG"", ""capsules/Data/Images/Anomaly/020.JPG"", ""pcb2/Data/Images/Anomaly/031.JPG"", ""candle/Data/Images/Normal/0400.JPG"", ""pcb2/Data/Images/Anomaly/090.JPG"", ""capsules/Data/Images/Normal/488.JPG""]",010d7b2c06c6aa29648c9077e3aa8f1445e758fefa61c1558bc77733c7251e73,60aa6911f4a4480c1730529c693a7c335424ed05455a44c8377a355dcd78a391,"[0, 1, 1, 0, 1, 0]"
164,2,164,"[""candle/Data/Images/Normal/0261.JPG"", ""capsules/Data/Images/Normal/107.JPG"", ""candle/Data/Images/Anomaly/014.JPG"", ""macaroni1/Data/Images/Anomaly/006.JPG"", ""capsules/Data/Images/Anomaly/050.JPG"", ""pcb4/Data/Images/Anomaly/007.JPG""]",a88e3c28e701bd60c4242fddd647ef761c72a19403107f6f6f63b04d4e936892,40804bf0db1a6770d5f319d36885bb89f2eef17bad00af8441e86cb447946e46,"[0, 0, 1, 1, 1, 1]"
165,2,165,"[""macaroni1/Data/Images/Normal/0739.JPG"", ""capsules/Data/Images/Anomaly/096.JPG"", ""pcb3/Data/Images/Normal/0545.JPG"", ""chewinggum/Data/Images/Anomaly/079.JPG"", ""macaroni1/Data/Images/Normal/0657.JPG"", ""pcb3/Data/Images/Normal/0654.JPG""]",b47042a9e80413027c0ea58060eb923a906acd69590e14d7b5501f5d7567660c,76c6bdaa37dd9f0543a2ec3fe068709f958655b9254066102a04e85c7b8904f0,"[0, 1, 0, 1, 0, 0]"
166,2,166,"[""capsules/Data/Images/Normal/286.JPG"", ""fryum/Data/Images/Normal/487.JPG"", ""candle/Data/Images/Anomaly/025.JPG"", ""candle/Data/Images/Normal/0755.JPG"", ""cashew/Data/Images/Anomaly/082.JPG"", ""pipe_fryum/Data/Images/Anomaly/077.JPG""]",e75f46f10a27ca840088588899822d0dd5e3c58b468d3dd5c081c9d64e05de5a,b45fcae1420bda5c8c076773fec58ec3e0c62968c6ca92e834f8f39cf63ef54c,"[0, 0, 1, 0, 1, 1]"
167,2,167,"[""pcb4/Data/Images/Anomaly/019.JPG"", ""macaroni1/Data/Images/Anomaly/059.JPG"", ""cashew/Data/Images/Anomaly/019.JPG"", ""pcb3/Data/Images/Anomaly/005.JPG"", ""pcb3/Data/Images/Normal/1002.JPG"", ""capsules/Data/Images/Anomaly/043.JPG""]",d7e6df9f87ab51b224face0a44bffa2f306a31a4808949cf80e05ee34d1f3ff4,f3e5058ffccbed283922ec587e1ad83295b17dfdae2a011d2902dad007ffc66f,"[1, 1, 1, 1, 0, 1]"
168,2,168,"[""pcb4/Data/Images/Normal/0024.JPG"", ""pcb1/Data/Images/Anomaly/022.JPG"", ""pipe_fryum/Data/Images/Normal/377.JPG"", ""macaroni1/Data/Images/Normal/0800.JPG"", ""macaroni2/Data/Images/Anomaly/067.JPG"", ""pcb2/Data/Images/Anomaly/045.JPG""]",4dfd2fad4d545ead10e1631670b12d2b0a0a8f7eca151a99d6ae60150dfe382f,4b85567c5d360b6cc2927c5095d5f9ae4aa60906d67f659d8526c632048b42a7,"[0, 1, 0, 0, 1, 1]"
169,2,169,"[""pcb2/Data/Images/Anomaly/055.JPG"", ""pcb4/Data/Images/Anomaly/087.JPG"", ""macaroni1/Data/Images/Anomaly/050.JPG"", ""pcb4/Data/Images/Normal/0518.JPG"", ""candle/Data/Images/Anomaly/050.JPG"", ""fryum/Data/Images/Anomaly/000.JPG""]",de10c9d27e8218985686fbd67798c93b0b4c8f50f78b3c6e4ad3396209db7f4c,b8e061c0fb7e7ca9e5e5339b280abe244008a013899f8987c2f39c56adbf852c,"[1, 1, 1, 0, 1, 1]"
170,2,170,"[""macaroni1/Data/Images/Anomaly/089.JPG"", ""fryum/Data/Images/Normal/369.JPG"", ""capsules/Data/Images/Normal/046.JPG"", ""pipe_fryum/Data/Images/Anomaly/000.JPG"", ""pcb1/Data/Images/Anomaly/046.JPG"", ""macaroni1/Data/Images/Normal/0363.JPG""]",4505c1db62ddac47a8a744b10625287dd2237c81db38cef34f7959b721a6dcac,dce4ed9979d3cb8bb424e358e195a8bf58709326f5c28ce63c0f3182a0bcb530,"[1, 0, 0, 1, 1, 0]"
171,2,171,"[""fryum/Data/Images/Normal/104.JPG"", ""pcb4/Data/Images/Normal/0952.JPG"", ""pcb2/Data/Images/Anomaly/086.JPG"", ""pcb4/Data/Images/Anomaly/089.JPG"", ""pipe_fryum/Data/Images/Normal/084.JPG"", ""macaroni2/Data/Images/Anomaly/057.JPG""]",c566551368c6cedcd029a25e6cdc15c77d2a5ba4ca903c61414c01eb4295add3,ed9aab8792cb1f584db6072568bd75b7282ac6195370fc898783cb094afc8f9d,"[0, 0, 1, 1, 0, 1]"
172,2,172,"[""macaroni1/Data/Images/Anomaly/011.JPG"", ""pcb4/Data/Images/Normal/0484.JPG"", ""cashew/Data/Images/Anomaly/085.JPG"", ""capsules/Data/Images/Normal/569.JPG"", ""pcb2/Data/Images/Normal/0026.JPG"", ""chewinggum/Data/Images/Normal/166.JPG""]",5dfb99b73019557ef242b29747081ed6f29c6f004ffbaccf8a30b83d7530674b,7cde8f68677704560507b3420f4d5a92107815e6c07f78eb0f94cc34a3e36448,"[1, 0, 1, 0, 0, 0]"
173,2,173,"[""cashew/Data/Images/Anomaly/028.JPG"", ""pcb3/Data/Images/Anomaly/044.JPG"", ""pcb2/Data/Images/Normal/0214.JPG"", ""pcb2/Data/Images/Anomaly/099.JPG"", ""pcb3/Data/Images/Normal/0469.JPG"", ""chewinggum/Data/Images/Normal/398.JPG""]",0b31df0872780e0d8e609a967bc9de6d074e6993a148af45a73c3e2188fcc310,688c76b30a5a180ee4994ddd959cf53402fd897963971e7ca15d07881019c90c,"[1, 1, 0, 1, 0, 0]"
174,2,174,"[""cashew/Data/Images/Normal/342.JPG"", ""pcb1/Data/Images/Anomaly/006.JPG"", ""pcb1/Data/Images/Anomaly/043.JPG"", ""candle/Data/Images/Normal/0297.JPG"", ""macaroni1/Data/Images/Anomaly/046.JPG"", ""pcb3/Data/Images/Normal/0871.JPG""]",637f3c6822b4a31048973bb19f175c6d88aea1811fd8c32ea5884448e54f6556,d4b85e33caa1559d627852f7a9ba42301dacd9cc0247b8aa41fb9a95329a9d97,"[0, 1, 1, 0, 1, 0]"
175,2,175,"[""macaroni1/Data/Images/Anomaly/036.JPG"", ""macaroni2/Data/Images/Anomaly/025.JPG"", ""pcb3/Data/Images/Anomaly/016.JPG"", ""pcb1/Data/Images/Normal/0286.JPG"", ""pcb4/Data/Images/Normal/0964.JPG"", ""capsules/Data/Images/Normal/518.JPG""]",9d6d7843f65f8104177f20020ebdce851672df15d0a9846ca66e92507d0682ae,812383b0a78e179a5d72b1a8247746fd99e25e00df1f0365cd870fda0c86cefe,"[1, 1, 1, 0, 0, 0]"
176,2,176,"[""candle/Data/Images/Normal/0964.JPG"", ""pcb2/Data/Images/Normal/0954.JPG"", ""macaroni2/Data/Images/Normal/0569.JPG"", ""chewinggum/Data/Images/Anomaly/067.JPG"", ""macaroni1/Data/Images/Anomaly/098.JPG"", ""capsules/Data/Images/Anomaly/086.JPG""]",7db3492fa1f2d3b4548bc23866c621b2fbb6fd08c3e980effe42aa9a6c8a0db2,64ee22fd7e7e3f32e25d619c7e674c4ba81f8352267e1d269495a55c22a62e01,"[0, 0, 0, 1, 1, 1]"
177,2,177,"[""capsules/Data/Images/Anomaly/003.JPG"", ""pcb2/Data/Images/Normal/0011.JPG"", ""chewinggum/Data/Images/Normal/482.JPG"", ""pcb3/Data/Images/Anomaly/003.JPG"", ""cashew/Data/Images/Anomaly/059.JPG"", ""pipe_fryum/Data/Images/Normal/148.JPG""]",1409805daa8719fce345906222d3dfa176143babf169ad4ce2338a96f39632a6,01325a972c0fa3c216f6c6ccfb5c50302e807e9abf5d6f86fa9c039e8a99b9e6,"[1, 0, 0, 1, 1, 0]"
178,2,178,"[""pcb1/Data/Images/Normal/0196.JPG"", ""macaroni2/Data/Images/Anomaly/012.JPG"", ""pcb3/Data/Images/Normal/0940.JPG"", ""capsules/Data/Images/Normal/483.JPG"", ""capsules/Data/Images/Normal/552.JPG"", ""pipe_fryum/Data/Images/Normal/467.JPG""]",d704226661097b541a0c91e7fb8e84cf3f203e0dfdb43ada4aec152a0f936612,b369fb15cb7abf33c3daaf7162749c1979c8a9f8bb19c624681d1c1d24d6ff8a,"[0, 1, 0, 0, 0, 0]"
179,2,179,"[""chewinggum/Data/Images/Normal/369.JPG"", ""fryum/Data/Images/Anomaly/056.JPG"", ""pipe_fryum/Data/Images/Anomaly/055.JPG"", ""macaroni1/Data/Images/Anomaly/084.JPG"", ""chewinggum/Data/Images/Anomaly/026.JPG"", ""cashew/Data/Images/Normal/228.JPG""]",defcfcdc75aa8ba2176853f5c15ff9cedc310952a9bbf86e00526834a3a637cc,80508faccbb7d6be42f09da1da7a246866ffbff78b894025a683e69c8a6a9434,"[0, 1, 1, 1, 1, 0]"
180,2,180,"[""pcb1/Data/Images/Normal/0469.JPG"", ""candle/Data/Images/Anomaly/099.JPG"", ""pcb1/Data/Images/Normal/0490.JPG"", ""macaroni1/Data/Images/Anomaly/037.JPG"", ""macaroni2/Data/Images/Normal/0159.JPG"", ""capsules/Data/Images/Anomaly/016.JPG""]",4c457908fb527b6ba1132188ea1b15f100ea1b5cfbff954c5a17f03ff7832522,13e0866240da6932407082007ad31b8e42bbb6a32d553ee0993d58d99b3f7909,"[0, 1, 0, 1, 0, 1]"
181,2,181,"[""macaroni1/Data/Images/Normal/0779.JPG"", ""pcb1/Data/Images/Anomaly/027.JPG"", ""cashew/Data/Images/Anomaly/012.JPG"", ""fryum/Data/Images/Normal/484.JPG"", ""pcb1/Data/Images/Normal/0900.JPG"", ""candle/Data/Images/Normal/0016.JPG""]",58aa3cd5834201cb322e742d264c8e2a82a410eece50f7dd840b597b72d5452f,424445130c362688dee4e805685f6e7bce84a24a102049891df6b44ebcccef3c,"[0, 1, 1, 0, 0, 0]"
182,2,182,"[""pcb4/Data/Images/Normal/0923.JPG"", ""macaroni2/Data/Images/Normal/0657.JPG"", ""chewinggum/Data/Images/Anomaly/032.JPG"", ""pcb1/Data/Images/Normal/0215.JPG"", ""capsules/Data/Images/Anomaly/075.JPG"", ""macaroni1/Data/Images/Normal/0107.JPG""]",5ffa87a9202540d39e7e32bcdf757c27eeac378c0d611a87a62750a272a08789,e84f8a8319d4af1856994ad75a60228a988f414cf39cf7e55ea474630e6e5472,"[0, 0, 1, 0, 1, 0]"
183,2,183,"[""macaroni1/Data/Images/Normal/0871.JPG"", ""pcb1/Data/Images/Anomaly/058.JPG"", ""candle/Data/Images/Anomaly/008.JPG"", ""macaroni1/Data/Images/Anomaly/097.JPG"", ""pcb3/Data/Images/Anomaly/067.JPG"", ""pcb4/Data/Images/Anomaly/071.JPG""]",2b6a89bfec9fa1e97df74b3772df5762fa276d8f9fcfe66a3397f9f5faca27c9,cea8a0dbeeae50ecf90fffb214c8b11a0bbbe76dcaf76ad4999e297356fa2f62,"[0, 1, 1, 1, 1, 1]"
184,2,184,"[""macaroni1/Data/Images/Normal/0457.JPG"", ""macaroni2/Data/Images/Anomaly/039.JPG"", ""pcb1/Data/Images/Anomaly/015.JPG"", ""macaroni1/Data/Images/Normal/0935.JPG"", ""pcb2/Data/Images/Normal/0520.JPG"", ""pcb4/Data/Images/Anomaly/020.JPG""]",7294efe65608961704b2820c7265ed35870f356a3fa9e1cc6d80b0fc66ce8cda,695c195959f0a62586a0f2b4030b7e868e2c06c58bca9759ee7267b77ae57d0f,"[0, 1, 1, 0, 0, 1]"
185,2,185,"[""candle/Data/Images/Anomaly/098.JPG"", ""pcb3/Data/Images/Normal/0490.JPG"", ""pcb3/Data/Images/Normal/0363.JPG"", ""chewinggum/Data/Images/Anomaly/065.JPG"", ""pcb3/Data/Images/Normal/0972.JPG"", ""fryum/Data/Images/Anomaly/004.JPG""]",277165792de30bfcc0b22df2d7171ce5742f2d38686aa15b66d6da6453dfa906,e6816dc1f63fbd18cfdc3026394c863379f574072d012b25f5666553ec608431,"[1, 0, 0, 1, 0, 1]"
186,2,186,"[""pcb4/Data/Images/Normal/0869.JPG"", ""candle/Data/Images/Normal/0739.JPG"", ""macaroni2/Data/Images/Normal/0261.JPG"", ""fryum/Data/Images/Anomaly/009.JPG"", ""macaroni1/Data/Images/Normal/0900.JPG"", ""cashew/Data/Images/Anomaly/033.JPG""]",eb276ab61f1703429b3023666eedc488c63c8446985eea62376beb18ee4d35b2,293dde8cc36ebd21ad3e0b712f590757911943fef95e21129219442ae4dd3129,"[0, 0, 0, 1, 0, 1]"
187,2,187,"[""capsules/Data/Images/Normal/545.JPG"", ""pcb2/Data/Images/Anomaly/038.JPG"", ""capsules/Data/Images/Anomaly/094.JPG"", ""capsules/Data/Images/Normal/520.JPG"", ""macaroni2/Data/Images/Anomaly/002.JPG"", ""pipe_fryum/Data/Images/Normal/245.JPG""]",76cc6afd0ca5c5b4d47a683a150b13d160b8b66ddc9a85f0ac0fe18f4d73705d,2187d4724f75a93dd89d6f15939681ba5b1603cfe0914b96bd5e7256a578040c,"[0, 1, 1, 0, 1, 0]"
188,2,188,"[""pcb1/Data/Images/Anomaly/089.JPG"", ""pcb4/Data/Images/Anomaly/090.JPG"", ""cashew/Data/Images/Normal/093.JPG"", ""chewinggum/Data/Images/Anomaly/055.JPG"", ""capsules/Data/Images/Anomaly/082.JPG"", ""pcb3/Data/Images/Normal/0844.JPG""]",d8d13eb06e1d48a7cf00dd58b3120f99bfd5dc16e31c2ec28df8c045a164bb47,f7e36684de8a5f8dcd499a6864db65c24826ae57f4e3546c4fadadc6034163b5,"[1, 1, 0, 1, 1, 0]"
189,2,189,"[""pipe_fryum/Data/Images/Anomaly/029.JPG"", ""capsules/Data/Images/Anomaly/009.JPG"", ""pipe_fryum/Data/Images/Anomaly/019.JPG"", ""pcb2/Data/Images/Anomaly/095.JPG"", ""candle/Data/Images/Anomaly/022.JPG"", ""pcb1/Data/Images/Anomaly/060.JPG""]",63e3628809caf9d1e32a2d8449e089661eaf01fb087096892b62c71f7e373a0b,932850aed9826eb92c69fcc5fc2f89a81a3453a34a840969f4ef85af63f93389,"[1, 1, 1, 1, 1, 1]"
190,2,190,"[""pipe_fryum/Data/Images/Anomaly/045.JPG"", ""macaroni2/Data/Images/Anomaly/095.JPG"", ""pcb3/Data/Images/Anomaly/096.JPG"", ""candle/Data/Images/Normal/0797.JPG"", ""pcb4/Data/Images/Anomaly/073.JPG"", ""pcb4/Data/Images/Anomaly/096.JPG""]",f9b830e14fceff155a77574a4756ae91086a8b12aa4afd9c4a5c280256cc425a,a6d2142fac692f0a0943d5547e60a13a11de2a0939832c81431e1b1eea44a820,"[1, 1, 1, 0, 1, 1]"
191,2,191,"[""capsules/Data/Images/Anomaly/073.JPG"", ""macaroni2/Data/Images/Anomaly/037.JPG"", ""candle/Data/Images/Normal/0011.JPG"", ""candle/Data/Images/Anomaly/043.JPG"", ""chewinggum/Data/Images/Normal/342.JPG"", ""pcb3/Data/Images/Anomaly/039.JPG""]",ddcc4cdd69cef202225ee4b73704bc58d040d5a36b4e1c2a2401f00a45ebdbe0,9d5b20dff35be0b9d2b39a61b18bc4b9a01897ec8c77c001bd263fafad2812a3,"[1, 1, 0, 1, 0, 1]"
192,2,192,"[""pcb3/Data/Images/Anomaly/068.JPG"", ""cashew/Data/Images/Normal/460.JPG"", ""pcb4/Data/Images/Anomaly/098.JPG"", ""macaroni2/Data/Images/Normal/0026.JPG"", ""fryum/Data/Images/Anomaly/035.JPG"", ""fryum/Data/Images/Anomaly/066.JPG""]",4b892c7358b27dd7e5f0e31b4658c7081a1db73b66a0fb3d35971459824e8bc4,57f17906501b82adb5cce6751b447f5cdba0159295bf93a294141c7692a47423,"[1, 0, 1, 0, 1, 1]"
193,2,193,"[""macaroni2/Data/Images/Anomaly/014.JPG"", ""pcb1/Data/Images/Anomaly/098.JPG"", ""pcb3/Data/Images/Normal/0685.JPG"", ""pcb3/Data/Images/Anomaly/081.JPG"", ""pcb2/Data/Images/Normal/0187.JPG"", ""macaroni1/Data/Images/Anomaly/042.JPG""]",a4fcee7077444fc729f2323a221cc14700a36b00d5794a84a0f859809f5cf7d1,4adf4746d267e353bbcad8725980a37c89fd78d57d1a16fb39a0d87ce1b7936c,"[1, 1, 0, 1, 0, 1]"
194,2,194,"[""pipe_fryum/Data/Images/Anomaly/034.JPG"", ""pcb1/Data/Images/Anomaly/021.JPG"", ""pcb1/Data/Images/Normal/0306.JPG"", ""pcb3/Data/Images/Anomaly/020.JPG"", ""pcb4/Data/Images/Normal/0971.JPG"", ""chewinggum/Data/Images/Anomaly/080.JPG""]",3a88b62207e17fec125b9d1830a93b83a4f4f33941016f30180b76633b69375d,e868ca24f200d00e0779259b2dc9020e57140a77cb341813b3a437193ec4e6c5,"[1, 1, 0, 1, 0, 1]"
195,2,195,"[""pcb4/Data/Images/Normal/0797.JPG"", ""pcb2/Data/Images/Anomaly/058.JPG"", ""pcb2/Data/Images/Normal/0804.JPG"", ""fryum/Data/Images/Normal/130.JPG"", ""pcb2/Data/Images/Anomaly/049.JPG"", ""pcb3/Data/Images/Normal/0869.JPG""]",dcb6c86f4a8a2e8bb57c7c3624e005b3d4d908b7e8561c5c1c7fa30f86fbffd1,ec3058e4e0a0089132c455a9f2bf482ebf25ed966eb4b9965daead50b7b5a982,"[0, 1, 0, 0, 1, 0]"
196,2,196,"[""chewinggum/Data/Images/Anomaly/092.JPG"", ""chewinggum/Data/Images/Anomaly/084.JPG"", ""capsules/Data/Images/Anomaly/070.JPG"", ""macaroni2/Data/Images/Anomaly/052.JPG"", ""chewinggum/Data/Images/Anomaly/074.JPG"", ""pcb4/Data/Images/Anomaly/069.JPG""]",5bea44464a77f3981cc78b47e3b0da853760dde4bb882eb4e26f8d87521cff5e,d0ee34d96b54706cca74c8a55d8eff8c62bd7ee531d17db8ad2dbc4e08b0d39d,"[1, 1, 1, 1, 1, 1]"
197,2,197,"[""pipe_fryum/Data/Images/Normal/239.JPG"", ""capsules/Data/Images/Normal/024.JPG"", ""cashew/Data/Images/Anomaly/071.JPG"", ""cashew/Data/Images/Normal/392.JPG"", ""pcb4/Data/Images/Normal/0237.JPG"", ""pcb3/Data/Images/Normal/0784.JPG""]",c564ebddd57df81ae64fabc188a730fa28cf01ecbb49fbe669cb09d3ff19de22,05ea4dc46b52b57a7d505d0469a3cf9d6f9a8e353afb89b23465856aca1319d9,"[0, 0, 1, 0, 0, 0]"
198,2,198,"[""pcb4/Data/Images/Normal/0402.JPG"", ""chewinggum/Data/Images/Normal/377.JPG"", ""chewinggum/Data/Images/Anomaly/077.JPG"", ""pcb3/Data/Images/Anomaly/049.JPG"", ""pcb4/Data/Images/Normal/0423.JPG"", ""macaroni2/Data/Images/Normal/0518.JPG""]",dc4531d20bee490b365759b1e5cab55dcab4bcc331a05478a01b747e809b18ef,c20dd9e926aa92c9aaa86dfe2ab0d605e76963e73f92c45876198d358b4ac55f,"[0, 0, 1, 1, 0, 0]"
199,2,199,"[""pipe_fryum/Data/Images/Normal/309.JPG"", ""capsules/Data/Images/Normal/423.JPG"", ""pcb2/Data/Images/Anomaly/017.JPG"", ""pcb2/Data/Images/Normal/0377.JPG"", ""pcb3/Data/Images/Normal/0525.JPG"", ""pipe_fryum/Data/Images/Anomaly/084.JPG""]",c7fb98ae7df4a340ca3f9c5ee9b1792eb587fd4919e024cd4c1f0e25a7042450,976b5152370c57deee6fc937f285a53650fbe03aa5295ca7d5f5fe49ec9c07d8,"[0, 0, 1, 0, 0, 1]"
200,2,200,"[""pcb3/Data/Images/Anomaly/059.JPG"", ""macaroni2/Data/Images/Anomaly/082.JPG"", ""pcb2/Data/Images/Anomaly/091.JPG"", ""pcb4/Data/Images/Anomaly/041.JPG"", ""candle/Data/Images/Anomaly/070.JPG"", ""pcb2/Data/Images/Normal/0844.JPG""]",964fd46ea0dcb6c98f2d9df45e5af1df2920d62396f060cdc00d216d525b68af,590214f5e4e028aa3888932e1e73aec95bd5cc32d774f131efaf63e833bca374,"[1, 1, 1, 1, 1, 0]"
201,2,201,"[""chewinggum/Data/Images/Normal/098.JPG"", ""capsules/Data/Images/Anomaly/063.JPG"", ""macaroni1/Data/Images/Normal/0953.JPG"", ""macaroni1/Data/Images/Normal/0784.JPG"", ""pipe_fryum/Data/Images/Normal/098.JPG"", ""capsules/Data/Images/Normal/187.JPG""]",c5a17adfe99c68eea4bd122471013202cb092a2ffbf998ff37de82fbfe935155,8b9155a8bd09cee7e0ad2f5f4ddafd7528a1bfeeb769e682710877b40efb5e7d,"[0, 1, 0, 0, 0, 0]"
202,2,202,"[""pcb3/Data/Images/Normal/0705.JPG"", ""cashew/Data/Images/Normal/244.JPG"", ""capsules/Data/Images/Normal/490.JPG"", ""candle/Data/Images/Anomaly/037.JPG"", ""candle/Data/Images/Normal/0488.JPG"", ""pcb1/Data/Images/Anomaly/059.JPG""]",4fb5786815275d4ee0eab096d25883f7becdaf44b1cfe791966e66bab2644b19,37520059ba3ab13ed2b709d814f338312f57fd1d34fbadac4a95d9be1cd43e19,"[0, 0, 0, 1, 0, 1]"
203,2,203,"[""candle/Data/Images/Anomaly/041.JPG"", ""cashew/Data/Images/Normal/143.JPG"", ""macaroni1/Data/Images/Normal/0400.JPG"", ""macaroni1/Data/Images/Normal/0214.JPG"", ""pcb1/Data/Images/Anomaly/023.JPG"", ""pcb3/Data/Images/Normal/0735.JPG""]",e18c075a029d2ca0ba7e82953cab174c62b79e70b67ce4f698dabff5bc89ac92,8075873e7b2b87fb1c1a101dc6af6baf9757ab06e471ccb9e32d5b79fd2e98ee,"[1, 0, 0, 0, 1, 0]"
204,2,204,"[""pcb2/Data/Images/Normal/0796.JPG"", ""macaroni1/Data/Images/Normal/0920.JPG"", ""capsules/Data/Images/Anomaly/042.JPG"", ""macaroni2/Data/Images/Normal/0170.JPG"", ""candle/Data/Images/Normal/0784.JPG"", ""chewinggum/Data/Images/Anomaly/057.JPG""]",5b9fce518c674ccb27c4cc8ab5a3fb40b72c1ea024d984a1a5c0ffd92b2bfd80,6adc04e054bd9824d56cfc3e872a6ef2c3ea18f64e4c3e22500f97a6e4fcecad,"[0, 0, 1, 0, 0, 1]"
205,2,205,"[""macaroni1/Data/Images/Normal/0985.JPG"", ""pcb3/Data/Images/Normal/0320.JPG"", ""pcb2/Data/Images/Anomaly/072.JPG"", ""fryum/Data/Images/Anomaly/027.JPG"", ""macaroni1/Data/Images/Anomaly/062.JPG"", ""fryum/Data/Images/Anomaly/079.JPG""]",82428dd00da3b8f052b1cb24bf955c6cf4c5b39bae639228bb6c49990fb40166,001820182260d9199c2be8c87f73930c2b291eee63f4d944d43f099fd06d7962,"[0, 0, 1, 1, 1, 1]"
206,2,206,"[""pcb2/Data/Images/Anomaly/096.JPG"", ""capsules/Data/Images/Normal/576.JPG"", ""macaroni2/Data/Images/Normal/0705.JPG"", ""candle/Data/Images/Normal/0920.JPG"", ""pcb2/Data/Images/Normal/0215.JPG"", ""macaroni1/Data/Images/Anomaly/070.JPG""]",4ab9ec404a90431371c114f63d7889aa5334606083c97ba9f3abaa7106ec1fcf,611aa52d02eccfd4a0a9783ac8206c1572d46038ed60f1cdeb6011d3ba2d5d79,"[1, 0, 0, 0, 0, 1]"
207,2,207,"[""cashew/Data/Images/Anomaly/036.JPG"", ""macaroni2/Data/Images/Normal/0768.JPG"", ""pcb3/Data/Images/Normal/0170.JPG"", ""cashew/Data/Images/Anomaly/097.JPG"", ""pcb1/Data/Images/Normal/0569.JPG"", ""pipe_fryum/Data/Images/Anomaly/010.JPG""]",1c6a1bc2f1231b0ea6d17f90a98d37a16491e978eab2445ef120c8257c8d9f0b,59efae0a8a267fc5c2e747b05d10f19a5659320584e8f7d9502ca913887d21a7,"[1, 0, 0, 1, 0, 1]"
208,2,208,"[""macaroni1/Data/Images/Anomaly/031.JPG"", ""chewinggum/Data/Images/Anomaly/048.JPG"", ""cashew/Data/Images/Anomaly/083.JPG"", ""pcb3/Data/Images/Normal/0303.JPG"", ""pcb1/Data/Images/Normal/0159.JPG"", ""fryum/Data/Images/Anomaly/081.JPG""]",4703e0e16f419dac6ca3bc16b9e87872f78d71806ad2fe7621cc66a47b01c60c,fd475e8d769c75d906eb15173bfb8aac170fdc7133abfbe3f733472179b39d82,"[1, 1, 1, 0, 0, 1]"
209,2,209,"[""macaroni1/Data/Images/Normal/0011.JPG"", ""pipe_fryum/Data/Images/Anomaly/015.JPG"", ""chewinggum/Data/Images/Anomaly/068.JPG"", ""macaroni2/Data/Images/Anomaly/006.JPG"", ""macaroni1/Data/Images/Normal/0016.JPG"", ""fryum/Data/Images/Anomaly/020.JPG""]",649aede45413681b0b8f7e879e2aadbe9812e5b2812a86c116c54f11e2b8d496,257ee522d86f3bb0c90d5e60ce3357d2153735aefd27ecb962945e86273a033b,"[0, 1, 1, 1, 0, 1]"
210,2,210,"[""pcb4/Data/Images/Normal/0974.JPG"", ""macaroni1/Data/Images/Normal/0168.JPG"", ""chewinggum/Data/Images/Anomaly/061.JPG"", ""candle/Data/Images/Anomaly/040.JPG"", ""pcb4/Data/Images/Anomaly/031.JPG"", ""macaroni1/Data/Images/Normal/0755.JPG""]",e300aeae62db6f100dc578df4de6e1e2aaa4a9b33a6b65c48fe8c979942ad34a,2dcce9c6b8e002605ec904722ce73f04d3d49c902ac59d5f65c936b6c9054d5e,"[0, 0, 1, 1, 1, 0]"
211,2,211,"[""capsules/Data/Images/Anomaly/023.JPG"", ""candle/Data/Images/Normal/0800.JPG"", ""chewinggum/Data/Images/Anomaly/062.JPG"", ""pcb1/Data/Images/Normal/0657.JPG"", ""pcb1/Data/Images/Anomaly/001.JPG"", ""pipe_fryum/Data/Images/Anomaly/088.JPG""]",1a6618a219878625e10614d56bfc21f0a3e9cb4aec2884230ffeca1589c6c558,594d0570dde218cc879def17a027ceb7c062f556b6d2e95532b2cf876be387bb,"[1, 0, 1, 0, 1, 1]"
212,2,212,"[""pcb2/Data/Images/Normal/0545.JPG"", ""macaroni1/Data/Images/Anomaly/088.JPG"", ""macaroni2/Data/Images/Normal/0952.JPG"", ""pcb4/Data/Images/Normal/0751.JPG"", ""pcb3/Data/Images/Normal/0107.JPG"", ""fryum/Data/Images/Anomaly/091.JPG""]",b91493ab143dda43294312cf343af05267e67f560ba59e60439ef47da29f6a08,2329ed455a029812c6f8af3d01c24586447f80c3c20a1fd1f435263e242cce49,"[0, 1, 0, 0, 0, 1]"
213,2,213,"[""pipe_fryum/Data/Images/Anomaly/004.JPG"", ""chewinggum/Data/Images/Anomaly/043.JPG"", ""macaroni2/Data/Images/Anomaly/032.JPG"", ""pcb4/Data/Images/Anomaly/037.JPG"", ""pcb2/Data/Images/Normal/0725.JPG"", ""capsules/Data/Images/Normal/013.JPG""]",7cad8984aa76abb51248c9105beb5876ce04453ff4ad019e11ae4de63d125868,af4b4d257b6a00f8a342443d675fee431d879c424cd6728ddaf40c46250c8ee6,"[1, 1, 1, 1, 0, 0]"
214,2,214,"[""cashew/Data/Images/Anomaly/037.JPG"", ""pipe_fryum/Data/Images/Anomaly/025.JPG"", ""pcb2/Data/Images/Anomaly/085.JPG"", ""pipe_fryum/Data/Images/Anomaly/052.JPG"", ""pcb1/Data/Images/Anomaly/081.JPG"", ""macaroni1/Data/Images/Normal/0013.JPG""]",a6f881f100a4e41ad69cf1fd6a94d805ee6a608bf7b4f05f31de6490b85fff97,637350e71bb21c9c5038b6c6bb3617cfa2a1b41aef9a67169d140916a57f3952,"[1, 1, 1, 1, 1, 0]"
215,2,215,"[""fryum/Data/Images/Anomaly/026.JPG"", ""fryum/Data/Images/Anomaly/097.JPG"", ""chewinggum/Data/Images/Anomaly/014.JPG"", ""chewinggum/Data/Images/Anomaly/036.JPG"", ""candle/Data/Images/Anomaly/000.JPG"", ""candle/Data/Images/Anomaly/019.JPG""]",18d26a07920b70a6ece9c08b9a55f4e72f2fabe3a840e11f99b6b8bd2dc1225d,e47fb582ac6ab6f563e5c4dd0ca8a85bc0d83bf1444a3956734ea5a847844b36,"[1, 1, 1, 1, 1, 1]"
216,2,216,"[""pcb3/Data/Images/Anomaly/076.JPG"", ""macaroni1/Data/Images/Normal/0869.JPG"", ""pcb2/Data/Images/Normal/0394.JPG"", ""candle/Data/Images/Anomaly/082.JPG"", ""capsules/Data/Images/Anomaly/052.JPG"", ""fryum/Data/Images/Normal/460.JPG""]",19c2e82348d0e118a0d3fdfef4e1c362738b7bda2b782f925cc5c8bf12fe2b13,85af10daed01aa90905cf5d437d0791526bf21bc4525d23e0775b01e4ccd31b9,"[1, 0, 0, 1, 1, 0]"
217,2,217,"[""pcb3/Data/Images/Anomaly/097.JPG"", ""pipe_fryum/Data/Images/Anomaly/038.JPG"", ""pcb2/Data/Images/Anomaly/044.JPG"", ""macaroni1/Data/Images/Anomaly/040.JPG"", ""chewinggum/Data/Images/Normal/497.JPG"", ""macaroni1/Data/Images/Anomaly/056.JPG""]",e4ef7420a14ab1d65e144d4de6f297bb6b28d7514205e1b878758be4794c8ad1,2a7d5711e2ae5802f5086e5f3964613580fc19aabbd68200552303b6ec980743,"[1, 1, 1, 1, 0, 1]"
218,2,218,"[""candle/Data/Images/Normal/0730.JPG"", ""pcb1/Data/Images/Normal/0488.JPG"", ""macaroni2/Data/Images/Anomaly/036.JPG"", ""pcb2/Data/Images/Anomaly/046.JPG"", ""capsules/Data/Images/Normal/457.JPG"", ""pcb4/Data/Images/Anomaly/077.JPG""]",8485dbb9cd368614026e84a036f4e749b2251b77f6dc463b4b3477f9b14c557c,c69533c49a8c939fdb6a5289a93d9d3de27e6ff81c19ad4e005301ec3c1a29c2,"[0, 0, 1, 1, 0, 1]"
219,2,219,"[""macaroni2/Data/Images/Normal/0297.JPG"", ""chewinggum/Data/Images/Normal/307.JPG"", ""fryum/Data/Images/Normal/093.JPG"", ""macaroni2/Data/Images/Anomaly/008.JPG"", ""pcb4/Data/Images/Normal/0784.JPG"", ""pcb4/Data/Images/Anomaly/029.JPG""]",6e9e344e29172f371ba5a29504ee599d1ab2a782ecd6fc8b2cdfd51ee8c663fb,3e48b935f741e39ad2acab85395cc505fd275038b4b9c60ae1622b3bc42f29b0,"[0, 0, 0, 1, 0, 1]"
220,2,220,"[""macaroni1/Data/Images/Normal/0659.JPG"", ""pcb4/Data/Images/Anomaly/043.JPG"", ""pcb3/Data/Images/Anomaly/061.JPG"", ""pcb1/Data/Images/Normal/0214.JPG"", ""pcb4/Data/Images/Normal/0303.JPG"", ""macaroni1/Data/Images/Normal/0525.JPG""]",7e32171f744ba2cb613db93356e94c586049002ad3ab392b43005b8fae48b8b7,b496d20110f47476e714caaf4ef57d0ced6e20e8b2fd5fa17976480464e6f730,"[0, 1, 1, 0, 0, 0]"
221,2,221,"[""pcb1/Data/Images/Anomaly/062.JPG"", ""macaroni2/Data/Images/Anomaly/066.JPG"", ""macaroni2/Data/Images/Normal/0363.JPG"", ""macaroni1/Data/Images/Normal/0484.JPG"", ""candle/Data/Images/Anomaly/011.JPG"", ""macaroni2/Data/Images/Normal/0735.JPG""]",84003ff0e56efdaf819544b3d2d84afd5bb007964e8fe373e816cf309b7f1442,7a363bb14a430c1946ab28016c32bca6844f77668228cbfbd8e74e8bd134edfb,"[1, 1, 0, 0, 1, 0]"
222,2,222,"[""macaroni2/Data/Images/Anomaly/009.JPG"", ""candle/Data/Images/Anomaly/081.JPG"", ""pipe_fryum/Data/Images/Anomaly/060.JPG"", ""macaroni2/Data/Images/Anomaly/034.JPG"", ""pcb3/Data/Images/Anomaly/001.JPG"", ""candle/Data/Images/Normal/0026.JPG""]",96db2cbf1f1fd0bdfa09ad086527e5494db0833a3761e6bed758d2ce2fbe0779,4823d8fb989ee3b5269bc59f630e94ae120810147beb8af8a8225e515d03e1c9,"[1, 1, 1, 1, 1, 0]"
223,2,223,"[""macaroni2/Data/Images/Anomaly/055.JPG"", ""chewinggum/Data/Images/Anomaly/023.JPG"", ""fryum/Data/Images/Anomaly/036.JPG"", ""pipe_fryum/Data/Images/Anomaly/020.JPG"", ""macaroni1/Data/Images/Anomaly/015.JPG"", ""pcb4/Data/Images/Normal/0690.JPG""]",b52edc8568eeb66f38d0742ec2b78492301f01f7933afdfb4bb81d443c4e424d,971014b8aa1ba122da2f4ca4c2ed2a8d6bad584469bfcf62fd1a973915ecf20f,"[1, 1, 1, 1, 1, 0]"
224,2,224,"[""pcb1/Data/Images/Anomaly/047.JPG"", ""pcb4/Data/Images/Anomaly/005.JPG"", ""pcb4/Data/Images/Normal/0417.JPG"", ""pcb3/Data/Images/Normal/0674.JPG"", ""candle/Data/Images/Anomaly/028.JPG"", ""pipe_fryum/Data/Images/Normal/392.JPG""]",537420499561fb9476ee9be2b3102be5f08403fa8a889458635d289fa5430f59,e6d7b37b35625c66d2ceea825871a31674f8d4497435ade6c65facf3e2e377ec,"[1, 1, 0, 0, 1, 0]"
225,2,225,"[""candle/Data/Images/Anomaly/047.JPG"", ""capsules/Data/Images/Normal/288.JPG"", ""macaroni2/Data/Images/Normal/0869.JPG"", ""pcb1/Data/Images/Normal/0168.JPG"", ""capsules/Data/Images/Normal/306.JPG"", ""pcb4/Data/Images/Normal/0172.JPG""]",ff56278db583373852879db5300d893cc2dcd98ec65050d05f3e21a24ce7df30,8f20771286baed7a4ef4517c05da911222f691a91681df41fc7d168033809e9c,"[1, 0, 0, 0, 0, 0]"
226,2,226,"[""pcb4/Data/Images/Anomaly/014.JPG"", ""pcb2/Data/Images/Anomaly/001.JPG"", ""pcb1/Data/Images/Normal/0552.JPG"", ""pipe_fryum/Data/Images/Normal/402.JPG"", ""candle/Data/Images/Anomaly/049.JPG"", ""fryum/Data/Images/Anomaly/077.JPG""]",07f54979e39843da52624c289d88e3926cf91f1f452e2a1ba7856812f7410921,6de90c4ad32bdd6f680f7cc3e946c43ecf2d095591198b68fa5031a6d38ab7ed,"[1, 1, 0, 0, 1, 1]"
227,2,227,"[""pcb2/Data/Images/Normal/0994.JPG"", ""pcb2/Data/Images/Anomaly/009.JPG"", ""macaroni2/Data/Images/Anomaly/050.JPG"", ""pcb3/Data/Images/Anomaly/073.JPG"", ""pcb4/Data/Images/Normal/0490.JPG"", ""pcb2/Data/Images/Anomaly/016.JPG""]",4fcd1ba10823d6d322a1bfbe98d36f20486377ed4fd740293b3bd2f3dc0dff51,cb206bc8e69402374ac9b1ed6a2398dee6b8f931ae6cddf99f74b1f772cbade8,"[0, 1, 1, 1, 0, 1]"
228,2,228,"[""pcb1/Data/Images/Normal/0764.JPG"", ""fryum/Data/Images/Anomaly/041.JPG"", ""macaroni2/Data/Images/Normal/0545.JPG"", ""fryum/Data/Images/Anomaly/003.JPG"", ""pcb4/Data/Images/Normal/0659.JPG"", ""macaroni2/Data/Images/Anomaly/061.JPG""]",6b23a8da389cadbcc960fc37ab77da072a73e0d8b856d9950f9be4663300bc46,8e54992e73f73928ad433db72e8a940501a700d3da172fe32330eca71e5f63ff,"[0, 1, 0, 1, 0, 1]"
229,2,229,"[""pipe_fryum/Data/Images/Anomaly/070.JPG"", ""pcb4/Data/Images/Anomaly/034.JPG"", ""macaroni2/Data/Images/Anomaly/091.JPG"", ""macaroni1/Data/Images/Anomaly/039.JPG"", ""macaroni1/Data/Images/Normal/0684.JPG"", ""macaroni1/Data/Images/Normal/0215.JPG""]",58bbcc41d794c22d8271808e5a789e1d7e6a1a81c2e89e00a319cb5975f8fbdb,72fdcae3c6bb68d19fba349b3a3a78aad1ab23fd1a5b120c72f4ae2020b72f0c,"[1, 1, 1, 1, 0, 0]"
230,2,230,"[""macaroni1/Data/Images/Anomaly/025.JPG"", ""cashew/Data/Images/Anomaly/094.JPG"", ""pcb4/Data/Images/Normal/0935.JPG"", ""chewinggum/Data/Images/Anomaly/021.JPG"", ""pcb2/Data/Images/Normal/0294.JPG"", ""capsules/Data/Images/Normal/479.JPG""]",bfdb094b9bf4b255791b92009cdb1fc7d0d8fff580fd141988e3a0f0c4cfe2e3,3932299ebc2784998c309c334c5e55b73ef278fa8df18cad5876f7c3088a6f49,"[1, 1, 0, 1, 0, 0]"
231,2,231,"[""pipe_fryum/Data/Images/Anomaly/046.JPG"", ""fryum/Data/Images/Normal/023.JPG"", ""macaroni2/Data/Images/Anomaly/029.JPG"", ""cashew/Data/Images/Anomaly/088.JPG"", ""macaroni1/Data/Images/Anomaly/052.JPG"", ""candle/Data/Images/Normal/0844.JPG""]",afa318cc3c90e8bb67ebb42c0118e3ec6aac4eb85d8e1e2d1f600c269fe073ae,021e69b8ac7efed643b842cbb7ddb0a7cdc5f3fa6b1e055ecd7d0ad81bd6cb1f,"[1, 0, 1, 1, 1, 0]"
232,2,232,"[""pcb2/Data/Images/Normal/0657.JPG"", ""pcb3/Data/Images/Anomaly/071.JPG"", ""pcb1/Data/Images/Anomaly/077.JPG"", ""pcb3/Data/Images/Normal/0552.JPG"", ""candle/Data/Images/Anomaly/051.JPG"", ""chewinggum/Data/Images/Anomaly/010.JPG""]",d28b8159f9bc491f4e0350bfea09e7a62381bcb2dfc1ac86f2f9218a6f9bbd5a,1fd8ae847835a85a9730174ef24a4b8e2ed702109802f8011212ad91c0072267,"[0, 1, 1, 0, 1, 1]"
233,2,233,"[""candle/Data/Images/Normal/0483.JPG"", ""pcb4/Data/Images/Normal/0940.JPG"", ""fryum/Data/Images/Anomaly/044.JPG"", ""fryum/Data/Images/Anomaly/065.JPG"", ""pcb3/Data/Images/Anomaly/057.JPG"", ""cashew/Data/Images/Anomaly/044.JPG""]",41cc151bcc47b9f163883100b38f6a57f17d21b8946dabc30b281d4929b1037c,0ae36fb957254afeed5f82b56229cd27984d9f54aa229c5ee12e8a99eb351726,"[0, 0, 1, 1, 1, 1]"
234,2,234,"[""pipe_fryum/Data/Images/Anomaly/043.JPG"", ""pipe_fryum/Data/Images/Normal/337.JPG"", ""candle/Data/Images/Normal/0751.JPG"", ""pcb4/Data/Images/Anomaly/000.JPG"", ""pcb3/Data/Images/Normal/0779.JPG"", ""chewinggum/Data/Images/Anomaly/007.JPG""]",2fd2a499e3853ecf2bd76f6cf773d03917f6295f3301963ce3410ee3cc72ea65,7b9b05007ed747cb3cbc89adbb87ee776e587b67ac3693b8e9823cf323405888,"[1, 0, 0, 1, 0, 1]"
235,2,235,"[""cashew/Data/Images/Anomaly/074.JPG"", ""pipe_fryum/Data/Images/Anomaly/090.JPG"", ""pipe_fryum/Data/Images/Anomaly/061.JPG"", ""pcb2/Data/Images/Normal/0986.JPG"", ""candle/Data/Images/Anomaly/024.JPG"", ""pcb3/Data/Images/Normal/0694.JPG""]",9c98e79ae29e0b85449997aa8921d0d2b49cb99d6037b177b72b62689c1615e7,b5eb2b99d1e96755b3724d8fd161fee1d266493ab774906aaaf2c8de472cc4a6,"[1, 1, 1, 0, 1, 0]"
236,2,236,"[""pcb3/Data/Images/Anomaly/006.JPG"", ""fryum/Data/Images/Anomaly/078.JPG"", ""pcb3/Data/Images/Anomaly/090.JPG"", ""fryum/Data/Images/Anomaly/082.JPG"", ""pcb4/Data/Images/Normal/0520.JPG"", ""macaroni1/Data/Images/Anomaly/027.JPG""]",816a245eb7c619f7f26f4a9c0faabd302ff1a5884bc8a965543e14412ae6c093,ace3682de9f4bc3bbd5cab0c930f6b21a72d377f12b8b2d44b6a1cef75aa4201,"[1, 1, 1, 1, 0, 1]"
237,2,237,"[""pcb4/Data/Images/Normal/0168.JPG"", ""macaroni2/Data/Images/Normal/0764.JPG"", ""pipe_fryum/Data/Images/Anomaly/085.JPG"", ""pcb3/Data/Images/Normal/0178.JPG"", ""macaroni1/Data/Images/Normal/0735.JPG"", ""macaroni2/Data/Images/Normal/0690.JPG""]",0dc251acc4153bd0db27a28ce149acb38433082b6edbdf40d6e2c352acc3732f,98961ca5cf48bea767f7db1a5618b64334b4aef029aaa42681bbe675003d0aa4,"[0, 0, 1, 0, 0, 0]"
238,2,238,"[""chewinggum/Data/Images/Anomaly/031.JPG"", ""pcb1/Data/Images/Normal/0525.JPG"", ""pcb3/Data/Images/Anomaly/047.JPG"", ""pcb2/Data/Images/Anomaly/097.JPG"", ""chewinggum/Data/Images/Normal/486.JPG"", ""fryum/Data/Images/Normal/272.JPG""]",48d6a002c9624f197fb096812fb51b8cfabf3e7231830abba43e981137aa5373,21e246ecb6119380b64b87280aa8b388f0f7d254929106df23320d3f923243e0,"[1, 0, 1, 1, 0, 0]"
239,2,239,"[""fryum/Data/Images/Anomaly/008.JPG"", ""pcb4/Data/Images/Normal/0427.JPG"", ""pcb2/Data/Images/Normal/0779.JPG"", ""pcb1/Data/Images/Anomaly/044.JPG"", ""pcb3/Data/Images/Anomaly/058.JPG"", ""chewinggum/Data/Images/Anomaly/072.JPG""]",17597b3fb9762d58e1786984c84e76d6cc3f9904e6f39b1b1dcfda2e0e30bc37,eb3d915d669a3711ccc95c06f9bf149899705ce4b3247fc63ceae3554146f2c9,"[1, 0, 0, 1, 1, 1]"
240,2,240,"[""pcb1/Data/Images/Normal/0402.JPG"", ""cashew/Data/Images/Normal/104.JPG"", ""pcb4/Data/Images/Anomaly/023.JPG"", ""pcb2/Data/Images/Anomaly/036.JPG"", ""capsules/Data/Images/Anomaly/061.JPG"", ""chewinggum/Data/Images/Anomaly/098.JPG""]",015b44bbf839ec762df58248fbd012ddebc4b1df5a1622245f9e591ad33abf51,64c2a7d465b6eb76a9c78e783bb7f40280b56473c816e2cc7f493488d9b5d342,"[0, 0, 1, 1, 1, 1]"
241,2,241,"[""candle/Data/Images/Normal/0417.JPG"", ""macaroni2/Data/Images/Normal/0730.JPG"", ""pcb1/Data/Images/Normal/0694.JPG"", ""pcb1/Data/Images/Normal/0659.JPG"", ""pipe_fryum/Data/Images/Anomaly/056.JPG"", ""pcb2/Data/Images/Normal/0427.JPG""]",42a741d4e52bd34f07aa3c24c89f022ddb5aa44d6947b9a397b202455bc0c58a,9b48e2bc65756982c2eee0ccb2847acc88ee37ae92d3a83a9ae4b3b7f12e9003,"[0, 0, 0, 0, 1, 0]"
242,2,242,"[""pcb1/Data/Images/Normal/0520.JPG"", ""chewinggum/Data/Images/Anomaly/044.JPG"", ""pcb4/Data/Images/Normal/0208.JPG"", ""pcb2/Data/Images/Normal/0518.JPG"", ""capsules/Data/Images/Normal/525.JPG"", ""macaroni2/Data/Images/Anomaly/019.JPG""]",e01aa03d14ced731613917e6c16590932db88cd17e6c4e555ef9ba92d590d94d,3a04157c79c0a00f180c4db14b77b08ba880fbeb13bb68865367eb016875d040,"[0, 1, 0, 0, 0, 1]"
243,2,243,"[""macaroni1/Data/Images/Normal/0520.JPG"", ""candle/Data/Images/Anomaly/013.JPG"", ""pcb2/Data/Images/Normal/0423.JPG"", ""pcb1/Data/Images/Anomaly/042.JPG"", ""pcb3/Data/Images/Normal/0569.JPG"", ""pipe_fryum/Data/Images/Anomaly/047.JPG""]",1a5416677835a2c90d0874c4652920dc7c3f6baf7db370ec5d83fc42f2d643c8,b04bde5be271fa44bd68df094cbd5b71b6b3744afccf6c04b21ab18da5e797a8,"[0, 1, 0, 1, 0, 1]"
244,2,244,"[""pcb3/Data/Images/Anomaly/053.JPG"", ""chewinggum/Data/Images/Anomaly/019.JPG"", ""fryum/Data/Images/Anomaly/042.JPG"", ""chewinggum/Data/Images/Anomaly/033.JPG"", ""capsules/Data/Images/Normal/170.JPG"", ""cashew/Data/Images/Anomaly/007.JPG""]",7b5af05ff47ef1701f4942488f22320a2de67318738399618adac72a57b2d4e4,a7d1e84f9e81190efea206e7ae9f1113ad34bdd54920fbb1e46bb66317f4223d,"[1, 1, 1, 1, 0, 1]"
245,2,245,"[""pcb2/Data/Images/Normal/0107.JPG"", ""chewinggum/Data/Images/Anomaly/039.JPG"", ""macaroni2/Data/Images/Normal/0168.JPG"", ""pcb4/Data/Images/Normal/0990.JPG"", ""macaroni2/Data/Images/Anomaly/083.JPG"", ""chewinggum/Data/Images/Anomaly/008.JPG""]",4b2b57d281af79342dacb37e10dbc3469a8e838a9595a2adaeead7b542ad06c1,6a704cf1a41838a5a7b7704d55b76a2b8c17146bd53a267d7585e01b176ceb2c,"[0, 1, 0, 0, 1, 1]"
246,2,246,"[""cashew/Data/Images/Anomaly/011.JPG"", ""pcb4/Data/Images/Anomaly/028.JPG"", ""pcb2/Data/Images/Normal/0484.JPG"", ""pcb2/Data/Images/Anomaly/075.JPG"", ""macaroni1/Data/Images/Anomaly/045.JPG"", ""macaroni2/Data/Images/Anomaly/044.JPG""]",bc5af1de19dc92d82a2ed5a2d5650d0025e52009bc56a7ccfa47d8aa5299c716,72f15a2354ce6792900f23bcb1a5fb99526460df883528a931f921827f9f79e4,"[1, 1, 0, 1, 1, 1]"
247,2,247,"[""chewinggum/Data/Images/Anomaly/020.JPG"", ""pcb2/Data/Images/Anomaly/050.JPG"", ""capsules/Data/Images/Anomaly/041.JPG"", ""pcb4/Data/Images/Normal/0739.JPG"", ""macaroni1/Data/Images/Normal/0964.JPG"", ""pcb2/Data/Images/Anomaly/020.JPG""]",d7fe2e7a918fdbdbf86d7fe08ab71d299560b599fdcd09cab9fffa2b13b73880,cb2ab2699d8a7bf0f16981514f565ee265a802e7cbefacbc8b0532435c242240,"[1, 1, 1, 0, 0, 1]"
248,2,248,"[""chewinggum/Data/Images/Normal/384.JPG"", ""pipe_fryum/Data/Images/Anomaly/087.JPG"", ""cashew/Data/Images/Normal/307.JPG"", ""pcb2/Data/Images/Anomaly/052.JPG"", ""chewinggum/Data/Images/Anomaly/003.JPG"", ""pcb3/Data/Images/Normal/0026.JPG""]",6b7a12142b2cb411540423871bfcae48819e26fbbe60d8ebecc6ff7f6f0cac87,265eae4d939e119e0827e93da7261b42744fd23e9f7ffafde243b265ee64c0f8,"[0, 1, 0, 1, 1, 0]"
249,2,249,"[""pcb4/Data/Images/Anomaly/038.JPG"", ""pcb4/Data/Images/Normal/0552.JPG"", ""fryum/Data/Images/Normal/400.JPG"", ""candle/Data/Images/Normal/0617.JPG"", ""pcb3/Data/Images/Anomaly/035.JPG"", ""macaroni2/Data/Images/Normal/0804.JPG""]",186fd32f1f0d57584da592dd6dbdb5895b26bf36248b86986780d10aa030061e,b7235e4a995557d5afa370dd33aa21881a858fdceff03299743782de2b7a90b5,"[1, 0, 0, 0, 1, 0]"
250,2,250,"[""capsules/Data/Images/Normal/363.JPG"", ""cashew/Data/Images/Anomaly/070.JPG"", ""cashew/Data/Images/Anomaly/016.JPG"", ""macaroni2/Data/Images/Normal/0479.JPG"", ""pcb4/Data/Images/Anomaly/016.JPG"", ""macaroni1/Data/Images/Normal/0811.JPG""]",226abb804877bbdb3b39a166d9dc650d541e19c80a4baf67e35245b98b9f879f,b7e1ab86bf177d43e75aa118c49ed41f9fba065faaeb615658e41ccefd838b1f,"[0, 1, 1, 0, 1, 0]"
251,2,251,"[""capsules/Data/Images/Normal/152.JPG"", ""pcb1/Data/Images/Anomaly/055.JPG"", ""pcb2/Data/Images/Anomaly/000.JPG"", ""pipe_fryum/Data/Images/Anomaly/039.JPG"", ""pcb1/Data/Images/Anomaly/019.JPG"", ""macaroni1/Data/Images/Normal/0488.JPG""]",47224dfe8d7c241307e078d467b60e7762ae4ce5f72886bd9329d2c897cd7448,a3b1b38c03fb23b5a3a088080d560d4f932c53bb9f0ba848c8b64d6017459f54,"[0, 1, 1, 1, 1, 0]"
252,2,252,"[""pcb3/Data/Images/Anomaly/070.JPG"", ""macaroni2/Data/Images/Normal/0994.JPG"", ""pcb3/Data/Images/Normal/0286.JPG"", ""pcb3/Data/Images/Normal/0920.JPG"", ""pcb4/Data/Images/Normal/0394.JPG"", ""candle/Data/Images/Anomaly/018.JPG""]",2fb70dded0ac524474301ad0502184897af0d17d4c16db6e289f46be520f6e17,2a5e021a137543c5ad49ff39cde7691aa3321b8cb36fb31c22ff9ad911f95984,"[1, 0, 0, 0, 0, 1]"
253,2,253,"[""fryum/Data/Images/Anomaly/013.JPG"", ""macaroni1/Data/Images/Anomaly/081.JPG"", ""pcb4/Data/Images/Anomaly/072.JPG"", ""cashew/Data/Images/Anomaly/001.JPG"", ""chewinggum/Data/Images/Anomaly/037.JPG"", ""macaroni2/Data/Images/Normal/0797.JPG""]",8bfd2d8b287071fccf916536320fb5024c045d32d860816cef16bd48f3f4a0c1,469658b80856bb62c8d3ef77f46471075553fde51ff9297ca8f4bc3261f19d12,"[1, 1, 1, 1, 1, 0]"
254,2,254,"[""macaroni1/Data/Images/Anomaly/023.JPG"", ""macaroni1/Data/Images/Anomaly/009.JPG"", ""capsules/Data/Images/Normal/215.JPG"", ""pcb3/Data/Images/Anomaly/062.JPG"", ""capsules/Data/Images/Anomaly/002.JPG"", ""candle/Data/Images/Normal/0569.JPG""]",2f8057731f13906323c6b5f8a4cd50e5d16ec01979dd7d0644d7dfd0da6f5432,4cb3153138ac50c059ff481bdff4caff5a83815c438a0bbcaaf9cc805d1017bc,"[1, 1, 0, 1, 1, 0]"
255,2,255,"[""pipe_fryum/Data/Images/Anomaly/042.JPG"", ""pcb2/Data/Images/Anomaly/006.JPG"", ""macaroni2/Data/Images/Anomaly/077.JPG"", ""cashew/Data/Images/Anomaly/023.JPG"", ""pcb4/Data/Images/Normal/0657.JPG"", ""macaroni2/Data/Images/Normal/0107.JPG""]",97ad581daa46f2e02c9eca78c2500ed6288fcf6e6f7e02e72b2b2d0c70193e5b,2b36094d1c526bef15cdd90e369224421ec492e308020aa0c3736f9a425dec3d,"[1, 1, 1, 1, 0, 0]"
256,2,256,"[""fryum/Data/Images/Normal/050.JPG"", ""fryum/Data/Images/Anomaly/096.JPG"", ""capsules/Data/Images/Anomaly/015.JPG"", ""pcb1/Data/Images/Anomaly/010.JPG"", ""pipe_fryum/Data/Images/Anomaly/062.JPG"", ""pipe_fryum/Data/Images/Anomaly/008.JPG""]",bb58adaa9d41e8f245ec2373bb40e7a564511f06aecef25d1e733c27aca13fcb,89ba51e44b2336515b3180a404a4aa77863beb6b2d701ae24f8fc62a84abdb55,"[0, 1, 1, 1, 1, 1]"
257,2,257,"[""pcb2/Data/Images/Anomaly/002.JPG"", ""pipe_fryum/Data/Images/Normal/130.JPG"", ""macaroni2/Data/Images/Normal/0024.JPG"", ""fryum/Data/Images/Anomaly/090.JPG"", ""macaroni2/Data/Images/Normal/0178.JPG"", ""pcb4/Data/Images/Anomaly/057.JPG""]",78e46245ccadb43d1a968af707f01458293d63524cbc191e1fd769f087be56e8,59b5ef1a8d442f6b05586eb1dd6ba194a6288cb1bb9eb5e0d6444849c13a88c3,"[1, 0, 0, 1, 0, 1]"
258,2,258,"[""candle/Data/Images/Anomaly/089.JPG"", ""pcb4/Data/Images/Anomaly/061.JPG"", ""pcb4/Data/Images/Normal/0479.JPG"", ""candle/Data/Images/Normal/0479.JPG"", ""capsules/Data/Images/Normal/027.JPG"", ""pipe_fryum/Data/Images/Anomaly/071.JPG""]",4955e0fa1b8f4785e0062a3134c53de22a484d4cad9612715f6d7e72fc2d0628,bdfb25d354c8d1bc69193dc12b32f11a5847b13d16981585e9b4a105dd72ee6f,"[1, 1, 0, 0, 0, 1]"
259,2,259,"[""cashew/Data/Images/Anomaly/087.JPG"", ""pcb2/Data/Images/Normal/0940.JPG"", ""fryum/Data/Images/Anomaly/028.JPG"", ""fryum/Data/Images/Normal/087.JPG"", ""macaroni2/Data/Images/Anomaly/056.JPG"", ""candle/Data/Images/Normal/0469.JPG""]",992420f97baa785ea847038a291c122ea6f86f88147d41aab4d9e6add9bd3143,9b3651023ba1b3af36704962fcec3e487af2a297a690bd9974902590b242af2e,"[1, 0, 1, 0, 1, 0]"
260,2,260,"[""pcb3/Data/Images/Anomaly/012.JPG"", ""macaroni2/Data/Images/Normal/0400.JPG"", ""cashew/Data/Images/Anomaly/014.JPG"", ""fryum/Data/Images/Anomaly/031.JPG"", ""pcb3/Data/Images/Normal/0923.JPG"", ""pcb2/Data/Images/Anomaly/083.JPG""]",17f24888b51267a6669e8e78cb784c201dafe423896034032e6099c19b600d50,60b97bae66dcdf5019b7217ab333222fd30fa72fd51d6e5ef96431731c6ea0ce,"[1, 0, 1, 1, 0, 1]"
261,2,261,"[""chewinggum/Data/Images/Anomaly/042.JPG"", ""macaroni2/Data/Images/Normal/0654.JPG"", ""capsules/Data/Images/Anomaly/040.JPG"", ""macaroni1/Data/Images/Anomaly/057.JPG"", ""macaroni1/Data/Images/Normal/0629.JPG"", ""macaroni1/Data/Images/Anomaly/041.JPG""]",597abf0995cf4195aa672ecb6b469785e70dca9171fb4349898163d32e92051d,ccbdf67e78afcf0588ad82a47b197806d4a911459ee9695789cd656ea9deaea4,"[1, 0, 1, 1, 0, 1]"
262,2,262,"[""capsules/Data/Images/Anomaly/081.JPG"", ""pcb2/Data/Images/Normal/0619.JPG"", ""candle/Data/Images/Anomaly/076.JPG"", ""capsules/Data/Images/Normal/594.JPG"", ""pcb3/Data/Images/Normal/0657.JPG"", ""fryum/Data/Images/Anomaly/017.JPG""]",e8bae7bd34da772e70afdf55703266f2cac670fd6f2f6ff780d14db9cd8aaaac,d98588d4bef80758c26cb7d4268f61dc7e5511c58119176eff10e001bf52283a,"[1, 0, 1, 0, 0, 1]"
263,2,263,"[""fryum/Data/Images/Anomaly/049.JPG"", ""cashew/Data/Images/Normal/013.JPG"", ""cashew/Data/Images/Normal/098.JPG"", ""pcb2/Data/Images/Anomaly/048.JPG"", ""pipe_fryum/Data/Images/Anomaly/080.JPG"", ""pcb4/Data/Images/Anomaly/045.JPG""]",8c6d6fe13276211c236cb8da99b158565195ea23c568991e8dd2d2941f4b6684,2424018a9612974358874751653d3e02353cdba4fcb3a2d16f8829084df01055,"[1, 0, 0, 1, 1, 1]"
264,2,264,"[""pcb1/Data/Images/Anomaly/053.JPG"", ""pcb3/Data/Images/Normal/0935.JPG"", ""fryum/Data/Images/Normal/392.JPG"", ""fryum/Data/Images/Normal/461.JPG"", ""fryum/Data/Images/Normal/276.JPG"", ""candle/Data/Images/Normal/0027.JPG""]",b3303a45b3114c6dbbee57d6691f26a3f8e547c20215607c5eed07d819548bec,8c349d05edbacffa01348b67b07e1818be24dfba1bb070dc70cf3c79c13d3dc0,"[1, 0, 0, 0, 0, 0]"
265,2,265,"[""pipe_fryum/Data/Images/Normal/324.JPG"", ""chewinggum/Data/Images/Normal/467.JPG"", ""macaroni2/Data/Images/Anomaly/031.JPG"", ""cashew/Data/Images/Anomaly/055.JPG"", ""pipe_fryum/Data/Images/Anomaly/005.JPG"", ""fryum/Data/Images/Anomaly/084.JPG""]",b4557f37e730cd1e2c0d0bc95d15ca0bafa2cec29e177c7f4959bd779d9f3435,5a824ceffb0bcf1eb23b0e42c27c1aad30183edf6a43ab96becdd06a0112160f,"[0, 0, 1, 1, 1, 1]"
266,2,266,"[""chewinggum/Data/Images/Anomaly/052.JPG"", ""macaroni2/Data/Images/Normal/0779.JPG"", ""capsules/Data/Images/Anomaly/030.JPG"", ""macaroni2/Data/Images/Normal/0469.JPG"", ""pcb3/Data/Images/Normal/0423.JPG"", ""chewinggum/Data/Images/Anomaly/038.JPG""]",ae55dc1f91f2d5f8e09a9026bf1811e73dbd3442f65ca3d1a072cf4ca0f3b9a1,8f914704785b33cf667a6a7ae6fe5a809429a770851a1d2e03b9b2e67954e24d,"[1, 0, 1, 0, 0, 1]"
267,2,267,"[""candle/Data/Images/Anomaly/038.JPG"", ""capsules/Data/Images/Anomaly/099.JPG"", ""macaroni2/Data/Images/Normal/0964.JPG"", ""chewinggum/Data/Images/Anomaly/060.JPG"", ""pipe_fryum/Data/Images/Normal/484.JPG"", ""chewinggum/Data/Images/Anomaly/011.JPG""]",9d7e6ac565e2e7ec025efb2ecaba7b5429728503cd52aa1853a43107b242e12d,9fbd72d920d00dd60ea42b4a41f46e2e7b42084874b5563e1233b29d2e664c72,"[1, 1, 0, 1, 0, 1]"
268,2,268,"[""cashew/Data/Images/Anomaly/043.JPG"", ""pipe_fryum/Data/Images/Normal/228.JPG"", ""pcb3/Data/Images/Normal/0892.JPG"", ""capsules/Data/Images/Anomaly/049.JPG"", ""pcb2/Data/Images/Normal/0100.JPG"", ""cashew/Data/Images/Normal/023.JPG""]",d100f73ae425aad1fb59b90ccfd1451d23365224307a01b20a3162714290af81,1d35c40448489c0846fdcf3d485e130437cb238f8138fe4b1375b63604d28600,"[1, 0, 0, 1, 0, 0]"
269,2,269,"[""pcb4/Data/Images/Normal/0977.JPG"", ""pipe_fryum/Data/Images/Anomaly/081.JPG"", ""pcb1/Data/Images/Normal/0957.JPG"", ""chewinggum/Data/Images/Anomaly/004.JPG"", ""fryum/Data/Images/Anomaly/040.JPG"", ""pipe_fryum/Data/Images/Anomaly/098.JPG""]",d035e00fcb9e0fc9fdfb0c67b083c6277d14af4ae0f969359f915da2ff52edb3,ec732a2d0beffd30e5fe566d374bb0b24f4888ff627782499bfc1af8eb3ef002,"[0, 1, 0, 1, 1, 1]"
270,2,270,"[""pcb2/Data/Images/Normal/0674.JPG"", ""cashew/Data/Images/Normal/272.JPG"", ""fryum/Data/Images/Normal/405.JPG"", ""pcb1/Data/Images/Normal/0100.JPG"", ""fryum/Data/Images/Normal/244.JPG"", ""fryum/Data/Images/Anomaly/064.JPG""]",2665b2bbcce0eacb5138be62938f4bb2068c0a09872ccedb44987d08c7446adc,a76eb6d914b050a8c04285c849f3beb6afaae42f99c69d234a3f44d43136867e,"[0, 0, 0, 0, 0, 1]"
271,2,271,"[""candle/Data/Images/Anomaly/053.JPG"", ""fryum/Data/Images/Anomaly/098.JPG"", ""pcb2/Data/Images/Normal/0739.JPG"", ""pipe_fryum/Data/Images/Normal/398.JPG"", ""chewinggum/Data/Images/Anomaly/028.JPG"", ""pcb2/Data/Images/Normal/0621.JPG""]",089690d97ce23b0f4bc20334d0ac518b9f712b55758352fddef179523564be5c,0e5b49bc329955b1f0720cc8b309501336979a5254d22b13e7e5a3e9d8e20e48,"[1, 1, 0, 0, 1, 0]"
272,2,272,"[""pcb2/Data/Images/Anomaly/088.JPG"", ""capsules/Data/Images/Anomaly/039.JPG"", ""pcb2/Data/Images/Anomaly/067.JPG"", ""candle/Data/Images/Anomaly/036.JPG"", ""pcb1/Data/Images/Normal/0187.JPG"", ""capsules/Data/Images/Normal/297.JPG""]",9779734b1cafb52ffe1ab60fa2312b430ccd6ebbf57cc1e64e8fdfc81c9d21f5,2b69691f2b1bf1087f4d295d9de6f8bab88692afb43e94aeef3a1a3f8517a5bc,"[1, 1, 1, 1, 0, 0]"
273,2,273,"[""macaroni2/Data/Images/Anomaly/072.JPG"", ""pcb1/Data/Images/Normal/0631.JPG"", ""cashew/Data/Images/Anomaly/057.JPG"", ""pcb3/Data/Images/Anomaly/033.JPG"", ""macaroni2/Data/Images/Anomaly/058.JPG"", ""capsules/Data/Images/Anomaly/013.JPG""]",65169a325c363134c74bd86b3bcdec7754496d073d35f4492f0f2fde33e41e8b,b929c53acf1105530a37ac52103b76982253d6c22fc3e4d660d0f211941bf713,"[1, 0, 1, 1, 1, 1]"
274,2,274,"[""pcb3/Data/Images/Anomaly/050.JPG"", ""chewinggum/Data/Images/Normal/405.JPG"", ""pcb1/Data/Images/Anomaly/072.JPG"", ""pcb4/Data/Images/Anomaly/012.JPG"", ""pipe_fryum/Data/Images/Anomaly/093.JPG"", ""pcb4/Data/Images/Normal/0617.JPG""]",53cde0e8cb8f0e21cd50a7d294a8f9381a61f26b05ce59a7994fae6103278a24,d5e62f6583206c46fe87126ce85bf5c53e577adea7353af817c39e8d53cf7e33,"[1, 0, 1, 1, 1, 0]"
275,2,275,"[""pcb3/Data/Images/Normal/0402.JPG"", ""cashew/Data/Images/Anomaly/096.JPG"", ""pcb3/Data/Images/Normal/0617.JPG"", ""pcb2/Data/Images/Anomaly/019.JPG"", ""pipe_fryum/Data/Images/Anomaly/079.JPG"", ""macaroni2/Data/Images/Anomaly/053.JPG""]",175cb68be34f7a549aea8b9aea87a270eaba425ae6a90557d4741cc76e0ec16d,431b1c6b9307b4e07297cabad0d2f7b7049f5ac4c9430afc81c22408ad4384dc,"[0, 1, 0, 1, 1, 1]"
276,2,276,"[""macaroni2/Data/Images/Anomaly/030.JPG"", ""pcb4/Data/Images/Anomaly/047.JPG"", ""candle/Data/Images/Normal/0427.JPG"", ""chewinggum/Data/Images/Normal/213.JPG"", ""macaroni1/Data/Images/Anomaly/066.JPG"", ""pcb2/Data/Images/Normal/0690.JPG""]",20b13b8373f5bf3151130f0397241d8423054eb6781c3d60cb5f2c281c4ccd02,4b545396d66116ba8a3c2f2df0df6c146053b7a7cb1aa2421bfc655ef7bd9951,"[1, 1, 0, 0, 1, 0]"
277,2,277,"[""candle/Data/Images/Normal/0974.JPG"", ""pipe_fryum/Data/Images/Normal/352.JPG"", ""macaroni1/Data/Images/Anomaly/080.JPG"", ""macaroni1/Data/Images/Normal/0027.JPG"", ""pcb1/Data/Images/Normal/0811.JPG"", ""fryum/Data/Images/Anomaly/053.JPG""]",044dcf042cfa21eea72db6b15ba92ceb96d47c87c334372688fdde639bfb7c60,f4442a4270029e5ee4d58e392892f55c5b05acd10abf8a488f94d85f61abd54c,"[0, 0, 1, 0, 0, 1]"
278,2,278,"[""pcb3/Data/Images/Anomaly/000.JPG"", ""pcb4/Data/Images/Anomaly/046.JPG"", ""macaroni1/Data/Images/Anomaly/004.JPG"", ""macaroni2/Data/Images/Normal/0751.JPG"", ""pcb3/Data/Images/Normal/0900.JPG"", ""pcb1/Data/Images/Anomaly/012.JPG""]",137fc1425f7e8f81aad6b2089694082699a450023a722ca139a3d8706713999b,77289b1b6d4014e43daa6dfc7ba701d0ea3fe80f2117c21247eb35804a781db4,"[1, 1, 1, 0, 0, 1]"
279,2,279,"[""chewinggum/Data/Images/Anomaly/013.JPG"", ""pcb2/Data/Images/Normal/0488.JPG"", ""pipe_fryum/Data/Images/Anomaly/033.JPG"", ""pcb3/Data/Images/Anomaly/011.JPG"", ""pcb4/Data/Images/Anomaly/051.JPG"", ""chewinggum/Data/Images/Anomaly/083.JPG""]",c86d8698f3c097362e60196a8fedf059e39536fdfc7bee4ff364d9013cfa34ee,ab2b686d229ea0f00d07d8e377f2382a6452b206386c084b88a69c52382d5d06,"[1, 0, 1, 1, 1, 1]"
280,2,280,"[""macaroni2/Data/Images/Normal/0617.JPG"", ""pipe_fryum/Data/Images/Anomaly/023.JPG"", ""pcb2/Data/Images/Anomaly/069.JPG"", ""pipe_fryum/Data/Images/Anomaly/082.JPG"", ""pcb1/Data/Images/Normal/0871.JPG"", ""macaroni2/Data/Images/Anomaly/054.JPG""]",9d059fffacd454a04bff7c251165a504471b985b9faa36b727b081f4f3b1db48,c71ff320e6b45350e39617a6897d6c86947307f7ce027e9240f76d47d17a1781,"[0, 1, 1, 1, 0, 1]"
281,2,281,"[""pcb3/Data/Images/Anomaly/088.JPG"", ""cashew/Data/Images/Anomaly/095.JPG"", ""pcb1/Data/Images/Anomaly/085.JPG"", ""macaroni1/Data/Images/Normal/0764.JPG"", ""macaroni1/Data/Images/Normal/0469.JPG"", ""fryum/Data/Images/Normal/467.JPG""]",f71ca68131161cc5f1de5c23902ea94fa9582f21fd5a51dd77fd8646c39e0dab,e84a592bbeed197ffc31ecd6e04ef0882235e4a35f02f9e13f30772cf77fb889,"[1, 1, 1, 0, 0, 0]"
282,2,282,"[""macaroni2/Data/Images/Anomaly/094.JPG"", ""pcb1/Data/Images/Normal/0377.JPG"", ""pcb1/Data/Images/Normal/0457.JPG"", ""chewinggum/Data/Images/Anomaly/093.JPG"", ""chewinggum/Data/Images/Anomaly/030.JPG"", ""fryum/Data/Images/Anomaly/050.JPG""]",5333ad994ea74031d481cf7d875b7f07e69f6f2f3296c044c26c467c5c79fdf4,1b9941902c7341511088f7cbd55a36480dd7bcc9c4ebfd1f5bc1e59df36d4419,"[1, 0, 0, 1, 1, 1]"
283,2,283,"[""macaroni1/Data/Images/Normal/0730.JPG"", ""macaroni1/Data/Images/Normal/0333.JPG"", ""chewinggum/Data/Images/Anomaly/054.JPG"", ""chewinggum/Data/Images/Anomaly/016.JPG"", ""candle/Data/Images/Anomaly/061.JPG"", ""pcb2/Data/Images/Anomaly/051.JPG""]",ea23808bbda7012025c09206283d8b40587b14479199c3dd84b0fd1a7fa2aed6,aad685421e7f72c1a824a4c8fc96a99d83d601d29138b21aeb884e295abe57e0,"[0, 0, 1, 1, 1, 1]"
284,2,284,"[""pcb4/Data/Images/Normal/0648.JPG"", ""candle/Data/Images/Normal/0187.JPG"", ""pcb1/Data/Images/Normal/0935.JPG"", ""macaroni1/Data/Images/Normal/0100.JPG"", ""pcb4/Data/Images/Normal/0811.JPG"", ""macaroni1/Data/Images/Normal/0297.JPG""]",7d143bf416a6e631d16fa143cef5763068207b481bece2d1c4b9a0850ad82932,7efd853f374f03f6cf6fe123a530bd7ad55f820b07d4ed39d0a22bf83ee0c1dc,"[0, 0, 0, 0, 0, 0]"
285,2,285,"[""pcb3/Data/Images/Normal/0804.JPG"", ""macaroni1/Data/Images/Anomaly/017.JPG"", ""pcb2/Data/Images/Anomaly/023.JPG"", ""macaroni1/Data/Images/Anomaly/018.JPG"", ""pipe_fryum/Data/Images/Anomaly/072.JPG"", ""capsules/Data/Images/Anomaly/090.JPG""]",a3f702ec0ab414f69d5fcfe74f17e1892bc5694232dae146f844e37fe082cccd,e5e6c2ab52f18cd48788346dc1bb2e09ee78a81857ef5d0c788b2e208103a754,"[0, 1, 1, 1, 1, 1]"
286,2,286,"[""macaroni2/Data/Images/Normal/0484.JPG"", ""pcb3/Data/Images/Normal/0046.JPG"", ""pcb3/Data/Images/Anomaly/027.JPG"", ""pcb4/Data/Images/Anomaly/022.JPG"", ""macaroni1/Data/Images/Normal/0196.JPG"", ""pcb3/Data/Images/Anomaly/038.JPG""]",334172aa5aa0a04257a4528051d808471d67675501b0d902946744fce9d6868d,5aa98baf7eb9c8be494a982e00f787cfc5cba5c6cfbd2ffcd8e24f27c45a4149,"[0, 0, 1, 1, 0, 1]"
287,2,287,"[""pcb3/Data/Images/Anomaly/031.JPG"", ""pcb4/Data/Images/Normal/0297.JPG"", ""macaroni1/Data/Images/Anomaly/038.JPG"", ""pcb2/Data/Images/Anomaly/033.JPG"", ""pcb2/Data/Images/Anomaly/027.JPG"", ""pcb2/Data/Images/Normal/0648.JPG""]",987fd59ce7f3bbc47c19d94b938eb556f8417228c6b8e00282689ac943d862a2,aaccc503aeb135e8bdfefd144fc7a8655a3fe10f43c9c1680c46aef7f7de3d4c,"[1, 0, 1, 1, 1, 0]"
288,2,288,"[""pipe_fryum/Data/Images/Anomaly/040.JPG"", ""pcb1/Data/Images/Anomaly/029.JPG"", ""macaroni1/Data/Images/Normal/0844.JPG"", ""pcb1/Data/Images/Normal/0518.JPG"", ""macaroni2/Data/Images/Normal/0427.JPG"", ""macaroni2/Data/Images/Anomaly/074.JPG""]",1230b0ea91f6988329623d210c318e69627ec7fdde37f44619062de2c0851071,28ed4a029f15cc06d63dd8557afdc44da80e11586e97cec7c41240f697a4f2d0,"[1, 1, 0, 0, 0, 1]"
289,2,289,"[""pipe_fryum/Data/Images/Normal/104.JPG"", ""candle/Data/Images/Normal/0619.JPG"", ""pcb3/Data/Images/Anomaly/040.JPG"", ""pcb1/Data/Images/Normal/0027.JPG"", ""pipe_fryum/Data/Images/Anomaly/021.JPG"", ""chewinggum/Data/Images/Anomaly/051.JPG""]",82cd6e18232dcb4cdd9c37a92c8edeae53a75a43a13091342800bb78a2a362de,30df17e3c5f9cf9d5fa725ff9f23c1fb9fbfcf0c825f000533dbb75b04353ae5,"[0, 0, 1, 0, 1, 1]"
290,2,290,"[""macaroni2/Data/Images/Normal/0629.JPG"", ""capsules/Data/Images/Anomaly/035.JPG"", ""pcb2/Data/Images/Normal/0654.JPG"", ""pipe_fryum/Data/Images/Normal/344.JPG"", ""pcb1/Data/Images/Anomaly/002.JPG"", ""pcb1/Data/Images/Anomaly/033.JPG""]",0479070c25611edf95d1669525b471b073826bce85c06637fa3102d17cf55488,f3a2aa663939fe547903b452a32debc41a18c5fee10de2265e4ef3da6e071b2f,"[0, 1, 0, 0, 1, 1]"
291,2,291,"[""macaroni1/Data/Images/Normal/0427.JPG"", ""capsules/Data/Images/Anomaly/058.JPG"", ""pcb1/Data/Images/Anomaly/074.JPG"", ""fryum/Data/Images/Normal/013.JPG"", ""candle/Data/Images/Normal/0286.JPG"", ""pcb4/Data/Images/Normal/0730.JPG""]",5403509d9e1b4b8af80618b74a04e090fc4f2c1815374f866a42080adfbf5a54,a45db6f8deca011ab884f7e3202654fcc7a69afcd38bb3c3004be50a6d0508c8,"[0, 1, 1, 0, 0, 0]"
292,2,292,"[""macaroni2/Data/Images/Anomaly/048.JPG"", ""candle/Data/Images/Normal/0518.JPG"", ""macaroni2/Data/Images/Normal/0800.JPG"", ""chewinggum/Data/Images/Anomaly/006.JPG"", ""macaroni1/Data/Images/Normal/0178.JPG"", ""capsules/Data/Images/Normal/303.JPG""]",476b34cf8930892e6fcafc92b109c2e3db3771b7a58e3c8e5e86b7a2d3f1dace,b400150c4166eb72d3448925ce0f7f8ad2c91dc8933bd256c48387ed8fcdfde8,"[1, 0, 0, 1, 0, 0]"
293,2,293,"[""pcb2/Data/Images/Normal/0514.JPG"", ""capsules/Data/Images/Normal/261.JPG"", ""macaroni1/Data/Images/Normal/0552.JPG"", ""pcb2/Data/Images/Normal/0811.JPG"", ""chewinggum/Data/Images/Anomaly/070.JPG"", ""macaroni2/Data/Images/Anomaly/046.JPG""]",44f2ae69ddc3642c4a251a4273fcdb167b36c13676f467c3a2ed58ab20654c47,aca144f9f6912bfd84018c9ceb2c480535999e0ffac0b1a99bf7fafc96858cee,"[0, 0, 0, 0, 1, 1]"
294,2,294,"[""pcb3/Data/Images/Anomaly/028.JPG"", ""pcb2/Data/Images/Anomaly/093.JPG"", ""pcb3/Data/Images/Normal/0215.JPG"", ""pcb4/Data/Images/Anomaly/009.JPG"", ""candle/Data/Images/Normal/0923.JPG"", ""chewinggum/Data/Images/Anomaly/097.JPG""]",332a25001679b78b6419c73d63ac9fb00e088ffc048b620199559d7049a95295,191b4f5d962d60a416b66b9016c60a06c9bfc9b5a8420cdfc23cde0bca654560,"[1, 1, 0, 1, 0, 1]"
295,2,295,"[""candle/Data/Images/Anomaly/095.JPG"", ""pcb3/Data/Images/Anomaly/075.JPG"", ""fryum/Data/Images/Anomaly/072.JPG"", ""capsules/Data/Images/Anomaly/091.JPG"", ""pipe_fryum/Data/Images/Normal/050.JPG"", ""cashew/Data/Images/Normal/087.JPG""]",7d5e885b4a7fbfd4a9430c4d82798a8a2e7fe00ae780edc8b26d89bc0737adb0,99ca619972082fc9c133c9ed0517bac58e690d9e1c16960bac462ffe0c032bb5,"[1, 1, 1, 1, 0, 0]"
296,2,296,"[""pipe_fryum/Data/Images/Anomaly/037.JPG"", ""macaroni1/Data/Images/Normal/0688.JPG"", ""pcb4/Data/Images/Anomaly/081.JPG"", ""pcb1/Data/Images/Normal/0725.JPG"", ""pcb3/Data/Images/Normal/0751.JPG"", ""pcb2/Data/Images/Normal/0363.JPG""]",7b7a61cfee0cae310e82822db10eeffe18b4562774637a9eae1c9810d0a29e59,fcbe04593c292c8ad766ebe2f8b6599a315c34d73549c015798209c6012d10ae,"[1, 0, 1, 0, 0, 0]"
297,2,297,"[""pcb3/Data/Images/Anomaly/009.JPG"", ""macaroni2/Data/Images/Normal/0208.JPG"", ""chewinggum/Data/Images/Anomaly/071.JPG"", ""chewinggum/Data/Images/Anomaly/090.JPG"", ""pcb4/Data/Images/Normal/0215.JPG"", ""pcb4/Data/Images/Normal/0046.JPG""]",76628c90e8203a65fb2b6f69bd33ae357dd8ec35ebc5a34d759db6924a2bd45f,d87473c99cbcb65bf033b70506cd39ad96f0a97e09fe2e7024fd94f5fe19e13b,"[1, 0, 1, 1, 0, 0]"
298,2,298,"[""pipe_fryum/Data/Images/Normal/405.JPG"", ""candle/Data/Images/Normal/0725.JPG"", ""pcb1/Data/Images/Anomaly/051.JPG"", ""pcb1/Data/Images/Normal/0705.JPG"", ""pcb3/Data/Images/Normal/0739.JPG"", ""pipe_fryum/Data/Images/Anomaly/013.JPG""]",2670f53929bb4c7f6a93f3b3a943ee032a96760b799bf7f75de98653983d1ff8,55c07970bcc6f45966037af9f731955f6aeab8d78bcc77fa40408751c8ff60e7,"[0, 0, 1, 0, 0, 1]"
299,2,299,"[""pcb1/Data/Images/Normal/0797.JPG"", ""pcb1/Data/Images/Anomaly/026.JPG"", ""pcb2/Data/Images/Anomaly/024.JPG"", ""fryum/Data/Images/Anomaly/094.JPG"", ""pcb2/Data/Images/Anomaly/018.JPG"", ""candle/Data/Images/Normal/0996.JPG""]",a3a87d479b1d09e8868c2534161d8e4a559cabe9f933bceb3f7ec9df59e6fb9b,a86c0b100ad3eed0bb4ea00df7207795abd3c655631a33ae4aedcf08443cf0d9,"[0, 1, 1, 1, 1, 0]"
300,2,300,"[""cashew/Data/Images/Anomaly/069.JPG"", ""pcb4/Data/Images/Normal/0363.JPG"", ""pcb4/Data/Images/Anomaly/083.JPG"", ""candle/Data/Images/Anomaly/063.JPG"", ""capsules/Data/Images/Anomaly/076.JPG"", ""chewinggum/Data/Images/Normal/181.JPG""]",456e25f9b892f9387411218b7c590b4d9599ff83879a85544b2800b049cdc6a3,8ea7808abec34a606e5f2d672e2880d3ebbef740317ab88f9574aac852bf8c6a,"[1, 0, 1, 1, 1, 0]"
301,2,301,"[""candle/Data/Images/Normal/0615.JPG"", ""pcb1/Data/Images/Normal/0237.JPG"", ""pcb4/Data/Images/Anomaly/001.JPG"", ""candle/Data/Images/Anomaly/083.JPG"", ""candle/Data/Images/Anomaly/054.JPG"", ""pcb4/Data/Images/Anomaly/056.JPG""]",d774ccf8e134974866027f851fbe5e8faa20b2f8f289da5beaf96c2a740de396,2ab0f4b299984f6ef4ec95e36a8bc556f7b0edf4fb6dc54f4b1aebfd85ec66c6,"[0, 0, 1, 1, 1, 1]"
302,2,302,"[""macaroni2/Data/Images/Anomaly/069.JPG"", ""chewinggum/Data/Images/Normal/087.JPG"", ""capsules/Data/Images/Anomaly/066.JPG"", ""pcb4/Data/Images/Anomaly/018.JPG"", ""pcb3/Data/Images/Normal/0615.JPG"", ""macaroni2/Data/Images/Normal/0237.JPG""]",7b0dbc31ab907e05643201c4c96fa14e8b9df480d901d5f2debc484c0f6cdd18,9ae2bdc25c35394a60c513ef22f59a8324d4da1243c7ff6555dff5ec0b580535,"[1, 0, 1, 1, 0, 0]"
303,2,303,"[""cashew/Data/Images/Anomaly/084.JPG"", ""macaroni2/Data/Images/Anomaly/098.JPG"", ""pcb2/Data/Images/Normal/0900.JPG"", ""pcb3/Data/Images/Normal/0100.JPG"", ""cashew/Data/Images/Anomaly/089.JPG"", ""pipe_fryum/Data/Images/Normal/012.JPG""]",3d2eb0e31590448f7053fd272ace29ba15ef7ca212744550ae00ec0b272fd79f,0609f5c9ca5c4c5a2c52485f2e81e1d8ddb7e918fa561ef1341a94b3f6e903fc,"[1, 1, 0, 0, 1, 0]"
304,2,304,"[""macaroni2/Data/Images/Normal/0659.JPG"", ""cashew/Data/Images/Normal/352.JPG"", ""chewinggum/Data/Images/Anomaly/040.JPG"", ""pcb1/Data/Images/Normal/0940.JPG"", ""macaroni1/Data/Images/Anomaly/026.JPG"", ""pcb4/Data/Images/Anomaly/055.JPG""]",24dba4cfbf229aec262146ad58c7adf62e575e2ea188123c19be2ebc70978b2d,922a14b58d528c4f92424c274c724ad500bbb8b5130fdaefa6bd9cf215e0f547,"[0, 0, 1, 0, 1, 1]"
305,2,305,"[""fryum/Data/Images/Normal/337.JPG"", ""macaroni1/Data/Images/Anomaly/020.JPG"", ""macaroni1/Data/Images/Anomaly/069.JPG"", ""pcb1/Data/Images/Normal/0417.JPG"", ""pcb1/Data/Images/Normal/0261.JPG"", ""macaroni1/Data/Images/Anomaly/092.JPG""]",8c5aa3f39f13f49a1976820f5c917be4172f247050f20943716ee7d53bd07e80,e56ad2d59bff57709925d6fdd4104501a31c6a09169ea93db0d21dc71cab8a52,"[0, 1, 1, 0, 0, 1]"
306,2,306,"[""pcb1/Data/Images/Normal/0423.JPG"", ""pcb2/Data/Images/Anomaly/061.JPG"", ""candle/Data/Images/Anomaly/048.JPG"", ""pcb2/Data/Images/Normal/0615.JPG"", ""chewinggum/Data/Images/Anomaly/017.JPG"", ""fryum/Data/Images/Anomaly/076.JPG""]",2ba7d735447d70200a6f00155fe9cff6bdaec6d7431098d75750aad3048357c6,d239723579d0e021989d4e2a00715e727bd082c5e85b8e16ce7c826841c0c9b5,"[0, 1, 1, 0, 1, 1]"
307,2,307,"[""pipe_fryum/Data/Images/Anomaly/074.JPG"", ""macaroni2/Data/Images/Anomaly/093.JPG"", ""pcb4/Data/Images/Normal/0107.JPG"", ""pcb1/Data/Images/Normal/0320.JPG"", ""pcb2/Data/Images/Normal/0178.JPG"", ""candle/Data/Images/Normal/0457.JPG""]",5116a20680da54886afc260cb98e7eafb3f0d5e352d041db741a5fa032ea2633,6f62e281cee354c00bd2d1b576412ad9b0bcd84e4e15939a5fcd2a22008e83a0,"[1, 1, 0, 0, 0, 0]"
308,2,308,"[""pcb4/Data/Images/Anomaly/076.JPG"", ""pipe_fryum/Data/Images/Normal/284.JPG"", ""macaroni1/Data/Images/Anomaly/019.JPG"", ""pcb4/Data/Images/Normal/0159.JPG"", ""pcb3/Data/Images/Anomaly/086.JPG"", ""pcb1/Data/Images/Anomaly/064.JPG""]",5a801d5cfb781b3822dde8247c9242921662b926a0d390b9f4beeec2775f8c3a,bec68724fbf2b28be71d023fa8b25a2840f7fc47cbd293e6180437222fada63e,"[1, 0, 1, 0, 1, 1]"
309,2,309,"[""fryum/Data/Images/Normal/367.JPG"", ""cashew/Data/Images/Anomaly/000.JPG"", ""macaroni1/Data/Images/Anomaly/012.JPG"", ""fryum/Data/Images/Anomaly/045.JPG"", ""pipe_fryum/Data/Images/Anomaly/096.JPG"", ""macaroni2/Data/Images/Normal/0525.JPG""]",8ef432b1f58e66add151240ac5ceb4a086ccf357508c81397c83466462ad5809,080ab42dd97720add7c816c33711cd68386f961da61d382632993f41978a01f8,"[0, 1, 1, 1, 1, 0]"
310,2,310,"[""capsules/Data/Images/Anomaly/069.JPG"", ""pcb1/Data/Images/Normal/0208.JPG"", ""pcb3/Data/Images/Normal/0796.JPG"", ""pcb1/Data/Images/Anomaly/037.JPG"", ""candle/Data/Images/Normal/0804.JPG"", ""pcb4/Data/Images/Anomaly/033.JPG""]",ad618f3ee92e54e166c249731f191248b06ce0e62b631068c5cf4fe92877aa4f,7918a037fca790c1fca3265d6055bc0f0eeeaeecadbf3ff2ca9393171799ab5d,"[1, 0, 0, 1, 0, 1]"
311,2,311,"[""candle/Data/Images/Anomaly/088.JPG"", ""pipe_fryum/Data/Images/Anomaly/018.JPG"", ""macaroni2/Data/Images/Normal/0100.JPG"", ""pcb3/Data/Images/Anomaly/019.JPG"", ""pipe_fryum/Data/Images/Anomaly/089.JPG"", ""pcb4/Data/Images/Normal/0871.JPG""]",a56372738f07b40237bf357823c42bcf378f96496e643fe7cda8fb09e84b15bc,6d400217a729180730eb1920f6dc2114bb92089a7d3bd1564b5b244ac4f00c1d,"[1, 1, 0, 1, 1, 0]"
312,2,312,"[""chewinggum/Data/Images/Anomaly/059.JPG"", ""chewinggum/Data/Images/Normal/143.JPG"", ""fryum/Data/Images/Anomaly/095.JPG"", ""capsules/Data/Images/Normal/159.JPG"", ""candle/Data/Images/Anomaly/052.JPG"", ""pcb3/Data/Images/Anomaly/017.JPG""]",655dbfbe769b2e6e468ca44be71f12bea5ab9a0c8fcc97b3e4a388d1cdfde744,fd079461c0bdcec6d34a9fedabd4c741163f70442654577d13907218947d0dfd,"[1, 0, 1, 0, 1, 1]"
313,2,313,"[""fryum/Data/Images/Anomaly/048.JPG"", ""fryum/Data/Images/Anomaly/068.JPG"", ""fryum/Data/Images/Anomaly/083.JPG"", ""pipe_fryum/Data/Images/Anomaly/009.JPG"", ""pcb2/Data/Images/Anomaly/026.JPG"", ""fryum/Data/Images/Normal/389.JPG""]",10331477c29ce60816de86eff419734f1a38c9d1e6e96cdb5b567154469371ea,5f89eaf9fbf9d25a7d2a8723083920af9771d2c4bf2fb2770164250d9ef29600,"[1, 1, 1, 1, 1, 0]"
314,2,314,"[""pcb1/Data/Images/Normal/0178.JPG"", ""pcb3/Data/Images/Anomaly/042.JPG"", ""capsules/Data/Images/Anomaly/025.JPG"", ""macaroni1/Data/Images/Normal/0923.JPG"", ""pcb4/Data/Images/Anomaly/053.JPG"", ""pcb2/Data/Images/Normal/0705.JPG""]",71a70c60b553b826c621ec995dcf4117747c1e82ed96ebd03d5bc4bbbf319961,7d05ee2d22ed88c7df6432426f839246c9005d9b8ffdfffce6c86d4d4d6763a8,"[0, 1, 1, 0, 1, 0]"
315,2,315,"[""pcb3/Data/Images/Anomaly/030.JPG"", ""pcb1/Data/Images/Anomaly/067.JPG"", ""pcb1/Data/Images/Anomaly/083.JPG"", ""fryum/Data/Images/Anomaly/043.JPG"", ""pcb4/Data/Images/Anomaly/060.JPG"", ""macaroni1/Data/Images/Normal/0569.JPG""]",61f79a16ae019c82d72f48d86479b7b8be7bf378b7ef1305941a7a605d29fb14,2615f831605b617b55cda07d8caea2ccd575b7b84905dfbffa00b0b2e0485dbc,"[1, 1, 1, 1, 1, 0]"
316,2,316,"[""macaroni1/Data/Images/Normal/0619.JPG"", ""fryum/Data/Images/Anomaly/052.JPG"", ""pcb3/Data/Images/Anomaly/037.JPG"", ""pcb4/Data/Images/Normal/0725.JPG"", ""fryum/Data/Images/Anomaly/070.JPG"", ""cashew/Data/Images/Normal/461.JPG""]",a7fa612d41f9635784193d310b3329f5e2802dabfa1f3a93316c8f9ee833101a,5486c51f82c95d0de902f2562962e6a456d1c61f7add4b817e2c1b9d9b1a707d,"[0, 1, 1, 0, 1, 0]"
317,2,317,"[""pcb1/Data/Images/Normal/0844.JPG"", ""pcb1/Data/Images/Normal/0333.JPG"", ""capsules/Data/Images/Anomaly/018.JPG"", ""candle/Data/Images/Normal/0621.JPG"", ""pcb2/Data/Images/Anomaly/094.JPG"", ""pcb2/Data/Images/Normal/0333.JPG""]",f6e0fcbdb106ea60df8b8a879f0e7070beafaf52f77487be89deef4bc6f0d8c4,faae7515917168eebd46b0f61bcbec9e03a95be360cd4321af14f1ba88cf8b99,"[0, 0, 1, 0, 1, 0]"
318,2,318,"[""fryum/Data/Images/Normal/309.JPG"", ""pcb3/Data/Images/Anomaly/098.JPG"", ""chewinggum/Data/Images/Anomaly/000.JPG"", ""pcb3/Data/Images/Anomaly/010.JPG"", ""cashew/Data/Images/Anomaly/092.JPG"", ""fryum/Data/Images/Anomaly/015.JPG""]",8657514f1cda3bbd6b41f34745b0cb4644317084dc383ad3d1301e0673e87289,1a54066e830fcadd86bee074ef9fc36edee65a015125f95125ff48545042fc22,"[0, 1, 1, 1, 1, 1]"
319,2,319,"[""candle/Data/Images/Normal/0985.JPG"", ""pcb2/Data/Images/Anomaly/030.JPG"", ""candle/Data/Images/Normal/0168.JPG"", ""capsules/Data/Images/Normal/402.JPG"", ""pcb1/Data/Images/Normal/0952.JPG"", ""candle/Data/Images/Anomaly/030.JPG""]",6e835eec53252ab7fcb6a24960a7da2f9bc0d322d521cdffe843ddeea8d3431b,2454635b9519fc79d3a826309ca9a54a065e65aa6ef63bbff603ca25c32e9934,"[0, 1, 0, 0, 0, 1]"
320,2,320,"[""chewinggum/Data/Images/Anomaly/046.JPG"", ""capsules/Data/Images/Anomaly/053.JPG"", ""pcb1/Data/Images/Anomaly/007.JPG"", ""macaroni2/Data/Images/Normal/0685.JPG"", ""pcb4/Data/Images/Anomaly/059.JPG"", ""cashew/Data/Images/Anomaly/025.JPG""]",e9730a4504f801cadddb460fa8eca2702ea76ea01822ace477ab9c5a6cf73674,1f4178b825a9d5d69769c5020df75e17f080a39a7fe2830829118c4958d8c17b,"[1, 1, 1, 0, 1, 1]"
321,2,321,"[""pcb2/Data/Images/Normal/0923.JPG"", ""pcb3/Data/Images/Normal/0261.JPG"", ""cashew/Data/Images/Normal/398.JPG"", ""chewinggum/Data/Images/Anomaly/045.JPG"", ""capsules/Data/Images/Anomaly/004.JPG"", ""pcb4/Data/Images/Anomaly/094.JPG""]",50ef6f2f3d51cef98b9c9bed578cb780bcfe5565ff5b2aa710d4d316a46e9718,a3246f283510b8b841c45a4a110d3d72fc622e052c6130d9859e3f2556cc8bbe,"[0, 0, 0, 1, 1, 1]"
322,2,322,"[""pcb4/Data/Images/Anomaly/008.JPG"", ""macaroni2/Data/Images/Anomaly/041.JPG"", ""capsules/Data/Images/Anomaly/028.JPG"", ""pcb3/Data/Images/Normal/0483.JPG"", ""pcb2/Data/Images/Anomaly/043.JPG"", ""macaroni1/Data/Images/Normal/0187.JPG""]",0651316dd4243ba4f3fcb5d7cd7e952e186d1b7ddb8989e302db09a2c95d4422,a9dfcd7591b873b91109e7fd07dc488fdc5f0853b87adcc4199ebd542dc5dab9,"[1, 1, 1, 0, 1, 0]"
323,2,323,"[""macaroni1/Data/Images/Normal/0804.JPG"", ""pcb1/Data/Images/Anomaly/000.JPG"", ""capsules/Data/Images/Normal/377.JPG"", ""macaroni2/Data/Images/Normal/0967.JPG"", ""pcb4/Data/Images/Anomaly/021.JPG"", ""cashew/Data/Images/Normal/260.JPG""]",007104e4bea2414d87d64a0842d7985d2b6cbe6d8733e843cc62f577e9833baf,314a6cbb58d6ea25559d444335cd708b53c7d9201e159ae513f81a379937d59d,"[0, 1, 0, 0, 1, 0]"
324,2,324,"[""capsules/Data/Images/Anomaly/045.JPG"", ""pcb4/Data/Images/Normal/0100.JPG"", ""macaroni2/Data/Images/Normal/0844.JPG"", ""macaroni2/Data/Images/Anomaly/073.JPG"", ""pcb3/Data/Images/Normal/0196.JPG"", ""pcb4/Data/Images/Anomaly/010.JPG""]",ba93aa866e7b0e82764e1930d9c5668d698bdd8b494ddcda1babbb5dc2ccd512,58ff4d1184a81e05f6d67f8fd98460c6eae96b39f0cabd043cae29910f71ddc0,"[1, 0, 0, 1, 0, 1]"
325,2,325,"[""pipe_fryum/Data/Images/Normal/006.JPG"", ""macaroni1/Data/Images/Normal/0518.JPG"", ""cashew/Data/Images/Anomaly/004.JPG"", ""macaroni1/Data/Images/Anomaly/091.JPG"", ""fryum/Data/Images/Anomaly/073.JPG"", ""macaroni2/Data/Images/Anomaly/085.JPG""]",3c0c65bf43bfa7dcd6396ea0f7b51ec8afa72cf8c37060da4d0702ac0333e6af,6679d73f3c7fc7184183ba26f736f9b7c10bf54f537a3ad14633460094636f5a,"[0, 0, 1, 1, 1, 1]"
326,2,326,"[""candle/Data/Images/Normal/0967.JPG"", ""macaroni2/Data/Images/Normal/0016.JPG"", ""pcb4/Data/Images/Normal/0377.JPG"", ""pcb1/Data/Images/Normal/0013.JPG"", ""fryum/Data/Images/Anomaly/011.JPG"", ""pcb3/Data/Images/Anomaly/014.JPG""]",8dbbca51b940742538e9e6752ab40ad684e27a08df6c519d4b508de001218bf1,466c8c105065516942f6738a104308127f751feefac8635c81f04332f7923361,"[0, 0, 0, 0, 1, 1]"
327,2,327,"[""pcb4/Data/Images/Anomaly/015.JPG"", ""pcb3/Data/Images/Normal/0994.JPG"", ""fryum/Data/Images/Anomaly/005.JPG"", ""macaroni1/Data/Images/Anomaly/044.JPG"", ""candle/Data/Images/Anomaly/069.JPG"", ""macaroni2/Data/Images/Anomaly/027.JPG""]",5bdfc32c047835013facc6555c9baba3f9cfefffb4db4c597f4a0a0381dd8c22,1f275726e6303a977445ba18209b0aa28b8b54f37e35b7f6ff35355a5efc04ab,"[1, 0, 1, 1, 1, 1]"
328,2,328,"[""chewinggum/Data/Images/Normal/276.JPG"", ""macaroni2/Data/Images/Anomaly/001.JPG"", ""pcb2/Data/Images/Normal/0286.JPG"", ""pcb1/Data/Images/Normal/0016.JPG"", ""macaroni2/Data/Images/Normal/0490.JPG"", ""chewinggum/Data/Images/Normal/050.JPG""]",57f0807a99b90658e6fe99f9ff08c4e6d2809c3bccddf5d20f454c215fcd2636,6fb7542ec1406130d357563715cbc7c63130f89466f85985c2b83614975fa3cc,"[0, 1, 0, 0, 0, 0]"
329,2,329,"[""capsules/Data/Images/Anomaly/017.JPG"", ""pcb4/Data/Images/Anomaly/063.JPG"", ""pcb2/Data/Images/Normal/0974.JPG"", ""candle/Data/Images/Anomaly/002.JPG"", ""pcb4/Data/Images/Anomaly/085.JPG"", ""pcb4/Data/Images/Normal/0844.JPG""]",bb753a7fa2e4d8862f5c105a6820c0a18a772fe66b6def9f656dbf9e6adb838e,55bf7e82f499dc1b3119dee4f20ee9791fc754a6d80f85c7fe4a41da4e683eae,"[1, 1, 0, 1, 1, 0]"
330,2,330,"[""pcb3/Data/Images/Normal/0952.JPG"", ""candle/Data/Images/Normal/0694.JPG"", ""macaroni1/Data/Images/Normal/0690.JPG"", ""candle/Data/Images/Anomaly/016.JPG"", ""capsules/Data/Images/Normal/208.JPG"", ""candle/Data/Images/Anomaly/031.JPG""]",4340d28806937eb9031f589127675eec148c0a0d38a6c396e365b003b977dc79,9793fd663b2394e36343972c02d5a855243ac79859e27395df62c3d81d36887c,"[0, 0, 0, 1, 0, 1]"
331,2,331,"[""pcb4/Data/Images/Normal/0569.JPG"", ""chewinggum/Data/Images/Normal/244.JPG"", ""pcb2/Data/Images/Normal/0261.JPG"", ""pcb4/Data/Images/Anomaly/058.JPG"", ""pcb1/Data/Images/Normal/0684.JPG"", ""macaroni2/Data/Images/Normal/0187.JPG""]",f4360923d79b46fbed1778ba5f6cf966694ee3503dffddd23300270fcf76f323,c148cba103e30e14c281804828ca5a3ef9af53d47efaf0ef07f7c1690fa6a90a,"[0, 0, 0, 1, 0, 0]"
332,2,332,"[""candle/Data/Images/Normal/0107.JPG"", ""cashew/Data/Images/Anomaly/022.JPG"", ""pcb2/Data/Images/Anomaly/004.JPG"", ""pcb3/Data/Images/Normal/0187.JPG"", ""cashew/Data/Images/Normal/276.JPG"", ""chewinggum/Data/Images/Normal/228.JPG""]",50ce2e3e4bc4caf4fbf889a24d260b12735c46d0d526401305d773da3a877600,9d9601585a9fa54793ea8d5d94bdc24bae926a77dd12726e2c2dd1ad58fffd99,"[0, 1, 1, 0, 0, 0]"
333,2,333,"[""fryum/Data/Images/Normal/084.JPG"", ""pcb3/Data/Images/Normal/0764.JPG"", ""candle/Data/Images/Anomaly/058.JPG"", ""pcb2/Data/Images/Anomaly/084.JPG"", ""pcb3/Data/Images/Anomaly/052.JPG"", ""capsules/Data/Images/Normal/333.JPG""]",ed7d1c9e7395296ef71f8276fd259f0699162a5f4151530852ae8417025cb2be,1ff9ca2f24a8a4dbea2e521df10a7460439c8c70915522a6a831b257c2907929,"[0, 0, 1, 1, 1, 0]"
334,2,334,"[""cashew/Data/Images/Anomaly/052.JPG"", ""pcb3/Data/Images/Anomaly/074.JPG"", ""pcb2/Data/Images/Normal/0997.JPG"", ""cashew/Data/Images/Anomaly/098.JPG"", ""cashew/Data/Images/Normal/405.JPG"", ""pcb1/Data/Images/Anomaly/048.JPG""]",3e03435db3dda2bdab9bb8e1fd2c768960ff62bdbdec4bcca589b305155de1cb,35cf8a40693fff38c6c9f39a4c0092c305f7faccb75fc834835a10159b2b66e5,"[1, 1, 0, 1, 0, 1]"
335,2,335,"[""cashew/Data/Images/Anomaly/031.JPG"", ""pcb3/Data/Images/Anomaly/087.JPG"", ""pcb3/Data/Images/Anomaly/054.JPG"", ""pcb2/Data/Images/Normal/0768.JPG"", ""capsules/Data/Images/Normal/514.JPG"", ""pipe_fryum/Data/Images/Anomaly/083.JPG""]",3434b4fceccdb28a102bbc9a065592eab376a89b2dc149f4028b989525bce4d0,ea04aff56dfcf3be08e1161f15d8833705486c4b63512f4fba81efe2c35fc21f,"[1, 1, 1, 0, 0, 1]"
336,2,336,"[""macaroni2/Data/Images/Anomaly/021.JPG"", ""macaroni1/Data/Images/Normal/0423.JPG"", ""pcb2/Data/Images/Normal/0479.JPG"", ""pcb3/Data/Images/Normal/0377.JPG"", ""candle/Data/Images/Normal/0306.JPG"", ""capsules/Data/Images/Normal/294.JPG""]",f2cee0648ced6854b1d4cb3878fd2d55038127c51e5335c87aee5c24878d7269,c1e26ffd524dcee74012fe96c8831bb41e8263881858d322542f771b2736bc4c,"[1, 0, 0, 0, 0, 0]"
337,2,337,"[""candle/Data/Images/Anomaly/065.JPG"", ""macaroni1/Data/Images/Anomaly/013.JPG"", ""pcb1/Data/Images/Anomaly/092.JPG"", ""cashew/Data/Images/Anomaly/030.JPG"", ""pcb4/Data/Images/Normal/0545.JPG"", ""fryum/Data/Images/Anomaly/046.JPG""]",3151a820f0628843abbe244986c599a670dadd8c00db930287fc3591e6cef71d,ecd52e256622eff64148569fcb823c0129a9cd7c6a41a028a5aff0319b726621,"[1, 1, 1, 1, 0, 1]"
338,2,338,"[""pcb2/Data/Images/Anomaly/028.JPG"", ""pcb4/Data/Images/Normal/0631.JPG"", ""pcb3/Data/Images/Normal/0427.JPG"", ""fryum/Data/Images/Anomaly/080.JPG"", ""macaroni1/Data/Images/Normal/0796.JPG"", ""pcb4/Data/Images/Anomaly/062.JPG""]",253e8673dcb9b0a680ce12536535f65f04dda47ff7d303d2b833702ece3bf043,4cd77b025970074d0494e77318a40ebce316da6c870ef3fb3e882e0049642fc9,"[1, 0, 0, 1, 0, 1]"
339,2,339,"[""pcb1/Data/Images/Anomaly/016.JPG"", ""candle/Data/Images/Normal/0688.JPG"", ""pcb1/Data/Images/Normal/0107.JPG"", ""pcb1/Data/Images/Anomaly/014.JPG"", ""pipe_fryum/Data/Images/Normal/013.JPG"", ""macaroni2/Data/Images/Normal/0985.JPG""]",1f825698f54d131247895b581cb286db3b339b60102a234dfbd0666b2002c123,b8b38e1ff5a2e0889761cfca33b391eed5f5ca164a1be43b36775f1ef5918270,"[1, 0, 0, 1, 0, 0]"
340,2,340,"[""capsules/Data/Images/Anomaly/037.JPG"", ""pcb3/Data/Images/Anomaly/045.JPG"", ""pcb2/Data/Images/Normal/0797.JPG"", ""pcb3/Data/Images/Anomaly/002.JPG"", ""pcb3/Data/Images/Anomaly/032.JPG"", ""pcb2/Data/Images/Anomaly/071.JPG""]",a35f3fb467a102117a098760d96e6d8d4cfe39a5aa1fbf7e2bf7378a8239f85b,bf5ebe629f25d3166e0ae08ca4c0f8686209853685d73f03a9a25094cc012181,"[1, 1, 0, 1, 1, 1]"
341,2,341,"[""pcb2/Data/Images/Normal/0400.JPG"", ""candle/Data/Images/Normal/0952.JPG"", ""pcb1/Data/Images/Normal/0800.JPG"", ""fryum/Data/Images/Anomaly/051.JPG"", ""cashew/Data/Images/Anomaly/093.JPG"", ""pcb4/Data/Images/Anomaly/091.JPG""]",6d7f79bae4cc4fdfaa7d950018016d707e6b359fb43718b3ab1ee68e6a63f94c,1d6a30b8f8ed4bd47c5bf553734a31b60b360fb013d889746afcb5e77b085ba5,"[0, 0, 0, 1, 1, 1]"
342,2,342,"[""pcb4/Data/Images/Normal/0994.JPG"", ""pcb4/Data/Images/Anomaly/082.JPG"", ""candle/Data/Images/Normal/0892.JPG"", ""macaroni2/Data/Images/Anomaly/038.JPG"", ""cashew/Data/Images/Normal/148.JPG"", ""pcb3/Data/Images/Anomaly/026.JPG""]",d1173758b85cb27f9fad46be369f9fa26d5b0a49eb6ef81c1f8d8472d95fe03e,89fbe5d725fb4f358221bf52af59ffb17befe02318473356345e93dfc187018b,"[0, 1, 0, 1, 0, 1]"
343,2,343,"[""chewinggum/Data/Images/Anomaly/058.JPG"", ""candle/Data/Images/Anomaly/085.JPG"", ""pcb3/Data/Images/Normal/0237.JPG"", ""pcb3/Data/Images/Normal/0011.JPG"", ""capsules/Data/Images/Anomaly/038.JPG"", ""pcb3/Data/Images/Normal/0631.JPG""]",e2e97a58bf8751a655a9206ef2dee1ab3d5f7557395fa541c07230d2f650807d,9cdd0946cc16db3ee79e1129cdafd55daf7b9adb17e61d7faa0f96e80fe1c662,"[1, 1, 0, 0, 1, 0]"
344,2,344,"[""macaroni1/Data/Images/Anomaly/029.JPG"", ""cashew/Data/Images/Normal/084.JPG"", ""pcb4/Data/Images/Normal/0016.JPG"", ""pipe_fryum/Data/Images/Anomaly/057.JPG"", ""candle/Data/Images/Anomaly/033.JPG"", ""pcb2/Data/Images/Anomaly/047.JPG""]",7db36aa0c2027acb3a81ca8144f3e0185e37d1c0a53ba4ba901ba477b5965e22,4f37c3d5dac214e604aadc122e9408ac928e25a63bcf2393d4731d422bc2ff68,"[1, 0, 0, 1, 1, 1]"
345,2,345,"[""pcb1/Data/Images/Normal/0427.JPG"", ""pcb1/Data/Images/Normal/0545.JPG"", ""capsules/Data/Images/Anomaly/001.JPG"", ""cashew/Data/Images/Normal/337.JPG"", ""pcb1/Data/Images/Normal/0483.JPG"", ""pcb4/Data/Images/Anomaly/068.JPG""]",0b533baaf1e2de749e2d77a5c636b227cb660ff9b457668dee1f108d71645f63,49a1b9b57a26e7b94cdc378a621965f004ad902135e7a68a7f173b6ef494c2c5,"[0, 0, 1, 0, 0, 1]"
346,2,346,"[""pcb2/Data/Images/Normal/0784.JPG"", ""pcb1/Data/Images/Anomaly/032.JPG"", ""capsules/Data/Images/Anomaly/022.JPG"", ""pcb1/Data/Images/Anomaly/082.JPG"", ""pcb4/Data/Images/Anomaly/049.JPG"", ""macaroni1/Data/Images/Normal/0237.JPG""]",4e390db1e07db4ca06d4ea0b61a26c34be71320f4d74936853ca18ebcd06665c,658968fbe5051ac014b6e3bd5edb79a27237ac64c4d93953da74a895136db479,"[0, 1, 1, 1, 1, 0]"
347,2,347,"[""pcb2/Data/Images/Normal/0172.JPG"", ""macaroni1/Data/Images/Anomaly/028.JPG"", ""cashew/Data/Images/Anomaly/051.JPG"", ""pipe_fryum/Data/Images/Normal/461.JPG"", ""cashew/Data/Images/Anomaly/027.JPG"", ""pcb1/Data/Images/Anomaly/003.JPG""]",088a500056f6f857f40c0b692191f45aceb88e11ce337d40330f6ae0c6af268a,e991bd8d6fe0627b42c08a4a3ba79f15cf7fa30edce67964cab017ef9587fe1a,"[0, 1, 1, 0, 1, 1]"
348,2,348,"[""candle/Data/Images/Normal/0520.JPG"", ""cashew/Data/Images/Anomaly/065.JPG"", ""pcb2/Data/Images/Anomaly/079.JPG"", ""cashew/Data/Images/Anomaly/091.JPG"", ""pcb3/Data/Images/Normal/0690.JPG"", ""pcb2/Data/Images/Anomaly/057.JPG""]",efe6ab941c6bcb89c563d9946047c5b5978580ec208070953ef2ffb76a9b743e,6e912a009444ae9ad1b619fe82a3603548719e1fea92ba2431d39db5c6d8c00f,"[0, 1, 1, 1, 0, 1]"
349,2,349,"[""pcb1/Data/Images/Anomaly/088.JPG"", ""macaroni1/Data/Images/Normal/0170.JPG"", ""macaroni1/Data/Images/Normal/0294.JPG"", ""pcb3/Data/Images/Anomaly/091.JPG"", ""macaroni2/Data/Images/Normal/0790.JPG"", ""macaroni1/Data/Images/Normal/0306.JPG""]",72cd541b28550e33be25b8f2873b9d309b36c0f3f26d1040bacc8a2c7f7f16c6,f24e6a68c7b35f5f04e91de7bbd101bea8b1ed76af1dfbd2c243c78f8cfcabdc,"[1, 0, 0, 1, 0, 0]"
350,2,350,"[""macaroni1/Data/Images/Normal/0974.JPG"", ""candle/Data/Images/Anomaly/034.JPG"", ""pcb3/Data/Images/Anomaly/029.JPG"", ""macaroni2/Data/Images/Anomaly/062.JPG"", ""candle/Data/Images/Normal/0935.JPG"", ""cashew/Data/Images/Normal/467.JPG""]",cb41044230ee61d516654edb2cf0a28a56bd6a71f411c10b3a7a0b841080aca0,74b617d59ece4cfae8e351a6f2b5aa2fb8aea8c027922fcaae6697a82b9bd0d5,"[0, 1, 1, 1, 0, 0]"
351,2,351,"[""pcb3/Data/Images/Normal/0417.JPG"", ""capsules/Data/Images/Normal/580.JPG"", ""macaroni1/Data/Images/Anomaly/053.JPG"", ""pcb1/Data/Images/Anomaly/011.JPG"", ""pcb3/Data/Images/Normal/0977.JPG"", ""capsules/Data/Images/Anomaly/021.JPG""]",b1b961a603a72c764f527c0ab09594ee30e342feb4a8ed806ce5c29adc3b7ccc,e64b29a45f2032795bf910a09ac8e98c76258fbcffe6771d8a6de57f23b526cb,"[0, 0, 1, 1, 0, 1]"
352,2,352,"[""pcb2/Data/Images/Normal/0755.JPG"", ""pcb1/Data/Images/Anomaly/099.JPG"", ""pcb4/Data/Images/Anomaly/017.JPG"", ""cashew/Data/Images/Anomaly/054.JPG"", ""candle/Data/Images/Normal/0648.JPG"", ""pcb4/Data/Images/Normal/0196.JPG""]",116a2607348d473f292419c5b77911d4e310b283c9d00f8a2688628c66864969,75540bea7eaa38210bd74546906360dc48af84c18a153995c0deb2b7ea99efe9,"[0, 1, 1, 1, 0, 0]"
353,2,353,"[""pcb2/Data/Images/Normal/0208.JPG"", ""pcb1/Data/Images/Anomaly/087.JPG"", ""candle/Data/Images/Normal/0674.JPG"", ""pcb1/Data/Images/Normal/0400.JPG"", ""pcb1/Data/Images/Anomaly/073.JPG"", ""candle/Data/Images/Normal/0013.JPG""]",98e47d036f99447958728372aa21928219cc817ce7e664b7ac4cee0380775e1a,8fabd2673fef020caa630fb0b69c49dbc00c947390b365d97ad702f033ed922a,"[0, 1, 0, 0, 1, 0]"
354,2,354,"[""pipe_fryum/Data/Images/Anomaly/012.JPG"", ""pcb3/Data/Images/Normal/0768.JPG"", ""macaroni2/Data/Images/Normal/0725.JPG"", ""pcb2/Data/Images/Normal/0631.JPG"", ""macaroni2/Data/Images/Normal/0402.JPG"", ""capsules/Data/Images/Anomaly/056.JPG""]",0c3af3dd36a2ae08884ca3f4e8db4b391a5d29cb09d47b193c1093845926866d,29e3f950a16366a97a4f81ec213cbcdca6053f662eda033cd3ec873b9e996212,"[1, 0, 0, 0, 0, 1]"
355,2,355,"[""pcb3/Data/Images/Normal/0800.JPG"", ""cashew/Data/Images/Normal/344.JPG"", ""pcb4/Data/Images/Normal/0804.JPG"", ""cashew/Data/Images/Anomaly/073.JPG"", ""macaroni1/Data/Images/Anomaly/096.JPG"", ""capsules/Data/Images/Normal/240.JPG""]",cebabd30dde5a862b8e13b874a76c4ff9629c75a5a1fbe80bd25a5f0511d7abe,fa020a77c90d89286c5f70d433cbdc33aa34ada83bf1023495e4bf910d7367e5,"[0, 0, 0, 1, 1, 0]"
356,2,356,"[""pcb2/Data/Images/Normal/0629.JPG"", ""pcb1/Data/Images/Anomaly/036.JPG"", ""macaroni1/Data/Images/Normal/0952.JPG"", ""pcb3/Data/Images/Anomaly/078.JPG"", ""fryum/Data/Images/Anomaly/037.JPG"", ""chewinggum/Data/Images/Anomaly/066.JPG""]",0c704235fb3692cabbef3a80c9c7de337c3e37ae06b7056ef527830693c50813,ae5444c4750d583ed80fc152858da9d407000e917d33a2bad2a726c2ee81cc93,"[0, 1, 0, 1, 1, 1]"
357,2,357,"[""cashew/Data/Images/Normal/377.JPG"", ""pipe_fryum/Data/Images/Anomaly/069.JPG"", ""macaroni2/Data/Images/Normal/0796.JPG"", ""pcb1/Data/Images/Anomaly/035.JPG"", ""pipe_fryum/Data/Images/Anomaly/003.JPG"", ""pcb2/Data/Images/Anomaly/064.JPG""]",815d393d48b2ce140c92474234e4ca0f2050b3ba59afd18a7b7fde834925bfdf,efaf2ee6c697e2880803af858b1ec28fa9077105889babf4d2e8cf52d19ebf2d,"[0, 1, 0, 1, 1, 1]"
358,2,358,"[""pcb3/Data/Images/Normal/0208.JPG"", ""pcb2/Data/Images/Anomaly/032.JPG"", ""macaroni2/Data/Images/Anomaly/011.JPG"", ""pcb2/Data/Images/Anomaly/074.JPG"", ""macaroni1/Data/Images/Normal/0967.JPG"", ""macaroni1/Data/Images/Anomaly/087.JPG""]",de9a1a88496ae8eeb70b9969baa9ffe466ed55d13564acfc8687c9a1316eef1e,7a23b22eb3df65955701dc77e8adf297e30c1abf5470ee39bd87ccb57660d252,"[0, 1, 1, 1, 0, 1]"
359,2,359,"[""macaroni2/Data/Images/Normal/0303.JPG"", ""fryum/Data/Images/Anomaly/006.JPG"", ""pcb2/Data/Images/Normal/0751.JPG"", ""capsules/Data/Images/Anomaly/033.JPG"", ""macaroni1/Data/Images/Anomaly/077.JPG"", ""pcb1/Data/Images/Anomaly/084.JPG""]",0a8cb00d339fa9845b71099ef655b4e2a72cfd1ff024070a4b6ae3eb2d64fba7,a9bc1aa630732fd68f8fd37592f87e033ae6bee9d8e6d0fe1eb3383637862e69,"[0, 1, 0, 1, 1, 1]"
360,2,360,"[""pipe_fryum/Data/Images/Normal/244.JPG"", ""candle/Data/Images/Anomaly/064.JPG""]",aab1c67f6383cd316632f1d66fcb77a3e5e2dd132abc035009b941ea41425bd0,2cf4211044fe030f60d1ee7b19442408f36e76d05601bba4b9d7c0873746c953,"[0, 1]"
361,3,0,"[""fryum/Data/Images/Anomaly/047.JPG"", ""candle/Data/Images/Normal/0768.JPG"", ""chewinggum/Data/Images/Anomaly/006.JPG"", ""pcb2/Data/Images/Normal/0705.JPG"", ""capsules/Data/Images/Anomaly/031.JPG"", ""cashew/Data/Images/Anomaly/065.JPG""]",918bd79a398c7eeff549ca13166362fb0caf8923c91fa13d5f34ea812705d8ab,3a81b55b4bc10a6300121044749201ea2b1baf222ebefa162cd606e9eaf768ce,"[1, 0, 1, 0, 1, 1]"
362,3,1,"[""capsules/Data/Images/Anomaly/018.JPG"", ""pcb1/Data/Images/Anomaly/017.JPG"", ""candle/Data/Images/Anomaly/028.JPG"", ""chewinggum/Data/Images/Normal/181.JPG"", ""pcb2/Data/Images/Normal/0159.JPG"", ""fryum/Data/Images/Anomaly/010.JPG""]",853fee4fa8f6556302ef289053ee57f743818a778f8734ed484dbb6add00d786,831f4f1b4f236563cd5a17934ee403016931c50c7518f968ba9d223729c1f8c3,"[1, 1, 1, 0, 0, 1]"
363,3,2,"[""pcb1/Data/Images/Normal/0797.JPG"", ""pcb4/Data/Images/Anomaly/084.JPG"", ""pcb3/Data/Images/Anomaly/001.JPG"", ""macaroni2/Data/Images/Normal/0920.JPG"", ""macaroni1/Data/Images/Normal/0764.JPG"", ""pcb4/Data/Images/Normal/0514.JPG""]",ba6c7e9a071f4c94c626bc1b2d34a0a03e25fd8d52acb357a69f5af97917ee99,673a2b92f51a36ec43b4254185a5ac95d77d15f318a273abd2c253f2abc585a5,"[0, 1, 1, 0, 0, 0]"
364,3,3,"[""chewinggum/Data/Images/Anomaly/092.JPG"", ""macaroni2/Data/Images/Normal/0027.JPG"", ""pcb2/Data/Images/Normal/0026.JPG"", ""pcb1/Data/Images/Normal/0174.JPG"", ""capsules/Data/Images/Anomaly/091.JPG"", ""macaroni2/Data/Images/Normal/0159.JPG""]",d2191cda7716b13fd74d52d7bb19d6214e07e60c79153abd17b6ad928b51f079,02985d296cc46a52af595cf796d50e16e6bf3126878565397bb1891303590f02,"[1, 0, 0, 0, 1, 0]"
365,3,4,"[""pcb4/Data/Images/Normal/0024.JPG"", ""macaroni2/Data/Images/Normal/0619.JPG"", ""capsules/Data/Images/Normal/179.JPG"", ""pcb4/Data/Images/Normal/0615.JPG"", ""macaroni1/Data/Images/Anomaly/056.JPG"", ""cashew/Data/Images/Anomaly/085.JPG""]",417afc4c02954e7b94aff13092ea2e692963d4fb43b5214c4cb6b5b21e412df2,9cea877a070be3261a4325ea54d1f05f712c64b77f3b2c4191b1df59ac5c84b7,"[0, 0, 0, 0, 1, 1]"
366,3,5,"[""pcb2/Data/Images/Anomaly/007.JPG"", ""cashew/Data/Images/Normal/435.JPG"", ""candle/Data/Images/Anomaly/053.JPG"", ""capsules/Data/Images/Normal/172.JPG"", ""macaroni2/Data/Images/Normal/0013.JPG"", ""pcb4/Data/Images/Anomaly/087.JPG""]",3f5c43615519bb62494350975aa41e8214b7c5deac9cd4efc4631982b36a762a,4afa78c611705ff65aba1f0ee701f45a1777e753e6c978bc3ad12ca4e238a7bc,"[1, 0, 1, 0, 0, 1]"
367,3,6,"[""chewinggum/Data/Images/Anomaly/047.JPG"", ""fryum/Data/Images/Anomaly/048.JPG"", ""pcb3/Data/Images/Anomaly/052.JPG"", ""pcb2/Data/Images/Normal/0552.JPG"", ""pipe_fryum/Data/Images/Normal/130.JPG"", ""pcb3/Data/Images/Normal/0174.JPG""]",6381a1149c06f0f8698394ea855ef6ed9dcc8fccfdbaba1fe731d1b93e0cb1ed,32f8a8b4bfc446d81802eb663671a4a751e245d9dc31c83cf5e7b5d90e5989cc,"[1, 1, 1, 0, 0, 0]"
368,3,7,"[""pcb3/Data/Images/Normal/0027.JPG"", ""macaroni2/Data/Images/Anomaly/077.JPG"", ""pipe_fryum/Data/Images/Anomaly/071.JPG"", ""pipe_fryum/Data/Images/Anomaly/033.JPG"", ""pcb4/Data/Images/Normal/0261.JPG"", ""macaroni2/Data/Images/Anomaly/069.JPG""]",8c3c1747a384c167b2c2121cf7e871ea99ee30b239cadf99ffe74ab0e0001ff6,9946e8c8bb56db84a74dc73439df075ac0c2b52e3741b328264617d190017d06,"[0, 1, 1, 1, 0, 1]"
369,3,8,"[""candle/Data/Images/Anomaly/088.JPG"", ""chewinggum/Data/Images/Anomaly/091.JPG"", ""pipe_fryum/Data/Images/Anomaly/041.JPG"", ""pcb2/Data/Images/Anomaly/080.JPG"", ""fryum/Data/Images/Anomaly/097.JPG"", ""pcb2/Data/Images/Normal/0797.JPG""]",feff44218362e52222a4549d466a0e2e59c0b60bea11a2b4e5b85c7875032290,b2d8df449b2fbf3f39d4505fa80ee1e9b10355070cf67dd31ead8e8fec22a82a,"[1, 1, 1, 1, 1, 0]"
370,3,9,"[""pcb3/Data/Images/Normal/0617.JPG"", ""candle/Data/Images/Normal/0811.JPG"", ""macaroni1/Data/Images/Anomaly/069.JPG"", ""fryum/Data/Images/Anomaly/044.JPG"", ""capsules/Data/Images/Anomaly/080.JPG"", ""fryum/Data/Images/Anomaly/067.JPG""]",26ee6de8737a17f668682d1509fa3b9601181197bc60d3c7b967545496b5b89d,1ecf749a33e1e4df4ec2431353702e6800fe826eccffdc2e1289aec5a930ddc5,"[0, 0, 1, 1, 1, 1]"
371,3,10,"[""pipe_fryum/Data/Images/Anomaly/017.JPG"", ""pipe_fryum/Data/Images/Anomaly/088.JPG"", ""candle/Data/Images/Normal/0844.JPG"", ""pcb2/Data/Images/Anomaly/095.JPG"", ""pcb4/Data/Images/Anomaly/041.JPG"", ""chewinggum/Data/Images/Anomaly/095.JPG""]",aa57567083b800ed69c8ce592d818288b5891e8e0718624b8bb6c1af3d947460,a41033382434135814b63cb71a9910dc0a372ee35022449cea8540195df26b7d,"[1, 1, 0, 1, 1, 1]"
372,3,11,"[""pcb2/Data/Images/Normal/0237.JPG"", ""macaroni2/Data/Images/Anomaly/076.JPG"", ""pcb2/Data/Images/Normal/0490.JPG"", ""pcb2/Data/Images/Anomaly/052.JPG"", ""pcb3/Data/Images/Normal/0427.JPG"", ""candle/Data/Images/Normal/0377.JPG""]",9ecb9dbc99b53c6348d1ab894e47678302b895503a26ab2c2b508897016d57bf,0a8b87b0f2ea86dd1326fda76594b1155c356cf46230ec11c6da8a4a61381eec,"[0, 1, 0, 1, 0, 0]"
373,3,12,"[""pcb4/Data/Images/Anomaly/042.JPG"", ""chewinggum/Data/Images/Normal/497.JPG"", ""macaroni1/Data/Images/Normal/0985.JPG"", ""chewinggum/Data/Images/Anomaly/030.JPG"", ""pcb4/Data/Images/Anomaly/038.JPG"", ""pcb4/Data/Images/Anomaly/020.JPG""]",71a25c9892ad68c9e1dc3fbb57b755bd822d19613a60d683474baddab140cde0,05266134e1343ec6f48a9349ee2e70c09601789ee8ad7f66c118d592811bc056,"[1, 0, 0, 1, 1, 1]"
374,3,13,"[""macaroni2/Data/Images/Normal/0811.JPG"", ""pcb1/Data/Images/Anomaly/053.JPG"", ""pipe_fryum/Data/Images/Anomaly/084.JPG"", ""macaroni2/Data/Images/Normal/0417.JPG"", ""cashew/Data/Images/Anomaly/035.JPG"", ""cashew/Data/Images/Anomaly/036.JPG""]",029e76200f5e57424cfd5fc23b586ad6d87bbc6ed206509797e80a351f4c64d6,f2fc314d75c2966362c0fce7fa50b5dd3d1fb3fb1d0b2c7eefb7204718b0d150,"[0, 1, 1, 0, 1, 1]"
375,3,14,"[""macaroni2/Data/Images/Normal/0779.JPG"", ""pcb4/Data/Images/Normal/0935.JPG"", ""cashew/Data/Images/Anomaly/063.JPG"", ""candle/Data/Images/Normal/0735.JPG"", ""pcb3/Data/Images/Anomaly/066.JPG"", ""chewinggum/Data/Images/Normal/369.JPG""]",55de64647c6afd04ce9065e891657d8e9641db3d231f45f21df666aa005a4bb9,30961bce2e1e75d8ae5462b1ee786b1b47435906fec727b1f66da0be69407526,"[0, 0, 1, 0, 1, 0]"
376,3,15,"[""fryum/Data/Images/Anomaly/054.JPG"", ""chewinggum/Data/Images/Anomaly/026.JPG"", ""pcb1/Data/Images/Anomaly/081.JPG"", ""pcb1/Data/Images/Anomaly/027.JPG"", ""capsules/Data/Images/Normal/520.JPG"", ""pcb1/Data/Images/Anomaly/068.JPG""]",3fbb7bbfd95889a2f48f348d24da77fab76f107571347fc7d1c68274c9ec59af,86faa953cc7957f3396997922a87a63f73f4d9c195549787dccc3673a3d18e79,"[1, 1, 1, 1, 0, 1]"
377,3,16,"[""pcb1/Data/Images/Normal/0520.JPG"", ""pcb2/Data/Images/Normal/0479.JPG"", ""pcb4/Data/Images/Anomaly/039.JPG"", ""macaroni2/Data/Images/Normal/0297.JPG"", ""pcb1/Data/Images/Normal/0569.JPG"", ""pcb4/Data/Images/Normal/0174.JPG""]",4804df10bc8c887cd6a901befc841f7310cc4a3cf41229e59d9311419435f298,0140ffa4bd906d4d7da4246610a007ec6eb4c87637a60dd49770a29c54f4317b,"[0, 0, 1, 0, 0, 0]"
378,3,17,"[""pcb1/Data/Images/Normal/0394.JPG"", ""candle/Data/Images/Anomaly/035.JPG"", ""pcb3/Data/Images/Normal/0552.JPG"", ""pcb3/Data/Images/Anomaly/010.JPG"", ""pcb1/Data/Images/Anomaly/087.JPG"", ""capsules/Data/Images/Normal/240.JPG""]",c9d1fd5e4091c701452c85b8c23c8fae564daa70fb155c93402fc1752db42866,b287d9096b199056217f237e12bf124800446d33b3b83fcb879d819c1002ee09,"[0, 1, 0, 1, 1, 0]"
379,3,18,"[""macaroni2/Data/Images/Anomaly/066.JPG"", ""candle/Data/Images/Anomaly/093.JPG"", ""pcb4/Data/Images/Normal/0525.JPG"", ""chewinggum/Data/Images/Normal/239.JPG"", ""candle/Data/Images/Normal/0648.JPG"", ""capsules/Data/Images/Anomaly/086.JPG""]",8085ff65013996f422b9cdd9d5a4660573f7718453e00681e3face4c21bd2477,904a356a2924db037c647aa243178884e17990272a9822cfe2a788fabdca1790,"[1, 1, 0, 0, 0, 1]"
380,3,19,"[""macaroni2/Data/Images/Normal/0168.JPG"", ""macaroni2/Data/Images/Anomaly/078.JPG"", ""pcb1/Data/Images/Normal/0654.JPG"", ""capsules/Data/Images/Normal/363.JPG"", ""macaroni2/Data/Images/Normal/0363.JPG"", ""macaroni2/Data/Images/Anomaly/031.JPG""]",297ff20812c398344ef8f65f2f43e8764c75eff7e54d47d82187c370252133bd,b076f9ec32ebfcb95d5170af0f6aef50acef5c919b301187809375f81aa2bf14,"[0, 1, 0, 0, 0, 1]"
381,3,20,"[""pcb2/Data/Images/Normal/0755.JPG"", ""pcb1/Data/Images/Normal/0187.JPG"", ""pcb4/Data/Images/Normal/0552.JPG"", ""pipe_fryum/Data/Images/Normal/050.JPG"", ""pcb3/Data/Images/Anomaly/053.JPG"", ""capsules/Data/Images/Normal/196.JPG""]",6df42ae2c06000614d91c541bce52fb1a1188033a9d6e9ccebaaccb80c9f33ea,00a0605a43264d7333392300c354b07da1bb0faa251cbb6d0b0b60c94eeb0b9b,"[0, 0, 0, 0, 1, 0]"
382,3,21,"[""pcb2/Data/Images/Anomaly/043.JPG"", ""chewinggum/Data/Images/Anomaly/069.JPG"", ""cashew/Data/Images/Normal/050.JPG"", ""pcb2/Data/Images/Anomaly/056.JPG"", ""candle/Data/Images/Normal/0306.JPG"", ""cashew/Data/Images/Normal/087.JPG""]",3072c512c755f285ecd37ffd3ec457d00149a5e27091986fa0e27cb3d2049614,2259d8344eb10fbd758c7b85c00d2612ca488ed6f2ce76fab49462d5ea6cc1ac,"[1, 1, 0, 1, 0, 0]"
383,3,22,"[""candle/Data/Images/Normal/0159.JPG"", ""macaroni2/Data/Images/Anomaly/084.JPG"", ""pcb2/Data/Images/Normal/0800.JPG"", ""macaroni1/Data/Images/Anomaly/071.JPG"", ""cashew/Data/Images/Anomaly/046.JPG"", ""pcb2/Data/Images/Normal/0545.JPG""]",11d3286b36bcafbe1eb81abe4b1972e06975e1b680c3c0d02d540b01973a7e68,511cb8e1a674361eee394af3dcf575f7934ac1a34ca17c4b5d7250ec9ff07c70,"[0, 1, 0, 1, 1, 0]"
384,3,23,"[""chewinggum/Data/Images/Anomaly/060.JPG"", ""pcb4/Data/Images/Normal/0484.JPG"", ""cashew/Data/Images/Normal/352.JPG"", ""pcb3/Data/Images/Normal/0900.JPG"", ""macaroni1/Data/Images/Anomaly/031.JPG"", ""macaroni1/Data/Images/Anomaly/016.JPG""]",bd3605c94fb9e94c9c5f5b0d62f189c2b4d6bda46942895f4f69c71c6c4bd2b3,5a2bcba7da6c3058e5b2911f180a3b1ddb58c6f93a6e34b9ad69ef363e5d5273,"[1, 0, 0, 0, 1, 1]"
385,3,24,"[""pcb3/Data/Images/Normal/0755.JPG"", ""macaroni1/Data/Images/Anomaly/073.JPG"", ""capsules/Data/Images/Anomaly/024.JPG"", ""pipe_fryum/Data/Images/Anomaly/026.JPG"", ""pcb1/Data/Images/Normal/0964.JPG"", ""pipe_fryum/Data/Images/Normal/400.JPG""]",1af9b560b17e658a3c8e08a52dbf2b0a09c0895b88cea9bb3b3ea0147a4ee951,48da14baa7932f35f07987419b5c79be7826d1b1202bc1f0cc19fbb4e61ac7a6,"[0, 1, 1, 1, 0, 0]"
386,3,25,"[""cashew/Data/Images/Normal/367.JPG"", ""capsules/Data/Images/Anomaly/036.JPG"", ""macaroni1/Data/Images/Normal/0172.JPG"", ""macaroni1/Data/Images/Anomaly/041.JPG"", ""pcb3/Data/Images/Normal/0923.JPG"", ""capsules/Data/Images/Anomaly/002.JPG""]",36d7ac12b16c12d6eae1d03c2e4f937bd7b8f237e9a7c396573463db7a78bdb5,1f69d9fd12e7676b87941bd296fe30b38a91bc7a3453f86c1f973f798ecff634,"[0, 1, 0, 1, 0, 1]"
387,3,26,"[""macaroni2/Data/Images/Anomaly/016.JPG"", ""candle/Data/Images/Normal/0790.JPG"", ""pcb1/Data/Images/Normal/0400.JPG"", ""pcb3/Data/Images/Anomaly/046.JPG"", ""pcb3/Data/Images/Anomaly/034.JPG"", ""pcb4/Data/Images/Anomaly/011.JPG""]",2845dc26acb1be09e77d24312e52fcb4b4c4bf6936ca17406e5ff25469a67962,a418d09102f67f8616db881bdcff064ff83dda5eafc2ebd9bf1a00d73bae4ffa,"[1, 0, 0, 1, 1, 1]"
388,3,27,"[""pcb1/Data/Images/Anomaly/008.JPG"", ""pcb1/Data/Images/Anomaly/062.JPG"", ""candle/Data/Images/Anomaly/026.JPG"", ""candle/Data/Images/Anomaly/098.JPG"", ""pcb3/Data/Images/Normal/0800.JPG"", ""pcb3/Data/Images/Normal/0920.JPG""]",34929e349d53d474f2b1bfcc8be6e0ecb2b4140adc04caf8ca38cbc5628d591f,3a241df72af889f716271b34e9e24514667764ec56564f8b991a1dade95214bd,"[1, 1, 1, 1, 0, 0]"
389,3,28,"[""fryum/Data/Images/Normal/260.JPG"", ""macaroni1/Data/Images/Anomaly/089.JPG"", ""capsules/Data/Images/Anomaly/082.JPG"", ""pcb3/Data/Images/Anomaly/039.JPG"", ""candle/Data/Images/Anomaly/036.JPG"", ""capsules/Data/Images/Anomaly/035.JPG""]",49f9fddd8dfe50bc026fe4951b339747b9d840ed7d8aaf808bc384159fc388bf,c2544dc4ff06ab525b581284704dc2ac47613785ad306e2dadeb274aebc5bca9,"[0, 1, 1, 1, 1, 1]"
390,3,29,"[""macaroni2/Data/Images/Normal/0685.JPG"", ""cashew/Data/Images/Normal/089.JPG"", ""macaroni2/Data/Images/Normal/0790.JPG"", ""chewinggum/Data/Images/Anomaly/009.JPG"", ""pcb3/Data/Images/Normal/0479.JPG"", ""fryum/Data/Images/Normal/482.JPG""]",6cfb851fdb9f38b82cbb62922bf0c3eddb988d2440e333b12b6bf5454368e979,6a24b26775aaf7a82ba68cd82f438a94b60f94ae20224ef6a6b5933712de2274,"[0, 0, 0, 1, 0, 0]"
391,3,30,"[""capsules/Data/Images/Anomaly/006.JPG"", ""macaroni1/Data/Images/Anomaly/005.JPG"", ""pcb3/Data/Images/Anomaly/045.JPG"", ""pcb1/Data/Images/Anomaly/080.JPG"", ""fryum/Data/Images/Normal/239.JPG"", ""pcb2/Data/Images/Normal/0214.JPG""]",19eec9a0f73133a1b3af86133079b882f88b8009ac2ae1a4dddb4b0ae340c89c,c4b396f132bc179f64e04f95127581697cc9809d2cc17f7acb63f22ee8c52202,"[1, 1, 1, 1, 0, 0]"
392,3,31,"[""macaroni2/Data/Images/Anomaly/082.JPG"", ""pcb1/Data/Images/Anomaly/004.JPG"", ""pcb2/Data/Images/Normal/0648.JPG"", ""candle/Data/Images/Normal/0286.JPG"", ""pcb4/Data/Images/Normal/0320.JPG"", ""cashew/Data/Images/Anomaly/097.JPG""]",362a533bf98c87a19693277ff214c5df81b1d346614f55b16a81d015cd078e0a,1d33d414950001b01e195bb85517462a7ff20115befecae2031b0e858b9969b4,"[1, 1, 0, 0, 0, 1]"
393,3,32,"[""pcb4/Data/Images/Anomaly/078.JPG"", ""capsules/Data/Images/Anomaly/050.JPG"", ""candle/Data/Images/Anomaly/097.JPG"", ""pcb2/Data/Images/Anomaly/074.JPG"", ""capsules/Data/Images/Anomaly/068.JPG"", ""macaroni2/Data/Images/Normal/0755.JPG""]",654c282c744e6f93925575775f9f521a2c9786a59cba32078bce55736b6b683c,90dc77a0d37ae38b65a82cc6af205c6ba31770f8873ae296b52d482a070f95dd,"[1, 1, 1, 1, 1, 0]"
394,3,33,"[""capsules/Data/Images/Anomaly/011.JPG"", ""pcb1/Data/Images/Anomaly/060.JPG"", ""pcb4/Data/Images/Anomaly/023.JPG"", ""pcb2/Data/Images/Normal/0518.JPG"", ""pcb2/Data/Images/Anomaly/072.JPG"", ""capsules/Data/Images/Anomaly/020.JPG""]",ce8bd47b5adab508d7a64e67ed86fbe25edadfa3be0ca409c6aa7d99d24bb9f4,5431b95742d77814ec49d4c333d11232f4b7b1b0c2f5244dcb51ce9b160fed2f,"[1, 1, 1, 0, 1, 1]"
395,3,34,"[""macaroni1/Data/Images/Normal/0016.JPG"", ""pcb4/Data/Images/Normal/0294.JPG"", ""pcb3/Data/Images/Anomaly/089.JPG"", ""pcb4/Data/Images/Anomaly/069.JPG"", ""pcb4/Data/Images/Normal/0631.JPG"", ""pcb4/Data/Images/Anomaly/034.JPG""]",65a4d6d57e1290ea16a8ae6d346c3e2036f56e809b01c72a348a9bc155379f95,e7b38232e1688d325bb015aa349999ae7235d19dcce60bc2fa538f486fb877c0,"[0, 0, 1, 1, 0, 1]"
396,3,35,"[""capsules/Data/Images/Normal/013.JPG"", ""chewinggum/Data/Images/Anomaly/072.JPG"", ""pcb2/Data/Images/Normal/0514.JPG"", ""pcb4/Data/Images/Normal/0705.JPG"", ""pcb2/Data/Images/Normal/0940.JPG"", ""macaroni2/Data/Images/Normal/0900.JPG""]",80198c9d2e582b74a32d49261ecbd15a69e7c77faed801f2285f463897545435,a00df9d48e0d1b21e260a6ed63517b5ea0e933e4bc33fa17ff773ff5c3c9716c,"[0, 1, 0, 0, 0, 0]"
397,3,36,"[""macaroni2/Data/Images/Anomaly/013.JPG"", ""fryum/Data/Images/Anomaly/011.JPG"", ""pipe_fryum/Data/Images/Anomaly/060.JPG"", ""pcb3/Data/Images/Normal/0490.JPG"", ""cashew/Data/Images/Anomaly/033.JPG"", ""macaroni1/Data/Images/Anomaly/098.JPG""]",2f93cc51cd3452b02bca42d6e1a21fe6646a640eb1b66e8c2def3aef263fbf8a,b7e9e31bd729b72e60e3d2419f9af0e1dde2419872647fddc2e4182e913c5af6,"[1, 1, 1, 0, 1, 1]"
398,3,37,"[""pcb4/Data/Images/Normal/0490.JPG"", ""pcb2/Data/Images/Anomaly/023.JPG"", ""pcb2/Data/Images/Anomaly/049.JPG"", ""macaroni2/Data/Images/Normal/0402.JPG"", ""chewinggum/Data/Images/Normal/324.JPG"", ""macaroni1/Data/Images/Anomaly/001.JPG""]",d60616389eb11635395e6cc7524a268546c9db73d8990a4b422ce16c009ba19c,e2c6e020320ff6c14b8242e7f6b7c00fd1d991df5d39441b9635aa0a6edd2515,"[0, 1, 1, 0, 0, 1]"
399,3,38,"[""pcb3/Data/Images/Anomaly/063.JPG"", ""cashew/Data/Images/Anomaly/060.JPG"", ""pcb1/Data/Images/Anomaly/063.JPG"", ""pcb3/Data/Images/Anomaly/042.JPG"", ""capsules/Data/Images/Anomaly/023.JPG"", ""cashew/Data/Images/Anomaly/080.JPG""]",96a45a8ef7c5c158106e2d330c0910b40df1e02353591c46335c56b074ad87e3,d90bf34433095ef8255df83f3b02f9f6f0710418f580f73f4716c5d138addbdf,"[1, 1, 1, 1, 1, 1]"
400,3,39,"[""cashew/Data/Images/Anomaly/011.JPG"", ""capsules/Data/Images/Anomaly/078.JPG"", ""fryum/Data/Images/Normal/484.JPG"", ""pcb4/Data/Images/Anomaly/019.JPG"", ""pcb4/Data/Images/Normal/0333.JPG"", ""pcb4/Data/Images/Normal/0755.JPG""]",dfffa312e888d807d6a5209435f573661bf343968b1392f99dad4eb44c33b84c,5183776586659291905f988ce720e15f94a2275672fae0c3201108dff6e84d6a,"[1, 1, 0, 1, 0, 0]"
401,3,40,"[""pcb4/Data/Images/Anomaly/061.JPG"", ""macaroni1/Data/Images/Normal/0659.JPG"", ""macaroni2/Data/Images/Normal/0964.JPG"", ""chewinggum/Data/Images/Normal/487.JPG"", ""pcb1/Data/Images/Anomaly/043.JPG"", ""pipe_fryum/Data/Images/Normal/446.JPG""]",de2d5ae7e98d935505becc5b9fa2d865415ea9800c900948022935747e9a3e25,c528efdbd919ad6aaaad1d055ac0b8d11b54a752567691df33828c34c9d48bac,"[1, 0, 0, 0, 1, 0]"
402,3,41,"[""macaroni2/Data/Images/Anomaly/012.JPG"", ""candle/Data/Images/Normal/0657.JPG"", ""macaroni1/Data/Images/Anomaly/046.JPG"", ""capsules/Data/Images/Normal/286.JPG"", ""fryum/Data/Images/Normal/461.JPG"", ""macaroni2/Data/Images/Normal/0996.JPG""]",5d141c4eed445e60c6a1c35bf0640bfcaaa83c4c89127b4d80ca7c52eda5b1eb,12943bcbac42fcf92551bd22786f2483bfdfde2d01a04dc843f97ba5beaa5101,"[1, 0, 1, 0, 0, 0]"
403,3,42,"[""capsules/Data/Images/Anomaly/071.JPG"", ""capsules/Data/Images/Normal/576.JPG"", ""cashew/Data/Images/Anomaly/029.JPG"", ""fryum/Data/Images/Anomaly/009.JPG"", ""pcb3/Data/Images/Anomaly/033.JPG"", ""pcb2/Data/Images/Normal/0046.JPG""]",151bddd67a685992a4401671d4dbbcafcaf19f374c6d7f35d243e4f6323f5312,bc9d07407f4de52f3c1557eccbe6a7b70289091b550ed705eec8efd5f97c6c54,"[1, 0, 1, 1, 1, 0]"
404,3,43,"[""pipe_fryum/Data/Images/Anomaly/081.JPG"", ""pcb2/Data/Images/Anomaly/096.JPG"", ""pcb1/Data/Images/Normal/0617.JPG"", ""candle/Data/Images/Normal/0400.JPG"", ""pcb4/Data/Images/Normal/0215.JPG"", ""fryum/Data/Images/Normal/400.JPG""]",eb8893c206dff2e01f9dec75a841e5ac3e9ff6f9259bffcee4478753d5d3eef6,53a9cdb6346f39a058d690d63df05b150f73de41f8abf0eab7a3798360c0c697,"[1, 1, 0, 0, 0, 0]"
405,3,44,"[""macaroni1/Data/Images/Anomaly/077.JPG"", ""macaroni2/Data/Images/Anomaly/058.JPG"", ""pcb3/Data/Images/Anomaly/003.JPG"", ""fryum/Data/Images/Normal/245.JPG"", ""pipe_fryum/Data/Images/Normal/309.JPG"", ""pcb1/Data/Images/Normal/0952.JPG""]",c08a4f10e08ebd9de0abafd01849ff800a9c0c4699d16289261ec82a24cfe635,21de54be42f705dc627e848e9285ac346532373231920c863a1be440cf869b79,"[1, 1, 1, 0, 0, 0]"
406,3,45,"[""chewinggum/Data/Images/Anomaly/002.JPG"", ""macaroni1/Data/Images/Anomaly/022.JPG"", ""macaroni1/Data/Images/Anomaly/011.JPG"", ""cashew/Data/Images/Anomaly/090.JPG"", ""pipe_fryum/Data/Images/Normal/087.JPG"", ""pcb2/Data/Images/Anomaly/014.JPG""]",3b02226f68a96fcc14ae900564adfe007da5cd7f6abe84950adcd9c1a897fc0f,6c7a3006ceea8b8a442f90b58c7e161399d3b1224fe805a9edba3350c6714be4,"[1, 1, 1, 1, 0, 1]"
407,3,46,"[""candle/Data/Images/Anomaly/065.JPG"", ""pcb3/Data/Images/Normal/0046.JPG"", ""cashew/Data/Images/Normal/400.JPG"", ""candle/Data/Images/Normal/0631.JPG"", ""fryum/Data/Images/Anomaly/036.JPG"", ""pcb4/Data/Images/Normal/1001.JPG""]",9aef6b61c595f252111806d413ecafa30fc4d2f95dd9ec270b2bb21f534ada6f,cca0fb3254c82610cda697d174ba4bd7c09f1d74378b2ffb3e8a2747675e9972,"[1, 0, 0, 0, 1, 0]"
408,3,47,"[""pcb1/Data/Images/Anomaly/031.JPG"", ""cashew/Data/Images/Anomaly/089.JPG"", ""fryum/Data/Images/Normal/143.JPG"", ""pcb4/Data/Images/Normal/0659.JPG"", ""pcb3/Data/Images/Anomaly/076.JPG"", ""cashew/Data/Images/Anomaly/009.JPG""]",42e9d760db144972e53109c5b574e3b9beccb828e7e33bfd3a5f37ce19d0869f,692b46470b5685b5e0a32c856e8e60a1352208104d47ca41d9c36d164b5b1c5b,"[1, 1, 0, 0, 1, 1]"
409,3,48,"[""candle/Data/Images/Anomaly/076.JPG"", ""cashew/Data/Images/Anomaly/032.JPG"", ""pcb1/Data/Images/Normal/0490.JPG"", ""pcb1/Data/Images/Normal/0518.JPG"", ""chewinggum/Data/Images/Normal/337.JPG"", ""capsules/Data/Images/Normal/427.JPG""]",cceaef1bbf3f6fd0fe90a633a7156f8ef5d97a23e0c63a0339c5b18bfda8c1f8,2fa3abc7b4590f84e3762add6f465ce6e49c7ca7829bc54cb3b14a6dcf0a34e7,"[1, 1, 0, 0, 0, 0]"
410,3,49,"[""pcb3/Data/Images/Anomaly/088.JPG"", ""candle/Data/Images/Normal/0187.JPG"", ""pipe_fryum/Data/Images/Anomaly/036.JPG"", ""chewinggum/Data/Images/Normal/461.JPG"", ""pcb3/Data/Images/Anomaly/012.JPG"", ""macaroni2/Data/Images/Normal/0488.JPG""]",396ea5eaa7bef5fa375d3dba626ae8314a92d16adad450d58664e44233a2f01f,22ab65352b4f3313a7815bb9d1034dccff4e9db3c58c9930d93ccb1e7064f16a,"[1, 0, 1, 0, 1, 0]"
411,3,50,"[""pcb2/Data/Images/Anomaly/092.JPG"", ""macaroni2/Data/Images/Anomaly/022.JPG"", ""fryum/Data/Images/Anomaly/053.JPG"", ""pcb4/Data/Images/Anomaly/053.JPG"", ""pcb3/Data/Images/Anomaly/085.JPG"", ""macaroni1/Data/Images/Normal/0629.JPG""]",2a12489353c927360af6408e55b19a7bb5b84d47ec25f9cc090816a026acfbf9,760517fd25f94b393ffcf5c9b3ee75ed07e216dac661ecddba94eccdc88f0394,"[1, 1, 1, 1, 1, 0]"
412,3,51,"[""pipe_fryum/Data/Images/Anomaly/052.JPG"", ""pcb4/Data/Images/Anomaly/013.JPG"", ""macaroni2/Data/Images/Anomaly/033.JPG"", ""fryum/Data/Images/Anomaly/021.JPG"", ""candle/Data/Images/Normal/0208.JPG"", ""macaroni2/Data/Images/Anomaly/056.JPG""]",cb25eba28f06d1f232635446b088aeb8fa94dc9db0937cf251dcf03a1f91cbb1,de8b9558881ca4c0d834eb3be77b8cd4f22ac5ed7875a47d3a8f546fb9c3fb46,"[1, 1, 1, 1, 0, 1]"
413,3,52,"[""pcb3/Data/Images/Normal/0306.JPG"", ""pcb2/Data/Images/Anomaly/083.JPG"", ""pcb4/Data/Images/Anomaly/095.JPG"", ""candle/Data/Images/Anomaly/057.JPG"", ""pcb2/Data/Images/Anomaly/034.JPG"", ""pcb1/Data/Images/Normal/0755.JPG""]",17b016aa65754743a4987afea07f08cb622a6fe7736a68d9aa052890eca5a943,626c6055306921308b6a662ce3a4fe93a437c917de5e4ec4d12d0a5b3136fa41,"[0, 1, 1, 1, 1, 0]"
414,3,53,"[""macaroni1/Data/Images/Normal/0674.JPG"", ""fryum/Data/Images/Anomaly/026.JPG"", ""pcb1/Data/Images/Normal/0779.JPG"", ""pcb4/Data/Images/Anomaly/004.JPG"", ""capsules/Data/Images/Anomaly/033.JPG"", ""fryum/Data/Images/Normal/213.JPG""]",d0c46e3a79eaf51357809db805de7799f1abc8946123ab8956dfa7c8e7e61429,629b0c0219089f33b1f0c01a8ac28eac337647cd1dac2adfcfe94f719ac08aa3,"[0, 1, 0, 1, 1, 0]"
415,3,54,"[""pcb3/Data/Images/Anomaly/056.JPG"", ""macaroni1/Data/Images/Normal/0196.JPG"", ""fryum/Data/Images/Anomaly/013.JPG"", ""pipe_fryum/Data/Images/Anomaly/048.JPG"", ""pcb2/Data/Images/Anomaly/008.JPG"", ""capsules/Data/Images/Normal/518.JPG""]",3c084be7ae60aa878a118e44579660774a0252fe19690e5c590249d7a8753263,fc92e5246a6a5f91065b11c6130a4ac0e7745925cd9198d6471822b631b7e2f3,"[1, 0, 1, 1, 1, 0]"
416,3,55,"[""pcb4/Data/Images/Normal/0617.JPG"", ""cashew/Data/Images/Normal/084.JPG"", ""pcb3/Data/Images/Normal/0016.JPG"", ""candle/Data/Images/Anomaly/033.JPG"", ""macaroni2/Data/Images/Anomaly/067.JPG"", ""macaroni1/Data/Images/Normal/0923.JPG""]",9e14f0763d29eb7d83934eb04890e894a85504227e893c0ea24c9bdeadfde938,99b134bd61e2c4e2761b25b76fdf510fc8318239c88b57f08e783464d191e758,"[0, 0, 0, 1, 1, 0]"
417,3,56,"[""cashew/Data/Images/Normal/369.JPG"", ""pcb4/Data/Images/Normal/0739.JPG"", ""pcb3/Data/Images/Normal/0991.JPG"", ""fryum/Data/Images/Anomaly/090.JPG"", ""chewinggum/Data/Images/Anomaly/066.JPG"", ""fryum/Data/Images/Normal/352.JPG""]",1964aeb9bc6d64c1fe3a8fe690807d5bc4c0be101984cca7d889794d29a8fa3c,7321b03fb09eec6743e5674ffd003c986a992325e9799ef97776e5602ed89832,"[0, 0, 0, 1, 1, 0]"
418,3,57,"[""macaroni2/Data/Images/Normal/0674.JPG"", ""pcb1/Data/Images/Anomaly/066.JPG"", ""fryum/Data/Images/Anomaly/095.JPG"", ""cashew/Data/Images/Anomaly/019.JPG"", ""pcb1/Data/Images/Anomaly/050.JPG"", ""macaroni1/Data/Images/Anomaly/002.JPG""]",4ad9c282e8f1ed021584f169df09c0da7d761f7fd489ed5589db5588845578a9,5f9fed5e6711fe2d8855cf3434324ddacede92b47eecb033db07c9c8c913f1fb,"[0, 1, 1, 1, 1, 1]"
419,3,58,"[""pipe_fryum/Data/Images/Anomaly/097.JPG"", ""pcb2/Data/Images/Anomaly/079.JPG"", ""candle/Data/Images/Anomaly/010.JPG"", ""pcb1/Data/Images/Normal/0764.JPG"", ""pipe_fryum/Data/Images/Normal/377.JPG"", ""chewinggum/Data/Images/Anomaly/015.JPG""]",10260139b2d4c77b33cd5f1a55d56797a8fdea2c009ea6855d146ce92b682d01,30994d4520278ae5e100888b10af9d2175fb61e5cd24efde0ba6485364df83b8,"[1, 1, 1, 0, 0, 1]"
420,3,59,"[""pcb1/Data/Images/Anomaly/055.JPG"", ""fryum/Data/Images/Anomaly/030.JPG"", ""pcb3/Data/Images/Normal/0619.JPG"", ""candle/Data/Images/Normal/0107.JPG"", ""pipe_fryum/Data/Images/Anomaly/028.JPG"", ""pcb2/Data/Images/Normal/0751.JPG""]",637a1360ce7758a73deb65df338a41336e9b80cf8b4e51bcf6fa09a4b52b76af,c53e855b9779c7f97e11a56499c6de22f82cf12757e1c76843a8cc8deb173c1d,"[1, 1, 0, 0, 1, 0]"
421,3,60,"[""macaroni2/Data/Images/Anomaly/005.JPG"", ""pipe_fryum/Data/Images/Anomaly/078.JPG"", ""pcb1/Data/Images/Anomaly/099.JPG"", ""macaroni2/Data/Images/Normal/0026.JPG"", ""cashew/Data/Images/Normal/213.JPG"", ""pcb1/Data/Images/Anomaly/021.JPG""]",54f3e24da74bc6baf411d66e79a04cc8c42ffa89a5c6952f6cf255c5eaf53bcc,38bda70626ac10bef7488d4a5e766447b6240f08cea74b3aa46b9a2ca60c4e86,"[1, 1, 1, 0, 0, 1]"
422,3,61,"[""macaroni1/Data/Images/Normal/0779.JPG"", ""pcb4/Data/Images/Anomaly/045.JPG"", ""cashew/Data/Images/Anomaly/084.JPG"", ""pcb1/Data/Images/Normal/0971.JPG"", ""cashew/Data/Images/Anomaly/016.JPG"", ""capsules/Data/Images/Normal/100.JPG""]",9080f1f5eb594fe27457464b6350dfbf1220ff6b5ca0076c702281b7c751848f,5f8706531dee3199e4c13cd448bc3d55556934805d8b6dd7622fd6f44659c076,"[0, 1, 1, 0, 1, 0]"
423,3,62,"[""pcb4/Data/Images/Normal/0026.JPG"", ""pcb4/Data/Images/Normal/0400.JPG"", ""pcb1/Data/Images/Anomaly/096.JPG"", ""chewinggum/Data/Images/Anomaly/083.JPG"", ""pcb3/Data/Images/Anomaly/061.JPG"", ""pipe_fryum/Data/Images/Anomaly/073.JPG""]",164e2d7a1296ee44e6985add6d85e3a973a9e3eaada0d6aef1c516c638a827b0,4569120f474136b5b2a9c595f4bbf1c48a5832d3b363fdb5b9ab3e3d660de9c9,"[0, 0, 1, 1, 1, 1]"
424,3,63,"[""macaroni1/Data/Images/Normal/0046.JPG"", ""macaroni2/Data/Images/Anomaly/043.JPG"", ""macaroni2/Data/Images/Normal/0694.JPG"", ""pcb4/Data/Images/Anomaly/056.JPG"", ""cashew/Data/Images/Normal/389.JPG"", ""pipe_fryum/Data/Images/Anomaly/000.JPG""]",1ccabddb2815316eb662e88f5a756815f862cde57d07e3658adb43cc0ecef324,73759dcd213f4e00891679d541075322793d5cfec4f7c7d10def3b62eaf51827,"[0, 1, 0, 1, 0, 1]"
425,3,64,"[""pcb2/Data/Images/Normal/0997.JPG"", ""pcb1/Data/Images/Anomaly/083.JPG"", ""pcb3/Data/Images/Normal/0417.JPG"", ""macaroni1/Data/Images/Normal/0552.JPG"", ""pcb2/Data/Images/Anomaly/029.JPG"", ""fryum/Data/Images/Anomaly/015.JPG""]",feb420e6487eb08d3dd66ec0905eb3bd2e8bcce694c5a69b266e08121bb65ee5,ae2b4fcd74e3d380b39a96c19356cda936520820f3c52373827559faa9c6c00e,"[0, 1, 0, 0, 1, 1]"
426,3,65,"[""pcb3/Data/Images/Anomaly/047.JPG"", ""pipe_fryum/Data/Images/Normal/023.JPG"", ""chewinggum/Data/Images/Normal/244.JPG"", ""capsules/Data/Images/Normal/333.JPG"", ""candle/Data/Images/Normal/0174.JPG"", ""fryum/Data/Images/Anomaly/091.JPG""]",9e3ae17311730794d67c7ff911ba077b2fabf35bd33830b5ca67199f062ea7c0,055d1f0d24e7cb2def34797b6408e0cae60380262a0a26ec75109db14d3aa6b0,"[1, 0, 0, 0, 0, 1]"
427,3,66,"[""cashew/Data/Images/Normal/467.JPG"", ""pcb3/Data/Images/Normal/0514.JPG"", ""chewinggum/Data/Images/Anomaly/061.JPG"", ""capsules/Data/Images/Normal/026.JPG"", ""macaroni2/Data/Images/Normal/0545.JPG"", ""cashew/Data/Images/Anomaly/071.JPG""]",40bc8e751bf73461161ec2b22467ec6e4087cfdc55accb664a7b86bbc372eff1,4ea8f29ba65dccfe1c6b4ddcf756311e5daf82bbd5d756fe2e3d99d80f912a6a,"[0, 0, 1, 0, 0, 1]"
428,3,67,"[""pcb3/Data/Images/Normal/0940.JPG"", ""pcb3/Data/Images/Normal/0621.JPG"", ""pcb2/Data/Images/Anomaly/024.JPG"", ""pcb3/Data/Images/Normal/0674.JPG"", ""pcb3/Data/Images/Anomaly/065.JPG"", ""pcb3/Data/Images/Normal/0659.JPG""]",8cc626a7f9882b75430daa9de411c69d82181cba3df4512d6ef43ed82e63d0d1,1054f96d6c120f171815af1112658c761ef532c4cdbae2823edcdffd9e4d13f7,"[0, 0, 1, 0, 1, 0]"
429,3,68,"[""pcb3/Data/Images/Anomaly/093.JPG"", ""candle/Data/Images/Normal/0725.JPG"", ""capsules/Data/Images/Anomaly/072.JPG"", ""fryum/Data/Images/Normal/367.JPG"", ""candle/Data/Images/Anomaly/074.JPG"", ""pcb2/Data/Images/Normal/0688.JPG""]",9a6c13ff0a4e0024f5e86135add25f90513400332f5b09d468f899919f5d1c38,e13ccb5fe78e12febec17ccf71d98e588daa4a2dc11dba1eb4db687ba685db57,"[1, 0, 1, 0, 1, 0]"
430,3,69,"[""chewinggum/Data/Images/Normal/093.JPG"", ""candle/Data/Images/Normal/0100.JPG"", ""capsules/Data/Images/Normal/525.JPG"", ""pcb4/Data/Images/Normal/0994.JPG"", ""pcb2/Data/Images/Anomaly/093.JPG"", ""pcb2/Data/Images/Normal/0333.JPG""]",5692c94318162eafe3b541645a115cbd4a9657255cb139ec48dffb4f7235ad80,afba9231a764b70540468357c754f5579af1d420a4b12c2c7aec9a92ed3a8195,"[0, 0, 0, 0, 1, 0]"
431,3,70,"[""pipe_fryum/Data/Images/Anomaly/096.JPG"", ""pipe_fryum/Data/Images/Normal/148.JPG"", ""capsules/Data/Images/Anomaly/037.JPG"", ""pcb2/Data/Images/Normal/0986.JPG"", ""pcb4/Data/Images/Anomaly/014.JPG"", ""candle/Data/Images/Anomaly/062.JPG""]",1aa5fe3cb0ec848c8702bcf21dc1c1dd5f2bd2e472e7e7e828ae4c99ff5fda00,5a89fb4cefeb208426663a5b278a2ae45fd68fa7d5c231cbb6bb2cc72369fc24,"[1, 0, 1, 0, 1, 1]"
432,3,71,"[""pcb4/Data/Images/Normal/0869.JPG"", ""pcb1/Data/Images/Anomaly/057.JPG"", ""candle/Data/Images/Normal/0685.JPG"", ""capsules/Data/Images/Anomaly/032.JPG"", ""macaroni1/Data/Images/Anomaly/065.JPG"", ""macaroni2/Data/Images/Normal/0377.JPG""]",b54554756a7a210cd538c476e093c9bc5caee24a9b078e596232e2805aa49fcc,c4664f9098e81c62c12c301faf08560648a0d9410bb3ec4af214a6dd78b7d7f5,"[0, 1, 0, 1, 1, 0]"
433,3,72,"[""fryum/Data/Images/Anomaly/042.JPG"", ""capsules/Data/Images/Anomaly/092.JPG"", ""fryum/Data/Images/Normal/276.JPG"", ""fryum/Data/Images/Anomaly/098.JPG"", ""capsules/Data/Images/Anomaly/085.JPG"", ""macaroni2/Data/Images/Normal/0215.JPG""]",c8107e57317e84fa62b2b85de6437f7d9df4700fd58f1a81838c1ab9f0639feb,fece74e28fab1affc8d437259c93ddee0ac3f6d69074e6ef26fe3881fc73acd7,"[1, 1, 0, 1, 1, 0]"
434,3,73,"[""pipe_fryum/Data/Images/Normal/013.JPG"", ""pipe_fryum/Data/Images/Anomaly/063.JPG"", ""pcb1/Data/Images/Anomaly/023.JPG"", ""pcb3/Data/Images/Normal/0768.JPG"", ""pipe_fryum/Data/Images/Anomaly/055.JPG"", ""pcb4/Data/Images/Anomaly/060.JPG""]",27bb847ce685d7b0ff4d331f4cd13dceaebb1f6582a0dd358d3a02744a07809b,ec49581b1ec0f4d4dad0b7212506226787b19f16a5c68bfcecf60df8ed78757c,"[0, 1, 1, 0, 1, 1]"
435,3,74,"[""fryum/Data/Images/Anomaly/035.JPG"", ""capsules/Data/Images/Normal/062.JPG"", ""chewinggum/Data/Images/Normal/228.JPG"", ""fryum/Data/Images/Normal/369.JPG"", ""pcb2/Data/Images/Normal/0107.JPG"", ""macaroni1/Data/Images/Anomaly/010.JPG""]",dc90c10599c109bca6d9d55536ed35bce0ca2476f6ae10b61172b9067c5f2ae2,499f2f6600c668bc54c8d20c766c8b0ae045c52aaf07d72066efbf2c72d72913,"[1, 0, 0, 0, 0, 1]"
436,3,75,"[""pcb4/Data/Images/Normal/0423.JPG"", ""cashew/Data/Images/Anomaly/004.JPG"", ""capsules/Data/Images/Anomaly/021.JPG"", ""pcb1/Data/Images/Anomaly/014.JPG"", ""macaroni2/Data/Images/Normal/0261.JPG"", ""candle/Data/Images/Anomaly/018.JPG""]",62df7378fda164c0d6cd7f0c966977e5b4b8ce79dc85f0a3f59f621386f9f8d1,0b27661da3905db6d84d00f7a7ba9fe9f5d13f986bd35b85252e6fffc6f91f44,"[0, 1, 1, 1, 0, 1]"
437,3,76,"[""pcb1/Data/Images/Anomaly/030.JPG"", ""chewinggum/Data/Images/Anomaly/052.JPG"", ""capsules/Data/Images/Anomaly/008.JPG"", ""pcb3/Data/Images/Normal/0518.JPG"", ""cashew/Data/Images/Anomaly/049.JPG"", ""pipe_fryum/Data/Images/Normal/342.JPG""]",252626556a1a6fb96daf6e4f09cd47c03f4f5e71102a83624a68aea8098810df,f3818be53f31b2159db0467288b0650715ada8040243f940b1dfc56202efbc33,"[1, 1, 1, 0, 1, 0]"
438,3,77,"[""pcb1/Data/Images/Anomaly/084.JPG"", ""cashew/Data/Images/Anomaly/041.JPG"", ""capsules/Data/Images/Anomaly/042.JPG"", ""capsules/Data/Images/Anomaly/053.JPG"", ""macaroni2/Data/Images/Normal/0974.JPG"", ""macaroni1/Data/Images/Anomaly/088.JPG""]",6ef50c17846cef6af5c6df15e4501774107bb14c5351f2b6d8e708d45c3ed33c,4ef8b5f72cec8cb44b3cd57eb3c248d7119c2e9c9c5f0b89e1b15691457f4de7,"[1, 1, 1, 1, 0, 1]"
439,3,78,"[""pcb2/Data/Images/Anomaly/051.JPG"", ""pcb3/Data/Images/Normal/0215.JPG"", ""pcb2/Data/Images/Normal/0011.JPG"", ""macaroni2/Data/Images/Anomaly/064.JPG"", ""pcb4/Data/Images/Normal/0952.JPG"", ""macaroni2/Data/Images/Anomaly/092.JPG""]",c95cf869ded215f3bcb18e93b020f5ffdf2e9d4db6b85ad7a8f563d5ef0ae2d4,ea753ae159eddd0683de4a168990eb61cf87f0c2d82f035ec0de782b82459fee,"[1, 0, 0, 1, 0, 1]"
440,3,79,"[""pcb3/Data/Images/Anomaly/038.JPG"", ""macaroni2/Data/Images/Normal/0306.JPG"", ""pcb4/Data/Images/Anomaly/025.JPG"", ""macaroni1/Data/Images/Normal/0168.JPG"", ""pcb2/Data/Images/Normal/0629.JPG"", ""pcb4/Data/Images/Anomaly/052.JPG""]",347390a5f61ddcfdceece7da920910d681ccf35c1c33537ebc6665dd081b3340,f38e65a5b0a0eea3eaa577932e3c1aa509ec7d150b59ebd3c9ca9cd16bdc0238,"[1, 0, 1, 0, 0, 1]"
441,3,80,"[""macaroni1/Data/Images/Normal/0688.JPG"", ""pipe_fryum/Data/Images/Normal/392.JPG"", ""candle/Data/Images/Anomaly/072.JPG"", ""chewinggum/Data/Images/Anomaly/074.JPG"", ""candle/Data/Images/Normal/0967.JPG"", ""pcb4/Data/Images/Anomaly/085.JPG""]",fdbc59d59ec6c89f158c58bef21b553f4eceefb4442bdc0d0d4b275c2e9d8488,c76dc89c558dcbad19c79c72194c718838174d7d42ed4ff7f28384b70e40e727,"[0, 0, 1, 1, 0, 1]"
442,3,81,"[""pipe_fryum/Data/Images/Anomaly/019.JPG"", ""cashew/Data/Images/Anomaly/059.JPG"", ""pcb2/Data/Images/Anomaly/037.JPG"", ""pcb2/Data/Images/Normal/0871.JPG"", ""pcb3/Data/Images/Normal/0026.JPG"", ""chewinggum/Data/Images/Anomaly/039.JPG""]",57e1bb7129847a18d3fa9e6f2e20f660742589c25e7a80d27bd18d75048f4ce3,e78478d1c8ac9796145f8d05460218b98f667ccdf012e0e73011d6157f1bfae5,"[1, 1, 1, 0, 0, 1]"
443,3,82,"[""candle/Data/Images/Normal/0784.JPG"", ""capsules/Data/Images/Normal/159.JPG"", ""pcb4/Data/Images/Normal/0957.JPG"", ""pcb2/Data/Images/Anomaly/011.JPG"", ""candle/Data/Images/Normal/0755.JPG"", ""pcb2/Data/Images/Normal/0402.JPG""]",ce2c1897cfbd59b97d9737ce91c723421c2a1d2d5972b12e9a2fa472d4c29cee,62832e558b16de7d32ab15345eef3b0b67618579299a74158ab20ae74bdb4a4f,"[0, 0, 0, 1, 0, 0]"
444,3,83,"[""macaroni1/Data/Images/Normal/0303.JPG"", ""capsules/Data/Images/Anomaly/000.JPG"", ""capsules/Data/Images/Anomaly/014.JPG"", ""capsules/Data/Images/Normal/016.JPG"", ""macaroni2/Data/Images/Normal/0985.JPG"", ""pcb2/Data/Images/Normal/0784.JPG""]",860388639b6752985d4dbd4bf19400b3d01300accb1676b5b0f070e3168f5386,23adf39f69bc44efefd6a43dbcff24a70655702333810617f7142f71a4a9e8ab,"[0, 1, 1, 0, 0, 0]"
445,3,84,"[""pipe_fryum/Data/Images/Anomaly/022.JPG"", ""pcb3/Data/Images/Anomaly/048.JPG"", ""cashew/Data/Images/Anomaly/040.JPG"", ""pcb1/Data/Images/Anomaly/073.JPG"", ""pcb2/Data/Images/Anomaly/036.JPG"", ""pcb3/Data/Images/Anomaly/081.JPG""]",ec8c009f65c754ce495e16de2c54c7a42b25e9b91ba2eadf4bd68180c2638384,c2a610bf5ccc754f9ef4cdaa418d1a630c0c368fa8e2444ceae1b742a93b344a,"[1, 1, 1, 1, 1, 1]"
446,3,85,"[""cashew/Data/Images/Anomaly/062.JPG"", ""cashew/Data/Images/Anomaly/072.JPG"", ""pcb4/Data/Images/Anomaly/090.JPG"", ""capsules/Data/Images/Normal/320.JPG"", ""pcb4/Data/Images/Anomaly/068.JPG"", ""cashew/Data/Images/Normal/461.JPG""]",4c86112d9f2f79786c9d846e6e8ee094f8d56fd30af6200717678b7ed6a6fcae,b7dd1f350b6cc053d9bdc372eb14f984d59c13aea3754366825ea2def6fe700b,"[1, 1, 1, 0, 1, 0]"
447,3,86,"[""macaroni2/Data/Images/Anomaly/039.JPG"", ""pcb1/Data/Images/Normal/0525.JPG"", ""fryum/Data/Images/Anomaly/059.JPG"", ""pcb1/Data/Images/Anomaly/065.JPG"", ""chewinggum/Data/Images/Anomaly/033.JPG"", ""pcb4/Data/Images/Anomaly/028.JPG""]",577376558fec51f873fdbc55e4019fd9a2868f90adc707a330308121d29ecf5e,81e0f22f805cf39f7d45a267b59c7c6f20eaeb82937394e7d8af7ac3504ef362,"[1, 0, 1, 1, 1, 1]"
448,3,87,"[""pcb4/Data/Images/Anomaly/001.JPG"", ""pcb2/Data/Images/Anomaly/066.JPG"", ""cashew/Data/Images/Anomaly/064.JPG"", ""macaroni2/Data/Images/Normal/0629.JPG"", ""cashew/Data/Images/Normal/284.JPG"", ""fryum/Data/Images/Anomaly/068.JPG""]",e91a861b219dee91eadb059b887049eaebefc26bcc88a7d1cca9c3adb8e87f63,78ae3c655a777c786550060e41cb85a6c53dc3f8a917a28558951eb90c841b73,"[1, 1, 1, 0, 0, 1]"
449,3,88,"[""pcb2/Data/Images/Anomaly/064.JPG"", ""fryum/Data/Images/Anomaly/072.JPG"", ""fryum/Data/Images/Anomaly/006.JPG"", ""macaroni2/Data/Images/Normal/0011.JPG"", ""pcb1/Data/Images/Normal/0457.JPG"", ""candle/Data/Images/Normal/0617.JPG""]",6a580fdf1b9b87b3715f63e4ee8f108e27474bec66ca9eeb9bdedcd6a20f4713,61c4e100c411929dae0bef1abc3db99952ecd245ee6929323a4f83adc8fb9142,"[1, 1, 1, 0, 0, 0]"
450,3,89,"[""fryum/Data/Images/Anomaly/088.JPG"", ""pcb1/Data/Images/Anomaly/095.JPG"", ""cashew/Data/Images/Anomaly/038.JPG"", ""cashew/Data/Images/Normal/398.JPG"", ""pcb2/Data/Images/Anomaly/027.JPG"", ""pcb3/Data/Images/Anomaly/016.JPG""]",44aaa22eb4519fe539af86249e9753b30ce1dc0752a18d905dc0eab8f2aa0a6b,09bf45e5147dcdc7c3d39bfd5c4e5e74d291750ac3aa780a88fb6b26a2f67942,"[1, 1, 1, 0, 1, 1]"
451,3,90,"[""chewinggum/Data/Images/Normal/130.JPG"", ""macaroni1/Data/Images/Anomaly/072.JPG"", ""pipe_fryum/Data/Images/Anomaly/031.JPG"", ""pcb1/Data/Images/Anomaly/052.JPG"", ""capsules/Data/Images/Normal/214.JPG"", ""pipe_fryum/Data/Images/Anomaly/090.JPG""]",93974408b39467e215a2018e89fbcdf935866d5774c5967cd210874d1b722bd0,0daf3a9c13d957694974248cc125740ce1e04a8df1db31c9e6cdbadf500cdf23,"[0, 1, 1, 1, 0, 1]"
452,3,91,"[""fryum/Data/Images/Normal/272.JPG"", ""pcb2/Data/Images/Normal/0483.JPG"", ""candle/Data/Images/Anomaly/066.JPG"", ""macaroni1/Data/Images/Anomaly/050.JPG"", ""pcb3/Data/Images/Anomaly/014.JPG"", ""pcb2/Data/Images/Anomaly/032.JPG""]",bd16e594446c26ef549b192b3667ede7788c7f5e003ec5eb710225241e0aea0c,1c535b42f3e7f00bf04984b6e7966fe3fc30945bacefda634638c809fd7f3f6a,"[0, 0, 1, 1, 1, 1]"
453,3,92,"[""chewinggum/Data/Images/Anomaly/007.JPG"", ""macaroni2/Data/Images/Anomaly/001.JPG"", ""capsules/Data/Images/Anomaly/022.JPG"", ""chewinggum/Data/Images/Anomaly/038.JPG"", ""pcb2/Data/Images/Normal/0016.JPG"", ""macaroni2/Data/Images/Anomaly/063.JPG""]",51511d5c73dc2549cc1dd53c54f41a9f5147153497779e2f68255f3138767542,950a6841a3fecb35260210740c9173d73b962b3d4180be92682fdfda0cb40c67,"[1, 1, 1, 1, 0, 1]"
454,3,93,"[""chewinggum/Data/Images/Anomaly/011.JPG"", ""fryum/Data/Images/Normal/166.JPG"", ""chewinggum/Data/Images/Anomaly/063.JPG"", ""macaroni1/Data/Images/Anomaly/074.JPG"", ""capsules/Data/Images/Anomaly/015.JPG"", ""chewinggum/Data/Images/Anomaly/087.JPG""]",e7786b02359aa3cf977e3d37ad0bfd2e2dfb1eaf93b765e0a13f45031017fa89,4aef1c5a9987f3b29c6fd7e97a9e366ec3422f3645dc50f1c81cb09b6217e51e,"[1, 0, 1, 1, 1, 1]"
455,3,94,"[""pcb4/Data/Images/Anomaly/070.JPG"", ""cashew/Data/Images/Normal/260.JPG"", ""capsules/Data/Images/Anomaly/070.JPG"", ""chewinggum/Data/Images/Anomaly/070.JPG"", ""fryum/Data/Images/Anomaly/003.JPG"", ""pcb3/Data/Images/Anomaly/040.JPG""]",0eba9be13d0b1fe3319bd3febb70e3c8e07ab0a5c099ce760ec7a1f5f5f8be6b,a9e275fa13176380abd209189bc6a6149e3ea1a1b02132146dec63f6e1907e75,"[1, 0, 1, 1, 1, 1]"
456,3,95,"[""candle/Data/Images/Normal/0178.JPG"", ""pcb3/Data/Images/Anomaly/055.JPG"", ""candle/Data/Images/Anomaly/039.JPG"", ""fryum/Data/Images/Anomaly/020.JPG"", ""cashew/Data/Images/Anomaly/023.JPG"", ""macaroni2/Data/Images/Normal/0800.JPG""]",f63f1e900d8e1df741a0f0185154cf9bf58e5610cbf7f7b0fe3c19e6a570f844,da0e305d08d0a7f920397af12573bb3471934a1a56c0c56d7cb9c817433a209b,"[0, 1, 1, 1, 1, 0]"
457,3,96,"[""pipe_fryum/Data/Images/Anomaly/044.JPG"", ""pipe_fryum/Data/Images/Anomaly/034.JPG"", ""macaroni1/Data/Images/Anomaly/047.JPG"", ""chewinggum/Data/Images/Anomaly/086.JPG"", ""pcb3/Data/Images/Anomaly/050.JPG"", ""pcb2/Data/Images/Anomaly/068.JPG""]",e74ee36c525ca094965b9ca6a52491821e40768aa7079b36591d562911f24127,abbd92e3098e554ad7d8bc7637b5586cd6482a8ef2f594fd684bbe1a3b9f9bed,"[1, 1, 1, 1, 1, 1]"
458,3,97,"[""pcb4/Data/Images/Anomaly/062.JPG"", ""pcb4/Data/Images/Normal/0804.JPG"", ""candle/Data/Images/Normal/0751.JPG"", ""macaroni1/Data/Images/Anomaly/014.JPG"", ""pcb3/Data/Images/Anomaly/067.JPG"", ""macaroni2/Data/Images/Anomaly/020.JPG""]",22116f80156d1d7cce89eda1fa78c717c62677d1d66ef6a27c0a89a4b31ebf20,f82741cdba436293afa630cab122edcdaca69a3a2da8265bb9f576c2c70cbccc,"[1, 0, 0, 1, 1, 1]"
459,3,98,"[""capsules/Data/Images/Normal/402.JPG"", ""macaroni1/Data/Images/Normal/0615.JPG"", ""pcb1/Data/Images/Normal/0940.JPG"", ""macaroni2/Data/Images/Normal/0892.JPG"", ""pipe_fryum/Data/Images/Anomaly/077.JPG"", ""pcb1/Data/Images/Normal/0923.JPG""]",be47243fbad6fcf906360fff66926485394c3b54182176ba4fe9a318be75c3f3,14844dceaa9362ce51a33e7586e958e25fa1d3b134c37e4659df93de22f3b273,"[0, 0, 0, 0, 1, 0]"
460,3,99,"[""fryum/Data/Images/Anomaly/050.JPG"", ""pcb4/Data/Images/Anomaly/026.JPG"", ""candle/Data/Images/Anomaly/008.JPG"", ""capsules/Data/Images/Anomaly/026.JPG"", ""chewinggum/Data/Images/Anomaly/037.JPG"", ""pcb2/Data/Images/Normal/0484.JPG""]",2aeb46e8076e635a2313601df6d2057ef8357a9fcd3c376a4d685a720d3f86c4,136ca4ddd7b948e405803b4d93656f765de3a36e2b6e676efff81c9d6f3bd6be,"[1, 1, 1, 1, 1, 0]"
461,3,100,"[""pcb1/Data/Images/Anomaly/082.JPG"", ""macaroni2/Data/Images/Anomaly/035.JPG"", ""chewinggum/Data/Images/Normal/398.JPG"", ""macaroni2/Data/Images/Normal/0170.JPG"", ""capsules/Data/Images/Normal/514.JPG"", ""chewinggum/Data/Images/Normal/104.JPG""]",a828127f302fd2b5bc9cbaa65225ea80b63a45e1c6f795eed8ca01ae48db2cc0,e55b05e1ee76528e66e21fd531f6b12febb63319d2e2bd4d6293339370255159,"[1, 1, 0, 0, 0, 0]"
462,3,101,"[""pcb3/Data/Images/Anomaly/084.JPG"", ""pcb3/Data/Images/Anomaly/027.JPG"", ""cashew/Data/Images/Anomaly/002.JPG"", ""capsules/Data/Images/Anomaly/029.JPG"", ""pcb4/Data/Images/Anomaly/071.JPG"", ""pcb4/Data/Images/Normal/0694.JPG""]",61e2f9945c0913111460b5b06b92bd017a50c22c15152fa18d87e360af813998,990c595e59a5a1d4f0386813109fc3f8dcde59c7420d4f6e255ee62500a28d8d,"[1, 1, 1, 1, 1, 0]"
463,3,102,"[""chewinggum/Data/Images/Anomaly/016.JPG"", ""cashew/Data/Images/Normal/337.JPG"", ""chewinggum/Data/Images/Anomaly/094.JPG"", ""pcb4/Data/Images/Anomaly/089.JPG"", ""chewinggum/Data/Images/Anomaly/043.JPG"", ""fryum/Data/Images/Anomaly/094.JPG""]",182e0d5f05479ebed670c1401987b70b968fddc9861e54e205a17cd75f8b21f0,e719ea10324db3631ffe6ea8914b90a05c6b1bceb5eb5559e2d8ce5b0d4e9667,"[1, 0, 1, 1, 1, 1]"
464,3,103,"[""pipe_fryum/Data/Images/Normal/487.JPG"", ""macaroni1/Data/Images/Normal/0490.JPG"", ""macaroni2/Data/Images/Anomaly/080.JPG"", ""capsules/Data/Images/Anomaly/097.JPG"", ""pcb1/Data/Images/Anomaly/044.JPG"", ""pcb3/Data/Images/Normal/0871.JPG""]",b773321eb70877763e49e79a7655e3aeb975956fb8e98c0af2054600502c4cb0,5f6db7143fbf566e3565b5361d279edbc9c6710778fcd38df6ef1f9f3a7e0db1,"[0, 0, 1, 1, 1, 0]"
465,3,104,"[""cashew/Data/Images/Anomaly/083.JPG"", ""pcb1/Data/Images/Normal/0621.JPG"", ""candle/Data/Images/Anomaly/069.JPG"", ""pcb4/Data/Images/Normal/0751.JPG"", ""pcb1/Data/Images/Normal/0483.JPG"", ""pcb1/Data/Images/Anomaly/047.JPG""]",417acc5b80a919b28ccc769ed8c42c5d1efe0c180350d23f8ac43590ba19fbfb,f1899a2d8e64c5bde0e653ffb8f36f7de872e68853de9077691f9ac6920d520a,"[1, 0, 1, 0, 0, 1]"
466,3,105,"[""cashew/Data/Images/Anomaly/053.JPG"", ""cashew/Data/Images/Anomaly/074.JPG"", ""candle/Data/Images/Normal/0994.JPG"", ""macaroni2/Data/Images/Anomaly/061.JPG"", ""pcb3/Data/Images/Normal/0237.JPG"", ""pcb1/Data/Images/Normal/0294.JPG""]",0b5402194d0b0fb9a19688bfda3a6067eb26d2f5998f24b5bc633133a1a882df,4532d004d33ae4b5a538015ebb39a86a2ff383d6f96b7e2b66cc6d97740fe19c,"[1, 1, 0, 1, 0, 0]"
467,3,106,"[""cashew/Data/Images/Anomaly/010.JPG"", ""capsules/Data/Images/Anomaly/005.JPG"", ""macaroni1/Data/Images/Anomaly/087.JPG"", ""macaroni2/Data/Images/Anomaly/086.JPG"", ""pcb2/Data/Images/Normal/0261.JPG"", ""pipe_fryum/Data/Images/Anomaly/002.JPG""]",52f92ad238a716575048a76ca739594315bf148885e6f3dfd0635ea5c8723cfb,5a7efd5754cb133274d1658e260b9f9e5b7899386ce4f7f13c26822a3a0b16f8,"[1, 1, 1, 1, 0, 1]"
468,3,107,"[""candle/Data/Images/Anomaly/001.JPG"", ""macaroni1/Data/Images/Normal/0377.JPG"", ""pipe_fryum/Data/Images/Normal/260.JPG"", ""macaroni1/Data/Images/Anomaly/035.JPG"", ""pcb1/Data/Images/Anomaly/000.JPG"", ""pcb3/Data/Images/Anomaly/097.JPG""]",fbd6d41725699678305a7efeee36e99c233c8dc25f62d11cfeff865507f948c9,dd956d07bfe891aa65545de1a13ab11011493e8ae4f8e8ed02658ea6b4bb3871,"[1, 0, 0, 1, 1, 1]"
469,3,108,"[""macaroni1/Data/Images/Normal/0730.JPG"", ""chewinggum/Data/Images/Anomaly/049.JPG"", ""cashew/Data/Images/Anomaly/006.JPG"", ""pcb1/Data/Images/Normal/0730.JPG"", ""macaroni1/Data/Images/Normal/0484.JPG"", ""pcb2/Data/Images/Normal/0844.JPG""]",6e4a472560520ed39d6c1e87d17aa9074a196bd5b07692234bd0498cf5b3d27b,8762e791924436b5e30abded8a7fc999f990500ab46cd3da93e05ba9e0d47c7f,"[0, 1, 1, 0, 0, 0]"
470,3,109,"[""pcb3/Data/Images/Anomaly/035.JPG"", ""pipe_fryum/Data/Images/Normal/337.JPG"", ""pcb2/Data/Images/Normal/0520.JPG"", ""fryum/Data/Images/Anomaly/074.JPG"", ""macaroni1/Data/Images/Normal/0100.JPG"", ""pcb1/Data/Images/Anomaly/085.JPG""]",371796a270fa98f7d2047803b198da746dcd999384174dc939622bbc81819cf1,4cd298354aea0fad73e6f2665ed66ec1629ab416922e40a8be86ea10c06d34f7,"[1, 0, 0, 1, 0, 1]"
471,3,110,"[""candle/Data/Images/Anomaly/092.JPG"", ""pcb4/Data/Images/Normal/0621.JPG"", ""macaroni1/Data/Images/Anomaly/094.JPG"", ""macaroni1/Data/Images/Anomaly/043.JPG"", ""macaroni1/Data/Images/Anomaly/019.JPG"", ""macaroni1/Data/Images/Normal/0479.JPG""]",c630ecd30abdb485bd90975f521312409f902004a286f4a829dfc7aedddcd43d,de83ee734118892a9f764054336ad51c35ab35bf40feebb0beaa980074ccad53,"[1, 0, 1, 1, 1, 0]"
472,3,111,"[""pcb2/Data/Images/Anomaly/098.JPG"", ""pcb1/Data/Images/Anomaly/032.JPG"", ""pcb3/Data/Images/Normal/0100.JPG"", ""cashew/Data/Images/Anomaly/066.JPG"", ""macaroni2/Data/Images/Normal/0514.JPG"", ""pcb2/Data/Images/Normal/0968.JPG""]",6cbddc0b5143b7624ccb040359098481d15f930b1ca3bb08e54f66ff1a3d08c6,6e11eaae28b9fce045222dc77c140383e66ee7a0df5efa3679cb7ace83915fe6,"[1, 1, 0, 1, 0, 0]"
473,3,112,"[""pcb1/Data/Images/Normal/0297.JPG"", ""pcb4/Data/Images/Anomaly/017.JPG"", ""cashew/Data/Images/Anomaly/052.JPG"", ""candle/Data/Images/Normal/0694.JPG"", ""pcb4/Data/Images/Anomaly/058.JPG"", ""capsules/Data/Images/Anomaly/099.JPG""]",b975d06ff84091e2bdbe6b7149383e12315cdd5100235b86e9a3d92a63f05c34,fa545b80cfa92627c883ba1775c61e938e3a220cb6c19f2f811dc4fc77b9226b,"[0, 1, 1, 0, 1, 1]"
474,3,113,"[""candle/Data/Images/Anomaly/040.JPG"", ""pipe_fryum/Data/Images/Anomaly/085.JPG"", ""pcb1/Data/Images/Anomaly/086.JPG"", ""pcb1/Data/Images/Anomaly/078.JPG"", ""pcb2/Data/Images/Normal/0100.JPG"", ""cashew/Data/Images/Anomaly/030.JPG""]",78ec6cf42c5a473f793311810c03f0af6eeeecdb82ccabd620f80cb83b59da5e,79f85cfe6110eca9c589f1910458fd59b758d2c345d2655d2a506bea64d61da6,"[1, 1, 1, 1, 0, 1]"
475,3,114,"[""chewinggum/Data/Images/Anomaly/001.JPG"", ""pcb1/Data/Images/Anomaly/024.JPG"", ""macaroni2/Data/Images/Normal/0490.JPG"", ""pcb2/Data/Images/Normal/0469.JPG"", ""pcb2/Data/Images/Normal/0423.JPG"", ""pcb1/Data/Images/Anomaly/079.JPG""]",02a2014175d75077e8689354791b106fc6509f925a9777dfd349f34cef9451ad,54b69e17afc9b66427fad4fb4e8c707905034f5692cc3ab24ee7f464f81817c6,"[1, 1, 0, 0, 0, 1]"
476,3,115,"[""fryum/Data/Images/Anomaly/089.JPG"", ""pcb1/Data/Images/Anomaly/038.JPG"", ""candle/Data/Images/Anomaly/056.JPG"", ""capsules/Data/Images/Anomaly/003.JPG"", ""fryum/Data/Images/Anomaly/093.JPG"", ""macaroni2/Data/Images/Normal/0286.JPG""]",78055045bcc6c84258c8ba0790cbf84559a5d530f4c9cb1edfe9c58de19023c9,91e98b02245a1c14ba86641da8b6d7c1c52aa6f71a5b326695dccf270fac682a,"[1, 1, 1, 1, 1, 0]"
477,3,116,"[""cashew/Data/Images/Anomaly/061.JPG"", ""cashew/Data/Images/Anomaly/088.JPG"", ""pipe_fryum/Data/Images/Anomaly/068.JPG"", ""candle/Data/Images/Anomaly/084.JPG"", ""macaroni2/Data/Images/Normal/0469.JPG"", ""pipe_fryum/Data/Images/Anomaly/014.JPG""]",c46543d7f22cb8b9485e8e18fe8d45d99226f9bcfeb08fa9422da80d60d0352a,b583e104dbc3ea9858e71efa121b3aa5b50b9fbed4799fd62a35e0678cb8f7bc,"[1, 1, 1, 1, 0, 1]"
478,3,117,"[""chewinggum/Data/Images/Anomaly/014.JPG"", ""macaroni2/Data/Images/Anomaly/027.JPG"", ""pipe_fryum/Data/Images/Anomaly/038.JPG"", ""capsules/Data/Images/Anomaly/090.JPG"", ""cashew/Data/Images/Normal/484.JPG"", ""chewinggum/Data/Images/Anomaly/046.JPG""]",658a3b38249528ae0cdca76858b47549064525dfd51453c5a3a4c9295d2ab4fa,ccd3ad822fba9632403bc68d5b4a0ea819e1f93dd80bd3f3781408277041a50e,"[1, 1, 1, 1, 0, 1]"
479,3,118,"[""candle/Data/Images/Normal/0985.JPG"", ""candle/Data/Images/Normal/0011.JPG"", ""cashew/Data/Images/Anomaly/013.JPG"", ""macaroni1/Data/Images/Normal/0800.JPG"", ""pcb4/Data/Images/Normal/0170.JPG"", ""pcb2/Data/Images/Anomaly/075.JPG""]",b0253063ccbc41b2a984bb7465fdf43810736ad514aaaae43c769169234fc587,7e06e54b747229bfa685c1b1b1f0103b19a3acec4ab7e46741bbf681af3bc054,"[0, 0, 1, 0, 0, 1]"
480,3,119,"[""macaroni1/Data/Images/Normal/0187.JPG"", ""macaroni1/Data/Images/Anomaly/033.JPG"", ""pcb2/Data/Images/Anomaly/028.JPG"", ""candle/Data/Images/Anomaly/099.JPG"", ""pipe_fryum/Data/Images/Anomaly/012.JPG"", ""pcb4/Data/Images/Anomaly/044.JPG""]",e49615edd9048e256dbb4736c751256a7c7140aac542bb8f2427207953d83903,c9b34238ccbba327df0421a8a0effb4ad69edd1a3e180bd44eec25750df9591f,"[0, 1, 1, 1, 1, 1]"
481,3,120,"[""macaroni1/Data/Images/Anomaly/018.JPG"", ""fryum/Data/Images/Normal/307.JPG"", ""pcb4/Data/Images/Normal/0013.JPG"", ""capsules/Data/Images/Normal/046.JPG"", ""pcb3/Data/Images/Anomaly/009.JPG"", ""fryum/Data/Images/Anomaly/082.JPG""]",78c375b85e3c501bc987430444f227d1383491cdd957c2920166070c9ee21229,5c4972106ae99717bde9a1b2c889eabbec41327b45e0697553c47f5d783d70c6,"[1, 0, 0, 0, 1, 1]"
482,3,121,"[""macaroni1/Data/Images/Anomaly/024.JPG"", ""macaroni2/Data/Images/Normal/0457.JPG"", ""capsules/Data/Images/Anomaly/075.JPG"", ""macaroni1/Data/Images/Anomaly/038.JPG"", ""pcb4/Data/Images/Normal/0545.JPG"", ""pcb2/Data/Images/Anomaly/015.JPG""]",2193bc780e49c432ef026054f3b49ca0d9d85b6cfc21292e6617fa4a03b83413,bf009439ddf1b0020ce08cec745ee789909afe30692100f628014e6e70cb83ce,"[1, 0, 1, 1, 0, 1]"
483,3,122,"[""pcb3/Data/Images/Anomaly/025.JPG"", ""pcb4/Data/Images/Anomaly/002.JPG"", ""chewinggum/Data/Images/Anomaly/020.JPG"", ""macaroni1/Data/Images/Anomaly/091.JPG"", ""pcb2/Data/Images/Anomaly/001.JPG"", ""macaroni2/Data/Images/Normal/0705.JPG""]",b7a61a05026c4ff3ee2207c8d3fdcf86dc97175102f7418858ce0de5e8200afb,05dac0535d8337c172606d3f5e4c171ca086dd5ec7320e542dc3cbe978e03b7c,"[1, 1, 1, 1, 1, 0]"
484,3,123,"[""capsules/Data/Images/Anomaly/083.JPG"", ""macaroni2/Data/Images/Anomaly/014.JPG"", ""capsules/Data/Images/Anomaly/009.JPG"", ""pcb4/Data/Images/Normal/0427.JPG"", ""chewinggum/Data/Images/Anomaly/005.JPG"", ""macaroni1/Data/Images/Anomaly/093.JPG""]",242b831ba0c552e03f587139ce0b62a928d9f651f3dac4fa90924d9a9585a121,639de78f0dfe20f6df843b7810a02b4d4d219d2764eba13cf7806766e0d297b0,"[1, 1, 1, 0, 1, 1]"
485,3,124,"[""macaroni1/Data/Images/Anomaly/054.JPG"", ""pcb2/Data/Images/Anomaly/063.JPG"", ""pcb3/Data/Images/Normal/0363.JPG"", ""capsules/Data/Images/Anomaly/059.JPG"", ""pcb3/Data/Images/Normal/0690.JPG"", ""macaroni1/Data/Images/Anomaly/061.JPG""]",fc2d8152dba0dd094649a21a497d94e23542dd1ada32c92b02cc833c26a18fb7,0cda99cd6d3532c1b32ba5cdad26d380d4c6b1effea3895e0e382f36d4cb3cde,"[1, 1, 0, 1, 0, 1]"
486,3,125,"[""macaroni2/Data/Images/Anomaly/071.JPG"", ""pcb1/Data/Images/Normal/0107.JPG"", ""pcb2/Data/Images/Normal/0690.JPG"", ""pcb4/Data/Images/Normal/0306.JPG"", ""macaroni1/Data/Images/Anomaly/051.JPG"", ""fryum/Data/Images/Normal/402.JPG""]",2771841898d4526b123105f89d3b3c9a7b086ebbce7873d62f6cd6027a2bba40,30f278d84faa44e100197e86d1e317cc4432d1555e772f44ef98796346d596c8,"[1, 0, 0, 0, 1, 0]"
487,3,126,"[""pcb4/Data/Images/Normal/0685.JPG"", ""macaroni2/Data/Images/Anomaly/019.JPG"", ""fryum/Data/Images/Normal/181.JPG"", ""pipe_fryum/Data/Images/Normal/384.JPG"", ""pcb1/Data/Images/Normal/0303.JPG"", ""chewinggum/Data/Images/Normal/486.JPG""]",ed2bbc3429e3f529bee9299328fe0b23e99f2a72815ea76f552665ef15678aea,b74a1f83c7a04f23d285c2b86b4c85bd6a7417a74b05ad1df1e5241e978dd9cd,"[0, 1, 0, 0, 0, 0]"
488,3,127,"[""capsules/Data/Images/Anomaly/094.JPG"", ""cashew/Data/Images/Anomaly/012.JPG"", ""cashew/Data/Images/Normal/272.JPG"", ""pcb1/Data/Images/Anomaly/018.JPG"", ""macaroni2/Data/Images/Anomaly/055.JPG"", ""pcb2/Data/Images/Anomaly/059.JPG""]",f32bb48fea9e80b501f81025b837702c25b03ecba7b7e5b518f0529b420b2ea6,376bc7ea79422f90fd1fb3faf67cc5dfe2a90bb61d6256522c455fe809810f7f,"[1, 1, 0, 1, 1, 1]"
489,3,128,"[""fryum/Data/Images/Normal/460.JPG"", ""pcb2/Data/Images/Anomaly/004.JPG"", ""pcb4/Data/Images/Normal/0297.JPG"", ""macaroni2/Data/Images/Normal/0871.JPG"", ""pcb4/Data/Images/Anomaly/091.JPG"", ""pcb1/Data/Images/Anomaly/033.JPG""]",72fdd27963eddd7887bdf85dbbac75c9df2c9f8a74c42babbbe289b0d8a23860,34a6aac114fdb3e18e300bd83252ecf954b689da2a1c767abff0e41f84f58b24,"[0, 1, 0, 0, 1, 1]"
490,3,129,"[""macaroni2/Data/Images/Anomaly/075.JPG"", ""pcb1/Data/Images/Normal/0705.JPG"", ""macaroni2/Data/Images/Normal/0479.JPG"", ""chewinggum/Data/Images/Anomaly/057.JPG"", ""pcb3/Data/Images/Anomaly/015.JPG"", ""pcb3/Data/Images/Normal/0294.JPG""]",3623b23249fa92f2b4cc7677a8c60e04dbdf9635e40543545611a9d84cecf392,1edf7222ccd33caa9f029e535bbf9300db9102bc32a34fb82623ecdc9ef988ce,"[1, 0, 0, 1, 1, 0]"
491,3,130,"[""macaroni2/Data/Images/Anomaly/026.JPG"", ""capsules/Data/Images/Normal/569.JPG"", ""macaroni2/Data/Images/Normal/0518.JPG"", ""macaroni2/Data/Images/Normal/0648.JPG"", ""macaroni1/Data/Images/Anomaly/036.JPG"", ""capsules/Data/Images/Anomaly/040.JPG""]",a8fb3c99f99b285e9be00fce6c22a7d87fd7936821c2f85ff0f4b15042bbfc7f,eb130c8d92b289e0ff0983db3067e7f45fa61a773ad6af44246c2312aa5ed45f,"[1, 0, 0, 0, 1, 1]"
492,3,131,"[""pcb2/Data/Images/Anomaly/060.JPG"", ""macaroni2/Data/Images/Normal/0615.JPG"", ""macaroni2/Data/Images/Anomaly/045.JPG"", ""pipe_fryum/Data/Images/Normal/307.JPG"", ""pcb2/Data/Images/Anomaly/013.JPG"", ""fryum/Data/Images/Normal/467.JPG""]",c250208fe3ffe221747db664c5a07593394c501adf727ae4bbb4ae2777803d3c,888cf4b0bb98e541563c6c4988d59ceefc3acb2380e6d5a9a179df4bb3a1e166,"[1, 0, 1, 0, 1, 0]"
493,3,132,"[""macaroni1/Data/Images/Normal/0174.JPG"", ""macaroni2/Data/Images/Anomaly/015.JPG"", ""pcb3/Data/Images/Normal/0972.JPG"", ""candle/Data/Images/Anomaly/042.JPG"", ""macaroni1/Data/Images/Anomaly/070.JPG"", ""pcb2/Data/Images/Anomaly/018.JPG""]",5032d8edfe0cd932b76d8a5e07c91796fcd49063a99b3c2aaaf57e10f6067176,8edc68139af936c599d2c4075298520b75d0c2cdb117609290e064db1b764441,"[0, 1, 0, 1, 1, 1]"
494,3,133,"[""pcb3/Data/Images/Anomaly/036.JPG"", ""macaroni2/Data/Images/Anomaly/018.JPG"", ""capsules/Data/Images/Anomaly/049.JPG"", ""macaroni1/Data/Images/Normal/0569.JPG"", ""macaroni1/Data/Images/Normal/0208.JPG"", ""fryum/Data/Images/Anomaly/058.JPG""]",1d627778af30346691f0e562f40de31ea1b07af00c3beb15f00da22740c597df,743fa055c9e971aa7e8c742a48a7ed4fd64fe7d8a2e98cb085241cc1ced68bd6,"[1, 1, 1, 0, 0, 1]"
495,3,134,"[""macaroni1/Data/Images/Normal/0755.JPG"", ""chewinggum/Data/Images/Anomaly/004.JPG"", ""macaroni1/Data/Images/Anomaly/021.JPG"", ""chewinggum/Data/Images/Anomaly/068.JPG"", ""pcb1/Data/Images/Normal/0320.JPG"", ""fryum/Data/Images/Anomaly/099.JPG""]",c90edb5c7dabbc22f8f3c6cb58f7ada12a35b7fc62c924c9fbf6f8b962c68b13,0dd4abab2c107e0c085d9e5ab7744ae42e74df56623a476a98205acff6742ab2,"[0, 1, 1, 1, 0, 1]"
496,3,135,"[""pcb4/Data/Images/Normal/0178.JPG"", ""pcb2/Data/Images/Anomaly/003.JPG"", ""pcb1/Data/Images/Normal/0423.JPG"", ""pcb2/Data/Images/Anomaly/017.JPG"", ""pipe_fryum/Data/Images/Anomaly/023.JPG"", ""candle/Data/Images/Anomaly/030.JPG""]",855c4ef8c12e8b473bf1b615ae1d17264887ffeabdaa97703b69992a09ba0289,849ef8206fb004d5435f4dd059ca83e3722071478c4786084247a1be7a94c150,"[0, 1, 0, 1, 1, 1]"
497,3,136,"[""capsules/Data/Images/Anomaly/052.JPG"", ""pcb4/Data/Images/Normal/0172.JPG"", ""pcb1/Data/Images/Normal/0552.JPG"", ""pcb3/Data/Images/Anomaly/091.JPG"", ""pcb4/Data/Images/Normal/0011.JPG"", ""chewinggum/Data/Images/Normal/377.JPG""]",941d8f610d7e765f117529df32c7692b7e570bddd6e57e5f68e882078b444ceb,52b789311a2904521dc9ba6f6d020a8992999a7ef859abb6130a7b5aabac97c8,"[1, 0, 0, 1, 0, 0]"
498,3,137,"[""cashew/Data/Images/Anomaly/086.JPG"", ""chewinggum/Data/Images/Anomaly/096.JPG"", ""macaroni1/Data/Images/Normal/0871.JPG"", ""fryum/Data/Images/Anomaly/040.JPG"", ""pcb3/Data/Images/Anomaly/059.JPG"", ""candle/Data/Images/Normal/0417.JPG""]",999f6de8cba5660bb39cef97a7b3b401c06aa7beaba417516efb52c118378220,8f23d460ee14a4f45e6190d6bb503e5914afa6477e45c1115e63aab3c2a70115,"[1, 1, 0, 1, 1, 0]"
499,3,138,"[""pcb1/Data/Images/Normal/0657.JPG"", ""fryum/Data/Images/Normal/344.JPG"", ""pipe_fryum/Data/Images/Normal/398.JPG"", ""capsules/Data/Images/Anomaly/039.JPG"", ""capsules/Data/Images/Normal/027.JPG"", ""pcb4/Data/Images/Normal/0488.JPG""]",6ec4bf0b7b71d0859ac62a70bce31249326f5acf0cc4aa11f7fb3a52c2c9c8eb,aebedb966a1280b87255b9aab0db3260c6d7de968f2f457dd695b563e80ddea7,"[0, 0, 0, 1, 0, 0]"
