transform,n,l1,rmse,pearson,spearman,top1_overlap,feature_cosine,routing_abnormal_l1,routing_raw_score_l1,routing_entropy_abs_delta,gap_ss2d_disagreement_abs_delta,margin_abs_delta,stage_margin_rank_preserved,anomalous_pixel_ap_delta,record_type,stage,linear_CKA,clean_effective_rank,perturbed_effective_rank,effective_rank_ratio,index,category,label,clean_margin,perturbed_margin,clean_pixel_ap,perturbed_pixel_ap,pixel_ap_delta,setting,pixel_auroc,pixel_ap
brightness,96,4.746707795885795e-05,0.0006541389461487145,0.9664170805627501,0.985250282847275,0.8731752391601441,0.9999660557756821,0.000685427596585618,0.0027539419631163278,0.0009816242381930351,0.0007614537090477016,0.0004348581035931905,1.0,-0.013001732710578398,,,,,,,,,,,,,,,,,
brightness,96,,,,,,,,,,,,,,feature_geometry,1,0.9948407411575317,5.527633190155029,5.521278381347656,0.9988503562756857,,,,,,,,,,,
brightness,96,,,,,,,,,,,,,,feature_geometry,2,0.9976340532302856,4.814711570739746,4.906651020050049,1.0190955258605816,,,,,,,,,,,
brightness,96,,,,,,,,,,,,,,feature_geometry,3,0.9831274747848511,2.418503522872925,2.3703768253326416,0.9801006295483441,,,,,,,,,,,
contrast,96,3.0416331477332536e-05,0.0004364181843614853,0.9789643426112541,0.9846279114021973,0.8929020685799479,0.9999614271024863,0.0007203364592795778,0.002701815993835529,0.0010267717039419545,0.0008003168946339024,0.0005107277797328101,1.0,-0.0034459761414269486,,,,,,,,,,,,,,,,,
contrast,96,,,,,,,,,,,,,,feature_geometry,1,0.9945346713066101,5.527633190155029,5.621880531311035,1.0170502162342945,,,,,,,,,,,
contrast,96,,,,,,,,,,,,,,feature_geometry,2,0.9988055229187012,4.814711570739746,4.873281955718994,1.0121648792702755,,,,,,,,,,,
contrast,96,,,,,,,,,,,,,,feature_geometry,3,0.9767637252807617,2.418503522872925,2.3244752883911133,0.9611213158911938,,,,,,,,,,,
gamma,96,1.5250283589545582e-05,0.00023533677904425876,0.9959551435895792,0.9887498474043689,0.9485960988942725,0.9999757005522648,0.000547191501633885,0.002129646535548899,0.0007783357157475418,0.0006078306016408735,0.0004136734642088413,1.0,0.002881447334234682,,,,,,,,,,,,,,,,,
gamma,96,,,,,,,,,,,,,,feature_geometry,1,0.9971567392349243,5.527633190155029,5.621812343597412,1.0170378804458515,,,,,,,,,,,
gamma,96,,,,,,,,,,,,,,feature_geometry,2,0.9992530941963196,4.814711570739746,4.837118148803711,1.0046537736964631,,,,,,,,,,,
gamma,96,,,,,,,,,,,,,,feature_geometry,3,0.9839905500411987,2.418503522872925,2.4119720458984375,0.9972993725612901,,,,,,,,,,,
saturation,96,1.0837701211436699e-05,0.00016127517599663985,0.9971170920302056,0.99364566576477,0.9505645111193936,0.9999867255489031,0.0004679107708701243,0.0017811533374090989,0.0006685356299082438,0.0005197265806297461,0.0003147116965717739,1.0,0.001776478749547742,,,,,,,,,,,,,,,,,
saturation,96,,,,,,,,,,,,,,feature_geometry,1,0.9980587363243103,5.527633190155029,5.435651779174805,0.9833597115047272,,,,,,,,,,,
saturation,96,,,,,,,,,,,,,,feature_geometry,2,0.9992889761924744,4.814711570739746,4.863320827484131,1.0100959851966618,,,,,,,,,,,
saturation,96,,,,,,,,,,,,,,feature_geometry,3,0.9917145371437073,2.418503522872925,2.42299222946167,1.0018559851355573,,,,,,,,,,,
gaussian_blur,96,0.00011029122051735724,0.001776868151692072,0.857634137496257,0.8867033734838388,0.6699900608771276,0.9996550288051367,0.0025393446267116815,0.010446334257721901,0.0036315354518592358,0.0028214552181048524,0.0012205292781194053,1.0,-0.02172365395022903,,,,,,,,,,,,,,,,,
gaussian_blur,96,,,,,,,,,,,,,,feature_geometry,1,0.9506902694702148,5.527633190155029,4.789821624755859,0.8665230596861516,,,,,,,,,,,
gaussian_blur,96,,,,,,,,,,,,,,feature_geometry,2,0.9850490689277649,4.814711570739746,4.641292572021484,0.9639814356124313,,,,,,,,,,,
gaussian_blur,96,,,,,,,,,,,,,,feature_geometry,3,0.8950748443603516,2.418503522872925,2.57004451751709,1.062658992724621,,,,,,,,,,,
gaussian_noise,96,0.0001123101771094092,0.0015554516698978735,0.8731201319721036,0.8624347954608339,0.6934790036029321,0.9997064104924599,0.0025314376382286562,0.008125351690169839,0.0035894788387748934,0.002812677063047886,0.00134165548822946,1.0,-0.022714116564177184,,,,,,,,,,,,,,,,,
gaussian_noise,96,,,,,,,,,,,,,,feature_geometry,1,0.9602028131484985,5.527633190155029,4.8471174240112305,0.8768884000197718,,,,,,,,,,,
gaussian_noise,96,,,,,,,,,,,,,,feature_geometry,2,0.9867663979530334,4.814711570739746,4.58074951171875,0.951406838066304,,,,,,,,,,,
gaussian_noise,96,,,,,,,,,,,,,,feature_geometry,3,0.9243144989013672,2.418503522872925,2.4780333042144775,1.024614304167247,,,,,,,,,,,
jpeg,96,6.805687874998567e-05,0.0009510603569141679,0.9135467450090639,0.8864513552951493,0.7313369673251335,0.9997974236806234,0.0015977289270570816,0.006394580213559997,0.0022826258403559527,0.0017752302034447591,0.0010722359745866724,1.0,-0.022825571479763867,,,,,,,,,,,,,,,,,
jpeg,96,,,,,,,,,,,,,,feature_geometry,1,0.9615504145622253,5.527633190155029,4.943426609039307,0.8943116228920143,,,,,,,,,,,
jpeg,96,,,,,,,,,,,,,,feature_geometry,2,0.9933437705039978,4.814711570739746,4.81097936630249,0.9992248332257455,,,,,,,,,,,
jpeg,96,,,,,,,,,,,,,,feature_geometry,3,0.9361046552658081,2.418503522872925,2.4081177711486816,0.9957057115583996,,,,,,,,,,,
resize_cycle,96,6.784691235222997e-05,0.0010835044151172796,0.9496168370432475,0.9355432644636599,0.7968691762951918,0.9998403036346039,0.0017557451170028395,0.006658060114002891,0.002502500027832058,0.0019507856470429234,0.0008280122031768163,1.0,-0.006225296766753006,,,,,,,,,,,,,,,,,
resize_cycle,96,,,,,,,,,,,,,,feature_geometry,1,0.9804943799972534,5.527633190155029,4.940195560455322,0.8937270963011872,,,,,,,,,,,
resize_cycle,96,,,,,,,,,,,,,,feature_geometry,2,0.9945536255836487,4.814711570739746,4.698416233062744,0.9758458350062423,,,,,,,,,,,
resize_cycle,96,,,,,,,,,,,,,,feature_geometry,3,0.9570527076721191,2.418503522872925,2.4901785850524902,1.0296361206430755,,,,,,,,,,,
brightness,,2.9353006387604223e-10,6.5217821027048e-10,0.959505014315848,0.9871645304495997,0.5970928065598211,0.999968409538269,0.00029794809718926746,0.003051201502482096,0.0004258006811141968,0.00033073623975118,0.0001376370588938395,1.0,,,,,,,,4,candle,0,-1.0099693636099498,-1.009915252526601,,,,,,
brightness,,3.8902087357543724e-10,1.0259390374974676e-09,0.9863175443660094,0.9701513853454616,0.9522922102124487,0.9998034238815308,0.0013125940846900146,0.007384141286214192,0.0019435286521911621,0.0014584263165791829,0.0015113552411397297,1.0,,,,,,,,5,candle,0,-1.0077207485834758,-1.0091309348742168,,,,,,
brightness,,3.5704775970055356e-10,8.314968697250264e-10,0.9714424475720809,0.9755657311421648,0.8669399925456579,0.9999532699584961,0.0002882974222302437,0.004407068093617757,0.0004074672857920329,0.0003203252951304118,0.0001544952392578125,1.0,,,,,,,,9,candle,0,-1.0082555611928303,-1.008406162261963,,,,,,
brightness,,2.1158496833286237e-10,5.687632031233854e-10,0.9729111553379233,0.9863734462861607,0.9049571375326128,0.9999750852584839,0.0003318482389052709,0.0014748573303222656,0.000479509433110555,0.000368724266688029,0.00011650721232096355,1.0,,,,,,,,10,candle,0,-1.0086678862571716,-1.0086880723635356,,,,,,
brightness,,3.141750204179204e-05,0.0007473541534884046,0.992046154437071,0.9766502089975426,0.9720462169213567,0.9998440742492676,0.0013588607932130496,0.003167231877644857,0.0019479642311731975,0.001509837806224823,0.00045096874237060547,1.0,,,,,,,,0,candle,1,-1.011217753092448,-1.0108871857325237,0.8371158566584326,0.8108443164617146,-0.026271540196717957,,,
brightness,,4.356002935594697e-06,9.910368486794995e-05,0.9836142581662265,0.9833832542197448,0.9575102497204622,0.9999179840087891,0.000793935110171636,0.004787365595499675,0.0012117127577463787,0.0008821686108907064,0.0004975497722625732,1.0,,,,,,,,1,candle,1,-1.0090133150418599,-1.0093404750029247,0.6083958137002626,0.5413144844205133,-0.0670813292797493,,,
brightness,,7.182200747705805e-08,1.6489097795792534e-06,0.9907853360259333,0.9854048983986499,0.963473723443906,0.9998347163200378,0.0014304045277337234,0.010344346364339193,0.0020664681990941367,0.0015893479188283284,0.0011150836944580078,1.0,,,,,,,,2,candle,1,-1.01030628879865,-1.011132727066676,0.562022013237768,0.5441526652265302,-0.01786934801123785,,,
brightness,,1.2235091457509106e-06,2.7450912547811225e-05,0.9939942356234033,0.9776722382717677,0.9869549012299664,0.9998749494552612,0.0012227751625080903,0.00517733891805013,0.001818731427192688,0.0013586531082789104,0.0004912714163462321,1.0,,,,,,,,3,candle,1,-1.0122383137543995,-1.0118704835573833,0.24731700167458026,0.25453222857159685,0.007215226897016591,,,
contrast,,2.6069484099706294e-10,5.820067249817573e-10,0.9665618670325102,0.98778928610772,0.6526276556093925,0.9999723434448242,0.0004378102409342925,0.0013494491577148438,0.0006398459275563558,0.00048644840717315674,8.081396420796712e-05,1.0,,,,,,,,4,candle,0,-1.0099693636099498,-1.0100501775741577,,,,,,
contrast,,4.157388713668875e-10,1.1838120101019406e-09,0.9877137679210422,0.9704265350616924,0.9500559075661573,0.9998809099197388,0.0010027078290780385,0.0040750205516815186,0.0014576663573582966,0.0011140257120132446,0.000919799009958903,1.0,,,,,,,,5,candle,0,-1.0077207485834758,-1.0086249709129333,,,,,,
contrast,,2.6480256610243345e-10,7.01555142256108e-10,0.9812718007326637,0.9849926726455785,0.8814759597465524,0.9999359846115112,0.0006121241798003515,0.005051612854003906,0.0009153087933858236,0.0006801535685857137,0.0008911887804667155,1.0,,,,,,,,9,candle,0,-1.0082555611928303,-1.007431964079539,,,,,,
contrast,,2.83058820616387e-10,7.154796863995619e-10,0.9768144767164063,0.9776319827147624,0.9180022363026463,0.9999675750732422,0.000899300134430329,0.003902435302734375,0.0013100504875183105,0.0009992346167564392,0.00026143590609232586,1.0,,,,,,,,10,candle,0,-1.0086678862571716,-1.008929322163264,,,,,,
contrast,,1.5104153318164042e-05,0.00041065992106911287,0.9986658982039058,0.9787430981935827,0.9821095788296683,0.9998967051506042,0.0010400100921591122,0.0023529728253682456,0.0014694631099700928,0.0011555453141530354,0.00038612882296244305,1.0,,,,,,,,0,candle,1,-1.011217753092448,-1.0109871725241344,0.8371158566584326,0.8342099203933151,-0.0029059362651174814,,,
contrast,,4.5215149610838505e-06,0.00010422668343665762,0.9832074124953042,0.984895815078895,0.9571375326127469,0.9998990893363953,0.0011045639403164387,0.004536588986714681,0.0016446610291798909,0.0012273192405700684,0.000782241423924764,1.0,,,,,,,,1,candle,1,-1.0090133150418599,-1.0097955564657848,0.6083958137002626,0.5456248554478443,-0.0627709582524183,,,
contrast,,5.193389092286004e-07,1.029218952205766e-05,0.9958461527475472,0.9846016246367743,0.9739098024599329,0.9998153448104858,0.0022806228759388127,0.0069777170817057295,0.0032788564761479697,0.002534039318561554,0.0009621083736419678,1.0,,,,,,,,2,candle,1,-1.01030628879865,-1.011268397172292,0.562022013237768,0.5644913309690475,0.0024693177312794523,,,
contrast,,3.8109397863045277e-06,9.86575602341193e-05,0.9850054801828897,0.9769007890166712,0.9802459932910921,0.999854564666748,0.0014428853367765744,0.004923184712727864,0.0020861774682998657,0.0016032134493192036,0.0009012321631113688,1.0,,,,,,,,3,candle,1,-1.0122383137543995,-1.0115172664324443,0.24731700167458026,0.25862665711463334,0.011309655440053079,,,
gamma,,1.672686508350183e-10,3.3340263696852495e-10,0.9954454277083813,0.9931569668937432,0.9131569139023481,0.9999926090240479,0.000199140515178442,0.0013256072998046875,0.0002851933240890503,0.00022127230962117514,0.00024495522181193036,1.0,,,,,,,,4,candle,0,-1.0099693636099498,-1.0099263886610668,,,,,,
gamma,,1.3487522726242317e-10,2.644103142286976e-10,0.9957087342791977,0.9841189933730482,0.9668281774133433,0.9999949336051941,0.00031594202543298405,0.001654525597890218,0.00046466290950775146,0.0003510192036628723,9.225805600484212e-05,1.0,,,,,,,,5,candle,0,-1.0077207485834758,-1.0078130066394806,,,,,,
gamma,,3.182754537239961e-10,1.493940961470653e-09,0.9946754636033737,0.9872917820518585,0.9772642564293701,0.999978244304657,0.0006520311969021956,0.0016543467839558919,0.0009521842002868652,0.0007244795560836792,0.0007414917151133219,1.0,,,,,,,,9,candle,0,-1.0082555611928303,-1.0089970529079437,,,,,,
gamma,,2.126538392678865e-10,6.959689801464574e-10,0.9931749790740463,0.9797775489889778,0.9735370853522176,0.9999725222587585,0.0008224383927881718,0.004326264063517253,0.0012020717064539592,0.0009138261278470358,0.0005153020222981771,1.0,,,,,,,,10,candle,0,-1.0086678862571716,-1.0091831882794697,,,,,,
gamma,,1.994881393753704e-05,0.0005406366991110299,0.999929410103223,0.9928410057688511,0.995527394707417,0.9999691843986511,0.0008701576540867487,0.0035224358240763345,0.0012285411357879639,0.00096684197584788,0.00048348307609558105,1.0,,,,,,,,0,candle,1,-1.011217753092448,-1.0117012361685436,0.8371158566584326,0.8367250730530282,-0.0003907836054043434,,,
gamma,,7.135903133495158e-07,1.625430616171766e-05,0.9997867282180941,0.9865938827537666,0.9891912038762579,0.9998413920402527,0.0020141182467341423,0.006307388345400493,0.0028958717981974282,0.0022376875082651773,0.0013727645079294841,1.0,,,,,,,,1,candle,1,-1.0090133150418599,-1.0103860795497894,0.6083958137002626,0.6068995640670659,-0.0014962496331967223,,,
gamma,,7.859049336423603e-08,1.6767121076365636e-06,0.9964329254192685,0.9877588405638783,0.9813641446142378,0.9999701380729675,0.0008454057388007641,0.0027802189191182456,0.0012062937021255493,0.0009393617510795593,0.00039142370223999023,1.0,,,,,,,,2,candle,1,-1.01030628879865,-1.01069771250089,0.562022013237768,0.5790642393966033,0.017042226158835327,,,
gamma,,9.985579439881923e-07,2.3851292048543707e-05,0.9999008303149707,0.9852649222582345,0.9962728289228475,0.9999561309814453,0.001430892540762822,0.004661758740743001,0.0020006150007247925,0.001589857041835785,0.00015242894490559897,1.0,,,,,,,,3,candle,1,-1.0122383137543995,-1.012365072965622,0.24731700167458026,0.24618826027085292,-0.0011287414037273458,,,
saturation,,1.7542891524559978e-10,3.5662229755150813e-10,0.9876070549433646,0.9954024893628397,0.8110324263883713,0.9999842047691345,0.00031264980013171834,0.0013358592987060547,0.0004661083221435547,0.00034738828738530475,0.0001675089200337728,1.0,,,,,,,,4,candle,0,-1.0099693636099498,-1.0101368725299835,,,,,,
saturation,,4.081407796317064e-10,2.0564332944183026e-09,0.9849041113956839,0.9924620771968705,0.9362653745806933,0.9999796748161316,0.0006058714352548122,0.0022273858388264975,0.0009032934904098511,0.0006732021768887838,0.000304718812306722,1.0,,,,,,,,5,candle,0,-1.0077207485834758,-1.0079970161120098,,,,,,
saturation,,2.2721378370543206e-10,7.574057997548436e-10,0.989431952802852,0.9922223719728086,0.8975027953783079,0.9999699592590332,0.0006899754516780376,0.0026715993881225586,0.0010197659333546956,0.0007666299740473429,0.0002795755863189697,1.0,,,,,,,,9,candle,0,-1.0082555611928303,-1.0085351367791493,,,,,,
saturation,,2.0243478270899894e-10,5.144291661264381e-10,0.9811181333438926,0.9880226510598762,0.9116660454714871,0.9999772906303406,0.000559306393067042,0.0029224157333374023,0.0008260707060496012,0.0006214454770088196,0.0003538827101389567,1.0,,,,,,,,10,candle,0,-1.0086678862571716,-1.0083321034908295,,,,,,
saturation,,9.357098316348356e-06,0.00025345175822650065,0.9996453456895801,0.9943851796165667,0.9944092433842714,0.999983012676239,0.0007569432879487673,0.0015663504600524902,0.001065144936243693,0.0008410364389419556,3.39051087697347e-05,1.0,,,,,,,,0,candle,1,-1.011217753092448,-1.0112046897411346,0.8371158566584326,0.8297339012079212,-0.007381955450511346,,,
saturation,,2.7336514901539645e-06,6.222745856269504e-05,0.9984077053151715,0.9923642550430574,0.9809914275065226,0.9999632835388184,0.0007797572761774063,0.0053195953369140625,0.0011663337548573811,0.000866385797659556,0.00046517451604207355,1.0,,,,,,,,1,candle,1,-1.0090133150418599,-1.0093940099080403,0.6083958137002626,0.5840672461650159,-0.024328567535246703,,,
saturation,,1.4044602435634662e-07,2.5485483011782704e-06,0.9932828939074064,0.9933297909829845,0.9757733879985091,0.9999433755874634,0.0012417052251597245,0.007031877835591634,0.0017786721388498943,0.0013796960314114888,0.00034051140149434406,1.0,,,,,,,,2,candle,1,-1.01030628879865,-1.0106468002001445,0.562022013237768,0.5647570117955978,0.002734998557829771,,,
saturation,,1.709560376118481e-06,4.054004539382001e-05,0.9997991568694274,0.9923034892128051,0.9959001118151323,0.9999608397483826,0.0009058546274900436,0.0020038684209187827,0.0012871225674947102,0.0010061835249265034,0.00036270419756571454,1.0,,,,,,,,3,candle,1,-1.0122383137543995,-1.0119097630182903,0.24731700167458026,0.2482932258459281,0.0009762241713478503,,,
gaussian_blur,,6.285596804866676e-10,1.084726018089897e-09,0.9007897191721977,0.930376390758635,0.5333581811405144,0.9994727373123169,0.002217934001237154,0.0148774782816569,0.0032133162021636963,0.0024643341700236,0.0019555787245432534,1.0,,,,,,,,4,candle,0,-1.0099693636099498,-1.0084116260210674,,,,,,
gaussian_blur,,7.386488625471958e-10,1.8806865553117322e-09,0.7618647044670582,0.895008848018166,0.5057771151695862,0.9992737770080566,0.0021606654239197574,0.01353295644124349,0.003138929605484009,0.002400726079940796,0.00190200408299764,1.0,,,,,,,,5,candle,0,-1.0077207485834758,-1.006217857201894,,,,,,
gaussian_blur,,1.3132760331477656e-09,5.783101194257089e-09,0.655401942507183,0.8926228696652305,0.5657845695117406,0.9995245933532715,0.0038838034185270467,0.018155256907145183,0.005594606200853984,0.004315311710039775,0.0012638966242472331,1.0,,,,,,,,9,candle,0,-1.0082555611928303,-1.009326656659444,,,,,,
gaussian_blur,,1.117544104239588e-09,5.112618402875478e-09,0.7814425276222183,0.8675818742034482,0.5601938128960119,0.9994842410087585,0.0027064677948753038,0.013503591219584147,0.003889605402946472,0.003007190922896067,0.0014084080855051677,1.0,,,,,,,,10,candle,0,-1.0086678862571716,-1.0075627466042836,,,,,,
gaussian_blur,,8.261002864539156e-05,0.0021144190183844903,0.9960313132915989,0.9365533703966327,0.9750279537830786,0.9994840621948242,0.002129803877323866,0.012092351913452148,0.003031119704246521,0.0023664658268292746,0.0014628171920776367,1.0,,,,,,,,0,candle,1,-1.011217753092448,-1.0103201468785603,0.8371158566584326,0.8395487576202285,0.0024329009617959363,,,
gaussian_blur,,6.487051680055554e-06,0.00015061978005354517,0.9922888421209374,0.9320844554623462,0.9757733879985091,0.9993267059326172,0.002120112689832846,0.015320777893066406,0.0030930538972218833,0.002355709671974182,0.001410841941833496,1.0,,,,,,,,1,candle,1,-1.0090133150418599,-1.008104423681895,0.6083958137002626,0.6173250093202861,0.008929195620023478,,,
gaussian_blur,,3.284466196772981e-06,7.972719750669258e-05,0.9839010175543209,0.9540647216341062,0.9284383153186732,0.9991916418075562,0.0035056819518407187,0.020688374837239582,0.005024741093317668,0.0038952107230822244,0.0010466972986857097,1.0,,,,,,,,2,candle,1,-1.01030628879865,-1.009939322868983,0.562022013237768,0.5255198438637293,-0.03650216937403872,,,
gaussian_blur,,7.0216941393150565e-06,0.00016547722211500974,0.9550119485784113,0.9323060926119745,0.9563920983973164,0.9985681772232056,0.004434602490315835,0.02262401580810547,0.006351550420125325,0.004927334686120351,0.0035402377446492514,1.0,,,,,,,,3,candle,1,-1.0122383137543995,-1.0093952119350433,0.24731700167458026,0.20017239578252466,-0.0471446058920556,,,
gaussian_noise,,9.822956655928695e-10,2.365010145964917e-09,0.6333452709827392,0.8558729505728088,0.079388743943347,0.9996298551559448,0.0042704069055616856,0.010294675827026367,0.006151854991912842,0.004744922121365865,0.0016418596108754475,1.0,,,,,,,,4,candle,0,-1.0099693636099498,-1.0108878016471863,,,,,,
gaussian_noise,,8.4666272617046e-10,2.6620641175710246e-09,0.344016119736769,0.8199077794132585,0.0,0.999435305595398,0.004080319001028935,0.016996383666992188,0.005982806285222371,0.004533678293228149,0.002800673246383667,1.0,,,,,,,,5,candle,0,-1.0077207485834758,-1.00953808426857,,,,,,
gaussian_noise,,1.073812554139707e-09,3.152585958982654e-09,0.4234177593140038,0.8023264142709783,0.03056280283265002,0.9994972944259644,0.00464414448166887,0.013416290283203125,0.006735747059186299,0.005160172780354817,0.0024722119172414145,1.0,,,,,,,,9,candle,0,-1.0082555611928303,-1.0100608170032501,,,,,,
gaussian_noise,,6.621352822367251e-10,1.757572068107538e-09,0.7378867676646576,0.8383949227140021,0.5020499440924339,0.9996780157089233,0.002945183931539456,0.00962670644124349,0.004252950350443522,0.0032724017898241677,0.0008474687735239664,1.0,,,,,,,,10,candle,0,-1.0086678862571716,-1.0087644755840302,,,,,,
gaussian_noise,,0.00018131301523706205,0.004853097561381233,0.9887921541983176,0.8908701054109405,0.9817368617219531,0.9994772672653198,0.0049411832975844545,0.010152816772460938,0.007096181313196818,0.005490216116110484,0.0010335842768351238,1.0,,,,,,,,0,candle,1,-1.011217753092448,-1.011710524559021,0.8371158566584326,0.8518347438576992,0.014718887199266617,,,
gaussian_noise,,6.679221895664836e-06,0.00015415557145581738,0.9176104847539732,0.8882548040380845,0.9161386507640701,0.9994434118270874,0.005084076120207707,0.012578169504801432,0.007316604256629944,0.005648985505104065,0.0025569101174672446,1.0,,,,,,,,1,candle,1,-1.0090133150418599,-1.0107929209868114,0.6083958137002626,0.4906848062678526,-0.11771100743241003,,,
gaussian_noise,,3.5971608116146705e-07,8.128493586904355e-06,0.942152093835045,0.920640651339642,0.9269474468878122,0.9992849230766296,0.005849322148909171,0.013746102650960287,0.008365124464035034,0.006499250729878743,0.001938849687576294,1.0,,,,,,,,2,candle,1,-1.01030628879865,-1.0112618406613667,0.562022013237768,0.5873907359321191,0.025368722694351087,,,
gaussian_noise,,6.190211186076578e-06,0.00014183314889810008,0.9978828534466674,0.8741010825661593,0.9541557957510249,0.9997978210449219,0.0027106997246543565,0.00762176513671875,0.004009147485097249,0.0030118748545646667,0.0005745887756347656,1.0,,,,,,,,3,candle,1,-1.0122383137543995,-1.0116637249787648,0.24731700167458026,0.24155466647582052,-0.005762335198759738,,,
jpeg,,7.11900205917378e-10,1.3899013372112134e-09,0.8515772261130391,0.9199634630209694,0.3708535221766679,0.9995259046554565,0.0016621093576153119,0.010400176048278809,0.00240899125734965,0.0018467927972475688,0.001566996177037557,1.0,,,,,,,,4,candle,0,-1.0099693636099498,-1.0112141768137615,,,,,,
jpeg,,5.516350086727877e-10,1.1788639259375416e-09,0.9219337778175591,0.8606089251780343,0.9004845322400298,0.9995936155319214,0.0014524535896877448,0.008153438568115234,0.0021535654862721763,0.0016138205925623577,0.00191920002301534,1.0,,,,,,,,5,candle,0,-1.0077207485834758,-1.0094747245311737,,,,,,
jpeg,,6.629177709712497e-10,1.6095788487306347e-09,0.965015369355171,0.9085767071027407,0.871785314945956,0.9996128082275391,0.0018894725168744724,0.009943167368570963,0.0027688046296437583,0.002099404732386271,0.0014264484246571858,1.0,,,,,,,,9,candle,0,-1.0082555611928303,-1.0095784564812977,,,,,,
jpeg,,6.708475408924875e-10,1.879673489421093e-09,0.8609747577268314,0.8402013277641238,0.5784569511740589,0.9997755289077759,0.0011173570528626442,0.00781315565109253,0.0016252001126607258,0.001241527497768402,0.0011200010776519775,1.0,,,,,,,,10,candle,0,-1.0086678862571716,-1.0095942914485931,,,,,,
jpeg,,6.272252208772418e-05,0.0014415144486353661,0.9706085187330865,0.9333558137963579,0.9340290719344018,0.9997305870056152,0.00047736552854379016,0.005946715672810872,0.0007281551758448283,0.0005303894480069479,0.00046267112096150714,1.0,,,,,,,,0,candle,1,-1.011217753092448,-1.0116804242134094,0.8371158566584326,0.905488574275471,0.06837271761703845,,,
jpeg,,5.284076268361253e-06,0.0001226351081752582,0.9819630661738803,0.9030499988736701,0.9459560193812896,0.999513566493988,0.0018592458218336105,0.008652369181315104,0.002697030703226725,0.0020658522844314575,0.0012884239355723064,1.0,,,,,,,,1,candle,1,-1.0090133150418599,-1.0102467437585194,0.6083958137002626,0.5483912656434946,-0.060004548056768026,,,
jpeg,,9.506295611909374e-07,2.2099347452158085e-05,0.9689154036813482,0.9336921139269146,0.9232202758106597,0.9996759295463562,0.002227845136076212,0.01208194096883138,0.0031986385583877563,0.0024753957986831665,0.0005994836489359537,1.0,,,,,,,,2,candle,1,-1.01030628879865,-1.010905772447586,0.562022013237768,0.4984620446820844,-0.06355996855568363,,,
jpeg,,5.820102794647542e-06,0.00013432779398398672,0.9992846688695373,0.9262663956617455,0.9541557957510249,0.9997702836990356,0.0012764132892092068,0.005354245503743489,0.0019368976354599,0.0014182205001513164,0.00039961934089660645,1.0,,,,,,,,3,candle,1,-1.0122383137543995,-1.011921723683675,0.24731700167458026,0.2449668853567463,-0.002350116317833967,,,
resize_cycle,,4.834890095687372e-10,9.156561675520898e-10,0.9390252375888225,0.9521175838774024,0.6634364517331346,0.9998518824577332,0.0017064992959300678,0.00865409771601359,0.0024318844079971313,0.001895780364672343,0.0005476574103037516,1.0,,,,,,,,4,candle,0,-1.0099693636099498,-1.009556492169698,,,,,,
resize_cycle,,5.762679519928496e-10,1.1141739220159862e-09,0.9651313127276926,0.9555172880200445,0.9213566902720834,0.9997519850730896,0.0027459819490710893,0.007745027542114258,0.003945827484130859,0.0030510773261388144,0.0005570749441782633,1.0,,,,,,,,5,candle,0,-1.0077207485834758,-1.008107413848241,,,,,,
resize_cycle,,7.561271870217591e-10,2.0426339160944e-09,0.982565195818764,0.9527077853163749,0.9396198285501305,0.9995672106742859,0.004109200090169907,0.016042073567708332,0.0059020618597666425,0.004565770427385966,0.0013870497544606526,1.0,,,,,,,,9,candle,0,-1.0082555611928303,-1.0094617108503978,,,,,,
resize_cycle,,7.269904109777141e-10,2.822583619033842e-09,0.9284966675473936,0.9233602554070778,0.8430860976518822,0.9997848272323608,0.0028761359862983227,0.008802652359008789,0.004166170954704285,0.003195705513159434,0.000705579916636149,1.0,,,,,,,,10,candle,0,-1.0086678862571716,-1.009223222732544,,,,,,
resize_cycle,,2.64841009393738e-05,0.0007363113524804309,0.9955274813852892,0.9609814050354862,0.9768915393216548,0.9997649192810059,0.002318681993832191,0.0065987904866536455,0.003315101067225138,0.0025763213634490967,0.0007672309875488281,1.0,,,,,,,,0,candle,1,-1.011217753092448,-1.01065460840861,0.8371158566584326,0.815459681706502,-0.021656174951930618,,,
resize_cycle,,5.035641025917005e-06,0.00011821427294623021,0.9868684431344232,0.9637861738893712,0.9802459932910921,0.9997079372406006,0.002992435979346434,0.011571884155273438,0.004305675625801086,0.0033249358336130777,0.0009118914604187012,1.0,,,,,,,,1,candle,1,-1.0090133150418599,-1.0097699562708538,0.6083958137002626,0.6266738487634953,0.018278035063232667,,,
resize_cycle,,2.455085432735665e-06,6.027979118316095e-05,0.9905375313655786,0.9705510430091613,0.9530376444278792,0.9996477961540222,0.003183059860020876,0.012902776400248209,0.004534174998601277,0.003536743422349294,0.0005319813887278239,1.0,,,,,,,,2,candle,1,-1.01030628879865,-1.01029771566391,0.562022013237768,0.5375549514319933,-0.024467061805774737,,,
resize_cycle,,3.101233339293383e-06,7.301729154575109e-05,0.9859304089977657,0.9536314093992495,0.9761461051062243,0.9996246099472046,0.002664293007304271,0.01280673344930013,0.0038331697384516397,0.0029603267709414163,0.001543194055557251,1.0,,,,,,,,3,candle,1,-1.0122383137543995,-1.0110475818316143,0.24731700167458026,0.2264599541957934,-0.02085704747878686,,,
brightness,,2.3378534436201025e-10,7.337100347408049e-10,0.9884351868995692,0.9846244432261854,0.804696235557212,0.9999885559082031,0.0001954942320783933,0.0005170901616414388,0.0003041972716649373,0.00021554032961527506,0.0005524257818857828,1.0,,,,,,,,202,pcb3,0,-1.014767239491145,-1.015267590681712,,,,,,
brightness,,2.4221898466343716e-10,1.206888263200957e-09,0.995774843308979,0.9871658266760477,0.9493104733507268,0.9999949336051941,0.00016670767217874527,0.0021433631579081216,0.00023812552293141684,0.000184898575146993,3.2166639963785805e-05,1.0,,,,,,,,203,pcb3,0,-1.012319266796112,-1.01230784257253,,,,,,
brightness,,1.472766056971808e-10,4.749574309312453e-10,0.9871432104048119,0.9792238131445207,0.8628401043607902,0.9999895095825195,0.0001682982159157594,0.0014120936393737793,0.00024269024531046549,0.00018700957298278809,0.0001609573761622111,1.0,,,,,,,,205,pcb3,0,-1.0108728210131328,-1.0107118636369705,,,,,,
brightness,,3.405212709931973e-10,1.4739752096989485e-09,0.9592142249779059,0.9832759747488911,0.584793142005218,0.9999862909317017,0.000787488960971435,0.0036160548528035483,0.0011232197284698486,0.0008749912182490031,0.0007422417402267456,1.0,,,,,,,,206,pcb3,0,-1.0133662521839142,-1.0140577803055446,,,,,,
brightness,,1.3373884889683328e-06,2.949136944323827e-05,0.9973672443726953,0.9928200884371782,0.9795005590756616,0.9999936819076538,0.00015818731238444647,0.005113040407498677,0.00023803611596425375,0.00017574429512023926,0.0004413922627766927,1.0,,,,,,,,200,pcb3,1,-1.0132016092538834,-1.0128679821888606,0.4010269773661001,0.4203423017526878,0.019315324386587673,,,
brightness,,0.00014452573082053297,0.0031523325087208444,0.9957075357404821,0.9746451278678219,0.9854640327991054,0.9999631643295288,0.0002462351694703102,0.0024843811988830566,0.0003538479407628377,0.0002736051877339681,0.0009909371534983318,1.0,,,,,,,,201,pcb3,1,-1.016374945640564,-1.0153840084870656,0.622337850038195,0.6123097652890026,-0.010028084749192367,,,
brightness,,2.188796890815139e-09,2.1816007969936217e-08,0.9973250306230429,0.9903688005196465,0.9780096906448006,0.9999933242797852,0.00023158236096302667,0.001349310080210368,0.0003391106923421224,0.0002573256691296895,0.0001627554496129354,1.0,,,,,,,,204,pcb3,1,-1.0140592207511265,-1.0141551494598389,0.04059736996620248,0.04551270393157507,0.004915333965372588,,,
brightness,,3.3071192923369466e-10,1.3253120955293557e-09,0.9592274891210657,0.9774299878142505,0.6980991427506522,0.9999675154685974,0.0007842734145621458,0.0018589695294698079,0.001152445872624715,0.0008714174230893453,0.0009387582540512085,1.0,,,,,,,,207,pcb3,1,-1.0131291051705678,-1.0121961484352748,0.005996229622325866,0.004696151783804925,-0.0013000778385209412,,,
contrast,,2.3185420149992495e-10,7.569110069771757e-10,0.9850280436734304,0.9835937557749306,0.7525158404770779,0.9999957084655762,0.0002627032808959484,0.0006051858266194662,0.0003920644521713257,0.0002919087807337443,6.139278411865234e-06,1.0,,,,,,,,202,pcb3,0,-1.014767239491145,-1.0147657493750255,,,,,,
contrast,,2.04319992807306e-10,1.0607770705017834e-09,0.9974936461364745,0.9885514162785569,0.9754006708907939,0.9999963641166687,0.00019453496982653937,0.0005238850911458334,0.00028605759143829346,0.0002157837152481079,0.00020767748355865479,1.0,,,,,,,,203,pcb3,0,-1.012319266796112,-1.0125009566545486,,,,,,
contrast,,1.6610914874478128e-10,5.269823716248037e-10,0.9857265112012447,0.9828276876122177,0.8020872158032054,0.9999935030937195,0.00025552573303381604,0.0012832283973693848,0.0003756384054819743,0.0002839118242263794,8.680919806162517e-05,1.0,,,,,,,,205,pcb3,0,-1.0108728210131328,-1.010786011815071,,,,,,
contrast,,2.728325531712846e-10,1.0166150468996274e-09,0.9838148251477727,0.984093174541853,0.7379798732761834,0.9999912977218628,0.0006044553592801094,0.002453585465749105,0.0008690158526102701,0.0006716350714365641,0.0006958941618601481,1.0,,,,,,,,206,pcb3,0,-1.0133662521839142,-1.0139978528022766,,,,,,
contrast,,5.596909474633687e-07,1.2590251437621263e-05,0.999527060501765,0.9929542932582271,0.9865821841222512,0.9999966621398926,0.0003704717382788658,0.0015679796536763508,0.0005245755116144816,0.00041163961092631024,0.00019539395968119302,1.0,,,,,,,,200,pcb3,1,-1.0132016092538834,-1.0130516737699509,0.4010269773661001,0.40751657288529625,0.006489595519196145,,,
contrast,,7.114829916978056e-05,0.001727506918959875,0.9980847772220857,0.9819251289112633,0.9869549012299664,0.9999804496765137,0.00010090026383598645,0.0021088620026906333,0.00014478464921315512,0.0001120219628016154,0.0008440762758255005,1.0,,,,,,,,201,pcb3,1,-1.016374945640564,-1.015533243616422,0.622337850038195,0.6161586176733574,-0.006179232364837528,,,
contrast,,1.3889843305206465e-09,9.938111320776188e-09,0.9995564726305437,0.9853066139681569,0.9906820723071189,0.9999897480010986,0.0005646397670110067,0.002879202365875244,0.0008017818133036295,0.0006273811062177023,0.0005328704913457235,1.0,,,,,,,,204,pcb3,1,-1.0140592207511265,-1.0145069758097331,0.04059736996620248,0.0427120861946782,0.00211471622847572,,,
contrast,,3.6650739348775847e-10,1.6142439424103356e-09,0.9392609614205999,0.9820950307603248,0.6321282146850541,0.9999631643295288,0.0007950388826429844,0.002015789349873861,0.0011603037516276042,0.0008833979566891988,0.001314207911491394,1.0,,,,,,,,207,pcb3,1,-1.0131291051705678,-1.0118148972590764,0.005996229622325866,0.004878249760974456,-0.0011179798613514102,,,
gamma,,2.5520805026967307e-10,8.848305022540991e-10,0.9855118208191501,0.9897167969944505,0.7215803205367126,0.9999753832817078,0.0005645761266350746,0.0017294188340504963,0.0008158981800079346,0.0006255060434341431,0.0011879752079645793,1.0,,,,,,,,202,pcb3,0,-1.014767239491145,-1.015936349829038,,,,,,
gamma,,1.5381713311116732e-10,9.484830885484442e-10,0.9996020703006468,0.988175940530848,0.9877003354453969,0.9999970197677612,0.00013801377887527147,0.00046962499618530273,0.00021241605281829834,0.00015297532081604004,0.0003011027971903483,1.0,,,,,,,,203,pcb3,0,-1.012319266796112,-1.0120425621668498,,,,,,
gamma,,7.296990233288683e-11,1.9084403306988886e-10,0.9983132790297014,0.9815552319253078,0.9429742825195676,0.9999974966049194,0.00021931870530049005,0.0011797547340393066,0.0003128846486409505,0.00024370352427164713,0.00014999012152353922,1.0,,,,,,,,205,pcb3,0,-1.0108728210131328,-1.0107426196336746,,,,,,
gamma,,9.01078300953093e-11,2.347727554176769e-10,0.9977224500591052,0.9846848872704601,0.931420052180395,0.9999961256980896,9.482322881619136e-05,0.0029832124710083008,0.0001283586025238037,0.00010535617669423421,0.00025038421154022217,1.0,,,,,,,,206,pcb3,0,-1.0133662521839142,-1.0135999371608098,,,,,,
gamma,,1.5555926806311834e-06,3.239447993586059e-05,0.9998778587549504,0.9909188628086293,0.9936638091688409,0.9999936819076538,0.000409006296346585,0.0010408361752827962,0.0005856603384017944,0.00045408308506011963,0.00046657025814056396,1.0,,,,,,,,200,pcb3,1,-1.0132016092538834,-1.013623942931493,0.4010269773661001,0.39597304154933766,-0.005053935816762445,,,
gamma,,0.00017937658753533763,0.0032264028024156315,0.9980811441637258,0.9763576370431788,0.9977636973537085,0.99998939037323,0.0005254403998454412,0.0019580721855163574,0.0007546792427698771,0.0005838274955749512,0.0003674527009328206,1.0,,,,,,,,201,pcb3,1,-1.016374945640564,-1.0160074929396312,0.622337850038195,0.6233755551489957,0.0010377051108007018,,,
gamma,,3.044829505875327e-09,2.883452453938613e-08,0.9981390485044354,0.9841689871787312,0.9813641446142378,0.9999899864196777,0.0004866144930322965,0.002214829126993815,0.0006912748018900553,0.0005406786998112997,0.0008523017168045044,1.0,,,,,,,,204,pcb3,1,-1.0140592207511265,-1.013206919034322,0.04059736996620248,0.043914307438092444,0.0033169374718899636,,,
gamma,,1.8950216153744832e-10,8.911569382758288e-10,0.983345891356323,0.9834017473576208,0.8531494595601938,0.9999889731407166,0.0003677768011887868,0.0009529987970987955,0.0005211631457010905,0.000408629576365153,0.0007479339838027954,1.0,,,,,,,,207,pcb3,1,-1.0131291051705678,-1.0123934894800186,0.005996229622325866,0.005411918086425564,-0.0005843115359003021,,,
saturation,,1.7339776824642426e-10,7.167283913737616e-10,0.9937072841249847,0.9888015936338245,0.8210957882966828,0.9999949336051941,0.0003574147510031859,0.0008502801259358724,0.0005114823579788208,0.0003967583179473877,0.00023659070332845053,1.0,,,,,,,,202,pcb3,0,-1.014767239491145,-1.0149183173974354,,,,,,
saturation,,1.147935019990834e-10,7.058502155725396e-10,0.9991818562665131,0.9919282602490626,0.9698099142750652,0.9999936819076538,0.0003495425917208195,0.002531707286834717,0.0004947980244954427,0.00038836896419525146,0.00036203861236572266,1.0,,,,,,,,203,pcb3,0,-1.012319266796112,-1.0119572281837463,,,,,,
saturation,,8.478489759970653e-11,2.942717153195593e-10,0.9953854152676014,0.9859038334569739,0.8781215057771151,0.9999933242797852,0.00031027523800730705,0.0014723539352416992,0.0004471739133199056,0.00034478803475697833,8.034209410349528e-05,1.0,,,,,,,,205,pcb3,0,-1.0108728210131328,-1.0108055124680202,,,,,,
saturation,,1.3459957445031152e-10,5.531589533574211e-10,0.9926416735668092,0.9855239309810945,0.8080506895266493,0.9999920725822449,0.000508742251743873,0.002071559429168701,0.000716249148050944,0.0005652656157811483,0.0004907995462417603,1.0,,,,,,,,206,pcb3,0,-1.0133662521839142,-1.0138000398874283,,,,,,
saturation,,4.548630039411499e-07,1.0823577696416997e-05,0.9991486369730666,0.9935489103894329,0.9899366380916884,0.9999911189079285,0.0005614532468219598,0.002086162567138672,0.0008089194695154825,0.0006238321463267008,0.00030320386091868084,1.0,,,,,,,,200,pcb3,1,-1.0132016092538834,-1.0134563843409221,0.4010269773661001,0.4189050200511039,0.017878042685003814,,,
saturation,,3.1709313987118e-05,0.0006225130554351827,0.9996375618605297,0.9818298078096525,0.9936638091688409,0.9999937415122986,0.0004964393253127734,0.0019774933656056723,0.0006940017143885294,0.0005515267451604208,0.0001381536324818929,1.0,,,,,,,,201,pcb3,1,-1.016374945640564,-1.0162367920080821,0.622337850038195,0.624917192778045,0.0025793427398500546,,,
saturation,,2.33850161400201e-09,2.378365200143198e-08,0.9992758818141251,0.9873038102613527,0.9925456578456952,0.9999932646751404,0.00037384840349356335,0.002084245284398397,0.0005258123079935709,0.0004152903954188029,0.0003873556852340698,1.0,,,,,,,,204,pcb3,1,-1.0140592207511265,-1.0136718650658925,0.04059736996620248,0.04018895684356318,-0.00040841312263929785,,,
saturation,,1.795520363833701e-10,6.941190399034653e-10,0.994502338853201,0.9805883545348243,0.9165113678717853,0.9999337196350098,0.0010771028076608975,0.003463109334309896,0.0015523433685302734,0.0011967867612838745,0.0019776026407877603,1.0,,,,,,,,207,pcb3,1,-1.0131291051705678,-1.0112015704313915,0.005996229622325866,0.004823200880398595,-0.001173028741927271,,,
gaussian_blur,,2.1785592161888454e-09,1.4597912188852727e-08,0.6353210007575866,0.8681477729491566,0.2281028699217294,0.999732255935669,0.0013254637209077675,0.009050965309143066,0.001922483245531718,0.0014707098404566448,0.0015611847241719563,1.0,,,,,,,,202,pcb3,0,-1.014767239491145,-1.0133424699306488,,,,,,
gaussian_blur,,1.1718872320717483e-09,8.46040191431572e-09,0.844690137173405,0.8145634829039394,0.7282892284755871,0.9997302889823914,0.0006873806317647299,0.004389137029647827,0.0009587258100509644,0.0007636919617652893,0.0018143753210703533,1.0,,,,,,,,203,pcb3,0,-1.012319266796112,-1.0106931030750275,,,,,,
gaussian_blur,,4.964949987458892e-10,1.7897527046346607e-09,0.9222692713091987,0.8549053318929104,0.5437942601565412,0.9998644590377808,0.002118227227280537,0.00926049550374349,0.0030536850293477378,0.0023535887400309243,0.0010583500067392986,1.0,,,,,,,,205,pcb3,0,-1.0108728210131328,-1.0115935703118641,,,,,,
gaussian_blur,,5.681751688827178e-10,2.080381604329603e-09,0.8261147289479696,0.8308272329686865,0.18374953410361536,0.9997784495353699,0.001999608241021633,0.008232255776723226,0.002850403388341268,0.002221783002217611,0.0011359502871831257,1.0,,,,,,,,206,pcb3,0,-1.0133662521839142,-1.0122303018967311,,,,,,
gaussian_blur,,3.87441760296717e-06,8.062225207944707e-05,0.8836220105167926,0.917302121166236,0.8158777487886694,0.9998632669448853,0.001740486981968085,0.0067437489827473955,0.0025386263926823935,0.0019339025020599365,0.001456494132677714,1.0,,,,,,,,200,pcb3,1,-1.0132016092538834,-1.0118608971436818,0.4010269773661001,0.28583791469147385,-0.11518906267462625,,,
gaussian_blur,,0.0009055565667547272,0.01943536022622153,0.9269936344376762,0.8633346196604684,0.9187476705180768,0.9997978210449219,0.0020041620979706445,0.007511138916015625,0.002924412488937378,0.002226849397023519,0.0012640903393427532,1.0,,,,,,,,201,pcb3,1,-1.016374945640564,-1.0151986628770828,0.622337850038195,0.64839057517926,0.026052725141065047,,,
gaussian_blur,,1.3526252436416664e-08,1.2348908498989476e-07,0.9451145695762728,0.8709561886302363,0.906820723071189,0.9995738863945007,0.0019744927994906902,0.01264190673828125,0.002807478109995524,0.0021938756108283997,0.0024650792280832925,1.0,,,,,,,,204,pcb3,1,-1.0140592207511265,-1.011595333615939,0.04059736996620248,0.04181516400568415,0.0012177940394816691,,,
gaussian_blur,,6.113123611840134e-10,1.999287437717105e-09,0.9082475780760415,0.878039216217159,0.5109951546775997,0.9999179244041443,0.0016853613778948784,0.009472310543060303,0.002372215191523234,0.0018726388613382976,0.0007878343264261881,1.0,,,,,,,,207,pcb3,1,-1.0131291051705678,-1.0123412708441417,0.005996229622325866,0.005809230172382761,-0.00018699944994310467,,,
gaussian_noise,,1.6823686657025654e-09,1.0389773880061306e-08,0.632806506408464,0.8813990925765836,0.2974282519567648,0.9997873306274414,0.003195025958120823,0.008963743845621744,0.004573593537012736,0.0035500327746073404,0.002248277266820272,1.0,,,,,,,,202,pcb3,0,-1.014767239491145,-1.0166051387786865,,,,,,
gaussian_noise,,1.0265377891265824e-09,7.228090917122501e-09,0.9383999785072206,0.8818535744265796,0.7979873276183377,0.9998687505722046,0.0012838055069247882,0.0063648223876953125,0.0018418629964192708,0.0014264285564422607,0.00037209192911783856,1.0,,,,,,,,203,pcb3,0,-1.012319266796112,-1.0124693115552266,,,,,,
gaussian_noise,,3.9786520336239423e-10,1.2511037516013827e-09,0.9312821699869642,0.8751239191565624,0.6559821095788296,0.9997467994689941,0.0016596286247173946,0.004433115323384603,0.00235008696715037,0.0018440236647923787,0.0015769700209299724,1.0,,,,,,,,205,pcb3,0,-1.0108728210131328,-1.0121408998966217,,,,,,
gaussian_noise,,3.235443787750143e-10,7.879120348393251e-10,0.9663018528430227,0.8638482494475157,0.6593365635482669,0.9998306632041931,0.0025683236308395863,0.0065377553304036455,0.003663236896197001,0.0028536866108576455,0.001668180028597514,1.0,,,,,,,,206,pcb3,0,-1.0133662521839142,-1.014509583512942,,,,,,
gaussian_noise,,1.5327234785217388e-06,4.495923460324902e-05,0.9902617757838899,0.9121125915196692,0.970928065598211,0.9998049736022949,0.002736321184784174,0.0077372392018636065,0.0038507630427678428,0.0030399908622105918,0.0009118169546127319,1.0,,,,,,,,200,pcb3,1,-1.0132016092538834,-1.013847937186559,0.4010269773661001,0.4275446525859255,0.0265176752198254,,,
gaussian_noise,,0.0004354388702483393,0.009009045140407042,0.9794952654868986,0.8871969197500831,0.9698099142750652,0.9997929334640503,0.003961523063480854,0.008500119050343832,0.005565668145815532,0.004401698708534241,0.002330233653386434,1.0,,,,,,,,201,pcb3,1,-1.016374945640564,-1.0182036062081654,0.622337850038195,0.6099755673984936,-0.012362282639701405,,,
gaussian_noise,,7.174483584001591e-09,6.278478739625329e-08,0.9301012454376557,0.8628510566878776,0.8311591502049944,0.9996614456176758,0.0031075162502626577,0.012310663859049479,0.004440292716026306,0.0034527902801831565,0.0038831631342569986,1.0,,,,,,,,204,pcb3,1,-1.0140592207511265,-1.0173275818427403,0.04059736996620248,0.12181269431047113,0.08121532434426865,,,
gaussian_noise,,4.776775485191995e-10,1.866312320843742e-09,0.9396784081783887,0.8533785055244075,0.7383525903838987,0.9998511672019958,0.0015375845444699128,0.008785327275594076,0.002173741658528646,0.0017084206144014995,0.0013867119948069255,1.0,,,,,,,,207,pcb3,1,-1.0131291051705678,-1.0141473213831584,0.005996229622325866,0.00450585312167802,-0.001490376500647846,,,
jpeg,,1.6803232015424326e-09,1.1044544624807086e-08,0.6194998584851767,0.9158690386116545,0.3425270219903094,0.9997632503509521,0.0026950092675785222,0.009310334920883179,0.0038222869237264,0.0029943535725275674,0.0030423949162165322,1.0,,,,,,,,202,pcb3,0,-1.014767239491145,-1.017755592862765,,,,,,
jpeg,,4.723537171659771e-10,1.8116256366279204e-09,0.993538219545855,0.8505888527195692,0.9578829668281774,0.9999380111694336,0.0006860358019669851,0.005970319112141927,0.0009936789671579997,0.0007622490326563517,0.0013120373090108235,1.0,,,,,,,,203,pcb3,0,-1.012319266796112,-1.0110975503921509,,,,,,
jpeg,,5.056989178252103e-10,1.6288956365017165e-09,0.9411663551048649,0.8681654058441302,0.7156168468132688,0.9997957944869995,0.000928286307801803,0.00518337885538737,0.0013239582379659016,0.001031428575515747,0.0024939527114232383,1.0,,,,,,,,205,pcb3,0,-1.0108728210131328,-1.0131299446026485,,,,,,
jpeg,,4.223344520373091e-10,1.286519836901413e-09,0.9099583389182396,0.8936837396260126,0.33209094297428254,0.9998973608016968,0.001564658402154843,0.004119078318277995,0.0022307386000951133,0.0017384936412175496,0.001608024040857951,1.0,,,,,,,,206,pcb3,0,-1.0133662521839142,-1.0148927172025044,,,,,,
jpeg,,1.6606275958682313e-06,3.7480577158836125e-05,0.9944761607411332,0.9316176016318695,0.9657100260901975,0.9998204708099365,0.001905384783943494,0.004842877388000488,0.0027011483907699585,0.002117117245992025,0.0022230098644892373,1.0,,,,,,,,200,pcb3,1,-1.0132016092538834,-1.0153135160605113,0.4010269773661001,0.42412061968302245,0.023093642316922347,,,
jpeg,,0.0004904013819855473,0.009802457270655464,0.9770222329349595,0.8888008072152856,0.9638464405516213,0.9999213218688965,0.0019164338397483032,0.004900455474853516,0.002736965815226237,0.0021293709675470987,0.0014661153157552083,1.0,,,,,,,,201,pcb3,1,-1.016374945640564,-1.0177886883417766,0.622337850038195,0.6206707929189119,-0.0016670571192830552,,,
jpeg,,5.864893960842084e-08,5.859095103504861e-07,0.9830424591978917,0.9056739704321141,0.9269474468878122,0.9998420476913452,0.0023519479048748813,0.010538101196289062,0.0033597747484842935,0.002613283693790436,0.0025184104839960733,1.0,,,,,,,,204,pcb3,1,-1.0140592207511265,-1.016384204228719,0.04059736996620248,0.030860113909318233,-0.009737256056884247,,,
jpeg,,8.187707525064468e-10,4.770069401642047e-09,0.812769461992445,0.8874632821938477,0.5594483786805814,0.9999341368675232,0.0005746109721561273,0.004226624965667725,0.0008104443550109863,0.0006384849548339844,0.00026690463225046795,1.0,,,,,,,,207,pcb3,1,-1.0131291051705678,-1.0128652999798458,0.005996229622325866,0.00419760294565955,-0.001798626676666316,,,
resize_cycle,,1.6894327057428599e-09,8.412441172708022e-09,0.8381134460157972,0.9441329083845669,0.39396198285501305,0.9999160170555115,0.002111449216802915,0.005114555358886719,0.0030279308557510376,0.0023460586865743003,0.0010077357292175293,1.0,,,,,,,,202,pcb3,0,-1.014767239491145,-1.0157749752203624,,,,,,
resize_cycle,,5.226801738011331e-10,2.9317852641263494e-09,0.9859058820025035,0.9164916435791592,0.8814759597465524,0.9999622702598572,0.0005828834449251493,0.003861665725708008,0.0008373310168584188,0.0006476293007532755,0.001081685225168864,1.0,,,,,,,,203,pcb3,0,-1.012319266796112,-1.011525551478068,,,,,,
resize_cycle,,3.913720613895525e-10,1.3593083206466756e-09,0.9613207320712185,0.9245858436605353,0.7245620573984346,0.9999272227287292,0.0009501371532678604,0.0030814806620279946,0.0013724565505981445,0.0010557323694229126,0.0014740526676177979,1.0,,,,,,,,205,pcb3,0,-1.0108728210131328,-1.0122437179088593,,,,,,
resize_cycle,,3.5154498022406913e-10,1.2153197566882305e-09,0.9449704310229182,0.9114914682952074,0.41856131196421914,0.9999760985374451,0.00046907706807057065,0.0010825693607330322,0.0006668567657470703,0.0005211035410563151,6.160140037536621e-05,1.0,,,,,,,,206,pcb3,0,-1.0133662521839142,-1.0134278535842896,,,,,,
resize_cycle,,3.4003229863613955e-06,7.119702378130736e-05,0.9903111183434347,0.9612230236961041,0.9586284010436079,0.9999296069145203,0.001057211309671402,0.0054636796315511065,0.0015718539555867512,0.0011746709545453389,0.00025064249833424884,1.0,,,,,,,,200,pcb3,1,-1.0132016092538834,-1.0134505033493042,0.4010269773661001,0.43016960658098863,0.029142629214888527,,,
resize_cycle,,0.0008326467971789065,0.017660338656316523,0.9411381840835605,0.924396059867089,0.9321654863958255,0.9999610781669617,0.0010740646782020729,0.0027718544006347656,0.0016018251578013103,0.0011934141318003337,0.0003469983736673991,1.0,,,,,,,,201,pcb3,1,-1.016374945640564,-1.0167219440142314,0.622337850038195,0.6524885647281629,0.030150714689967884,,,
resize_cycle,,5.749252882955379e-09,6.386094609185253e-08,0.9624448505421515,0.9220184552132897,0.9455833022735743,0.9999638795852661,0.0010094520015021164,0.0050694942474365234,0.0014355679353078206,0.0011216327548027039,0.0006395578384399414,1.0,,,,,,,,204,pcb3,1,-1.0140592207511265,-1.0136235902706783,0.04059736996620248,0.05413016107728034,0.013532791111077858,,,
resize_cycle,,5.720714897109136e-10,2.138377796359687e-09,0.9093957627550169,0.9115230686370641,0.4606783451360417,0.9998742938041687,0.001455859902004401,0.007639884948730469,0.002077887455622355,0.0016176303227742512,0.002834479014078776,1.0,,,,,,,,207,pcb3,1,-1.0131291051705678,-1.0103539923826854,0.005996229622325866,0.0037664867095729034,-0.0022297429127529625,,,
brightness,,3.6760401660720407e-10,6.592408390255368e-10,0.9845006177486078,0.9872208837591072,0.7976146105106224,0.9999844431877136,0.000330879973868529,0.0008342266082763672,0.0004655420780181885,0.0003676414489746094,0.00025545557339986164,1.0,,,,,,,,401,capsules,0,-0.9280199160178503,-0.9280538211266199,,,,,,
brightness,,2.9367751042269864e-10,5.799425996191096e-10,0.9844456019278118,0.9921843179297992,0.7651882221393962,0.9999749064445496,0.0007696499427159628,0.0037772655487060547,0.0010972768068313599,0.0008551403880119324,0.00025684138139088947,1.0,,,,,,,,406,capsules,0,-0.9278163909912109,-0.9276991834243139,,,,,,
brightness,,6.978101825644638e-10,2.8250611082566246e-09,0.9728135122579198,0.9916671037543638,0.9075661572866195,0.9999042749404907,0.0016400869935750961,0.0036345223585764566,0.0023161073525746665,0.0018222381671269734,0.0007003893454869589,1.0,,,,,,,,407,capsules,0,-0.9270253479480743,-0.9277014682690302,,,,,,
brightness,,4.0229022750964616e-10,7.358568955639701e-10,0.9841589571434588,0.987546712974482,0.8501677226984719,0.9999839067459106,0.0005140271969139576,0.0012714862823486328,0.0007602274417877197,0.0005711813767751058,0.0005177060763041178,1.0,,,,,,,,410,capsules,0,-0.9287246962388357,-0.9286612570285797,,,,,,
brightness,,4.204024405409556e-05,0.0008265816093013639,0.9999011256160514,0.9923339268134979,0.9959001118151323,0.9999673366546631,0.0005404817250867685,0.003932793935139974,0.0007984439531962076,0.0006005292137463888,0.0007836321989695231,1.0,,,,,,,,402,capsules,1,-0.9275038341681162,-0.9271480838457743,0.5388123660700723,0.5399420535261489,0.0011296874560765557,,,
brightness,,7.358667076911939e-05,0.0015214741778751782,0.9994019814676911,0.9910829806339588,0.9940365262765561,0.9999872446060181,0.0004533076037963231,0.001793662707010905,0.0006784150997797648,0.0005037039518356323,0.00042393306891123456,1.0,,,,,,,,403,capsules,1,-0.9278645068407059,-0.9278983374436697,0.8958516107427804,0.8907723296001054,-0.005079281142674974,,,
brightness,,6.91541460258874e-10,2.2684940823430394e-09,0.9885001584954489,0.992921367644382,0.8661945583302274,0.9999901652336121,0.00039034181584914524,0.0026105244954427085,0.0005560616652170817,0.00043372313181559247,0.00016588966051737467,1.0,,,,,,,,404,capsules,1,-0.9282017747561137,-0.9282776415348053,0.41164602472150313,0.3624842845409202,-0.04916174018058295,,,
brightness,,1.018630085622387e-09,5.621765811526413e-09,0.999851450565182,0.9932933195645909,0.9862094670145359,0.9999753832817078,0.0012176167219877243,0.004241466522216797,0.0016992588837941487,0.0013529136776924133,0.0004312296708424886,1.0,,,,,,,,405,capsules,1,-0.9281004667282104,-0.9280782838662466,0.13906665518303615,0.13767273922523926,-0.001393915957796893,,,
contrast,,8.080942627965242e-10,1.6022536925327172e-09,0.9694040346687983,0.975386737243987,0.7357435706298919,0.9998248815536499,0.0018341004227598507,0.007008890310923259,0.0025801360607147217,0.0020378828048706055,0.0012368907531102498,1.0,,,,,,,,401,capsules,0,-0.9280199160178503,-0.9290039738019308,,,,,,
contrast,,3.8200292250239e-10,6.622226980875909e-10,0.9769653838279826,0.9820878484933031,0.7301528140141632,0.9999871253967285,0.0002632690593600273,0.0018849968910217285,0.0003797858953475952,0.00029249240954717,0.00014603137969970703,1.0,,,,,,,,406,capsules,0,-0.9278163909912109,-0.9279263416926066,,,,,,
contrast,,6.873121151325119e-10,1.5758608915322193e-09,0.9911192989628165,0.9877380185504311,0.9325382035035408,0.9998763799667358,0.002125014395763477,0.004610617955525716,0.0030162533124287925,0.0023611237605412803,0.0004847993453343709,1.0,,,,,,,,407,capsules,0,-0.9270253479480743,-0.9274852822224299,,,,,,
contrast,,4.075535866196176e-10,6.44004989764296e-10,0.9874461316188369,0.9810540010310566,0.8840849795005591,0.9999637603759766,0.0007262813548247019,0.0052185853322347,0.0010587175687154133,0.0008070096373558044,0.0009173552195231119,1.0,,,,,,,,410,capsules,0,-0.9287246962388357,-0.9281031390031179,,,,,,
contrast,,2.130448933488283e-05,0.00039583424068009507,0.9999331523583992,0.9890814332089731,0.9959001118151323,0.9999841451644897,0.0003266495962937673,0.0025834242502848306,0.00048640867074330646,0.00036295751730600995,0.00042073925336201984,1.0,,,,,,,,402,capsules,1,-0.9275038341681162,-0.9271179835001627,0.5388123660700723,0.5403028246365275,0.0014904585664551329,,,
contrast,,0.00026225189462649823,0.004534868208421337,0.9973926423473887,0.9927610117247068,0.9940365262765561,0.9999122619628906,0.0014464144284526508,0.0033502777417500815,0.0019992589950561523,0.0016071200370788574,0.0006522933642069498,1.0,,,,,,,,403,capsules,1,-0.9278645068407059,-0.9276804675658544,0.8958516107427804,0.8962266673957984,0.00037505665301795776,,,
contrast,,8.021959221214527e-10,2.2626561596142083e-09,0.9899080682311644,0.9915022937712978,0.8777487886693999,0.9999358057975769,0.001457079779356718,0.004906217257181804,0.002038349707921346,0.0016186485687891643,0.0002990712722142537,1.0,,,,,,,,404,capsules,1,-0.9282017747561137,-0.9284746696551641,0.41164602472150313,0.450815648575819,0.03916962385431588,,,
contrast,,6.0179676582332456e-09,5.563898920337808e-08,0.9985323646899477,0.9865060908444019,0.9414834140887067,0.9999116659164429,0.0021171225234866142,0.005055586496988933,0.002903799215952555,0.002352386713027954,0.0005430430173873901,1.0,,,,,,,,405,capsules,1,-0.9281004667282104,-0.9278818319241205,0.13906665518303615,0.14131852916337598,0.0022518739803398247,,,
gamma,,2.176566860917724e-10,3.3265453824270105e-10,0.9961618397457903,0.9938407286882122,0.9239657100260902,0.9999836683273315,0.0008210150990635157,0.0017969012260437012,0.0011746585369110107,0.0009122267365455627,0.00016853710015614828,1.0,,,,,,,,401,capsules,0,-0.9280199160178503,-0.9281686345736185,,,,,,
gamma,,2.994118948142948e-10,5.297134680127577e-10,0.9927818434973527,0.9932944593740154,0.8345136041744317,0.9999470114707947,0.0008619844447821379,0.0042314181725184126,0.001236523191134135,0.0009575337171554565,0.0005976160367329916,1.0,,,,,,,,406,capsules,0,-0.9278163909912109,-0.9273716807365417,,,,,,
gamma,,3.0723667503653196e-10,1.0865117980207234e-09,0.99335670095871,0.997275423936883,0.9496831904584421,0.9999847412109375,0.0008182505456109842,0.0019670327504475913,0.0011812001466751099,0.0009091844161351522,0.0002496888240178426,1.0,,,,,,,,407,capsules,0,-0.9270253479480743,-0.9272539665301641,,,,,,
gamma,,2.7538223403462415e-10,4.548437748156727e-10,0.9949116877435413,0.9933618710602796,0.9269474468878122,0.9999932646751404,0.00024279641608397165,0.0005424817403157552,0.000365595022837321,0.0002697954575220744,0.0002591659625371297,1.0,,,,,,,,410,capsules,0,-0.9287246962388357,-0.9286650071541468,,,,,,
gamma,,9.413126289179501e-05,0.0016668084468028606,0.9996728375341549,0.9973072922371073,0.9973909802459933,0.9999879598617554,0.0006033784399429957,0.0021428664525349936,0.000853578249613444,0.0006704429785410563,0.00010736286640167236,1.0,,,,,,,,402,capsules,1,-0.9275038341681162,-0.9273964713017145,0.5388123660700723,0.5403850041167118,0.0015726380466394296,,,
gamma,,0.00016156882682682533,0.00294087320876506,0.998947839085952,0.9964996494718203,0.9951546775997018,0.9999055862426758,0.0016826518500844638,0.0038933753967285156,0.0023271888494491577,0.0018692513306935628,0.0005652854839960734,1.0,,,,,,,,403,capsules,1,-0.9278645068407059,-0.9273694753646851,0.8958516107427804,0.8976577010134177,0.0018060902706372728,,,
gamma,,9.917760154522209e-10,9.261685264314822e-09,0.9118360067196087,0.9959703300408329,0.8531494595601938,0.9999949336051941,0.00022205431014299393,0.0005053083101908366,0.00031188130378723145,0.00024672845999399823,0.00010008116563161214,1.0,,,,,,,,404,capsules,1,-0.9282017747561137,-0.9282695005337397,0.41164602472150313,0.45063504945990995,0.03898902473840682,,,
gamma,,1.0826085737297023e-09,9.236561912965078e-09,0.999710080999208,0.9968789995781348,0.9843458814759597,0.99996018409729,0.0015100161544978619,0.003227829933166504,0.0020842005809148154,0.0016778136293093364,9.890397389729817e-05,1.0,,,,,,,,405,capsules,1,-0.9281004667282104,-0.9281588792800903,0.13906665518303615,0.13449587280760503,-0.004570782375431126,,,
saturation,,2.7972761536309796e-10,5.575479195339718e-10,0.991652925239446,0.9958347676356836,0.7759970182631383,0.9999651908874512,0.0010517242675026257,0.002224147319793701,0.0014863908290863037,0.0011685838301976521,0.00029229124387105304,1.0,,,,,,,,401,capsules,0,-0.9280199160178503,-0.9283122072617213,,,,,,
saturation,,1.995113461730409e-10,3.242299244475974e-10,0.9944953354554285,0.9953061562725269,0.8490495713753261,0.9999953508377075,0.00011024562021096547,0.00121710201104482,0.00015520056088765463,0.00012242297331492105,0.00020674864451090494,1.0,,,,,,,,406,capsules,0,-0.9278163909912109,-0.9278128147125244,,,,,,
saturation,,2.6271665796369496e-10,6.009597423518769e-10,0.9982669731934228,0.9977521998865672,0.9813641446142378,0.9999884366989136,0.0006668238590161005,0.0014035602410634358,0.000949313243230184,0.0007408459981282552,0.000244597593943278,1.0,,,,,,,,407,capsules,0,-0.9270253479480743,-0.9271752138932546,,,,,,
saturation,,2.4269790897475285e-10,4.25387979342167e-10,0.9945836157544832,0.9936081423987083,0.9291837495341037,0.9999811053276062,0.0004930092642704645,0.001854538917541504,0.0007140636444091797,0.0005478213230768839,0.00018690029780069986,1.0,,,,,,,,410,capsules,0,-0.9287246962388357,-0.9287342528502146,,,,,,
saturation,,3.266993571594187e-05,0.0005468100452723225,0.9999199641164386,0.9966350191223983,0.9973909802459933,0.9999901056289673,0.0003785237980385621,0.0017052094141642253,0.0005547751983006796,0.00042057037353515625,0.0003602554400761922,1.0,,,,,,,,402,capsules,1,-0.9275038341681162,-0.9273654768864313,0.5388123660700723,0.5380804858423227,-0.000731880227749615,,,
saturation,,8.091388042762289e-05,0.0014111435929322579,0.9995429379576641,0.9966738000711337,0.9932910920611256,0.9999834299087524,0.0008837046722571055,0.0018309752146402996,0.001247406005859375,0.000981872280438741,0.00029676655928293866,1.0,,,,,,,,403,capsules,1,-0.9278645068407059,-0.9276675482590994,0.8958516107427804,0.8973007205979696,0.0014491098551892012,,,
saturation,,3.874999379243952e-10,9.809897730889324e-10,0.9977196176678995,0.9967224363155616,0.9291837495341037,0.9999849200248718,0.00058217936505874,0.0021529197692871094,0.0008252561092376709,0.0006468594074249268,0.00020914276440938315,1.0,,,,,,,,404,capsules,1,-0.9282017747561137,-0.9284109175205231,0.41164602472150313,0.386539362869346,-0.025106661852157153,,,
saturation,,8.124297323164572e-10,5.045039559187188e-09,0.9998690073650548,0.9968088451373978,0.9839731643682446,0.9999915957450867,0.0006366406256953875,0.0013156731923421223,0.0008949041366577148,0.0007073854406674703,0.0003011922041575114,1.0,,,,,,,,405,capsules,1,-0.9281004667282104,-0.92794468998909,0.13906665518303615,0.1376405589171651,-0.001426096265871063,,,
gaussian_blur,,1.4460418001215871e-09,3.6737409826334916e-09,0.7988323362939479,0.8969194441843291,0.4524785687663064,0.9994098544120789,0.004499681914846103,0.016360123952229817,0.006442204117774963,0.004999659955501556,0.0018051216999689739,1.0,,,,,,,,401,capsules,0,-0.9280199160178503,-0.9262147943178812,,,,,,
gaussian_blur,,1.552525487852607e-09,4.456607955089308e-09,0.675981435070378,0.8855226898244166,0.3976891539321655,0.9992018938064575,0.004885560677697261,0.018497467041015625,0.006994917988777161,0.005428393681844075,0.002987841765085856,1.0,,,,,,,,406,capsules,0,-0.9278163909912109,-0.9248285492261251,,,,,,
gaussian_blur,,2.676688185433727e-09,1.4576434078147435e-08,0.7088661745281802,0.94904642025213,0.615355944837868,0.9995607137680054,0.004093884024769068,0.014508962631225586,0.005829736590385437,0.0045484428604443865,0.0016478647788365681,1.0,,,,,,,,407,capsules,0,-0.9270253479480743,-0.9254540055990219,,,,,,
gaussian_blur,,1.4082416174973145e-09,2.536512046026512e-09,0.79631806108527,0.8883235821978764,0.4103615355944838,0.9994260668754578,0.0037517867361505828,0.01663939158121745,0.005381961663564046,0.004168649514516194,0.0020619730154673257,1.0,,,,,,,,410,capsules,0,-0.9287246962388357,-0.9266627232233683,,,,,,
gaussian_blur,,0.0011388966914531152,0.021602755637379185,0.9153857498067656,0.9256785443754935,0.9556466641818859,0.9996960163116455,0.0029460458705822625,0.008927742640177408,0.004223152995109558,0.0032733728488286338,0.0007078150908152262,1.0,,,,,,,,402,capsules,1,-0.9275038341681162,-0.9274356365203857,0.5388123660700723,0.5830019386744117,0.04418957260433942,,,
gaussian_blur,,0.0007173280792068264,0.012458179366851053,0.9725351134477909,0.8850551980107433,0.9571375326127469,0.9995560646057129,0.0038841191368798413,0.010342915852864584,0.005419179797172546,0.004315674304962158,0.0009692211945851644,1.0,,,,,,,,403,capsules,1,-0.9278645068407059,-0.9268952856461207,0.8958516107427804,0.8589676014615335,-0.03688400928124691,,,
gaussian_blur,,3.2426534736824887e-09,8.307986005432076e-09,0.8034776969129868,0.8853884128587748,0.4845322400298174,0.9996157884597778,0.004128656194855769,0.016285260518391926,0.00584930678208669,0.004587387045224507,0.001257091760635376,1.0,,,,,,,,404,capsules,1,-0.9282017747561137,-0.9270005722840627,0.41164602472150313,0.04440045024843771,-0.36724557447306544,,,
gaussian_blur,,7.193881346449423e-09,6.133870066610401e-08,0.9874079653984562,0.9165707286228812,0.8490495713753261,0.9997498989105225,0.002966472568611304,0.008558909098307291,0.004167964061101277,0.003296057383219401,0.0011067837476730347,1.0,,,,,,,,405,capsules,1,-0.9281004667282104,-0.9269936829805374,0.13906665518303615,0.11493735632500066,-0.024129298858035497,,,
gaussian_noise,,2.111444300404671e-09,3.8782741313638456e-09,0.9097017712658721,0.9240184475283774,0.5411852404025345,0.9996212720870972,0.0035609924234449863,0.015228748321533203,0.005032102266947429,0.00395665317773819,0.0012318938970565796,1.0,,,,,,,,401,capsules,0,-0.9280199160178503,-0.9279195566972097,,,,,,
gaussian_noise,,1.559369834876752e-09,3.0541088326936622e-09,0.8520969189528576,0.900733036999856,0.3876257920238539,0.9997164011001587,0.002109406515955925,0.008112907409667969,0.002999529242515564,0.0023437837759653726,0.0009566942850748698,1.0,,,,,,,,406,capsules,0,-0.9278163909912109,-0.9268596967061361,,,,,,
gaussian_noise,,2.0902583957403078e-09,3.809067415480546e-09,0.9427151556004671,0.9452790611974031,0.8773760715616847,0.9996635913848877,0.0033379349236687026,0.01330423355102539,0.004733443260192871,0.003708804647127787,0.0007868756850560507,1.0,,,,,,,,407,capsules,0,-0.9270253479480743,-0.9263526350259781,,,,,,
gaussian_noise,,1.2742861651953924e-09,2.147104045866782e-09,0.8776157118638287,0.9240968520672516,0.4129705553484905,0.9997860789299011,0.0020848793598512807,0.008582274119059244,0.002996151645978292,0.002316561837991079,0.0015912155310312908,1.0,,,,,,,,410,capsules,0,-0.9287246962388357,-0.9271498521169027,,,,,,
gaussian_noise,,0.001332232928589815,0.02061632960309743,0.9395759350556806,0.9461816626987298,0.9385016772269847,0.999515950679779,0.005934107427795728,0.020699381828308105,0.008633961280186972,0.006593455870946248,0.0013160407543182373,1.0,,,,,,,,402,capsules,1,-0.9275038341681162,-0.926187793413798,0.5388123660700723,0.506050265193463,-0.03276210087660936,,,
gaussian_noise,,0.0009904435148376872,0.015997700719157508,0.966591150632578,0.8937789360188533,0.9686917629519195,0.9997959136962891,0.0025075490896900496,0.01047674814860026,0.00371574858824412,0.0027861595153808594,0.001229385534922282,1.0,,,,,,,,403,capsules,1,-0.9278645068407059,-0.9266351213057836,0.8958516107427804,0.897977349978026,0.002125739235245616,,,
gaussian_noise,,2.7798548181781612e-09,8.101121455793663e-09,0.822221892674694,0.9297688581684754,0.4621692135669027,0.9997922778129578,0.0016984518927832444,0.012757301330566406,0.002487932642300924,0.0018871625264485676,0.0010225027799606323,1.0,,,,,,,,404,capsules,1,-0.9282017747561137,-0.927179271976153,0.41164602472150313,0.011546929610704275,-0.4000990951107989,,,
gaussian_noise,,1.500771704322032e-08,2.434113414254916e-07,0.8181052522000665,0.9312671999729925,0.8140141632500931,0.9994020462036133,0.005647173306594293,0.012685696283976236,0.007730633020401001,0.006274652977784474,0.0011371523141860962,1.0,,,,,,,,405,capsules,1,-0.9281004667282104,-0.9270243495702744,0.13906665518303615,0.11121179645998813,-0.02785485872304802,,,
jpeg,,1.4353183497808981e-09,2.992534373416686e-09,0.9024119927929195,0.9062669732789511,0.6902720834886321,0.9998338222503662,0.0009745859230558077,0.007435659567515056,0.0013826191425323486,0.0010828723510106404,0.0006208966175715128,1.0,,,,,,,,401,capsules,0,-0.9280199160178503,-0.9283384184042612,,,,,,
jpeg,,1.4148264954140421e-09,2.454658564628164e-09,0.7670716780479506,0.9047782280509917,0.14386880357808424,0.9997837543487549,0.0019743271792928376,0.009415308634440104,0.002849295735359192,0.0021937166651089988,0.0007834335168202718,1.0,,,,,,,,406,capsules,0,-0.9278163909912109,-0.9271069268385569,,,,,,
jpeg,,2.8684935498806463e-09,7.289519257793565e-09,0.9281025131941666,0.9479427430973734,0.7692881103242639,0.9998066425323486,0.0032179728150367737,0.011574109395345053,0.004578257600466411,0.0035755385955174765,0.00036252538363138836,1.0,,,,,,,,407,capsules,0,-0.9270253479480743,-0.9269126256306967,,,,,,
jpeg,,2.037515086291192e-09,4.116690516697776e-09,0.882854392108343,0.9213592569807925,0.48602310846067837,0.9997506141662598,0.0037346656123797097,0.009290456771850586,0.005339389046033223,0.004149635632832845,0.00020319223403930664,1.0,,,,,,,,410,capsules,0,-0.9287246962388357,-0.9285815457503,,,,,,
jpeg,,0.00020152755837511062,0.0035938768259874184,0.9889233288289839,0.9060662569484754,0.9612374207976147,0.9996708631515503,0.0052205816221733885,0.012017567952473959,0.007321695486704509,0.005800652007261912,0.0010840048392613728,1.0,,,,,,,,402,capsules,1,-0.9275038341681162,-0.9281070381402969,0.5388123660700723,0.552474026044501,0.013661659974428697,,,
jpeg,,0.0002414085149814347,0.0036951587437255955,0.9934102050796199,0.9019052409420212,0.9549012299664554,0.9997002482414246,0.0032371439350148043,0.010418891906738281,0.004570265611012776,0.003596837321917216,0.0006577869256337484,1.0,,,,,,,,403,capsules,1,-0.9278645068407059,-0.9280298004547755,0.8958516107427804,0.9134845219745427,0.01763291123176225,,,
jpeg,,2.8249102004700913e-09,6.929271837344413e-09,0.853882771282767,0.8681290430563888,0.5985836749906821,0.9997474551200867,0.0032923948795845113,0.011362075805664062,0.0047492484251658125,0.003658205270767212,0.00044602155685424805,1.0,,,,,,,,404,capsules,1,-0.9282017747561137,-0.9278409481048584,0.41164602472150313,0.07519892588807643,-0.3364470988334267,,,
jpeg,,7.1762816561378585e-09,5.474582329095817e-08,0.9950112091439423,0.9194495363016733,0.9247111442415207,0.9997562170028687,0.0028618035527567067,0.011204401652018229,0.004011789957682292,0.0031797761718432107,0.0007046163082122803,1.0,,,,,,,,405,capsules,1,-0.9281004667282104,-0.9281205634276072,0.13906665518303615,0.13895602412746672,-0.00011063105556943786,,,
resize_cycle,,8.770675295636722e-10,1.7712356978029835e-09,0.9084721342818847,0.9312462270426229,0.6477823332090943,0.9996578097343445,0.0032481832895427942,0.014098902543385824,0.004631449778874715,0.0036090786258379617,0.001563022534052531,1.0,,,,,,,,401,capsules,0,-0.9280199160178503,-0.9264568934837977,,,,,,
resize_cycle,,8.168211912701316e-10,1.2949682013910241e-09,0.9220642517218005,0.9321963809122016,0.5240402534476333,0.9997705221176147,0.00225767989953359,0.009160518646240234,0.0032298018534978232,0.0025085260470708213,0.0011843293905258179,1.0,,,,,,,,406,capsules,0,-0.9278163909912109,-0.9266320616006851,,,,,,
resize_cycle,,1.3497822431772734e-09,3.521496314654073e-09,0.9125462937095689,0.9754315478718948,0.8005963473723444,0.9998764395713806,0.0017011140783627827,0.00853415330251058,0.002438560128211975,0.0018901526927947998,0.00036916136741638184,1.0,,,,,,,,407,capsules,0,-0.9270253479480743,-0.9269648591677347,,,,,,
resize_cycle,,9.994639741943505e-10,1.875291947668298e-09,0.9008417675583449,0.9473560586501816,0.6653000372717107,0.9996930360794067,0.0020498218946158886,0.01035292943318685,0.002934977412223816,0.002277560532093048,0.0014697015285491943,1.0,,,,,,,,410,capsules,0,-0.9287246962388357,-0.9273209571838379,,,,,,
resize_cycle,,0.0008379170316022605,0.01553230257399194,0.9419441953372799,0.9688448978353972,0.9504286246738726,0.999883770942688,0.0022194737878938517,0.0055065155029296875,0.003138487537701925,0.0024660577376683555,0.0004702558120091756,1.0,,,,,,,,402,capsules,1,-0.9275038341681162,-0.9275417278210322,0.5388123660700723,0.5716195337789616,0.03280716770888925,,,
resize_cycle,,0.000469334609371442,0.008369776108663149,0.9938019045736227,0.9485425453389229,0.9795005590756616,0.9997959136962891,0.003160119211922089,0.005963881810506185,0.004402766625086467,0.0035112599531809487,0.0003293156623840332,1.0,,,,,,,,403,capsules,1,-0.9278645068407059,-0.9275351911783218,0.8958516107427804,0.8778435101704285,-0.018008100572351915,,,
resize_cycle,,2.042813866030621e-09,4.974420259510825e-09,0.9386608751838665,0.9432520996456742,0.7487886693999255,0.9998242259025574,0.0018777286944290001,0.0115203857421875,0.0026641289393107095,0.0020863388975461326,0.0007617374261220297,1.0,,,,,,,,404,capsules,1,-0.9282017747561137,-0.9274400373299917,0.41164602472150313,0.10861876212829107,-0.30302726259321205,,,
resize_cycle,,5.1275210923468555e-09,6.65181708194122e-08,0.9984481743040324,0.9493048838537484,0.9642191576593365,0.9998841285705566,0.0013914934049050014,0.005397319793701172,0.001991709073384603,0.0015461047490437825,0.0007322132587432861,1.0,,,,,,,,405,capsules,1,-0.9281004667282104,-0.9276696940263113,0.13906665518303615,0.13065488031470082,-0.008411774868335331,,,
brightness,,1.845252961188231e-09,8.329629863913e-09,0.998235885368672,0.9915899325243516,0.9739098024599329,0.9999871253967285,0.0006666090339422226,0.0017172892888387044,0.0009376009305318197,0.0007406572500864664,0.000333636999130249,1.0,,,,,,,,562,pipe_fryum,0,-0.809623509645462,-0.8093958894411722,,,,,,
brightness,,2.2351832742381309e-10,3.619045303555244e-10,0.9938854850989124,0.9879886289279083,0.8661945583302274,0.9999890327453613,0.0005135162112613519,0.000988284746805827,0.0007105072339375814,0.0005700637896855673,4.804631074269613e-05,1.0,,,,,,,,565,pipe_fryum,0,-0.8088560452063879,-0.8088819881280264,,,,,,
brightness,,2.2263829666709253e-09,7.835377664602981e-09,0.9959353890458863,0.9882374803232568,0.8855758479314201,0.9999666213989258,0.0010032899056871731,0.0028226574261983237,0.0013824701309204102,0.001114750901858012,0.0004737575848897298,1.0,,,,,,,,566,pipe_fryum,0,-0.8076387395461401,-0.8079485048850378,,,,,,
brightness,,8.948869247349132e-10,4.198753275392147e-09,0.9912966022536479,0.9848572266300814,0.9877003354453969,0.9999875426292419,0.000170879065990448,0.002020537853240967,0.00022669633229573569,0.00018984576066335043,0.00017842650413513184,1.0,,,,,,,,571,pipe_fryum,0,-0.8085997104644775,-0.8087680637836456,,,,,,
brightness,,3.82926887499666e-08,7.448453931036545e-07,0.999034111959189,0.9886413964314843,0.8971300782705927,0.999980092048645,0.001262638873110215,0.0025043487548828125,0.0017728904883066814,0.0014029343922932942,0.0002774943908055623,1.0,,,,,,,,561,pipe_fryum,1,-0.8106852223475774,-0.810480127731959,0.6800478215878634,0.6792764654349271,-0.0007713561529362201,,,
brightness,,7.37715662010942e-08,1.6756677894652327e-06,0.9998902667579187,0.9879566856618566,0.9921729407379799,0.9999944567680359,0.00030418656145532924,0.0014459689458211262,0.0004431009292602539,0.0003379931052525838,0.00017555058002471924,1.0,,,,,,,,563,pipe_fryum,1,-0.8098712513844172,-0.8100354472796122,0.6121200822402757,0.6069098107318975,-0.0052102715083781614,,,
brightness,,1.8956915281089956e-08,1.749306175793602e-07,0.9978428650556389,0.9927450838325768,0.9809914275065226,0.9999754428863525,0.0006627083445588747,0.002436478932698568,0.0009065866470336914,0.0007363607486089071,0.00029657284418741864,1.0,,,,,,,,564,pipe_fryum,1,-0.8086236317952474,-0.8084561228752136,0.41639449095679193,0.4086890767390838,-0.007705414217708151,,,
brightness,,8.329298802914737e-08,8.414198434279561e-07,0.994063786745845,0.9933218659710846,0.9139023481177786,0.9999876022338867,0.0006619469883541266,0.0021323362986246743,0.0009120802084604899,0.0007349401712417603,0.00011583169301350911,1.0,,,,,,,,567,pipe_fryum,1,-0.8080490032831827,-0.8079876104990641,0.0798114499019881,0.07149305118222186,-0.008318398719766237,,,
contrast,,1.6770110097484425e-09,6.20071691034709e-09,0.9990040825036912,0.9894100256830138,0.9832277301528141,0.9999803900718689,0.0006225661685069402,0.0024922688802083335,0.0008885463078816732,0.000691726803779602,0.0003007153669993083,1.0,,,,,,,,562,pipe_fryum,0,-0.809623509645462,-0.8094707727432251,,,,,,
contrast,,2.7610490632724535e-10,4.6192288712606415e-10,0.991640850870741,0.9908673485856294,0.8643309727916512,0.9999936819076538,7.6041246453921e-05,0.0009559988975524902,9.364883104960124e-05,8.447468280792236e-05,0.00021271904309590658,1.0,,,,,,,,565,pipe_fryum,0,-0.8088560452063879,-0.8090518563985825,,,,,,
contrast,,2.970688430432297e-09,9.12083961657394e-09,0.9978189461941298,0.9856087425505681,0.9105478941483414,0.9998950362205505,0.0016459963905314605,0.005731562773386638,0.002285405993461609,0.00182838241259257,0.0006528844436009725,1.0,,,,,,,,566,pipe_fryum,0,-0.8076387395461401,-0.8081263701121012,,,,,,
contrast,,8.854063039308966e-10,3.2466903142815344e-09,0.9924573157896834,0.9792998440811645,0.9869549012299664,0.9999709129333496,0.0002685386377076308,0.002881904443105062,0.00038168827692667645,0.0002978593111038208,0.00014053285121917725,1.0,,,,,,,,571,pipe_fryum,0,-0.8085997104644775,-0.8086197922627131,,,,,,
contrast,,3.387482602156156e-08,6.410154373488311e-07,0.9993318950186686,0.9862030599608734,0.90831159150205,0.9999672770500183,0.0015422531093160312,0.0029567082722981772,0.0021779785553614297,0.0017135987679163616,0.0004120419422785441,1.0,,,,,,,,561,pipe_fryum,1,-0.8106852223475774,-0.8104847371578217,0.6800478215878634,0.6798845977762551,-0.0001632238116082707,,,
contrast,,1.1103853637619547e-07,2.4343625036350735e-06,0.9998982313662471,0.9883417729048216,0.9918002236302647,0.9999827146530151,0.00045435332382718724,0.0026375452677408853,0.0006400843461354574,0.0005048265059789022,0.00036483506361643475,1.0,,,,,,,,563,pipe_fryum,1,-0.8098712513844172,-0.8102235794067383,0.6121200822402757,0.6082052232722588,-0.00391485896801691,,,
contrast,,2.836631602269963e-08,2.5924456583594775e-07,0.9980548198693682,0.9817844951764391,0.9839731643682446,0.9998633861541748,0.0017017191275954247,0.005325476328531901,0.002346177895863851,0.001890788475672404,0.000610212484995524,1.0,,,,,,,,564,pipe_fryum,1,-0.8086236317952474,-0.8092222809791565,0.41639449095679193,0.4067837108860033,-0.009610780070788638,,,
contrast,,9.177548055869783e-08,9.793265664351404e-07,0.9916210922415634,0.9880806168124526,0.9127841967946329,0.999984622001648,0.0008557303808629513,0.0032530824343363443,0.001174310843149821,0.0009508182605107626,0.00015171368916829428,1.0,,,,,,,,567,pipe_fryum,1,-0.8080490032831827,-0.8081475496292114,0.0798114499019881,0.07110709606148617,-0.00870435384050193,,,
gamma,,3.2462172977227883e-09,1.1706043487955175e-08,0.996025144801943,0.968370677344117,0.9757733879985091,0.999811589717865,0.0022864205141862235,0.00653986136118571,0.0031630893548329673,0.002540444334348043,0.0011836588382720947,1.0,,,,,,,,562,pipe_fryum,0,-0.809623509645462,-0.8086227774620056,,,,,,
gamma,,3.9168567485212377e-10,6.58640521469327e-10,0.9845579376444694,0.9818115179113086,0.6477823332090943,0.9999834895133972,0.00037698882321516675,0.0017003218332926433,0.0005705853303273519,0.0004164477189381917,0.00025192896525065106,1.0,,,,,,,,565,pipe_fryum,0,-0.8088560452063879,-0.8091079741716385,,,,,,
gamma,,1.888819344632978e-09,5.6089004604877275e-09,0.9939091762339122,0.9681249758656253,0.9019754006708908,0.999983549118042,0.00043957602853576344,0.002588470776875814,0.0006050119797388712,0.0004879285891850789,0.0005570401748021444,1.0,,,,,,,,566,pipe_fryum,0,-0.8076387395461401,-0.8081895510355631,,,,,,
gamma,,8.366651129688556e-10,2.931168418979851e-09,0.9967839868011786,0.9560366861504584,0.9858367499068207,0.9999687671661377,0.0007996445832153162,0.0013124545415242512,0.0011286338170369465,0.0008885165055592855,0.00031877557436625165,1.0,,,,,,,,571,pipe_fryum,0,-0.8085997104644775,-0.8084269861380259,,,,,,
gamma,,8.659188003635671e-09,1.435745049130726e-07,0.999688238399585,0.9883015324470884,0.9731643682445025,0.9999804496765137,0.000375265721231699,0.0005645950635274252,0.000519976019859314,0.00041697919368743896,8.74251127243042e-05,1.0,,,,,,,,561,pipe_fryum,1,-0.8106852223475774,-0.8106033702691396,0.6800478215878634,0.6878156056046367,0.00776778401677336,,,
gamma,,9.056804845591657e-08,2.104296360173996e-06,0.9997467038527518,0.9823252209728932,0.9940365262765561,0.9999942183494568,0.00035451073199510574,0.0015578468640645344,0.0004944105943044027,0.00039389729499816895,0.00017739832401275635,1.0,,,,,,,,563,pipe_fryum,1,-0.8098712513844172,-0.8099415202935537,0.6121200822402757,0.6230546287373374,0.010934546497061715,,,
gamma,,6.899717088735193e-09,9.492133381537042e-08,0.9998046993694499,0.9696065412976989,0.9899366380916884,0.9999914169311523,0.00021463089312116304,0.0012764533360799153,0.00031501054763793945,0.0002384781837463379,8.697311083475749e-05,1.0,,,,,,,,564,pipe_fryum,1,-0.8086236317952474,-0.8085366586844126,0.41639449095679193,0.41625972239347464,-0.00013476856331728904,,,
gamma,,8.53444456316088e-08,7.060616623574624e-07,0.9951932447365034,0.9795723171005599,0.8997390980245993,0.9997631907463074,0.0032554431818425655,0.008895158767700195,0.0044999221960703535,0.00361714760462443,0.0016045073668162029,1.0,,,,,,,,567,pipe_fryum,1,-0.8080490032831827,-0.8064444959163666,0.0798114499019881,0.07856808328298713,-0.0012433666190009712,,,
saturation,,7.82165422591666e-10,2.7837426486377495e-09,0.9984702104789305,0.9969428539974599,0.9768915393216548,0.9999958872795105,0.0001522932822505633,0.00046441952387491864,0.0002311269442240397,0.000168725848197937,0.00013380746046702066,1.0,,,,,,,,562,pipe_fryum,0,-0.809623509645462,-0.8095824470122656,,,,,,
saturation,,1.6339378401209375e-10,2.7914563508693224e-10,0.996398901890158,0.9940542371907032,0.8606038017144987,0.9999961256980896,8.904499312241872e-05,0.00019663572311401367,0.00012146433194478352,9.759267171223958e-05,0.00026722252368927,1.0,,,,,,,,565,pipe_fryum,0,-0.8088560452063879,-0.809110959370931,,,,,,
saturation,,1.1318529996053371e-09,3.379622317454137e-09,0.9965720207320306,0.9948373820295012,0.8777487886693999,0.9999858736991882,0.0005552281315128008,0.0009918063879013062,0.0007574160893758138,0.0006165852149327596,0.00036755700906117755,1.0,,,,,,,,566,pipe_fryum,0,-0.8076387395461401,-0.8072711825370789,,,,,,
saturation,,3.276565774282435e-10,1.1991836573833646e-09,0.9989876026359193,0.9948124079644614,0.9865821841222512,0.9999970197677612,0.0002769913213948409,0.000552778442700704,0.000390241543451945,0.00030694901943206787,0.00010572373867034912,1.0,,,,,,,,571,pipe_fryum,0,-0.8085997104644775,-0.8085919767618179,,,,,,
saturation,,6.885484729558914e-09,1.2616316830258684e-07,0.9999245914218222,0.9975299947076316,0.9832277301528141,0.9999942779541016,0.00012016125644246738,0.0002848108609517415,0.00019599497318267822,0.00013088186581929526,0.00037404894828796387,1.0,,,,,,,,561,pipe_fryum,1,-0.8106852223475774,-0.8110502312580744,0.6800478215878634,0.6828851969908512,0.002837375402987785,,,
saturation,,4.480327389592148e-08,8.483773834293474e-07,0.9999309527150216,0.9951518197553446,0.9962728289228475,0.9999923706054688,0.0002047050123413404,0.001305242379506429,0.0002946307261784871,0.00022742152214050293,0.00034487247467041016,1.0,,,,,,,,563,pipe_fryum,1,-0.8098712513844172,-0.8102063486973444,0.6121200822402757,0.6158295349958728,0.003709452755597087,,,
saturation,,1.9153279059931938e-08,3.216750201336682e-07,0.9985166643471552,0.9960033295396571,0.972418934029072,0.9999953508377075,0.0004077041521668434,0.0006560881932576498,0.000563398003578186,0.0004530002673467,0.0002216547727584839,1.0,,,,,,,,564,pipe_fryum,1,-0.8086236317952474,-0.808838481704394,0.41639449095679193,0.39980801068926025,-0.016586480267531678,,,
saturation,,3.108957096255452e-08,1.9611883328277132e-07,0.9989617973812045,0.9977585809579,0.9549012299664554,0.9999932050704956,0.00044332118704915047,0.0016731818517049153,0.0006172458330790201,0.0004925678173700968,7.201234499613444e-05,1.0,,,,,,,,567,pipe_fryum,1,-0.8080490032831827,-0.8080807030200958,0.0798114499019881,0.07575851514119158,-0.004052934760796517,,,
gaussian_blur,,7.757521910485038e-09,3.184708416843536e-08,0.5862366152828725,0.8851347922976471,0.18225866567275437,0.9995487928390503,0.0020214730563263097,0.008035759131113688,0.002816269795099894,0.0022460718949635825,0.0017018169164657593,1.0,,,,,,,,562,pipe_fryum,0,-0.809623509645462,-0.8079216927289963,,,,,,
gaussian_blur,,1.8317975397819627e-09,3.608504189505166e-09,0.8757794492640645,0.8042633984393426,0.5102497204621692,0.9997507929801941,0.0020538422589500747,0.004051049550374349,0.0028950124979019165,0.0022820482651392617,0.00024455785751342773,1.0,,,,,,,,565,pipe_fryum,0,-0.8088560452063879,-0.8087657441695532,,,,,,
gaussian_blur,,6.196585977840277e-09,1.785527119311632e-08,0.8745330516381823,0.8598236477544989,0.5359672008945211,0.9998012781143188,0.0007737864119311174,0.0012936592102050781,0.0010800460974375408,0.0008597671985626221,0.0007563779751459757,1.0,,,,,,,,566,pipe_fryum,0,-0.8076387395461401,-0.806882361570994,,,,,,
gaussian_blur,,3.957633335708482e-09,1.43072906084779e-08,0.5441444167382453,0.796952487476641,0.0003727171077152441,0.9996978044509888,0.002023661664376656,0.006508986155192058,0.0028587828079859414,0.0022485057512919107,0.0010005633036295574,1.0,,,,,,,,571,pipe_fryum,0,-0.8085997104644775,-0.807599147160848,,,,,,
gaussian_blur,,2.3927757862399322e-08,2.1979804391929623e-07,0.9939927461302309,0.8713738920515978,0.9265747297800969,0.9993442296981812,0.005107113004972537,0.010280847549438477,0.0070771028598149615,0.00567456583182017,0.002867440382639567,1.0,,,,,,,,561,pipe_fryum,1,-0.8106852223475774,-0.8082283387581507,0.6800478215878634,0.6769306282216148,-0.003117193366248605,,,
gaussian_blur,,7.062101961181929e-07,1.5248399151520754e-05,0.9941875280339927,0.821609547880657,0.9563920983973164,0.9998252391815186,0.0006285635754466057,0.0011137574911117554,0.0008894652128219604,0.0006980945666631063,0.0004722873369852702,1.0,,,,,,,,563,pipe_fryum,1,-0.8098712513844172,-0.8095102657874426,0.6121200822402757,0.652027269051859,0.03990718681158334,,,
gaussian_blur,,7.432826107670932e-08,1.0467737715600422e-06,0.9956521085885873,0.7384725874955694,0.8986209467014536,0.9996921420097351,0.00010624729717771213,0.002508997917175293,0.0001611858606338501,0.00011804699897766113,0.00032266974449157715,1.0,,,,,,,,564,pipe_fryum,1,-0.8086236317952474,-0.8088836967945099,0.41639449095679193,0.42656137335410993,0.010166882397318,,,
gaussian_blur,,3.016643081723953e-06,3.9905810873279904e-05,0.5473155698513847,0.8213703899377127,0.677972418934029,0.9994515180587769,0.004656107785801093,0.011770248413085938,0.006511678298314412,0.0051734646161397295,0.0008517901102701823,1.0,,,,,,,,567,pipe_fryum,1,-0.8080490032831827,-0.8071972131729126,0.0798114499019881,0.1443221056173242,0.0645106557153361,,,
gaussian_noise,,6.393005536692793e-09,2.6473552945533177e-08,0.9138236677103704,0.6988420481429138,0.839731643682445,0.9996713399887085,0.0016842341671387355,0.005389054616292317,0.0022983799378077188,0.0018713871637980144,0.0019143323103586833,1.0,,,,,,,,562,pipe_fryum,0,-0.809623509645462,-0.8077091773351034,,,,,,
gaussian_noise,,1.935565866814476e-09,4.413343531946882e-09,0.558837121357749,0.7566379575091926,0.024972046216921357,0.9994411468505859,0.003943185321986675,0.009133021036783854,0.005530223250389099,0.00438132385412852,0.0017709732055664062,1.0,,,,,,,,565,pipe_fryum,0,-0.8088560452063879,-0.8075186759233475,,,,,,
gaussian_noise,,9.237039979220903e-09,3.021984615153116e-08,0.6776333343417006,0.7451303201484006,0.0,0.9996269941329956,0.005132075088719527,0.011620839436848959,0.007070958614349365,0.005702291925748189,0.0008779863516489664,1.0,,,,,,,,566,pipe_fryum,0,-0.8076387395461401,-0.806760753194491,,,,,,
gaussian_noise,,2.9550524208986044e-09,9.461607618937559e-09,0.9028758980043294,0.7326161688180394,0.8300409988818487,0.9997000694274902,0.0014737529369692008,0.004735430081685384,0.0020052343606948853,0.0016375035047531128,0.0005248785018920898,1.0,,,,,,,,571,pipe_fryum,0,-0.8085997104644775,-0.8084060748418173,,,,,,
gaussian_noise,,7.484118186264767e-08,1.2584411315229873e-06,0.9902259501254953,0.8238259343851201,0.713007827059262,0.9997668266296387,0.002639171201735735,0.0063101450602213545,0.0036669373512268066,0.0029324193795522055,0.001663928230603536,1.0,,,,,,,,561,pipe_fryum,1,-0.8106852223475774,-0.8093670805295309,0.6800478215878634,0.6813856856496818,0.0013378640618184612,,,
gaussian_noise,,9.33456955741456e-07,2.1011640249920998e-05,0.9817806962549142,0.6633884079757374,0.9265747297800969,0.9997154474258423,0.0032002272394796214,0.0058307647705078125,0.00445959468682607,0.0035557945569356284,0.0010993927717208862,1.0,,,,,,,,563,pipe_fryum,1,-0.8098712513844172,-0.8087718586126963,0.6121200822402757,0.6294589696548638,0.01733888741458811,,,
gaussian_noise,,7.467329763951166e-08,1.043049834902615e-06,0.9911443468821305,0.7968370374069835,0.9366380916884085,0.9997680187225342,0.0024829317505160966,0.005650679270426433,0.003408104181289673,0.002758815884590149,0.0003682623306910197,1.0,,,,,,,,564,pipe_fryum,1,-0.8086236317952474,-0.8086184014876684,0.41639449095679193,0.4643491736345606,0.047954682677768645,,,
gaussian_noise,,4.497756770481828e-07,4.014568396123536e-06,0.9259526572787606,0.8128549532538394,0.7487886693999255,0.9997508525848389,0.0038293604739010334,0.009108861287434896,0.005429575840632121,0.004254827896753947,0.0008458395799001058,1.0,,,,,,,,567,pipe_fryum,1,-0.8080490032831827,-0.8072031637032827,0.0798114499019881,0.0617541070617637,-0.0180573428402244,,,
jpeg,,6.889526646918997e-09,2.7823870439205082e-08,0.7206700141006769,0.8315196768303845,0.42079761461051063,0.9994349479675293,0.0019856062717735767,0.008883575598398844,0.0027971516052881875,0.0022062212228775024,0.0010751734177271526,1.0,,,,,,,,562,pipe_fryum,0,-0.809623509645462,-0.8086132357517878,,,,,,
jpeg,,1.7209429663006707e-09,3.113939351490242e-09,0.8113280854229934,0.8106278518159628,0.13641446142377936,0.9995545148849487,0.0018382455843190353,0.009375651677449545,0.00265526274840037,0.0020425120989481607,0.00034193694591522217,1.0,,,,,,,,565,pipe_fryum,0,-0.8088560452063879,-0.8085675636927286,,,,,,
jpeg,,7.218130571710874e-09,2.111283511570421e-08,0.9489781659349573,0.8405524301477367,0.6954901229966456,0.9996001124382019,0.004058263419816892,0.009170134862263998,0.005617151657740275,0.004509175817171733,0.0006789068380991617,1.0,,,,,,,,566,pipe_fryum,0,-0.8076387395461401,-0.8074760486682256,,,,,,
jpeg,,3.1158906849099533e-09,1.0941330642622524e-08,0.7973973086028326,0.7904916154841642,0.5736116287737607,0.9994853734970093,0.0016849866757790248,0.007236480712890625,0.002419784665107727,0.0018722166617711384,0.0019430816173553467,1.0,,,,,,,,571,pipe_fryum,0,-0.8085997104644775,-0.8066934049129486,,,,,,
jpeg,,4.217533527384319e-08,6.244457056135152e-07,0.9947192456633,0.9005321932590162,0.7316436824450242,0.9996063113212585,0.0032410561107099056,0.009429931640625,0.004588683446248372,0.003601163625717163,0.002161140243212382,1.0,,,,,,,,561,pipe_fryum,1,-0.8106852223475774,-0.8085851470629374,0.6800478215878634,0.6939465250081241,0.013898703420260783,,,
jpeg,,5.032089611212703e-07,1.1300393218215037e-05,0.957966038250815,0.8421061239661175,0.9232202758106597,0.9996446967124939,0.0018512203047672908,0.007414340972900391,0.002589141329129537,0.0020569016536076865,0.0013987769683202107,1.0,,,,,,,,563,pipe_fryum,1,-0.8098712513844172,-0.8085050880908966,0.6121200822402757,0.6195894375087642,0.0074693552684884645,,,
jpeg,,1.1594137253749939e-07,1.6160281093966122e-06,0.9969313578716652,0.8059524484264379,0.9295564666418189,0.9998325705528259,0.0018233383695284526,0.006428877512613933,0.0025386412938435874,0.0020259221394856772,0.00042478740215301514,1.0,,,,,,,,564,pipe_fryum,1,-0.8086236317952474,-0.8082819034655889,0.41639449095679193,0.4205352799618808,0.004140789005088852,,,
jpeg,,4.088141416692126e-07,3.7977864172069272e-06,0.5893716003800809,0.8331538153128264,0.6537458069325383,0.9997175931930542,0.00022718636319041252,0.006708607077598572,0.0003420611222585042,0.0002523660659790039,0.0010500500599543254,1.0,,,,,,,,567,pipe_fryum,1,-0.8080490032831827,-0.8070405870676041,0.0798114499019881,0.16530824612894335,0.08549679622695525,,,
resize_cycle,,5.278685894526733e-09,2.408480503736703e-08,0.802211628440836,0.9151935438306136,0.5136041744316064,0.9999089241027832,0.0008964672063787779,0.004917502403259277,0.001245563228925069,0.0009960681200027466,0.0003224114576975505,1.0,,,,,,,,562,pipe_fryum,0,-0.809623509645462,-0.8093255162239075,,,,,,
resize_cycle,,9.945492787045789e-10,1.77618792806811e-09,0.9288274701752335,0.8815025627854468,0.5382035035408125,0.9998759031295776,0.0007262046759327253,0.0014985402425130208,0.0010398179292678833,0.0008069078127543131,8.865694204966228e-05,1.0,,,,,,,,565,pipe_fryum,0,-0.8088560452063879,-0.8088765144348145,,,,,,
resize_cycle,,4.1972209640983675e-09,1.2822723074499772e-08,0.9543930860477132,0.9312759242718672,0.6884084979500559,0.9999164938926697,0.0009481846354901791,0.0015361309051513672,0.0013045668601989746,0.0010535518328348796,0.0006084839502970377,1.0,,,,,,,,566,pipe_fryum,0,-0.8076387395461401,-0.807030255595843,,,,,,
resize_cycle,,3.3640651909943243e-09,1.2882682279383969e-08,0.6408407307769592,0.8520667172986565,0.0003727171077152441,0.9998288154602051,0.0018519552734990914,0.005269209543863933,0.0026313414176305137,0.0020577708880106607,0.0006457368532816569,1.0,,,,,,,,571,pipe_fryum,0,-0.8085997104644775,-0.8079749147097269,,,,,,
resize_cycle,,4.429496641487635e-08,4.237919169734732e-07,0.9751019553376195,0.9519642843560944,0.8210957882966828,0.9998762607574463,0.00255222013220191,0.005269567171732585,0.003483663002649943,0.0028352588415145874,0.0006795028845469157,1.0,,,,,,,,561,pipe_fryum,1,-0.8106852223475774,-0.8100743641455969,0.6800478215878634,0.6715571944799459,-0.008490627107917481,,,
resize_cycle,,2.3830261674711498e-07,5.450836250518475e-06,0.9963534937521902,0.8771333901639006,0.9713007827059262,0.9999028444290161,0.0008375723846256733,0.004071712493896484,0.0011469672123591106,0.0009306172529856364,0.0007174710432688395,1.0,,,,,,,,563,pipe_fryum,1,-0.8098712513844172,-0.8097263624270757,0.6121200822402757,0.6422608827621615,0.030140800521885835,,,
resize_cycle,,2.916590131295285e-08,3.6331411202820284e-07,0.9984906304004312,0.8564298127877327,0.8941483414088707,0.9998167753219604,0.0013643143077691395,0.004475692907969157,0.001856476068496704,0.0015158851941426594,0.0002820293108622233,1.0,,,,,,,,564,pipe_fryum,1,-0.8086236317952474,-0.8089056611061096,0.41639449095679193,0.41687545939732673,0.00048096844053480137,,,
resize_cycle,,4.026833578412057e-07,4.032222510901777e-06,0.9547302680303454,0.859736605383958,0.7979873276183377,0.9998272657394409,0.0022185505367815495,0.006791909535725911,0.0030395090579986572,0.0024650543928146362,0.0007526775201161703,1.0,,,,,,,,567,pipe_fryum,1,-0.8080490032831827,-0.807329406340917,0.0798114499019881,0.07118934381982224,-0.008622106082165862,,,
brightness,,1.4926617899163544e-10,3.7399170354889283e-10,0.998520363193482,0.9896513474820454,0.9590011181513232,0.9999908804893494,0.0005068966808418433,0.0014036893844604492,0.0007546842098236084,0.0005632291237513224,0.0005765805641810099,1.0,,,,,,,,711,pcb4,0,-1.0126013904809952,-1.0120705862840016,,,,,,
brightness,,1.362315716607369e-10,4.228047408371858e-10,0.9941061069550963,0.9888818791531219,0.9303019008572494,0.9999954104423523,0.0002589205590387185,0.0007426738739013672,0.00039503475030263263,0.0002873465418815613,0.00017784039179484049,1.0,,,,,,,,714,pcb4,0,-1.011890009045601,-1.012057160337766,,,,,,
brightness,,1.2750414283620394e-10,3.291166392938302e-10,0.996530772952038,0.9898281394019315,0.9541557957510249,0.999989926815033,0.00016661500558257103,0.0007323225339253744,0.0002577453851699829,0.00018514692783355713,0.0004411836465199788,1.0,,,,,,,,724,pcb4,0,-1.0115156571070354,-1.0119568407535553,,,,,,
brightness,,4.3989786327973394e-10,3.900191536422045e-09,0.9811460213302702,0.9935764022627979,0.8911666045471487,0.9999946355819702,0.00018404548366864523,0.001271297534306844,0.00026187797387441,0.000204394261042277,0.0002678036689758301,1.0,,,,,,,,730,pcb4,0,-1.0133705536524455,-1.0136066873868306,,,,,,
brightness,,0.00030816310434906576,0.004121349865145481,0.9830463463391645,0.9914489231038388,0.9109206112560566,0.9999908208847046,0.000632837259521087,0.005486329396565755,0.0009314517180124918,0.0007031410932540894,0.0004024505615234375,1.0,,,,,,,,712,pcb4,1,-1.0163602083921432,-1.016744777560234,0.2627552287031735,0.2551728555807114,-0.007582373122462127,,,
brightness,,1.2062264914848536e-05,0.00023875787502840038,0.9999549742834304,0.9917352283622205,0.9959001118151323,0.9999713897705078,0.00106107738489906,0.0032445192337036133,0.0015469690163930256,0.0011789947748184204,0.0011853476365407307,1.0,,,,,,,,713,pcb4,1,-1.0160168409347534,-1.0150681634744008,0.33615954799418934,0.33613977593024524,-1.9772063944101248e-05,,,
brightness,,3.0053152194108633e-09,3.2442156681948254e-08,0.9981182196751462,0.9952218774130774,0.9713007827059262,0.9999904632568359,0.0006743318711717924,0.0014276305834452312,0.0010017802317937214,0.000749245285987854,0.0004800061384836833,1.0,,,,,,,,715,pcb4,1,-1.0136365095774333,-1.0141091446081798,0.4391524631030659,0.4408682084097124,0.0017157453066465322,,,
brightness,,0.0002087825640538454,0.0034402086854531957,0.9986400363258399,0.992879156582164,0.9918002236302647,0.9999947547912598,0.000653069776793321,0.0012680689493815105,0.0009601314862569174,0.0007256294290224711,0.0001697838306427002,1.0,,,,,,,,716,pcb4,1,-1.0153233508268993,-1.0154205163319905,0.9639961024580619,0.9641539124274884,0.00015780996942649228,,,
contrast,,1.8323628497009292e-10,4.650660145680949e-10,0.9977685656418843,0.9888426384514143,0.9180022363026463,0.9999812841415405,0.0006066793575882912,0.0016783475875854492,0.0009044309457143148,0.0006740987300872803,0.0010067671537399292,1.0,,,,,,,,711,pcb4,0,-1.0126013904809952,-1.0116670231024425,,,,,,
contrast,,1.2485408872108487e-10,3.5984166564090837e-10,0.997452155673356,0.9820843286172494,0.9537830786433097,0.9999840259552002,0.00016862743844588599,0.00031881531079610187,0.00025257964928944904,0.00018725544214248657,0.0005698651075363159,1.0,,,,,,,,714,pcb4,0,-1.011890009045601,-1.0113962789376576,,,,,,
contrast,,1.2375505465372528e-10,3.0475826126722167e-10,0.9967587232966097,0.9828539866228956,0.9672008945210585,0.9999926090240479,0.00023649120703339577,0.000644226868947347,0.00034901996453603107,0.00026280681292215985,0.0001783221960067749,1.0,,,,,,,,724,pcb4,0,-1.0115156571070354,-1.011405125260353,,,,,,
contrast,,5.138146234096244e-10,4.671342190181725e-09,0.9744452186961674,0.9934479422448746,0.8881848676854268,0.9999932050704956,0.0003071138635277748,0.0007357498009999593,0.0004554738601048787,0.0003411124149958293,0.00022684534390767416,1.0,,,,,,,,730,pcb4,0,-1.0133705536524455,-1.0135814448197682,,,,,,
contrast,,0.00016668865450534552,0.0022028470007289126,0.9965878173746966,0.9910640461406138,0.9627282892284756,0.9999863505363464,0.0007050464240213236,0.005675315856933594,0.0010238389174143474,0.0007833689451217651,0.0005357662836710612,1.0,,,,,,,,712,pcb4,1,-1.0163602083921432,-1.0168728480736415,0.2627552287031735,0.2641095964708581,0.00135436776768455,,,
contrast,,8.671366332900795e-05,0.001767891412917894,0.9993672633467066,0.9896747676245493,0.995527394707417,0.9999476671218872,0.0016256688783566158,0.005113363265991211,0.0023898531993230185,0.0018063212434450786,0.0017217745383580525,1.0,,,,,,,,713,pcb4,1,-1.0160168409347534,-1.014629567662875,0.33615954799418934,0.3371514871449269,0.0009919391507375308,,,
contrast,,1.9836205609056286e-09,2.2268703965438416e-08,0.9989379481058029,0.993827653200941,0.9768915393216548,0.9999938011169434,0.0004906915128231049,0.001146237055460612,0.0007381389538447062,0.0005451987187067667,0.00014660259087880453,1.0,,,,,,,,715,pcb4,1,-1.0136365095774333,-1.0137648036082585,0.4391524631030659,0.43475953867337225,-0.004392924429693634,,,
contrast,,0.00011221247752956578,0.0019860107815032157,0.9995160032766406,0.9927758235030401,0.9951546775997018,0.999985933303833,0.0004688088471690814,0.001095136006673177,0.0007052024205525717,0.0005209272106488546,0.00041248897711435956,1.0,,,,,,,,716,pcb4,1,-1.0153233508268993,-1.0150160839160283,0.9639961024580619,0.9643108165284202,0.000314714070358324,,,
gamma,,9.556396646206498e-11,2.3067585939025727e-10,0.9981379784714582,0.9848238303650463,0.9124114796869176,0.9999935626983643,0.00033349543809890747,0.0006543795267740885,0.0004989256461461385,0.0003705620765686035,0.00013276437918345133,1.0,,,,,,,,711,pcb4,0,-1.0126013904809952,-1.0127099851767223,,,,,,
gamma,,9.2824147089891e-11,2.2133578678423887e-10,0.9986269436685793,0.9919771762899718,0.964964591874767,0.9999897480010986,0.0003504456641773383,0.0007595916589101156,0.0005152970552444458,0.00038927048444747925,0.0003107537825902303,1.0,,,,,,,,714,pcb4,0,-1.011890009045601,-1.0121750632921855,,,,,,
gamma,,1.6615744187571152e-10,6.3423477758819e-10,0.988044430756871,0.9830455184183672,0.8956392098397317,0.999984860420227,0.0004174159839749336,0.0017022093137105305,0.0006288488705952963,0.0004638085762659709,0.0006680736939112345,1.0,,,,,,,,724,pcb4,0,-1.0115156571070354,-1.01216222345829,,,,,,
gamma,,3.1021255744745276e-10,1.8184632799756835e-09,0.9983750809060368,0.9922653755174748,0.9071934401789042,0.9999942779541016,0.00018932965273658434,0.0013018945852915447,0.0002686729033788045,0.00021027028560638428,0.0004945695400238037,1.0,,,,,,,,730,pcb4,0,-1.0133705536524455,-1.0138513545195262,,,,,,
gamma,,0.0001634514413894104,0.0019115332961495521,0.9986884147871384,0.9905364013731761,0.9802459932910921,0.9999775886535645,0.0005357766834398111,0.0021732250849405923,0.0008102307717005411,0.0005953063567479452,0.00015308459599812826,1.0,,,,,,,,712,pcb4,1,-1.0163602083921432,-1.0162096669276555,0.2627552287031735,0.25783214564999035,-0.004923083053183175,,,
gamma,,0.00021028520157575825,0.004264871872860064,0.9957339699574885,0.9924910859413033,0.9914275065225494,0.999995231628418,0.0003451816737651825,0.0017088055610656738,0.0005228221416473389,0.00038354843854904175,0.00021922588348388672,1.0,,,,,,,,713,pcb4,1,-1.0160168409347534,-1.016197919845581,0.33615954799418934,0.34133070805247545,0.005171160058286106,,,
gamma,,7.156628251209283e-09,7.597691683624886e-08,0.9963345662489861,0.991955465892976,0.9601192694744689,0.9998642802238464,0.0016228766180574894,0.006961365540822347,0.002387791872024536,0.0018031795819600422,0.0024704386790593467,1.0,,,,,,,,715,pcb4,1,-1.0136365095774333,-1.015957886974017,0.4391524631030659,0.42762998204874697,-0.011522481054318912,,,
gamma,,0.0001127364531712722,0.001826838402973146,0.9995878168971166,0.9909555897269601,0.9899366380916884,0.9999898672103882,0.0006750772396723429,0.0014919439951578777,0.0009787480036417644,0.0007496823867162069,5.6525071461995445e-05,1.0,,,,,,,,716,pcb4,1,-1.0153233508268993,-1.0153447091579437,0.9639961024580619,0.9664490267455992,0.0024529242875372947,,,
saturation,,8.561777427152057e-11,2.4471476038311494e-10,0.9986548090148598,0.9943027616945114,0.9295564666418189,0.9999958276748657,0.0003187869054575761,0.0009832183519999187,0.0004755159219106038,0.0003541956345240275,0.0004060020049413045,1.0,,,,,,,,711,pcb4,0,-1.0126013904809952,-1.0122242371241252,,,,,,
saturation,,5.7014784967317003e-11,1.2064701185554813e-10,0.9994428483048813,0.9948708793803376,0.9642191576593365,0.9999884366989136,0.0002112461564441522,0.0004001160462697347,0.0003180454174677531,0.00023462126652399698,0.0007850478092829386,1.0,,,,,,,,714,pcb4,0,-1.011890009045601,-1.0111049612363179,,,,,,
saturation,,5.765084822985465e-11,1.7354648897826794e-10,0.9990731462305791,0.993653323313018,0.9765188222139396,0.9999975562095642,9.525396550695102e-05,0.0005051692326863607,0.000163997213045756,0.00010584791501363118,0.00016921758651733398,1.0,,,,,,,,724,pcb4,0,-1.0115156571070354,-1.011365791161855,,,,,,
saturation,,2.6434665670978415e-10,1.938838548743228e-09,0.9976832457987007,0.996372716229651,0.9332836377189713,0.9999964237213135,0.00026563632612427074,0.0014476180076599121,0.0003857910633087158,0.0002951323986053467,0.0003621379534403483,1.0,,,,,,,,730,pcb4,0,-1.0133705536524455,-1.0137086510658264,,,,,,
saturation,,0.0002000214458565576,0.002460561851699375,0.99889798101278,0.9952205042772126,0.9832277301528141,0.999996542930603,0.00016653941323359808,0.003919760386149089,0.00023981928825378418,0.0001839896043141683,0.0002330392599105835,1.0,,,,,,,,712,pcb4,1,-1.0163602083921432,-1.0165645082791646,0.2627552287031735,0.2710183546925576,0.008263125989384057,,,
saturation,,5.938936137804737e-05,0.0012046933455899086,0.9996628860396536,0.9958155824894833,0.9947819604919865,0.9999817609786987,0.0010152487084269524,0.0022580623626708984,0.0014916857083638508,0.001128077507019043,0.0009502967198689779,1.0,,,,,,,,713,pcb4,1,-1.0160168409347534,-1.015119234720866,0.33615954799418934,0.3371000380440636,0.0009404900498742319,,,
saturation,,2.654352587078588e-09,2.8645034277492328e-08,0.999697475501779,0.996772915283114,0.9847185985836749,0.9999954700469971,0.00042536575347185135,0.0011666218439737956,0.0006505002578099569,0.00047084689140319824,0.00025144219398498535,1.0,,,,,,,,715,pcb4,1,-1.0136365095774333,-1.0138810575008392,0.4391524631030659,0.4366408003618174,-0.002511662741248477,,,
saturation,,0.00011272180064851692,0.0019264456370732502,0.9995816719413002,0.9954942977599512,0.9947819604919865,0.9999954700469971,0.0006906228760878245,0.0015224218368530273,0.0010099013646443684,0.0007669428984324137,0.00036353866259257,1.0,,,,,,,,716,pcb4,1,-1.0153233508268993,-1.0155864556630452,0.9639961024580619,0.9649488719908533,0.000952769532791442,,,
gaussian_blur,,9.027741291578771e-10,2.7304552386042754e-09,0.8728136634244756,0.9226728429071458,0.5382035035408125,0.9998316168785095,0.0011286940425634384,0.0069878896077473955,0.001661623517672221,0.0012541164954503377,0.0007995814085006714,1.0,,,,,,,,711,pcb4,0,-1.0126013904809952,-1.0126097400983174,,,,,,
gaussian_blur,,2.393063079244853e-09,1.1759937578458274e-08,0.6373944117771505,0.9073461016583505,0.22176667909057027,0.9997843503952026,0.0020708106458187103,0.009382247924804688,0.003065327803293864,0.0023009106516838074,0.0023700098196665445,1.0,,,,,,,,714,pcb4,0,-1.011890009045601,-1.0134607603152592,,,,,,
gaussian_blur,,7.040256155302865e-10,2.3684794587059075e-09,0.8664030186299552,0.9230934795728444,0.5072679836004472,0.999808669090271,0.0017813669207195442,0.008127689361572266,0.0026294440031051636,0.0019793262084325156,0.0007814168930053711,1.0,,,,,,,,724,pcb4,0,-1.0115156571070354,-1.0117863019307454,,,,,,
gaussian_blur,,1.39950755498801e-09,8.253272691003635e-09,0.8088722631768921,0.9317380776820481,0.6477823332090943,0.9997366666793823,0.003277390884856383,0.009645462036132812,0.0049152374267578125,0.003641540805498759,0.002630929152170817,1.0,,,,,,,,730,pcb4,0,-1.0133705536524455,-1.0109517772992451,,,,,,
gaussian_blur,,0.0013950886318404437,0.01914328351374611,0.7966215861129599,0.9114964882571462,0.7431979127841968,0.9998153448104858,0.006161465309560299,0.02320575714111328,0.009255220492680868,0.006846075256665547,0.0008320560057957967,1.0,,,,,,,,712,pcb4,1,-1.0163602083921432,-1.015888750553131,0.2627552287031735,0.18274296663942932,-0.0800122620637442,,,
gaussian_blur,,0.0005777039521204129,0.013476799739099033,0.8948276540660958,0.930531343210965,0.9165113678717853,0.9997767210006714,0.003236801208307346,0.0103759765625,0.004762863119443257,0.003596427539984385,0.0010777215162913005,1.0,,,,,,,,713,pcb4,1,-1.0160168409347534,-1.0151705245176952,0.33615954799418934,0.26068817136529715,-0.0754713766288922,,,
gaussian_blur,,1.0722112828342658e-08,1.105164515124786e-07,0.8101945705783977,0.9413518528178476,0.775624301155423,0.9997810125350952,0.0024571435836454234,0.010609944661458334,0.0036989152431488037,0.0027301659186681113,0.00027424097061157227,1.0,,,,,,,,715,pcb4,1,-1.0136365095774333,-1.0135946869850159,0.4391524631030659,0.4481940751799393,0.009041612076873429,,,
gaussian_blur,,0.0011475993250868845,0.018668411190089454,0.9462757442566788,0.9376384033616896,0.8930301900857249,0.9998283386230469,0.0031968092856307826,0.009395917256673178,0.0047907233238220215,0.003552009661992391,0.0006301701068878174,1.0,,,,,,,,716,pcb4,1,-1.0153233508268993,-1.0149210095405579,0.9639961024580619,0.9180899779503692,-0.045906124507692714,,,
gaussian_noise,,5.25784718614644e-10,1.2788669422472783e-09,0.9397901715587573,0.9075660378131001,0.5546030562802833,0.999828040599823,0.0016686416541536648,0.004560232162475586,0.0024588952461878457,0.001854047179222107,0.001642112930615743,1.0,,,,,,,,711,pcb4,0,-1.0126013904809952,-1.0142374535401661,,,,,,
gaussian_noise,,5.445578286272009e-10,1.6697983716186224e-09,0.9283605052035908,0.9106329150161222,0.6172195303764443,0.9998029470443726,0.0012725708074867725,0.010375648736953735,0.0018614282210667927,0.0014138445258140564,0.002284770210584005,1.0,,,,,,,,714,pcb4,0,-1.011890009045601,-1.0141747792561848,,,,,,
gaussian_noise,,4.85778438840114e-10,1.3148745052345234e-09,0.9435734055535868,0.9122388440646866,0.6720089452105852,0.9998793005943298,0.0008494374342262745,0.0046378374099731445,0.0012700210014979045,0.0009438395500183105,0.0008344054222106934,1.0,,,,,,,,724,pcb4,0,-1.0115156571070354,-1.0108628869056702,,,,,,
gaussian_noise,,1.7955299388878863e-09,1.0205175033545758e-08,0.5569953800097966,0.917329097155133,0.22512113306000744,0.9998167753219604,0.002150257428487142,0.0064591169357299805,0.0031263728936513266,0.002388829986254374,0.0020726273457209268,1.0,,,,,,,,730,pcb4,0,-1.0133705536524455,-1.015126610795657,,,,,,
gaussian_noise,,0.0008609243598500394,0.011859251027673651,0.9839854097034704,0.9380186272199091,0.9332836377189713,0.9997722506523132,0.003878953866660595,0.012691497802734375,0.005558416247367859,0.0043099671602249146,0.0020852237939834595,1.0,,,,,,,,712,pcb4,1,-1.0163602083921432,-1.018401136000951,0.2627552287031735,0.24374660984447316,-0.019008618858700366,,,
gaussian_noise,,0.00036826099478654993,0.008202884405903048,0.9834078044104915,0.9108594054099162,0.9754006708907939,0.9998748302459717,0.002217242649445931,0.004500269889831543,0.003142972787221273,0.002463623881340027,0.00043325622876485187,1.0,,,,,,,,713,pcb4,1,-1.0160168409347534,-1.0163988173007965,0.33615954799418934,0.32133548546875307,-0.014824062525436277,,,
gaussian_noise,,8.540643637219742e-09,8.493246644820875e-08,0.9029206874263973,0.9219260953179149,0.9027208348863213,0.9995166659355164,0.002609274039665858,0.011864344278971354,0.003870546817779541,0.002899204691251119,0.0033126225074132285,1.0,,,,,,,,715,pcb4,1,-1.0136365095774333,-1.0169491320848465,0.4391524631030659,0.5156190846862775,0.0764666215832116,,,
gaussian_noise,,0.00026456810603589075,0.004564157910266857,0.9970709913743285,0.9186356975456189,0.9727916511367872,0.9995013475418091,0.006303446367383003,0.013771265745162964,0.008977711200714111,0.007003741959730784,0.003988777597745259,1.0,,,,,,,,716,pcb4,1,-1.0153233508268993,-1.0188778986533482,0.9639961024580619,0.9561896701845134,-0.0078064322735484915,,,
jpeg,,6.821601371965977e-10,1.7283220550786484e-09,0.8861192445566806,0.9208990599678214,0.5195676481550503,0.999854564666748,0.00100200188656648,0.004882335662841797,0.001474529504776001,0.0011133352915445964,0.0004558563232421875,1.0,,,,,,,,711,pcb4,0,-1.0126013904809952,-1.012278492252032,,,,,,
jpeg,,6.140916158589189e-10,2.0205793188646036e-09,0.8634616119066927,0.8965146059367255,0.4942228848304137,0.9997552633285522,0.0010549390378097694,0.009186029434204102,0.0015816489855448406,0.0011721377571423848,0.0026563803354899087,1.0,,,,,,,,714,pcb4,0,-1.011890009045601,-1.0145463893810909,,,,,,
jpeg,,5.838335155472388e-10,1.5226693983692253e-09,0.9374559432108214,0.910944832702183,0.7118896757361163,0.9998739957809448,0.0007893399645884832,0.0032854676246643066,0.0011653900146484375,0.0008770227432250977,0.0003069738547007243,1.0,,,,,,,,724,pcb4,0,-1.0115156571070354,-1.0117311577002208,,,,,,
jpeg,,9.303624350864219e-10,3.0056113122750264e-09,0.9702129543864676,0.919165409903177,0.6746179649645919,0.9998013973236084,0.001066588486234347,0.0072765350341796875,0.0015607972939809163,0.001185089349746704,0.0006292412678400675,1.0,,,,,,,,730,pcb4,0,-1.0133705536524455,-1.0139997949202855,,,,,,
jpeg,,0.000610168858318149,0.007579259588508673,0.9336066933016388,0.9314877888855164,0.8643309727916512,0.999767005443573,0.0014853565953671932,0.010779380798339844,0.0021283626556396484,0.0016503880421320598,0.0026186158259709678,1.0,,,,,,,,712,pcb4,1,-1.0163602083921432,-1.0189788242181141,0.2627552287031735,0.23712855906276925,-0.025626669640404276,,,
jpeg,,0.00015310337145002563,0.0030759476700839197,0.9790974128937808,0.9343896799479189,0.9590011181513232,0.9998443126678467,0.0020662893851598105,0.007307529449462891,0.0030306875705718994,0.002295901377995809,0.0016198456287384033,1.0,,,,,,,,713,pcb4,1,-1.0160168409347534,-1.0148792167504628,0.33615954799418934,0.3048257544707154,-0.03133379352347393,,,
jpeg,,7.434881357152696e-09,7.643569629743823e-08,0.943114714629993,0.92526785815266,0.8128960119269475,0.999721884727478,0.0013564764522016048,0.008887290954589844,0.0020749171574910483,0.001507192850112915,0.001036698619524638,1.0,,,,,,,,715,pcb4,1,-1.0136365095774333,-1.0146732081969578,0.4391524631030659,0.5017129166192215,0.06256045351615558,,,
jpeg,,0.00038736957310365626,0.006321694831710796,0.9940722761085249,0.9218858089042472,0.96943719716735,0.9997147917747498,0.0028294376097619534,0.010525385538736979,0.004206568002700806,0.0031438221534093222,0.002672602732976278,1.0,,,,,,,,716,pcb4,1,-1.0153233508268993,-1.0173060496648152,0.9639961024580619,0.9532583660630916,-0.010737736394970332,,,
resize_cycle,,6.104194915941389e-10,1.7325009653054456e-09,0.9573547349408642,0.9373230983673567,0.7566157286619456,0.9999067783355713,0.0018601447033385436,0.007100582122802734,0.0027275035778681436,0.0020668357610702515,0.0012661665678024292,1.0,,,,,,,,711,pcb4,0,-1.0126013904809952,-1.0115025242169697,,,,,,
resize_cycle,,1.2961214928129188e-09,5.441968739541129e-09,0.842118033766789,0.9255412347591265,0.5363399180022363,0.9998365640640259,0.0024470098627110324,0.009296814600626627,0.003622343142827352,0.0027189080913861594,0.0024222135543823242,1.0,,,,,,,,714,pcb4,0,-1.011890009045601,-1.0139696151018143,,,,,,
resize_cycle,,5.715171326218009e-10,2.033139134596732e-09,0.8720778345899645,0.9580992994697041,0.4163250093179277,0.9998936653137207,0.001505823340266943,0.006136616071065267,0.0021915038426717124,0.0016731272141138713,0.0014575024445851643,1.0,,,,,,,,724,pcb4,0,-1.0115156571070354,-1.0102694928646088,,,,,,
resize_cycle,,1.5045354586834007e-09,1.3041934544928008e-08,0.9692270882320907,0.9582368933439439,0.6951174058889303,0.9999052882194519,0.001516088688125213,0.004947106043497722,0.002233510216077169,0.0016845613718032837,0.00034304459889729816,1.0,,,,,,,,730,pcb4,0,-1.0133705536524455,-1.0135034720102947,,,,,,
resize_cycle,,0.0007502917618584589,0.011279818383687678,0.8714522483832032,0.9479106136498723,0.8766306373462542,0.999889075756073,0.004033383447676897,0.013081868489583334,0.006043846408526103,0.004481549064318339,0.0006030797958374023,1.0,,,,,,,,712,pcb4,1,-1.0163602083921432,-1.0160831262667973,0.2627552287031735,0.2303038836034597,-0.03245134509971381,,,
resize_cycle,,0.00011729477999134386,0.002634943659242111,0.9887652560584224,0.9619708442961845,0.9746552366753634,0.9998961687088013,0.0018154154531657696,0.0048249562581380205,0.0026717434326807656,0.0020170981685320535,0.000465462605158488,1.0,,,,,,,,713,pcb4,1,-1.0160168409347534,-1.0164572695891063,0.33615954799418934,0.3092831295502491,-0.02687641844394023,,,
resize_cycle,,9.109937522129652e-09,1.0093800694753651e-07,0.8531585799342819,0.9555454295632736,0.8434588147595975,0.9998749494552612,0.0024614757858216763,0.00806283950805664,0.0036191443602244058,0.0027349963784217834,0.0009870280822118123,1.0,,,,,,,,715,pcb4,1,-1.0136365095774333,-1.0130057086547215,0.4391524631030659,0.46620940628830737,0.02705694318524149,,,
resize_cycle,,0.0006631091627858616,0.010178441471195449,0.9870565281755191,0.9597555409728206,0.9541557957510249,0.9998742938041687,0.002216616024573644,0.006611824035644531,0.0032444695631663003,0.0024629284938176474,0.0010098715623219807,1.0,,,,,,,,716,pcb4,1,-1.0153233508268993,-1.016163945198059,0.9639961024580619,0.955754359948671,-0.008241742509390915,,,
brightness,,1.2250877440318003e-10,4.360535803957405e-10,0.9964092633335618,0.9927506925300466,0.9437197167349981,0.9999970197677612,0.00013612102096279463,0.0008425116539001465,0.00021240611871083578,0.00014947354793548584,3.061691919962565e-05,1.0,,,,,,,,912,macaroni2,0,-1.005613386631012,-1.0056148767471313,,,,,,
brightness,,7.588538531606664e-11,1.6579169894901443e-10,0.990664372431076,0.9921780908977683,0.8803578084234066,0.9999823570251465,0.0006048795767128468,0.0039902130762736005,0.0009029805660247803,0.0006720796227455139,1.5924374262491863e-05,1.0,,,,,,,,916,macaroni2,0,-1.0041710337003071,-1.0041593213876088,,,,,,
brightness,,1.840459983150496e-10,1.048801230492035e-09,0.9978591778670244,0.9907205568845309,0.9567648155050317,0.9999823570251465,0.00031305508067210514,0.0014883776505788167,0.000460892915725708,0.000347753365834554,0.0001264810562133789,1.0,,,,,,,,920,macaroni2,0,-1.0066187878449757,-1.0067120492458344,,,,,,
brightness,,1.784163963144001e-10,6.095032026995376e-10,0.997293874494318,0.9947307100853587,0.9511740588893031,0.9999911785125732,0.000455993227660656,0.0020139614741007486,0.0006673286358515421,0.000506634513537089,0.0004261136054992676,1.0,,,,,,,,921,macaroni2,0,-1.0077978074550629,-1.0081955095132191,,,,,,
brightness,,2.0776319526435891e-10,1.1138841288240092e-09,0.9994528967622309,0.9922902766600665,0.9660827431979128,0.9999896883964539,8.98979293803374e-05,0.00029153625170389813,0.00013700127601623535,9.979804356892903e-05,0.00013023614883422852,1.0,,,,,,,,913,macaroni2,1,-1.0073269804318745,-1.0071967442830403,0.4701350889239413,0.4705345129149778,0.00039942399103648496,,,
brightness,,1.464225579524436e-07,3.67906552067093e-06,0.9992225542110924,0.9882780762073722,0.9813641446142378,0.9999882578849792,0.0004217838868498802,0.0018290281295776367,0.0006213188171386719,0.0004686415195465088,0.0005662143230438232,1.0,,,,,,,,914,macaroni2,1,-1.0062056283156078,-1.0067278742790222,0.16267139313854062,0.16218027442949587,-0.0004911187090447522,,,
brightness,,1.3468397055521682e-09,2.4324689205330413e-08,0.9997741611281064,0.9893433599539525,0.9854640327991054,0.9999954104423523,0.00012981581191221872,0.0003340095281600952,0.00018266836802164713,0.0001440495252609253,0.00025398532549540204,1.0,,,,,,,,915,macaroni2,1,-1.0102609992027283,-1.0100070138772328,0.5699810045096221,0.5475815586110249,-0.022399445898597214,,,
brightness,,3.056315368427994e-09,5.583176443999618e-08,0.9901417906440421,0.9937899721212637,0.9716734998136415,0.9999938011169434,0.0004433554907639821,0.0011121829350789387,0.0006521691878636678,0.0004926249384880066,0.00012993812561035156,1.0,,,,,,,,917,macaroni2,1,-1.0074195464452107,-1.0075167417526245,0.5065343782136597,0.5310677330208996,0.02453335480723995,,,
contrast,,1.9480602927056145e-10,9.135103285265085e-10,0.9844926380349993,0.9895123184692547,0.836749906820723,0.9999811053276062,0.00023242024083932242,0.002724329630533854,0.00032577912012736004,0.00025825202465057373,0.0005269944667816162,1.0,,,,,,,,912,macaroni2,0,-1.005613386631012,-1.0061376790205638,,,,,,
contrast,,8.251527697632578e-11,1.761578328280063e-10,0.9914830491651552,0.9907537236051269,0.8811032426388371,0.9999933242797852,0.0003682624859114488,0.0017358859380086262,0.0005478560924530029,0.00040919333696365356,0.0003943145275115967,1.0,,,,,,,,916,macaroni2,0,-1.0041710337003071,-1.0045653482278187,,,,,,
contrast,,2.120751958999144e-10,1.3614888034703631e-09,0.9989696344075755,0.9897656310159573,0.9545285128587402,0.9999963641166687,0.00016049761325120926,0.0003051360448201497,0.0002180933952331543,0.00017833213011423746,0.00020857652028401694,1.0,,,,,,,,920,macaroni2,0,-1.0066187878449757,-1.0068273643652599,,,,,,
contrast,,1.9539460147255732e-10,6.462240868542662e-10,0.9969289975812352,0.9901186908475222,0.9690644800596347,0.9999864101409912,0.0001940323660771052,0.000422130028406779,0.0002888937791188558,0.0002155303955078125,0.0001376370588938395,1.0,,,,,,,,921,macaroni2,0,-1.0077978074550629,-1.0079342524210613,,,,,,
contrast,,1.7204998437582561e-10,1.057111064291584e-09,0.9998268358080508,0.9904627498532395,0.9828550130450988,0.9999970197677612,0.00014003428320089975,0.001256108283996582,0.0002146462599436442,0.00015560289223988852,5.368391672770182e-05,1.0,,,,,,,,913,macaroni2,1,-1.0073269804318745,-1.0072991251945496,0.4701350889239413,0.4710414793502159,0.0009063904262746059,,,
contrast,,2.5302401999013987e-08,4.644966669899317e-07,0.9995478874406492,0.9886773710518494,0.9839731643682446,0.999994695186615,0.0001770469049612681,0.0004967053731282552,0.00024964412053426105,0.00019669532775878906,0.000340809424718221,1.0,,,,,,,,914,macaroni2,1,-1.0062056283156078,-1.0065224369366963,0.16267139313854062,0.16579348849444378,0.0031220953559031595,,,
contrast,,4.937636689023361e-10,5.709558413340753e-09,0.9999858945913848,0.994228469583976,0.9918002236302647,0.9999978542327881,0.0003646574914455414,0.0006070931752522787,0.000524898370107015,0.0004051774740219116,6.153186162312825e-05,1.0,,,,,,,,915,macaroni2,1,-1.0102609992027283,-1.010218898455302,0.5699810045096221,0.5690955975148984,-0.0008854069947237253,,,
contrast,,1.916604966095109e-09,3.2432719020079144e-08,0.9977627641948109,0.9931753627479322,0.9854640327991054,0.999994158744812,0.0005495032916466395,0.0020833412806193032,0.0007944206396738688,0.0006105502446492513,6.0657660166422524e-05,1.0,,,,,,,,917,macaroni2,1,-1.0074195464452107,-1.0074671705563862,0.5065343782136597,0.5261561617131327,0.019621783499473078,,,
gamma,,1.7170366172230031e-10,6.045247344210722e-10,0.9910433510502511,0.9830007667305664,0.8788669399925456,0.9999979734420776,0.00014631962403655052,0.0008018265167872111,0.00021844605604807535,0.00016222397486368814,2.432862917582194e-05,1.0,,,,,,,,912,macaroni2,0,-1.005613386631012,-1.0056253969669342,,,,,,
gamma,,8.028968443487777e-11,1.2813842830546602e-10,0.9956818552049356,0.9807920228444272,0.9768915393216548,0.9999915957450867,0.0004947072205444177,0.0036954482396443686,0.0007337828477223715,0.0005496715505917867,4.007418950398763e-05,1.0,,,,,,,,916,macaroni2,0,-1.0041710337003071,-1.0041480859120686,,,,,,
gamma,,2.6137653594938476e-10,1.5378181079933436e-09,0.9970287624717211,0.9831498278056747,0.9455833022735743,0.9999741315841675,0.0002489307274421056,0.001968085765838623,0.00036147236824035645,0.0002766052881876628,0.0009149610996246338,1.0,,,,,,,,920,macaroni2,0,-1.0066187878449757,-1.0075337489446003,,,,,,
gamma,,1.6127491563059026e-10,6.609348367239385e-10,0.9976431163152972,0.9889966414857879,0.9385016772269847,0.9999971389770508,0.00030355869481960934,0.0013985037803649902,0.00043563048044840497,0.0003372977177302043,4.6978394190470375e-05,1.0,,,,,,,,921,macaroni2,0,-1.0077978074550629,-1.0077680150667827,,,,,,
gamma,,1.5851177064413193e-10,6.259486164812754e-10,0.9998083572571603,0.9775050902977809,0.9787551248602311,0.9999936819076538,0.0004738167238732179,0.0027799606323242188,0.0006945232550303141,0.0005261351664861044,0.0001421670118967692,1.0,,,,,,,,913,macaroni2,1,-1.0073269804318745,-1.0071867803732555,0.4701350889239413,0.4705418224628067,0.0004067335388653892,,,
gamma,,1.5152997422446272e-07,3.716721563896989e-06,0.999981844686266,0.9849590869741505,0.9988818486768543,0.9999966025352478,0.0002530089889963468,0.004002094268798828,0.0003655751546223958,0.00028111040592193604,0.0003071328004201253,1.0,,,,,,,,914,macaroni2,1,-1.0062056283156078,-1.0059045553207397,0.16267139313854062,0.16288814052634412,0.0002167473878035009,,,
gamma,,4.651178118764334e-10,5.686524708278632e-09,0.999979557325741,0.9855011439325443,0.9836004472605293,0.9999964237213135,0.0003784480504691601,0.0006477534770965576,0.000545799732208252,0.0004204114278157552,5.062421162923177e-05,1.0,,,,,,,,915,macaroni2,1,-1.0102609992027283,-1.0102307200431824,0.5699810045096221,0.5757096240996658,0.005728619590043671,,,
gamma,,8.481887344505442e-10,1.1904507156256467e-08,0.99961420845642,0.9835797677407807,0.9921729407379799,0.9999961853027344,0.0002013547345995903,0.0012086282173792522,0.0003026525179545085,0.00022369623184204102,0.00021133820215861002,1.0,,,,,,,,917,macaroni2,1,-1.0074195464452107,-1.007616897424062,0.5065343782136597,0.5062570823302751,-0.0002772958833845429,,,
saturation,,9.503435066103077e-11,2.6556572656748066e-10,0.9986995855063803,0.9929175308412155,0.9556466641818859,0.9999958276748657,0.00031947623938322067,0.0011019706726074219,0.00046999255816141766,0.000354995330174764,9.233752886454265e-05,1.0,,,,,,,,912,macaroni2,0,-1.005613386631012,-1.0055253406365712,,,,,,
saturation,,7.820980654281224e-11,1.6190438227614992e-10,0.9961629872885278,0.9915139473121304,0.9370108087961238,0.9999855756759644,0.0006177038885653019,0.003051320711771647,0.0009126961231231689,0.0006863102316856384,6.959835688273112e-05,1.0,,,,,,,,916,macaroni2,0,-1.0041710337003071,-1.0041014353434246,,,,,,
saturation,,3.079102606273356e-10,2.4627962780858315e-09,0.9987677337578009,0.9908237128360816,0.9616101379053299,0.9999896883964539,0.00031583042194445926,0.0009662707646687826,0.00046631693840026855,0.0003508975108464559,0.0005841553211212158,1.0,,,,,,,,920,macaroni2,0,-1.0066187878449757,-1.0071714917818706,,,,,,
saturation,,2.1960341295589822e-10,1.1623628797134195e-09,0.9909997802014825,0.9932328834798149,0.8445769660827432,0.9999903440475464,0.00046067343403895694,0.001910458008448283,0.0006713370482126871,0.0005117605129877726,0.0004596312840779622,1.0,,,,,,,,921,macaroni2,0,-1.0077978074550629,-1.008230020602544,,,,,,
saturation,,1.725370660748543e-10,7.048256413723804e-10,0.9997844806099092,0.991327990573795,0.9854640327991054,0.9999944567680359,0.0003288104198873043,0.0006883243719736735,0.0004712839921315511,0.00036523739496866864,0.00014613072077433267,1.0,,,,,,,,913,macaroni2,1,-1.0073269804318745,-1.0071808497111003,0.4701350889239413,0.4711472665896417,0.0010121776657003867,,,
saturation,,5.354734270918261e-08,1.1876211476222946e-06,0.999977751268667,0.9876197844335561,0.9899366380916884,0.9999922513961792,0.0005520743628342947,0.0020546913146972656,0.0008033812046051025,0.0006134212017059326,0.0003278056780497233,1.0,,,,,,,,914,macaroni2,1,-1.0062056283156078,-1.0065015256404877,0.16267139313854062,0.16329803153595168,0.0006266383974110612,,,
saturation,,5.343458613572939e-10,4.3972579346578295e-09,0.999923279646534,0.9913399523345366,0.9862094670145359,0.9999945163726807,0.0004935634012023608,0.0018358627955118816,0.0007068514823913574,0.0005484074354171753,0.00028813878695170086,1.0,,,,,,,,915,macaroni2,1,-1.0102609992027283,-1.0099728604157765,0.5699810045096221,0.5756937100268732,0.005712705517251115,,,
saturation,,6.312473805745819e-10,8.893022915743689e-09,0.9998172184932881,0.9892298921155321,0.9918002236302647,0.999995231628418,0.0004966969912250837,0.001103818416595459,0.0007278223832448324,0.0005519092082977295,6.688634554545085e-05,1.0,,,,,,,,917,macaroni2,1,-1.0074195464452107,-1.0074506501356761,0.5065343782136597,0.5077857835789363,0.001251405365276681,,,
gaussian_blur,,1.279799013124957e-09,4.372892914852334e-09,0.796808772596876,0.8014072481877007,0.5620573984345881,0.9998539686203003,0.0024606261091927686,0.00847005844116211,0.003605226675669352,0.0027339905500411987,0.0023320913314819336,1.0,,,,,,,,912,macaroni2,0,-1.005613386631012,-1.007945477962494,,,,,,
gaussian_blur,,6.335529310833337e-10,3.0513442515459162e-09,0.6669183561374192,0.8301330695313157,0.4882594111069698,0.99983811378479,0.0020837259168426194,0.008991241455078125,0.0030878384908040366,0.002315265436967214,0.00019003947575887045,1.0,,,,,,,,916,macaroni2,0,-1.0041710337003071,-1.0043610731760662,,,,,,
gaussian_blur,,2.304737965243518e-09,1.0690671873720731e-08,0.7512286299908147,0.8148229983186831,0.4975773387998509,0.9996821284294128,0.0032184808515012264,0.01113430658976237,0.004684810837109883,0.0035760775208473206,0.0004279017448425293,1.0,,,,,,,,920,macaroni2,0,-1.0066187878449757,-1.0070301194985707,,,,,,
gaussian_blur,,2.001109580340263e-09,1.0307738526063124e-08,0.6623802798306538,0.8731353537579886,0.4714871412597838,0.9998620748519897,0.001963819998006026,0.007035573323567708,0.0028854658206303916,0.0021820018688837686,0.0009318292140960693,1.0,,,,,,,,921,macaroni2,0,-1.0077978074550629,-1.008729636669159,,,,,,
gaussian_blur,,1.497619991950031e-09,7.468129968728843e-09,0.9871795209480303,0.8409588731931938,0.7431979127841968,0.9997934103012085,0.003109018628795942,0.011311531066894531,0.004581128557523091,0.003454481561978658,0.0013217628002166748,1.0,,,,,,,,913,macaroni2,1,-1.0073269804318745,-1.008648584286372,0.4701350889239413,0.4622469215844439,-0.007888167339497376,,,
gaussian_blur,,4.769585648156419e-07,1.1719390165961211e-05,0.9798597436914496,0.7878864047551171,0.9739098024599329,0.999803900718689,0.0019763060845434666,0.011016945044199625,0.0029055078824361167,0.0021958649158477783,0.0009222726027170817,1.0,,,,,,,,914,macaroni2,1,-1.0062056283156078,-1.00533793369929,0.16267139313854062,0.14363314875934244,-0.019038244379198183,,,
gaussian_blur,,6.47196185724536e-09,7.813595288867367e-08,0.9962725888247074,0.8617282262753987,0.7398434588147595,0.9997963905334473,0.002934112989654144,0.013401667277018229,0.0042729973793029785,0.003260153035322825,0.0013186633586883545,1.0,,,,,,,,915,macaroni2,1,-1.0102609992027283,-1.0114744404951732,0.5699810045096221,0.5364776868997806,-0.03350331760984149,,,
gaussian_blur,,8.300806535135751e-09,1.0816693341317353e-07,0.2705720708546575,0.8447234162353525,0.20462169213566903,0.9998687505722046,0.002429323891798655,0.008132537206013998,0.003617331385612488,0.0026992385586102805,0.0008522868156433105,1.0,,,,,,,,917,macaroni2,1,-1.0074195464452107,-1.008271833260854,0.5065343782136597,0.031905900428669934,-0.47462847778498973,,,
gaussian_noise,,1.4868097639803041e-09,8.329050766789439e-09,0.7751678362165528,0.790765317609964,0.5322400298173686,0.9998002052307129,0.0023861277538041272,0.006353616714477539,0.003442088762919108,0.0026512344678243003,0.0014785627524058025,1.0,,,,,,,,912,macaroni2,0,-1.005613386631012,-1.006918837626775,,,,,,
gaussian_noise,,3.9895229676025776e-10,7.342415180340865e-10,0.8022024860111077,0.759563457534106,0.38799850913156914,0.9996894598007202,0.0014694910496473312,0.010722527901331583,0.0021362006664276123,0.001632663110891978,0.001110355059305827,1.0,,,,,,,,916,macaroni2,0,-1.0041710337003071,-1.0031000177065532,,,,,,
gaussian_noise,,2.2802515944407014e-09,1.81403335314546e-08,0.45551724382646025,0.7343036508920756,0.41595229221021246,0.9998308420181274,0.0014739700903495152,0.00504233439763387,0.0021781871716181436,0.0016377543409665425,0.0011120140552520752,1.0,,,,,,,,920,macaroni2,0,-1.0066187878449757,-1.0075599551200867,,,,,,
gaussian_noise,,1.1125824149692578e-09,5.342552433272851e-09,0.876803641446037,0.728594565934443,0.7081625046589638,0.9996140003204346,0.0006214745032290617,0.006619811058044434,0.0009189595778783163,0.0006905049085617065,0.0006527602672576904,1.0,,,,,,,,921,macaroni2,0,-1.0077978074550629,-1.0071593523025513,,,,,,
gaussian_noise,,7.542376605042344e-10,3.2595424562375312e-09,0.9956551745028991,0.8317625608729092,0.8781215057771151,0.9998688697814941,0.0004160609096288681,0.005300561587015788,0.0006072521209716797,0.00046229859193166095,0.0012399057547251384,1.0,,,,,,,,913,macaroni2,1,-1.0073269804318745,-1.0083452959855397,0.4701350889239413,0.47570622363815435,0.005571134714213055,,,
gaussian_noise,,5.679597228336403e-07,1.3733777837107128e-05,0.9751282840101063,0.6882493565693744,0.9467014535967201,0.999820351600647,0.0011388128623366356,0.006164650122324626,0.0016636351744333904,0.0012653569380442302,0.0014307796955108643,1.0,,,,,,,,914,macaroni2,1,-1.0062056283156078,-1.0048330227533977,0.16267139313854062,0.14596185787145854,-0.016709535267082076,,,
gaussian_noise,,3.961812582671706e-09,4.4228872872431724e-08,0.998981264318728,0.8216763669121601,0.7715244129705553,0.9997734427452087,0.0016373929878075917,0.0074111223220825195,0.0023451844851175943,0.0018193175395329793,0.0013888577620188396,1.0,,,,,,,,915,macaroni2,1,-1.0102609992027283,-1.0088885128498077,0.5699810045096221,0.5768119907975188,0.00683098628789669,,,
gaussian_noise,,7.88013915305708e-09,1.1026663497867692e-07,0.12977467212574248,0.7008127732008244,0.0,0.9996742010116577,0.0005141288662950197,0.008807023366292318,0.0008649925390879313,0.000571263333161672,0.0016732215881347656,1.0,,,,,,,,917,macaroni2,1,-1.0074195464452107,-1.0057473580042522,0.5065343782136597,0.01438231885495786,-0.49215205935870177,,,
jpeg,,8.52379090816994e-10,3.41397672271113e-09,0.9427656177511533,0.8730616148396855,0.745061498322773,0.9999251365661621,0.0010644520322481792,0.0027771989504496255,0.0015367368857065837,0.0011827349662780762,0.0011449456214904785,1.0,,,,,,,,912,macaroni2,0,-1.005613386631012,-1.006650686264038,,,,,,
jpeg,,5.4013332869419e-10,1.7508855849241804e-09,0.8112118015949867,0.8222721840800434,0.6634364517331346,0.9998485445976257,0.0017563415070374806,0.005704621473948161,0.002545038859049479,0.0019511803984642029,0.0001844465732574463,1.0,,,,,,,,916,macaroni2,0,-1.0041710337003071,-1.0042788883050282,,,,,,
jpeg,,2.105297415436204e-09,1.217664563602079e-08,0.9328921383573587,0.7837736798285039,0.670145359672009,0.9992712736129761,0.0030033371100823083,0.01373600959777832,0.004363313317298889,0.0033370653788248696,0.004808564980824788,1.0,,,,,,,,920,macaroni2,0,-1.0066187878449757,-1.0113116006056468,,,,,,
jpeg,,9.387449654464479e-10,5.7868578802579584e-09,0.7728668179821169,0.843457071611311,0.6772269847185985,0.9999393224716187,0.0015149613221486409,0.004102865854899089,0.002216671903928121,0.0016833295424779255,0.0005834599335988363,1.0,,,,,,,,921,macaroni2,0,-1.0077978074550629,-1.0072760979334514,,,,,,
jpeg,,1.0504654749797188e-09,7.270327337220036e-09,0.9950003338124203,0.8863755530642005,0.8684308609765188,0.9998583793640137,0.0016005984507501125,0.00821232795715332,0.0023449560006459555,0.0017784535884857178,0.001997689406077067,1.0,,,,,,,,913,macaroni2,1,-1.0073269804318745,-1.0091840426127117,0.4701350889239413,0.47327288341418383,0.0031377944902425403,,,
jpeg,,2.3683830646791785e-07,6.397480926590636e-06,0.995880964835649,0.8112890020396674,0.967946328736489,0.999952495098114,0.0005104847562809786,0.0038870970408121743,0.0007915546496709188,0.0005672151843706766,0.0003026425838470459,1.0,,,,,,,,914,macaroni2,1,-1.0062056283156078,-1.0059492389361064,0.16267139313854062,0.15830145701812964,-0.004369936120410978,,,
jpeg,,7.791325778608894e-09,1.3907400201570013e-07,0.9947882439417725,0.8443587939562451,0.743570629891912,0.9998647570610046,0.0005853483453392982,0.0043964385986328125,0.0008705010016759237,0.0006503711144129435,0.001591781775156657,1.0,,,,,,,,915,macaroni2,1,-1.0102609992027283,-1.0117803414662678,0.5699810045096221,0.4595724310536067,-0.1104085734560154,,,
jpeg,,4.067523871907511e-09,5.553207436532877e-08,0.9220515567422927,0.7822262320517201,0.9127841967946329,0.9999317526817322,0.0007833119792242845,0.0048962632815043134,0.001191029946009318,0.0008703172206878662,0.0008024970690409342,1.0,,,,,,,,917,macaroni2,1,-1.0074195464452107,-1.006647249062856,0.5065343782136597,0.3963666826985175,-0.11016769551514216,,,
resize_cycle,,8.101209047754403e-10,3.619573868848093e-09,0.9547975119954839,0.9032020045520818,0.8196049198658218,0.9999553561210632,0.0010454263538122177,0.0045363108317057295,0.001524964968363444,0.001161530613899231,0.0012943744659423828,1.0,,,,,,,,912,macaroni2,0,-1.005613386631012,-1.0069077610969543,,,,,,
resize_cycle,,2.4560010654587965e-10,5.079754030427598e-10,0.9340918995090862,0.9158118330858048,0.6932538203503541,0.999931812286377,0.001111063485344251,0.005029201507568359,0.0016560405492782593,0.0012345388531684875,0.00018389026323954263,1.0,,,,,,,,916,macaroni2,0,-1.0041710337003071,-1.0040627817312877,,,,,,
resize_cycle,,1.1003740468725797e-09,6.174232328000944e-09,0.9038863877309724,0.8993321937033405,0.680954155795751,0.9998842477798462,0.001047126327951749,0.006306568781534831,0.001537516713142395,0.0011634727319081624,0.0009777446587880452,1.0,,,,,,,,920,macaroni2,0,-1.0066187878449757,-1.0056809186935425,,,,,,
resize_cycle,,8.206259076894138e-10,3.3519062793044803e-09,0.9209408511244292,0.9340203868499988,0.7853149459560194,0.9999303817749023,0.0014639090125759442,0.0037384033203125,0.002155706286430359,0.001626536250114441,0.001009205977121989,1.0,,,,,,,,921,macaroni2,0,-1.0077978074550629,-1.0087957282861073,,,,,,
resize_cycle,,6.774208431771967e-10,3.82553499292511e-09,0.9968471664994502,0.9143736330313796,0.888557584793142,0.9999663233757019,0.0012184955800573032,0.0036384264628092446,0.0018196552991867065,0.0013539046049118042,0.000651925802230835,1.0,,,,,,,,913,macaroni2,1,-1.0073269804318745,-1.0079789062341054,0.4701350889239413,0.46294113746214016,-0.007193951461801129,,,
resize_cycle,,5.755494691919182e-07,1.455761616567897e-05,0.9913610954974383,0.8894346860198917,0.9660827431979128,0.9999668598175049,0.000851869893570741,0.004101196924845378,0.001237948735555013,0.0009464795390764872,0.00018540024757385254,1.0,,,,,,,,914,macaroni2,1,-1.0062056283156078,-1.0063910285631816,0.16267139313854062,0.16829076505801593,0.005619371919475313,,,
resize_cycle,,2.456280409569238e-09,2.3737682337909496e-08,0.9995387766233574,0.9315726006251537,0.9276928811032427,0.9998879432678223,0.0021719674890240035,0.0075117746988932295,0.0031719009081522622,0.0024133274952570596,0.0008254349231719971,1.0,,,,,,,,915,macaroni2,1,-1.0102609992027283,-1.0110149085521698,0.5699810045096221,0.571088767302522,0.0011077627928999245,,,
resize_cycle,,4.01889884254067e-09,6.226966660410338e-08,0.9798671174921337,0.934809896348075,0.9608647036898994,0.9999181032180786,0.0015828873341282208,0.006626049677530925,0.002290050188700358,0.0017587269345919292,0.0001497666041056315,1.0,,,,,,,,917,macaroni2,1,-1.0074195464452107,-1.0073405901590984,0.5065343782136597,0.521555284454148,0.015020906240488352,,,
brightness,,4.003696036635728e-10,2.6324412231245905e-09,0.9947191887708665,0.9929399797402401,0.9418561311964219,0.9999868273735046,0.0005118399858474731,0.0020716587702433267,0.0007803340752919515,0.0005687053004900614,0.0008814136187235514,1.0,,,,,,,,1115,pcb2,0,-0.9769492348035177,-0.9776453177134196,,,,,,
brightness,,1.2958259705562627e-10,2.9074226422783055e-10,0.9836808978310959,0.9900690377329214,0.7513976891539321,0.9999903440475464,0.0003328995468715827,0.0008781949679056803,0.0005193849404652914,0.0003698890407880147,0.00048743685086568195,1.0,,,,,,,,1117,pcb2,0,-0.9802063703536987,-0.9798522889614105,,,,,,
brightness,,7.181995991978053e-11,1.3880770953728185e-10,0.9921028878519189,0.9914859314381385,0.810659709280656,0.9999933242797852,0.00020715578769644102,0.00041371583938598633,0.0003159145514170329,0.00022849937280019125,0.00043205420176188153,1.0,,,,,,,,1119,pcb2,0,-0.9766130149364471,-0.976981649796168,,,,,,
brightness,,7.617998964778701e-10,6.6757109225351314e-09,0.9944490229831029,0.9927544238221827,0.9440924338427134,0.999984622001648,0.0004322899815936883,0.001973231633504232,0.0006452600161234537,0.00048032402992248535,0.0007415115833282471,1.0,,,,,,,,1120,pcb2,0,-0.9809484581152598,-0.9802187085151672,,,,,,
brightness,,5.884506934214682e-08,1.7347755384877509e-06,0.9967786194125144,0.990779277548232,0.9683190458442043,0.999992847442627,0.0003887666389346123,0.0016782283782958984,0.0005878806114196777,0.00043193747599919635,8.760889371236165e-05,1.0,,,,,,,,1112,pcb2,1,-0.9809813400109609,-0.9808937311172485,0.770204367997398,0.7734270928419877,0.0032227248445897416,,,
brightness,,5.137926391707011e-10,3.1070775865942164e-09,0.9941363315213887,0.9916403780712616,0.9112933283637719,0.9999858736991882,0.0005625455329815546,0.003366529941558838,0.0008539259433746338,0.0006247386336326599,0.0004584292570749919,1.0,,,,,,,,1113,pcb2,1,-0.9818153977394104,-0.9820428987344106,0.007643583500173152,0.00619032850060434,-0.0014532549995688116,,,
brightness,,5.090074444533421e-06,0.00010713790459157409,0.9953381464892803,0.991396475080014,0.9906820723071189,0.9999803304672241,0.00038592734684546787,0.0027121504147847495,0.0005695223808288574,0.0004288305838902791,0.0009781022866566975,1.0,,,,,,,,1114,pcb2,1,-0.9770014484723409,-0.9760233461856842,0.3223584595303984,0.3183428956983912,-0.004015563832007185,,,
brightness,,0.00034500241150437063,0.006774584733658527,0.9866557682894955,0.9916412163358356,0.9750279537830786,0.9999892711639404,0.0005761759045223395,0.0018072128295898438,0.0008709331353505453,0.0006402085224787394,0.0005087951819101969,1.0,,,,,,,,1116,pcb2,1,-0.9811854263146719,-0.9814468026161194,0.5956332387568245,0.5966002791784206,0.0009670404215961215,,,
contrast,,5.312261243190097e-10,3.5271650603515566e-09,0.9953396779586355,0.9871145102124317,0.9731643682445025,0.9999617338180542,0.0008138936633865038,0.0036616921424865723,0.0012232959270477295,0.0009043092528978983,0.0013811588287353516,1.0,,,,,,,,1115,pcb2,0,-0.9769492348035177,-0.9782633185386658,,,,,,
contrast,,1.5564792252909248e-10,4.039796254791173e-10,0.9746407430180346,0.9795143498165484,0.6347372344390607,0.9999818801879883,0.0005060864302019278,0.0021393795808156333,0.0007710158824920654,0.0005622605482737223,0.00036702553431193036,1.0,,,,,,,,1117,pcb2,0,-0.9802063703536987,-0.979959507783254,,,,,,
contrast,,7.451370888690271e-11,1.203547060894583e-10,0.9940147693516229,0.9811996923877618,0.8251956764815505,0.999985933303833,0.00015886810918649039,0.000339051087697347,0.00024138887723286948,0.00017650922139485678,0.00042714675267537433,1.0,,,,,,,,1119,pcb2,0,-0.9766130149364471,-0.976348469654719,,,,,,
contrast,,6.124324694180688e-10,4.65736448774873e-09,0.9969243658029506,0.9858839383002936,0.9396198285501305,0.999982476234436,0.000641722542544206,0.0014035602410634358,0.0009450117746988932,0.0007129361232121786,0.0006080269813537598,1.0,,,,,,,,1120,pcb2,0,-0.9809484581152598,-0.9805627961953481,,,,,,
contrast,,7.074978292450565e-08,2.0092001426677593e-06,0.9972669208062439,0.9817341939133712,0.9567648155050317,0.9999333620071411,0.0011048195883631706,0.005262136459350586,0.0016568203767140706,0.001227542757987976,0.0016659200191497803,1.0,,,,,,,,1112,pcb2,1,-0.9809813400109609,-0.9794236620267233,0.770204367997398,0.7636916367279348,-0.006512731269463168,,,
contrast,,4.187454212563562e-10,2.263999282189843e-09,0.9934905757589879,0.9859532417585611,0.9131569139023481,0.9999521970748901,0.0006467214164634546,0.0026308298110961914,0.000973924994468689,0.0007185662786165873,0.0015713870525360107,1.0,,,,,,,,1113,pcb2,1,-0.9818153977394104,-0.9805049995581309,0.007643583500173152,0.009317387344922927,0.001673803844749775,,,
contrast,,2.55140489736934e-06,5.7506914474069035e-05,0.9975413777440135,0.9821566913995554,0.9925456578456952,0.999984622001648,0.00043703972672422725,0.0009833574295043945,0.0006592770417531332,0.0004855990409851074,0.0006000101566314697,1.0,,,,,,,,1114,pcb2,1,-0.9770014484723409,-0.9765432973702749,0.3223584595303984,0.31908959526841735,-0.0032688642619810304,,,
contrast,,0.00016851195107340583,0.003244368605881591,0.9970848317109515,0.9884848118357267,0.9884457696608274,0.9999769926071167,0.0007158702549835046,0.003770112991333008,0.001072982947031657,0.0007954140504201254,0.00039770205815633136,1.0,,,,,,,,1116,pcb2,1,-0.9811854263146719,-0.981490025917689,0.5956332387568245,0.5975938472807397,0.0019606085239152193,,,
gamma,,2.1240373171837514e-10,1.2914118915567255e-09,0.995736165246636,0.9951929986796242,0.9414834140887067,0.9999774694442749,0.0003610944064954917,0.003969987233479817,0.0005417168140411377,0.00040122618277867633,0.0011061827341715496,1.0,,,,,,,,1115,pcb2,0,-0.9769492348035177,-0.976115882396698,,,,,,
gamma,,9.27018767465897e-11,2.7174201210269807e-10,0.9864066109875919,0.9933310524051047,0.7260529258292956,0.9999866485595703,0.0002599768340587616,0.0006679296493530273,0.00040738781293233234,0.0002888416250546773,0.0006372531255086263,1.0,,,,,,,,1117,pcb2,0,-0.9802063703536987,-0.979708751042684,,,,,,
gamma,,5.818566317845174e-11,9.377903374505812e-11,0.996651230505065,0.9935702517945533,0.8714125978382408,0.9999882578849792,0.00019594142213463783,0.0014815330505371094,0.0003049770991007487,0.00021771093209584555,0.0007338027159372965,1.0,,,,,,,,1119,pcb2,0,-0.9766130149364471,-0.9760768612225851,,,,,,
gamma,,3.652807919274981e-10,3.3198675607683858e-09,0.9981083779300194,0.9962628685196231,0.9616101379053299,0.9999880194664001,0.00022714678198099136,0.0013697147369384766,0.0003230472405751546,0.0002524058024088542,0.0004821916421254476,1.0,,,,,,,,1120,pcb2,0,-0.9809484581152598,-0.9806724190711975,,,,,,
gamma,,1.0584626567150261e-08,2.7808151848517747e-07,0.9997349346068222,0.9934382806664952,0.9873276183376817,0.9999885559082031,0.00029610733812053997,0.001956115166346232,0.00043193499247233075,0.0003288884957631429,0.0005461970965067545,1.0,,,,,,,,1112,pcb2,1,-0.9809813400109609,-0.9805861413478851,0.770204367997398,0.7619836101660229,-0.008220757831375103,,,
gamma,,3.9222489229569626e-10,2.3322324079857884e-09,0.9980652758641471,0.9945235168448606,0.9653373089824823,0.9999760389328003,0.0005247965455055237,0.002101828654607137,0.0007861653963724772,0.0005830476681391398,0.0006483296553293864,1.0,,,,,,,,1113,pcb2,1,-0.9818153977394104,-0.9812913636366526,0.007643583500173152,0.007558044891757608,-8.55386084155441e-05,,,
gamma,,7.493110316264507e-06,0.00015282244673136278,0.9971936097245447,0.994828539806328,0.9936638091688409,0.9999913573265076,0.0004586245243748029,0.001037577788035075,0.0006950944662094116,0.0005095998446146647,0.0003278056780497233,1.0,,,,,,,,1114,pcb2,1,-0.9770014484723409,-0.9772815306981405,0.3223584595303984,0.3254860057509012,0.0031275462205028193,,,
gamma,,2.870132994316903e-05,0.0004931967228736567,0.9998889093002491,0.9971396886571511,0.9910547894148342,0.999988317489624,0.0005590026266872883,0.003892183303833008,0.0008379817008972168,0.0006211052338282267,0.0005640089511871338,1.0,,,,,,,,1116,pcb2,1,-0.9811854263146719,-0.9807999134063721,0.5956332387568245,0.5963776382202555,0.000744399463430967,,,
saturation,,1.3182601452142298e-10,9.270846131802198e-10,0.9991538293245289,0.9977859270061958,0.9858367499068207,0.9999959468841553,0.00026614001641670865,0.0013494094212849934,0.00039377808570861816,0.0002957110603650411,0.0004804829756418864,1.0,,,,,,,,1115,pcb2,0,-0.9769492348035177,-0.9773742655913035,,,,,,
saturation,,7.475720051775987e-11,2.2703457464775462e-10,0.9921201591609443,0.9951724039320213,0.7950055907566157,0.9999933242797852,0.0003860836538175742,0.0010206103324890137,0.0006066064039866129,0.0004289870460828145,0.0004830459753672282,1.0,,,,,,,,1117,pcb2,0,-0.9802063703536987,-0.9797270596027374,,,,,,
saturation,,3.722697579242212e-11,6.248288244121384e-11,0.9983796804977902,0.9943373110474625,0.9623555721207604,0.9999961853027344,0.00017827252546946207,0.0002542734146118164,0.0002715488274892171,0.00019806623458862305,0.00036582350730895996,1.0,,,,,,,,1119,pcb2,0,-0.9766130149364471,-0.9769522349039713,,,,,,
saturation,,3.49598835987463e-10,2.8624229865673068e-09,0.9995780576760044,0.9962159729766684,0.9787551248602311,0.9999963641166687,0.00038797811915477115,0.0008139908313751221,0.0005737940470377604,0.00043101608753204346,0.0003340144952138265,1.0,,,,,,,,1120,pcb2,0,-0.9809484581152598,-0.980614443620046,,,,,,
saturation,,5.643204957981149e-08,1.5626718679523136e-06,0.9999346935231775,0.995213885037108,0.9802459932910921,0.9999909400939941,0.00037683142970005673,0.0009832183519999187,0.0005762875080108643,0.0004187275966008504,0.0006624360879262289,1.0,,,,,,,,1112,pcb2,1,-0.9809813400109609,-0.9814858039220175,0.770204367997398,0.766114008899207,-0.004090359098190999,,,
saturation,,1.8707364161446192e-10,1.2290238565013052e-09,0.9992706729281066,0.9961557270256313,0.9880730525531122,0.9999973773956299,0.00021234403053919473,0.002142578363418579,0.000328292449315389,0.00023587048053741455,3.606081008911133e-05,1.0,,,,,,,,1113,pcb2,1,-0.9818153977394104,-0.9817793369293213,0.007643583500173152,0.008024810557242825,0.00038122705706967325,,,
saturation,,1.9328194097181284e-06,3.872854138318369e-05,0.9999653211670635,0.9939596064241648,0.9973909802459933,0.9999973177909851,0.00023832637816667557,0.001451114813486735,0.0003629326820373535,0.0002648184696833293,0.00015528996785481772,1.0,,,,,,,,1114,pcb2,1,-0.9770014484723409,-0.977104127407074,0.3223584595303984,0.32165730547421606,-0.0007011540561823182,,,
saturation,,2.8551600083991394e-05,0.0005329311854210938,0.9998749612552998,0.9966000039424312,0.9947819604919865,0.9999980330467224,0.00032398182277878124,0.0007086594899495443,0.0004894634087880453,0.00035995493332544964,6.623069445292155e-05,1.0,,,,,,,,1116,pcb2,1,-0.9811854263146719,-0.981128970781962,0.5956332387568245,0.5946584387374638,-0.0009748000193606776,,,
gaussian_blur,,9.57566255561714e-10,5.1231311642572985e-09,0.7202511214086602,0.9296546869909943,0.4603056280283265,0.9996936321258545,0.0017715164770682652,0.008808294932047525,0.002662762999534607,0.0019683639208475747,0.0006020168463389078,1.0,,,,,,,,1115,pcb2,0,-0.9769492348035177,-0.9766256312529246,,,,,,
gaussian_blur,,4.564069297476052e-10,9.319596737154822e-10,0.8206285737006307,0.9232881577314022,0.29407379798732763,0.9996399879455566,0.0014048788386086624,0.008763919274012247,0.0020914574464162192,0.0015609016021092732,0.0014470815658569336,1.0,,,,,,,,1117,pcb2,0,-0.9802063703536987,-0.9790923595428467,,,,,,
gaussian_blur,,3.364299026121099e-10,6.72809545230891e-10,0.9115730767319289,0.9106634631759684,0.5669027208348864,0.9997175931930542,0.0008817268535494804,0.008666396141052246,0.0013119330008824666,0.000979684293270111,0.0017971495787302654,1.0,,,,,,,,1119,pcb2,0,-0.9766130149364471,-0.9778080781300863,,,,,,
gaussian_blur,,2.6489273513502903e-09,2.274816177407499e-08,0.7779885549650808,0.9276176460936533,0.6895266492732016,0.9996716380119324,0.002506129133204619,0.01190197467803955,0.0037577946980794272,0.0027845948934555054,0.0018284320831298828,1.0,,,,,,,,1120,pcb2,0,-0.9809484581152598,-0.9794159034887949,,,,,,
gaussian_blur,,1.7714520181666497e-07,4.759817347342474e-06,0.966740657477637,0.9128931940875951,0.8289228475587029,0.9995628595352173,0.002672884458055099,0.009808540344238281,0.003968268632888794,0.002969851096471151,0.0019432008266448975,1.0,,,,,,,,1112,pcb2,1,-0.9809813400109609,-0.979456345240275,0.770204367997398,0.8102662058460003,0.04006183784860229,,,
gaussian_blur,,1.4313764940758023e-09,5.717348712046407e-09,0.8525878665863967,0.8842644525880147,0.7767424524785688,0.9996784925460815,0.001299729725966851,0.009998798370361328,0.0019488632678985596,0.0014441385865211487,0.0017680923144022624,1.0,,,,,,,,1113,pcb2,1,-0.9818153977394104,-0.9821120500564575,0.007643583500173152,0.0069792483583293085,-0.0006643351418438434,,,
gaussian_blur,,8.623045317357262e-06,0.000167613880333084,0.9175128395061652,0.9001471134489389,0.9474468878121506,0.9996194243431091,0.0006208276997009913,0.009103432297706604,0.0009123384952545166,0.0006897573669751486,0.0017090638478597004,1.0,,,,,,,,1114,pcb2,1,-0.9770014484723409,-0.9786622722943624,0.3223584595303984,0.31951525857312996,-0.0028432009572684214,,,
gaussian_blur,,0.0009509814842672225,0.019351981901684478,0.8685672557115893,0.9130453203196803,0.9057025717480433,0.9995641708374023,0.0027889618650078773,0.017365137736002605,0.0042256613572438555,0.003098857899506887,0.0005127886931101481,1.0,,,,,,,,1116,pcb2,1,-0.9811854263146719,-0.981698215007782,0.5956332387568245,0.5963911681949147,0.0007579294380901658,,,
gaussian_noise,,5.273729484215365e-10,1.5223949565562485e-09,0.9806624950216629,0.8900860331621164,0.9075661572866195,0.9997389316558838,0.001387465124328931,0.007116635640462239,0.0021075457334518433,0.0015416393677393596,0.0019493301709493,1.0,,,,,,,,1115,pcb2,0,-0.9769492348035177,-0.9788852135340372,,,,,,
gaussian_noise,,3.4224034297425943e-10,6.163788848037963e-10,0.9274593540496352,0.9047049927788814,0.5467759970182632,0.9997748136520386,0.0005610473453998566,0.0041835010051727295,0.0008254150549570719,0.0006233205397923788,0.0013127376635869343,1.0,,,,,,,,1117,pcb2,0,-0.9802063703536987,-0.9789228091637293,,,,,,
gaussian_noise,,2.287255153955883e-10,3.3637412728389077e-10,0.954209178494029,0.8977206036580251,0.33917256802087214,0.9998486042022705,0.0006448930750290552,0.0016549428304036458,0.0009885529677073162,0.000716539720694224,0.0002677043279012044,1.0,,,,,,,,1119,pcb2,0,-0.9766130149364471,-0.976781298716863,,,,,,
gaussian_noise,,1.4729734719219478e-09,1.154444420469169e-08,0.9624755702545379,0.9124284471696161,0.8292955646664182,0.9998030662536621,0.0010248846374452114,0.004556894302368164,0.0015502373377482097,0.001138766606648763,0.0006544093290964762,1.0,,,,,,,,1120,pcb2,0,-0.9809484581152598,-0.9803163607915243,,,,,,
gaussian_noise,,3.0251672757867594e-07,9.058316197803821e-06,0.9801410754376613,0.9115337270634134,0.9016026835631755,0.9996590614318848,0.002019573779155811,0.008212407430013021,0.003106817603111267,0.002243990699450175,0.0020361741383870444,1.0,,,,,,,,1112,pcb2,1,-0.9809813400109609,-0.982811282078425,0.770204367997398,0.8278614873986966,0.057657119401298584,,,
gaussian_noise,,1.437446749526619e-09,6.923355680529493e-09,0.7381778493884925,0.8795533108819191,0.7070443533358182,0.9996089339256287,0.002233145913730065,0.00980605681737264,0.0033600330352783203,0.0024812594056129456,0.002821664015452067,1.0,,,,,,,,1113,pcb2,1,-0.9818153977394104,-0.98383895556132,0.007643583500173152,0.006146228541419327,-0.0014973549587538248,,,
gaussian_noise,,3.7058381784368614e-06,7.164127881561579e-05,0.986853487290761,0.9029837880963717,0.9672008945210585,0.9997270107269287,0.0014179890664915245,0.0070858001708984375,0.0021199087301890054,0.0015755196412404378,0.0021486679712931314,1.0,,,,,,,,1114,pcb2,1,-0.9770014484723409,-0.9790268540382385,0.3223584595303984,0.3282786788445324,0.005920219314134001,,,
gaussian_noise,,0.00012259560423495238,0.0021862298096998133,0.9957780768097939,0.9287018891455754,0.9668281774133433,0.9994220733642578,0.002612610813230276,0.014616633454958597,0.0039211710294087725,0.0029026915629704795,0.004139562447865804,1.0,,,,,,,,1116,pcb2,1,-0.9811854263146719,-0.9837399423122406,0.5956332387568245,0.5955341188109308,-9.911994589373307e-05,,,
jpeg,,4.338853041653913e-10,1.2791151211435278e-09,0.9946753923529059,0.9005807740326285,0.9668281774133433,0.9998637437820435,0.00037172669544816017,0.003183563550313314,0.0005665123462677002,0.0004130403200785319,0.0004742741584777832,1.0,,,,,,,,1115,pcb2,0,-0.9769492348035177,-0.9774235089619955,,,,,,
jpeg,,5.683282168463837e-10,2.8542710819842472e-09,0.6668048232106207,0.8911756386689215,0.32761833768169957,0.9998762607574463,0.0003796701009074847,0.004231075445810954,0.0005865047375361124,0.00042186429103215534,0.00022183855374654135,1.0,,,,,,,,1117,pcb2,0,-0.9802063703536987,-0.9804255863030752,,,,,,
jpeg,,2.6665449289087066e-10,4.625206319705588e-10,0.9279648211619163,0.858525058421237,0.5445396943719717,0.9998171329498291,0.0007922539177040259,0.006723801294962565,0.0012176136175791423,0.0008802786469459534,0.002437164386113485,1.0,,,,,,,,1119,pcb2,0,-0.9766130149364471,-0.978871762752533,,,,,,
jpeg,,5.89621571355465e-09,8.223958432076743e-08,0.8743592894860682,0.9032065441119544,0.8330227357435707,0.999886691570282,0.000469731322179238,0.004651705423990886,0.0007291386524836222,0.0005219106872876486,0.0006013065576553345,1.0,,,,,,,,1120,pcb2,0,-0.9809484581152598,-0.9812737554311752,,,,,,
jpeg,,1.400485028519135e-07,3.926055052811548e-06,0.9512841616207464,0.9269504405212217,0.8881848676854268,0.9998911619186401,0.000962314506371816,0.002583235502243042,0.0014368295669555664,0.001069118579228719,0.0013286173343658447,1.0,,,,,,,,1112,pcb2,1,-0.9809813400109609,-0.9799763957659403,0.770204367997398,0.8717924923547441,0.1015881243573461,,,
jpeg,,1.0387885361835107e-09,5.021348848822024e-09,0.8709531602011746,0.8978865628793883,0.7581065970928066,0.9999094009399414,0.0006887683024009069,0.0014342963695526123,0.0010245939095815022,0.0007652491331100464,0.0010545055071512859,1.0,,,,,,,,1113,pcb2,1,-0.9818153977394104,-0.980821410814921,0.007643583500173152,0.009765001748561153,0.002121418248388001,,,
jpeg,,4.894658694400779e-06,0.00011167828911526658,0.9929545505725527,0.8750580575041469,0.9858367499068207,0.9998825788497925,0.0004000312959154447,0.005858103434244792,0.00062599778175354,0.00044446935256322223,0.0011909802754720051,1.0,,,,,,,,1114,pcb2,1,-0.9770014484723409,-0.9781549175580343,0.3223584595303984,0.3183626804530477,-0.0039957790773506585,,,
jpeg,,0.0004342910924687268,0.008287746924625363,0.9811260468150439,0.925709704527687,0.9791278419679463,0.9999042749404907,0.0013872940714160602,0.005811174710591634,0.002091084917386373,0.0015414382020632427,0.000671843687693278,1.0,,,,,,,,1116,pcb2,1,-0.9811854263146719,-0.9815361201763153,0.5956332387568245,0.6019621192107568,0.006328880453932317,,,
resize_cycle,,6.031212258910894e-10,4.300853732118949e-09,0.9780685500289708,0.9485908950153376,0.932910920611256,0.9997689127922058,0.0010350582500298817,0.00606544812520345,0.0015347401301066081,0.001150079071521759,0.000806113084157308,1.0,,,,,,,,1115,pcb2,0,-0.9769492348035177,-0.977557380994161,,,,,,
resize_cycle,,3.24666454452006e-10,6.129729101070191e-10,0.9332836877639545,0.9542947800966983,0.4621692135669027,0.9997355937957764,0.001473446066180865,0.009149948755900065,0.002233038345972697,0.0016371607780456543,0.0018246173858642578,1.0,,,,,,,,1117,pcb2,0,-0.9802063703536987,-0.978732705116272,,,,,,
resize_cycle,,2.81608818253227e-10,5.567272759194644e-10,0.9296072924908603,0.9343685234469851,0.5348490495713754,0.9998392462730408,0.0006658127531409264,0.0033769607543945312,0.0009636779626210531,0.0007398029168446859,0.001085519790649414,1.0,,,,,,,,1119,pcb2,0,-0.9766130149364471,-0.9758513073126475,,,,,,
resize_cycle,,1.2475137165660955e-09,8.825857818664025e-09,0.9970163096866206,0.9499160800187267,0.9418561311964219,0.9997555613517761,0.0012602154165506363,0.006980677445729573,0.0018554230531056721,0.0014002273480097454,0.001347869634628296,1.0,,,,,,,,1120,pcb2,0,-0.9809484581152598,-0.9819763700167338,,,,,,
resize_cycle,,1.6167158330083102e-07,4.403251868730246e-06,0.9882874206713256,0.9437691407850457,0.8553857622064853,0.999731719493866,0.0017061846641202767,0.009259223937988281,0.0025194883346557617,0.0018957654635111492,0.0004126628239949544,1.0,,,,,,,,1112,pcb2,1,-0.9809813400109609,-0.9809532463550568,0.770204367997398,0.7868666539657027,0.016662285968304658,,,
resize_cycle,,1.0320843440277917e-09,6.357613398799888e-09,0.8805312187577736,0.9235919665930659,0.7733879985091315,0.9998211860656738,0.0011520685317615669,0.005184332529703776,0.0017148454984029133,0.0012800395488739014,0.0010644495487213135,1.0,,,,,,,,1113,pcb2,1,-0.9818153977394104,-0.9810811380545298,0.007643583500173152,0.006829729295033518,-0.0008138542051396337,,,
resize_cycle,,2.364122838425052e-06,4.679739272319764e-05,0.9938765575742519,0.9383711798099056,0.9884457696608274,0.9997678995132446,0.0008634038579960664,0.007736970980962117,0.0012606481711069744,0.0009592448671658834,0.0012747148672739665,1.0,,,,,,,,1114,pcb2,1,-0.9770014484723409,-0.9779752790927887,0.3223584595303984,0.3158816809258549,-0.006476778604543487,,,
resize_cycle,,0.0006049011821083913,0.011472768416683349,0.9621476533790566,0.9492353591862709,0.9608647036898994,0.9997491836547852,0.0022130620976289115,0.007309913635253906,0.0033584535121917725,0.002458957334359487,0.00037990013758341473,1.0,,,,,,,,1116,pcb2,1,-0.9811854263146719,-0.9815653264522552,0.5956332387568245,0.5994686406939234,0.003835401937098859,,,
brightness,,7.847829265419851e-10,1.825069088740792e-09,0.9677701298326229,0.875438024486064,0.9489377562430116,0.9999023675918579,0.0011875138928492863,0.006096760431925456,0.0016761024792989094,0.0013194531202316284,0.0006777991851170858,1.0,,,,,,,,1315,chewinggum,0,-0.8286558737357458,-0.8290517032146454,,,,,,
brightness,,2.0724804669331403e-09,1.221288063041098e-08,0.6261772273319569,0.921312718629557,0.41446142377935147,0.9999183416366577,0.0006524762138724327,0.0017868280410766602,0.0009569823741912842,0.0007249812285105387,0.00042133529980977374,1.0,,,,,,,,1320,chewinggum,0,-0.8293422559897105,-0.8297635912895203,,,,,,
brightness,,9.134562564964409e-10,2.017623754069993e-09,0.7810298016123964,0.8837101512134431,0.22325754752143123,0.9999340772628784,0.0009784023277461529,0.002437591552734375,0.001367439826329549,0.0010871291160583496,0.00023755431175231934,1.0,,,,,,,,1322,chewinggum,0,-0.8288586636384329,-0.828899065653483,,,,,,
brightness,,2.119762407047023e-09,9.25102015131032e-09,0.9905714858769618,0.9416719523256248,0.9444651509504286,0.9999517202377319,0.0005578082054853439,0.0009428858757019043,0.0007761319478352865,0.0006197889645894369,0.0004241416851679484,1.0,,,,,,,,1323,chewinggum,0,-0.8295145531495413,-0.8297225286563238,,,,,,
brightness,,6.736365874704799e-06,0.00012749855713360206,0.9980957734486275,0.9855153693550909,0.8486768542676109,0.9999485015869141,0.001037532774110635,0.004211207230885823,0.0015189399321873982,0.0011528333028157551,0.00035601357618967694,1.0,,,,,,,,1312,chewinggum,1,-0.829879030585289,-0.8300695021947225,0.5400800786332064,0.511940272182332,-0.02813980645087444,,,
brightness,,0.00029903229679840955,0.0037368319956053524,0.9993747705855217,0.9814126031882698,0.9847185985836749,0.9999489188194275,0.0010464177466928959,0.0027396281560262046,0.0014693041642506917,0.001162707805633545,0.00035167237122853595,1.0,,,,,,,,1313,chewinggum,1,-0.8305271863937378,-0.8301838686068853,0.9562710762960149,0.9558384196263886,-0.0004326566696263301,,,
brightness,,0.0009085633160187452,0.011740109252153423,0.9906546579769488,0.9904876983811757,0.9534103615355944,0.9998237490653992,0.0025787364381055036,0.004553834597269694,0.0035355687141418457,0.002865264813105265,0.00032978753248850506,1.0,,,,,,,,1314,chewinggum,1,-0.8307603746652603,-0.8309266169865926,0.9175033880107731,0.9169646970489239,-0.0005386909618492197,,,
brightness,,0.00019391322261331012,0.00245381128685997,0.9997606099070816,0.9769880576611636,0.9925456578456952,0.9998588562011719,0.002040783098588387,0.00876474380493164,0.002835253874460856,0.002267529567082723,0.00025492409865061444,1.0,,,,,,,,1316,chewinggum,1,-0.8307840476433436,-0.8309668898582458,0.9461576205367727,0.9469181534051717,0.0007605328683990553,,,
contrast,,1.0646911146015224e-09,3.12319813355525e-09,0.9744934826629901,0.891592972572024,0.9683190458442043,0.999832808971405,0.002168908715248108,0.007785479227701823,0.0030547877152760825,0.0024099101622899375,0.0008291353782018026,1.0,,,,,,,,1315,chewinggum,0,-0.8286558737357458,-0.8289700249830881,,,,,,
contrast,,1.5395452923980605e-09,6.967263281532775e-09,0.7838531016012973,0.9235016706744568,0.5415579575102497,0.999961256980896,0.00016806228086352348,0.002542575200398763,0.000244597593943278,0.00018675128618876138,0.0006828457117080688,1.0,,,,,,,,1320,chewinggum,0,-0.8293422559897105,-0.8300251017014185,,,,,,
contrast,,7.500942134165366e-10,1.7028409558412308e-09,0.8438087785966837,0.9250912968755214,0.17964964591874766,0.9999337196350098,0.0008522312467296919,0.0024617413679758706,0.00120048721631368,0.0009468346834182739,0.00046065449714660645,1.0,,,,,,,,1322,chewinggum,0,-0.8288586636384329,-0.8289689222971598,,,,,,
contrast,,1.5566604814859468e-09,7.325311776667868e-09,0.9964991682538671,0.9377752672553396,0.9556466641818859,0.9999369978904724,0.0007083592936396599,0.0011156201362609863,0.0009676714738210043,0.0007870694001515707,0.001035243272781372,1.0,,,,,,,,1323,chewinggum,0,-0.8295145531495413,-0.8302313486735026,,,,,,
contrast,,4.517471664468223e-06,8.372073794548234e-05,0.9993813718223001,0.9881297654502771,0.9690644800596347,0.9999611377716064,0.0007498000438014666,0.004112402598063151,0.0010954588651657104,0.0008330941200256348,0.00022439658641815186,1.0,,,,,,,,1312,chewinggum,1,-0.829879030585289,-0.8299067318439484,0.5400800786332064,0.5284372646592577,-0.011642813973948729,,,
contrast,,0.00020384123052658753,0.00266508547389607,0.9997160031464193,0.9626604716773048,0.9936638091688409,0.9999341368675232,0.0017799600027501583,0.0037972132364908853,0.0024660726388295493,0.001977736751238505,0.0004115551710128784,1.0,,,,,,,,1313,chewinggum,1,-0.8305271863937378,-0.8301465560992559,0.9562710762960149,0.9558427487565826,-0.00042832753943233826,,,
contrast,,0.00055840009598848,0.0068381522696389085,0.9965572127731359,0.9930563892791229,0.9705553484904957,0.9998970031738281,0.0025771867173413434,0.005364080270131429,0.003537525733311971,0.0028635462125142417,0.0003347049156824748,1.0,,,,,,,,1314,chewinggum,1,-0.8307603746652603,-0.8309995532035828,0.9175033880107731,0.9187713599472846,0.0012679719365115139,,,
contrast,,0.0003173052174780416,0.003734570405330816,0.9994419249117458,0.9855793936090309,0.9903093551994037,0.9999001026153564,0.0017507928423583508,0.00650326410929362,0.0024398167928059897,0.0019453167915344238,0.00022044281164805093,1.0,,,,,,,,1316,chewinggum,1,-0.8307840476433436,-0.8308923542499542,0.9461576205367727,0.9459767688290679,-0.00018085170770476555,,,
gamma,,4.835118871473487e-10,9.884823726943772e-10,0.9959849968092138,0.9644458309812973,0.9903093551994037,0.9999586939811707,0.000996560634424289,0.003631114959716797,0.0014140357573827107,0.0011072804530461629,9.759763876597087e-05,1.0,,,,,,,,1315,chewinggum,0,-0.8286558737357458,-0.8287534713745117,,,,,,
gamma,,4.839037125135631e-10,1.701514281823935e-09,0.9897603195887931,0.9884484129839907,0.9235929929183749,0.9999886751174927,0.0004251998228331407,0.002454559008280436,0.0006112058957417806,0.00047246615091959637,3.3289194107055664e-05,1.0,,,,,,,,1320,chewinggum,0,-0.8293422559897105,-0.8293755451838175,,,,,,
gamma,,2.887739969745728e-10,4.6090468862031964e-10,0.9876323794258587,0.9872447449714509,0.7838240775251584,0.999982476234436,0.000453776524712642,0.001786669095357259,0.0006535400946935018,0.0005037089188893636,0.0002518246571222941,1.0,,,,,,,,1322,chewinggum,0,-0.8288586636384329,-0.8291104882955551,,,,,,
gamma,,8.226388784073932e-10,5.053583518289685e-09,0.9992823748948995,0.9845153797188246,0.9858367499068207,0.9999898672103882,1.3110538323720297e-05,0.0003322213888168335,1.4523665110270182e-05,1.4255444208780924e-05,0.00025263428688049316,1.0,,,,,,,,1323,chewinggum,0,-0.8295145531495413,-0.8297214905420939,,,,,,
gamma,,5.987256408832824e-07,1.4699101690111683e-05,0.9999647739360612,0.992499757261537,0.9959001118151323,0.9999222755432129,0.0006525466839472452,0.004173874855041504,0.0009047091007232666,0.0007250358661015829,8.337199687957764e-05,1.0,,,,,,,,1312,chewinggum,1,-0.829879030585289,-0.8299528658390045,0.5400800786332064,0.5378938596031696,-0.0021862190300367956,,,
gamma,,4.395352076334685e-05,0.0005093921964737604,0.9999892647260255,0.9956273202837197,0.9977636973537085,0.999951958656311,0.0007076576973001162,0.004753549893697103,0.0009586016337076823,0.0007862746715545654,0.0002094705899556478,1.0,,,,,,,,1313,chewinggum,1,-0.8305271863937378,-0.8306915958722433,0.9562710762960149,0.9566031454953011,0.00033206919928618905,,,
gamma,,0.00015177830125399642,0.0017333804763979186,0.9998314317901872,0.9963859815552985,0.9959001118151323,0.9999603629112244,0.001131301900992791,0.0017835696538289387,0.0015472769737243652,0.0012569725513458252,0.0001987367868423462,1.0,,,,,,,,1314,chewinggum,1,-0.8307603746652603,-0.8305961589018503,0.9175033880107731,0.9187754007600158,0.0012720127492427125,,,
gamma,,0.00019840698125419412,0.0020861778667952396,0.9998413672960152,0.9945440870106127,0.9977636973537085,0.9999765157699585,0.0007322095334529877,0.0012955665588378906,0.0010367731253306072,0.0008135785659154257,0.00010985136032104492,1.0,,,,,,,,1316,chewinggum,1,-0.8307840476433436,-0.8307857761780421,0.9461576205367727,0.9461519091922829,-5.711344489789383e-06,,,
saturation,,2.491383783748582e-10,6.925473933484077e-10,0.9978986744319812,0.9945635369919945,0.9821095788296683,0.9999951124191284,0.0002789067414899667,0.001434008280436198,0.00040497879187266034,0.0003098795811335246,7.631381352742513e-05,1.0,,,,,,,,1315,chewinggum,0,-0.8286558737357458,-0.8287002394596735,,,,,,
saturation,,3.8903307049938887e-10,1.281823901487545e-09,0.9895872273952602,0.9943220238385737,0.899366380916884,0.9999898672103882,0.0004723904033501943,0.0025629401206970215,0.000667572021484375,0.0005248934030532837,0.00017699102560679117,1.0,,,,,,,,1320,chewinggum,0,-0.8293422559897105,-0.8295192470153173,,,,,,
saturation,,2.3548881441106485e-10,5.21731364658244e-10,0.9835957991476189,0.9888033947348143,0.7413343272456205,0.9999954700469971,0.0001559761973718802,0.00038309892018636066,0.00023914873600006104,0.00017028053601582846,0.00018242994944254556,1.0,,,,,,,,1322,chewinggum,0,-0.8288586636384329,-0.8290410935878754,,,,,,
saturation,,1.7917067197357291e-09,1.4849940310374137e-08,0.9978708244775973,0.9940714521377434,0.9798732761833768,0.999992847442627,0.000592697411775589,0.0009630918502807617,0.0008221864700317383,0.0006585270166397095,0.0004134078820546468,1.0,,,,,,,,1323,chewinggum,0,-0.8295145531495413,-0.8298326730728149,,,,,,
saturation,,1.6949181572207984e-06,3.622140941994752e-05,0.9999917660218528,0.997277018626371,0.9962728289228475,0.9999898672103882,0.000779187927643458,0.002122680346171061,0.0010901788870493572,0.0008657673994700114,0.00015286107858022055,1.0,,,,,,,,1312,chewinggum,1,-0.829879030585289,-0.8298358718554179,0.5400800786332064,0.5402944321675214,0.0002143535343149816,,,
saturation,,9.17136921571175e-05,0.0010298002494100954,0.9999597098803683,0.9974393272106117,0.9977636973537085,0.9999850988388062,0.0006781561921040217,0.0021393895149230957,0.0009235342343648275,0.0007535020510355631,0.00022829075654347739,1.0,,,,,,,,1313,chewinggum,1,-0.8305271863937378,-0.8307457019885381,0.9562710762960149,0.9560752387383893,-0.00019583755762564437,,,
saturation,,5.18446136767892e-05,0.000799941273001673,0.9999570386896046,0.9985823799236866,0.9977636973537085,0.9999898672103882,0.00036267781009276706,0.0024476448694864907,0.0005062917868296305,0.00040297706921895343,0.00022440155347188315,1.0,,,,,,,,1314,chewinggum,1,-0.8307603746652603,-0.830895925561587,0.9175033880107731,0.9170418713351378,-0.0004615166756353206,,,
saturation,,7.537858668447042e-05,0.0008783462017867606,0.9999694457486629,0.9961343024892427,0.998509131569139,0.9999899864196777,0.0005182316526770592,0.0009697526693344116,0.0007169445355733236,0.0005754282077153524,0.00015203654766082764,1.0,,,,,,,,1316,chewinggum,1,-0.8307840476433436,-0.8308894336223602,0.9461576205367727,0.946069144629641,-8.847590713167985e-05,,,
gaussian_blur,,1.7465321297319992e-09,5.276740601777411e-09,0.5205419408223557,0.7922773460579388,0.0,0.9997423887252808,0.0010523988554875057,0.005679925282796224,0.0014801472425460815,0.0011693239212036133,0.0008293290932973226,1.0,,,,,,,,1315,chewinggum,0,-0.8286558737357458,-0.8278947522242864,,,,,,
gaussian_blur,,2.375461476947714e-09,9.614006632427225e-09,0.6359225289294925,0.816080182441113,0.38538948937756246,0.999770998954773,0.0024490730526546636,0.004933079083760579,0.0034116158882776895,0.0027211755514144897,0.0007409403721491495,1.0,,,,,,,,1320,chewinggum,0,-0.8293422559897105,-0.8290394395589828,,,,,,
gaussian_blur,,1.2373940004417496e-09,2.167746418251072e-09,0.7351543570342727,0.7393425040596483,0.2508386134923593,0.9997820258140564,0.0011062915436923504,0.0030652681986490884,0.0015590041875839233,0.0012287497520446777,0.0006676564613978068,1.0,,,,,,,,1322,chewinggum,0,-0.8288586636384329,-0.8284949213266373,,,,,,
gaussian_blur,,4.202070552054113e-09,3.201535246046051e-08,0.9337694432858517,0.8391761129138473,0.8803578084234066,0.9997467994689941,0.0025478748915096125,0.011455535888671875,0.0035959134499231973,0.002830957372983297,0.00022624433040618896,1.0,,,,,,,,1323,chewinggum,0,-0.8295145531495413,-0.8293953289588293,,,,,,
gaussian_blur,,3.875003753996159e-06,8.179632799267123e-05,0.9982756101861108,0.8952430390288542,0.8930301900857249,0.9997879862785339,0.0043435303183893366,0.01113271713256836,0.006129855910936992,0.004826148351033528,0.001029178500175476,1.0,,,,,,,,1312,chewinggum,1,-0.829879030585289,-0.8288986186186472,0.5400800786332064,0.5388177563776557,-0.0012623222555506741,,,
gaussian_blur,,0.000488154056488117,0.0057808114001447935,0.9985706726815015,0.9385651726122102,0.9813641446142378,0.9997433423995972,0.0007951362058520317,0.0074768861134847,0.0010832746823628743,0.0008834699789683024,0.0015218655268351238,1.0,,,,,,,,1313,chewinggum,1,-0.8305271863937378,-0.8294108708699545,0.9562710762960149,0.9548856690344497,-0.001385407261565219,,,
gaussian_blur,,0.0009584398405350844,0.01141014689779283,0.9919029967472077,0.9232596719362435,0.9578829668281774,0.9997448921203613,0.0029976852238178253,0.01264794667561849,0.004124859968821208,0.003330762187639872,0.00029568374156951904,1.0,,,,,,,,1314,chewinggum,1,-0.8307603746652603,-0.8310560584068298,0.9175033880107731,0.9066548886475162,-0.010848499363256936,,,
gaussian_blur,,0.001388000480297266,0.0161968379100427,0.9905408067970587,0.8485876066321524,0.9683190458442043,0.9996599555015564,0.0015886719338595867,0.008291244506835938,0.0022656520207722983,0.0017651716868082683,0.00021341443061828613,1.0,,,,,,,,1316,chewinggum,1,-0.8307840476433436,-0.8307542353868484,0.9461576205367727,0.9416920424558115,-0.004465578080961152,,,
gaussian_noise,,1.8141149528007905e-09,3.8540706752814514e-09,0.7729113257416714,0.6615736461959979,0.5534849049571375,0.9996666312217712,0.0018949108198285103,0.007100582122802734,0.002616037925084432,0.0021054446697235107,0.00023663540681203207,1.0,,,,,,,,1315,chewinggum,0,-0.8286558737357458,-0.8286607563495636,,,,,,
gaussian_noise,,6.050995443980658e-09,3.157283247423664e-08,0.41748309742795553,0.7383033475432565,0.21729407379798732,0.9995307922363281,0.004045212020476659,0.009029706319173178,0.005620936552683513,0.004494691888491313,0.00044588247934977215,1.0,,,,,,,,1320,chewinggum,0,-0.8293422559897105,-0.8296874860922495,,,,,,
gaussian_noise,,1.881946906940531e-09,5.0741062297229565e-09,0.6433061228749287,0.673884303151291,0.36451733134550873,0.9996652603149414,0.0013712570071220398,0.0033562183380126953,0.001916368802388509,0.0015236188968022664,0.0005539854367574056,1.0,,,,,,,,1322,chewinggum,0,-0.8288586636384329,-0.8292698363463084,,,,,,
gaussian_noise,,4.845620096228052e-09,3.114596099576972e-08,0.9874861331739616,0.8163994171683318,0.9418561311964219,0.9996970891952515,0.002522459253668785,0.00447543462117513,0.0035337060689926147,0.0028027196725209555,0.0008318225542704264,1.0,,,,,,,,1323,chewinggum,0,-0.8295145531495413,-0.8302241464455923,,,,,,
gaussian_noise,,1.7462049076860207e-05,0.00033244310608905684,0.9908544333123224,0.8114878657303093,0.6910175177040626,0.9996089339256287,0.0022382267440358796,0.005887309710184733,0.003142004211743673,0.0024869292974472046,0.00043960412343343097,1.0,,,,,,,,1312,chewinggum,1,-0.829879030585289,-0.8296714077393214,0.5400800786332064,0.4705456437576484,-0.069534434875558,,,
gaussian_noise,,0.0008295042026503014,0.009819738423643516,0.9957291419177852,0.7892942957930843,0.967946328736489,0.9996334314346313,0.003839631720135609,0.014336665471394857,0.005283931891123454,0.00426626702149709,0.0019596020380655923,1.0,,,,,,,,1313,chewinggum,1,-0.8305271863937378,-0.8285675843556722,0.9562710762960149,0.9532403398734344,-0.00303073642258056,,,
gaussian_noise,,0.0019357405207850052,0.021890222949541033,0.970833208849904,0.9220420206214686,0.9478196049198658,0.9997336268424988,0.005597518912206094,0.009579022725423178,0.007618755102157593,0.0062194764614105225,0.0005550086498260498,1.0,,,,,,,,1314,chewinggum,1,-0.8307603746652603,-0.8312238107124964,0.9175033880107731,0.9095436155200594,-0.007959772490713779,,,
gaussian_noise,,0.000821594136217333,0.008892596901113062,0.9967843120985576,0.8416811837745611,0.9765188222139396,0.9991890788078308,0.005911580752581358,0.015154202779134115,0.008141517639160156,0.006568402051925659,0.0007682989041010538,1.0,,,,,,,,1316,chewinggum,1,-0.8307840476433436,-0.8300157487392426,0.9461576205367727,0.9394392819856957,-0.006718338551076952,,,
jpeg,,1.7046015456511504e-09,4.851028315795277e-09,0.9552646562269572,0.8226170911152129,0.9001118151323145,0.999730110168457,0.0017010394173363845,0.007148146629333496,0.0024165610472361245,0.0018900285164515178,0.0002514471610387166,1.0,,,,,,,,1315,chewinggum,0,-0.8286558737357458,-0.8285646339257559,,,,,,
jpeg,,1.9747143673587134e-09,5.9264059957370296e-09,0.7485625403130117,0.8471166319233303,0.4364517331345509,0.9998313784599304,0.0014168227401872475,0.002905885378519694,0.001989215612411499,0.0015742381413777669,0.00048026442527770996,1.0,,,,,,,,1320,chewinggum,0,-0.8293422559897105,-0.8290407458941141,,,,,,
jpeg,,1.3697970504996097e-09,2.466160298260614e-09,0.7858067847692997,0.8203512773039261,0.21841222512113306,0.9998189806938171,0.0006701556655267874,0.0024274190266927085,0.0009265790383021036,0.0007441490888595581,0.0008604427178700765,1.0,,,,,,,,1322,chewinggum,0,-0.8288586636384329,-0.8294047117233276,,,,,,
jpeg,,3.9454607773861745e-09,2.5209689364607965e-08,0.9527602030820249,0.8100889208563059,0.8948937756243012,0.9997734427452087,0.0017238389700651169,0.0033365885416666665,0.002438222368558248,0.0019153555234273274,0.0003458261489868164,1.0,,,,,,,,1323,chewinggum,0,-0.8295145531495413,-0.8294430673122406,,,,,,
jpeg,,7.024724188731248e-06,0.00014400733661844843,0.9962016213383663,0.8902769826078529,0.810659709280656,0.9998651742935181,0.003272547231366237,0.008398691813151041,0.004678214589754741,0.0036361664533615112,0.0005636513233184814,1.0,,,,,,,,1312,chewinggum,1,-0.829879030585289,-0.8294193893671036,0.5400800786332064,0.5063988488352621,-0.0336812297979443,,,
jpeg,,0.000527076788480223,0.006849644423609438,0.9980827623300967,0.918548533626361,0.9809914275065226,0.9998420476913452,0.0020286010888715587,0.007723490397135417,0.0027724305788675943,0.002254029115041097,0.0008074194192886353,1.0,,,,,,,,1313,chewinggum,1,-0.8305271863937378,-0.8298440128564835,0.9562710762960149,0.956418652079042,0.000147575783027043,,,
jpeg,,0.001941861855446072,0.021938232707614833,0.9718002285417912,0.9368073336211937,0.9455833022735743,0.9998301863670349,0.001769160230954488,0.003709077835083008,0.0023901661237080893,0.001965746283531189,0.000990748405456543,1.0,,,,,,,,1314,chewinggum,1,-0.8307603746652603,-0.830061728755633,0.9175033880107731,0.9150924561638804,-0.002410931846892783,,,
jpeg,,0.0006455951576053295,0.008144534019642777,0.9973506194287518,0.8784319486708745,0.9761461051062243,0.999848484992981,0.0021197289849321046,0.009169419606526693,0.002900769313176473,0.002355267604192098,0.0006004025538762411,1.0,,,,,,,,1316,chewinggum,1,-0.8307840476433436,-0.8311823507150015,0.9461576205367727,0.9429502130116829,-0.003207407525089745,,,
resize_cycle,,1.0829636276341514e-09,2.2400854934529578e-09,0.9336805634118385,0.9083801839279018,0.7689153932165487,0.9998459815979004,0.0008998016516367594,0.005522727966308594,0.0012988299131393433,0.0009998033444086711,0.00046531856060028076,1.0,,,,,,,,1315,chewinggum,0,-0.8286558737357458,-0.8281905551751455,,,,,,
resize_cycle,,1.3970489146436951e-09,4.354224537015425e-09,0.8699636109949582,0.9110821928941918,0.5814386880357808,0.9998074769973755,0.0019125041241447132,0.004153251647949219,0.0027172664801279702,0.0021249751249949136,0.0002875824769337972,1.0,,,,,,,,1320,chewinggum,0,-0.8293422559897105,-0.8290639917055765,,,,,,
resize_cycle,,1.1344831058721307e-09,1.7680538190213175e-09,0.8501211375122972,0.8820027736902515,0.3317182258665673,0.9998265504837036,0.001216289432098468,0.0031968355178833008,0.0016935815413792927,0.0013509442408879597,0.00019165376822153726,1.0,,,,,,,,1322,chewinggum,0,-0.8288586636384329,-0.8288347870111465,,,,,,
resize_cycle,,4.780755010495701e-09,3.911501412859844e-08,0.9474633526200903,0.909784740879962,0.8982482295937384,0.9998375773429871,0.0013979099070032437,0.004492441813151042,0.0019646833340326944,0.0015532424052556355,0.0005405743916829427,1.0,,,,,,,,1323,chewinggum,0,-0.8295145531495413,-0.828980416059494,,,,,,
resize_cycle,,1.315133522044485e-06,1.8671160852704767e-05,0.9994645006638609,0.9491062400016087,0.931420052180395,0.9998670816421509,0.0015458472383519013,0.006089528401692708,0.002255509297053019,0.0017176121473312378,0.001081705093383789,1.0,,,,,,,,1312,chewinggum,1,-0.829879030585289,-0.8287973254919052,0.5400800786332064,0.5432483098744324,0.003168231241226005,,,
resize_cycle,,0.00040684948906081044,0.0049397032727802465,0.998962170261359,0.9693173831486918,0.9828550130450988,0.9998607635498047,0.0011437487167616685,0.0038651625315348306,0.0015591681003570557,0.0012708157300949097,0.0012208422025044758,1.0,,,,,,,,1313,chewinggum,1,-0.8305271863937378,-0.8295084834098816,0.9562710762960149,0.9540687384416111,-0.002202337854403824,,,
resize_cycle,,0.0004303998624195586,0.005220234580630179,0.9983280863348999,0.9541619042203587,0.9843458814759597,0.9998379945755005,0.0008981889113783836,0.005143125851949056,0.0012475351492563884,0.0009980152050654094,0.00017721454302469888,1.0,,,,,,,,1314,chewinggum,1,-0.8307603746652603,-0.8306794812281927,0.9175033880107731,0.915231016528318,-0.002272371482455182,,,
resize_cycle,,0.0011308390614456008,0.012460348227607977,0.9944710073684988,0.9592526919021594,0.9791278419679463,0.9998389482498169,0.0017192536033689976,0.008880138397216797,0.0023994147777557373,0.0019102543592453003,0.0005854815244674683,1.0,,,,,,,,1316,chewinggum,1,-0.8307840476433436,-0.8302731911341349,0.9461576205367727,0.945218305365362,-0.0009393151714106596,,,
brightness,,8.753764124492251e-11,2.273826188696912e-10,0.9995254626995049,0.9922537632205543,0.9448378680581438,0.9999762773513794,0.00012204951296250026,0.0011768192052841187,0.0001751283804575602,0.00013540188471476236,0.000750263532002767,1.0,,,,,,,,1463,macaroni1,0,-1.0090482632319133,-1.0082979996999104,,,,,,
brightness,,8.070865899179563e-11,1.7681529626006216e-10,0.9895708771988863,0.993344421024847,0.8084234066343645,0.9999279975891113,7.801627119382222e-05,0.003939708073933919,0.00011778871218363444,8.669992287953694e-05,0.0012838939825693767,1.0,,,,,,,,1465,macaroni1,0,-1.0091587801774342,-1.007874886194865,,,,,,
brightness,,2.1923734020916198e-10,7.280613727677994e-10,0.9379026880788988,0.9832174871342375,0.3302273574357063,0.9999433755874634,0.0004203212447464466,0.004360099633534749,0.0006219049294789633,0.0004670421282450358,0.0013029177983601887,1.0,,,,,,,,1467,macaroni1,0,-1.0086617370446522,-1.0073588192462921,,,,,,
brightness,,1.3606873367526756e-10,5.153949982376971e-10,0.9802938161992063,0.9847357068329129,0.8043235184494968,0.9999817609786987,0.00035367502520481747,0.0035359462102254233,0.0005321800708770752,0.00039297093947728473,0.0006828606128692627,1.0,,,,,,,,1469,macaroni1,0,-1.0102990766366322,-1.009616216023763,,,,,,
brightness,,1.3152381260523314e-10,9.49389626877001e-10,0.9994844076512208,0.9915935437423737,0.9720462169213567,0.9999935030937195,0.00035070286442836124,0.0006917317708333334,0.0005110502243041992,0.0003896752993265788,0.0004011193911234538,1.0,,,,,,,,1462,macaroni1,1,-1.008306513230006,-1.0079053938388824,0.5447113111871409,0.5403192818999935,-0.0043920292871474365,,,
brightness,,2.2587077752426216e-07,5.397981609488654e-06,0.9904308955742057,0.9903094555769258,0.9858367499068207,0.9999731779098511,0.00047728046774864197,0.002810974915822347,0.0007071097691853842,0.0005303199092547098,0.00046892960866292316,1.0,,,,,,,,1464,macaroni1,1,-1.0108262399832408,-1.0112582941850026,0.22018454454121325,0.22571270949057534,0.005528164949362091,,,
brightness,,6.599119285776582e-06,0.00016410497772450697,0.9896118786082024,0.9898684092464337,0.9836004472605293,0.9999913573265076,0.0004061277334888776,0.0013324419657389324,0.0005934635798136393,0.0004512468973795573,0.000325620174407959,1.0,,,,,,,,1466,macaroni1,1,-1.00815749168396,-1.0084580381711323,0.606346514357583,0.6227441829689505,0.01639766861136749,,,
brightness,,5.171404780840565e-07,1.7472426243391184e-05,0.9994089322375233,0.9904647667957462,0.9918002236302647,0.9999825358390808,0.00013869814574718475,0.001122136910756429,0.0002101560433705648,0.0001540929079055786,0.0006355742613474528,1.0,,,,,,,,1468,macaroni1,1,-1.0095428824424744,-1.0089073081811268,0.20412857203432197,0.20263148850222443,-0.0014970835320975429,,,
contrast,,9.59520754253475e-11,3.3614220911020524e-10,0.9991609563795482,0.9915203716888843,0.9522922102124487,0.999978244304657,0.0002847070184846719,0.0015057921409606934,0.00040781497955322266,0.0003163367509841919,0.000874797503153483,1.0,,,,,,,,1463,macaroni1,0,-1.0090482632319133,-1.0081818103790283,,,,,,
contrast,,7.008733537288854e-11,1.57234968666478e-10,0.9921812523348739,0.9944940639240246,0.7868058143868804,0.999931812286377,5.436440308888753e-06,0.0028243809938430786,6.784995396931966e-06,5.9803326924641924e-06,0.0012881855169932048,1.0,,,,,,,,1465,macaroni1,0,-1.0091587801774342,-1.0078705946604412,,,,,,
contrast,,1.1071702650243838e-10,3.696603828808772e-10,0.9842891948929497,0.9890096014876025,0.7361162877376072,0.9999912977218628,0.00018094293773174286,0.00326518714427948,0.0002727409203847249,0.0002008974552154541,0.0006282627582550049,1.0,,,,,,,,1467,macaroni1,0,-1.0086617370446522,-1.0080334742863972,,,,,,
contrast,,8.174613767857449e-11,3.434280118855089e-10,0.991855682338834,0.9875196368546751,0.8676854267610883,0.9999978542327881,0.00015579024329781532,0.002170105775197347,0.00023009379704793295,0.00017310927311579385,0.00014699498812357584,1.0,,,,,,,,1469,macaroni1,0,-1.0102990766366322,-1.0101520816485088,,,,,,
contrast,,1.0028248142727992e-10,7.847534173365759e-10,0.9998151464550536,0.993009001915853,0.9798732761833768,0.9999963641166687,0.0002197303498784701,0.00044075647989908856,0.00032118956247965497,0.00024415552616119385,0.00037274758021036786,1.0,,,,,,,,1462,macaroni1,1,-1.008306513230006,-1.0079534749190013,0.5447113111871409,0.5424390962014501,-0.002272214985690746,,,
contrast,,1.8862679037292755e-07,4.460991351355055e-06,0.9972975144704639,0.9903508934496481,0.9903093551994037,0.9999589323997498,0.00032203132286667824,0.004357198874155681,0.0004832694927851359,0.000357799232006073,0.0006886025269826254,1.0,,,,,,,,1464,macaroni1,1,-1.0108262399832408,-1.0114870071411133,0.22018454454121325,0.22644702400469202,0.006262479463478771,,,
contrast,,5.013388248005442e-06,0.00012528265711971742,0.9996064717659379,0.9911669904456424,0.9884457696608274,0.9999701380729675,0.0001564075549443563,0.0009222129980723063,0.00022485852241516113,0.0001736953854560852,0.000906298557917277,1.0,,,,,,,,1466,macaroni1,1,-1.00815749168396,-1.0090207358201344,0.606346514357583,0.612736276085218,0.006389761727634946,,,
contrast,,1.6712869281630437e-07,4.805357197468264e-06,0.999774672749447,0.990990972359558,0.9944092433842714,0.9999967813491821,1.0368414223194122e-05,0.0004881620407104492,2.3464361826578777e-05,1.0545055071512858e-05,4.776318868001302e-05,1.0,,,,,,,,1468,macaroni1,1,-1.0095428824424744,-1.0094951192537944,0.20412857203432197,0.2060592040108797,0.0019306319765577395,,,
gamma,,1.2352807107070995e-10,6.077555605292767e-10,0.998614844804616,0.9843967252880605,0.9362653745806933,0.9999731779098511,0.00013097251454989114,0.00288162628809611,0.00018986066182454428,0.00014551977316538492,0.0008593698342641195,1.0,,,,,,,,1463,macaroni1,0,-1.0090482632319133,-1.0098977188269298,,,,,,
gamma,,8.335642605344215e-11,1.491736832770914e-10,0.9969386813626104,0.9849694585279314,0.9194931047335073,0.9999305605888367,0.0008855415508151054,0.00540075699488322,0.0012814899285634358,0.000983928640683492,0.0015439987182617188,1.0,,,,,,,,1465,macaroni1,0,-1.0091587801774342,-1.0106941958268483,,,,,,
gamma,,6.957554748356542e-11,2.510662590760975e-10,0.993333078081329,0.9904915421567989,0.9101751770406261,0.9999958872795105,0.00024006965880592665,0.00047135353088378906,0.0003497004508972168,0.00026674071947733563,0.0003278652826944987,1.0,,,,,,,,1467,macaroni1,0,-1.0086617370446522,-1.0083342691262562,,,,,,
gamma,,7.187830344307521e-11,1.634366666010767e-10,0.9984149301811966,0.9769487312188051,0.9426015654118524,0.9999920725822449,0.00041245513906081516,0.000966350237528483,0.000604480504989624,0.00045829514662424725,0.00014731287956237793,1.0,,,,,,,,1469,macaroni1,0,-1.0102990766366322,-1.0104378660519917,,,,,,
gamma,,1.287084504971557e-10,1.3826674227861143e-09,0.9995130790661859,0.9822029212338238,0.9847185985836749,0.9999951124191284,0.00027204863727092743,0.0006001591682434082,0.0004012882709503174,0.0003022799889246623,0.0002893408139546712,1.0,,,,,,,,1462,macaroni1,1,-1.008306513230006,-1.008587787548701,0.5447113111871409,0.5577669454033238,0.013055634216182943,,,
gamma,,3.4876331718105636e-08,8.790601761551291e-07,0.9998156638305854,0.988591676992877,0.9959001118151323,0.999987781047821,0.0002502491697669029,0.00047133366266886395,0.00036978721618652344,0.00027773529291152954,0.0001795788606007894,1.0,,,,,,,,1464,macaroni1,1,-1.0108262399832408,-1.0110000769297283,0.22018454454121325,0.21864871775522218,-0.001535826785991068,,,
gamma,,4.6925285807064995e-07,1.3542171279280379e-05,0.9997184798517693,0.9843356765675644,0.998509131569139,0.9999779462814331,0.0003074103345473607,0.0011392136414845784,0.00044200817743937176,0.0003414874275525411,0.0008838971455891927,1.0,,,,,,,,1466,macaroni1,1,-1.00815749168396,-1.0090346336364746,0.606346514357583,0.6063782442449498,3.1729887366771514e-05,,,
gamma,,2.464306100138935e-07,7.179699561928851e-06,0.999979238386987,0.9778471639523457,0.997018263138278,0.9999498724937439,0.0005900108565886816,0.0022988120714823404,0.0008618831634521484,0.0006552239259084066,0.0011136730511983235,1.0,,,,,,,,1468,macaroni1,1,-1.0095428824424744,-1.010656197865804,0.20412857203432197,0.20441985531409804,0.0002912832797760667,,,
saturation,,6.195004934660726e-11,2.607423722163126e-10,0.9997106962822482,0.9930614238263843,0.9575102497204622,0.9999937415122986,0.00025254208594560623,0.0033262173334757486,0.00036471088727315265,0.0002806037664413452,0.00032750765482584637,1.0,,,,,,,,1463,macaroni1,0,-1.0090482632319133,-1.0087207555770874,,,,,,
saturation,,6.437094439949956e-11,1.1996109414108978e-10,0.9988931272215837,0.9926543378626735,0.9563920983973164,0.9999213218688965,0.0002672621048986912,0.004472553730010986,0.0004073679447174072,0.00029695282379786175,0.001371602217356364,1.0,,,,,,,,1465,macaroni1,0,-1.0091587801774342,-1.007787177960078,,,,,,
saturation,,1.1269905225231572e-10,3.3910215095195467e-10,0.9936249657584169,0.9912572440966749,0.8852031308237048,0.9999933242797852,0.00036137054363886517,0.0035975774129231772,0.0005324880282084147,0.00040120383103688556,0.00039135416348775226,1.0,,,,,,,,1467,macaroni1,0,-1.0086617370446522,-1.0082703828811646,,,,,,
saturation,,6.610482741210237e-11,1.8172044227607246e-10,0.998322738638175,0.9883234745029784,0.9481923220275811,0.9999905824661255,0.0003482283403476079,0.004329681396484375,0.0004961192607879639,0.00038690368334452313,0.00040613611539204914,1.0,,,,,,,,1469,macaroni1,0,-1.0102990766366322,-1.0098929405212402,,,,,,
saturation,,1.23458843500546e-10,8.08431644048829e-10,0.9999344046032629,0.9871780492208164,0.9828550130450988,0.9999926090240479,0.0003812292901178201,0.0009563167889912924,0.0005612075328826904,0.00042358537515004474,0.0004569689432779948,1.0,,,,,,,,1462,macaroni1,1,-1.008306513230006,-1.007849544286728,0.5447113111871409,0.5387949362301865,-0.005916374956954407,,,
saturation,,4.5961042656691744e-08,1.0904270962797271e-06,0.999886736145745,0.9919022591396551,0.9966455460305628,0.9999608397483826,0.0003796691695849101,0.004638771216074626,0.000545203685760498,0.0004218369722366333,0.0009198188781738281,1.0,,,,,,,,1464,macaroni1,1,-1.0108262399832408,-1.011725475390752,0.22018454454121325,0.22116284556977148,0.000978301028558226,,,
saturation,,7.900346547466735e-07,1.988085946030844e-05,0.9998696425122127,0.9868524892572296,0.9977636973537085,0.9999922513961792,0.0003733277941743533,0.0011290113131205242,0.0005534390608469645,0.0004148160417874654,0.0003261566162109375,1.0,,,,,,,,1466,macaroni1,1,-1.00815749168396,-1.0084415276845295,0.606346514357583,0.5990768823793942,-0.007269631978188862,,,
saturation,,2.7752197791541317e-08,6.90162600483468e-07,0.999970470654167,0.9915114257901971,0.998509131569139,0.9999963641166687,0.00014191027730703354,0.0011526942253112793,0.00020333131154378256,0.0001576840877532959,0.0001529057820638021,1.0,,,,,,,,1468,macaroni1,1,-1.0095428824424744,-1.0096705158551533,0.20412857203432197,0.20324832876384774,-0.0008802432704742291,,,
gaussian_blur,,5.864444489057146e-10,3.241765809777166e-09,0.9848020458176673,0.8575433219235087,0.8889303019008572,0.9999022483825684,0.0011782222427427769,0.006673018137613933,0.001770282785097758,0.0013091440002123516,0.0007102886835734049,1.0,,,,,,,,1463,macaroni1,0,-1.0090482632319133,-1.009743054707845,,,,,,
gaussian_blur,,2.7434595477135907e-10,8.482327448854054e-10,0.8829505405398889,0.930503282608283,0.5109951546775997,0.9994606971740723,0.001787151365230481,0.010889291763305664,0.0026676307121912637,0.0019857163230578103,0.001584698756535848,1.0,,,,,,,,1465,macaroni1,0,-1.0091587801774342,-1.007582426071167,,,,,,
gaussian_blur,,4.700700706478163e-10,1.3725300195763844e-09,0.7842579228655167,0.8686844886228513,0.2881103242638837,0.9994820356369019,0.00031745247542858124,0.010814244548479715,0.0005001525084177653,0.00035265088081359863,0.002933541933695475,1.0,,,,,,,,1467,macaroni1,0,-1.0086617370446522,-1.005728195110957,,,,,,
gaussian_blur,,3.711646487774097e-10,1.027819431058442e-09,0.9094116070299822,0.8704714831025383,0.5441669772642564,0.9998066425323486,0.0015639401972293854,0.010143915812174479,0.0023198078076044717,0.0017377063632011414,0.0008000036080678304,1.0,,,,,,,,1469,macaroni1,0,-1.0102990766366322,-1.0095024704933167,,,,,,
gaussian_blur,,8.413956053257808e-10,7.757213838773135e-09,0.9003340798308509,0.8269330901608496,0.6939992545657846,0.999864935874939,0.0006836128110686938,0.004071871439615886,0.0011083483695983887,0.000759581724802653,0.0011689265569051106,1.0,,,,,,,,1462,macaroni1,1,-1.008306513230006,-1.0094728966554005,0.5447113111871409,0.6627418032790171,0.11803049209187622,,,
gaussian_blur,,4.872982003954341e-07,1.0437508680537922e-05,0.9603114662672493,0.8971445318153958,0.9269474468878122,0.9997603893280029,0.0009336763372023901,0.010560909907023111,0.0015008697907129924,0.0010374436775843303,0.001966754595438639,1.0,,,,,,,,1464,macaroni1,1,-1.0108262399832408,-1.0089328388373058,0.22018454454121325,0.205136789532926,-0.015047755008287256,,,
gaussian_blur,,9.575655770981778e-06,0.00023697309707944238,0.946585173033142,0.8918107742542007,0.9545285128587402,0.9998531341552734,0.0014973037565747898,0.008008321126302084,0.002240091562271118,0.001663672427336375,0.00021492441495259604,1.0,,,,,,,,1466,macaroni1,1,-1.00815749168396,-1.0083382626374562,0.606346514357583,0.528344552223799,-0.07800196213378408,,,
gaussian_blur,,1.4224893367927405e-06,3.870453857959011e-05,0.9841404587940898,0.825735614016921,0.9537830786433097,0.9995483160018921,0.002012192582090696,0.011423667271931967,0.002920091152191162,0.0022357751925786338,0.0012766321500142415,1.0,,,,,,,,1468,macaroni1,1,-1.0095428824424744,-1.0082662502924602,0.20412857203432197,0.1786461545541781,-0.025482417480143876,,,
gaussian_noise,,7.774891359284717e-10,5.4718713908099205e-09,0.7362778186350261,0.8058699094143605,0.48192322027581064,0.9998599290847778,0.0006195620323220888,0.004898647467295329,0.0009533365567525228,0.0006884137789408366,0.0005778272946675619,1.0,,,,,,,,1463,macaroni1,0,-1.0090482632319133,-1.0086350242296855,,,,,,
gaussian_noise,,2.841424299015008e-10,6.25917755042593e-10,0.8616425425490599,0.8427064909163594,0.3104733507267984,0.9996890425682068,0.0002732745682199796,0.0051236748695373535,0.00041798750559488934,0.00030363351106643677,0.0020000040531158447,1.0,,,,,,,,1465,macaroni1,0,-1.0091587801774342,-1.0073136687278748,,,,,,
gaussian_noise,,5.114355429736099e-10,1.4049655931570136e-09,0.8659611160114957,0.9010779625990831,0.2791651136787179,0.9998393058776855,0.0010622674599289894,0.0061028798421223955,0.001571724812189738,0.0011803110440572102,0.0013166268666585286,1.0,,,,,,,,1467,macaroni1,0,-1.0086617370446522,-1.0096588830153148,,,,,,
gaussian_noise,,5.184751109318628e-10,2.231447663010299e-09,0.8503796194814004,0.9145316625769421,0.5888930301900858,0.9998224973678589,0.00095904308060805,0.004068990548451741,0.0014081895351409912,0.001065594454606374,0.0004183550675710042,1.0,,,,,,,,1469,macaroni1,0,-1.0102990766366322,-1.0105175375938416,,,,,,
gaussian_noise,,1.0408165523060913e-09,9.575550233327477e-09,0.6092568417059876,0.791739497742036,0.5840477077897875,0.999893844127655,0.0010429793037474155,0.004391193389892578,0.0015991975863774617,0.001158858338991801,0.0003725886344909668,1.0,,,,,,,,1462,macaroni1,1,-1.008306513230006,-1.0080846051375072,0.5447113111871409,0.5570260503359927,0.012314739148851839,,,
gaussian_noise,,1.133370216446196e-07,2.6753400935077358e-06,0.9863100165018469,0.873327142033576,0.9731643682445025,0.999755859375,0.0011209258809685707,0.007642000913619995,0.0016171187162399292,0.0012453819314638774,0.0014561712741851807,1.0,,,,,,,,1464,macaroni1,1,-1.0108262399832408,-1.0095556378364563,0.22018454454121325,0.2308021561841393,0.010617611642926045,,,
gaussian_noise,,1.100479827595929e-05,0.0002688190737208566,0.9409247276006973,0.834885156646726,0.932910920611256,0.999753475189209,0.0018727835267782211,0.007055362065633138,0.0027302801609039307,0.002080904940764109,0.0004732807477315267,1.0,,,,,,,,1466,macaroni1,1,-1.00815749168396,-1.0084309379259746,0.606346514357583,0.6003754515431362,-0.005971062814446815,,,
gaussian_noise,,9.946237065294869e-07,2.765044196582765e-05,0.9951749620080987,0.7834995187377302,0.970928065598211,0.9996399879455566,0.0012733194356163342,0.006306697924931844,0.001846998929977417,0.0014147063096364338,0.0013010303179423015,1.0,,,,,,,,1468,macaroni1,1,-1.0095428824424744,-1.0083976984024048,0.20412857203432197,0.22050008057676518,0.01637150854244321,,,
jpeg,,6.658596153644326e-10,3.9115808650870706e-09,0.8232219040576185,0.8926055564770377,0.5821841222512113,0.9998826384544373,0.0010679187253117561,0.00678098201751709,0.0015592773755391438,0.0011865744988123577,0.0017611781756083171,1.0,,,,,,,,1463,macaroni1,0,-1.0090482632319133,-1.0106664299964905,,,,,,
jpeg,,2.126525638826158e-10,4.199918325825053e-10,0.9442371827463969,0.9113864535774637,0.4837868058143869,0.9995858073234558,0.0003295343679686387,0.00865475336710612,0.0004973858594894409,0.0003661389152208964,0.0025282601515452066,1.0,,,,,,,,1465,macaroni1,0,-1.0091587801774342,-1.006631076335907,,,,,,
jpeg,,4.388978712689957e-10,1.3081116398088367e-09,0.8108614080620766,0.8918675750945925,0.20573984345881477,0.9998100996017456,0.000688126931587855,0.0071067214012146,0.0010333657264709473,0.0007645835479100546,0.001505732536315918,1.0,,,,,,,,1467,macaroni1,0,-1.0086617370446522,-1.0071678459644318,,,,,,
jpeg,,3.022086615547827e-10,9.010290616854194e-10,0.9326621629681275,0.8849214105940109,0.636600819977637,0.9998272657394409,0.0007674307562410831,0.007001241048177083,0.00115567942460378,0.0008527065316836039,0.0014812747637430828,1.0,,,,,,,,1469,macaroni1,0,-1.0102990766366322,-1.0088178018728893,,,,,,
jpeg,,1.095790037771174e-09,9.617155713830342e-09,0.45412128280795644,0.7435000258363424,0.32053671263510997,0.9998554587364197,0.0005150695020953814,0.005465030670166016,0.0007855196793874105,0.0005723088979721069,0.0018444458643595378,1.0,,,,,,,,1462,macaroni1,1,-1.008306513230006,-1.010002424319585,0.5447113111871409,0.066045325749696,-0.4786659854374449,,,
jpeg,,3.820624274573801e-07,8.598857844981697e-06,0.9613536769939829,0.8559240769495777,0.9675736116287738,0.9998797178268433,0.000643919687718153,0.003278493881225586,0.0009583532810211182,0.0007154767711957296,0.0013427635033925374,1.0,,,,,,,,1464,macaroni1,1,-1.0108262399832408,-1.0119890173276265,0.22018454454121325,0.2353185683571236,0.015134023815910336,,,
jpeg,,4.7393382032471255e-06,0.00011855715593378938,0.9983010591896028,0.8636338388490626,0.9854640327991054,0.9998535513877869,0.0014696142946680386,0.0038142999013264975,0.002150610089302063,0.001632891595363617,0.0015984972318013508,1.0,,,,,,,,1466,macaroni1,1,-1.00815749168396,-1.0095846056938171,0.606346514357583,0.6000423048800921,-0.006304209477490885,,,
jpeg,,3.862119777308517e-06,0.00010877302464947656,0.998726142169476,0.794560064079761,0.9716734998136415,0.9998936653137207,0.001208712812513113,0.0038078625996907554,0.0018181602160135906,0.0013430391748746235,0.00035939613978068036,1.0,,,,,,,,1468,macaroni1,1,-1.0095428824424744,-1.0096359252929688,0.20412857203432197,0.2066287375462543,0.0025001655119323285,,,
resize_cycle,,3.959395657002515e-10,2.751170225717082e-09,0.9929505630728989,0.9245477575025018,0.8893030190085724,0.9999412298202515,0.0009182762975494067,0.0058621565500895185,0.0013779401779174805,0.001020317276318868,0.00136143962542216,1.0,,,,,,,,1463,macaroni1,0,-1.0090482632319133,-1.0104097028573353,,,,,,
resize_cycle,,1.337787914762522e-10,2.6164045840887396e-10,0.9777277817590391,0.949888069788227,0.7923965710026091,0.999720573425293,0.0005361000075936317,0.006597757339477539,0.0008272379636764526,0.0005956267317136129,0.0020672380924224854,1.0,,,,,,,,1465,macaroni1,0,-1.0091587801774342,-1.007128159205119,,,,,,
resize_cycle,,3.6730407713888203e-10,1.1991384556479741e-09,0.8354678954592062,0.9030876261856139,0.3156913902348118,0.9998156428337097,0.0006667574246724447,0.006096680959065755,0.0010014077027638753,0.0007408310969670614,0.0019317468007405598,1.0,,,,,,,,1467,macaroni1,0,-1.0086617370446522,-1.006761223077774,,,,,,
resize_cycle,,2.341361381710218e-10,6.851859944756884e-10,0.9702173899000752,0.9252993256569053,0.7491613865076407,0.9999709129333496,0.000725284374008576,0.0034717718760172525,0.001089369257291158,0.0008058721820513407,7.883707682291667e-05,1.0,,,,,,,,1469,macaroni1,0,-1.0102990766366322,-1.0103779137134552,,,,,,
resize_cycle,,5.482439884307279e-10,6.206221271222097e-09,0.9619483362753913,0.8974197581850457,0.9142750652254938,0.9999762773513794,0.0006817180352906386,0.002603809038798014,0.0010504871606826782,0.00075749804576238,0.0003428955872853597,1.0,,,,,,,,1462,macaroni1,1,-1.008306513230006,-1.0080640117327373,0.5447113111871409,0.654055395380106,0.10934408419296515,,,
resize_cycle,,3.873817699105991e-07,8.446161024398188e-06,0.9553245811572463,0.9467758639930356,0.9642191576593365,0.9999045133590698,0.0014687374544640381,0.008821805318196615,0.0022201587756474814,0.0016319553057352703,0.0018325944741566975,1.0,,,,,,,,1464,macaroni1,1,-1.0108262399832408,-1.009083350499471,0.22018454454121325,0.22059778047306672,0.0004132359318534673,,,
resize_cycle,,8.50782538999057e-06,0.00020835010494886893,0.9953873651591341,0.919265743487611,0.9821095788296683,0.9999491572380066,0.0006924409729739031,0.0017396608988444011,0.0010494192441304524,0.0007693742712338766,0.0010985533396402996,1.0,,,,,,,,1466,macaroni1,1,-1.00815749168396,-1.0092560450236003,0.606346514357583,0.6094075529332971,0.003061038575714048,,,
resize_cycle,,9.888778521152163e-07,3.165350503681324e-05,0.998251621964862,0.9143800795167861,0.9903093551994037,0.9998669624328613,0.0008163425760964552,0.007129828135172526,0.0012289235989252727,0.000907053550084432,0.0009701351324717203,1.0,,,,,,,,1468,macaroni1,1,-1.0095428824424744,-1.0086070994536083,0.20412857203432197,0.19461268026306985,-0.009515891771252116,,,
brightness,,1.1385535068205945e-09,4.671071648730722e-09,0.9751753041881845,0.9891722059216267,0.8803578084234066,0.9999837875366211,0.00028947337220112485,0.00036281347274780273,0.00039696693420410156,0.0003216564655303955,5.1155686378479004e-05,1.0,,,,,,,,1666,cashew,0,-0.8223215589920679,-0.8223330577214559,,,,,,
brightness,,1.1314864168421927e-09,3.538889062167118e-09,0.9748208258696177,0.9777439670570162,0.7241893402907194,0.9999884963035583,0.00029430538415908813,0.0014206171035766602,0.00041258831818898517,0.0003265241781870524,0.0003977268934249878,1.0,,,,,,,,1670,cashew,0,-0.8223636796077093,-0.8226647675037384,,,,,,
brightness,,1.2256028968927306e-09,3.3246337541646032e-09,0.9701021496779043,0.9825993619497584,0.6347372344390607,0.9999920725822449,0.0006299501595397791,0.001239498456319173,0.0008838772773742676,0.0006994406382242838,2.8307239214579265e-05,1.0,,,,,,,,1672,cashew,0,-0.8226633816957474,-0.8226916889349619,,,,,,
brightness,,1.9982535555712055e-09,1.1186876986514645e-08,0.8710112249007878,0.9930744072076204,0.5587029444651509,0.9999644756317139,0.0009746506499747435,0.003102262814839681,0.0013650606075922649,0.0010829617579778035,0.00021218756834665933,1.0,,,,,,,,1673,cashew,0,-0.8222989837328593,-0.8220873028039932,,,,,,
brightness,,7.262348464641656e-07,1.59741193483883e-05,0.6999868445941924,0.9912224035298047,0.6902720834886321,0.9999827146530151,0.0012648822739720345,0.0026412010192871094,0.0018373628457387288,0.0014054129521052043,0.00020063420136769614,1.0,,,,,,,,1662,cashew,1,-0.8222716699043909,-0.8224723041057587,0.5291569862622081,0.40173261606428196,-0.12742437019792613,,,
brightness,,7.414298787871111e-09,9.231136721551485e-08,0.9835502274805439,0.9862438878318129,0.9291837495341037,0.9999492168426514,0.0007182306920488676,0.002468069394429525,0.0009779036045074463,0.0007975151141484579,0.0006753255923589071,1.0,,,,,,,,1663,cashew,1,-0.8232071697711945,-0.822868620355924,0.13511939889169072,0.11704327792274648,-0.018076120968944245,,,
brightness,,1.7404529110305374e-09,7.113440839945758e-09,0.9597387024665918,0.9901584505503237,0.8304137159895639,0.9999788999557495,0.0011361379486819108,0.0022955735524495444,0.00159872571627299,0.001262381672859192,0.00024645527203877765,1.0,,,,,,,,1664,cashew,1,-0.8233627825975418,-0.8231342683235804,0.018184600394097958,0.014805017160058614,-0.0033795832340393437,,,
brightness,,5.255036444890215e-05,0.0012334569478104354,0.9998325642055209,0.9872022255625116,0.9891912038762579,0.9999877214431763,0.00112531923999389,0.005442460378011067,0.0015501280625661213,0.001250341534614563,9.868045647939046e-05,1.0,,,,,,,,1665,cashew,1,-0.8235493103663126,-0.8234695345163345,0.9617057494410165,0.9634633455740486,0.0017575961330320578,,,
contrast,,7.759887523260033e-10,2.531068736498083e-09,0.9855423929958114,0.9887632630903178,0.9150204994409243,0.9999932646751404,0.0003085693654914697,0.001311957836151123,0.0004486242930094401,0.000342865784962972,0.00019436577955881754,1.0,,,,,,,,1666,cashew,0,-0.8223215589920679,-0.8221271932125092,,,,,,
contrast,,1.1636176879624864e-09,3.680456535828126e-09,0.9840034456868597,0.9851365510590983,0.7950055907566157,0.9999898672103882,0.000403357669711113,0.001505260666211446,0.0005571345488230387,0.000447884202003479,0.00043739378452301025,1.0,,,,,,,,1670,cashew,0,-0.8223636796077093,-0.822673370440801,,,,,,
contrast,,1.13432680378869e-09,3.101132935925103e-09,0.9670247847829307,0.9870142906902823,0.7163622810286993,0.9999911189079285,0.00023114634677767754,0.00033396482467651367,0.0003318190574645996,0.0002563297748565674,0.0002262343962987264,1.0,,,,,,,,1672,cashew,0,-0.8226633816957474,-0.8227828145027161,,,,,,
contrast,,2.105092901032882e-09,1.137824378319318e-08,0.8495147752329126,0.9935612072319661,0.575475214312337,0.9999119639396667,0.0016378544581433137,0.0033332506815592446,0.0022823562224706015,0.001819839080174764,0.0006112058957417806,1.0,,,,,,,,1673,cashew,0,-0.8222989837328593,-0.8216877778371176,,,,,,
contrast,,7.233273800145757e-07,1.595470711192439e-05,0.7428813017352229,0.9882236551849196,0.7171077152441298,0.9999864101409912,0.0006790628346304098,0.0025139848391215005,0.0010184744993845622,0.0007545153299967448,0.00011245906352996826,1.0,,,,,,,,1662,cashew,1,-0.8222716699043909,-0.822159210840861,0.5291569862622081,0.4405028032259912,-0.08865418303621686,,,
contrast,,8.082910472780368e-09,9.481853973657927e-08,0.9929496188898509,0.981291353223233,0.9508013417815878,0.9999743700027466,0.00046430590252081555,0.0018393993377685547,0.0006527205308278402,0.0005153665939966837,0.0008985400199890137,1.0,,,,,,,,1663,cashew,1,-0.8232071697711945,-0.8225615123907725,0.13511939889169072,0.12305880806942446,-0.012060590822266265,,,
contrast,,1.1829810362066966e-09,3.917410154166779e-09,0.9809005615417322,0.9919979566064325,0.8896757361162877,0.9999904632568359,0.00048003050809105236,0.0019393761952718098,0.0006960928440093994,0.0005333820978800455,0.00012121101220448811,1.0,,,,,,,,1664,cashew,1,-0.8233627825975418,-0.8232415715853373,0.018184600394097958,0.015498618561682803,-0.0026859818324151546,,,
contrast,,3.9862776502055986e-05,0.0009162727621175178,0.9998940720839951,0.9800699440532824,0.9884457696608274,0.9999866485595703,0.0008584121242165565,0.005964219570159912,0.0011861026287078857,0.0009537885586420695,0.0004039257764816284,1.0,,,,,,,,1665,cashew,1,-0.8235493103663126,-0.823145384589831,0.9617057494410165,0.9642627056740442,0.002556956233027652,,,
gamma,,4.39632666041491e-10,9.537077573917024e-10,0.9971511828027778,0.9913719406338412,0.9597465523667537,0.9999708533287048,0.0007586373637119929,0.002113978068033854,0.0010374387105305989,0.0008429537216822306,0.00029975175857543945,1.0,,,,,,,,1666,cashew,0,-0.8223215589920679,-0.8223151018222173,,,,,,
gamma,,5.216939749315792e-10,1.636458261537286e-09,0.9869583027402771,0.9906022626327969,0.7491613865076407,0.9999793767929077,0.0004355913649002711,0.0025765597820281982,0.0006011774142583212,0.00048384567101796466,0.000357439120610555,1.0,,,,,,,,1670,cashew,0,-0.8223636796077093,-0.8227211187283198,,,,,,
gamma,,6.455454772459633e-10,1.4866013797812915e-09,0.9953005301706703,0.9855875062987028,0.8840849795005591,0.9999771118164062,0.00032225468506415683,0.0014544328053792317,0.00045232971509297687,0.00035805006821950275,0.00043688714504241943,1.0,,,,,,,,1672,cashew,0,-0.8226633816957474,-0.8224578102429708,,,,,,
gamma,,6.534026039941889e-10,1.7814434931149312e-09,0.9959805288872106,0.996030098294313,0.8788669399925456,0.9999815225601196,0.0005702056611577669,0.0027616421381632486,0.0007916738589604696,0.0006330907344818115,0.000446548064549764,1.0,,,,,,,,1673,cashew,0,-0.8222989837328593,-0.8219711085160574,,,,,,
gamma,,3.6924206683393874e-07,8.558799963673839e-06,0.9990010231643204,0.9796119097226721,0.9884457696608274,0.999976396560669,0.0002186950296163559,0.0012543996175130208,0.0002919634183247884,0.00024298330148061117,0.00033510227998097736,1.0,,,,,,,,1662,cashew,1,-0.8222716699043909,-0.8222058713436127,0.5291569862622081,0.5921843397559001,0.06302735349369204,,,
gamma,,2.01758657016427e-09,1.4142739891647297e-08,0.9992707511709606,0.9884524810074452,0.9832277301528141,0.9999486804008484,0.000985193842401107,0.005549877882003784,0.0013548632462819417,0.0010945449272791545,0.0008924504121144613,1.0,,,,,,,,1663,cashew,1,-0.8232071697711945,-0.8226060469945272,0.13511939889169072,0.13950700224367865,0.004387603351987929,,,
gamma,,8.165106598858802e-10,4.555650399957496e-09,0.9889639092885005,0.990466641155039,0.9623555721207604,0.9999775886535645,0.0007111566762129465,0.0030477444330851236,0.0009907434384028118,0.0007901638746261597,0.00020372370878855386,1.0,,,,,,,,1664,cashew,1,-0.8233627825975418,-0.8233554661273956,0.018184600394097958,0.016886952817972,-0.0012976475761259584,,,
gamma,,7.060411332367983e-06,0.00016269453860962086,0.9999373579426565,0.9900665487349808,0.9977636973537085,0.9999849796295166,0.0002491902559995651,0.0005814234415690104,0.00035751859347025555,0.00027686357498168945,0.0003796815872192383,1.0,,,,,,,,1665,cashew,1,-0.8235493103663126,-0.8234056631724039,0.9617057494410165,0.9612085265220421,-0.0004972229189743604,,,
saturation,,6.088283631561473e-10,1.6515967365414879e-09,0.9954140838828822,0.9942552845382502,0.9098024599329109,0.999996542930603,0.0002981008340915044,0.000529011090596517,0.0004228651523590088,0.0003312329451243083,0.00030829012393951416,1.0,,,,,,,,1666,cashew,0,-0.8223215589920679,-0.8226286570231119,,,,,,
saturation,,3.0616107307258163e-10,7.816950702330201e-10,0.9969026853385007,0.9882267210796346,0.9422288483041371,0.9999964237213135,0.0003322465345263481,0.00041715304056803387,0.000452190637588501,0.00036918123563130695,0.00017045438289642334,1.0,,,,,,,,1670,cashew,0,-0.8223636796077093,-0.8225341339906057,,,,,,
saturation,,5.311712423162265e-10,1.3926968301061665e-09,0.997389101162341,0.9908331411865141,0.9623555721207604,0.9999703764915466,0.0007694009691476822,0.0018666187922159831,0.0010809898376464844,0.00085487961769104,5.7106216748555504e-05,1.0,,,,,,,,1672,cashew,0,-0.8226633816957474,-0.8226983944574991,,,,,,
saturation,,4.5910434283799e-10,1.0408925211914029e-09,0.9979785304579529,0.9959208025615032,0.9474468878121506,0.9999498128890991,0.0008671507239341736,0.002025902271270752,0.0012073814868927002,0.0009635090827941895,0.000185355544090271,1.0,,,,,,,,1673,cashew,0,-0.8222989837328593,-0.8224760740995407,,,,,,
saturation,,5.540331929996088e-07,1.2487658030756043e-05,0.9909411412208914,0.9947057679321651,0.937383525903839,0.9999725818634033,0.0009074518457055092,0.00348051389058431,0.0012653668721516926,0.0010082870721817017,0.00029625991980234784,1.0,,,,,,,,1662,cashew,1,-0.8222716699043909,-0.8225679298241934,0.5291569862622081,0.676812185096739,0.14765519883453093,,,
saturation,,3.232910448661862e-09,3.195433788454498e-08,0.9973431996716029,0.9921337811507452,0.9563920983973164,0.9999794960021973,0.0006949019928773245,0.002844552199045817,0.000949313243230184,0.0007716019948323568,0.00032092630863189697,1.0,,,,,,,,1663,cashew,1,-0.8232071697711945,-0.823019747932752,0.13511939889169072,0.13465055049395333,-0.0004688483977373925,,,
saturation,,7.883530728390791e-10,2.610770485265807e-09,0.9946887635842774,0.9917449869213055,0.963473723443906,0.9999837875366211,0.0004776325076818466,0.0026731292406717935,0.0006658931573232015,0.0005306949218114217,0.0002636462450027466,1.0,,,,,,,,1664,cashew,1,-0.8233627825975418,-0.8236264288425446,0.018184600394097958,0.014303877726948664,-0.003880722667149294,,,
saturation,,3.792766971577539e-05,0.0008668362110451853,0.9999377817158458,0.990882912869616,0.995527394707417,0.9999959468841553,0.0003547201243539651,0.004236658414204915,0.0005029340585072836,0.0003941357135772705,0.00012461344401041666,1.0,,,,,,,,1665,cashew,1,-0.8235493103663126,-0.8236669301986694,0.9617057494410165,0.9616159359739134,-8.98134671031281e-05,,,
gaussian_blur,,2.6254488049374484e-09,7.1078114927064435e-09,0.8328245281332218,0.8941544149997818,0.34588147595974655,0.9997379183769226,0.002350184911241134,0.010670979817708334,0.0032913684844970703,0.002611274520556132,0.0009134560823440552,1.0,,,,,,,,1666,cashew,0,-0.8223215589920679,-0.8214081029097239,,,,,,
gaussian_blur,,1.774977888151179e-09,3.904002390526194e-09,0.9224634226323607,0.8534868400313009,0.7230711889675736,0.9997162818908691,0.001648933005829652,0.011148770650227865,0.002324784795443217,0.0018321524063746135,0.0009668717781702677,1.0,,,,,,,,1670,cashew,0,-0.8223636796077093,-0.8223978579044342,,,,,,
gaussian_blur,,1.9155756302531325e-09,4.272679987237917e-09,0.9178590654824141,0.8993824619031926,0.538948937756243,0.9997701644897461,0.002616579489161571,0.009724617004394531,0.0036758333444595337,0.0029072960217793784,0.0005686034758885702,1.0,,,,,,,,1672,cashew,0,-0.8226633816957474,-0.8220947782198588,,,,,,
gaussian_blur,,1.861554187907997e-09,4.934016289271116e-09,0.9061088059414578,0.9306940282097736,0.5065225493850167,0.9998142719268799,0.002081575027356545,0.00799703598022461,0.0029058903455734253,0.0023128539323806763,0.0011399189631144206,1.0,,,,,,,,1673,cashew,0,-0.8222989837328593,-0.8211590647697449,,,,,,
gaussian_blur,,1.55355811110334e-07,3.747465685889696e-06,0.9912155886561123,0.9056833759589156,0.9597465523667537,0.9997595548629761,0.002927591558545828,0.010533332824707031,0.00416592260201772,0.0032528688510258994,0.0008053481578826904,1.0,,,,,,,,1662,cashew,1,-0.8222716699043909,-0.8219446291526159,0.5291569862622081,0.5927015456766208,0.06354455941441273,,,
gaussian_blur,,1.2260436471976549e-08,1.2609682561836348e-07,0.9074031410504122,0.9103691920906849,0.8654491241147969,0.9997235536575317,0.0026689691779514155,0.005850474039713542,0.0037358105182647705,0.0029654999574025473,0.0014747083187103271,1.0,,,,,,,,1663,cashew,1,-0.8232071697711945,-0.8217324614524841,0.13511939889169072,0.23269465347592333,0.0975752545842326,,,
gaussian_blur,,3.3843027934115627e-09,1.7483245423308984e-08,0.8762374569335882,0.849427909748033,0.7991054789414834,0.9997029304504395,0.002264424692839384,0.00978549321492513,0.0031842937072118125,0.002516031265258789,0.0006945331891377767,1.0,,,,,,,,1664,cashew,1,-0.8233627825975418,-0.8233837435642878,0.018184600394097958,0.012552249827462565,-0.005632350566635393,,,
gaussian_blur,,2.1949707814845648e-05,0.0004551209615634535,0.9946572687912519,0.8545238878482904,0.9638464405516213,0.9994267225265503,0.00392365346973141,0.014487584431966146,0.005476862192153931,0.00435959796110789,0.0007092654705047607,1.0,,,,,,,,1665,cashew,1,-0.8235493103663126,-0.8228400448958079,0.9617057494410165,0.951214936255298,-0.01049081318571854,,,
gaussian_noise,,2.6873404300490154e-09,9.97592290710694e-09,0.8945156313883567,0.8762146013883325,0.810659709280656,0.9996115565299988,0.0026285724403957524,0.007197936375935872,0.003664026657740275,0.0029206126928329468,0.001410787304242452,1.0,,,,,,,,1666,cashew,0,-0.8223215589920679,-0.8209941387176514,,,,,,
gaussian_noise,,1.5103321364971082e-09,3.368951289166489e-09,0.9559260333569168,0.9102398231050957,0.780096906448006,0.9997037649154663,0.002322264015674591,0.005857149759928386,0.003214488426844279,0.0025803248087565103,0.0009315858284632365,1.0,,,,,,,,1670,cashew,0,-0.8223636796077093,-0.8214574456214905,,,,,,
gaussian_noise,,2.0395536018042207e-09,5.516371161653405e-09,0.9431181666222386,0.9095851386146474,0.841222512113306,0.9996156096458435,0.003722220348815123,0.007753690083821614,0.005128840605417888,0.004135797421137492,0.003002360463142395,1.0,,,,,,,,1672,cashew,0,-0.8226633816957474,-0.8205503225326538,,,,,,
gaussian_noise,,1.9812142400625724e-09,5.143514591739098e-09,0.862785032423157,0.9061437888689217,0.2433842713380544,0.9996246099472046,0.003101914810637633,0.005770564079284668,0.004285052418708801,0.0034461021423339844,0.0017862121264139812,1.0,,,,,,,,1673,cashew,0,-0.8222989837328593,-0.82080078125,,,,,,
gaussian_noise,,7.29479926410568e-07,1.604204143675946e-05,0.6246429774976447,0.8603434572485705,0.7010808796123742,0.9996816515922546,0.0034096306189894676,0.008730570475260416,0.004803826411565145,0.0037884612878163657,0.00152835746606191,1.0,,,,,,,,1662,cashew,1,-0.8222716699043909,-0.821682999531428,0.5291569862622081,0.2777443055224585,-0.2514126807397496,,,
gaussian_noise,,1.5402248034094046e-08,1.7423035097381683e-07,0.8871366576516699,0.9111503022579447,0.8166231830040999,0.9998511075973511,0.0011021286870042484,0.006296475728352864,0.0015240013599395752,0.0012245923280715942,0.0022285133600234985,1.0,,,,,,,,1663,cashew,1,-0.8232071697711945,-0.8216014057397842,0.13511939889169072,0.12235695555953517,-0.012762443332155551,,,
gaussian_noise,,3.2628246861944718e-09,1.261753665730562e-08,0.6777331387736188,0.8764054016369359,0.01900857249347745,0.9997968673706055,0.0026178875317176185,0.0047119855880737305,0.003625646233558655,0.002908786137898763,0.0018219550450642903,1.0,,,,,,,,1664,cashew,1,-0.8233627825975418,-0.8219590137402216,0.018184600394097958,0.1052282306831245,0.08704363028902654,,,
gaussian_noise,,6.221382696646137e-05,0.0014186425552790765,0.9791099183484407,0.8949154061765504,0.9597465523667537,0.9995414614677429,0.0033478018206854663,0.014215628306070963,0.00462457537651062,0.0037197619676589966,0.0018881609042485554,1.0,,,,,,,,1665,cashew,1,-0.8235493103663126,-0.8224495202302933,0.9617057494410165,0.9521420536216311,-0.009563695819385432,,,
jpeg,,3.499309552737121e-09,1.3386667967379735e-08,0.876578133339832,0.8735570158676024,0.7033171822586657,0.9995824694633484,0.0029806834645569324,0.008455475171407064,0.004128868381182353,0.003311827778816223,0.0008077323436737061,1.0,,,,,,,,1666,cashew,0,-0.8223215589920679,-0.822150265177091,,,,,,
jpeg,,1.9299468632936777e-09,5.8248686779920065e-09,0.9170244179451443,0.8322848935881398,0.24375698844576965,0.9998072385787964,0.0016449543957908948,0.005114843448003133,0.0022694716850916543,0.0018275926510492961,0.0008943329254786173,1.0,,,,,,,,1670,cashew,0,-0.8223636796077093,-0.822881946961085,,,,,,
jpeg,,2.2281060761839623e-09,5.5200015335492765e-09,0.9270395255520931,0.8748462295505958,0.4722325754752143,0.9998654127120972,0.001545784529298544,0.0032735268274943032,0.0021495819091796875,0.0017170310020446777,0.0008890926837921143,1.0,,,,,,,,1672,cashew,0,-0.8226633816957474,-0.822345957159996,,,,,,
jpeg,,1.933521425289723e-09,5.8665783469924334e-09,0.9247468620024871,0.9088954310301874,0.37718971300782705,0.9996355772018433,0.002345176258434852,0.0072640180587768555,0.003250842293103536,0.0026057610909144082,0.0005837480227152506,1.0,,,,,,,,1673,cashew,0,-0.8222989837328593,-0.8217345873514811,,,,,,
jpeg,,6.784767810400544e-07,1.5083785216050358e-05,0.965446428144173,0.8571471252100852,0.8591129332836377,0.9999138712882996,0.0011627405571440856,0.003680547078450521,0.0016614198684692383,0.0012919207413991292,0.00030331313610076904,1.0,,,,,,,,1662,cashew,1,-0.8222716699043909,-0.8225749830404917,0.5291569862622081,0.446672038711066,-0.08248494755114211,,,
jpeg,,6.3410741493905896e-09,5.968900695785333e-08,0.9841526553238502,0.8852585334802694,0.9411106969809915,0.9999157786369324,0.0005841332798202833,0.001967892050743103,0.0007856488227844238,0.0006484289964040121,4.594524701436361e-05,1.0,,,,,,,,1663,cashew,1,-0.8232071697711945,-0.8232109149297079,0.13511939889169072,0.1729964888227725,0.03787708993108177,,,
jpeg,,2.637150674386582e-09,9.194769328734653e-09,0.897782055212488,0.907870986291521,0.6004472605292583,0.9997466802597046,0.001443877040098111,0.005158841609954834,0.0020287136236826577,0.001604318618774414,0.0009323606888453165,1.0,,,,,,,,1664,cashew,1,-0.8233627825975418,-0.8224516113599142,0.018184600394097958,0.039269573807130836,0.02108497341303288,,,
jpeg,,2.8558532215072337e-05,0.0006300902138873881,0.9862772820768079,0.8524639295034389,0.9593738352590384,0.9995755553245544,0.002494631645580133,0.007369776566823323,0.003405978282292684,0.0027717997630437217,0.00042447447776794434,1.0,,,,,,,,1665,cashew,1,-0.8235493103663126,-0.8231623272101084,0.9617057494410165,0.9406260736425537,-0.021079675798462816,,,
resize_cycle,,1.4462345640535766e-09,3.3892874574003217e-09,0.9628276610319491,0.9440306306742646,0.8602310846067834,0.9999057650566101,0.0012575748066107433,0.0068509578704833984,0.001762708028157552,0.0013973017533620198,0.0007462948560714722,1.0,,,,,,,,1666,cashew,0,-0.8223215589920679,-0.8216095268726349,,,,,,
resize_cycle,,1.7643605864670707e-09,3.931899581127046e-09,0.9621774573995732,0.8978927429975622,0.5560939247111443,0.9997575283050537,0.0022553973831236362,0.007770935694376628,0.0031284292538960776,0.002506012717882792,0.0007497618595759074,1.0,,,,,,,,1670,cashew,0,-0.8223636796077093,-0.8227404753367106,,,,,,
resize_cycle,,1.242983446707852e-09,2.8746398417414493e-09,0.9587074971127767,0.9264687822375314,0.525158404770779,0.9998809099197388,0.001632626789311568,0.00718537966410319,0.0022623886664708457,0.001814017693201701,0.0005122472842534383,1.0,,,,,,,,1672,cashew,0,-0.8226633816957474,-0.8221888144810995,,,,,,
resize_cycle,,1.8112159007137158e-09,4.746043725627198e-09,0.9758640891317076,0.9651528126526594,0.7502795378307864,0.999846339225769,0.002538918207089106,0.006702740987141927,0.003553539514541626,0.0028210083643595376,0.0008109708627065023,1.0,,,,,,,,1673,cashew,0,-0.8222989837328593,-0.8215104440848032,,,,,,
resize_cycle,,5.025497128680331e-07,1.1975472608130782e-05,0.9900334687834932,0.9308348560517806,0.9757733879985091,0.999851405620575,0.002855096012353897,0.010370572408040365,0.003987014293670654,0.003172298272450765,0.0006303836901982626,1.0,,,,,,,,1662,cashew,1,-0.8222716699043909,-0.8216412862141927,0.5291569862622081,0.448335838461193,-0.08082114780101507,,,
resize_cycle,,7.60049582858299e-09,7.039732746322836e-08,0.9725604413828759,0.9055647629345706,0.940365262765561,0.9998672008514404,0.001165394050379594,0.0027600924173990884,0.001575698455174764,0.001294359564781189,0.0010144164164861043,1.0,,,,,,,,1663,cashew,1,-0.8232071697711945,-0.8222715606292089,0.13511939889169072,0.17538986615688512,0.0402704672651944,,,
resize_cycle,,2.3619866649181293e-09,1.1371698515139651e-08,0.9617765484443096,0.9474010408703808,0.8796123742079761,0.9998687505722046,0.0016905843901137512,0.003972371419270833,0.002362489700317383,0.0018784503142038982,0.00046171247959136963,1.0,,,,,,,,1664,cashew,1,-0.8233627825975418,-0.8229384223620096,0.018184600394097958,0.016867860441166567,-0.0013167399529313908,,,
resize_cycle,,2.022034336411931e-05,0.00043326632899523527,0.9958772961364273,0.9146455834803987,0.9862094670145359,0.9997248649597168,0.0029380194221933684,0.011189778645833334,0.004078199466069539,0.003264437119166056,0.0005662639935811361,1.0,,,,,,,,1665,cashew,1,-0.8235493103663126,-0.8229830463727316,0.9617057494410165,0.9590524159874212,-0.002653333453595308,,,
brightness,,3.3002769200586393e-09,1.5058806166374338e-08,0.8229633959703668,0.988842953513695,0.4919865821841223,0.9999150037765503,0.0012072293708721797,0.003908117612202962,0.0016440550486246746,0.0013408263524373372,0.00013530254364013672,1.0,,,,,,,,1813,fryum,0,-0.8222796320915222,-0.8222958048184713,,,,,,
brightness,,1.7365050409920593e-09,5.800415128757785e-09,0.9805849498679713,0.9936354332862514,0.8852031308237048,0.999945878982544,0.0011129393242299557,0.0020760695139567056,0.0015385945638020833,0.0012365927298863728,0.00046141942342122394,1.0,,,,,,,,1816,fryum,0,-0.8223115702470144,-0.8218501508235931,,,,,,
brightness,,1.7667923050797781e-09,9.545539968117442e-09,0.9280893084291948,0.9916578350049208,0.6898993663809169,0.9999775886535645,0.0007397097845872244,0.0014480501413345337,0.0010510087013244629,0.0008218735456466675,0.00016145408153533936,1.0,,,,,,,,1817,fryum,0,-0.8220806668202082,-0.8219192127386729,,,,,,
brightness,,5.671721767157423e-09,4.308128034588286e-08,0.9608034949413253,0.9945098671566288,0.9575102497204622,0.9999710917472839,0.001202280477931102,0.0033437560002009072,0.0017009576161702473,0.001335864265759786,0.00018705924352010092,1.0,,,,,,,,1818,fryum,0,-0.822886511683464,-0.8228545834620794,,,,,,
brightness,,0.001900064270065495,0.021951358673314214,0.9214328787844789,0.9956189586201565,0.888557584793142,0.9999613761901855,0.0015499000437557697,0.008055364092191061,0.002268373966217041,0.0017221023639043171,0.0005652457475662231,1.0,,,,,,,,1812,fryum,1,-0.8230683356523514,-0.8232893943786621,0.7550697880502742,0.6426660159486335,-0.11240377210164076,,,
brightness,,4.606310676004477e-09,3.717454744650663e-08,0.9992946872457132,0.9965385960815144,0.9392471114424152,0.9999861717224121,0.00042410831277569133,0.002751509348551432,0.0006195704142252604,0.00047121445337931317,8.18421443303426e-05,1.0,,,,,,,,1814,fryum,1,-0.8230757514635721,-0.8231367617845535,0.603986391315192,0.6089532764046133,0.004966885089421225,,,
brightness,,6.531070410473287e-06,0.0001592941473374032,0.9127993664041842,0.9856741013302215,0.890048453224003,0.999962568283081,0.0006743526707092921,0.0025178839763005576,0.0009837150573730469,0.0007493098576863607,0.0004985431830088297,1.0,,,,,,,,1815,fryum,1,-0.8222504754861196,-0.8227097789446512,0.6598584759551352,0.6203909060503388,-0.039467569904796496,,,
brightness,,1.231386179087194e-08,7.743726947970748e-08,0.7937411277962484,0.9935444069617361,0.5792023853894894,0.9999827742576599,0.000838196836411953,0.0013174464305241902,0.001116931438446045,0.0009313275416692098,0.0004173864920934041,1.0,,,,,,,,1820,fryum,1,-0.8227482487758001,-0.8223308622837067,0.0068937677338346565,0.007236908794361367,0.0003431410605267103,,,
contrast,,2.843367311209038e-09,1.3264211306881306e-08,0.8587273667980614,0.9946812091237993,0.43123369362653746,0.9999772310256958,0.0007155477069318295,0.001387650767962138,0.0009906391302744548,0.0007949322462081909,9.121497472127278e-05,1.0,,,,,,,,1813,fryum,0,-0.8222796320915222,-0.8223656813303629,,,,,,
contrast,,1.6004108352627754e-09,1.0673418045706725e-08,0.9538686742804035,0.996472938099898,0.780096906448006,0.9999884963035583,0.0004586304227511088,0.0011157989501953125,0.000623007615407308,0.000509604811668396,0.0003211498260498047,1.0,,,,,,,,1816,fryum,0,-0.8223115702470144,-0.8220419188340505,,,,,,
contrast,,1.1651426582375834e-09,5.1860196505618034e-09,0.9792546981659761,0.993463572251549,0.7819604919865821,0.9999911189079285,0.0004612898143629233,0.0008361587921778361,0.00065117081006368,0.0005125304063161215,4.4733285903930664e-05,1.0,,,,,,,,1817,fryum,0,-0.8220806668202082,-0.8220578879117966,,,,,,
contrast,,5.586449516610322e-09,5.159182365906538e-08,0.9448500251634933,0.9938688648017566,0.9504286246738726,0.999983012676239,0.0008276950878401598,0.002540444334348043,0.001160969336827596,0.0009196499983469645,0.0001009156306584676,1.0,,,,,,,,1818,fryum,0,-0.822886511683464,-0.8227890928586324,,,,,,
contrast,,0.0008706026902926696,0.01087033707568857,0.9679094466993112,0.9962467510486727,0.9228475587029444,0.999982476234436,0.0003570953073600928,0.002148151397705078,0.0005327562491099039,0.00039676328500111896,0.000261455774307251,1.0,,,,,,,,1812,fryum,1,-0.8230683356523514,-0.8231851309537888,0.7550697880502742,0.693871286080254,-0.0611985019700203,,,
contrast,,2.9910170819582613e-09,2.1050965135244394e-08,0.9996976639758187,0.9971424226508016,0.9727916511367872,0.9999877214431763,0.0005451116400460402,0.0021227200826009116,0.00078811248143514,0.000605657696723938,0.00020078818003336588,1.0,,,,,,,,1814,fryum,1,-0.8230757514635721,-0.82306307554245,0.603986391315192,0.6027239561822889,-0.0012624351329031391,,,
contrast,,1.6834814254860854e-06,4.1196346670817646e-05,0.9737000142781312,0.9887723267838564,0.8934029071934402,0.9999589920043945,0.000991391483694315,0.002811481555302938,0.0013699432214101155,0.001101533571879069,0.0005125850439071655,1.0,,,,,,,,1815,fryum,1,-0.8222504754861196,-0.822686438759168,0.6598584759551352,0.6367872706603659,-0.02307120529476936,,,
contrast,,7.030378877990051e-09,4.611311673706178e-08,0.9248686909326777,0.9968968733358218,0.8013417815877749,0.9999908804893494,0.000919068076958259,0.0014634380737940471,0.0012441575527191162,0.0010211865107218425,0.0003260125716527303,1.0,,,,,,,,1820,fryum,1,-0.8227482487758001,-0.8226066927115122,0.0068937677338346565,0.07049280861434803,0.06359904088051338,,,
gamma,,9.187012168023023e-10,3.477929833904693e-09,0.9988573552949731,0.9987765963618017,0.9686917629519195,0.9999972581863403,0.00036585330963134766,0.0007802049318949381,0.000516057014465332,0.0004064987103144328,0.00010877847671508789,1.0,,,,,,,,1813,fryum,0,-0.8222796320915222,-0.8222163915634155,,,,,,
gamma,,7.503711115425168e-10,3.1197387416118346e-09,0.9939142111485368,0.9982688995054282,0.8911666045471487,0.9999957084655762,0.0004647240663568179,0.000924194852511088,0.000645230213801066,0.0005163699388504028,2.9996037483215332e-05,1.0,,,,,,,,1816,fryum,0,-0.8223115702470144,-0.8223001708587011,,,,,,
gamma,,4.475750636841964e-10,1.3683015990559938e-09,0.9991084469443823,0.9953963933885785,0.9500559075661573,0.9999973177909851,0.00019845894227425256,0.00030177831649780273,0.00026288628578186035,0.00022050738334655762,0.00030473371346791583,1.0,,,,,,,,1817,fryum,0,-0.8220806668202082,-0.8218568364779154,,,,,,
gamma,,5.267201473209255e-10,1.9799055604484594e-09,0.9996295250511944,0.9967793923705417,0.9832277301528141,0.9999956488609314,0.0002648526181777318,0.000574946403503418,0.0003616213798522949,0.0002941240866978963,0.00040490925312042236,1.0,,,,,,,,1818,fryum,0,-0.822886511683464,-0.8225067953268687,,,,,,
gamma,,7.78626913631275e-05,0.0008934146847513659,0.9997867754075965,0.9975785292400607,0.9936638091688409,0.9999951720237732,0.00037089486916859943,0.0006868292888005575,0.0005028843879699707,0.0004120965798695882,9.164710839589436e-05,1.0,,,,,,,,1812,fryum,1,-0.8230683356523514,-0.8231537540753683,0.7550697880502742,0.7589218055089639,0.0038520174586896827,,,
gamma,,5.242892978204803e-10,3.469953115175266e-09,0.9999709958207271,0.9974879043985597,0.997018263138278,0.9999986886978149,0.0001472377528746923,0.0003802378972371419,0.00021348396937052408,0.0001611610253651937,0.00011337796847025554,1.0,,,,,,,,1814,fryum,1,-0.8230757514635721,-0.8230110108852386,0.603986391315192,0.6039950969893226,8.70567413058243e-06,,,
gamma,,6.775815934283286e-08,1.3471314279393267e-06,0.9999405344694223,0.9963618452146379,0.995527394707417,0.9999977946281433,0.0003439548114935557,0.00045455992221832275,0.0004584292570749919,0.000382155179977417,8.385876814524333e-05,1.0,,,,,,,,1815,fryum,1,-0.8222504754861196,-0.8222023795048395,0.6598584759551352,0.6639768657757043,0.004118389820569002,,,
gamma,,3.042068869751102e-09,2.2755582654402343e-08,0.9980522845876135,0.9985035099642247,0.9768915393216548,0.9999992847442627,8.61802448829015e-05,0.0002611974875132243,0.00011767943700154622,9.377797444661458e-05,6.300707658131917e-05,1.0,,,,,,,,1820,fryum,1,-0.8227482487758001,-0.8228054841359457,0.0068937677338346565,0.006965980300065633,7.221256623097649e-05,,,
saturation,,1.278878890548018e-09,5.18190790152741e-09,0.9896485533632053,0.9948621323681234,0.8725307491613865,0.9999847412109375,0.0007474087178707123,0.0013687262932459514,0.0010123153527577717,0.000830461581548055,0.00011959671974182129,1.0,,,,,,,,1813,fryum,0,-0.8222796320915222,-0.8223348756631216,,,,,,
saturation,,6.571773403121119e-10,2.1328498714107695e-09,0.994903602971509,0.997566154170092,0.8878121505777116,0.9999946355819702,0.0003553057710329692,0.0005529125531514486,0.0004724562168121338,0.0003947814305623372,0.00018854935963948569,1.0,,,,,,,,1816,fryum,0,-0.8223115702470144,-0.8221230208873749,,,,,,
saturation,,1.266642428310746e-09,3.288809567574229e-09,0.992428644952775,0.9923693251899326,0.8199776369735371,0.999933123588562,0.0014252302547295888,0.004378000895182292,0.0019607941309611,0.0015836159388224285,0.000383719801902771,1.0,,,,,,,,1817,fryum,0,-0.8220806668202082,-0.8223243455092112,,,,,,
saturation,,1.3162827573965843e-09,9.150690795373563e-09,0.9924341811362458,0.9963988211184542,0.9716734998136415,0.9999889135360718,0.0004910745968421301,0.0007174263397852579,0.0006596346696217855,0.0005456556876500448,0.00021933019161224365,1.0,,,,,,,,1818,fryum,0,-0.822886511683464,-0.8229739864667257,,,,,,
saturation,,0.00021682130298773152,0.002692669382650542,0.9988850388588992,0.998095047229398,0.9918002236302647,0.9999657869338989,0.0008982845271627108,0.0029828796784083047,0.001215199629465739,0.0009980847438176472,0.00038088858127593994,1.0,,,,,,,,1812,fryum,1,-0.8230683356523514,-0.8232964873313904,0.7550697880502742,0.748461201603625,-0.0066085864466493005,,,
saturation,,1.6353432790494479e-09,2.3906754685486282e-08,0.9997979772267549,0.9972495513373809,0.9936638091688409,0.9999914169311523,0.00048827209199468297,0.001716017723083496,0.0006758968035380045,0.000542566180229187,2.195437749226888e-05,1.0,,,,,,,,1814,fryum,1,-0.8230757514635721,-0.8230779965718588,0.603986391315192,0.5967568557681041,-0.00722953554708794,,,
saturation,,8.498911387280962e-08,1.5878932586612358e-06,0.9993055264322568,0.9925812416861989,0.9862094670145359,0.9999856352806091,0.0007272991351783276,0.0020601203044255576,0.0009980201721191406,0.0008081396420796713,0.0004504372676213582,1.0,,,,,,,,1815,fryum,1,-0.8222504754861196,-0.8225710441668829,0.6598584759551352,0.6630265269848467,0.003168051029711405,,,
saturation,,4.271461953811841e-09,3.242728439820163e-08,0.9960129268653324,0.9974181824740992,0.9578829668281774,0.9999945163726807,0.00016863892475763956,0.0004374980926513672,0.0002359449863433838,0.00018539031346638998,0.0002109458049138387,1.0,,,,,,,,1820,fryum,1,-0.8227482487758001,-0.8225373029708862,0.0068937677338346565,0.006779532172938073,-0.00011423556089658338,,,
gaussian_blur,,5.9142010073808015e-09,1.9129321868818067e-08,0.9263545237774407,0.9658765817207763,0.6612001490868431,0.9997625350952148,0.003078907417754332,0.007460435231526692,0.004263182481129964,0.0034209986527760825,0.0009423196315765381,1.0,,,,,,,,1813,fryum,0,-0.8222796320915222,-0.8213451206684113,,,,,,
gaussian_blur,,6.08887330906769e-09,2.6431519009538253e-08,0.8342128629851809,0.9149900848298649,0.40477077897875513,0.9997474551200867,0.002511020749807358,0.006285270055135091,0.003428339958190918,0.002790038784344991,0.0014039874076843262,1.0,,,,,,,,1816,fryum,0,-0.8223115702470144,-0.8209270139535269,,,,,,
gaussian_blur,,3.4856117468826963e-09,1.3850085394219395e-08,0.9081775851252872,0.9000852662917007,0.6004472605292583,0.9996770620346069,0.002658441197127104,0.008281230926513672,0.0036742687225341797,0.002953827381134033,0.0011845131715138753,1.0,,,,,,,,1817,fryum,0,-0.8220806668202082,-0.8208961536486944,,,,,,
gaussian_blur,,9.168747144355883e-09,3.654663790344552e-08,0.9517111131315346,0.9341128536812696,0.8304137159895639,0.9995673894882202,0.004525142100950082,0.011258125305175781,0.006198883056640625,0.0050279200077056885,0.0020809719959894815,1.0,,,,,,,,1818,fryum,0,-0.822886511683464,-0.8208155433336893,,,,,,
gaussian_blur,,0.0007562753096300777,0.009108527087389505,0.9903046980676191,0.9530367087490607,0.9601192694744689,0.9997562170028687,0.003803950734436512,0.008495012919108072,0.00525239109992981,0.004226600130399068,0.0019755115111668906,1.0,,,,,,,,1812,fryum,1,-0.8230683356523514,-0.8210928241411845,0.7550697880502742,0.7567468710035593,0.0016770829532850584,,,
gaussian_blur,,2.020598964000549e-08,2.3533147978825023e-07,0.9934995231964363,0.9338621468296935,0.9392471114424152,0.9996219873428345,0.00434272022296985,0.009447495142618815,0.0059297482172648115,0.00482522447903951,0.0013357897599538167,1.0,,,,,,,,1814,fryum,1,-0.8230757514635721,-0.8217606842517853,0.603986391315192,0.6153680659776836,0.011381674662491514,,,
gaussian_blur,,5.76890401235849e-07,1.1188240338508906e-05,0.9480577522609146,0.9263544062708483,0.7491613865076407,0.9997984766960144,0.0024788215135534606,0.0060939788818359375,0.003420760234196981,0.0027542163928349814,0.0006580899159113566,1.0,,,,,,,,1815,fryum,1,-0.8222504754861196,-0.8216004023949305,0.6598584759551352,0.6608912857787451,0.0010328098236098704,,,
gaussian_blur,,1.0979094473591351e-08,4.9584795139510735e-08,0.9215972522385769,0.9473800927241733,0.8017144986954902,0.9997458457946777,0.001478624219695727,0.004518454273541768,0.0020639697710673013,0.0016428977251052856,0.0008904039859771729,1.0,,,,,,,,1820,fryum,1,-0.8227482487758001,-0.8218578447898229,0.0068937677338346565,0.0046058418861690325,-0.002287925847665624,,,
gaussian_noise,,4.4831891553699625e-09,1.384083708068067e-08,0.9494961529897452,0.9320170327309696,0.7040626164740962,0.9998757839202881,0.0023348606191575527,0.004066149393717448,0.0031763811906178794,0.002594277262687683,0.0006142556667327881,1.0,,,,,,,,1813,fryum,0,-0.8222796320915222,-0.8216653764247894,,,,,,
gaussian_noise,,3.0364147027043414e-09,9.788714810370533e-09,0.9459587547137951,0.8938555508304339,0.7219530376444279,0.9998383522033691,0.0017301846916476886,0.004595836003621419,0.002334753672281901,0.0019224286079406738,0.0010243306557337444,1.0,,,,,,,,1816,fryum,0,-0.8223115702470144,-0.8212872395912806,,,,,,
gaussian_noise,,2.7326717270603303e-09,6.969476792794668e-09,0.9623053208488446,0.9273890774890324,0.6246738725307491,0.9998550415039062,0.0024278142179052034,0.0059922536214192705,0.0033438503742218018,0.0026975969473520913,0.0002467234929402669,1.0,,,,,,,,1817,fryum,0,-0.8220806668202082,-0.821833943327268,,,,,,
gaussian_noise,,4.791709784534778e-09,1.8371520888432162e-08,0.9194238291460183,0.9050081354955388,0.6384644055162132,0.9997105002403259,0.0023940245931347213,0.007367769877115886,0.0032735864321390786,0.002660021185874939,0.0001687308152516683,1.0,,,,,,,,1818,fryum,0,-0.822886511683464,-0.8227177808682123,,,,,,
gaussian_noise,,0.0025228803970225194,0.028835160317792794,0.8888105553604259,0.9181535409060084,0.8803578084234066,0.99988853931427,0.003962888227154811,0.008580947915712992,0.005437890688578288,0.004403258363405864,0.0004557718833287557,1.0,,,,,,,,1812,fryum,1,-0.8230683356523514,-0.8226125637690226,0.7550697880502742,0.7813601726056629,0.02629038455538868,,,
gaussian_noise,,4.441329208414358e-09,3.550244526185851e-08,0.9954305082388423,0.8829422190580788,0.8848304137159896,0.9998394846916199,0.0023641204461455345,0.007274548212687175,0.0032145678997039795,0.00262625515460968,0.0005914916594823202,1.0,,,,,,,,1814,fryum,1,-0.8230757514635721,-0.8226006875435511,0.603986391315192,0.6191649572257095,0.015178565910517472,,,
gaussian_noise,,8.578789787458243e-07,1.9070320303179124e-05,0.9961235534359426,0.8785549628911222,0.9683190458442043,0.9997822642326355,0.003982022870332003,0.008418798446655273,0.005395412445068359,0.004424482583999634,0.0002519388993581136,1.0,,,,,,,,1815,fryum,1,-0.8222504754861196,-0.822310229142507,0.6598584759551352,0.626004350308608,-0.03385412564652723,,,
gaussian_noise,,1.6002578864427985e-08,9.122666942278068e-08,0.7974068370192319,0.9131105097239806,0.5441669772642564,0.9997334480285645,0.004535883044203122,0.00878964364528656,0.006168792645136516,0.0050398608048756914,0.0004419634739557902,1.0,,,,,,,,1820,fryum,1,-0.8227482487758001,-0.8223062853018442,0.0068937677338346565,0.0032346973960670636,-0.003659070337767593,,,
jpeg,,3.122395487258257e-09,1.0570805569549746e-08,0.9202011353859587,0.9263638831470997,0.6295191949310474,0.9999460577964783,0.000798532273620367,0.002092262109120687,0.00108604629834493,0.0008872747421264648,0.00030032793680826825,1.0,,,,,,,,1813,fryum,0,-0.8222796320915222,-0.82256152232488,,,,,,
jpeg,,3.558157978843598e-09,1.0946555528445083e-08,0.8945777007835789,0.9455642394407783,0.5464032799105479,0.9998521208763123,0.0019208712813754876,0.0036811033884684243,0.0026502509911855063,0.0021342883507410684,0.00041590134302775067,1.0,,,,,,,,1816,fryum,0,-0.8223115702470144,-0.8218956689039866,,,,,,
jpeg,,2.6596631845182437e-09,8.169899088319939e-09,0.9035553921059619,0.8978511234071701,0.5736116287737607,0.9999391436576843,0.001242639496922493,0.0026848564545313516,0.0017379820346832275,0.0013807117938995361,5.644559860229492e-05,1.0,,,,,,,,1817,fryum,0,-0.8220806668202082,-0.8220359434684118,,,,,,
jpeg,,4.562383270037646e-09,2.5639625855054776e-08,0.807681362226486,0.8990214987436392,0.5516213194185613,0.9999369382858276,0.0012193865453203518,0.003065903981526693,0.0016701618830362956,0.0013548781474431355,0.0004760473966598511,1.0,,,,,,,,1818,fryum,0,-0.822886511683464,-0.8233230908711752,,,,,,
jpeg,,0.0007629172536989462,0.00881895067443346,0.983357957544401,0.9458000984429922,0.9340290719344018,0.9999103546142578,0.0014442140236496925,0.003982330362002055,0.0019329885641733806,0.0016046712795893352,0.00020431975523630777,1.0,,,,,,,,1812,fryum,1,-0.8230683356523514,-0.8232005834579468,0.7550697880502742,0.7374930772302036,-0.017576710820070618,,,
jpeg,,7.476639570381075e-09,9.878176655924517e-08,0.9948787336333642,0.9356278126782733,0.839731643682445,0.9999468326568604,0.0011559538543224335,0.002110059062639872,0.0015702446301778157,0.0012844055891036987,0.00044163564840952557,1.0,,,,,,,,1814,fryum,1,-0.8230757514635721,-0.823479508360227,0.603986391315192,0.577906769200325,-0.02607962211486703,,,
jpeg,,2.1274830432772508e-06,5.2551310158083494e-05,0.9640974262421261,0.8852266780860749,0.9340290719344018,0.9999321699142456,0.0012115966528654099,0.0031179835398991904,0.0016913314660390217,0.0013461907704671223,0.0007865975300470988,1.0,,,,,,,,1815,fryum,1,-0.8222504754861196,-0.8229981809854507,0.6598584759551352,0.650839680599581,-0.009018795355554277,,,
jpeg,,1.4064509030993769e-08,8.497145540034849e-08,0.8277728698727763,0.9612717163006056,0.5423033917256802,0.9999055862426758,0.0025370572693645954,0.004609425862630208,0.00350189208984375,0.0028189669052759805,0.0005360841751098633,1.0,,,,,,,,1820,fryum,1,-0.8227482487758001,-0.8222958495219549,0.0068937677338346565,0.0025746983896732657,-0.00431906934416139,,,
resize_cycle,,3.6357665483517958e-09,1.1802655301293524e-08,0.983451835114047,0.9679026188719323,0.8594856503913529,0.999937891960144,0.0014515795434514682,0.0027017047007878623,0.001991142829259237,0.0016128718852996826,0.0006520748138427734,1.0,,,,,,,,1813,fryum,0,-0.8222796320915222,-0.8221252957979838,,,,,,
resize_cycle,,4.2661065836541815e-09,1.962272426571255e-08,0.8862151563445754,0.9736664935317881,0.4822959373835259,0.9999329447746277,0.0017971737931172054,0.0035152683655420938,0.002444495757420858,0.0019968549410502114,0.0005230307579040527,1.0,,,,,,,,1816,fryum,0,-0.8223115702470144,-0.8218256135781606,,,,,,
resize_cycle,,3.914334274603999e-09,1.4076836669279571e-08,0.9438272182631307,0.9578957181710261,0.5836749906820723,0.9999204874038696,0.002126143158723911,0.005631566047668457,0.0028990209102630615,0.002361824115117391,0.0002463112274805705,1.0,,,,,,,,1817,fryum,0,-0.8220806668202082,-0.8218615849812826,,,,,,
resize_cycle,,6.054373556920543e-09,2.403644806644629e-08,0.9800326105086582,0.9464361179067867,0.8598583674990682,0.9999251365661621,0.002210634139676889,0.0049076080322265625,0.0030226012070973716,0.0024562478065490723,0.00030718743801116943,1.0,,,,,,,,1818,fryum,0,-0.822886511683464,-0.8226872980594635,,,,,,
resize_cycle,,0.00019076781194064948,0.0023542262810904223,0.9985182897373923,0.9784903364431936,0.9880730525531122,0.9998923540115356,0.002468944682429234,0.006246144572893779,0.00343438982963562,0.0027432640393575034,0.0006868789593378702,1.0,,,,,,,,1812,fryum,1,-0.8230683356523514,-0.8230990866820017,0.7550697880502742,0.7505556470470183,-0.004514141003255978,,,
resize_cycle,,1.2349814610437567e-08,1.6863200265164156e-07,0.991115876987235,0.9664671383285934,0.9183749534103616,0.9999317526817322,0.0011966464420159657,0.003734588623046875,0.0016231040159861247,0.0013290494680404663,0.0005385279655456543,1.0,,,,,,,,1814,fryum,1,-0.8230757514635721,-0.8230875333150228,0.603986391315192,0.6181994994621889,0.014213108146996833,,,
resize_cycle,,6.69197636432451e-07,1.405812042707302e-05,0.9864521691988065,0.9518040752402223,0.905329854640328,0.9999098181724548,0.001754004042595625,0.004701137542724609,0.0023843546708424888,0.0019488483667373657,0.0010941177606582642,1.0,,,,,,,,1815,fryum,1,-0.8222504754861196,-0.8230168471733729,0.6598584759551352,0.6534695228307378,-0.006388953124397467,,,
resize_cycle,,8.606798166367858e-09,5.146231972014654e-08,0.9531517475172748,0.9648388835581491,0.9176295191949311,0.9998127222061157,0.0023544123396277428,0.004935503005981445,0.0032015939553578696,0.002616003155708313,0.0010087291399637859,1.0,,,,,,,,1820,fryum,1,-0.8227482487758001,-0.823153222600619,0.0068937677338346565,0.005689417535374928,-0.0012043501984597286,,,
brightness,,7.323493941904624e-10,3.3592522603682973e-09,0.9955139235706376,0.9925865654062929,0.9504286246738726,0.9999850988388062,0.0006240316045780977,0.0013086398442586262,0.0008756617705027262,0.0006933708985646566,0.000357896089553833,1.0,,,,,,,,1962,pcb1,0,-1.0182564407587051,-1.0180306285619736,,,,,,
brightness,,7.092387901042806e-10,2.6141314127983357e-09,0.9714100898670328,0.9915170942472471,0.8624673872530749,0.9999777674674988,0.00047100459535916645,0.0010477105776468913,0.0006705820560455322,0.0005233138799667358,0.00042213499546051025,1.0,,,,,,,,1963,pcb1,0,-1.0192667692899704,-1.0189229150613148,,,,,,
brightness,,7.065502480295203e-10,3.4914648557716293e-09,0.9817885736062303,0.988122233291897,0.9288110324263884,0.9999865293502808,0.00043496085951725644,0.000974963108698527,0.0006152838468551636,0.00048320988814036053,0.00019077459971110025,1.0,,,,,,,,1965,pcb1,0,-1.0169520725806553,-1.0171126474936802,,,,,,
brightness,,2.2548669820927056e-09,1.1730461851196752e-08,0.9564472545020121,0.989931224867461,0.8319045844204249,0.9999303817749023,0.001604922271023194,0.006990174452463786,0.0022836575905481973,0.001781242589155833,0.0010391473770141602,1.0,,,,,,,,1971,pcb1,0,-1.0184681415557861,-1.019476056098938,,,,,,
brightness,,5.034386468664432e-07,7.895506372712693e-06,0.43577372358684924,0.9859208671095748,0.5173313455087588,0.9999145865440369,0.003537032132347425,0.01162878672281901,0.005051841338475545,0.00393002728621165,0.0013872186342875163,1.0,,,,,,,,1964,pcb1,1,-1.0186717212200165,-1.018046647310257,0.6517122635919361,0.5436001321163763,-0.10811213147555987,,,
brightness,,2.5977096167980125e-06,8.449218463118541e-05,0.9951363443267892,0.9903971462043587,0.9295564666418189,0.9999780654907227,0.0006870349558691183,0.0041726330916086836,0.0009787033001581829,0.0007632871468861898,0.0004281848669052124,1.0,,,,,,,,1966,pcb1,1,-1.0181752492984135,-1.017864207426707,0.6441597457722307,0.6037386443979125,-0.0404211013743182,,,
brightness,,1.1967039847389635e-07,2.74957054432616e-06,0.9986990112767788,0.987332754185868,0.9880730525531122,0.999983012676239,0.0005926941521465778,0.003931204477945964,0.0008275111516316732,0.0006585468848546346,0.0003045797348022461,1.0,,,,,,,,1967,pcb1,1,-1.0180298040310543,-1.0182818522055943,0.4506277303410064,0.45539049273517473,0.004762762394168341,,,
brightness,,1.2263307008458332e-09,7.397114468684452e-09,0.9743698417685579,0.9929359998528862,0.8870667163622811,0.9999732971191406,0.00023376569151878357,0.0005993048350016276,0.000336642066637675,0.0002593894799550374,0.00040655334790547687,1.0,,,,,,,,1968,pcb1,1,-1.0187075237433116,-1.0190790891647339,0.01329726727730898,0.011562876757386363,-0.001734390519922616,,,
contrast,,5.068230066195093e-10,2.5487848989751065e-09,0.9954646876008529,0.995106749648674,0.9474468878121506,0.9999803900718689,0.0002950892473260562,0.0006814797719319662,0.0004269033670425415,0.0003278777003288269,0.0003031243880589803,1.0,,,,,,,,1962,pcb1,0,-1.0182564407587051,-1.0179533163706462,,,,,,
contrast,,3.9852855951273113e-10,1.457267880458343e-09,0.99016491302151,0.9927618511190115,0.9228475587029444,0.9999093413352966,0.000877981229374806,0.0027431746323903403,0.001232658823331197,0.0009754349788029989,0.0011689464251200359,1.0,,,,,,,,1963,pcb1,0,-1.0192667692899704,-1.0181571890910466,,,,,,
contrast,,8.218158262171456e-10,3.8992071986782975e-09,0.9864902157459251,0.9876696520405592,0.9120387625792024,0.9999775886535645,0.00065085602303346,0.002264817555745443,0.0009231865406036377,0.0007231781880060831,0.0002012451489766439,1.0,,,,,,,,1965,pcb1,0,-1.0169520725806553,-1.0169321844975154,,,,,,
contrast,,1.01317668472461e-09,4.73531425491873e-09,0.9716829855792611,0.9890949785622725,0.8904211703317182,0.9999698996543884,0.0009818760057290394,0.002857824166615804,0.001373608907063802,0.0010909885168075562,0.000630443294843038,1.0,,,,,,,,1971,pcb1,0,-1.0184681415557861,-1.0190762827793758,,,,,,
contrast,,3.002828256787552e-07,5.4524498266578835e-06,0.8642069063110638,0.986722861623035,0.937383525903839,0.9999682903289795,0.0010432849327723186,0.0054594675699869795,0.0014421244462331135,0.0011592209339141846,0.0006835659344991049,1.0,,,,,,,,1964,pcb1,1,-1.0186717212200165,-1.018508384625117,0.6517122635919361,0.6263126381225221,-0.02539962546941399,,,
contrast,,9.195364093758291e-07,2.7859510429448195e-05,0.9998220670938505,0.9892112617108814,0.9824822959373836,0.9999753832817078,0.0007603423049052557,0.0031725366910298667,0.0010767330725987752,0.0008448213338851929,0.0004904419183731079,1.0,,,,,,,,1966,pcb1,1,-1.0181752492984135,-1.0186424553394318,0.6441597457722307,0.6438760721684677,-0.00028367360376302386,,,
contrast,,1.1153703133904185e-07,2.4590241965696764e-06,0.9998931010037175,0.9847293334054275,0.9891912038762579,0.999940812587738,0.0007554255425930023,0.005268414815266927,0.00108395516872406,0.0008394047617912292,0.0009755045175552368,1.0,,,,,,,,1967,pcb1,1,-1.0180298040310543,-1.0170945922533672,0.4506277303410064,0.44720606360966847,-0.0034216667313379245,,,
contrast,,9.207365387446747e-10,5.686221510537111e-09,0.9892904226126988,0.9935816893573995,0.9299291837495341,0.9999842047691345,0.00010613212361931801,0.00041530529657999676,0.0001669079065322876,0.00011757016181945801,0.0003448625405629476,1.0,,,,,,,,1968,pcb1,1,-1.0187075237433116,-1.0190308690071106,0.01329726727730898,0.013256892149246616,-4.037512806236328e-05,,,
gamma,,5.072357637868101e-10,2.8785323050275276e-09,0.998172595495099,0.9979615334361412,0.9735370853522176,0.999994695186615,0.0005799996045728525,0.0019036928812662761,0.0008066892623901367,0.0006444752216339111,0.00012444456418355307,1.0,,,,,,,,1962,pcb1,0,-1.0182564407587051,-1.0183593680461247,,,,,,
gamma,,3.2831276721068526e-10,2.2799541374307336e-09,0.9957670828248277,0.9971598706693231,0.9429742825195676,0.9999949336051941,0.0003161669398347537,0.0006883939107259115,0.00044791897137959796,0.0003512948751449585,7.80274470647176e-05,1.0,,,,,,,,1963,pcb1,0,-1.0192667692899704,-1.0192303856213887,,,,,,
gamma,,2.428345218103548e-10,1.2102222836850295e-09,0.9987539963110283,0.9974006505041395,0.9690644800596347,0.9999934434890747,0.00019993353635072708,0.0004153251647949219,0.00028464198112487793,0.00022214651107788086,0.00020939111709594727,1.0,,,,,,,,1965,pcb1,0,-1.0169520725806553,-1.0167977561553319,,,,,,
gamma,,3.0824778565587554e-10,1.441104178698055e-09,0.9982337460211845,0.9963423461870187,0.9511740588893031,0.9999926090240479,0.00020599365234375,0.0003051360448201497,0.0002771417299906413,0.0002288818359375,0.0002225339412689209,1.0,,,,,,,,1971,pcb1,0,-1.0184681415557861,-1.0183095037937164,,,,,,
gamma,,1.4892160978653074e-08,2.5377276460097765e-07,0.9994835976763694,0.9972795496409593,0.9940365262765561,0.9999837875366211,0.0006279234463969866,0.0021622578303019204,0.000871509313583374,0.0006976922353108724,0.000402107834815979,1.0,,,,,,,,1964,pcb1,1,-1.0186717212200165,-1.0183187276124954,0.6517122635919361,0.6621522670111024,0.010440003419166288,,,
gamma,,1.6973335605145586e-06,5.459820330903135e-05,0.9993557171025934,0.9984105546449279,0.9880730525531122,0.9999903440475464,0.00020187518869837126,0.0030728578567504883,0.0002814680337905884,0.00022391974925994873,0.0002917697032292684,1.0,,,,,,,,1966,pcb1,1,-1.0181752492984135,-1.0178898374239604,0.6441597457722307,0.6302677211701765,-0.013892024602054187,,,
gamma,,3.288713866745518e-08,7.418060776975549e-07,0.9999161815305166,0.995498166563408,0.9918002236302647,0.999963641166687,0.0007355048631628355,0.005065619945526123,0.0010398725668589275,0.0008172392845153809,0.0009202609459559122,1.0,,,,,,,,1967,pcb1,1,-1.0180298040310543,-1.0171399017175038,0.4506277303410064,0.4468505986309555,-0.003777131710050896,,,
gamma,,4.628661760352172e-10,3.718566281599182e-09,0.9967408502545795,0.9969105635955958,0.9698099142750652,0.9999921321868896,0.00029602615783611935,0.0014517903327941895,0.0004270821809768677,0.00032859047253926593,0.00030943254629770917,1.0,,,,,,,,1968,pcb1,1,-1.0187075237433116,-1.0184422781070073,0.01329726727730898,0.013226521297879082,-7.074597942989709e-05,,,
saturation,,3.1017853073700554e-10,1.7807767543983614e-09,0.9977337120789297,0.997186721172776,0.9619828550130451,0.9999922513961792,0.00039891696845491725,0.0008451541264851888,0.0005566676457722982,0.00044323007265726727,0.00042138993740081787,1.0,,,,,,,,1962,pcb1,0,-1.0182564407587051,-1.0178350508213043,,,,,,
saturation,,1.378280669664148e-10,7.856539542004194e-10,0.9990323970278193,0.9964707376755396,0.9787551248602311,0.9999832510948181,0.00030258189265926677,0.0007357597351074219,0.0004325409730275472,0.0003362049659093221,0.0005076974630355835,1.0,,,,,,,,1963,pcb1,0,-1.0192667692899704,-1.0187590718269348,,,,,,
saturation,,2.1763147585565683e-10,1.2595386197117708e-09,0.9996715404110522,0.9957940028796317,0.9910547894148342,0.9999949336051941,0.00019970986371239027,0.0004696051279703776,0.00028440356254577637,0.00022188822428385416,0.0002700686454772949,1.0,,,,,,,,1965,pcb1,0,-1.0169520725806553,-1.016682003935178,,,,,,
saturation,,3.3429009124635773e-10,1.8420212324338856e-09,0.99869820637499,0.9959991620269781,0.9273201639955274,0.9999982714653015,0.0001742184783021609,0.00035434961318969727,0.00023804108301798502,0.00019359588623046875,1.49458646774292e-05,1.0,,,,,,,,1971,pcb1,0,-1.0184681415557861,-1.0184531956911087,,,,,,
saturation,,4.017211819907255e-08,6.546915079574544e-07,0.9990775166920671,0.9958757891432661,0.9966455460305628,0.999992847442627,0.0003724439690510432,0.0009070485830307007,0.0005287428696950277,0.00041356682777404785,0.00022286673386891684,1.0,,,,,,,,1964,pcb1,1,-1.0186717212200165,-1.0184488544861476,0.6517122635919361,0.6608911501168967,0.009178886524960572,,,
saturation,,9.2267045230394e-07,2.3897753613266465e-05,0.9997277861915626,0.9976660268002422,0.9847185985836749,0.9999923706054688,0.0004368927329778671,0.0008315046628316244,0.0006223469972610474,0.00048544009526570636,0.00024667878945668537,1.0,,,,,,,,1966,pcb1,1,-1.0181752492984135,-1.0182342231273651,0.6441597457722307,0.6380554506171391,-0.006104295155091588,,,
saturation,,2.0078966364403172e-08,4.101713481869382e-07,0.9999478451581946,0.9958032050957757,0.9932910920611256,0.999991774559021,0.00040471817677219707,0.002626498540242513,0.0005905429522196451,0.00044969220956166583,0.0003493775924046834,1.0,,,,,,,,1967,pcb1,1,-1.0180298040310543,-1.0176804264386494,0.4506277303410064,0.4525084862974591,0.0018807559564527065,,,
saturation,,1.404133620436044e-10,5.496756400317135e-10,0.9997024470187564,0.9977079846683559,0.9910547894148342,0.9999984502792358,0.0002003982663154602,0.00022373596827189127,0.00028447310129801434,0.00022265811761220297,0.00011038780212402344,1.0,,,,,,,,1968,pcb1,1,-1.0187075237433116,-1.0185971359411876,0.01329726727730898,0.012969726331646031,-0.0003275409456629484,,,
gaussian_blur,,2.389876949543175e-09,1.1352830505670945e-08,0.8164430804070091,0.9240572150400876,0.6727543794260157,0.9994508624076843,0.004200289802004893,0.014196256796518961,0.005868112047513326,0.004666971663633983,0.0008529474337895712,1.0,,,,,,,,1962,pcb1,0,-1.0182564407587051,-1.0177213946978252,,,,,,
gaussian_blur,,1.7008716802311856e-09,7.87731012853069e-09,0.6932723255278996,0.9185474934959436,0.4021617592247484,0.9995813369750977,0.003338603302836418,0.01217325528462728,0.004683951536814372,0.003709547221660614,0.0009263406197230021,1.0,,,,,,,,1963,pcb1,0,-1.0192667692899704,-1.0186592042446136,,,,,,
gaussian_blur,,1.9397376660424717e-09,9.028273946405325e-09,0.8356903408650936,0.9282467233623019,0.6641818859485651,0.9992936849594116,0.0023895949125289917,0.012846787770589193,0.003319422403971354,0.0026551062862078347,0.0018904755512873332,1.0,,,,,,,,1965,pcb1,0,-1.0169520725806553,-1.0182177325089772,,,,,,
gaussian_blur,,2.4939595762751194e-09,1.2565891030528225e-08,0.8043338567079356,0.9169251698602928,0.5020499440924339,0.9996082782745361,0.003559702386458715,0.015091021855672201,0.005014280478159587,0.0039552077651023865,0.0006392200787862142,1.0,,,,,,,,1971,pcb1,0,-1.0184681415557861,-1.018116573492686,,,,,,
gaussian_blur,,3.1299881730612057e-07,5.172520834099199e-06,0.9219219528585231,0.9173879417418934,0.8956392098397317,0.9995590448379517,0.006028073839843273,0.02329144875208537,0.008368606368700663,0.00669785092274348,0.0005326966444651285,1.0,,,,,,,,1964,pcb1,1,-1.0186717212200165,-1.0184941689173381,0.6517122635919361,0.8058263293984506,0.15411406580651443,,,
gaussian_blur,,8.750487058599108e-06,0.00026479642204192585,0.9941148415194778,0.9083205301362779,0.9590011181513232,0.999538779258728,0.0031775630389650664,0.011442621548970541,0.00440769890944163,0.0035306314627329507,0.0005625138680140177,1.0,,,,,,,,1966,pcb1,1,-1.0181752492984135,-1.0187377631664276,0.6441597457722307,0.6009937256487708,-0.043166020123459825,,,
gaussian_blur,,2.4375858337212386e-07,5.5434838976910085e-06,0.9303725352967908,0.9122135800425202,0.7461796496459188,0.9994460940361023,0.002495206892490387,0.01688416798909505,0.0034303168455759683,0.0027724653482437134,0.001215005914370219,1.0,,,,,,,,1967,pcb1,1,-1.0180298040310543,-1.0188868641853333,0.4506277303410064,0.2884121245030936,-0.16221560583791278,,,
gaussian_blur,,2.8395955689398927e-09,1.7165588632891e-08,0.7863482422263881,0.9306281597366122,0.7070443533358182,0.9994978904724121,0.0037204883992671967,0.012194315592447916,0.005203445752461751,0.004133850336074829,0.0010313789049784343,1.0,,,,,,,,1968,pcb1,1,-1.0187075237433116,-1.0180303156375885,0.01329726727730898,0.006578722602553814,-0.006718544674755166,,,
gaussian_noise,,1.243109176751939e-09,4.048259021151694e-09,0.9835484866967035,0.9091683086749033,0.9496831904584421,0.9992986917495728,0.003947709376613299,0.01240086555480957,0.005547722180684407,0.004386027654012044,0.0028666804234186807,1.0,,,,,,,,1962,pcb1,0,-1.0182564407587051,-1.021123121182124,,,,,,
gaussian_noise,,6.736183187801623e-10,2.0233374314793287e-09,0.9801448522984686,0.9187990036477367,0.873276183376817,0.9998537302017212,0.0011664855604370434,0.005589425563812256,0.0016671667496363323,0.0012961203853289287,0.00014889736970265707,1.0,,,,,,,,1963,pcb1,0,-1.0192667692899704,-1.0191816985607147,,,,,,
gaussian_noise,,8.806179003493217e-10,3.6906725596157707e-09,0.9724364931404075,0.926338279588224,0.8866939992545658,0.9998771548271179,7.433040688435237e-05,0.0002720753351847331,0.00011376539866129558,8.221218983332317e-05,0.0006054540475209554,1.0,,,,,,,,1965,pcb1,0,-1.0169520725806553,-1.0172363768021266,,,,,,
gaussian_noise,,1.7127253404799693e-09,8.303650887688516e-09,0.8945709286899474,0.922176105349949,0.7685426761088334,0.9997992515563965,0.0002553442803521951,0.006626645723978679,0.00035135944684346515,0.0002837379773457845,0.0007912516593933105,1.0,,,,,,,,1971,pcb1,0,-1.0184681415557861,-1.019085983435313,,,,,,
gaussian_noise,,4.179732408595459e-07,6.681276606049954e-06,0.9855095670408268,0.9267986018097635,0.940365262765561,0.9997476935386658,0.0032025103767712912,0.006011962890625,0.004424989223480225,0.0035583426554997763,0.0012161433696746826,1.0,,,,,,,,1964,pcb1,1,-1.0186717212200165,-1.0193524360656738,0.6517122635919361,0.5573491069470844,-0.09436315664485173,,,
gaussian_noise,,1.36237486048801e-06,3.1001337058073154e-05,0.9972627817377816,0.9457084038434116,0.9590011181513232,0.9998716115951538,0.0011707283556461334,0.005026340484619141,0.0016745974620183308,0.0013007918993632,0.0003715107838312785,1.0,,,,,,,,1966,pcb1,1,-1.0181752492984135,-1.0178306301434834,0.6441597457722307,0.6807040987307879,0.03654435295855718,,,
gaussian_noise,,7.371119633477532e-08,1.8424784099444757e-06,0.9913499700237506,0.941075078232933,0.9496831904584421,0.9996588230133057,0.0018692744585374992,0.010924041271209717,0.0026505490144093833,0.0020769586165746055,0.0012816190719604492,1.0,,,,,,,,1967,pcb1,1,-1.0180298040310543,-1.0189591199159622,0.4506277303410064,0.45243942820861466,0.001811697867608264,,,
gaussian_noise,,9.910446336113257e-10,4.613656841243679e-09,0.9780508907776858,0.951307151294373,0.9325382035035408,0.9998114109039307,0.0013530684324602287,0.0028473536173502603,0.0019553154706954956,0.0015034402410189311,0.0007660587628682455,1.0,,,,,,,,1968,pcb1,1,-1.0187075237433116,-1.0192815760771434,0.01329726727730898,0.014849417318727812,0.0015521500414188323,,,
jpeg,,3.1709969205692833e-09,2.380894225130524e-08,0.9801482659439109,0.9191286582253598,0.9191203876257921,0.9998759627342224,0.0011561693002780278,0.005726337432861328,0.0016936659812927246,0.0012846365571022034,0.0008557091156641642,1.0,,,,,,,,1962,pcb1,0,-1.0182564407587051,-1.0191121498743694,,,,,,
jpeg,,1.021622067527484e-09,3.7214688310990384e-09,0.9765078450904009,0.9197356318738175,0.8430860976518822,0.9998598098754883,0.0011018176252643268,0.0035154024759928384,0.0015903164943059285,0.001224219799041748,0.0011115223169326782,1.0,,,,,,,,1963,pcb1,0,-1.0192667692899704,-1.0184184114138286,,,,,,
jpeg,,1.2042407849281658e-09,5.475370093307259e-09,0.9228549071494829,0.9346781896178002,0.7603428997390981,0.9998924136161804,0.0009496506924430529,0.002957026163736979,0.0013559659322102864,0.001055183509985606,0.001562779148419698,1.0,,,,,,,,1965,pcb1,0,-1.0169520725806553,-1.0183789531389873,,,,,,
jpeg,,2.000480167837631e-09,9.420530886439095e-09,0.9247432670818202,0.9342672151010875,0.6761088333954528,0.9998955130577087,0.0015214667655527592,0.0035669803619384766,0.0022021631399790445,0.0016905292868614197,0.001034786303838094,1.0,,,,,,,,1971,pcb1,0,-1.0184681415557861,-1.0175094306468964,,,,,,
jpeg,,2.932872251067016e-07,4.743585859472854e-06,0.8278726246304656,0.9298276406288711,0.8307864330972792,0.9998628497123718,0.002474069440116485,0.011252721150716146,0.0034884214401245117,0.0027489662170410156,0.001055881381034851,1.0,,,,,,,,1964,pcb1,1,-1.0186717212200165,-1.017762079834938,0.6517122635919361,0.5830842614254174,-0.06862800216651876,,,
jpeg,,6.956047400901665e-06,0.00021022613492767167,0.9972961288472023,0.9525450347724317,0.9504286246738726,0.9999491572380066,0.0010864377642671268,0.0024372140566507974,0.0015501976013183594,0.0012071381012598674,7.93387492497762e-05,1.0,,,,,,,,1966,pcb1,1,-1.0181752492984135,-1.0181184510389965,0.6441597457722307,0.6418383757133677,-0.002321370058863015,,,
jpeg,,1.2469845762160152e-07,2.6586977025202315e-06,0.9910072440410678,0.921653058539701,0.9463287364890048,0.999821662902832,0.001928215070317189,0.012127558390299479,0.0027557164430618286,0.0021424641211827597,0.001421615481376648,1.0,,,,,,,,1967,pcb1,1,-1.0180298040310543,-1.0193387269973755,0.4506277303410064,0.3932991552901832,-0.05732857505082317,,,
jpeg,,1.7779351955069194e-09,1.1522803436819457e-08,0.9600767121382981,0.9509329295867245,0.8833395452851286,0.9998630285263062,0.0023106330384810767,0.0048173268636067705,0.003296002745628357,0.0025673682490984597,0.0013501147429148357,1.0,,,,,,,,1968,pcb1,1,-1.0187075237433116,-1.0198269287745159,0.01329726727730898,0.016844780411858266,0.003547513134549287,,,
resize_cycle,,1.5203538379477194e-09,7.533807352252451e-09,0.961882322287128,0.9584013336255911,0.8486768542676109,0.9996669292449951,0.0027183076987663903,0.009349683920542399,0.0037900408109029136,0.0030203436811765036,0.0016342848539352417,1.0,,,,,,,,1962,pcb1,0,-1.0182564407587051,-1.0194612542788188,,,,,,
resize_cycle,,1.1229046074140409e-09,4.103388246453616e-09,0.9278519084524073,0.9502480856475733,0.7532612746925084,0.9997352361679077,0.0017127689595023792,0.008538266023000082,0.00235860546429952,0.0019026969869931538,0.00044377148151397705,1.0,,,,,,,,1963,pcb1,0,-1.0192667692899704,-1.0195376078287761,,,,,,
resize_cycle,,2.5294405530628543e-09,1.4432233435888427e-08,0.923033559609219,0.9428731414239687,0.7461796496459188,0.9995578527450562,0.003532550918559233,0.014766057332356771,0.004963874816894531,0.0039250776171684265,0.00235159695148468,1.0,,,,,,,,1965,pcb1,0,-1.0169520725806553,-1.0186846554279327,,,,,,
resize_cycle,,1.4199111095844248e-09,6.797445596132419e-09,0.9330488208789475,0.9516579010892969,0.7603428997390981,0.9997050166130066,0.0021041471821566424,0.010739882787068685,0.002931743860244751,0.0023379301031430564,0.00035113096237182617,1.0,,,,,,,,1971,pcb1,0,-1.0184681415557861,-1.0186519026756287,,,,,,
resize_cycle,,2.742389283760366e-07,5.026662592558166e-06,0.9618061110781757,0.9547048147237408,0.9276928811032427,0.9997608661651611,0.00344036395351092,0.010992646217346191,0.004759863018989563,0.0038226072986920676,0.0004266599814097087,1.0,,,,,,,,1964,pcb1,1,-1.0186717212200165,-1.0185070236523945,0.6517122635919361,0.6916246867781419,0.0399124231862058,,,
resize_cycle,,1.5585912052392235e-06,4.3917469235101844e-05,0.9955160509206036,0.9496593462778943,0.9433469996272829,0.9997312426567078,0.002104134764522314,0.008406758308410645,0.002893442908922831,0.002337565024693807,0.0009784897168477376,1.0,,,,,,,,1966,pcb1,1,-1.0181752492984135,-1.018906498948733,0.6441597457722307,0.6076446459374703,-0.03651509983476042,,,
resize_cycle,,9.877500157953164e-08,2.1565214410062483e-06,0.9710432796373267,0.9379454790748879,0.8978755124860232,0.9997431635856628,0.002606635602811972,0.012795289357503256,0.0036057233810424805,0.002896274129549662,0.0004983395338058472,1.0,,,,,,,,1967,pcb1,1,-1.0180298040310543,-1.017797867457072,0.4506277303410064,0.36747291823696887,-0.08315481210403752,,,
resize_cycle,,1.6474103457023646e-09,9.09987588538526e-09,0.9459436303377046,0.9643473468105555,0.8773760715616847,0.9996974468231201,0.0020748114523788295,0.006554047266642253,0.002850880225499471,0.0023053611318270364,0.0003690967957178752,1.0,,,,,,,,1968,pcb1,1,-1.0187075237433116,-1.0186341156562169,0.01329726727730898,0.009587137588755313,-0.0037101296885536667,,,
,,,,,,,,,,,,,,,,,,,,,,,,,,,,,beta:0.08,0.8552898168563843,0.3613429069519043
,,,,,,,,,,,,,,,,,,,,,,,,,,,,,beta:0.1,0.8544416427612305,0.36121121048927307
,,,,,,,,,,,,,,,,,,,,,,,,,,,,,beta:0.12,0.8536285758018494,0.361071914434433
,,,,,,,,,,,,,,,,,,,,,,,,,,,,,tau:7.2,0.8546968698501587,0.36121460795402527
,,,,,,,,,,,,,,,,,,,,,,,,,,,,,tau:8.0,0.8544416427612305,0.36121121048927307
,,,,,,,,,,,,,,,,,,,,,,,,,,,,,tau:8.8,0.8541438579559326,0.3611714541912079
,,,,,,,,,,,,,,,,,,,,,,,,,,,,,stage:1,0.856802225112915,0.36400681734085083
,,,,,,,,,,,,,,,,,,,,,,,,,,,,,stage:2,0.8535925149917603,0.36022239923477173
,,,,,,,,,,,,,,,,,,,,,,,,,,,,,stage:3,0.8527759313583374,0.3591802418231964
,,,,,,,,,,,,,,,,,,,,,,,,,,,,,stage:base,0.8544416427612305,0.36121121048927307
,,,,,,,,,,,,,,,,,,,,,,,,,,,,,derivative:beta,-0.0415310263633728,-0.006774812936782837
,,,,,,,,,,,,,,,,,,,,,,,,,,,,,derivative:tau,-0.0003456324338912964,-2.6971101760864258e-05
