dataset,epoch,prompt_config,file_name,label,cls_score,max_pixel,top1pct_pixel
Brain,9,phase1_hard,good/img/00000_96.png,0,0.5613205432891846,8.588100968154322e-07,4.831155706597201e-07
Brain,9,phase1_hard,good/img/00000_97.png,0,0.5046791434288025,6.51083723823831e-07,4.0547473645347054e-07
Brain,9,phase1_hard,good/img/00000_98.png,0,0.49967771768569946,3.840966371626564e-07,3.033730706647475e-07
Brain,9,phase1_hard,good/img/00000_99.png,0,0.49742329120635986,2.52989025284478e-07,1.7510528493858146e-07
Brain,9,phase1_hard,good/img/00011_60.png,0,0.8242867588996887,0.9737286567687988,0.944216251373291
Brain,9,phase1_hard,good/img/00011_61.png,0,0.8239254355430603,0.9731941819190979,0.933959424495697
Brain,9,phase1_hard,good/img/00011_62.png,0,0.8224369287490845,0.9946658611297607,0.985755980014801
Brain,9,phase1_hard,good/img/00011_63.png,0,0.8248053789138794,0.9835109710693359,0.958649218082428
Brain,9,phase1_hard,good/img/00018_60.png,0,0.8205616474151611,0.9745862483978271,0.8344264626502991
Brain,9,phase1_hard,good/img/00018_61.png,0,0.8246372938156128,0.9728278517723083,0.8841684460639954
Brain,9,phase1_hard,good/img/00018_62.png,0,0.8279073238372803,0.985090970993042,0.9680025577545166
Brain,9,phase1_hard,good/img/00018_63.png,0,0.824929416179657,0.9470328688621521,0.8561968803405762
Brain,9,phase1_hard,good/img/00020_94.png,0,0.5573375225067139,1.3451908671413548e-06,6.800332812417764e-07
Brain,9,phase1_hard,good/img/00020_95.png,0,0.5421457886695862,9.518370802652498e-07,4.5150662231208116e-07
Brain,9,phase1_hard,good/img/00020_96.png,0,0.5360685586929321,1.1806012025772361e-06,5.87270847063337e-07
Brain,9,phase1_hard,good/img/00020_97.png,0,0.5178920030593872,2.4752177978371037e-06,1.049090997184976e-06
Brain,9,phase1_hard,good/img/00020_98.png,0,0.793639063835144,2.8986860343138687e-05,1.2422829058778007e-05
Brain,9,phase1_hard,good/img/00020_99.png,0,0.7912110686302185,6.587908865185454e-05,2.180627234338317e-05
Brain,9,phase1_hard,good/img/00021_96.png,0,0.7883585691452026,0.002677332842722535,0.0015289040748029947
Brain,9,phase1_hard,good/img/00021_97.png,0,0.7842922806739807,0.014088821597397327,0.008590193465352058
Brain,9,phase1_hard,good/img/00021_98.png,0,0.7933349013328552,0.2354499250650406,0.13499709963798523
Brain,9,phase1_hard,good/img/00021_99.png,0,0.791046142578125,0.2049320936203003,0.1068064495921135
Brain,9,phase1_hard,good/img/00026_95.png,0,0.8026896119117737,0.014262855052947998,0.00805103499442339
Brain,9,phase1_hard,good/img/00026_96.png,0,0.7981977462768555,0.07769021391868591,0.03471050038933754
Brain,9,phase1_hard,good/img/00026_97.png,0,0.7847497463226318,2.4943309995251184e-07,1.886001115281033e-07
Brain,9,phase1_hard,good/img/00026_98.png,0,0.49992629885673523,3.8675233327012393e-07,2.567090859884047e-07
Brain,9,phase1_hard,good/img/00026_99.png,0,0.4648151397705078,1.1259742649372129e-07,8.403571172266311e-08
Brain,9,phase1_hard,good/img/00028_98.png,0,0.8027273416519165,0.005422662012279034,0.0018629786791279912
Brain,9,phase1_hard,good/img/00028_99.png,0,0.7916756868362427,0.0023369253613054752,0.0005512118223123252
Brain,9,phase1_hard,good/img/00056_97.png,0,0.5155485272407532,1.3988396858621854e-06,7.850587735447334e-07
Brain,9,phase1_hard,good/img/00056_98.png,0,0.5186445713043213,1.2063585472787963e-06,6.477783358604938e-07
Brain,9,phase1_hard,good/img/00056_99.png,0,0.6508558392524719,3.6634439766203286e-06,1.4316578926809598e-06
Brain,9,phase1_hard,good/img/00066_60.png,0,0.8179092407226562,0.9398062229156494,0.9061241149902344
Brain,9,phase1_hard,good/img/00066_61.png,0,0.8188145160675049,0.9532296657562256,0.9285129904747009
Brain,9,phase1_hard,good/img/00066_62.png,0,0.816261351108551,0.9910427331924438,0.9841915369033813
Brain,9,phase1_hard,good/img/00066_63.png,0,0.816689133644104,0.9817943572998047,0.9498107433319092
Brain,9,phase1_hard,good/img/00066_64.png,0,0.8169159889221191,0.9756929278373718,0.928041934967041
Brain,9,phase1_hard,good/img/00072_96.png,0,0.8113647103309631,0.03061382845044136,0.016683505848050117
Brain,9,phase1_hard,good/img/00072_97.png,0,0.809321939945221,0.16050970554351807,0.10084003955125809
Brain,9,phase1_hard,good/img/00072_98.png,0,0.8033830523490906,0.0095518222078681,0.004960319492965937
Brain,9,phase1_hard,good/img/00072_99.png,0,0.8051050305366516,0.04351011663675308,0.01810561679303646
Brain,9,phase1_hard,good/img/00078_60.png,0,0.8023226261138916,0.9906052947044373,0.9665482640266418
Brain,9,phase1_hard,good/img/00078_61.png,0,0.8035390973091125,0.9950525164604187,0.9774795770645142
Brain,9,phase1_hard,good/img/00078_62.png,0,0.8077856302261353,0.9772670269012451,0.8777263164520264
Brain,9,phase1_hard,good/img/00078_63.png,0,0.8092126846313477,0.9296578764915466,0.6082667708396912
Brain,9,phase1_hard,good/img/00078_64.png,0,0.8124067783355713,0.621408998966217,0.20196005702018738
Brain,9,phase1_hard,good/img/00078_65.png,0,0.8104811310768127,0.5212344527244568,0.16012878715991974
Brain,9,phase1_hard,good/img/00085_60.png,0,0.8009780645370483,0.10433089733123779,0.038654129952192307
Brain,9,phase1_hard,good/img/00085_61.png,0,0.7896643280982971,0.17428264021873474,0.047114815562963486
Brain,9,phase1_hard,good/img/00085_62.png,0,0.8042283654212952,0.23530586063861847,0.12731143832206726
Brain,9,phase1_hard,good/img/00085_63.png,0,0.8041806221008301,0.5769951939582825,0.30990374088287354
Brain,9,phase1_hard,good/img/00085_64.png,0,0.7951496243476868,0.4262530505657196,0.1229005679488182
Brain,9,phase1_hard,good/img/00089_60.png,0,0.6691868305206299,0.0022090738639235497,0.0006018505082465708
Brain,9,phase1_hard,good/img/00089_61.png,0,0.6932295560836792,0.0015968037769198418,0.0007885180530138314
Brain,9,phase1_hard,good/img/00118_62.png,0,0.8224104642868042,0.9948028326034546,0.9936011433601379
Brain,9,phase1_hard,good/img/00118_63.png,0,0.8223307132720947,0.9961218237876892,0.9954106211662292
Brain,9,phase1_hard,good/img/00118_64.png,0,0.820074200630188,0.9798266887664795,0.9704370498657227
Brain,9,phase1_hard,good/img/00118_65.png,0,0.8207591772079468,0.8565281629562378,0.7432938814163208
Brain,9,phase1_hard,good/img/00118_68.png,0,0.8213508129119873,0.8716999292373657,0.8079404830932617
Brain,9,phase1_hard,good/img/00139_95.png,0,0.8173179626464844,0.9506427049636841,0.8422372341156006
Brain,9,phase1_hard,good/img/00139_96.png,0,0.8174394965171814,0.9357601404190063,0.8772587776184082
Brain,9,phase1_hard,good/img/00139_97.png,0,0.8163455724716187,0.8368163108825684,0.6297274827957153
Brain,9,phase1_hard,good/img/00139_98.png,0,0.8172993063926697,0.16619165241718292,0.07930818200111389
Brain,9,phase1_hard,good/img/00139_99.png,0,0.8105052709579468,0.07878640294075012,0.04280722513794899
Brain,9,phase1_hard,good/img/00140_60.png,0,0.8125098347663879,0.9869678616523743,0.9674184918403625
Brain,9,phase1_hard,good/img/00140_61.png,0,0.808698296546936,0.965865433216095,0.9224639534950256
Brain,9,phase1_hard,good/img/00146_60.png,0,0.8233458399772644,0.8062418699264526,0.7388182282447815
Brain,9,phase1_hard,good/img/00146_61.png,0,0.8236509561538696,0.7877177596092224,0.6713358759880066
Brain,9,phase1_hard,good/img/00146_62.png,0,0.8233373761177063,0.8510885834693909,0.7929943799972534
Brain,9,phase1_hard,good/img/00146_63.png,0,0.821391761302948,0.9420178532600403,0.8698367476463318
Brain,9,phase1_hard,good/img/00166_60.png,0,0.8200581073760986,0.9917048215866089,0.9838026762008667
Brain,9,phase1_hard,good/img/00166_61.png,0,0.8197869062423706,0.9867348670959473,0.9726148843765259
Brain,9,phase1_hard,good/img/00166_62.png,0,0.8215291500091553,0.9760004878044128,0.9477755427360535
Brain,9,phase1_hard,good/img/00166_63.png,0,0.8186452388763428,0.9267092943191528,0.8856508731842041
Brain,9,phase1_hard,good/img/00166_64.png,0,0.8125885128974915,0.9842400550842285,0.9773794412612915
Brain,9,phase1_hard,good/img/00166_65.png,0,0.8067783713340759,0.9899867177009583,0.978801429271698
Brain,9,phase1_hard,good/img/00186_60.png,0,0.8226044774055481,0.9222838878631592,0.8260283470153809
Brain,9,phase1_hard,good/img/00186_61.png,0,0.8233000040054321,0.9282647371292114,0.8502347469329834
Brain,9,phase1_hard,good/img/00186_62.png,0,0.8226659893989563,0.943821370601654,0.8664820194244385
Brain,9,phase1_hard,good/img/00186_63.png,0,0.8196940422058105,0.8884487748146057,0.6900104284286499
Brain,9,phase1_hard,good/img/00204_60.png,0,0.8105663061141968,0.9909550547599792,0.9873475432395935
Brain,9,phase1_hard,good/img/00204_61.png,0,0.8099523782730103,0.9875479936599731,0.9823822379112244
Brain,9,phase1_hard,good/img/00204_62.png,0,0.8058784604072571,0.9940314888954163,0.9879239797592163
Brain,9,phase1_hard,good/img/00204_63.png,0,0.8021500706672668,0.9872615337371826,0.9666613340377808
Brain,9,phase1_hard,good/img/00204_64.png,0,0.8068206310272217,0.6737552285194397,0.5095764994621277
Brain,9,phase1_hard,good/img/00210_97.png,0,0.80707186460495,0.10124163329601288,0.04052077233791351
Brain,9,phase1_hard,good/img/00210_98.png,0,0.8052703142166138,0.08683221787214279,0.03771642968058586
Brain,9,phase1_hard,good/img/00210_99.png,0,0.8025652170181274,0.22310771048069,0.12370572984218597
Brain,9,phase1_hard,good/img/00219_60.png,0,0.8230345249176025,0.9958230257034302,0.9918400645256042
Brain,9,phase1_hard,good/img/00219_61.png,0,0.821001410484314,0.9970093965530396,0.9930450916290283
Brain,9,phase1_hard,good/img/00219_98.png,0,0.7919520735740662,0.001087656826712191,0.0007133694598451257
Brain,9,phase1_hard,good/img/00219_99.png,0,0.7926457524299622,0.0009762569679878652,0.0004976647906005383
Brain,9,phase1_hard,good/img/00230_60.png,0,0.8215171694755554,0.9990371465682983,0.9969189763069153
Brain,9,phase1_hard,good/img/00230_61.png,0,0.816907525062561,0.998816728591919,0.996863842010498
Brain,9,phase1_hard,good/img/00230_62.png,0,0.8128090500831604,0.9968245029449463,0.9917879104614258
Brain,9,phase1_hard,good/img/00231_60.png,0,0.8271054625511169,0.9957984089851379,0.9912242293357849
Brain,9,phase1_hard,good/img/00231_61.png,0,0.8255555033683777,0.9861706495285034,0.969075083732605
Brain,9,phase1_hard,good/img/00231_62.png,0,0.8252876996994019,0.6871269345283508,0.6016835570335388
Brain,9,phase1_hard,good/img/00249_96.png,0,0.8113206624984741,0.0347195565700531,0.008029778487980366
Brain,9,phase1_hard,good/img/00249_97.png,0,0.8068829774856567,0.04613175615668297,0.016933288425207138
Brain,9,phase1_hard,good/img/00249_98.png,0,0.8059013485908508,0.0008464051643386483,0.0004065058892592788
Brain,9,phase1_hard,good/img/00249_99.png,0,0.8121107816696167,0.0176852997392416,0.00893085915595293
Brain,9,phase1_hard,good/img/00254_95.png,0,0.7970003485679626,0.04963637515902519,0.026987746357917786
Brain,9,phase1_hard,good/img/00254_96.png,0,0.8041529059410095,0.10765079408884048,0.04214315116405487
Brain,9,phase1_hard,good/img/00254_97.png,0,0.807843804359436,0.1503097265958786,0.07588238269090652
Brain,9,phase1_hard,good/img/00254_98.png,0,0.8000115156173706,0.2186218500137329,0.08735082298517227
Brain,9,phase1_hard,good/img/00254_99.png,0,0.7965215444564819,0.06255732476711273,0.03405147045850754
Brain,9,phase1_hard,good/img/00261_98.png,0,0.8170469403266907,0.009623084217309952,0.004914766177535057
Brain,9,phase1_hard,good/img/00261_99.png,0,0.8169147968292236,0.02368409000337124,0.0074003529734909534
Brain,9,phase1_hard,good/img/00269_60.png,0,0.8144271969795227,0.9991148114204407,0.9983870983123779
Brain,9,phase1_hard,good/img/00269_61.png,0,0.818833589553833,0.9990923404693604,0.998454749584198
Brain,9,phase1_hard,good/img/00273_98.png,0,0.8142067790031433,0.231276273727417,0.13182663917541504
Brain,9,phase1_hard,good/img/00273_99.png,0,0.8114237785339355,0.32097718119621277,0.15608207881450653
Brain,9,phase1_hard,good/img/00283_60.png,0,0.8212388753890991,0.8591775894165039,0.740910530090332
Brain,9,phase1_hard,good/img/00283_61.png,0,0.8198102712631226,0.672101616859436,0.5162054896354675
Brain,9,phase1_hard,good/img/00283_62.png,0,0.8214124441146851,0.7889117002487183,0.6127254366874695
Brain,9,phase1_hard,good/img/00283_63.png,0,0.8215200901031494,0.8363896012306213,0.70439612865448
Brain,9,phase1_hard,good/img/00283_64.png,0,0.8144978880882263,0.8929581642150879,0.7937974333763123
Brain,9,phase1_hard,good/img/00291_62.png,0,0.7984622120857239,0.33488211035728455,0.2219979614019394
Brain,9,phase1_hard,good/img/00291_63.png,0,0.7942482233047485,0.024808689951896667,0.010479901917278767
Brain,9,phase1_hard,good/img/00291_64.png,0,0.8017763495445251,0.5662807822227478,0.2436813861131668
Brain,9,phase1_hard,good/img/00291_65.png,0,0.7965179085731506,0.8439529538154602,0.5346230268478394
Brain,9,phase1_hard,good/img/00291_66.png,0,0.7944818139076233,0.6465520262718201,0.4319794476032257
Brain,9,phase1_hard,good/img/00291_67.png,0,0.7893761396408081,0.9226968288421631,0.8729880452156067
Brain,9,phase1_hard,good/img/00305_60.png,0,0.8208373188972473,0.9381608963012695,0.8687769770622253
Brain,9,phase1_hard,good/img/00305_61.png,0,0.8206284046173096,0.9088997840881348,0.8406997919082642
Brain,9,phase1_hard,good/img/00305_62.png,0,0.8219378590583801,0.9881739616394043,0.9734906554222107
Brain,9,phase1_hard,good/img/00305_63.png,0,0.8219026327133179,0.9956761002540588,0.985673189163208
Brain,9,phase1_hard,good/img/00305_64.png,0,0.8185691833496094,0.9945204854011536,0.9839038252830505
Brain,9,phase1_hard,good/img/00314_60.png,0,0.8119170665740967,0.7759780287742615,0.6503356099128723
Brain,9,phase1_hard,good/img/00314_61.png,0,0.8098787069320679,0.6180890798568726,0.43630075454711914
Brain,9,phase1_hard,good/img/00314_62.png,0,0.8112143874168396,0.35087600350379944,0.2548287510871887
Brain,9,phase1_hard,good/img/00331_96.png,0,0.5009360909461975,6.68532356939977e-06,3.280149257989251e-06
Brain,9,phase1_hard,good/img/00331_97.png,0,0.536881685256958,3.698504588101059e-05,2.1704267055611126e-05
Brain,9,phase1_hard,good/img/00331_98.png,0,0.772738516330719,0.00024722464149817824,7.131731399567798e-05
Brain,9,phase1_hard,good/img/00331_99.png,0,0.7634684443473816,4.770347732119262e-05,2.006390059250407e-05
Brain,9,phase1_hard,good/img/00356_98.png,0,0.7971446514129639,0.3101343512535095,0.1709844172000885
Brain,9,phase1_hard,good/img/00356_99.png,0,0.803070068359375,0.36644694209098816,0.27916228771209717
Brain,9,phase1_hard,good/img/00383_60.png,0,0.8173713684082031,0.9943673014640808,0.9880627393722534
Brain,9,phase1_hard,good/img/00383_61.png,0,0.808819591999054,0.9922671914100647,0.9769861102104187
Brain,9,phase1_hard,good/img/00383_62.png,0,0.808316707611084,0.9930932521820068,0.9889887571334839
Brain,9,phase1_hard,good/img/00383_63.png,0,0.8166202902793884,0.9983018636703491,0.9978240132331848
Brain,9,phase1_hard,good/img/00421_60.png,0,0.8210437297821045,0.9829309582710266,0.9483213424682617
Brain,9,phase1_hard,good/img/00421_61.png,0,0.8247355818748474,0.9853971600532532,0.9475820660591125
Brain,9,phase1_hard,good/img/00421_62.png,0,0.822864830493927,0.9927853345870972,0.9664379358291626
Brain,9,phase1_hard,good/img/00431_60.png,0,0.82087242603302,0.9978420734405518,0.9962960481643677
Brain,9,phase1_hard,good/img/00431_61.png,0,0.8206533193588257,0.9983991980552673,0.9943956136703491
Brain,9,phase1_hard,good/img/00431_62.png,0,0.8167111873626709,0.9950190782546997,0.9785830974578857
Brain,9,phase1_hard,good/img/00431_63.png,0,0.8162094354629517,0.9870396256446838,0.9137992858886719
Brain,9,phase1_hard,good/img/00431_64.png,0,0.8156201243400574,0.958026647567749,0.7738035321235657
Brain,9,phase1_hard,good/img/00453_60.png,0,0.8077428936958313,0.9990447163581848,0.9977121353149414
Brain,9,phase1_hard,good/img/00453_61.png,0,0.802919864654541,0.9979238510131836,0.9965478181838989
Brain,9,phase1_hard,good/img/00453_62.png,0,0.8023039102554321,0.9884933829307556,0.9849348068237305
Brain,9,phase1_hard,good/img/00453_63.png,0,0.8083428144454956,0.9918787479400635,0.9840632081031799
Brain,9,phase1_hard,good/img/00453_64.png,0,0.8098289370536804,0.9936808347702026,0.9839382767677307
Brain,9,phase1_hard,good/img/00453_65.png,0,0.8086680173873901,0.9852692484855652,0.9774543046951294
Brain,9,phase1_hard,good/img/00457_94.png,0,0.8179376125335693,0.8736165761947632,0.7315773963928223
Brain,9,phase1_hard,good/img/00457_95.png,0,0.820823609828949,0.8603661060333252,0.6957085728645325
Brain,9,phase1_hard,good/img/00457_96.png,0,0.8198820352554321,0.6654918193817139,0.4836128354072571
Brain,9,phase1_hard,good/img/00457_97.png,0,0.812933087348938,0.5155549645423889,0.2607120871543884
Brain,9,phase1_hard,good/img/00457_98.png,0,0.8100478649139404,0.39265143871307373,0.17681437730789185
Brain,9,phase1_hard,good/img/00457_99.png,0,0.809363067150116,0.3113768398761749,0.13466790318489075
Brain,9,phase1_hard,good/img/00478_60.png,0,0.8040779232978821,0.6015140414237976,0.3166188895702362
Brain,9,phase1_hard,good/img/00478_61.png,0,0.802086591720581,0.7836511731147766,0.38815489411354065
Brain,9,phase1_hard,good/img/00478_62.png,0,0.797315239906311,0.9664880633354187,0.7519252300262451
Brain,9,phase1_hard,good/img/00478_63.png,0,0.792654812335968,0.965726912021637,0.8681102395057678
Brain,9,phase1_hard,good/img/00478_64.png,0,0.8071112036705017,0.9895826578140259,0.9392691850662231
Brain,9,phase1_hard,good/img/00485_94.png,0,0.7887328267097473,3.868083513225429e-05,1.7020523955579847e-05
Brain,9,phase1_hard,good/img/00485_95.png,0,0.779757022857666,1.300406438531354e-05,3.7388520013337256e-06
Brain,9,phase1_hard,good/img/00485_96.png,0,0.7057432532310486,2.0903228232782567e-06,6.207271212588239e-07
Brain,9,phase1_hard,good/img/00485_97.png,0,0.5033994913101196,7.457183670567247e-08,5.734546704161403e-08
Brain,9,phase1_hard,good/img/00485_98.png,0,0.7319775223731995,4.27916546641427e-07,2.424647504994937e-07
Brain,9,phase1_hard,good/img/00485_99.png,0,0.7947186231613159,0.004259128589183092,0.0020862584933638573
Brain,9,phase1_hard,good/img/00488_60.png,0,0.8081226944923401,0.9907671213150024,0.9874855279922485
Brain,9,phase1_hard,good/img/00488_61.png,0,0.813504695892334,0.9925161004066467,0.9901748895645142
Brain,9,phase1_hard,good/img/00488_62.png,0,0.8096903562545776,0.9900041222572327,0.9841887354850769
Brain,9,phase1_hard,good/img/00488_63.png,0,0.7909319996833801,0.9862971305847168,0.9769268035888672
Brain,9,phase1_hard,good/img/00488_64.png,0,0.7942774295806885,0.9708030223846436,0.9553855657577515
Brain,9,phase1_hard,good/img/00491_60.png,0,0.8135722875595093,0.8192368745803833,0.49957868456840515
Brain,9,phase1_hard,good/img/00491_61.png,0,0.8112838864326477,0.7474162578582764,0.43288788199424744
Brain,9,phase1_hard,good/img/00491_62.png,0,0.810733437538147,0.907010555267334,0.5874364376068115
Brain,9,phase1_hard,good/img/00495_60.png,0,0.8043947219848633,0.9990577101707458,0.9973540306091309
Brain,9,phase1_hard,good/img/00495_61.png,0,0.793504536151886,0.9985476136207581,0.9967437982559204
Brain,9,phase1_hard,good/img/00495_62.png,0,0.796028733253479,0.9899923205375671,0.9817454218864441
Brain,9,phase1_hard,good/img/00495_63.png,0,0.788378119468689,0.9356112480163574,0.8922272324562073
Brain,9,phase1_hard,good/img/00495_64.png,0,0.7960228323936462,0.9450529217720032,0.826406717300415
Brain,9,phase1_hard,good/img/00495_65.png,0,0.7996662855148315,0.985313355922699,0.9318069219589233
Brain,9,phase1_hard,good/img/00500_60.png,0,0.7937918901443481,0.4507024586200714,0.3480428457260132
Brain,9,phase1_hard,good/img/00500_61.png,0,0.7995153665542603,0.023924291133880615,0.01763208769261837
Brain,9,phase1_hard,good/img/00516_60.png,0,0.7994409799575806,0.9980971217155457,0.9959889650344849
Brain,9,phase1_hard,good/img/00516_61.png,0,0.8075200319290161,0.99787437915802,0.9960268139839172
Brain,9,phase1_hard,good/img/00516_62.png,0,0.8135700821876526,0.993428647518158,0.9868305921554565
Brain,9,phase1_hard,good/img/00516_63.png,0,0.8086915016174316,0.9971530437469482,0.9944905638694763
Brain,9,phase1_hard,good/img/00524_96.png,0,0.7919580936431885,0.04642070084810257,0.02101617306470871
Brain,9,phase1_hard,good/img/00524_97.png,0,0.804272472858429,0.12010873854160309,0.061801522970199585
Brain,9,phase1_hard,good/img/00524_98.png,0,0.8003561496734619,0.0972076952457428,0.04541397839784622
Brain,9,phase1_hard,good/img/00524_99.png,0,0.792033851146698,0.06768611818552017,0.02843792364001274
Brain,9,phase1_hard,good/img/00537_60.png,0,0.8085197806358337,0.8703637719154358,0.6176342964172363
Brain,9,phase1_hard,good/img/00537_61.png,0,0.8062822222709656,0.9468147158622742,0.8482062816619873
Brain,9,phase1_hard,good/img/00537_62.png,0,0.8104398846626282,0.9489356279373169,0.8791491389274597
Brain,9,phase1_hard,good/img/00537_63.png,0,0.8095449209213257,0.9405784606933594,0.8262895941734314
Brain,9,phase1_hard,good/img/00537_64.png,0,0.81207674741745,0.919082760810852,0.7455299496650696
Brain,9,phase1_hard,good/img/00537_65.png,0,0.8163763284683228,0.9707145094871521,0.9353504776954651
Brain,9,phase1_hard,good/img/00542_95.png,0,0.506343424320221,7.716833465565287e-07,4.397186330606928e-07
Brain,9,phase1_hard,good/img/00542_96.png,0,0.5110238790512085,3.9809410168345494e-07,2.803158167807851e-07
Brain,9,phase1_hard,good/img/00542_97.png,0,0.507891833782196,3.070549610129092e-07,2.089294355300808e-07
Brain,9,phase1_hard,good/img/00542_98.png,0,0.49095919728279114,2.99372771905837e-07,1.8057163231333107e-07
Brain,9,phase1_hard,good/img/00542_99.png,0,0.49094945192337036,4.3940318050772476e-07,2.1305194763954205e-07
Brain,9,phase1_hard,good/img/00554_96.png,0,0.8083540797233582,1.4370150893228129e-05,6.6012753450195305e-06
Brain,9,phase1_hard,good/img/00554_97.png,0,0.7990167737007141,1.3099355555823422e-06,6.60072601021966e-07
Brain,9,phase1_hard,good/img/00554_98.png,0,0.8137491345405579,0.031883884221315384,0.01209170464426279
Brain,9,phase1_hard,good/img/00554_99.png,0,0.8115413784980774,0.11694023013114929,0.07745657116174698
Brain,9,phase1_hard,good/img/00556_60.png,0,0.809487521648407,0.9955998659133911,0.9805956482887268
Brain,9,phase1_hard,good/img/00556_61.png,0,0.8148751854896545,0.9839845299720764,0.960359513759613
Brain,9,phase1_hard,good/img/00556_62.png,0,0.8116360902786255,0.9889111518859863,0.9582839608192444
Brain,9,phase1_hard,good/img/00556_63.png,0,0.8089953064918518,0.9603622555732727,0.8418330550193787
Brain,9,phase1_hard,good/img/00570_60.png,0,0.8253071308135986,0.9964290261268616,0.995875358581543
Brain,9,phase1_hard,good/img/00570_61.png,0,0.8267766237258911,0.9966674447059631,0.9953208565711975
Brain,9,phase1_hard,good/img/00570_62.png,0,0.8279233574867249,0.9967856407165527,0.995042085647583
Brain,9,phase1_hard,good/img/00570_63.png,0,0.8267533183097839,0.9976828098297119,0.9945831894874573
Brain,9,phase1_hard,good/img/00570_64.png,0,0.8230867385864258,0.9930194020271301,0.9877682328224182
Brain,9,phase1_hard,good/img/00570_65.png,0,0.8227578401565552,0.9925189018249512,0.9856449961662292
Brain,9,phase1_hard,good/img/00578_60.png,0,0.8108133673667908,0.9933358430862427,0.9868969917297363
Brain,9,phase1_hard,good/img/00578_61.png,0,0.8181825280189514,0.9598240852355957,0.9444607496261597
Brain,9,phase1_hard,good/img/00578_62.png,0,0.8152303695678711,0.836879551410675,0.7454077005386353
Brain,9,phase1_hard,good/img/00580_98.png,0,0.7981557846069336,0.00047139768139459193,0.00021173177810851485
Brain,9,phase1_hard,good/img/00580_99.png,0,0.4868762493133545,1.7615841443330282e-06,9.792078117243364e-07
Brain,9,phase1_hard,good/img/00593_60.png,0,0.8239177465438843,0.9832610487937927,0.9716342091560364
Brain,9,phase1_hard,good/img/00593_61.png,0,0.8246724605560303,0.9862368106842041,0.9683215618133545
Brain,9,phase1_hard,good/img/00594_60.png,0,0.8162280321121216,0.9960891008377075,0.9936407208442688
Brain,9,phase1_hard,good/img/00594_61.png,0,0.821898877620697,0.9979656934738159,0.9962682127952576
Brain,9,phase1_hard,good/img/00594_62.png,0,0.8200244903564453,0.9986234903335571,0.9978155493736267
Brain,9,phase1_hard,good/img/00594_63.png,0,0.8159858584403992,0.9986308217048645,0.9977907538414001
Brain,9,phase1_hard,good/img/00596_64.png,0,0.7994862794876099,0.9695385098457336,0.9521439075469971
Brain,9,phase1_hard,good/img/00596_65.png,0,0.8086858987808228,0.6433634757995605,0.5544889569282532
Brain,9,phase1_hard,good/img/00596_66.png,0,0.8078720569610596,0.9406356811523438,0.8737049102783203
Brain,9,phase1_hard,good/img/00596_67.png,0,0.8079063296318054,0.5641804933547974,0.45366695523262024
Brain,9,phase1_hard,good/img/00596_68.png,0,0.8199496269226074,0.9153701663017273,0.858192503452301
Brain,9,phase1_hard,good/img/00598_96.png,0,0.8101441264152527,0.3150942325592041,0.13647602498531342
Brain,9,phase1_hard,good/img/00598_97.png,0,0.8059677481651306,0.09450893849134445,0.03853090852499008
Brain,9,phase1_hard,good/img/00598_98.png,0,0.8093456029891968,0.43724822998046875,0.15182176232337952
Brain,9,phase1_hard,good/img/00598_99.png,0,0.8003817200660706,0.014997114427387714,0.0038378082681447268
Brain,9,phase1_hard,good/img/00612_98.png,0,0.7405612468719482,1.99710648303153e-05,7.0638534452882595e-06
Brain,9,phase1_hard,good/img/00612_99.png,0,0.812900960445404,0.00347393611446023,0.0012906381161883473
Brain,9,phase1_hard,good/img/00618_94.png,0,0.5550557374954224,3.5395848385633144e-07,2.1201776689849794e-07
Brain,9,phase1_hard,good/img/00618_95.png,0,0.5997750759124756,5.038090193920652e-07,3.512294028951146e-07
Brain,9,phase1_hard,good/img/00618_96.png,0,0.8020793795585632,0.000641125428956002,0.00024153759295586497
Brain,9,phase1_hard,good/img/00618_97.png,0,0.8079820871353149,0.5174071192741394,0.2820166349411011
Brain,9,phase1_hard,good/img/00618_98.png,0,0.8172815442085266,0.9437246322631836,0.8158462047576904
Brain,9,phase1_hard,good/img/00618_99.png,0,0.816619336605072,0.959369421005249,0.9151766300201416
Brain,9,phase1_hard,good/img/00621_96.png,0,0.8127610683441162,0.000582389417104423,0.00018308460130356252
Brain,9,phase1_hard,good/img/00621_97.png,0,0.8209721446037292,0.004670544061809778,0.0016669011674821377
Brain,9,phase1_hard,good/img/00621_98.png,0,0.8067472577095032,0.000313995813485235,0.00013469098485074937
Brain,9,phase1_hard,good/img/00621_99.png,0,0.8074331879615784,0.011230668984353542,0.005107632372528315
Brain,9,phase1_hard,good/img/00624_60.png,0,0.8154248595237732,0.9889692068099976,0.9866999983787537
Brain,9,phase1_hard,good/img/00624_61.png,0,0.8161716461181641,0.9882813096046448,0.9783647060394287
Brain,9,phase1_hard,good/img/00624_62.png,0,0.8186177015304565,0.9910673499107361,0.9865024089813232
Brain,9,phase1_hard,good/img/00624_63.png,0,0.8149998784065247,0.9726235866546631,0.9555436968803406
Brain,9,phase1_hard,good/img/00624_64.png,0,0.8138716220855713,0.9659459590911865,0.9063336253166199
Brain,9,phase1_hard,good/img/00628_60.png,0,0.8044560551643372,0.9932059049606323,0.9879456758499146
Brain,9,phase1_hard,good/img/00628_61.png,0,0.8045315742492676,0.988581120967865,0.9766116142272949
Brain,9,phase1_hard,good/img/00628_62.png,0,0.7896947860717773,0.7878028154373169,0.7130197882652283
Brain,9,phase1_hard,good/img/00642_60.png,0,0.8111667037010193,0.9967018961906433,0.9909066557884216
Brain,9,phase1_hard,good/img/00642_61.png,0,0.8047694563865662,0.9803515076637268,0.9627958536148071
Brain,9,phase1_hard,good/img/00642_62.png,0,0.8077309131622314,0.9893823862075806,0.9780200719833374
Brain,9,phase1_hard,good/img/00642_63.png,0,0.7923681735992432,0.9933388829231262,0.98064786195755
Brain,9,phase1_hard,good/img/00642_64.png,0,0.7827337980270386,0.9876838326454163,0.9741289019584656
Brain,9,phase1_hard,good/img/00642_65.png,0,0.7900353670120239,0.9918543100357056,0.9877234101295471
Brain,9,phase1_hard,good/img/00646_60.png,0,0.8224639892578125,0.9933726787567139,0.9902777075767517
Brain,9,phase1_hard,good/img/00646_61.png,0,0.8138283491134644,0.9979580640792847,0.9968218207359314
Brain,9,phase1_hard,good/img/00649_60.png,0,0.8126543760299683,0.7105856537818909,0.5109623074531555
Brain,9,phase1_hard,good/img/00649_61.png,0,0.8057356476783752,0.7665609121322632,0.5354437232017517
Brain,9,phase1_hard,good/img/00649_62.png,0,0.80661940574646,0.7718961834907532,0.48698028922080994
Brain,9,phase1_hard,good/img/00649_63.png,0,0.8056849241256714,0.771051287651062,0.6407093405723572
Brain,9,phase1_hard,good/img/00649_64.png,0,0.802388608455658,0.967000424861908,0.9274592399597168
Brain,9,phase1_hard,good/img/00649_65.png,0,0.8096041083335876,0.9105573296546936,0.8243693709373474
Brain,9,phase1_hard,good/img/00652_94.png,0,0.8101209998130798,0.26176998019218445,0.12803277373313904
Brain,9,phase1_hard,good/img/00652_95.png,0,0.8172223567962646,0.006066190078854561,0.003934081178158522
Brain,9,phase1_hard,good/img/00652_96.png,0,0.8101155757904053,7.910989370429888e-05,3.5281238524476066e-05
Brain,9,phase1_hard,good/img/00652_97.png,0,0.8090317845344543,0.00010505384125281125,4.878405525232665e-05
Brain,9,phase1_hard,good/img/00652_98.png,0,0.6546053886413574,6.757039727744996e-07,4.480743314161373e-07
Brain,9,phase1_hard,good/img/00652_99.png,0,0.7846173644065857,3.617871243477566e-06,3.041532409042702e-06
Brain,9,phase1_hard,good/img/00656_83.png,0,0.8188130855560303,0.5765441060066223,0.3457740545272827
Brain,9,phase1_hard,good/img/00656_84.png,0,0.814768373966217,0.5216774344444275,0.3021409511566162
Brain,9,phase1_hard,good/img/00656_85.png,0,0.8158907294273376,0.0932062417268753,0.04717385768890381
Brain,9,phase1_hard,good/img/00656_88.png,0,0.8130336403846741,0.00025708318571560085,0.00015700847143307328
Brain,9,phase1_hard,good/img/00682_60.png,0,0.8116832375526428,0.8412105441093445,0.5746832489967346
Brain,9,phase1_hard,good/img/00682_61.png,0,0.8084082007408142,0.9315571784973145,0.7421887516975403
Brain,9,phase1_hard,good/img/00682_62.png,0,0.8036567568778992,0.5857821702957153,0.4487948715686798
Brain,9,phase1_hard,good/img/00694_60.png,0,0.8194908499717712,0.9670835137367249,0.9329829216003418
Brain,9,phase1_hard,good/img/00694_61.png,0,0.8200349807739258,0.982756495475769,0.962806224822998
Brain,9,phase1_hard,good/img/00723_95.png,0,0.8053877353668213,0.05490433797240257,0.01533264946192503
Brain,9,phase1_hard,good/img/00723_96.png,0,0.795133113861084,9.711635357234627e-06,3.345191316839191e-06
Brain,9,phase1_hard,good/img/00723_97.png,0,0.5743285417556763,1.385906443829299e-06,8.335492225342023e-07
Brain,9,phase1_hard,good/img/00723_98.png,0,0.8071695566177368,0.00015539003652520478,4.348077709437348e-05
Brain,9,phase1_hard,good/img/00723_99.png,0,0.6387314200401306,3.362118832228589e-06,1.912462039399543e-06
Brain,9,phase1_hard,good/img/00728_95.png,0,0.8161191344261169,0.002189912600442767,0.0011234756093472242
Brain,9,phase1_hard,good/img/00728_96.png,0,0.527442216873169,5.912004326091846e-07,3.6589582919077657e-07
Brain,9,phase1_hard,good/img/00728_97.png,0,0.7273468971252441,1.61734885750775e-06,8.929383170652727e-07
Brain,9,phase1_hard,good/img/00728_98.png,0,0.8050767183303833,0.0003656614280771464,0.0001788166118785739
Brain,9,phase1_hard,good/img/00728_99.png,0,0.8081215023994446,0.0006228856509551406,0.00022137249470688403
Brain,9,phase1_hard,good/img/00750_60.png,0,0.6570065021514893,2.848502481356263e-05,1.2130884897487704e-05
Brain,9,phase1_hard,good/img/00750_61.png,0,0.8153039216995239,0.00021045940229669213,5.344834426068701e-05
Brain,9,phase1_hard,good/img/00750_62.png,0,0.6176152229309082,1.2900845831609331e-06,6.462612986979366e-07
Brain,9,phase1_hard,good/img/00750_63.png,0,0.8042232990264893,0.0015265238471329212,0.0004890043055638671
Brain,9,phase1_hard,good/img/00750_64.png,0,0.7793750166893005,1.8163439108320745e-07,1.4000822545767733e-07
Brain,9,phase1_hard,good/img/00768_60.png,0,0.8155087828636169,0.9909808039665222,0.9848349094390869
Brain,9,phase1_hard,good/img/00768_61.png,0,0.8200213313102722,0.9937058091163635,0.990442156791687
Brain,9,phase1_hard,good/img/00777_60.png,0,0.8087798357009888,0.948271632194519,0.9216163754463196
Brain,9,phase1_hard,good/img/00777_61.png,0,0.8136748671531677,0.9741654396057129,0.9479178190231323
Brain,9,phase1_hard,good/img/00777_62.png,0,0.819868803024292,0.9730759859085083,0.9347416162490845
Brain,9,phase1_hard,good/img/00777_63.png,0,0.8210381269454956,0.9716997146606445,0.9227504134178162
Brain,9,phase1_hard,good/img/00777_64.png,0,0.8141710758209229,0.3844921588897705,0.2920413613319397
Brain,9,phase1_hard,good/img/00796_60.png,0,0.8155058026313782,0.9982481002807617,0.9967375993728638
Brain,9,phase1_hard,good/img/00796_61.png,0,0.8198946714401245,0.9953048229217529,0.9904584884643555
Brain,9,phase1_hard,good/img/00796_62.png,0,0.8128530979156494,0.9882015585899353,0.960512638092041
Brain,9,phase1_hard,good/img/00799_60.png,0,0.8297750949859619,0.9974372386932373,0.9966551065444946
Brain,9,phase1_hard,good/img/00799_61.png,0,0.8290032744407654,0.9968518614768982,0.9959207773208618
Brain,9,phase1_hard,good/img/00805_60.png,0,0.8041616082191467,0.9544285535812378,0.8774792551994324
Brain,9,phase1_hard,good/img/00805_61.png,0,0.8044627904891968,0.9723933339118958,0.9280450940132141
Brain,9,phase1_hard,good/img/00805_62.png,0,0.7925064563751221,0.914992094039917,0.8469738364219666
Brain,9,phase1_hard,good/img/00805_63.png,0,0.7892889380455017,0.9592868685722351,0.9327892065048218
Brain,9,phase1_hard,good/img/00805_64.png,0,0.7896618843078613,0.9851551651954651,0.9698408246040344
Brain,9,phase1_hard,good/img/00806_60.png,0,0.8210204243659973,0.924139142036438,0.8411120176315308
Brain,9,phase1_hard,good/img/00806_61.png,0,0.8237285614013672,0.9455546140670776,0.9312187433242798
Brain,9,phase1_hard,good/img/00806_62.png,0,0.822184681892395,0.9625325798988342,0.9339025020599365
Brain,9,phase1_hard,good/img/00806_63.png,0,0.8212407231330872,0.979408323764801,0.9574083089828491
Brain,9,phase1_hard,good/img/00806_64.png,0,0.8207253813743591,0.9844008088111877,0.9727393984794617
Brain,9,phase1_hard,good/img/00831_60.png,0,0.8201218247413635,0.6848821640014648,0.5031705498695374
Brain,9,phase1_hard,good/img/00831_61.png,0,0.8154811263084412,0.4649304449558258,0.2932685613632202
Brain,9,phase1_hard,good/img/00839_97.png,0,0.7960531115531921,0.4723219573497772,0.267051100730896
Brain,9,phase1_hard,good/img/00839_98.png,0,0.790069043636322,0.0007366440840996802,0.0003728192823473364
Brain,9,phase1_hard,good/img/00839_99.png,0,0.7930746078491211,0.0022497407626360655,0.0012089308584108949
Brain,9,phase1_hard,good/img/01008_60.png,0,0.8165917992591858,0.9930970072746277,0.9888495802879333
Brain,9,phase1_hard,good/img/01008_61.png,0,0.8147386908531189,0.9801476001739502,0.9670722484588623
Brain,9,phase1_hard,good/img/01011_60.png,0,0.8095942735671997,0.9959327578544617,0.9922308325767517
Brain,9,phase1_hard,good/img/01011_61.png,0,0.8103264570236206,0.9957675933837891,0.990496814250946
Brain,9,phase1_hard,good/img/01011_62.png,0,0.8158326148986816,0.9964057207107544,0.9904805421829224
Brain,9,phase1_hard,good/img/01014_96.png,0,0.8015004396438599,0.7675769925117493,0.5089846253395081
Brain,9,phase1_hard,good/img/01014_97.png,0,0.8070099949836731,0.632916271686554,0.3396305739879608
Brain,9,phase1_hard,good/img/01014_98.png,0,0.8011287450790405,0.12811189889907837,0.049798764288425446
Brain,9,phase1_hard,good/img/01014_99.png,0,0.7994852662086487,0.17782646417617798,0.09042111039161682
Brain,9,phase1_hard,good/img/01020_96.png,0,0.8121850490570068,0.018345491960644722,0.011628285981714725
Brain,9,phase1_hard,good/img/01020_97.png,0,0.8156230449676514,0.032674238085746765,0.026133649051189423
Brain,9,phase1_hard,good/img/01020_98.png,0,0.8155484795570374,0.03451832756400108,0.023542804643511772
Brain,9,phase1_hard,good/img/01020_99.png,0,0.8179156184196472,0.19997631013393402,0.11024340987205505
Brain,9,phase1_hard,good/img/01023_60.png,0,0.8121426105499268,0.999613344669342,0.9990111589431763
Brain,9,phase1_hard,good/img/01023_61.png,0,0.8076293468475342,0.9996380805969238,0.999078631401062
Brain,9,phase1_hard,good/img/01023_62.png,0,0.8015831708908081,0.9968686699867249,0.9922825694084167
Brain,9,phase1_hard,good/img/01023_63.png,0,0.8014402985572815,0.9844999313354492,0.9566375017166138
Brain,9,phase1_hard,good/img/01027_60.png,0,0.8089774250984192,0.9983580708503723,0.9953770041465759
Brain,9,phase1_hard,good/img/01027_61.png,0,0.8058691024780273,0.9925578832626343,0.986859142780304
Brain,9,phase1_hard,good/img/01027_62.png,0,0.7982370257377625,0.9946603178977966,0.983127772808075
Brain,9,phase1_hard,good/img/01027_63.png,0,0.8056301474571228,0.9802327156066895,0.9637241959571838
Brain,9,phase1_hard,good/img/01027_64.png,0,0.7936835289001465,0.7838864326477051,0.6000641584396362
Brain,9,phase1_hard,good/img/01027_65.png,0,0.8042904734611511,0.8499667048454285,0.6663185358047485
Brain,9,phase1_hard,good/img/01028_94.png,0,0.8132421374320984,0.05290598422288895,0.010882003232836723
Brain,9,phase1_hard,good/img/01028_95.png,0,0.8130998611450195,0.03886643424630165,0.012661676853895187
Brain,9,phase1_hard,good/img/01028_96.png,0,0.8136512637138367,0.01063426025211811,0.0021572441328316927
Brain,9,phase1_hard,good/img/01028_97.png,0,0.7032462954521179,0.006203846540302038,0.0010402946500107646
Brain,9,phase1_hard,good/img/01028_98.png,0,0.5258805155754089,1.6876360859896522e-06,9.468245707466849e-07
Brain,9,phase1_hard,good/img/01028_99.png,0,0.5465165972709656,3.036510179299512e-06,1.2704422260867432e-06
Brain,9,phase1_hard,good/img/01030_96.png,0,0.7974447011947632,0.37144675850868225,0.23153828084468842
Brain,9,phase1_hard,good/img/01030_97.png,0,0.7966286540031433,0.3417339324951172,0.1315637230873108
Brain,9,phase1_hard,good/img/01030_98.png,0,0.7978351712226868,0.11508554965257645,0.036949340254068375
Brain,9,phase1_hard,good/img/01030_99.png,0,0.787202000617981,0.005020907148718834,0.0012574963038787246
Brain,9,phase1_hard,good/img/01043_98.png,0,0.8014882206916809,0.01539513561874628,0.006703125778585672
Brain,9,phase1_hard,good/img/01043_99.png,0,0.787194550037384,0.0001905460812849924,0.00012130471441196278
Brain,9,phase1_hard,good/img/01048_95.png,0,0.7920322418212891,0.10946963727474213,0.06961586326360703
Brain,9,phase1_hard,good/img/01048_96.png,0,0.7956534624099731,9.14761985768564e-05,2.9338349122554064e-05
Brain,9,phase1_hard,good/img/01048_97.png,0,0.7938293814659119,0.0012285817647352815,0.0005073593347333372
Brain,9,phase1_hard,good/img/01048_98.png,0,0.7957693338394165,0.0381414070725441,0.016070086508989334
Brain,9,phase1_hard,good/img/01048_99.png,0,0.7969537973403931,0.0012828123290091753,0.000826716423034668
Brain,9,phase1_hard,good/img/01052_60.png,0,0.812988817691803,0.9920223951339722,0.9772961139678955
Brain,9,phase1_hard,good/img/01052_61.png,0,0.808641791343689,0.9960393905639648,0.9922972917556763
Brain,9,phase1_hard,good/img/01052_62.png,0,0.8119831085205078,0.9989797472953796,0.9969512224197388
Brain,9,phase1_hard,good/img/01052_63.png,0,0.8098195195198059,0.9969213008880615,0.991506040096283
Brain,9,phase1_hard,good/img/01052_64.png,0,0.8109473586082458,0.9920660853385925,0.9492869973182678
Brain,9,phase1_hard,good/img/01056_96.png,0,0.808197021484375,0.9181064963340759,0.8285266757011414
Brain,9,phase1_hard,good/img/01056_97.png,0,0.8094022274017334,0.8407096266746521,0.6879795789718628
Brain,9,phase1_hard,good/img/01056_98.png,0,0.805810272693634,0.897377610206604,0.7857680916786194
Brain,9,phase1_hard,good/img/01056_99.png,0,0.809294581413269,0.9774190187454224,0.9299520254135132
Brain,9,phase1_hard,good/img/01057_98.png,0,0.8035844564437866,0.67684006690979,0.4178953468799591
Brain,9,phase1_hard,good/img/01057_99.png,0,0.7869200706481934,6.778896022296976e-06,3.905242010660004e-06
Brain,9,phase1_hard,good/img/01062_60.png,0,0.8228570818901062,0.9737122654914856,0.9620100259780884
Brain,9,phase1_hard,good/img/01062_61.png,0,0.8249649405479431,0.9943234920501709,0.9927690029144287
Brain,9,phase1_hard,good/img/01062_62.png,0,0.825217068195343,0.9920670986175537,0.9901378750801086
Brain,9,phase1_hard,good/img/01062_63.png,0,0.8226332068443298,0.9887718558311462,0.9820409417152405
Brain,9,phase1_hard,good/img/01075_60.png,0,0.8154855370521545,0.9989917874336243,0.9976353645324707
Brain,9,phase1_hard,good/img/01075_61.png,0,0.8154584765434265,0.9980666041374207,0.9969035983085632
Brain,9,phase1_hard,good/img/01075_62.png,0,0.8034833669662476,0.9975025057792664,0.9958096146583557
Brain,9,phase1_hard,good/img/01075_63.png,0,0.8076894879341125,0.9974357485771179,0.9953388571739197
Brain,9,phase1_hard,good/img/01081_95.png,0,0.8016677498817444,0.4026137590408325,0.19486822187900543
Brain,9,phase1_hard,good/img/01081_96.png,0,0.7896648645401001,0.02783006615936756,0.011463137343525887
Brain,9,phase1_hard,good/img/01081_97.png,0,0.766287624835968,2.0319337181717856e-06,9.151554536401818e-07
Brain,9,phase1_hard,good/img/01081_98.png,0,0.7584214806556702,2.3884499000814685e-07,1.7574562605204846e-07
Brain,9,phase1_hard,good/img/01081_99.png,0,0.5409221649169922,1.9476586032851628e-07,1.4554470340044645e-07
Brain,9,phase1_hard,good/img/01082_95.png,0,0.8088417649269104,0.9666634798049927,0.8660792112350464
Brain,9,phase1_hard,good/img/01082_96.png,0,0.809276819229126,0.9910596013069153,0.9654003381729126
Brain,9,phase1_hard,good/img/01082_97.png,0,0.8102489113807678,0.9659134745597839,0.825969398021698
Brain,9,phase1_hard,good/img/01082_98.png,0,0.8161457777023315,0.8855589628219604,0.735909640789032
Brain,9,phase1_hard,good/img/01082_99.png,0,0.8186283707618713,0.7437389492988586,0.506852924823761
Brain,9,phase1_hard,good/img/01083_60.png,0,0.821904718875885,0.7520122528076172,0.5283031463623047
Brain,9,phase1_hard,good/img/01083_61.png,0,0.8194869160652161,0.945702075958252,0.8120908737182617
Brain,9,phase1_hard,good/img/01083_62.png,0,0.8173521161079407,0.8067672252655029,0.5585001707077026
Brain,9,phase1_hard,good/img/01094_60.png,0,0.7943216562271118,0.9600740075111389,0.933835506439209
Brain,9,phase1_hard,good/img/01094_61.png,0,0.7880781292915344,0.8964788317680359,0.7922570705413818
Brain,9,phase1_hard,good/img/01097_60.png,0,0.8096401691436768,0.9772669076919556,0.8682277202606201
Brain,9,phase1_hard,good/img/01097_61.png,0,0.8060269951820374,0.9655953645706177,0.8531376123428345
Brain,9,phase1_hard,good/img/01097_62.png,0,0.8118917942047119,0.9723479151725769,0.8638741374015808
Brain,9,phase1_hard,good/img/01103_60.png,0,0.8170905113220215,0.9829872846603394,0.9645497798919678
Brain,9,phase1_hard,good/img/01103_61.png,0,0.81520676612854,0.9830475449562073,0.9329351782798767
Brain,9,phase1_hard,good/img/01103_62.png,0,0.8179976344108582,0.9787458777427673,0.887669026851654
Brain,9,phase1_hard,good/img/01103_63.png,0,0.8212385177612305,0.9773262143135071,0.9230445027351379
Brain,9,phase1_hard,good/img/01103_64.png,0,0.8243221640586853,0.9674279093742371,0.9553949236869812
Brain,9,phase1_hard,good/img/01103_65.png,0,0.8209980130195618,0.9366124272346497,0.913676381111145
Brain,9,phase1_hard,good/img/01106_77.png,0,0.810981273651123,0.13975514471530914,0.05172397568821907
Brain,9,phase1_hard,good/img/01106_78.png,0,0.7483319640159607,9.03964064491447e-06,4.566335064737359e-06
Brain,9,phase1_hard,good/img/01109_60.png,0,0.8218384981155396,0.9981389045715332,0.9963722825050354
Brain,9,phase1_hard,good/img/01109_61.png,0,0.8186331987380981,0.9917562007904053,0.9727604985237122
Brain,9,phase1_hard,good/img/01109_62.png,0,0.8170957565307617,0.9641358852386475,0.9304168224334717
Brain,9,phase1_hard,good/img/01109_63.png,0,0.8134932518005371,0.8841416835784912,0.7437122464179993
Brain,9,phase1_hard,good/img/01112_60.png,0,0.8224629163742065,0.9826631546020508,0.9732571244239807
Brain,9,phase1_hard,good/img/01112_61.png,0,0.8223258256912231,0.9781892895698547,0.967522919178009
Brain,9,phase1_hard,good/img/01112_62.png,0,0.823710024356842,0.9797006845474243,0.9663317203521729
Brain,9,phase1_hard,good/img/01115_94.png,0,0.5307490229606628,1.0903244401561096e-05,5.1076799536531325e-06
Brain,9,phase1_hard,good/img/01115_95.png,0,0.606255054473877,1.2564505595946684e-05,7.70546557760099e-06
Brain,9,phase1_hard,good/img/01115_97.png,0,0.7760129570960999,0.00023109449830371886,0.0001033446314977482
Brain,9,phase1_hard,good/img/01115_98.png,0,0.8174843192100525,0.9694182872772217,0.8883340358734131
Brain,9,phase1_hard,good/img/01115_99.png,0,0.8171833753585815,0.7080255746841431,0.3793278932571411
Brain,9,phase1_hard,good/img/01118_77.png,0,0.80522620677948,0.05218655988574028,0.03665975108742714
Brain,9,phase1_hard,good/img/01118_78.png,0,0.8033819198608398,0.08272799104452133,0.035138051956892014
Brain,9,phase1_hard,good/img/01118_79.png,0,0.7953072786331177,0.0003191701543983072,0.00011434840416768566
Brain,9,phase1_hard,good/img/01118_80.png,0,0.7948144674301147,0.0038607879541814327,0.0017033939948305488
Brain,9,phase1_hard,good/img/01118_81.png,0,0.7880366444587708,0.00046670122537761927,0.00012795177462976426
Brain,9,phase1_hard,good/img/01122_60.png,0,0.8175848126411438,0.9929400682449341,0.9847052097320557
Brain,9,phase1_hard,good/img/01122_61.png,0,0.8221031427383423,0.9753231406211853,0.94783616065979
Brain,9,phase1_hard,good/img/01122_62.png,0,0.8207451701164246,0.957146167755127,0.8695163130760193
Brain,9,phase1_hard,good/img/01127_94.png,0,0.5427699089050293,8.544210686523002e-06,5.240602149569895e-06
Brain,9,phase1_hard,good/img/01127_95.png,0,0.8137929439544678,0.0004414018476381898,0.00015849426563363522
Brain,9,phase1_hard,good/img/01127_96.png,0,0.8099566102027893,0.12328293174505234,0.061933305114507675
Brain,9,phase1_hard,good/img/01127_97.png,0,0.5374450087547302,2.217045448560384e-06,1.0348045407226891e-06
Brain,9,phase1_hard,good/img/01127_98.png,0,0.8031256198883057,0.00028458412270992994,4.8626901843817905e-05
Brain,9,phase1_hard,good/img/01127_99.png,0,0.8051695823669434,3.257306889281608e-05,8.474298738292418e-06
Brain,9,phase1_hard,good/img/01135_60.png,0,0.8209293484687805,0.9705983400344849,0.9120236039161682
Brain,9,phase1_hard,good/img/01135_61.png,0,0.8185595273971558,0.9773522019386292,0.9322875738143921
Brain,9,phase1_hard,good/img/01135_62.png,0,0.8192692995071411,0.939478874206543,0.8526840806007385
Brain,9,phase1_hard,good/img/01135_63.png,0,0.8213039636611938,0.9254603981971741,0.8631076812744141
Brain,9,phase1_hard,good/img/01135_64.png,0,0.8198832869529724,0.9817377924919128,0.9403489232063293
Brain,9,phase1_hard,good/img/01146_60.png,0,0.8303722143173218,0.9938322305679321,0.9911011457443237
Brain,9,phase1_hard,good/img/01146_61.png,0,0.8295094966888428,0.9942507743835449,0.9930974245071411
Brain,9,phase1_hard,good/img/01146_62.png,0,0.8279812335968018,0.9957337975502014,0.9950516819953918
Brain,9,phase1_hard,good/img/01146_63.png,0,0.823029100894928,0.9992485642433167,0.9988778829574585
Brain,9,phase1_hard,good/img/01146_64.png,0,0.8240107297897339,0.9981706142425537,0.9974225163459778
Brain,9,phase1_hard,good/img/01150_97.png,0,0.7813249230384827,0.0004119210643693805,0.00018429775082040578
Brain,9,phase1_hard,good/img/01150_98.png,0,0.7782458066940308,6.258844950934872e-05,3.048422877327539e-05
Brain,9,phase1_hard,good/img/01150_99.png,0,0.779034435749054,9.169445547740906e-05,4.343884575064294e-05
Brain,9,phase1_hard,good/img/01161_98.png,0,0.8151471614837646,0.10166791826486588,0.06224168837070465
Brain,9,phase1_hard,good/img/01161_99.png,0,0.8201958537101746,0.12312755733728409,0.0668499618768692
Brain,9,phase1_hard,good/img/01165_60.png,0,0.8165835738182068,0.7706485390663147,0.6204872131347656
Brain,9,phase1_hard,good/img/01165_61.png,0,0.8120856881141663,0.8372247815132141,0.6017147302627563
Brain,9,phase1_hard,good/img/01165_62.png,0,0.8094548583030701,0.6217688918113708,0.4757784605026245
Brain,9,phase1_hard,good/img/01166_96.png,0,0.7623084187507629,5.06876813233248e-06,2.1329824448912404e-06
Brain,9,phase1_hard,good/img/01166_97.png,0,0.7083122134208679,4.50689549325034e-06,2.783304353215499e-06
Brain,9,phase1_hard,good/img/01166_98.png,0,0.6603420972824097,1.316353746005916e-06,8.111544502753532e-07
Brain,9,phase1_hard,good/img/01166_99.png,0,0.5775730013847351,1.456132707744473e-07,1.0874175870867475e-07
Brain,9,phase1_hard,good/img/01187_60.png,0,0.8154165744781494,0.9964845180511475,0.9913302063941956
Brain,9,phase1_hard,good/img/01187_61.png,0,0.8135996460914612,0.9975343942642212,0.9954844117164612
Brain,9,phase1_hard,good/img/01187_62.png,0,0.8099163174629211,0.9972997307777405,0.9954624772071838
Brain,9,phase1_hard,good/img/01187_63.png,0,0.8154223561286926,0.9903472661972046,0.9810203313827515
Brain,9,phase1_hard,good/img/01187_64.png,0,0.8099982738494873,0.9664490818977356,0.9262579679489136
Brain,9,phase1_hard,good/img/01221_95.png,0,0.8160504698753357,0.8435199856758118,0.741481363773346
Brain,9,phase1_hard,good/img/01221_96.png,0,0.8178179860115051,0.9333994388580322,0.8392778038978577
Brain,9,phase1_hard,good/img/01221_97.png,0,0.8161532282829285,0.5378681421279907,0.38509562611579895
Brain,9,phase1_hard,good/img/01221_98.png,0,0.8081821203231812,0.6362601518630981,0.5276246666908264
Brain,9,phase1_hard,good/img/01221_99.png,0,0.8101905584335327,0.7602212429046631,0.5512401461601257
Brain,9,phase1_hard,good/img/01244_60.png,0,0.8174999952316284,0.9927748441696167,0.966789960861206
Brain,9,phase1_hard,good/img/01244_61.png,0,0.8208404183387756,0.9699857234954834,0.9197512269020081
Brain,9,phase1_hard,good/img/01244_62.png,0,0.8163766264915466,0.9587500095367432,0.9185279607772827
Brain,9,phase1_hard,good/img/01244_63.png,0,0.8087848424911499,0.9863116145133972,0.9634460210800171
Brain,9,phase1_hard,good/img/01244_64.png,0,0.8082239627838135,0.9619783759117126,0.947888195514679
Brain,9,phase1_hard,good/img/01244_65.png,0,0.8059232234954834,0.9913122057914734,0.9834684729576111
Brain,9,phase1_hard,good/img/01245_98.png,0,0.8117314577102661,0.24050723016262054,0.13352739810943604
Brain,9,phase1_hard,good/img/01245_99.png,0,0.8190925717353821,0.7468597888946533,0.5017048716545105
Brain,9,phase1_hard,good/img/01248_94.png,0,0.8122191429138184,0.5314341187477112,0.3445437252521515
Brain,9,phase1_hard,good/img/01248_95.png,0,0.8066864609718323,0.2312116026878357,0.11497620493173599
Brain,9,phase1_hard,good/img/01248_96.png,0,0.8131542205810547,0.009155457839369774,0.005299454554915428
Brain,9,phase1_hard,good/img/01248_97.png,0,0.8187214136123657,0.292838454246521,0.08122378587722778
Brain,9,phase1_hard,good/img/01248_98.png,0,0.8204746246337891,0.12687493860721588,0.03971344232559204
Brain,9,phase1_hard,good/img/01248_99.png,0,0.8205656409263611,0.02715519443154335,0.0073634665459394455
Brain,9,phase1_hard,good/img/01263_84.png,0,0.8113609552383423,0.9025777578353882,0.7797113060951233
Brain,9,phase1_hard,good/img/01263_85.png,0,0.8156307935714722,0.9880883097648621,0.9696508646011353
Brain,9,phase1_hard,good/img/01268_60.png,0,0.8189600706100464,0.9959385395050049,0.9871067404747009
Brain,9,phase1_hard,good/img/01268_61.png,0,0.8184909224510193,0.995089590549469,0.9780788421630859
Brain,9,phase1_hard,good/img/01268_62.png,0,0.8164128065109253,0.9963151812553406,0.9900567531585693
Brain,9,phase1_hard,good/img/01271_60.png,0,0.8206343650817871,0.9936422109603882,0.9823665618896484
Brain,9,phase1_hard,good/img/01271_61.png,0,0.8238236904144287,0.9927546381950378,0.977436900138855
Brain,9,phase1_hard,good/img/01277_96.png,0,0.7926710844039917,0.04283987730741501,0.015512924641370773
Brain,9,phase1_hard,good/img/01277_97.png,0,0.7897322177886963,0.012281474657356739,0.007281752768903971
Brain,9,phase1_hard,good/img/01277_98.png,0,0.7943109273910522,0.0050148931331932545,0.0035187271423637867
Brain,9,phase1_hard,good/img/01277_99.png,0,0.7975643277168274,0.02095112018287182,0.012915159575641155
Brain,9,phase1_hard,good/img/01287_60.png,0,0.8181408643722534,0.9994872808456421,0.998663067817688
Brain,9,phase1_hard,good/img/01287_61.png,0,0.8154788017272949,0.9984784722328186,0.997403085231781
Brain,9,phase1_hard,good/img/01287_62.png,0,0.8123533129692078,0.9470587372779846,0.7703002691268921
Brain,9,phase1_hard,good/img/01287_63.png,0,0.8135079145431519,0.9796923398971558,0.9560521245002747
Brain,9,phase1_hard,good/img/01287_64.png,0,0.8128534555435181,0.9211279153823853,0.7508131861686707
Brain,9,phase1_hard,good/img/01287_65.png,0,0.816230297088623,0.7351878881454468,0.5208991169929504
Brain,9,phase1_hard,good/img/01295_60.png,0,0.8098456263542175,0.9992163181304932,0.9975179433822632
Brain,9,phase1_hard,good/img/01295_61.png,0,0.8111479878425598,0.998788058757782,0.997076690196991
Brain,9,phase1_hard,good/img/01305_60.png,0,0.8245031237602234,0.9934068918228149,0.9913828372955322
Brain,9,phase1_hard,good/img/01305_61.png,0,0.8264790773391724,0.9990105628967285,0.9985959529876709
Brain,9,phase1_hard,good/img/01305_62.png,0,0.8233637809753418,0.9996100068092346,0.9992796182632446
Brain,9,phase1_hard,good/img/01305_63.png,0,0.817432165145874,0.9993459582328796,0.9986323118209839
Brain,9,phase1_hard,good/img/01328_60.png,0,0.8257613182067871,0.6439569592475891,0.26226428151130676
Brain,9,phase1_hard,good/img/01328_61.png,0,0.8276868462562561,0.5607315897941589,0.3217012584209442
Brain,9,phase1_hard,good/img/01328_62.png,0,0.8262710571289062,0.8730441331863403,0.667046844959259
Brain,9,phase1_hard,good/img/01328_63.png,0,0.825646162033081,0.7838536500930786,0.5305070281028748
Brain,9,phase1_hard,good/img/01328_64.png,0,0.824317455291748,0.7306639552116394,0.5054984092712402
Brain,9,phase1_hard,good/img/01328_66.png,0,0.8226311206817627,0.7915406823158264,0.5569774508476257
Brain,9,phase1_hard,good/img/01336_60.png,0,0.8219417929649353,0.9992577433586121,0.9983465075492859
Brain,9,phase1_hard,good/img/01336_61.png,0,0.8213599324226379,0.9988215565681458,0.9976445436477661
Brain,9,phase1_hard,good/img/01356_95.png,0,0.811959445476532,0.9455246925354004,0.900441586971283
Brain,9,phase1_hard,good/img/01356_96.png,0,0.8077329397201538,0.8414417505264282,0.7304180860519409
Brain,9,phase1_hard,good/img/01356_97.png,0,0.807165265083313,0.6519637703895569,0.40164536237716675
Brain,9,phase1_hard,good/img/01356_98.png,0,0.8042676448822021,0.6807032227516174,0.43698397278785706
Brain,9,phase1_hard,good/img/01356_99.png,0,0.797698438167572,0.574690043926239,0.2651427388191223
Brain,9,phase1_hard,good/img/01361_98.png,0,0.8015854954719543,0.06794846057891846,0.04586143046617508
Brain,9,phase1_hard,good/img/01361_99.png,0,0.8058305978775024,0.08133172988891602,0.04675846919417381
Brain,9,phase1_hard,good/img/01364_60.png,0,0.8217931389808655,0.9930071830749512,0.9785107970237732
Brain,9,phase1_hard,good/img/01364_61.png,0,0.8227577209472656,0.9921572208404541,0.9787559509277344
Brain,9,phase1_hard,good/img/01364_62.png,0,0.8197448253631592,0.9929514527320862,0.9859071373939514
Brain,9,phase1_hard,good/img/01364_63.png,0,0.8190171718597412,0.9344518780708313,0.8798380494117737
Brain,9,phase1_hard,good/img/01364_64.png,0,0.8170067667961121,0.9139465093612671,0.8434027433395386
Brain,9,phase1_hard,good/img/01372_60.png,0,0.8112649917602539,0.951603889465332,0.8197615742683411
Brain,9,phase1_hard,good/img/01372_61.png,0,0.8128979802131653,0.8822571039199829,0.80997234582901
Brain,9,phase1_hard,good/img/01372_62.png,0,0.8144326210021973,0.9874790906906128,0.9834762811660767
Brain,9,phase1_hard,good/img/01372_64.png,0,0.817206084728241,0.996358335018158,0.9907405972480774
Brain,9,phase1_hard,good/img/01381_60.png,0,0.8146191239356995,0.7647258043289185,0.5095776319503784
Brain,9,phase1_hard,good/img/01381_61.png,0,0.807488739490509,0.49237653613090515,0.38234877586364746
Brain,9,phase1_hard,good/img/01381_62.png,0,0.8071244359016418,0.5446221232414246,0.4140300750732422
Brain,9,phase1_hard,good/img/01382_97.png,0,0.8123886585235596,0.3301188349723816,0.10702981799840927
Brain,9,phase1_hard,good/img/01382_98.png,0,0.8128305673599243,0.14801205694675446,0.05927971377968788
Brain,9,phase1_hard,good/img/01382_99.png,0,0.8001328706741333,0.20098909735679626,0.06548760831356049
Brain,9,phase1_hard,good/img/01383_95.png,0,0.808785080909729,0.8277688026428223,0.5562441945075989
Brain,9,phase1_hard,good/img/01383_96.png,0,0.810151219367981,0.4587148427963257,0.37531718611717224
Brain,9,phase1_hard,good/img/01383_97.png,0,0.8011624813079834,0.2648135721683502,0.15963214635849
Brain,9,phase1_hard,good/img/01390_60.png,0,0.8166304230690002,0.9973182082176208,0.9940289258956909
Brain,9,phase1_hard,good/img/01390_61.png,0,0.8108019232749939,0.9873884320259094,0.9755937457084656
Brain,9,phase1_hard,good/img/01390_62.png,0,0.8061872124671936,0.9842885732650757,0.9663455486297607
Brain,9,phase1_hard,good/img/01390_63.png,0,0.8101333975791931,0.9685534834861755,0.9474149942398071
Brain,9,phase1_hard,good/img/01394_95.png,0,0.810185968875885,0.2819576859474182,0.1522512137889862
Brain,9,phase1_hard,good/img/01394_96.png,0,0.8072579503059387,0.35787102580070496,0.14896564185619354
Brain,9,phase1_hard,good/img/01394_97.png,0,0.8140560388565063,0.2232254147529602,0.10182319581508636
Brain,9,phase1_hard,good/img/01394_98.png,0,0.8153088092803955,0.3807072639465332,0.1704256683588028
Brain,9,phase1_hard,good/img/01394_99.png,0,0.8143340349197388,0.3554122745990753,0.1770375818014145
Brain,9,phase1_hard,good/img/01398_60.png,0,0.8194625377655029,0.759827196598053,0.6124528646469116
Brain,9,phase1_hard,good/img/01398_61.png,0,0.8182001113891602,0.9778638482093811,0.9333208799362183
Brain,9,phase1_hard,good/img/01398_62.png,0,0.8186665177345276,0.9731966853141785,0.9116056561470032
Brain,9,phase1_hard,good/img/01398_63.png,0,0.8155872821807861,0.7666513919830322,0.6586887836456299
Brain,9,phase1_hard,good/img/01398_64.png,0,0.8148168325424194,0.70032799243927,0.39394611120224
Brain,9,phase1_hard,good/img/01398_65.png,0,0.8147547245025635,0.2723273038864136,0.11517024785280228
Brain,9,phase1_hard,good/img/01441_60.png,0,0.819791316986084,0.9992677569389343,0.9989590644836426
Brain,9,phase1_hard,good/img/01441_61.png,0,0.8229596614837646,0.9991334080696106,0.9985500574111938
Brain,9,phase1_hard,good/img/01441_62.png,0,0.8210418224334717,0.9985837936401367,0.9966529607772827
Brain,9,phase1_hard,good/img/01441_63.png,0,0.8201028108596802,0.9986175298690796,0.996918261051178
Brain,9,phase1_hard,good/img/01442_98.png,0,0.8049357533454895,0.007895531132817268,0.004966998007148504
Brain,9,phase1_hard,good/img/01442_99.png,0,0.802708089351654,0.0006631813594140112,0.0002143088640877977
Brain,9,phase1_hard,good/img/01450_98.png,0,0.7984844446182251,0.1690497249364853,0.1106615737080574
Brain,9,phase1_hard,good/img/01450_99.png,0,0.803451657295227,0.3905903995037079,0.2858133018016815
Brain,9,phase1_hard,good/img/01453_94.png,0,0.8141127228736877,0.678821325302124,0.33023959398269653
Brain,9,phase1_hard,good/img/01453_95.png,0,0.8149914145469666,0.7801637053489685,0.4576762020587921
Brain,9,phase1_hard,good/img/01453_96.png,0,0.8148876428604126,0.23722194135189056,0.0986216738820076
Brain,9,phase1_hard,good/img/01453_97.png,0,0.8099907040596008,0.19407254457473755,0.10649852454662323
Brain,9,phase1_hard,good/img/01453_98.png,0,0.8103014230728149,0.10720125585794449,0.03637941926717758
Brain,9,phase1_hard,good/img/01453_99.png,0,0.8049317002296448,0.001074889674782753,0.0002162182063329965
Brain,9,phase1_hard,good/img/01460_98.png,0,0.8147484660148621,0.8969138264656067,0.8243955969810486
Brain,9,phase1_hard,good/img/01460_99.png,0,0.8107761740684509,0.839379608631134,0.7587495446205139
Brain,9,phase1_hard,good/img/01474_95.png,0,0.8095536828041077,0.34948477149009705,0.22763721644878387
Brain,9,phase1_hard,good/img/01474_96.png,0,0.8122655153274536,0.33185824751853943,0.16600346565246582
Brain,9,phase1_hard,good/img/01474_97.png,0,0.8113201856613159,0.7002055644989014,0.4078357219696045
Brain,9,phase1_hard,good/img/01474_98.png,0,0.8097720146179199,0.8825458288192749,0.7093005776405334
Brain,9,phase1_hard,good/img/01474_99.png,0,0.8057981133460999,0.4801580309867859,0.26390138268470764
Brain,9,phase1_hard,good/img/01487_95.png,0,0.8124725222587585,0.6989853382110596,0.4189796447753906
Brain,9,phase1_hard,good/img/01487_96.png,0,0.8111141920089722,0.2856602966785431,0.13076524436473846
Brain,9,phase1_hard,good/img/01487_97.png,0,0.8146774172782898,0.01991281658411026,0.01594265177845955
Brain,9,phase1_hard,good/img/01487_98.png,0,0.8158941268920898,0.49242711067199707,0.3549461364746094
Brain,9,phase1_hard,good/img/01487_99.png,0,0.81102055311203,0.3585866689682007,0.22643765807151794
Brain,9,phase1_hard,good/img/01501_97.png,0,0.8214290738105774,0.1534055769443512,0.05850377678871155
Brain,9,phase1_hard,good/img/01501_98.png,0,0.8141056299209595,0.0018335293279960752,0.0009593396680429578
Brain,9,phase1_hard,good/img/01501_99.png,0,0.8042016625404358,0.08859080821275711,0.036026354879140854
Brain,9,phase1_hard,good/img/01518_60.png,0,0.8228924870491028,0.9982695579528809,0.9972543120384216
Brain,9,phase1_hard,good/img/01518_61.png,0,0.8265438675880432,0.9976158142089844,0.9960939288139343
Brain,9,phase1_hard,good/img/01534_97.png,0,0.7896355986595154,0.038503360003232956,0.01872098818421364
Brain,9,phase1_hard,good/img/01534_98.png,0,0.7936034202575684,0.10372606664896011,0.04445681720972061
Brain,9,phase1_hard,good/img/01534_99.png,0,0.7938872575759888,0.09802404046058655,0.05866672471165657
Brain,9,phase1_hard,good/img/01545_60.png,0,0.8157843947410583,0.9958555102348328,0.9932525753974915
Brain,9,phase1_hard,good/img/01545_61.png,0,0.8144494891166687,0.992813766002655,0.987855076789856
Brain,9,phase1_hard,good/img/01545_62.png,0,0.8134447336196899,0.9879317879676819,0.9818482995033264
Brain,9,phase1_hard,good/img/01545_63.png,0,0.815426766872406,0.9898453950881958,0.9768737554550171
Brain,9,phase1_hard,good/img/01545_64.png,0,0.8200737833976746,0.9809657335281372,0.9509465098381042
Brain,9,phase1_hard,good/img/01550_96.png,0,0.7885196805000305,0.0007778609870001674,0.0004403561761137098
Brain,9,phase1_hard,good/img/01550_97.png,0,0.7881174087524414,0.0017612918745726347,0.000815347651951015
Brain,9,phase1_hard,good/img/01550_98.png,0,0.7879887223243713,6.545395763168926e-07,3.7988715462233813e-07
Brain,9,phase1_hard,good/img/01550_99.png,0,0.7811410427093506,1.870306789442111e-07,1.4062159436889488e-07
Brain,9,phase1_hard,good/img/01563_97.png,0,0.5012875199317932,2.2664112293568905e-06,1.5970121012287564e-06
Brain,9,phase1_hard,good/img/01563_98.png,0,0.7887179255485535,0.11246856302022934,0.078851118683815
Brain,9,phase1_hard,good/img/01563_99.png,0,0.7988462448120117,0.18977543711662292,0.11393876373767853
Brain,9,phase1_hard,good/img/01577_98.png,0,0.8051632046699524,0.9716570973396301,0.8820167779922485
Brain,9,phase1_hard,good/img/01577_99.png,0,0.8012007474899292,0.9825897216796875,0.8985009789466858
Brain,9,phase1_hard,good/img/01579_96.png,0,0.7915325164794922,0.8600623607635498,0.7812325358390808
Brain,9,phase1_hard,good/img/01579_97.png,0,0.7916277647018433,0.9094396829605103,0.8635318279266357
Brain,9,phase1_hard,good/img/01579_98.png,0,0.7896665930747986,0.8042067289352417,0.7282222509384155
Brain,9,phase1_hard,good/img/01579_99.png,0,0.7956094145774841,0.17209210991859436,0.13722412288188934
Brain,9,phase1_hard,good/img/01586_60.png,0,0.8093363642692566,0.999630331993103,0.9995086193084717
Brain,9,phase1_hard,good/img/01586_61.png,0,0.8100395798683167,0.9994176626205444,0.9992812275886536
Brain,9,phase1_hard,good/img/01586_62.png,0,0.8067479729652405,0.9994693398475647,0.9992412328720093
Brain,9,phase1_hard,good/img/01586_63.png,0,0.8105794191360474,0.9979633092880249,0.9972542524337769
Brain,9,phase1_hard,good/img/01586_64.png,0,0.8159722685813904,0.9916102290153503,0.9865710735321045
Brain,9,phase1_hard,good/img/01586_65.png,0,0.8133581280708313,0.9942587614059448,0.9806634187698364
Brain,9,phase1_hard,good/img/01589_60.png,0,0.8184397220611572,0.9962376356124878,0.9914947748184204
Brain,9,phase1_hard,good/img/01589_61.png,0,0.8201091885566711,0.9939714074134827,0.9906064867973328
Brain,9,phase1_hard,good/img/01589_62.png,0,0.8221546411514282,0.9950785636901855,0.9914353489875793
Brain,9,phase1_hard,good/img/01589_63.png,0,0.8236960768699646,0.9985299110412598,0.9965288043022156
Brain,9,phase1_hard,good/img/01589_64.png,0,0.8226885795593262,0.996816098690033,0.9940396547317505
Brain,9,phase1_hard,good/img/01589_65.png,0,0.8216580152511597,0.9953159093856812,0.9904413223266602
Brain,9,phase1_hard,good/img/01599_97.png,0,0.5119528770446777,1.4076614434088697e-06,8.02123167886748e-07
Brain,9,phase1_hard,good/img/01599_98.png,0,0.6402599811553955,3.0538326427631546e-06,2.2394540337700164e-06
Brain,9,phase1_hard,good/img/01599_99.png,0,0.5707060694694519,9.966513061954174e-06,5.937395144428592e-06
Brain,9,phase1_hard,good/img/01604_60.png,0,0.8188521265983582,0.9987762570381165,0.9978742599487305
Brain,9,phase1_hard,good/img/01604_61.png,0,0.8195587992668152,0.9992266893386841,0.998647928237915
Brain,9,phase1_hard,good/img/01633_98.png,0,0.7964395880699158,0.15846680104732513,0.07691003382205963
Brain,9,phase1_hard,good/img/01633_99.png,0,0.7988389730453491,0.03293043002486229,0.01693098619580269
Brain,9,phase1_hard,good/img/01649_95.png,0,0.8006339073181152,0.966780424118042,0.9476078152656555
Brain,9,phase1_hard,good/img/01649_96.png,0,0.7922123074531555,0.8758302927017212,0.8059029579162598
Brain,9,phase1_hard,good/img/01649_97.png,0,0.701148271560669,0.00012198147305753082,5.8568148233462125e-05
Brain,9,phase1_hard,good/img/01649_98.png,0,0.6272196173667908,0.00014877576904837042,8.217150025302544e-05
Brain,9,phase1_hard,good/img/01649_99.png,0,0.5785355567932129,0.00026525379507802427,0.00014173629460856318
Brain,9,phase1_hard,good/img/01652_60.png,0,0.8225269913673401,0.9963793158531189,0.9926814436912537
Brain,9,phase1_hard,good/img/01652_61.png,0,0.8142566680908203,0.9927944540977478,0.9828150272369385
Brain,9,phase1_hard,good/img/01652_62.png,0,0.8145799040794373,0.9939320683479309,0.9875739216804504
Brain,9,phase1_hard,Ungood/img/00002_60.png,1,0.8244045376777649,0.9979456067085266,0.9975497722625732
Brain,9,phase1_hard,Ungood/img/00002_68.png,1,0.8241255879402161,0.9855334162712097,0.9800028800964355
Brain,9,phase1_hard,Ungood/img/00002_76.png,1,0.8227447271347046,0.9985479712486267,0.9946867823600769
Brain,9,phase1_hard,Ungood/img/00002_84.png,1,0.8206415772438049,0.9998934268951416,0.9996562004089355
Brain,9,phase1_hard,Ungood/img/00002_92.png,1,0.8202093243598938,0.9992089867591858,0.9972839951515198
Brain,9,phase1_hard,Ungood/img/00006_60.png,1,0.8247014284133911,0.998794674873352,0.9974703788757324
Brain,9,phase1_hard,Ungood/img/00006_68.png,1,0.8203786611557007,0.9980601668357849,0.9976386427879333
Brain,9,phase1_hard,Ungood/img/00006_76.png,1,0.8208739161491394,0.9980384707450867,0.9975587129592896
Brain,9,phase1_hard,Ungood/img/00006_84.png,1,0.8236947655677795,0.9996590614318848,0.9986488819122314
Brain,9,phase1_hard,Ungood/img/00006_92.png,1,0.8187142014503479,0.9977729916572571,0.9923880100250244
Brain,9,phase1_hard,Ungood/img/00009_60.png,1,0.8040635585784912,0.0033477337565273046,0.000798470398876816
Brain,9,phase1_hard,Ungood/img/00009_68.png,1,0.7675322890281677,0.004192390479147434,0.0015568188391625881
Brain,9,phase1_hard,Ungood/img/00009_76.png,1,0.7993008494377136,0.02684824913740158,0.0063919927924871445
Brain,9,phase1_hard,Ungood/img/00009_84.png,1,0.8076935410499573,0.7371920347213745,0.2587507367134094
Brain,9,phase1_hard,Ungood/img/00009_92.png,1,0.7997318506240845,0.15116117894649506,0.03621223196387291
Brain,9,phase1_hard,Ungood/img/00012_60.png,1,0.8252454996109009,0.9812333583831787,0.9630874991416931
Brain,9,phase1_hard,Ungood/img/00012_68.png,1,0.8260838985443115,0.9994390606880188,0.9980727434158325
Brain,9,phase1_hard,Ungood/img/00012_76.png,1,0.8290497660636902,0.9964893460273743,0.9946308135986328
Brain,9,phase1_hard,Ungood/img/00012_84.png,1,0.8288313746452332,0.9993762373924255,0.9986615777015686
Brain,9,phase1_hard,Ungood/img/00012_92.png,1,0.8282947540283203,0.9974061846733093,0.9952760934829712
Brain,9,phase1_hard,Ungood/img/00016_60.png,1,0.8162264227867126,0.9934936165809631,0.9883869290351868
Brain,9,phase1_hard,Ungood/img/00016_68.png,1,0.8117015957832336,0.9794925451278687,0.9217791557312012
Brain,9,phase1_hard,Ungood/img/00016_76.png,1,0.8169860243797302,0.9706371426582336,0.8739179372787476
Brain,9,phase1_hard,Ungood/img/00016_84.png,1,0.8141192197799683,0.9691709876060486,0.696463406085968
Brain,9,phase1_hard,Ungood/img/00016_92.png,1,0.8145964741706848,0.5055114030838013,0.18565863370895386
Brain,9,phase1_hard,Ungood/img/00017_60.png,1,0.8217020034790039,0.8831126689910889,0.8179187774658203
Brain,9,phase1_hard,Ungood/img/00017_68.png,1,0.8203985691070557,0.8147785663604736,0.5453658699989319
Brain,9,phase1_hard,Ungood/img/00017_76.png,1,0.8167915940284729,0.7830129265785217,0.4802931845188141
Brain,9,phase1_hard,Ungood/img/00017_84.png,1,0.8219855427742004,0.9611547589302063,0.8317559957504272
Brain,9,phase1_hard,Ungood/img/00017_92.png,1,0.8194854855537415,0.2650716006755829,0.06006893143057823
Brain,9,phase1_hard,Ungood/img/00019_60.png,1,0.8239358067512512,0.9626818895339966,0.8993217349052429
Brain,9,phase1_hard,Ungood/img/00019_68.png,1,0.8232186436653137,0.9428663849830627,0.8871987462043762
Brain,9,phase1_hard,Ungood/img/00019_76.png,1,0.8249370455741882,0.6575103402137756,0.4327372610569
Brain,9,phase1_hard,Ungood/img/00019_84.png,1,0.8223701119422913,0.4192928969860077,0.24811023473739624
Brain,9,phase1_hard,Ungood/img/00019_92.png,1,0.818796694278717,0.27409791946411133,0.10304005444049835
Brain,9,phase1_hard,Ungood/img/00022_60.png,1,0.8046106100082397,0.9929563999176025,0.9885919690132141
Brain,9,phase1_hard,Ungood/img/00022_68.png,1,0.8254042863845825,0.9740846753120422,0.9055160284042358
Brain,9,phase1_hard,Ungood/img/00022_76.png,1,0.8226915597915649,0.985997200012207,0.8861562609672546
Brain,9,phase1_hard,Ungood/img/00022_84.png,1,0.8227787613868713,0.9518839716911316,0.8532757759094238
Brain,9,phase1_hard,Ungood/img/00022_92.png,1,0.824973464012146,0.9479742646217346,0.8081042170524597
Brain,9,phase1_hard,Ungood/img/00030_60.png,1,0.8145403265953064,0.5355934500694275,0.18035513162612915
Brain,9,phase1_hard,Ungood/img/00030_68.png,1,0.8251133561134338,0.9979779124259949,0.9878117442131042
Brain,9,phase1_hard,Ungood/img/00030_76.png,1,0.8164927363395691,0.9196183681488037,0.7213556170463562
Brain,9,phase1_hard,Ungood/img/00030_84.png,1,0.8137422204017639,0.9152927994728088,0.6090002059936523
Brain,9,phase1_hard,Ungood/img/00030_92.png,1,0.8153438568115234,0.9471890330314636,0.8084405660629272
Brain,9,phase1_hard,Ungood/img/00031_60.png,1,0.8255425691604614,0.962086021900177,0.9306157827377319
Brain,9,phase1_hard,Ungood/img/00031_68.png,1,0.821833074092865,0.9850200414657593,0.9740291237831116
Brain,9,phase1_hard,Ungood/img/00031_76.png,1,0.706570565700531,0.0020890305750072002,0.000727436097804457
Brain,9,phase1_hard,Ungood/img/00031_84.png,1,0.8137746453285217,0.00013344419130589813,7.534552423749119e-05
Brain,9,phase1_hard,Ungood/img/00031_92.png,1,0.8212417364120483,0.10893923044204712,0.0428447388112545
Brain,9,phase1_hard,Ungood/img/00032_60.png,1,0.8219810128211975,0.8014376759529114,0.5372564196586609
Brain,9,phase1_hard,Ungood/img/00032_68.png,1,0.8148600459098816,0.9526915550231934,0.8922606706619263
Brain,9,phase1_hard,Ungood/img/00032_76.png,1,0.8117112517356873,0.8490760326385498,0.5457128882408142
Brain,9,phase1_hard,Ungood/img/00032_84.png,1,0.8133398294448853,0.9784128069877625,0.9291428327560425
Brain,9,phase1_hard,Ungood/img/00032_92.png,1,0.8180670142173767,0.9194042682647705,0.8377301692962646
Brain,9,phase1_hard,Ungood/img/00036_60.png,1,0.8177849054336548,0.996311366558075,0.9879583716392517
Brain,9,phase1_hard,Ungood/img/00036_68.png,1,0.8211846947669983,0.9711692929267883,0.8972733020782471
Brain,9,phase1_hard,Ungood/img/00036_76.png,1,0.8162395358085632,0.9771376848220825,0.9101299047470093
Brain,9,phase1_hard,Ungood/img/00036_84.png,1,0.8148631453514099,0.523116409778595,0.3270818293094635
Brain,9,phase1_hard,Ungood/img/00036_92.png,1,0.8212471604347229,0.8986999988555908,0.7396442890167236
Brain,9,phase1_hard,Ungood/img/00048_60.png,1,0.801773190498352,0.9267018437385559,0.7367716431617737
Brain,9,phase1_hard,Ungood/img/00048_68.png,1,0.8151125907897949,0.9679640531539917,0.873315691947937
Brain,9,phase1_hard,Ungood/img/00048_76.png,1,0.8226614594459534,0.9061098098754883,0.6780068278312683
Brain,9,phase1_hard,Ungood/img/00048_84.png,1,0.8179519176483154,0.8934458494186401,0.6610695719718933
Brain,9,phase1_hard,Ungood/img/00048_92.png,1,0.8135006427764893,0.9704270362854004,0.5961520075798035
Brain,9,phase1_hard,Ungood/img/00051_60.png,1,0.8171369433403015,0.9107551574707031,0.8475239872932434
Brain,9,phase1_hard,Ungood/img/00051_68.png,1,0.8280764222145081,0.9956884980201721,0.99225252866745
Brain,9,phase1_hard,Ungood/img/00051_76.png,1,0.8218784928321838,0.9681476354598999,0.9371700882911682
Brain,9,phase1_hard,Ungood/img/00051_84.png,1,0.8225661516189575,0.9967606663703918,0.9944265484809875
Brain,9,phase1_hard,Ungood/img/00051_92.png,1,0.8227543830871582,0.1002240851521492,0.03297931328415871
Brain,9,phase1_hard,Ungood/img/00052_60.png,1,0.8253472447395325,0.9942027926445007,0.9911185503005981
Brain,9,phase1_hard,Ungood/img/00052_68.png,1,0.8284775018692017,0.9953293800354004,0.9877105951309204
Brain,9,phase1_hard,Ungood/img/00052_76.png,1,0.8260881304740906,0.9986594915390015,0.996267557144165
Brain,9,phase1_hard,Ungood/img/00052_84.png,1,0.8177668452262878,0.9996423721313477,0.9990903735160828
Brain,9,phase1_hard,Ungood/img/00052_92.png,1,0.8237565755844116,0.9907705783843994,0.9715285897254944
Brain,9,phase1_hard,Ungood/img/00053_60.png,1,0.7964720726013184,0.33632421493530273,0.09976308047771454
Brain,9,phase1_hard,Ungood/img/00053_68.png,1,0.811147153377533,0.2646101117134094,0.1367347538471222
Brain,9,phase1_hard,Ungood/img/00053_76.png,1,0.8093274831771851,0.9882413744926453,0.9780129790306091
Brain,9,phase1_hard,Ungood/img/00053_84.png,1,0.8216555118560791,0.996105968952179,0.9838913679122925
Brain,9,phase1_hard,Ungood/img/00053_92.png,1,0.8196602463722229,0.9988825917243958,0.995765745639801
Brain,9,phase1_hard,Ungood/img/00059_60.png,1,0.8227207660675049,0.9960768818855286,0.993343710899353
Brain,9,phase1_hard,Ungood/img/00059_68.png,1,0.8214410543441772,0.9978944659233093,0.9953414797782898
Brain,9,phase1_hard,Ungood/img/00059_76.png,1,0.8224659562110901,0.9981624484062195,0.9974742531776428
Brain,9,phase1_hard,Ungood/img/00059_84.png,1,0.8202873468399048,0.9973433613777161,0.994439423084259
Brain,9,phase1_hard,Ungood/img/00059_92.png,1,0.8157075643539429,0.7935591340065002,0.6526229977607727
Brain,9,phase1_hard,Ungood/img/00060_60.png,1,0.8289008736610413,0.996164083480835,0.9932546615600586
Brain,9,phase1_hard,Ungood/img/00060_68.png,1,0.8290870189666748,0.9981449842453003,0.996510922908783
Brain,9,phase1_hard,Ungood/img/00060_76.png,1,0.8260499835014343,0.9978622794151306,0.9950613379478455
Brain,9,phase1_hard,Ungood/img/00060_84.png,1,0.8290424346923828,0.9958429932594299,0.9932035207748413
Brain,9,phase1_hard,Ungood/img/00060_92.png,1,0.8223142623901367,0.997692346572876,0.9956986308097839
Brain,9,phase1_hard,Ungood/img/00062_60.png,1,0.8162701725959778,0.9955630302429199,0.9937520623207092
Brain,9,phase1_hard,Ungood/img/00062_68.png,1,0.8213222622871399,0.9979451298713684,0.9880960583686829
Brain,9,phase1_hard,Ungood/img/00062_76.png,1,0.8139283657073975,0.9790194630622864,0.9391829967498779
Brain,9,phase1_hard,Ungood/img/00062_84.png,1,0.807959794998169,0.987057626247406,0.9790472388267517
Brain,9,phase1_hard,Ungood/img/00062_92.png,1,0.8119099140167236,0.9956627488136292,0.9873721599578857
Brain,9,phase1_hard,Ungood/img/00064_60.png,1,0.8236755728721619,0.8530197143554688,0.7750595211982727
Brain,9,phase1_hard,Ungood/img/00064_68.png,1,0.8260864615440369,0.9770773649215698,0.9408933520317078
Brain,9,phase1_hard,Ungood/img/00064_76.png,1,0.8246375918388367,0.965812087059021,0.9310263991355896
Brain,9,phase1_hard,Ungood/img/00064_84.png,1,0.8207047581672668,0.6359381675720215,0.35245281457901
Brain,9,phase1_hard,Ungood/img/00064_92.png,1,0.8214168548583984,0.5031362771987915,0.19125647842884064
Brain,9,phase1_hard,Ungood/img/00068_60.png,1,0.8156304955482483,0.9959232807159424,0.993539035320282
Brain,9,phase1_hard,Ungood/img/00068_68.png,1,0.8209496736526489,0.9949830770492554,0.9903451800346375
Brain,9,phase1_hard,Ungood/img/00068_76.png,1,0.8227370977401733,0.9984855055809021,0.9970775842666626
Brain,9,phase1_hard,Ungood/img/00068_84.png,1,0.8232153654098511,0.9964634776115417,0.9903813600540161
Brain,9,phase1_hard,Ungood/img/00068_92.png,1,0.6344103217124939,8.14377490314655e-05,3.6614852433558553e-05
Brain,9,phase1_hard,Ungood/img/00071_60.png,1,0.8242174386978149,0.9934051632881165,0.9873307943344116
Brain,9,phase1_hard,Ungood/img/00071_68.png,1,0.818169355392456,0.9224854111671448,0.8510107398033142
Brain,9,phase1_hard,Ungood/img/00071_76.png,1,0.8200192451477051,0.978522002696991,0.9370604753494263
Brain,9,phase1_hard,Ungood/img/00071_84.png,1,0.8177067041397095,0.5829550623893738,0.4687538146972656
Brain,9,phase1_hard,Ungood/img/00071_92.png,1,0.8098422288894653,0.03354047238826752,0.00844289269298315
Brain,9,phase1_hard,Ungood/img/00077_60.png,1,0.8219124674797058,0.9964105486869812,0.9897246360778809
Brain,9,phase1_hard,Ungood/img/00077_68.png,1,0.8121329545974731,0.9991732239723206,0.9977503418922424
Brain,9,phase1_hard,Ungood/img/00077_76.png,1,0.8104411363601685,0.9918701648712158,0.9863055944442749
Brain,9,phase1_hard,Ungood/img/00077_84.png,1,0.815178394317627,0.9945399165153503,0.9894910454750061
Brain,9,phase1_hard,Ungood/img/00077_92.png,1,0.8231943249702454,0.9985684156417847,0.9965550899505615
Brain,9,phase1_hard,Ungood/img/00081_60.png,1,0.8245507478713989,0.9898707270622253,0.975824236869812
Brain,9,phase1_hard,Ungood/img/00081_68.png,1,0.8264841437339783,0.9937631487846375,0.9881752133369446
Brain,9,phase1_hard,Ungood/img/00081_76.png,1,0.8237988948822021,0.9950371384620667,0.9912760853767395
Brain,9,phase1_hard,Ungood/img/00081_84.png,1,0.8232447504997253,0.9918210506439209,0.9815120697021484
Brain,9,phase1_hard,Ungood/img/00081_92.png,1,0.8224784135818481,0.9864698052406311,0.8663436770439148
Brain,9,phase1_hard,Ungood/img/00084_60.png,1,0.8124681711196899,0.9277524948120117,0.6831919550895691
Brain,9,phase1_hard,Ungood/img/00084_68.png,1,0.8025519847869873,0.9957507848739624,0.9823887944221497
Brain,9,phase1_hard,Ungood/img/00084_76.png,1,0.80976802110672,0.8163391351699829,0.5339488983154297
Brain,9,phase1_hard,Ungood/img/00084_84.png,1,0.8178654313087463,0.5256360769271851,0.19133064150810242
Brain,9,phase1_hard,Ungood/img/00084_92.png,1,0.8124796748161316,0.998428225517273,0.9922324419021606
Brain,9,phase1_hard,Ungood/img/00087_60.png,1,0.8122654557228088,0.9986775517463684,0.9941203594207764
Brain,9,phase1_hard,Ungood/img/00087_68.png,1,0.8213629722595215,0.9774268865585327,0.9607219099998474
Brain,9,phase1_hard,Ungood/img/00087_76.png,1,0.8226455450057983,0.9747070670127869,0.896973192691803
Brain,9,phase1_hard,Ungood/img/00087_84.png,1,0.8233769536018372,0.9577169418334961,0.8530069589614868
Brain,9,phase1_hard,Ungood/img/00087_92.png,1,0.8256595134735107,0.07064750045537949,0.015162622556090355
Brain,9,phase1_hard,Ungood/img/00088_60.png,1,0.8187870979309082,0.9817509055137634,0.9683863520622253
Brain,9,phase1_hard,Ungood/img/00088_68.png,1,0.8165205717086792,0.9920056462287903,0.9810823798179626
Brain,9,phase1_hard,Ungood/img/00088_76.png,1,0.8302979469299316,0.9847527146339417,0.9697035551071167
Brain,9,phase1_hard,Ungood/img/00088_84.png,1,0.8245008587837219,0.990691065788269,0.9714092016220093
Brain,9,phase1_hard,Ungood/img/00088_92.png,1,0.8230036497116089,0.9984525442123413,0.9942528009414673
Brain,9,phase1_hard,Ungood/img/00095_60.png,1,0.8270256519317627,0.9982549548149109,0.997277557849884
Brain,9,phase1_hard,Ungood/img/00095_68.png,1,0.8237422704696655,0.9830580353736877,0.954689621925354
Brain,9,phase1_hard,Ungood/img/00095_76.png,1,0.8266384601593018,0.8638319373130798,0.762714684009552
Brain,9,phase1_hard,Ungood/img/00095_84.png,1,0.8256018161773682,0.9824209809303284,0.9633294343948364
Brain,9,phase1_hard,Ungood/img/00095_92.png,1,0.8227027654647827,0.9966296553611755,0.9943935871124268
Brain,9,phase1_hard,Ungood/img/00096_60.png,1,0.8190960884094238,0.9972129464149475,0.989813506603241
Brain,9,phase1_hard,Ungood/img/00096_68.png,1,0.8225240111351013,0.9983906745910645,0.9947651028633118
Brain,9,phase1_hard,Ungood/img/00096_76.png,1,0.8190782070159912,0.997998058795929,0.994394063949585
Brain,9,phase1_hard,Ungood/img/00096_84.png,1,0.8180513978004456,0.9969998002052307,0.9886190891265869
Brain,9,phase1_hard,Ungood/img/00096_92.png,1,0.8236674070358276,0.963701069355011,0.8119598627090454
Brain,9,phase1_hard,Ungood/img/00099_60.png,1,0.8161625266075134,0.8134691715240479,0.5788698792457581
Brain,9,phase1_hard,Ungood/img/00099_68.png,1,0.8171467781066895,0.9899975061416626,0.9471588730812073
Brain,9,phase1_hard,Ungood/img/00099_76.png,1,0.823285698890686,0.9143961668014526,0.765451967716217
Brain,9,phase1_hard,Ungood/img/00099_84.png,1,0.8279131650924683,0.9853672981262207,0.8826392292976379
Brain,9,phase1_hard,Ungood/img/00099_92.png,1,0.8216316103935242,0.8920812010765076,0.6727259159088135
Brain,9,phase1_hard,Ungood/img/00103_60.png,1,0.8294267058372498,0.9965412020683289,0.9947158694267273
Brain,9,phase1_hard,Ungood/img/00103_68.png,1,0.827829122543335,0.9987227320671082,0.998338520526886
Brain,9,phase1_hard,Ungood/img/00103_76.png,1,0.8305896520614624,0.9971849322319031,0.9962466359138489
Brain,9,phase1_hard,Ungood/img/00103_84.png,1,0.8304560780525208,0.9882010221481323,0.9852325916290283
Brain,9,phase1_hard,Ungood/img/00103_92.png,1,0.8325613737106323,0.8883906006813049,0.8314839601516724
Brain,9,phase1_hard,Ungood/img/00105_60.png,1,0.8202406167984009,0.9991674423217773,0.9987600445747375
Brain,9,phase1_hard,Ungood/img/00105_68.png,1,0.8277974724769592,0.9964457154273987,0.9898133873939514
Brain,9,phase1_hard,Ungood/img/00105_76.png,1,0.8198347091674805,0.9974663257598877,0.989298403263092
Brain,9,phase1_hard,Ungood/img/00105_84.png,1,0.8237103819847107,0.9956545829772949,0.9900688529014587
Brain,9,phase1_hard,Ungood/img/00105_92.png,1,0.825255811214447,0.9655462503433228,0.9566570520401001
Brain,9,phase1_hard,Ungood/img/00106_60.png,1,0.8229922652244568,0.9725134372711182,0.9472821950912476
Brain,9,phase1_hard,Ungood/img/00106_68.png,1,0.8225424885749817,0.9932712912559509,0.9819361567497253
Brain,9,phase1_hard,Ungood/img/00106_76.png,1,0.8257351517677307,0.9965161085128784,0.9909937381744385
Brain,9,phase1_hard,Ungood/img/00106_84.png,1,0.8239285945892334,0.9995843768119812,0.9987168908119202
Brain,9,phase1_hard,Ungood/img/00106_92.png,1,0.82924485206604,0.9993295669555664,0.9985207915306091
Brain,9,phase1_hard,Ungood/img/00107_60.png,1,0.8196741342544556,0.9644350409507751,0.8490192294120789
Brain,9,phase1_hard,Ungood/img/00107_68.png,1,0.8230980634689331,0.9904497265815735,0.9698513746261597
Brain,9,phase1_hard,Ungood/img/00107_76.png,1,0.8226486444473267,0.9960655570030212,0.9874148368835449
Brain,9,phase1_hard,Ungood/img/00107_84.png,1,0.8248935341835022,0.9851807355880737,0.9700738787651062
Brain,9,phase1_hard,Ungood/img/00107_92.png,1,0.8198181986808777,0.9909079074859619,0.978239119052887
Brain,9,phase1_hard,Ungood/img/00109_60.png,1,0.8233194351196289,0.9974269270896912,0.996002733707428
Brain,9,phase1_hard,Ungood/img/00109_68.png,1,0.8221217393875122,0.9838048815727234,0.9740463495254517
Brain,9,phase1_hard,Ungood/img/00109_76.png,1,0.8241716623306274,0.9915146827697754,0.9868248105049133
Brain,9,phase1_hard,Ungood/img/00109_84.png,1,0.8232308030128479,0.9836323857307434,0.9428130388259888
Brain,9,phase1_hard,Ungood/img/00109_92.png,1,0.824836015701294,0.9847739934921265,0.9610937833786011
Brain,9,phase1_hard,Ungood/img/00111_60.png,1,0.8274832963943481,0.996184766292572,0.9948171973228455
Brain,9,phase1_hard,Ungood/img/00111_68.png,1,0.8279290795326233,0.9991843104362488,0.9984476566314697
Brain,9,phase1_hard,Ungood/img/00111_76.png,1,0.8255140781402588,0.9979569911956787,0.9957680106163025
Brain,9,phase1_hard,Ungood/img/00111_84.png,1,0.8249346017837524,0.9971893429756165,0.9944297075271606
Brain,9,phase1_hard,Ungood/img/00111_92.png,1,0.8242398500442505,0.9914905428886414,0.9792549014091492
Brain,9,phase1_hard,Ungood/img/00112_60.png,1,0.8260831832885742,0.9571328163146973,0.9243823885917664
Brain,9,phase1_hard,Ungood/img/00112_68.png,1,0.8256897926330566,0.9924466609954834,0.9831922650337219
Brain,9,phase1_hard,Ungood/img/00112_76.png,1,0.8210700750350952,0.9744116067886353,0.8896952867507935
Brain,9,phase1_hard,Ungood/img/00112_84.png,1,0.8217461109161377,0.9722341299057007,0.8503806591033936
Brain,9,phase1_hard,Ungood/img/00112_92.png,1,0.7995474338531494,0.2452363520860672,0.1594134420156479
Brain,9,phase1_hard,Ungood/img/00115_60.png,1,0.8203517198562622,0.9921188354492188,0.988544225692749
Brain,9,phase1_hard,Ungood/img/00115_68.png,1,0.8167407512664795,0.9982643723487854,0.997230052947998
Brain,9,phase1_hard,Ungood/img/00115_76.png,1,0.8216674327850342,0.9977618455886841,0.9947218894958496
Brain,9,phase1_hard,Ungood/img/00115_84.png,1,0.8215487003326416,0.9788253903388977,0.917181134223938
Brain,9,phase1_hard,Ungood/img/00115_92.png,1,0.824652373790741,0.9920642971992493,0.9782731533050537
Brain,9,phase1_hard,Ungood/img/00116_60.png,1,0.8275602459907532,0.9875925183296204,0.9663263559341431
Brain,9,phase1_hard,Ungood/img/00116_68.png,1,0.8258818984031677,0.975953221321106,0.8966881632804871
Brain,9,phase1_hard,Ungood/img/00116_76.png,1,0.8280277848243713,0.6777201294898987,0.40628519654273987
Brain,9,phase1_hard,Ungood/img/00116_84.png,1,0.8308362364768982,0.9921737909317017,0.8975813984870911
Brain,9,phase1_hard,Ungood/img/00116_92.png,1,0.822230875492096,0.9937540888786316,0.9589214324951172
Brain,9,phase1_hard,Ungood/img/00117_60.png,1,0.8170776963233948,0.9986090064048767,0.9975762367248535
Brain,9,phase1_hard,Ungood/img/00117_68.png,1,0.825626015663147,0.9847967624664307,0.9748169779777527
Brain,9,phase1_hard,Ungood/img/00117_76.png,1,0.6067636013031006,0.0012054111575707793,0.0007605549180880189
Brain,9,phase1_hard,Ungood/img/00117_84.png,1,0.8166907429695129,0.7364830374717712,0.4071335196495056
Brain,9,phase1_hard,Ungood/img/00117_92.png,1,0.8216137290000916,0.9777013063430786,0.9385144114494324
Brain,9,phase1_hard,Ungood/img/00121_60.png,1,0.8194158673286438,0.9966957569122314,0.9956033229827881
Brain,9,phase1_hard,Ungood/img/00121_68.png,1,0.8003273010253906,0.0011664284393191338,0.000562431407161057
Brain,9,phase1_hard,Ungood/img/00121_76.png,1,0.8091341853141785,0.9889399409294128,0.8990700244903564
Brain,9,phase1_hard,Ungood/img/00121_84.png,1,0.8098372220993042,0.8350592851638794,0.47432103753089905
Brain,9,phase1_hard,Ungood/img/00121_92.png,1,0.8127550482749939,0.07638470083475113,0.030827315524220467
Brain,9,phase1_hard,Ungood/img/00123_60.png,1,0.8293801546096802,0.9958193302154541,0.9935138821601868
Brain,9,phase1_hard,Ungood/img/00123_68.png,1,0.827411413192749,0.9967255592346191,0.9930095076560974
Brain,9,phase1_hard,Ungood/img/00123_76.png,1,0.822084367275238,0.9988775849342346,0.9978514313697815
Brain,9,phase1_hard,Ungood/img/00123_84.png,1,0.8249086141586304,0.9959593415260315,0.9925025105476379
Brain,9,phase1_hard,Ungood/img/00123_92.png,1,0.8273822069168091,0.9902659058570862,0.9855861663818359
Brain,9,phase1_hard,Ungood/img/00124_60.png,1,0.8234574794769287,0.9969694018363953,0.995232880115509
Brain,9,phase1_hard,Ungood/img/00124_68.png,1,0.8221908807754517,0.9852719306945801,0.9296211004257202
Brain,9,phase1_hard,Ungood/img/00124_76.png,1,0.8255941867828369,0.9938429594039917,0.9455226063728333
Brain,9,phase1_hard,Ungood/img/00124_84.png,1,0.8268194794654846,0.9974036812782288,0.9769507050514221
Brain,9,phase1_hard,Ungood/img/00124_92.png,1,0.8267239928245544,0.9981399774551392,0.9739136099815369
Brain,9,phase1_hard,Ungood/img/00126_60.png,1,0.8202422261238098,0.9986832737922668,0.9968991279602051
Brain,9,phase1_hard,Ungood/img/00126_68.png,1,0.8194922804832458,0.9994704127311707,0.9987629055976868
Brain,9,phase1_hard,Ungood/img/00126_76.png,1,0.8248099088668823,0.9995039701461792,0.9986526966094971
Brain,9,phase1_hard,Ungood/img/00126_84.png,1,0.8251089453697205,0.9995087385177612,0.997563898563385
Brain,9,phase1_hard,Ungood/img/00126_92.png,1,0.8241596221923828,0.9998629093170166,0.9993109107017517
Brain,9,phase1_hard,Ungood/img/00128_60.png,1,0.8180029392242432,0.9976770281791687,0.9963911175727844
Brain,9,phase1_hard,Ungood/img/00128_68.png,1,0.8222734928131104,0.989192545413971,0.9815450310707092
Brain,9,phase1_hard,Ungood/img/00128_76.png,1,0.8260358572006226,0.9970920085906982,0.995030403137207
Brain,9,phase1_hard,Ungood/img/00128_84.png,1,0.8292962908744812,0.9973033666610718,0.9961032867431641
Brain,9,phase1_hard,Ungood/img/00128_92.png,1,0.8245813846588135,0.9948818683624268,0.9913468360900879
Brain,9,phase1_hard,Ungood/img/00130_60.png,1,0.8223522305488586,0.9994564652442932,0.9961215853691101
Brain,9,phase1_hard,Ungood/img/00130_68.png,1,0.8251205086708069,0.9978606104850769,0.9874975085258484
Brain,9,phase1_hard,Ungood/img/00130_76.png,1,0.8274185061454773,0.9991835951805115,0.9965416789054871
Brain,9,phase1_hard,Ungood/img/00130_84.png,1,0.8241637349128723,0.9895210266113281,0.9372022151947021
Brain,9,phase1_hard,Ungood/img/00130_92.png,1,0.8181079626083374,0.9978322386741638,0.9948154091835022
Brain,9,phase1_hard,Ungood/img/00131_60.png,1,0.8171395659446716,0.9629673361778259,0.8407456278800964
Brain,9,phase1_hard,Ungood/img/00131_68.png,1,0.8156751394271851,0.9853448271751404,0.9659072756767273
Brain,9,phase1_hard,Ungood/img/00131_76.png,1,0.8210930228233337,0.9854527115821838,0.9545502662658691
Brain,9,phase1_hard,Ungood/img/00131_84.png,1,0.8265343904495239,0.9997425675392151,0.9980462193489075
Brain,9,phase1_hard,Ungood/img/00131_92.png,1,0.8247284293174744,0.9947593808174133,0.9716663956642151
Brain,9,phase1_hard,Ungood/img/00132_60.png,1,0.8216093182563782,0.9979202151298523,0.9965329170227051
Brain,9,phase1_hard,Ungood/img/00132_68.png,1,0.8198621273040771,0.9980990290641785,0.9962707757949829
Brain,9,phase1_hard,Ungood/img/00132_76.png,1,0.8101536631584167,0.9955942034721375,0.9908370971679688
Brain,9,phase1_hard,Ungood/img/00132_84.png,1,0.8115445375442505,0.9932495355606079,0.9847325682640076
Brain,9,phase1_hard,Ungood/img/00132_92.png,1,0.7987339496612549,0.9925415515899658,0.9804643988609314
Brain,9,phase1_hard,Ungood/img/00133_60.png,1,0.8226751685142517,0.9986262321472168,0.9983854293823242
Brain,9,phase1_hard,Ungood/img/00133_68.png,1,0.8265126943588257,0.9997149109840393,0.9994721412658691
Brain,9,phase1_hard,Ungood/img/00133_76.png,1,0.8150005340576172,0.9944906234741211,0.9899447560310364
Brain,9,phase1_hard,Ungood/img/00133_84.png,1,0.8158979415893555,0.9980708956718445,0.9875290989875793
Brain,9,phase1_hard,Ungood/img/00133_92.png,1,0.8203186988830566,0.7722743153572083,0.4481421709060669
Brain,9,phase1_hard,Ungood/img/00134_60.png,1,0.8214467763900757,0.9885674715042114,0.9823174476623535
Brain,9,phase1_hard,Ungood/img/00134_68.png,1,0.8226489424705505,0.9947478175163269,0.9927113652229309
Brain,9,phase1_hard,Ungood/img/00134_76.png,1,0.8238264322280884,0.9987875819206238,0.9978437423706055
Brain,9,phase1_hard,Ungood/img/00134_84.png,1,0.8172848224639893,0.9996069073677063,0.998900830745697
Brain,9,phase1_hard,Ungood/img/00134_92.png,1,0.8183106184005737,0.9997205138206482,0.9987092614173889
Brain,9,phase1_hard,Ungood/img/00137_60.png,1,0.8263171315193176,0.9939165711402893,0.9891868829727173
Brain,9,phase1_hard,Ungood/img/00137_68.png,1,0.8191547989845276,0.9967836141586304,0.9929344058036804
Brain,9,phase1_hard,Ungood/img/00137_76.png,1,0.8241603970527649,0.9994059801101685,0.998338520526886
Brain,9,phase1_hard,Ungood/img/00137_84.png,1,0.8131796717643738,0.9978862404823303,0.9961779713630676
Brain,9,phase1_hard,Ungood/img/00137_92.png,1,0.8204847574234009,0.9931097030639648,0.9781896471977234
Brain,9,phase1_hard,Ungood/img/00138_60.png,1,0.827068567276001,0.9974809288978577,0.9946851134300232
Brain,9,phase1_hard,Ungood/img/00138_68.png,1,0.8237473368644714,0.9866194725036621,0.9697903990745544
Brain,9,phase1_hard,Ungood/img/00138_76.png,1,0.8171907663345337,0.9937623143196106,0.9886000752449036
Brain,9,phase1_hard,Ungood/img/00138_84.png,1,0.8139984607696533,0.9951635599136353,0.9922260642051697
Brain,9,phase1_hard,Ungood/img/00138_92.png,1,0.8202014565467834,0.9934078454971313,0.9877142906188965
Brain,9,phase1_hard,Ungood/img/00142_60.png,1,0.8260704278945923,0.9963082075119019,0.9944421052932739
Brain,9,phase1_hard,Ungood/img/00142_68.png,1,0.8278807997703552,0.998018741607666,0.9889090657234192
Brain,9,phase1_hard,Ungood/img/00142_76.png,1,0.8121647238731384,0.4504299461841583,0.35981735587120056
Brain,9,phase1_hard,Ungood/img/00142_84.png,1,0.820896565914154,0.9856928586959839,0.7503262162208557
Brain,9,phase1_hard,Ungood/img/00142_92.png,1,0.8183836936950684,0.9932143688201904,0.8877416253089905
Brain,9,phase1_hard,Ungood/img/00143_60.png,1,0.8238751888275146,0.9982137680053711,0.9960249662399292
Brain,9,phase1_hard,Ungood/img/00143_68.png,1,0.8155498504638672,0.9863481521606445,0.9813909530639648
Brain,9,phase1_hard,Ungood/img/00143_76.png,1,0.8068238496780396,0.9820080995559692,0.9630990028381348
Brain,9,phase1_hard,Ungood/img/00143_84.png,1,0.8116533160209656,0.9912782311439514,0.9819635152816772
Brain,9,phase1_hard,Ungood/img/00143_92.png,1,0.8025879263877869,0.8171089291572571,0.5457625389099121
Brain,9,phase1_hard,Ungood/img/00147_60.png,1,0.8285830616950989,0.9944148063659668,0.9829788208007812
Brain,9,phase1_hard,Ungood/img/00147_68.png,1,0.8291217088699341,0.9905361533164978,0.9842522740364075
Brain,9,phase1_hard,Ungood/img/00147_76.png,1,0.8278883695602417,0.9985765218734741,0.9971160888671875
Brain,9,phase1_hard,Ungood/img/00147_84.png,1,0.8276558518409729,0.9853588342666626,0.9599887132644653
Brain,9,phase1_hard,Ungood/img/00147_92.png,1,0.8257156014442444,0.9971674084663391,0.9936416149139404
Brain,9,phase1_hard,Ungood/img/00150_60.png,1,0.8288633823394775,0.9950535893440247,0.9937216639518738
Brain,9,phase1_hard,Ungood/img/00150_68.png,1,0.8268498778343201,0.9991366267204285,0.9980181455612183
Brain,9,phase1_hard,Ungood/img/00150_76.png,1,0.8267907500267029,0.998865008354187,0.9979222416877747
Brain,9,phase1_hard,Ungood/img/00150_84.png,1,0.8259977698326111,0.9992751479148865,0.9989404678344727
Brain,9,phase1_hard,Ungood/img/00150_92.png,1,0.8251588940620422,0.9938720464706421,0.9874105453491211
Brain,9,phase1_hard,Ungood/img/00151_60.png,1,0.8280152082443237,0.9881712198257446,0.9805664420127869
Brain,9,phase1_hard,Ungood/img/00151_68.png,1,0.8257659077644348,0.9783099889755249,0.9679599404335022
Brain,9,phase1_hard,Ungood/img/00151_76.png,1,0.8293561935424805,0.9872490763664246,0.9821711778640747
Brain,9,phase1_hard,Ungood/img/00151_84.png,1,0.8286126852035522,0.992447018623352,0.9875184297561646
Brain,9,phase1_hard,Ungood/img/00151_92.png,1,0.8257842063903809,0.9885966181755066,0.9842560291290283
Brain,9,phase1_hard,Ungood/img/00154_60.png,1,0.8283096551895142,0.9988970756530762,0.9964874386787415
Brain,9,phase1_hard,Ungood/img/00154_68.png,1,0.8232161402702332,0.9976323843002319,0.9904133677482605
Brain,9,phase1_hard,Ungood/img/00154_76.png,1,0.8219057321548462,0.998431384563446,0.9918721318244934
Brain,9,phase1_hard,Ungood/img/00154_84.png,1,0.8220783472061157,0.9849784970283508,0.9347495436668396
Brain,9,phase1_hard,Ungood/img/00154_92.png,1,0.8256323337554932,0.9756141901016235,0.8394930362701416
Brain,9,phase1_hard,Ungood/img/00156_60.png,1,0.8260149359703064,0.9962725639343262,0.9862313270568848
Brain,9,phase1_hard,Ungood/img/00156_68.png,1,0.8237683773040771,0.9994454979896545,0.9976781010627747
Brain,9,phase1_hard,Ungood/img/00156_76.png,1,0.8248908519744873,0.9986749291419983,0.9950155019760132
Brain,9,phase1_hard,Ungood/img/00156_84.png,1,0.8281620144844055,0.998019814491272,0.9954423904418945
Brain,9,phase1_hard,Ungood/img/00156_92.png,1,0.8261199593544006,0.9973363280296326,0.9947108626365662
Brain,9,phase1_hard,Ungood/img/00158_60.png,1,0.8294248580932617,0.9988242983818054,0.9979368448257446
Brain,9,phase1_hard,Ungood/img/00158_68.png,1,0.8273890614509583,0.9996170997619629,0.999004602432251
Brain,9,phase1_hard,Ungood/img/00158_76.png,1,0.8274679183959961,0.999068558216095,0.9983153939247131
Brain,9,phase1_hard,Ungood/img/00158_84.png,1,0.8267028331756592,0.9995493292808533,0.9988142251968384
Brain,9,phase1_hard,Ungood/img/00158_92.png,1,0.8296508193016052,0.9996969699859619,0.9992661476135254
Brain,9,phase1_hard,Ungood/img/00159_60.png,1,0.8149352073669434,0.5117331147193909,0.37205731868743896
Brain,9,phase1_hard,Ungood/img/00159_68.png,1,0.8225639462471008,0.9894814491271973,0.8977059721946716
Brain,9,phase1_hard,Ungood/img/00159_76.png,1,0.8221578598022461,0.9964303374290466,0.9894436597824097
Brain,9,phase1_hard,Ungood/img/00159_84.png,1,0.825481653213501,0.9995762705802917,0.9989839792251587
Brain,9,phase1_hard,Ungood/img/00159_92.png,1,0.8262131214141846,0.9997995495796204,0.9995091557502747
Brain,9,phase1_hard,Ungood/img/00160_60.png,1,0.8291543126106262,0.9944065809249878,0.98546302318573
Brain,9,phase1_hard,Ungood/img/00160_68.png,1,0.827265202999115,0.9931879043579102,0.9907776117324829
Brain,9,phase1_hard,Ungood/img/00160_76.png,1,0.826317548751831,0.9989161491394043,0.9978320598602295
Brain,9,phase1_hard,Ungood/img/00160_84.png,1,0.8280180096626282,0.9955669045448303,0.9908707737922668
Brain,9,phase1_hard,Ungood/img/00160_92.png,1,0.8292323350906372,0.9838998317718506,0.96358323097229
Brain,9,phase1_hard,Ungood/img/00167_60.png,1,0.8190241456031799,0.9991762042045593,0.9977490901947021
Brain,9,phase1_hard,Ungood/img/00167_68.png,1,0.8174582123756409,0.955829381942749,0.9334730505943298
Brain,9,phase1_hard,Ungood/img/00167_76.png,1,0.8215714693069458,0.9903085827827454,0.9844386577606201
Brain,9,phase1_hard,Ungood/img/00167_84.png,1,0.8103312253952026,0.9799297451972961,0.9515532851219177
Brain,9,phase1_hard,Ungood/img/00167_92.png,1,0.8228215575218201,0.9828417897224426,0.9632453918457031
Brain,9,phase1_hard,Ungood/img/00176_60.png,1,0.8259379863739014,0.9985024929046631,0.9919835925102234
Brain,9,phase1_hard,Ungood/img/00176_68.png,1,0.822884202003479,0.9985851049423218,0.9922391772270203
Brain,9,phase1_hard,Ungood/img/00176_76.png,1,0.8187223672866821,0.9839373230934143,0.9568972587585449
Brain,9,phase1_hard,Ungood/img/00176_84.png,1,0.8181967735290527,0.9983338713645935,0.9972476959228516
Brain,9,phase1_hard,Ungood/img/00176_92.png,1,0.8224480152130127,0.9998281002044678,0.9995455741882324
Brain,9,phase1_hard,Ungood/img/00178_60.png,1,0.8236822485923767,0.9998759031295776,0.9997949004173279
Brain,9,phase1_hard,Ungood/img/00178_68.png,1,0.8241605758666992,0.9996957778930664,0.9989963173866272
Brain,9,phase1_hard,Ungood/img/00178_76.png,1,0.8274953961372375,0.9987258315086365,0.9956281185150146
Brain,9,phase1_hard,Ungood/img/00178_84.png,1,0.8283408880233765,0.99965500831604,0.9992125630378723
Brain,9,phase1_hard,Ungood/img/00178_92.png,1,0.8294285535812378,0.9996426105499268,0.9993085861206055
Brain,9,phase1_hard,Ungood/img/00183_60.png,1,0.8198809623718262,0.9996633529663086,0.9992611408233643
Brain,9,phase1_hard,Ungood/img/00183_68.png,1,0.8272961974143982,0.9998331069946289,0.9996742010116577
Brain,9,phase1_hard,Ungood/img/00183_76.png,1,0.8259003758430481,0.999789297580719,0.9996740221977234
Brain,9,phase1_hard,Ungood/img/00183_84.png,1,0.8263091444969177,0.9997778534889221,0.9995872974395752
Brain,9,phase1_hard,Ungood/img/00183_92.png,1,0.8302835822105408,0.9996706247329712,0.9988474249839783
Brain,9,phase1_hard,Ungood/img/00184_60.png,1,0.8186165690422058,0.9998452663421631,0.9996712803840637
Brain,9,phase1_hard,Ungood/img/00184_68.png,1,0.8225257396697998,0.9999016523361206,0.9996057748794556
Brain,9,phase1_hard,Ungood/img/00184_76.png,1,0.821458637714386,0.9998041987419128,0.9994733333587646
Brain,9,phase1_hard,Ungood/img/00184_84.png,1,0.822795569896698,0.9992877840995789,0.997626543045044
Brain,9,phase1_hard,Ungood/img/00184_92.png,1,0.8197109699249268,0.9729236364364624,0.8596977591514587
Brain,9,phase1_hard,Ungood/img/00185_60.png,1,0.8169452548027039,0.9865257740020752,0.9553446769714355
Brain,9,phase1_hard,Ungood/img/00185_68.png,1,0.8178629875183105,0.9910093545913696,0.9746381044387817
Brain,9,phase1_hard,Ungood/img/00185_76.png,1,0.8151777386665344,0.9914007782936096,0.9613502025604248
Brain,9,phase1_hard,Ungood/img/00185_84.png,1,0.8168824911117554,0.923324704170227,0.5669217109680176
Brain,9,phase1_hard,Ungood/img/00185_92.png,1,0.8165669441223145,0.9679893255233765,0.9276119470596313
Brain,9,phase1_hard,Ungood/img/00187_60.png,1,0.8173757791519165,0.9990288019180298,0.995569109916687
Brain,9,phase1_hard,Ungood/img/00187_68.png,1,0.8119510412216187,0.9954074025154114,0.9796878695487976
Brain,9,phase1_hard,Ungood/img/00187_76.png,1,0.8069583177566528,0.9940382242202759,0.9387837648391724
Brain,9,phase1_hard,Ungood/img/00187_84.png,1,0.8007715940475464,0.9934641718864441,0.9777938723564148
Brain,9,phase1_hard,Ungood/img/00187_92.png,1,0.8029324412345886,0.9994537234306335,0.9976244568824768
Brain,9,phase1_hard,Ungood/img/00191_60.png,1,0.8313618302345276,0.999625563621521,0.9980954527854919
Brain,9,phase1_hard,Ungood/img/00191_68.png,1,0.8287407159805298,0.999261200428009,0.9983792304992676
Brain,9,phase1_hard,Ungood/img/00191_76.png,1,0.8262908458709717,0.9772610068321228,0.9579023122787476
Brain,9,phase1_hard,Ungood/img/00191_84.png,1,0.8281843662261963,0.9911767244338989,0.9593559503555298
Brain,9,phase1_hard,Ungood/img/00191_92.png,1,0.8256494998931885,0.9272211790084839,0.6397461295127869
Brain,9,phase1_hard,Ungood/img/00201_60.png,1,0.8237703442573547,0.7682448029518127,0.6235730051994324
Brain,9,phase1_hard,Ungood/img/00201_68.png,1,0.8307247757911682,0.9995391368865967,0.9979576468467712
Brain,9,phase1_hard,Ungood/img/00201_76.png,1,0.8273630142211914,0.9992875456809998,0.9973370432853699
Brain,9,phase1_hard,Ungood/img/00201_84.png,1,0.8303890228271484,0.9990347623825073,0.9948588013648987
Brain,9,phase1_hard,Ungood/img/00201_92.png,1,0.8269053101539612,0.9950395226478577,0.9885104894638062
Brain,9,phase1_hard,Ungood/img/00203_60.png,1,0.8313972353935242,0.9982976317405701,0.9948933124542236
Brain,9,phase1_hard,Ungood/img/00203_68.png,1,0.8294582366943359,0.9989510774612427,0.9973199367523193
Brain,9,phase1_hard,Ungood/img/00203_76.png,1,0.8310868144035339,0.999822199344635,0.999575674533844
Brain,9,phase1_hard,Ungood/img/00203_84.png,1,0.8282867074012756,0.9995630383491516,0.9989312291145325
Brain,9,phase1_hard,Ungood/img/00203_92.png,1,0.82663494348526,0.9986444115638733,0.9960553646087646
Brain,9,phase1_hard,Ungood/img/00211_60.png,1,0.8235533237457275,0.9979143738746643,0.9951839447021484
Brain,9,phase1_hard,Ungood/img/00211_68.png,1,0.8267426490783691,0.9974851608276367,0.9945281147956848
Brain,9,phase1_hard,Ungood/img/00211_76.png,1,0.8264942169189453,0.9996449947357178,0.9989714026451111
Brain,9,phase1_hard,Ungood/img/00211_84.png,1,0.8254638314247131,0.9990004897117615,0.9968892931938171
Brain,9,phase1_hard,Ungood/img/00211_92.png,1,0.8274901509284973,0.9992903470993042,0.9984170794487
Brain,9,phase1_hard,Ungood/img/00212_60.png,1,0.8183265924453735,0.9982631802558899,0.9952760934829712
Brain,9,phase1_hard,Ungood/img/00212_68.png,1,0.8090327382087708,0.9607112407684326,0.9235276579856873
Brain,9,phase1_hard,Ungood/img/00212_76.png,1,0.8109325170516968,0.9948468208312988,0.9748517274856567
Brain,9,phase1_hard,Ungood/img/00212_84.png,1,0.8058522939682007,0.9970500469207764,0.9038300514221191
Brain,9,phase1_hard,Ungood/img/00212_92.png,1,0.8051822185516357,0.998513400554657,0.9963652491569519
Brain,9,phase1_hard,Ungood/img/00214_60.png,1,0.8269897103309631,0.26232537627220154,0.13483038544654846
Brain,9,phase1_hard,Ungood/img/00214_68.png,1,0.8275672197341919,0.9876113533973694,0.958733081817627
Brain,9,phase1_hard,Ungood/img/00214_76.png,1,0.8209560513496399,0.9979758858680725,0.9932726621627808
Brain,9,phase1_hard,Ungood/img/00214_84.png,1,0.8154222965240479,0.9994335770606995,0.9964478015899658
Brain,9,phase1_hard,Ungood/img/00214_92.png,1,0.8185800909996033,0.9992789626121521,0.9921254515647888
Brain,9,phase1_hard,Ungood/img/00216_60.png,1,0.8282034993171692,0.9987177848815918,0.997551679611206
Brain,9,phase1_hard,Ungood/img/00216_68.png,1,0.8229193091392517,0.9959532022476196,0.9926790595054626
Brain,9,phase1_hard,Ungood/img/00216_76.png,1,0.829071044921875,0.9996906518936157,0.9993090629577637
Brain,9,phase1_hard,Ungood/img/00216_84.png,1,0.8318541049957275,0.9980463981628418,0.9968647360801697
Brain,9,phase1_hard,Ungood/img/00216_92.png,1,0.8273519277572632,0.9803633093833923,0.9529755711555481
Brain,9,phase1_hard,Ungood/img/00217_60.png,1,0.8228247165679932,0.9998168349266052,0.9990007281303406
Brain,9,phase1_hard,Ungood/img/00217_68.png,1,0.8260177373886108,0.9928879141807556,0.9789422154426575
Brain,9,phase1_hard,Ungood/img/00217_76.png,1,0.8249801993370056,0.9996962547302246,0.999344527721405
Brain,9,phase1_hard,Ungood/img/00217_84.png,1,0.828773558139801,0.9993281364440918,0.998749315738678
Brain,9,phase1_hard,Ungood/img/00217_92.png,1,0.8262698650360107,0.9945064187049866,0.9815812110900879
Brain,9,phase1_hard,Ungood/img/00220_60.png,1,0.816023588180542,0.9167887568473816,0.7721685767173767
Brain,9,phase1_hard,Ungood/img/00220_68.png,1,0.8200560808181763,0.955484926700592,0.8089985251426697
Brain,9,phase1_hard,Ungood/img/00220_76.png,1,0.8123779296875,0.9952585101127625,0.9539055228233337
Brain,9,phase1_hard,Ungood/img/00220_84.png,1,0.8185932636260986,0.9884554147720337,0.7375695705413818
Brain,9,phase1_hard,Ungood/img/00220_92.png,1,0.8113347887992859,0.993513822555542,0.8963375687599182
Brain,9,phase1_hard,Ungood/img/00221_60.png,1,0.8206803798675537,0.9992668032646179,0.9984534978866577
Brain,9,phase1_hard,Ungood/img/00221_68.png,1,0.8198031783103943,0.9827751517295837,0.8977356553077698
Brain,9,phase1_hard,Ungood/img/00221_76.png,1,0.8155018091201782,0.991367757320404,0.9193808436393738
Brain,9,phase1_hard,Ungood/img/00221_84.png,1,0.8194725513458252,0.9288731813430786,0.7985637784004211
Brain,9,phase1_hard,Ungood/img/00221_92.png,1,0.8173526525497437,0.4861278533935547,0.3176247775554657
Brain,9,phase1_hard,Ungood/img/00233_60.png,1,0.8210340142250061,0.9986880421638489,0.9972642660140991
Brain,9,phase1_hard,Ungood/img/00233_68.png,1,0.8233588337898254,0.9981355667114258,0.9894817471504211
Brain,9,phase1_hard,Ungood/img/00233_76.png,1,0.825910747051239,0.999496340751648,0.9978654384613037
Brain,9,phase1_hard,Ungood/img/00233_84.png,1,0.8239883184432983,0.9995725750923157,0.9984322190284729
Brain,9,phase1_hard,Ungood/img/00233_92.png,1,0.81993567943573,0.9989803433418274,0.9954701066017151
Brain,9,phase1_hard,Ungood/img/00234_60.png,1,0.8283748030662537,0.9992215633392334,0.9978198409080505
Brain,9,phase1_hard,Ungood/img/00234_68.png,1,0.8250446319580078,0.9997135996818542,0.9991784691810608
Brain,9,phase1_hard,Ungood/img/00234_76.png,1,0.8232020735740662,0.9974794983863831,0.9946607351303101
Brain,9,phase1_hard,Ungood/img/00234_84.png,1,0.8215671181678772,0.9988765120506287,0.9976726770401001
Brain,9,phase1_hard,Ungood/img/00234_92.png,1,0.8174957036972046,0.9896050691604614,0.9761711955070496
Brain,9,phase1_hard,Ungood/img/00235_60.png,1,0.8200153708457947,0.9897045493125916,0.9723431468009949
Brain,9,phase1_hard,Ungood/img/00235_68.png,1,0.8216336965560913,0.999161958694458,0.9978165030479431
Brain,9,phase1_hard,Ungood/img/00235_76.png,1,0.8207184672355652,0.9956299066543579,0.9908329844474792
Brain,9,phase1_hard,Ungood/img/00235_84.png,1,0.8229518532752991,0.9936861395835876,0.9884735345840454
Brain,9,phase1_hard,Ungood/img/00235_92.png,1,0.8277262449264526,0.99935382604599,0.9984915256500244
Brain,9,phase1_hard,Ungood/img/00236_60.png,1,0.8166119456291199,0.9941042065620422,0.9871535301208496
Brain,9,phase1_hard,Ungood/img/00236_68.png,1,0.8116136193275452,0.9447416663169861,0.784876823425293
Brain,9,phase1_hard,Ungood/img/00236_76.png,1,0.8100265860557556,0.9423752427101135,0.7417508959770203
Brain,9,phase1_hard,Ungood/img/00236_84.png,1,0.8176727890968323,0.9944656491279602,0.9267074465751648
Brain,9,phase1_hard,Ungood/img/00236_92.png,1,0.8195891976356506,0.9766702651977539,0.8912631869316101
Brain,9,phase1_hard,Ungood/img/00242_60.png,1,0.8295100927352905,0.9985699653625488,0.9974938631057739
Brain,9,phase1_hard,Ungood/img/00242_68.png,1,0.824347734451294,0.9994841814041138,0.9957406520843506
Brain,9,phase1_hard,Ungood/img/00242_76.png,1,0.8187175393104553,0.9994183778762817,0.9981848001480103
Brain,9,phase1_hard,Ungood/img/00242_84.png,1,0.8213313817977905,0.9800200462341309,0.9463547468185425
Brain,9,phase1_hard,Ungood/img/00242_92.png,1,0.823991596698761,0.9907992482185364,0.9531437754631042
Brain,9,phase1_hard,Ungood/img/00247_60.png,1,0.8287770748138428,0.9976457953453064,0.992332398891449
Brain,9,phase1_hard,Ungood/img/00247_68.png,1,0.8236720561981201,0.9991083741188049,0.9985958337783813
Brain,9,phase1_hard,Ungood/img/00247_76.png,1,0.8271271586418152,0.999824583530426,0.9993588924407959
Brain,9,phase1_hard,Ungood/img/00247_84.png,1,0.8277201652526855,0.9994731545448303,0.9958344101905823
Brain,9,phase1_hard,Ungood/img/00247_92.png,1,0.8279015421867371,0.9996296167373657,0.9987272620201111
Brain,9,phase1_hard,Ungood/img/00259_60.png,1,0.8220576047897339,0.9971953630447388,0.9948641657829285
Brain,9,phase1_hard,Ungood/img/00259_68.png,1,0.8182257413864136,0.9993913173675537,0.9981552958488464
Brain,9,phase1_hard,Ungood/img/00259_76.png,1,0.8204977512359619,0.9950429201126099,0.9822288751602173
Brain,9,phase1_hard,Ungood/img/00259_84.png,1,0.8191829323768616,0.9993589520454407,0.9959627985954285
Brain,9,phase1_hard,Ungood/img/00259_92.png,1,0.8230757713317871,0.9976208806037903,0.9850069880485535
Brain,9,phase1_hard,Ungood/img/00263_60.png,1,0.8185214400291443,0.9472061395645142,0.7421919107437134
Brain,9,phase1_hard,Ungood/img/00263_68.png,1,0.8213694095611572,0.9559146761894226,0.7307919263839722
Brain,9,phase1_hard,Ungood/img/00263_76.png,1,0.8225873708724976,0.9950022101402283,0.9692113399505615
Brain,9,phase1_hard,Ungood/img/00263_84.png,1,0.8163207769393921,0.9975098371505737,0.9922168254852295
Brain,9,phase1_hard,Ungood/img/00263_92.png,1,0.817001461982727,0.9987840056419373,0.9933763742446899
Brain,9,phase1_hard,Ungood/img/00266_60.png,1,0.8267304301261902,0.9993543028831482,0.9988200664520264
Brain,9,phase1_hard,Ungood/img/00266_68.png,1,0.8285912275314331,0.9993042945861816,0.9990513920783997
Brain,9,phase1_hard,Ungood/img/00266_76.png,1,0.8246772289276123,0.9988804459571838,0.9976958632469177
Brain,9,phase1_hard,Ungood/img/00266_84.png,1,0.8217095732688904,0.9982398748397827,0.9975834488868713
Brain,9,phase1_hard,Ungood/img/00266_92.png,1,0.8207445740699768,0.9990007281303406,0.9982051849365234
Brain,9,phase1_hard,Ungood/img/00267_60.png,1,0.8269935250282288,0.9973013997077942,0.9965620040893555
Brain,9,phase1_hard,Ungood/img/00267_68.png,1,0.8222914338111877,0.9997900128364563,0.9992308616638184
Brain,9,phase1_hard,Ungood/img/00267_76.png,1,0.8236088156700134,0.9992983341217041,0.9972463250160217
Brain,9,phase1_hard,Ungood/img/00267_84.png,1,0.8208072185516357,0.9990606904029846,0.9964559674263
Brain,9,phase1_hard,Ungood/img/00267_92.png,1,0.8263794183731079,0.9998565912246704,0.9994520545005798
Brain,9,phase1_hard,Ungood/img/00281_60.png,1,0.8053914904594421,0.9986467957496643,0.986321210861206
Brain,9,phase1_hard,Ungood/img/00281_68.png,1,0.8087853789329529,0.9995892643928528,0.9987233877182007
Brain,9,phase1_hard,Ungood/img/00281_76.png,1,0.821471095085144,0.999040424823761,0.9967212080955505
Brain,9,phase1_hard,Ungood/img/00281_84.png,1,0.8179495930671692,0.999380350112915,0.9960598945617676
Brain,9,phase1_hard,Ungood/img/00281_92.png,1,0.8178209066390991,0.9995315074920654,0.9973599314689636
Brain,9,phase1_hard,Ungood/img/00282_60.png,1,0.8277941942214966,0.9994401335716248,0.9983565211296082
Brain,9,phase1_hard,Ungood/img/00282_68.png,1,0.8218644857406616,0.9995174407958984,0.996562659740448
Brain,9,phase1_hard,Ungood/img/00282_76.png,1,0.8201737403869629,0.9821743965148926,0.829361617565155
Brain,9,phase1_hard,Ungood/img/00282_84.png,1,0.8190680146217346,0.9995269775390625,0.9981468319892883
Brain,9,phase1_hard,Ungood/img/00282_92.png,1,0.8155391812324524,0.9879144430160522,0.9769862294197083
Brain,9,phase1_hard,Ungood/img/00286_60.png,1,0.8239402174949646,0.9734990000724792,0.9491962194442749
Brain,9,phase1_hard,Ungood/img/00286_68.png,1,0.8157057166099548,0.9981023669242859,0.9928443431854248
Brain,9,phase1_hard,Ungood/img/00286_76.png,1,0.8137120008468628,0.9365133047103882,0.8610756397247314
Brain,9,phase1_hard,Ungood/img/00286_84.png,1,0.8067374229431152,0.9897298812866211,0.9763221740722656
Brain,9,phase1_hard,Ungood/img/00286_92.png,1,0.8111223578453064,0.9870591163635254,0.9565309882164001
Brain,9,phase1_hard,Ungood/img/00290_60.png,1,0.8256044983863831,0.9307973384857178,0.8154443502426147
Brain,9,phase1_hard,Ungood/img/00290_68.png,1,0.826238214969635,0.9775011539459229,0.719121515750885
Brain,9,phase1_hard,Ungood/img/00290_76.png,1,0.825011670589447,0.9938240051269531,0.9737119674682617
Brain,9,phase1_hard,Ungood/img/00290_84.png,1,0.8280819654464722,0.9945886135101318,0.9813560247421265
Brain,9,phase1_hard,Ungood/img/00290_92.png,1,0.8281490206718445,0.9813705086708069,0.9382018446922302
Brain,9,phase1_hard,Ungood/img/00293_60.png,1,0.8192124962806702,0.9985371828079224,0.9960182309150696
Brain,9,phase1_hard,Ungood/img/00293_68.png,1,0.8228252530097961,0.3265119791030884,0.20975807309150696
Brain,9,phase1_hard,Ungood/img/00293_76.png,1,0.8202119469642639,0.2934042513370514,0.15225458145141602
Brain,9,phase1_hard,Ungood/img/00293_84.png,1,0.8231465816497803,0.9908632636070251,0.929405152797699
Brain,9,phase1_hard,Ungood/img/00293_92.png,1,0.8128818869590759,0.37979555130004883,0.21495981514453888
Brain,9,phase1_hard,Ungood/img/00294_60.png,1,0.8248960375785828,0.9950100183486938,0.9883947968482971
Brain,9,phase1_hard,Ungood/img/00294_68.png,1,0.8241906762123108,0.9928603768348694,0.98861163854599
Brain,9,phase1_hard,Ungood/img/00294_76.png,1,0.8251762390136719,0.99644535779953,0.9940603375434875
Brain,9,phase1_hard,Ungood/img/00294_84.png,1,0.8189712762832642,0.9978222846984863,0.9963080883026123
Brain,9,phase1_hard,Ungood/img/00294_92.png,1,0.8183283805847168,0.9947417974472046,0.9873648881912231
Brain,9,phase1_hard,Ungood/img/00297_60.png,1,0.8217974901199341,0.9990363121032715,0.9980310797691345
Brain,9,phase1_hard,Ungood/img/00297_68.png,1,0.8256223797798157,0.998262345790863,0.992295503616333
Brain,9,phase1_hard,Ungood/img/00297_76.png,1,0.8190717101097107,0.9926905035972595,0.981467068195343
Brain,9,phase1_hard,Ungood/img/00297_84.png,1,0.8181322813034058,0.9773606061935425,0.9503757953643799
Brain,9,phase1_hard,Ungood/img/00297_92.png,1,0.8209865093231201,0.9987373948097229,0.9961401224136353
Brain,9,phase1_hard,Ungood/img/00298_60.png,1,0.8212706446647644,0.9975084066390991,0.9902298450469971
Brain,9,phase1_hard,Ungood/img/00298_68.png,1,0.8205841183662415,0.9957607388496399,0.9562792778015137
Brain,9,phase1_hard,Ungood/img/00298_76.png,1,0.8217283487319946,0.9753012657165527,0.7390410304069519
Brain,9,phase1_hard,Ungood/img/00298_84.png,1,0.8145986199378967,0.9520086646080017,0.5902960300445557
Brain,9,phase1_hard,Ungood/img/00298_92.png,1,0.8056029081344604,0.8529791235923767,0.29661825299263
Brain,9,phase1_hard,Ungood/img/00299_60.png,1,0.8256045579910278,0.9988353848457336,0.9969897270202637
Brain,9,phase1_hard,Ungood/img/00299_68.png,1,0.8136236667633057,0.997586727142334,0.9879892468452454
Brain,9,phase1_hard,Ungood/img/00299_76.png,1,0.8143784403800964,0.9934830069541931,0.9811492562294006
Brain,9,phase1_hard,Ungood/img/00299_84.png,1,0.8081770539283752,0.8990510106086731,0.5956425666809082
Brain,9,phase1_hard,Ungood/img/00299_92.png,1,0.8105613589286804,0.8529762625694275,0.39476901292800903
Brain,9,phase1_hard,Ungood/img/00300_60.png,1,0.829784095287323,0.9998063445091248,0.9994942545890808
Brain,9,phase1_hard,Ungood/img/00300_68.png,1,0.8314372897148132,0.9994267225265503,0.998651385307312
Brain,9,phase1_hard,Ungood/img/00300_76.png,1,0.8292790651321411,0.9997438788414001,0.9992038011550903
Brain,9,phase1_hard,Ungood/img/00300_84.png,1,0.829108476638794,0.9994889497756958,0.9990103244781494
Brain,9,phase1_hard,Ungood/img/00300_92.png,1,0.8310559988021851,0.9998158812522888,0.9994103908538818
Brain,9,phase1_hard,Ungood/img/00301_60.png,1,0.830818235874176,0.9998242259025574,0.9996346235275269
Brain,9,phase1_hard,Ungood/img/00301_68.png,1,0.8283703327178955,0.9997811913490295,0.9993332624435425
Brain,9,phase1_hard,Ungood/img/00301_76.png,1,0.8299715518951416,0.9998292922973633,0.9992341995239258
Brain,9,phase1_hard,Ungood/img/00301_84.png,1,0.8273612856864929,0.997545063495636,0.9906753897666931
Brain,9,phase1_hard,Ungood/img/00301_92.png,1,0.8274337649345398,0.99951171875,0.9971781969070435
Brain,9,phase1_hard,Ungood/img/00304_60.png,1,0.8224048614501953,0.9991771578788757,0.9976441264152527
Brain,9,phase1_hard,Ungood/img/00304_68.png,1,0.8268407583236694,0.997269332408905,0.9892421960830688
Brain,9,phase1_hard,Ungood/img/00304_76.png,1,0.8218380808830261,0.9998996257781982,0.9996076226234436
Brain,9,phase1_hard,Ungood/img/00304_84.png,1,0.8214922547340393,0.9987236857414246,0.9982819557189941
Brain,9,phase1_hard,Ungood/img/00304_92.png,1,0.8250996470451355,0.9993720650672913,0.998708963394165
Brain,9,phase1_hard,Ungood/img/00309_60.png,1,0.8243757486343384,0.999143123626709,0.9984111785888672
Brain,9,phase1_hard,Ungood/img/00309_68.png,1,0.8221640586853027,0.93485027551651,0.7022017240524292
Brain,9,phase1_hard,Ungood/img/00309_76.png,1,0.8156227469444275,0.9946659803390503,0.9582974314689636
Brain,9,phase1_hard,Ungood/img/00309_84.png,1,0.8172652721405029,0.9995771050453186,0.9943575859069824
Brain,9,phase1_hard,Ungood/img/00309_92.png,1,0.825724184513092,0.9949774146080017,0.982703685760498
Brain,9,phase1_hard,Ungood/img/00310_60.png,1,0.8224149942398071,0.9984480142593384,0.9969680905342102
Brain,9,phase1_hard,Ungood/img/00310_68.png,1,0.8231996893882751,0.9985260963439941,0.9891457557678223
Brain,9,phase1_hard,Ungood/img/00310_76.png,1,0.8188984990119934,0.9994239807128906,0.9973405599594116
Brain,9,phase1_hard,Ungood/img/00310_84.png,1,0.8204926252365112,0.999823272228241,0.9993575215339661
Brain,9,phase1_hard,Ungood/img/00310_92.png,1,0.8235285878181458,0.9996562004089355,0.9986117482185364
Brain,9,phase1_hard,Ungood/img/00312_60.png,1,0.8192298412322998,0.9967628717422485,0.995435357093811
Brain,9,phase1_hard,Ungood/img/00312_68.png,1,0.8227682113647461,0.996336817741394,0.9916812181472778
Brain,9,phase1_hard,Ungood/img/00312_76.png,1,0.8087891340255737,0.9903804063796997,0.9582105875015259
Brain,9,phase1_hard,Ungood/img/00312_84.png,1,0.8021241426467896,0.8901646137237549,0.5335800051689148
Brain,9,phase1_hard,Ungood/img/00312_92.png,1,0.8204980492591858,0.9295106530189514,0.8797494769096375
Brain,9,phase1_hard,Ungood/img/00318_60.png,1,0.8214625716209412,0.9973322153091431,0.9950974583625793
Brain,9,phase1_hard,Ungood/img/00318_68.png,1,0.8188582062721252,0.9998923540115356,0.999714732170105
Brain,9,phase1_hard,Ungood/img/00318_76.png,1,0.8165359497070312,0.9987972974777222,0.987004816532135
Brain,9,phase1_hard,Ungood/img/00318_84.png,1,0.8250428438186646,0.9645209908485413,0.7969567179679871
Brain,9,phase1_hard,Ungood/img/00318_92.png,1,0.816805899143219,0.44516152143478394,0.11539612710475922
Brain,9,phase1_hard,Ungood/img/00324_60.png,1,0.8207556009292603,0.9935213923454285,0.9882009625434875
Brain,9,phase1_hard,Ungood/img/00324_68.png,1,0.8198781609535217,0.9852640628814697,0.9739035367965698
Brain,9,phase1_hard,Ungood/img/00324_76.png,1,0.8155913352966309,0.9992945194244385,0.9978316426277161
Brain,9,phase1_hard,Ungood/img/00324_84.png,1,0.8210305571556091,0.9995695948600769,0.9978459477424622
Brain,9,phase1_hard,Ungood/img/00324_92.png,1,0.8215713500976562,0.9941412806510925,0.971165657043457
Brain,9,phase1_hard,Ungood/img/00325_60.png,1,0.8253303170204163,0.9434711933135986,0.8674566745758057
Brain,9,phase1_hard,Ungood/img/00325_68.png,1,0.8214709758758545,0.9984138011932373,0.9969679117202759
Brain,9,phase1_hard,Ungood/img/00325_76.png,1,0.8162954449653625,0.9981778860092163,0.995990514755249
Brain,9,phase1_hard,Ungood/img/00325_84.png,1,0.8196382522583008,0.9979021549224854,0.9944182634353638
Brain,9,phase1_hard,Ungood/img/00325_92.png,1,0.8182828426361084,0.9719399809837341,0.8809340000152588
Brain,9,phase1_hard,Ungood/img/00334_60.png,1,0.8266197443008423,0.9997504353523254,0.9991793632507324
Brain,9,phase1_hard,Ungood/img/00334_68.png,1,0.8198490738868713,0.9998103976249695,0.9986627101898193
Brain,9,phase1_hard,Ungood/img/00334_76.png,1,0.8256329894065857,0.9993764758110046,0.9972344040870667
Brain,9,phase1_hard,Ungood/img/00334_84.png,1,0.8190644979476929,0.9990284442901611,0.9936749935150146
Brain,9,phase1_hard,Ungood/img/00334_92.png,1,0.8152895569801331,0.9954596161842346,0.9394943118095398
Brain,9,phase1_hard,Ungood/img/00336_60.png,1,0.82679682970047,0.999733030796051,0.9993830919265747
Brain,9,phase1_hard,Ungood/img/00336_68.png,1,0.8299250602722168,0.99977046251297,0.9993976354598999
Brain,9,phase1_hard,Ungood/img/00336_76.png,1,0.8297735452651978,0.9985148310661316,0.9975085854530334
Brain,9,phase1_hard,Ungood/img/00336_84.png,1,0.832578718662262,0.9966505169868469,0.9860737919807434
Brain,9,phase1_hard,Ungood/img/00336_92.png,1,0.8301156759262085,0.9982957243919373,0.990156352519989
Brain,9,phase1_hard,Ungood/img/00338_60.png,1,0.8304889798164368,0.9872038960456848,0.9714594483375549
Brain,9,phase1_hard,Ungood/img/00338_68.png,1,0.8237875699996948,0.9904977679252625,0.9728154540061951
Brain,9,phase1_hard,Ungood/img/00338_76.png,1,0.8231959342956543,0.973488986492157,0.9529794454574585
Brain,9,phase1_hard,Ungood/img/00338_84.png,1,0.8231172561645508,0.8123858571052551,0.5797217488288879
Brain,9,phase1_hard,Ungood/img/00338_92.png,1,0.818327784538269,0.2864822447299957,0.11417758464813232
Brain,9,phase1_hard,Ungood/img/00340_60.png,1,0.8203057050704956,0.9251288771629333,0.8866989016532898
Brain,9,phase1_hard,Ungood/img/00340_68.png,1,0.8167150616645813,0.9926925897598267,0.9754951000213623
Brain,9,phase1_hard,Ungood/img/00340_76.png,1,0.8066087365150452,0.831876277923584,0.6670516133308411
Brain,9,phase1_hard,Ungood/img/00340_84.png,1,0.8077877163887024,0.771235466003418,0.3703908622264862
Brain,9,phase1_hard,Ungood/img/00340_92.png,1,0.8146056532859802,0.8586172461509705,0.7661114931106567
Brain,9,phase1_hard,Ungood/img/00343_60.png,1,0.8241108655929565,0.9984660148620605,0.9964101314544678
Brain,9,phase1_hard,Ungood/img/00343_68.png,1,0.8218228220939636,0.9940457344055176,0.9708030223846436
Brain,9,phase1_hard,Ungood/img/00343_76.png,1,0.8189928531646729,0.990177571773529,0.912156343460083
Brain,9,phase1_hard,Ungood/img/00343_84.png,1,0.8198597431182861,0.96669602394104,0.8237465023994446
Brain,9,phase1_hard,Ungood/img/00343_92.png,1,0.8101204633712769,0.5713772177696228,0.45338788628578186
Brain,9,phase1_hard,Ungood/img/00347_60.png,1,0.8231224417686462,0.9994482398033142,0.9989636540412903
Brain,9,phase1_hard,Ungood/img/00347_68.png,1,0.826196551322937,0.9994674324989319,0.9989373683929443
Brain,9,phase1_hard,Ungood/img/00347_76.png,1,0.8248498439788818,0.999798595905304,0.99947589635849
Brain,9,phase1_hard,Ungood/img/00347_84.png,1,0.8135526180267334,0.9961308240890503,0.9925192594528198
Brain,9,phase1_hard,Ungood/img/00347_92.png,1,0.8199660778045654,0.9987686276435852,0.9878930449485779
Brain,9,phase1_hard,Ungood/img/00359_60.png,1,0.8206961154937744,0.9918215870857239,0.9879170656204224
Brain,9,phase1_hard,Ungood/img/00359_68.png,1,0.8209758996963501,0.9862775206565857,0.9430403113365173
Brain,9,phase1_hard,Ungood/img/00359_76.png,1,0.821404218673706,0.997912585735321,0.9861168265342712
Brain,9,phase1_hard,Ungood/img/00359_84.png,1,0.8198456168174744,0.9789797067642212,0.7833483219146729
Brain,9,phase1_hard,Ungood/img/00359_92.png,1,0.8183582425117493,0.9891378283500671,0.9003007411956787
Brain,9,phase1_hard,Ungood/img/00360_60.png,1,0.825032114982605,0.9983404874801636,0.997235894203186
Brain,9,phase1_hard,Ungood/img/00360_68.png,1,0.8207699656486511,0.9994224309921265,0.997456431388855
Brain,9,phase1_hard,Ungood/img/00360_76.png,1,0.8194888830184937,0.9974652528762817,0.9943152070045471
Brain,9,phase1_hard,Ungood/img/00360_84.png,1,0.8159461617469788,0.9983887672424316,0.9909114837646484
Brain,9,phase1_hard,Ungood/img/00360_92.png,1,0.8162259459495544,0.9957212209701538,0.9738131165504456
Brain,9,phase1_hard,Ungood/img/00366_60.png,1,0.8213304281234741,0.998026430606842,0.9959835410118103
Brain,9,phase1_hard,Ungood/img/00366_68.png,1,0.8253822922706604,0.9941025376319885,0.9904075860977173
Brain,9,phase1_hard,Ungood/img/00366_76.png,1,0.8183761239051819,0.9102380275726318,0.742461085319519
Brain,9,phase1_hard,Ungood/img/00366_84.png,1,0.7707547545433044,0.29582664370536804,0.1357319951057434
Brain,9,phase1_hard,Ungood/img/00366_92.png,1,0.8257192969322205,0.7045335173606873,0.46735456585884094
Brain,9,phase1_hard,Ungood/img/00367_60.png,1,0.8194689750671387,0.8136457800865173,0.6838345527648926
Brain,9,phase1_hard,Ungood/img/00367_68.png,1,0.8175756931304932,0.9966626763343811,0.9898558259010315
Brain,9,phase1_hard,Ungood/img/00367_76.png,1,0.8179866075515747,0.9922365546226501,0.9388973712921143
Brain,9,phase1_hard,Ungood/img/00367_84.png,1,0.8138735294342041,0.9676488637924194,0.805326521396637
Brain,9,phase1_hard,Ungood/img/00367_92.png,1,0.8114533424377441,0.9733840227127075,0.7391414046287537
Brain,9,phase1_hard,Ungood/img/00369_60.png,1,0.8164918422698975,0.9960758090019226,0.9879821538925171
Brain,9,phase1_hard,Ungood/img/00369_68.png,1,0.8292838335037231,0.9984527826309204,0.9965059757232666
Brain,9,phase1_hard,Ungood/img/00369_76.png,1,0.817418098449707,0.933922529220581,0.81754070520401
Brain,9,phase1_hard,Ungood/img/00369_84.png,1,0.8222531676292419,0.9914528131484985,0.9782450199127197
Brain,9,phase1_hard,Ungood/img/00369_92.png,1,0.8247158527374268,0.9925918579101562,0.9856550097465515
Brain,9,phase1_hard,Ungood/img/00370_60.png,1,0.8288942575454712,0.9945949912071228,0.9907179474830627
Brain,9,phase1_hard,Ungood/img/00370_68.png,1,0.8301627039909363,0.9991942048072815,0.9978001117706299
Brain,9,phase1_hard,Ungood/img/00370_76.png,1,0.8287339210510254,0.9994514584541321,0.9988530874252319
Brain,9,phase1_hard,Ungood/img/00370_84.png,1,0.8252861499786377,0.9993212223052979,0.996421754360199
Brain,9,phase1_hard,Ungood/img/00370_92.png,1,0.8241111636161804,0.997585654258728,0.9922304153442383
Brain,9,phase1_hard,Ungood/img/00371_60.png,1,0.825163722038269,0.9962142109870911,0.9938770532608032
Brain,9,phase1_hard,Ungood/img/00371_68.png,1,0.8261168003082275,0.9852988719940186,0.9227009415626526
Brain,9,phase1_hard,Ungood/img/00371_76.png,1,0.8205519318580627,0.9973012804985046,0.9924819469451904
Brain,9,phase1_hard,Ungood/img/00371_84.png,1,0.8248113989830017,0.9979891777038574,0.9896931648254395
Brain,9,phase1_hard,Ungood/img/00371_92.png,1,0.8270186185836792,0.9950416684150696,0.9787169098854065
Brain,9,phase1_hard,Ungood/img/00375_60.png,1,0.8268160223960876,0.9965113997459412,0.9943145513534546
Brain,9,phase1_hard,Ungood/img/00375_68.png,1,0.8279068470001221,0.9991175532341003,0.9980276823043823
Brain,9,phase1_hard,Ungood/img/00375_76.png,1,0.826278805732727,0.9983661770820618,0.9932962656021118
Brain,9,phase1_hard,Ungood/img/00375_84.png,1,0.8287249207496643,0.9949498176574707,0.9698190093040466
Brain,9,phase1_hard,Ungood/img/00375_92.png,1,0.8265442252159119,0.998171329498291,0.9819033741950989
Brain,9,phase1_hard,Ungood/img/00377_60.png,1,0.8123868107795715,0.9970911741256714,0.9956856369972229
Brain,9,phase1_hard,Ungood/img/00377_68.png,1,0.820130467414856,0.9889127016067505,0.9710105657577515
Brain,9,phase1_hard,Ungood/img/00377_76.png,1,0.7963499426841736,0.9465484023094177,0.8768203258514404
Brain,9,phase1_hard,Ungood/img/00377_84.png,1,0.8030464053153992,0.9902293086051941,0.8913767337799072
Brain,9,phase1_hard,Ungood/img/00377_92.png,1,0.8192513585090637,0.9862518906593323,0.9436557292938232
Brain,9,phase1_hard,Ungood/img/00388_60.png,1,0.8306206464767456,0.9991210103034973,0.99819016456604
Brain,9,phase1_hard,Ungood/img/00388_68.png,1,0.8324487805366516,0.99972003698349,0.999573290348053
Brain,9,phase1_hard,Ungood/img/00388_76.png,1,0.8289294838905334,0.9998326301574707,0.9996423721313477
Brain,9,phase1_hard,Ungood/img/00388_84.png,1,0.8234291672706604,0.9993269443511963,0.9985548257827759
Brain,9,phase1_hard,Ungood/img/00388_92.png,1,0.8264437317848206,0.9978664517402649,0.9948008060455322
Brain,9,phase1_hard,Ungood/img/00391_60.png,1,0.8284123539924622,0.9997385144233704,0.9987296462059021
Brain,9,phase1_hard,Ungood/img/00391_68.png,1,0.8218399286270142,0.9995444416999817,0.9980077743530273
Brain,9,phase1_hard,Ungood/img/00391_76.png,1,0.8218494057655334,0.9995306730270386,0.9972431659698486
Brain,9,phase1_hard,Ungood/img/00391_84.png,1,0.8225231766700745,0.9897856712341309,0.8499952554702759
Brain,9,phase1_hard,Ungood/img/00391_92.png,1,0.8197789788246155,0.794234573841095,0.5779244303703308
Brain,9,phase1_hard,Ungood/img/00392_60.png,1,0.8145763874053955,0.99244624376297,0.9876587390899658
Brain,9,phase1_hard,Ungood/img/00392_68.png,1,0.8266633152961731,0.9996185302734375,0.9973551034927368
Brain,9,phase1_hard,Ungood/img/00392_76.png,1,0.8268130421638489,0.9993540644645691,0.9963417053222656
Brain,9,phase1_hard,Ungood/img/00392_84.png,1,0.8272035121917725,0.9995935559272766,0.9975722432136536
Brain,9,phase1_hard,Ungood/img/00392_92.png,1,0.8279944658279419,0.9994783997535706,0.992865800857544
Brain,9,phase1_hard,Ungood/img/00395_60.png,1,0.8227805495262146,0.998465895652771,0.9959267377853394
Brain,9,phase1_hard,Ungood/img/00395_68.png,1,0.8228065371513367,0.9971388578414917,0.9876947402954102
Brain,9,phase1_hard,Ungood/img/00395_76.png,1,0.8205851912498474,0.9983685612678528,0.9920458197593689
Brain,9,phase1_hard,Ungood/img/00395_84.png,1,0.8227448463439941,0.998101532459259,0.9901523590087891
Brain,9,phase1_hard,Ungood/img/00395_92.png,1,0.8265255093574524,0.9971629977226257,0.9809415936470032
Brain,9,phase1_hard,Ungood/img/00397_60.png,1,0.8278744220733643,0.9994520545005798,0.9984585642814636
Brain,9,phase1_hard,Ungood/img/00397_68.png,1,0.8255465626716614,0.9993494153022766,0.9977505207061768
Brain,9,phase1_hard,Ungood/img/00397_76.png,1,0.8209370970726013,0.9996784925460815,0.9993695616722107
Brain,9,phase1_hard,Ungood/img/00397_84.png,1,0.8219836950302124,0.9966006875038147,0.9919020533561707
Brain,9,phase1_hard,Ungood/img/00397_92.png,1,0.8205353617668152,0.9936329126358032,0.9654872417449951
Brain,9,phase1_hard,Ungood/img/00399_60.png,1,0.8265179991722107,0.9994175434112549,0.9972893595695496
Brain,9,phase1_hard,Ungood/img/00399_68.png,1,0.821097195148468,0.9966532588005066,0.9919857382774353
Brain,9,phase1_hard,Ungood/img/00399_76.png,1,0.8187885880470276,0.9991254210472107,0.9976623058319092
Brain,9,phase1_hard,Ungood/img/00399_84.png,1,0.8120287656784058,0.9960152506828308,0.96382737159729
Brain,9,phase1_hard,Ungood/img/00399_92.png,1,0.8201208114624023,0.998749852180481,0.995114266872406
Brain,9,phase1_hard,Ungood/img/00400_60.png,1,0.8283054828643799,0.997055172920227,0.9953205585479736
Brain,9,phase1_hard,Ungood/img/00400_68.png,1,0.8259421586990356,0.999047577381134,0.9981628656387329
Brain,9,phase1_hard,Ungood/img/00400_76.png,1,0.8291752338409424,0.999026894569397,0.9981329441070557
Brain,9,phase1_hard,Ungood/img/00400_84.png,1,0.8257547616958618,0.9970780611038208,0.9927367568016052
Brain,9,phase1_hard,Ungood/img/00400_92.png,1,0.8245811462402344,0.9877804517745972,0.9780760407447815
Brain,9,phase1_hard,Ungood/img/00401_60.png,1,0.8267872333526611,0.9995785355567932,0.9980698227882385
Brain,9,phase1_hard,Ungood/img/00401_68.png,1,0.8223745822906494,0.9996553659439087,0.9989033937454224
Brain,9,phase1_hard,Ungood/img/00401_76.png,1,0.8236233592033386,0.9984830021858215,0.9962924122810364
Brain,9,phase1_hard,Ungood/img/00401_84.png,1,0.8203980922698975,0.9988308548927307,0.9979413747787476
Brain,9,phase1_hard,Ungood/img/00401_92.png,1,0.8246148228645325,0.9997511506080627,0.9994136691093445
Brain,9,phase1_hard,Ungood/img/00402_60.png,1,0.8288454413414001,0.999419093132019,0.996141254901886
Brain,9,phase1_hard,Ungood/img/00402_68.png,1,0.827741265296936,0.9996311664581299,0.9990870356559753
Brain,9,phase1_hard,Ungood/img/00402_76.png,1,0.8260173201560974,0.9994485974311829,0.9984649419784546
Brain,9,phase1_hard,Ungood/img/00402_84.png,1,0.827675998210907,0.9987480640411377,0.9974235892295837
Brain,9,phase1_hard,Ungood/img/00402_92.png,1,0.8284568786621094,0.9993876218795776,0.9985963106155396
Brain,9,phase1_hard,Ungood/img/00404_60.png,1,0.8225215673446655,0.9997150301933289,0.9989307522773743
Brain,9,phase1_hard,Ungood/img/00404_68.png,1,0.8228790760040283,0.9996788501739502,0.9986379742622375
Brain,9,phase1_hard,Ungood/img/00404_76.png,1,0.8282239437103271,0.9999257326126099,0.999720573425293
Brain,9,phase1_hard,Ungood/img/00404_84.png,1,0.8116331100463867,0.999268114566803,0.9981815218925476
Brain,9,phase1_hard,Ungood/img/00404_92.png,1,0.8269368410110474,0.9988138675689697,0.9923778176307678
Brain,9,phase1_hard,Ungood/img/00406_60.png,1,0.8218736052513123,0.9942216277122498,0.9798775911331177
Brain,9,phase1_hard,Ungood/img/00406_68.png,1,0.8204241991043091,0.9933968782424927,0.9739561080932617
Brain,9,phase1_hard,Ungood/img/00406_76.png,1,0.8231149315834045,0.9963600039482117,0.9682304263114929
Brain,9,phase1_hard,Ungood/img/00406_84.png,1,0.8195217847824097,0.9817635416984558,0.8210585713386536
Brain,9,phase1_hard,Ungood/img/00406_92.png,1,0.819354772567749,0.9979043006896973,0.9892792105674744
Brain,9,phase1_hard,Ungood/img/00407_60.png,1,0.8255507946014404,0.9952599406242371,0.9914263486862183
Brain,9,phase1_hard,Ungood/img/00407_68.png,1,0.8252112865447998,0.9915335774421692,0.9798984527587891
Brain,9,phase1_hard,Ungood/img/00407_76.png,1,0.8222151398658752,0.9993703961372375,0.9983407855033875
Brain,9,phase1_hard,Ungood/img/00407_84.png,1,0.8241643905639648,0.984828531742096,0.9659264087677002
Brain,9,phase1_hard,Ungood/img/00407_92.png,1,0.8296296000480652,0.9984413981437683,0.99132239818573
Brain,9,phase1_hard,Ungood/img/00409_60.png,1,0.8299589157104492,0.9993776679039001,0.9958610534667969
Brain,9,phase1_hard,Ungood/img/00409_68.png,1,0.8278687596321106,0.9986631870269775,0.9954253435134888
Brain,9,phase1_hard,Ungood/img/00409_76.png,1,0.8250417709350586,0.9995750784873962,0.9992539286613464
Brain,9,phase1_hard,Ungood/img/00409_84.png,1,0.8161042928695679,0.9974408149719238,0.9877844452857971
Brain,9,phase1_hard,Ungood/img/00409_92.png,1,0.8197175860404968,0.9757216572761536,0.9546220302581787
Brain,9,phase1_hard,Ungood/img/00410_60.png,1,0.811516284942627,0.9993390440940857,0.9988614320755005
Brain,9,phase1_hard,Ungood/img/00410_68.png,1,0.8225880265235901,0.9989956021308899,0.9977150559425354
Brain,9,phase1_hard,Ungood/img/00410_76.png,1,0.8207491040229797,0.9944726824760437,0.9823736548423767
Brain,9,phase1_hard,Ungood/img/00410_84.png,1,0.819301426410675,0.9405379295349121,0.8380187153816223
Brain,9,phase1_hard,Ungood/img/00410_92.png,1,0.8131211996078491,0.9991798996925354,0.9952982068061829
Brain,9,phase1_hard,Ungood/img/00413_60.png,1,0.8204554915428162,0.9956656098365784,0.9916471242904663
Brain,9,phase1_hard,Ungood/img/00413_68.png,1,0.8248066902160645,0.9998180270195007,0.9987730979919434
Brain,9,phase1_hard,Ungood/img/00413_76.png,1,0.8228375315666199,0.9998441934585571,0.9991763234138489
Brain,9,phase1_hard,Ungood/img/00413_84.png,1,0.822661280632019,0.9987886548042297,0.9950685501098633
Brain,9,phase1_hard,Ungood/img/00413_92.png,1,0.8204575181007385,0.9992576241493225,0.9926708936691284
Brain,9,phase1_hard,Ungood/img/00414_60.png,1,0.8191360235214233,0.9972623586654663,0.992518424987793
Brain,9,phase1_hard,Ungood/img/00414_68.png,1,0.8158634305000305,0.996440589427948,0.992559015750885
Brain,9,phase1_hard,Ungood/img/00414_76.png,1,0.8183672428131104,0.9939978122711182,0.9839497804641724
Brain,9,phase1_hard,Ungood/img/00414_84.png,1,0.8242554664611816,0.9970856308937073,0.9920064210891724
Brain,9,phase1_hard,Ungood/img/00414_92.png,1,0.8221380114555359,0.9959703683853149,0.9823980331420898
Brain,9,phase1_hard,Ungood/img/00416_60.png,1,0.825520932674408,0.9996623992919922,0.9993820190429688
Brain,9,phase1_hard,Ungood/img/00416_68.png,1,0.8290642499923706,0.9995228052139282,0.9992508292198181
Brain,9,phase1_hard,Ungood/img/00416_76.png,1,0.8268101811408997,0.9998863935470581,0.999764621257782
Brain,9,phase1_hard,Ungood/img/00416_84.png,1,0.827901303768158,0.9998385906219482,0.9997618794441223
Brain,9,phase1_hard,Ungood/img/00416_92.png,1,0.8332545757293701,0.9996044039726257,0.9994504451751709
Brain,9,phase1_hard,Ungood/img/00417_60.png,1,0.8215326070785522,0.9986316561698914,0.9979389309883118
Brain,9,phase1_hard,Ungood/img/00417_68.png,1,0.8286830186843872,0.9972158670425415,0.9760522246360779
Brain,9,phase1_hard,Ungood/img/00417_76.png,1,0.8287681341171265,0.9985124468803406,0.992154061794281
Brain,9,phase1_hard,Ungood/img/00417_84.png,1,0.822698175907135,0.9944955706596375,0.9911436438560486
Brain,9,phase1_hard,Ungood/img/00417_92.png,1,0.8250445127487183,0.9985986351966858,0.9938714504241943
Brain,9,phase1_hard,Ungood/img/00418_60.png,1,0.8209695219993591,0.9971044659614563,0.9958835244178772
Brain,9,phase1_hard,Ungood/img/00418_68.png,1,0.825015127658844,0.9828725457191467,0.9661656022071838
Brain,9,phase1_hard,Ungood/img/00418_76.png,1,0.8184753656387329,0.9978272318840027,0.9969466924667358
Brain,9,phase1_hard,Ungood/img/00418_84.png,1,0.8127283453941345,0.997687816619873,0.9960351586341858
Brain,9,phase1_hard,Ungood/img/00418_92.png,1,0.8303943276405334,0.9931313395500183,0.9897224307060242
Brain,9,phase1_hard,Ungood/img/00423_60.png,1,0.8173363208770752,0.9502745270729065,0.9041730165481567
Brain,9,phase1_hard,Ungood/img/00423_68.png,1,0.8215243220329285,0.9889217615127563,0.9282183647155762
Brain,9,phase1_hard,Ungood/img/00423_76.png,1,0.8136277794837952,0.9937359094619751,0.9348998665809631
Brain,9,phase1_hard,Ungood/img/00423_84.png,1,0.8130747079849243,0.9992109537124634,0.9967119097709656
Brain,9,phase1_hard,Ungood/img/00423_92.png,1,0.8144949674606323,0.998847484588623,0.9864593148231506
Brain,9,phase1_hard,Ungood/img/00426_60.png,1,0.8285825848579407,0.9996377229690552,0.9966269731521606
Brain,9,phase1_hard,Ungood/img/00426_68.png,1,0.8274322152137756,0.999859094619751,0.9993268847465515
Brain,9,phase1_hard,Ungood/img/00426_76.png,1,0.8279103636741638,0.9998985528945923,0.9994170069694519
Brain,9,phase1_hard,Ungood/img/00426_84.png,1,0.8248289823532104,0.9997765421867371,0.9988057613372803
Brain,9,phase1_hard,Ungood/img/00426_92.png,1,0.8219693303108215,0.9991151690483093,0.9953827857971191
Brain,9,phase1_hard,Ungood/img/00429_60.png,1,0.8233299851417542,0.996636152267456,0.9902644753456116
Brain,9,phase1_hard,Ungood/img/00429_68.png,1,0.8178457617759705,0.9756560921669006,0.9407835602760315
Brain,9,phase1_hard,Ungood/img/00429_76.png,1,0.8178067803382874,0.9945998191833496,0.98444002866745
Brain,9,phase1_hard,Ungood/img/00429_84.png,1,0.8169668912887573,0.9974531531333923,0.9913557767868042
Brain,9,phase1_hard,Ungood/img/00429_92.png,1,0.8108876347541809,0.991713285446167,0.9860830903053284
Brain,9,phase1_hard,Ungood/img/00430_60.png,1,0.8267186284065247,0.9995977282524109,0.9991243481636047
Brain,9,phase1_hard,Ungood/img/00430_68.png,1,0.8282220959663391,0.9993321299552917,0.9982256293296814
Brain,9,phase1_hard,Ungood/img/00430_76.png,1,0.8258099555969238,0.9997841715812683,0.9990853667259216
Brain,9,phase1_hard,Ungood/img/00430_84.png,1,0.8265383243560791,0.9975244402885437,0.9926475882530212
Brain,9,phase1_hard,Ungood/img/00430_92.png,1,0.8286970853805542,0.9204283356666565,0.7578775882720947
Brain,9,phase1_hard,Ungood/img/00432_60.png,1,0.8203730583190918,0.9994416832923889,0.9990072250366211
Brain,9,phase1_hard,Ungood/img/00432_68.png,1,0.821902871131897,0.9977970123291016,0.9953165650367737
Brain,9,phase1_hard,Ungood/img/00432_76.png,1,0.8213699460029602,0.9926117062568665,0.9849194884300232
Brain,9,phase1_hard,Ungood/img/00432_84.png,1,0.8141140341758728,0.9978148937225342,0.9854201674461365
Brain,9,phase1_hard,Ungood/img/00432_92.png,1,0.8157501220703125,0.5800119042396545,0.39967092871665955
Brain,9,phase1_hard,Ungood/img/00436_60.png,1,0.8214538097381592,0.8337153792381287,0.7483744621276855
Brain,9,phase1_hard,Ungood/img/00436_68.png,1,0.8244304656982422,0.9923520684242249,0.9891119003295898
Brain,9,phase1_hard,Ungood/img/00436_76.png,1,0.8192075490951538,0.9976192116737366,0.995467483997345
Brain,9,phase1_hard,Ungood/img/00436_84.png,1,0.8142183423042297,0.9975259900093079,0.9962331056594849
Brain,9,phase1_hard,Ungood/img/00436_92.png,1,0.8188061118125916,0.9617745280265808,0.9161899089813232
Brain,9,phase1_hard,Ungood/img/00440_60.png,1,0.8174213767051697,0.9989610910415649,0.9976631999015808
Brain,9,phase1_hard,Ungood/img/00440_68.png,1,0.8215497732162476,0.9960247278213501,0.9884382486343384
Brain,9,phase1_hard,Ungood/img/00440_76.png,1,0.8222928047180176,0.9979456067085266,0.9942889213562012
Brain,9,phase1_hard,Ungood/img/00440_84.png,1,0.8249092698097229,0.9996299743652344,0.9982154965400696
Brain,9,phase1_hard,Ungood/img/00440_92.png,1,0.8180701732635498,0.99072265625,0.9754922389984131
Brain,9,phase1_hard,Ungood/img/00443_60.png,1,0.8205772638320923,0.9350279569625854,0.7967190742492676
Brain,9,phase1_hard,Ungood/img/00443_68.png,1,0.8152270317077637,0.9899924397468567,0.9746166467666626
Brain,9,phase1_hard,Ungood/img/00443_76.png,1,0.8187042474746704,0.9952219128608704,0.9909164309501648
Brain,9,phase1_hard,Ungood/img/00443_84.png,1,0.8244421482086182,0.998325526714325,0.9966943860054016
Brain,9,phase1_hard,Ungood/img/00443_92.png,1,0.8235940933227539,0.9984319806098938,0.9965261816978455
Brain,9,phase1_hard,Ungood/img/00445_60.png,1,0.8292736411094666,0.998105525970459,0.9975047707557678
Brain,9,phase1_hard,Ungood/img/00445_68.png,1,0.8254021406173706,0.9985947012901306,0.9977556467056274
Brain,9,phase1_hard,Ungood/img/00445_76.png,1,0.8231660723686218,0.9971394538879395,0.9947202205657959
Brain,9,phase1_hard,Ungood/img/00445_84.png,1,0.8277496695518494,0.9955300688743591,0.98479163646698
Brain,9,phase1_hard,Ungood/img/00445_92.png,1,0.8259816765785217,0.9745245575904846,0.8944736123085022
Brain,9,phase1_hard,Ungood/img/00446_60.png,1,0.8281508088111877,0.998855471611023,0.9979441165924072
Brain,9,phase1_hard,Ungood/img/00446_68.png,1,0.8300063014030457,0.9949489831924438,0.9938421249389648
Brain,9,phase1_hard,Ungood/img/00446_76.png,1,0.8236090540885925,0.9950915575027466,0.9932014346122742
Brain,9,phase1_hard,Ungood/img/00446_84.png,1,0.8217823505401611,0.9932202100753784,0.9885618090629578
Brain,9,phase1_hard,Ungood/img/00446_92.png,1,0.8215537667274475,0.9980238676071167,0.996690034866333
Brain,9,phase1_hard,Ungood/img/00448_60.png,1,0.8165151476860046,0.9966224431991577,0.994230329990387
Brain,9,phase1_hard,Ungood/img/00448_68.png,1,0.8187270760536194,0.9961191415786743,0.9885291457176208
Brain,9,phase1_hard,Ungood/img/00448_76.png,1,0.8128181099891663,0.9896492958068848,0.9814431667327881
Brain,9,phase1_hard,Ungood/img/00448_84.png,1,0.7986144423484802,0.9499794244766235,0.9089615941047668
Brain,9,phase1_hard,Ungood/img/00448_92.png,1,0.8090556859970093,0.9836300015449524,0.9270598292350769
Brain,9,phase1_hard,Ungood/img/00449_60.png,1,0.8308018445968628,0.9934480786323547,0.9880882501602173
Brain,9,phase1_hard,Ungood/img/00449_68.png,1,0.8290625810623169,0.9990841150283813,0.9976773858070374
Brain,9,phase1_hard,Ungood/img/00449_76.png,1,0.8299360275268555,0.9982821941375732,0.9951529502868652
Brain,9,phase1_hard,Ungood/img/00449_84.png,1,0.8316763043403625,0.9944126009941101,0.9843488335609436
Brain,9,phase1_hard,Ungood/img/00449_92.png,1,0.8332017064094543,0.9960536956787109,0.9850783348083496
Brain,9,phase1_hard,Ungood/img/00452_60.png,1,0.8185681104660034,0.7118096351623535,0.43771204352378845
Brain,9,phase1_hard,Ungood/img/00452_68.png,1,0.8104663491249084,0.9984244108200073,0.9947952628135681
Brain,9,phase1_hard,Ungood/img/00452_76.png,1,0.8075342774391174,0.99828040599823,0.9954034686088562
Brain,9,phase1_hard,Ungood/img/00452_84.png,1,0.8199954628944397,0.9985114932060242,0.9958279728889465
Brain,9,phase1_hard,Ungood/img/00452_92.png,1,0.8127633929252625,0.9990805387496948,0.9961350560188293
Brain,9,phase1_hard,Ungood/img/00454_60.png,1,0.8244926333427429,0.9996404647827148,0.9993026852607727
Brain,9,phase1_hard,Ungood/img/00454_68.png,1,0.8237031698226929,0.9946908354759216,0.992961585521698
Brain,9,phase1_hard,Ungood/img/00454_76.png,1,0.8154857754707336,0.9961941242218018,0.9924104809761047
Brain,9,phase1_hard,Ungood/img/00454_84.png,1,0.8201558589935303,0.9559218287467957,0.8957408666610718
Brain,9,phase1_hard,Ungood/img/00454_92.png,1,0.8258801102638245,0.95877605676651,0.9424681663513184
Brain,9,phase1_hard,Ungood/img/00456_60.png,1,0.8253941535949707,0.997385561466217,0.9949819445610046
Brain,9,phase1_hard,Ungood/img/00456_68.png,1,0.8261176347732544,0.9992355108261108,0.9986857771873474
Brain,9,phase1_hard,Ungood/img/00456_76.png,1,0.8212949633598328,0.9946857690811157,0.9902016520500183
Brain,9,phase1_hard,Ungood/img/00456_84.png,1,0.8247117400169373,0.9961093068122864,0.9936265349388123
Brain,9,phase1_hard,Ungood/img/00456_92.png,1,0.8268540501594543,0.9980819225311279,0.9968883991241455
Brain,9,phase1_hard,Ungood/img/00468_60.png,1,0.8223055005073547,0.9972234964370728,0.9924158453941345
Brain,9,phase1_hard,Ungood/img/00468_68.png,1,0.8188177943229675,0.9997479319572449,0.9984232783317566
Brain,9,phase1_hard,Ungood/img/00468_76.png,1,0.8251766562461853,0.995710015296936,0.9824645519256592
Brain,9,phase1_hard,Ungood/img/00468_84.png,1,0.8199691772460938,0.9968275427818298,0.9883995056152344
Brain,9,phase1_hard,Ungood/img/00468_92.png,1,0.8209078907966614,0.9028307795524597,0.728800356388092
Brain,9,phase1_hard,Ungood/img/00469_60.png,1,0.798801064491272,0.9874227046966553,0.9692077040672302
Brain,9,phase1_hard,Ungood/img/00469_68.png,1,0.8203911781311035,0.9802471399307251,0.9608412981033325
Brain,9,phase1_hard,Ungood/img/00469_76.png,1,0.8180879354476929,0.9986352324485779,0.9965418577194214
Brain,9,phase1_hard,Ungood/img/00469_84.png,1,0.8066339492797852,0.9959043860435486,0.9836820363998413
Brain,9,phase1_hard,Ungood/img/00469_92.png,1,0.8163472414016724,0.9957346320152283,0.9853792190551758
Brain,9,phase1_hard,Ungood/img/00477_60.png,1,0.8286821842193604,0.991008460521698,0.9841441512107849
Brain,9,phase1_hard,Ungood/img/00477_68.png,1,0.8223899602890015,0.9001818299293518,0.8380017876625061
Brain,9,phase1_hard,Ungood/img/00477_76.png,1,0.8158324360847473,0.9694169163703918,0.9314991235733032
Brain,9,phase1_hard,Ungood/img/00477_84.png,1,0.8223417401313782,0.9963417649269104,0.9818339347839355
Brain,9,phase1_hard,Ungood/img/00477_92.png,1,0.8223304152488708,0.9851810932159424,0.9566764235496521
Brain,9,phase1_hard,Ungood/img/00480_60.png,1,0.8135651350021362,0.9942213296890259,0.9843332767486572
Brain,9,phase1_hard,Ungood/img/00480_68.png,1,0.8091380000114441,0.984806478023529,0.9604305028915405
Brain,9,phase1_hard,Ungood/img/00480_76.png,1,0.802148163318634,0.9724536538124084,0.9277864098548889
Brain,9,phase1_hard,Ungood/img/00480_84.png,1,0.8167919516563416,0.9869460463523865,0.9647423624992371
Brain,9,phase1_hard,Ungood/img/00480_92.png,1,0.8143233060836792,0.9797883629798889,0.7944634556770325
Brain,9,phase1_hard,Ungood/img/00481_60.png,1,0.797304630279541,0.8792043924331665,0.7003488540649414
Brain,9,phase1_hard,Ungood/img/00481_68.png,1,0.8148908615112305,0.9966138005256653,0.9797267913818359
Brain,9,phase1_hard,Ungood/img/00481_76.png,1,0.819007396697998,0.8615384697914124,0.6836539506912231
Brain,9,phase1_hard,Ungood/img/00481_84.png,1,0.8252849578857422,0.9961898326873779,0.9868949055671692
Brain,9,phase1_hard,Ungood/img/00481_92.png,1,0.8218785524368286,0.9916369318962097,0.9799473881721497
Brain,9,phase1_hard,Ungood/img/00483_60.png,1,0.8187465071678162,0.9990864992141724,0.998460054397583
Brain,9,phase1_hard,Ungood/img/00483_68.png,1,0.8172223567962646,0.9962090253829956,0.992672860622406
Brain,9,phase1_hard,Ungood/img/00483_76.png,1,0.8262633681297302,0.9984128475189209,0.9966145753860474
Brain,9,phase1_hard,Ungood/img/00483_84.png,1,0.8285174369812012,0.9984095692634583,0.9928131699562073
Brain,9,phase1_hard,Ungood/img/00483_92.png,1,0.8266415596008301,0.9986764788627625,0.9946573972702026
Brain,9,phase1_hard,Ungood/img/00494_60.png,1,0.8257650136947632,0.9927911758422852,0.9879648089408875
Brain,9,phase1_hard,Ungood/img/00494_68.png,1,0.8203056454658508,0.6461182236671448,0.42301177978515625
Brain,9,phase1_hard,Ungood/img/00494_76.png,1,0.8144963383674622,0.9701873064041138,0.934393584728241
Brain,9,phase1_hard,Ungood/img/00494_84.png,1,0.8195351958274841,0.5233617424964905,0.32358434796333313
Brain,9,phase1_hard,Ungood/img/00494_92.png,1,0.8109805583953857,0.837053120136261,0.7362005710601807
Brain,9,phase1_hard,Ungood/img/00498_60.png,1,0.8218126893043518,0.9851726293563843,0.9771121144294739
Brain,9,phase1_hard,Ungood/img/00498_68.png,1,0.819220244884491,0.8992161154747009,0.8361572623252869
Brain,9,phase1_hard,Ungood/img/00498_76.png,1,0.8049032092094421,0.9842288494110107,0.9579774141311646
Brain,9,phase1_hard,Ungood/img/00498_84.png,1,0.8004685044288635,0.47701823711395264,0.31251010298728943
Brain,9,phase1_hard,Ungood/img/00498_92.png,1,0.8123604655265808,0.8201556205749512,0.6356369256973267
Brain,9,phase1_hard,Ungood/img/00499_60.png,1,0.8236045241355896,0.9970190525054932,0.993591845035553
Brain,9,phase1_hard,Ungood/img/00499_68.png,1,0.8183282613754272,0.9898701310157776,0.9803992509841919
Brain,9,phase1_hard,Ungood/img/00499_76.png,1,0.8163005113601685,0.9954174757003784,0.9870083332061768
Brain,9,phase1_hard,Ungood/img/00499_84.png,1,0.8126763701438904,0.9742984175682068,0.9403069019317627
Brain,9,phase1_hard,Ungood/img/00499_92.png,1,0.8181314468383789,0.9786739945411682,0.9265389442443848
Brain,9,phase1_hard,Ungood/img/00501_60.png,1,0.8228444457054138,0.9526719450950623,0.9390248656272888
Brain,9,phase1_hard,Ungood/img/00501_68.png,1,0.8263250589370728,0.56401526927948,0.36234667897224426
Brain,9,phase1_hard,Ungood/img/00501_76.png,1,0.8228311538696289,0.7043430805206299,0.4300495386123657
Brain,9,phase1_hard,Ungood/img/00501_84.png,1,0.8229371309280396,0.8896942734718323,0.8601534366607666
Brain,9,phase1_hard,Ungood/img/00501_92.png,1,0.82501620054245,0.9700830578804016,0.955308198928833
Brain,9,phase1_hard,Ungood/img/00502_60.png,1,0.8275561928749084,0.9565933346748352,0.9132826328277588
Brain,9,phase1_hard,Ungood/img/00502_68.png,1,0.827003538608551,0.9836363196372986,0.907509446144104
Brain,9,phase1_hard,Ungood/img/00502_76.png,1,0.8158683776855469,0.9412133097648621,0.8390536904335022
Brain,9,phase1_hard,Ungood/img/00502_84.png,1,0.6286945939064026,3.341312151405873e-07,2.5160878180940927e-07
Brain,9,phase1_hard,Ungood/img/00502_92.png,1,0.5170633792877197,2.372452627241728e-06,1.0698158803279512e-06
Brain,9,phase1_hard,Ungood/img/00505_60.png,1,0.8260766863822937,0.9974364638328552,0.9937860369682312
Brain,9,phase1_hard,Ungood/img/00505_68.png,1,0.8246521353721619,0.9911594986915588,0.967858612537384
Brain,9,phase1_hard,Ungood/img/00505_76.png,1,0.8158060908317566,0.9687896370887756,0.8498287796974182
Brain,9,phase1_hard,Ungood/img/00505_84.png,1,0.8154833316802979,0.929487943649292,0.7572842836380005
Brain,9,phase1_hard,Ungood/img/00505_92.png,1,0.8115785121917725,0.7924845814704895,0.39029571413993835
Brain,9,phase1_hard,Ungood/img/00507_60.png,1,0.8211812376976013,0.9994370341300964,0.9985185265541077
Brain,9,phase1_hard,Ungood/img/00507_68.png,1,0.8233002424240112,0.9980681538581848,0.9947476387023926
Brain,9,phase1_hard,Ungood/img/00507_76.png,1,0.8276504278182983,0.9882017970085144,0.9795107245445251
Brain,9,phase1_hard,Ungood/img/00507_84.png,1,0.8282127380371094,0.9542983770370483,0.934374213218689
Brain,9,phase1_hard,Ungood/img/00507_92.png,1,0.8224755525588989,0.973863959312439,0.9615175724029541
Brain,9,phase1_hard,Ungood/img/00510_60.png,1,0.8256132006645203,0.9637619256973267,0.9097670316696167
Brain,9,phase1_hard,Ungood/img/00510_68.png,1,0.8190689086914062,0.9966592788696289,0.9456090331077576
Brain,9,phase1_hard,Ungood/img/00510_76.png,1,0.8081579208374023,0.003748797345906496,0.0011528042377904058
Brain,9,phase1_hard,Ungood/img/00510_84.png,1,0.5328444838523865,4.067142640451493e-07,2.4657740027578257e-07
Brain,9,phase1_hard,Ungood/img/00510_92.png,1,0.49862658977508545,2.0354461867100326e-06,6.306343038886553e-07
Brain,9,phase1_hard,Ungood/img/00512_60.png,1,0.811553955078125,0.99750155210495,0.9940572381019592
Brain,9,phase1_hard,Ungood/img/00512_68.png,1,0.8239046335220337,0.9687390923500061,0.9262191653251648
Brain,9,phase1_hard,Ungood/img/00512_76.png,1,0.8178880214691162,0.9747999906539917,0.9539380073547363
Brain,9,phase1_hard,Ungood/img/00512_84.png,1,0.8159039616584778,0.9978079199790955,0.9963257312774658
Brain,9,phase1_hard,Ungood/img/00512_92.png,1,0.8224977850914001,0.9890505075454712,0.9803170561790466
Brain,9,phase1_hard,Ungood/img/00513_60.png,1,0.827116072177887,0.9950150847434998,0.9905604124069214
Brain,9,phase1_hard,Ungood/img/00513_68.png,1,0.8244999051094055,0.9984789490699768,0.9974775314331055
Brain,9,phase1_hard,Ungood/img/00513_76.png,1,0.8234406113624573,0.9965194463729858,0.9946989417076111
Brain,9,phase1_hard,Ungood/img/00513_84.png,1,0.8247968554496765,0.9911677837371826,0.9706307053565979
Brain,9,phase1_hard,Ungood/img/00513_92.png,1,0.823477566242218,0.9948711395263672,0.9848560094833374
Brain,9,phase1_hard,Ungood/img/00517_60.png,1,0.7880603671073914,0.9944345355033875,0.9811429381370544
Brain,9,phase1_hard,Ungood/img/00517_68.png,1,0.80443274974823,0.9980077147483826,0.9956724047660828
Brain,9,phase1_hard,Ungood/img/00517_76.png,1,0.8202697038650513,0.9987252354621887,0.9972144961357117
Brain,9,phase1_hard,Ungood/img/00517_84.png,1,0.8250634074211121,0.9782776832580566,0.9696312546730042
Brain,9,phase1_hard,Ungood/img/00517_92.png,1,0.8284000754356384,0.9858411550521851,0.9674874544143677
Brain,9,phase1_hard,Ungood/img/00518_60.png,1,0.8090678453445435,0.11880765110254288,0.04994683340191841
Brain,9,phase1_hard,Ungood/img/00518_68.png,1,0.815606951713562,0.9982067346572876,0.9889316558837891
Brain,9,phase1_hard,Ungood/img/00518_76.png,1,0.8131837248802185,0.9974416494369507,0.9913867115974426
Brain,9,phase1_hard,Ungood/img/00518_84.png,1,0.8137480616569519,0.9523258805274963,0.7800294756889343
Brain,9,phase1_hard,Ungood/img/00518_92.png,1,0.8186196684837341,0.9980865716934204,0.9866184592247009
Brain,9,phase1_hard,Ungood/img/00519_60.png,1,0.8295966982841492,0.9889750480651855,0.97371906042099
Brain,9,phase1_hard,Ungood/img/00519_68.png,1,0.8226811289787292,0.9074680209159851,0.7897502779960632
Brain,9,phase1_hard,Ungood/img/00519_76.png,1,0.8149168491363525,0.9917084574699402,0.9440178275108337
Brain,9,phase1_hard,Ungood/img/00519_84.png,1,0.8178778290748596,0.955418050289154,0.8883041143417358
Brain,9,phase1_hard,Ungood/img/00519_92.png,1,0.8101699352264404,0.09006065130233765,0.021308187395334244
Brain,9,phase1_hard,Ungood/img/00526_60.png,1,0.8145213723182678,0.9819485545158386,0.9421455264091492
Brain,9,phase1_hard,Ungood/img/00526_68.png,1,0.8091162443161011,0.9699932336807251,0.872189462184906
Brain,9,phase1_hard,Ungood/img/00526_76.png,1,0.8255469799041748,0.9978479146957397,0.9881891012191772
Brain,9,phase1_hard,Ungood/img/00526_84.png,1,0.8185568451881409,0.9880956411361694,0.9767264127731323
Brain,9,phase1_hard,Ungood/img/00526_92.png,1,0.8163817524909973,0.993664026260376,0.9813944697380066
Brain,9,phase1_hard,Ungood/img/00528_60.png,1,0.8245501518249512,0.9068195819854736,0.8029674291610718
Brain,9,phase1_hard,Ungood/img/00528_68.png,1,0.8244701027870178,0.99828040599823,0.9969426393508911
Brain,9,phase1_hard,Ungood/img/00528_76.png,1,0.8250477910041809,0.9936948418617249,0.9856054186820984
Brain,9,phase1_hard,Ungood/img/00528_84.png,1,0.8268868327140808,0.9906178116798401,0.9860090613365173
Brain,9,phase1_hard,Ungood/img/00528_92.png,1,0.8196771740913391,0.9932540059089661,0.990349531173706
Brain,9,phase1_hard,Ungood/img/00529_60.png,1,0.8190863132476807,0.6130795478820801,0.284746378660202
Brain,9,phase1_hard,Ungood/img/00529_68.png,1,0.8163651823997498,0.4830043911933899,0.2942223846912384
Brain,9,phase1_hard,Ungood/img/00529_76.png,1,0.8115633726119995,0.9878020882606506,0.9138250350952148
Brain,9,phase1_hard,Ungood/img/00529_84.png,1,0.8053614497184753,0.9626221656799316,0.7011660933494568
Brain,9,phase1_hard,Ungood/img/00529_92.png,1,0.8115414977073669,0.6680623292922974,0.1619943380355835
Brain,9,phase1_hard,Ungood/img/00533_60.png,1,0.8185127377510071,0.9976499676704407,0.9902192950248718
Brain,9,phase1_hard,Ungood/img/00533_68.png,1,0.8139639496803284,0.9971972703933716,0.9782498478889465
Brain,9,phase1_hard,Ungood/img/00533_76.png,1,0.8145577907562256,0.9981485605239868,0.9717424511909485
Brain,9,phase1_hard,Ungood/img/00533_84.png,1,0.8219825625419617,0.3730347156524658,0.09043040126562119
Brain,9,phase1_hard,Ungood/img/00533_92.png,1,0.820220947265625,0.9569298624992371,0.7614473104476929
Brain,9,phase1_hard,Ungood/img/00538_60.png,1,0.8284032940864563,0.946292519569397,0.9243641495704651
Brain,9,phase1_hard,Ungood/img/00538_68.png,1,0.825614869594574,0.9943296909332275,0.9905745983123779
Brain,9,phase1_hard,Ungood/img/00538_76.png,1,0.8309158086776733,0.9956978559494019,0.994306743144989
Brain,9,phase1_hard,Ungood/img/00538_84.png,1,0.8214725255966187,0.9932231903076172,0.9849749803543091
Brain,9,phase1_hard,Ungood/img/00538_92.png,1,0.8261934518814087,0.9914973378181458,0.9138776659965515
Brain,9,phase1_hard,Ungood/img/00539_60.png,1,0.8188663125038147,0.9810298681259155,0.9321187138557434
Brain,9,phase1_hard,Ungood/img/00539_68.png,1,0.8198579549789429,0.9538350105285645,0.7662792801856995
Brain,9,phase1_hard,Ungood/img/00539_76.png,1,0.8186790347099304,0.9896811842918396,0.9620345234870911
Brain,9,phase1_hard,Ungood/img/00539_84.png,1,0.8264539241790771,0.9973401427268982,0.9906211495399475
Brain,9,phase1_hard,Ungood/img/00539_92.png,1,0.823845624923706,0.9937573671340942,0.964946448802948
Brain,9,phase1_hard,Ungood/img/00543_60.png,1,0.8228226900100708,0.9972301125526428,0.9941843152046204
Brain,9,phase1_hard,Ungood/img/00543_68.png,1,0.8257339596748352,0.9952759742736816,0.9912855625152588
Brain,9,phase1_hard,Ungood/img/00543_76.png,1,0.8177642226219177,0.9969244599342346,0.9944131374359131
Brain,9,phase1_hard,Ungood/img/00543_84.png,1,0.8142829537391663,0.9946997165679932,0.9838006496429443
Brain,9,phase1_hard,Ungood/img/00543_92.png,1,0.8197319507598877,0.9849591851234436,0.9351407289505005
Brain,9,phase1_hard,Ungood/img/00548_60.png,1,0.8197606801986694,0.9915958046913147,0.9824078679084778
Brain,9,phase1_hard,Ungood/img/00548_68.png,1,0.825059711933136,0.9955293536186218,0.9906082153320312
Brain,9,phase1_hard,Ungood/img/00548_76.png,1,0.8215111494064331,0.9805419445037842,0.9635013341903687
Brain,9,phase1_hard,Ungood/img/00548_84.png,1,0.8224846124649048,0.9976321458816528,0.9957102537155151
Brain,9,phase1_hard,Ungood/img/00548_92.png,1,0.8212254643440247,0.9828963875770569,0.9759312272071838
Brain,9,phase1_hard,Ungood/img/00552_60.png,1,0.8267665505409241,0.985680341720581,0.9749534726142883
Brain,9,phase1_hard,Ungood/img/00552_68.png,1,0.8202692270278931,0.9639444351196289,0.9299803972244263
Brain,9,phase1_hard,Ungood/img/00552_76.png,1,0.8178754448890686,0.9974240064620972,0.9969189763069153
Brain,9,phase1_hard,Ungood/img/00552_84.png,1,0.8073570132255554,0.9967921376228333,0.9925312399864197
Brain,9,phase1_hard,Ungood/img/00552_92.png,1,0.8154915571212769,0.997158408164978,0.987425684928894
Brain,9,phase1_hard,Ungood/img/00558_60.png,1,0.7966412305831909,0.8338208794593811,0.7286055684089661
Brain,9,phase1_hard,Ungood/img/00558_68.png,1,0.8097856640815735,0.9404124617576599,0.889307975769043
Brain,9,phase1_hard,Ungood/img/00558_76.png,1,0.8181549310684204,0.9985803365707397,0.9973735213279724
Brain,9,phase1_hard,Ungood/img/00558_84.png,1,0.8197318911552429,0.9786525964736938,0.9668375253677368
Brain,9,phase1_hard,Ungood/img/00558_92.png,1,0.8287218809127808,0.9964765906333923,0.9948528409004211
Brain,9,phase1_hard,Ungood/img/00559_60.png,1,0.823762059211731,0.6803196668624878,0.5221095681190491
Brain,9,phase1_hard,Ungood/img/00559_68.png,1,0.8188043236732483,0.0564599484205246,0.029694320634007454
Brain,9,phase1_hard,Ungood/img/00559_76.png,1,0.8237935900688171,0.9379317164421082,0.7863265872001648
Brain,9,phase1_hard,Ungood/img/00559_84.png,1,0.8150097131729126,0.9645965099334717,0.8196861743927002
Brain,9,phase1_hard,Ungood/img/00559_92.png,1,0.7403927445411682,0.7176918387413025,0.17728300392627716
Brain,9,phase1_hard,Ungood/img/00561_60.png,1,0.8131371140480042,0.9904856085777283,0.9766890406608582
Brain,9,phase1_hard,Ungood/img/00561_68.png,1,0.8126373887062073,0.9924045205116272,0.9840382933616638
Brain,9,phase1_hard,Ungood/img/00561_76.png,1,0.8113633990287781,0.9627941846847534,0.9189935326576233
Brain,9,phase1_hard,Ungood/img/00561_84.png,1,0.8111030459403992,0.9785212278366089,0.9373906850814819
Brain,9,phase1_hard,Ungood/img/00561_92.png,1,0.8197405338287354,0.9861425757408142,0.9749095439910889
Brain,9,phase1_hard,Ungood/img/00565_60.png,1,0.8202574253082275,0.9972171783447266,0.9943606853485107
Brain,9,phase1_hard,Ungood/img/00565_68.png,1,0.817260205745697,0.9936267137527466,0.9722328186035156
Brain,9,phase1_hard,Ungood/img/00565_76.png,1,0.809255063533783,0.9864547252655029,0.933351993560791
Brain,9,phase1_hard,Ungood/img/00565_84.png,1,0.7975672483444214,0.014966694638133049,0.0030848514288663864
Brain,9,phase1_hard,Ungood/img/00565_92.png,1,0.8064013719558716,0.22751343250274658,0.08718669414520264
Brain,9,phase1_hard,Ungood/img/00567_60.png,1,0.8181021213531494,0.9940577745437622,0.9819076657295227
Brain,9,phase1_hard,Ungood/img/00567_68.png,1,0.8029448986053467,0.8076507449150085,0.4946608245372772
Brain,9,phase1_hard,Ungood/img/00567_76.png,1,0.8138723373413086,0.9808872938156128,0.9612312316894531
Brain,9,phase1_hard,Ungood/img/00567_84.png,1,0.8125560283660889,0.9824017882347107,0.7306374907493591
Brain,9,phase1_hard,Ungood/img/00567_92.png,1,0.8192076683044434,0.9869427680969238,0.7745610475540161
Brain,9,phase1_hard,Ungood/img/00568_60.png,1,0.8238236308097839,0.9951819777488708,0.9869977831840515
Brain,9,phase1_hard,Ungood/img/00568_68.png,1,0.8246843218803406,0.9708924889564514,0.9475945234298706
Brain,9,phase1_hard,Ungood/img/00568_76.png,1,0.8217458128929138,0.9938662648200989,0.9810085296630859
Brain,9,phase1_hard,Ungood/img/00568_84.png,1,0.8311650156974792,0.9934921860694885,0.9881861805915833
Brain,9,phase1_hard,Ungood/img/00568_92.png,1,0.8337396383285522,0.9953946471214294,0.9893702268600464
Brain,9,phase1_hard,Ungood/img/00569_60.png,1,0.8256790637969971,0.9993029832839966,0.9988071322441101
Brain,9,phase1_hard,Ungood/img/00569_68.png,1,0.825705349445343,0.9931558966636658,0.9854081273078918
Brain,9,phase1_hard,Ungood/img/00569_76.png,1,0.8260080218315125,0.9984982013702393,0.9962680339813232
Brain,9,phase1_hard,Ungood/img/00569_84.png,1,0.8288692831993103,0.9995213747024536,0.9993076920509338
Brain,9,phase1_hard,Ungood/img/00569_92.png,1,0.8273189663887024,0.9992268085479736,0.998532772064209
Brain,9,phase1_hard,Ungood/img/00572_60.png,1,0.8082895278930664,0.997921884059906,0.9961108565330505
Brain,9,phase1_hard,Ungood/img/00572_68.png,1,0.8200997710227966,0.9666103720664978,0.9573301672935486
Brain,9,phase1_hard,Ungood/img/00572_76.png,1,0.821071207523346,0.9952547550201416,0.9880268573760986
Brain,9,phase1_hard,Ungood/img/00572_84.png,1,0.8173601627349854,0.9912264943122864,0.9599083065986633
Brain,9,phase1_hard,Ungood/img/00572_92.png,1,0.8231222033500671,0.9939992427825928,0.9856894016265869
Brain,9,phase1_hard,Ungood/img/00575_60.png,1,0.8269537687301636,0.9991717338562012,0.9985402822494507
Brain,9,phase1_hard,Ungood/img/00575_68.png,1,0.8227494955062866,0.9989105463027954,0.9973999857902527
Brain,9,phase1_hard,Ungood/img/00575_76.png,1,0.8221631050109863,0.9737260341644287,0.9597287178039551
Brain,9,phase1_hard,Ungood/img/00575_84.png,1,0.8239213228225708,0.9978291392326355,0.9940454959869385
Brain,9,phase1_hard,Ungood/img/00575_92.png,1,0.8188225030899048,0.9993877410888672,0.9979832172393799
Brain,9,phase1_hard,Ungood/img/00577_60.png,1,0.8135900497436523,0.9964779019355774,0.9941357374191284
Brain,9,phase1_hard,Ungood/img/00577_68.png,1,0.8243454098701477,0.9955315589904785,0.990067720413208
Brain,9,phase1_hard,Ungood/img/00577_76.png,1,0.8243140578269958,0.9949643611907959,0.9916016459465027
Brain,9,phase1_hard,Ungood/img/00577_84.png,1,0.8192143440246582,0.9786000847816467,0.9640092849731445
Brain,9,phase1_hard,Ungood/img/00577_92.png,1,0.8249589800834656,0.9964938759803772,0.9936250448226929
Brain,9,phase1_hard,Ungood/img/00579_60.png,1,0.8201175928115845,0.996334433555603,0.9840587973594666
Brain,9,phase1_hard,Ungood/img/00579_68.png,1,0.8276767134666443,0.9997215867042542,0.9990196228027344
Brain,9,phase1_hard,Ungood/img/00579_76.png,1,0.8295919299125671,0.9989789724349976,0.9971336126327515
Brain,9,phase1_hard,Ungood/img/00579_84.png,1,0.8318852782249451,0.9910229444503784,0.9835730791091919
Brain,9,phase1_hard,Ungood/img/00579_92.png,1,0.8304997682571411,0.9935111403465271,0.9813823699951172
Brain,9,phase1_hard,Ungood/img/00581_60.png,1,0.8247848749160767,0.9991406202316284,0.9978123903274536
Brain,9,phase1_hard,Ungood/img/00581_68.png,1,0.8222371935844421,0.9938082098960876,0.9902777671813965
Brain,9,phase1_hard,Ungood/img/00581_76.png,1,0.8174402117729187,0.9976224303245544,0.996465802192688
Brain,9,phase1_hard,Ungood/img/00581_84.png,1,0.8200807571411133,0.996577799320221,0.9948159456253052
Brain,9,phase1_hard,Ungood/img/00581_92.png,1,0.8190730810165405,0.9988734126091003,0.9977653622627258
Brain,9,phase1_hard,Ungood/img/00583_60.png,1,0.8268136382102966,0.9968580007553101,0.9943472743034363
Brain,9,phase1_hard,Ungood/img/00583_68.png,1,0.8277592062950134,0.9992290735244751,0.998371422290802
Brain,9,phase1_hard,Ungood/img/00583_76.png,1,0.8250235319137573,0.9984673857688904,0.9975959062576294
Brain,9,phase1_hard,Ungood/img/00583_84.png,1,0.8243544697761536,0.9966989159584045,0.9926695823669434
Brain,9,phase1_hard,Ungood/img/00583_92.png,1,0.824531614780426,0.9901294112205505,0.9690776467323303
Brain,9,phase1_hard,Ungood/img/00586_60.png,1,0.8246102929115295,0.992741584777832,0.9767666459083557
Brain,9,phase1_hard,Ungood/img/00586_68.png,1,0.819978654384613,0.9864158034324646,0.9735687971115112
Brain,9,phase1_hard,Ungood/img/00586_76.png,1,0.8166211843490601,0.9747840166091919,0.9594157338142395
Brain,9,phase1_hard,Ungood/img/00586_84.png,1,0.8218729496002197,0.9775471687316895,0.9368998408317566
Brain,9,phase1_hard,Ungood/img/00586_92.png,1,0.8212568163871765,0.9935298562049866,0.9851682186126709
Brain,9,phase1_hard,Ungood/img/00587_60.png,1,0.8209407925605774,0.9991926550865173,0.9983110427856445
Brain,9,phase1_hard,Ungood/img/00587_68.png,1,0.8231127858161926,0.999311089515686,0.9987199902534485
Brain,9,phase1_hard,Ungood/img/00587_76.png,1,0.8254628777503967,0.9995818734169006,0.9987350702285767
Brain,9,phase1_hard,Ungood/img/00587_84.png,1,0.8254178166389465,0.9992952346801758,0.9981172680854797
Brain,9,phase1_hard,Ungood/img/00587_92.png,1,0.8279378414154053,0.9992139339447021,0.997398853302002
Brain,9,phase1_hard,Ungood/img/00588_60.png,1,0.818020761013031,0.998544454574585,0.9955563545227051
Brain,9,phase1_hard,Ungood/img/00588_68.png,1,0.825511634349823,0.9943786263465881,0.9800595045089722
Brain,9,phase1_hard,Ungood/img/00588_76.png,1,0.8088949918746948,0.9955369234085083,0.9916872978210449
Brain,9,phase1_hard,Ungood/img/00588_84.png,1,0.817611813545227,0.8638807535171509,0.8244239687919617
Brain,9,phase1_hard,Ungood/img/00588_92.png,1,0.817709743976593,0.9800818562507629,0.9622247815132141
Brain,9,phase1_hard,Ungood/img/00590_60.png,1,0.8215444684028625,0.9989007711410522,0.9977081418037415
Brain,9,phase1_hard,Ungood/img/00590_68.png,1,0.8250365853309631,0.9993219375610352,0.9982638955116272
Brain,9,phase1_hard,Ungood/img/00590_76.png,1,0.8171637654304504,0.9979829788208008,0.9960433840751648
Brain,9,phase1_hard,Ungood/img/00590_84.png,1,0.8209688663482666,0.9946678876876831,0.9881117343902588
Brain,9,phase1_hard,Ungood/img/00590_92.png,1,0.8181483149528503,0.9893850684165955,0.9771484136581421
Brain,9,phase1_hard,Ungood/img/00591_60.png,1,0.8235415816307068,0.9944580793380737,0.9923560619354248
Brain,9,phase1_hard,Ungood/img/00591_68.png,1,0.8214913606643677,0.9962674975395203,0.995790958404541
Brain,9,phase1_hard,Ungood/img/00591_76.png,1,0.820326030254364,0.997352123260498,0.9953922629356384
Brain,9,phase1_hard,Ungood/img/00591_84.png,1,0.8264313340187073,0.9883584380149841,0.9835121631622314
Brain,9,phase1_hard,Ungood/img/00591_92.png,1,0.8214462399482727,0.9929373860359192,0.9889216423034668
Brain,9,phase1_hard,Ungood/img/00605_60.png,1,0.8195680975914001,0.9957118034362793,0.9848998785018921
Brain,9,phase1_hard,Ungood/img/00605_68.png,1,0.8229910731315613,0.9814329743385315,0.9590402245521545
Brain,9,phase1_hard,Ungood/img/00605_76.png,1,0.8188972473144531,0.651958703994751,0.44616276025772095
Brain,9,phase1_hard,Ungood/img/00605_84.png,1,0.8273453116416931,0.7957947254180908,0.6974900960922241
Brain,9,phase1_hard,Ungood/img/00605_92.png,1,0.8245939016342163,0.9986252784729004,0.9961479902267456
Brain,9,phase1_hard,Ungood/img/00606_60.png,1,0.8130150437355042,0.9833162426948547,0.9066986441612244
Brain,9,phase1_hard,Ungood/img/00606_68.png,1,0.8129322528839111,0.9969252943992615,0.9883298277854919
Brain,9,phase1_hard,Ungood/img/00606_76.png,1,0.8180505037307739,0.998650848865509,0.9946463704109192
Brain,9,phase1_hard,Ungood/img/00606_84.png,1,0.8167210221290588,0.9619742631912231,0.9026042819023132
Brain,9,phase1_hard,Ungood/img/00606_92.png,1,0.7924028635025024,0.00019040241022594273,4.65674493170809e-05
Brain,9,phase1_hard,Ungood/img/00607_60.png,1,0.8189499378204346,0.9937238097190857,0.9757842421531677
Brain,9,phase1_hard,Ungood/img/00607_68.png,1,0.8185556530952454,0.9641231298446655,0.9020377397537231
Brain,9,phase1_hard,Ungood/img/00607_76.png,1,0.8081250786781311,0.7980654239654541,0.6935627460479736
Brain,9,phase1_hard,Ungood/img/00607_84.png,1,0.810965359210968,0.7538605332374573,0.35514670610427856
Brain,9,phase1_hard,Ungood/img/00607_92.png,1,0.8077287673950195,0.21352387964725494,0.037354469299316406
Brain,9,phase1_hard,Ungood/img/00608_60.png,1,0.8223354816436768,0.9525438547134399,0.88690185546875
Brain,9,phase1_hard,Ungood/img/00608_68.png,1,0.8200153112411499,0.9983795881271362,0.991936206817627
Brain,9,phase1_hard,Ungood/img/00608_76.png,1,0.8103904724121094,0.32278144359588623,0.10832637548446655
Brain,9,phase1_hard,Ungood/img/00608_84.png,1,0.8050697445869446,0.7088835835456848,0.18908220529556274
Brain,9,phase1_hard,Ungood/img/00608_92.png,1,0.81777423620224,0.999300479888916,0.9977104067802429
Brain,9,phase1_hard,Ungood/img/00610_60.png,1,0.7846387624740601,0.10704796761274338,0.0274965800344944
Brain,9,phase1_hard,Ungood/img/00610_68.png,1,0.800779402256012,0.9334007501602173,0.6049007177352905
Brain,9,phase1_hard,Ungood/img/00610_76.png,1,0.8177581429481506,0.08688569813966751,0.02416352555155754
Brain,9,phase1_hard,Ungood/img/00610_84.png,1,0.818039059638977,0.009314309805631638,0.002071984810754657
Brain,9,phase1_hard,Ungood/img/00610_92.png,1,0.6860377788543701,7.970552542246878e-05,2.504132680769544e-05
Brain,9,phase1_hard,Ungood/img/00611_60.png,1,0.8241018056869507,0.985706627368927,0.9727472066879272
Brain,9,phase1_hard,Ungood/img/00611_68.png,1,0.822230875492096,0.9843820929527283,0.9144536256790161
Brain,9,phase1_hard,Ungood/img/00611_76.png,1,0.8241402506828308,0.8562129735946655,0.4759172201156616
Brain,9,phase1_hard,Ungood/img/00611_84.png,1,0.8076538443565369,0.43185192346572876,0.271340012550354
Brain,9,phase1_hard,Ungood/img/00611_92.png,1,0.5112591981887817,1.6946148662100313e-07,1.4028347550265607e-07
Brain,9,phase1_hard,Ungood/img/00616_60.png,1,0.8279711008071899,0.978003978729248,0.9598222970962524
Brain,9,phase1_hard,Ungood/img/00616_68.png,1,0.8266118764877319,0.9907490611076355,0.9812981486320496
Brain,9,phase1_hard,Ungood/img/00616_76.png,1,0.8288769721984863,0.9896029829978943,0.9806504249572754
Brain,9,phase1_hard,Ungood/img/00616_84.png,1,0.8186752796173096,0.291715145111084,0.13650348782539368
Brain,9,phase1_hard,Ungood/img/00616_92.png,1,0.8257281184196472,0.994496762752533,0.9824462532997131
Brain,9,phase1_hard,Ungood/img/00619_60.png,1,0.820959210395813,0.9974387884140015,0.9958359599113464
Brain,9,phase1_hard,Ungood/img/00619_68.png,1,0.8207778334617615,0.9944555163383484,0.990369439125061
Brain,9,phase1_hard,Ungood/img/00619_76.png,1,0.8161332607269287,0.9215535521507263,0.8908330202102661
Brain,9,phase1_hard,Ungood/img/00619_84.png,1,0.8134872913360596,0.7718803286552429,0.49374282360076904
Brain,9,phase1_hard,Ungood/img/00619_92.png,1,0.8153212666511536,0.08128690719604492,0.05169772729277611
Brain,9,phase1_hard,Ungood/img/00620_60.png,1,0.8202988505363464,0.996467113494873,0.9921181797981262
Brain,9,phase1_hard,Ungood/img/00620_68.png,1,0.8208208084106445,0.9981874823570251,0.9899175763130188
Brain,9,phase1_hard,Ungood/img/00620_76.png,1,0.8257250785827637,0.9966512322425842,0.9946804046630859
Brain,9,phase1_hard,Ungood/img/00620_84.png,1,0.8144975304603577,0.9835717678070068,0.9645506739616394
Brain,9,phase1_hard,Ungood/img/00620_92.png,1,0.8177215456962585,0.9964610934257507,0.9930511116981506
Brain,9,phase1_hard,Ungood/img/00623_60.png,1,0.8209735751152039,0.9800665378570557,0.943436861038208
Brain,9,phase1_hard,Ungood/img/00623_68.png,1,0.8248351216316223,0.9508604407310486,0.886765718460083
Brain,9,phase1_hard,Ungood/img/00623_76.png,1,0.822705090045929,0.9649901390075684,0.9369676113128662
Brain,9,phase1_hard,Ungood/img/00623_84.png,1,0.8156359791755676,0.9786143898963928,0.9168139100074768
Brain,9,phase1_hard,Ungood/img/00623_92.png,1,0.8179224729537964,0.9954664707183838,0.9849395155906677
Brain,9,phase1_hard,Ungood/img/00625_60.png,1,0.8094168901443481,0.7824030518531799,0.505132257938385
Brain,9,phase1_hard,Ungood/img/00625_68.png,1,0.8109158873558044,0.9380342960357666,0.7051118612289429
Brain,9,phase1_hard,Ungood/img/00625_76.png,1,0.811080813407898,0.7624449133872986,0.46420547366142273
Brain,9,phase1_hard,Ungood/img/00625_84.png,1,0.8186019659042358,0.9452361464500427,0.8952835202217102
Brain,9,phase1_hard,Ungood/img/00625_92.png,1,0.8145608901977539,0.8999409675598145,0.7350843548774719
Brain,9,phase1_hard,Ungood/img/00630_60.png,1,0.8065000176429749,0.9982936978340149,0.9957137107849121
Brain,9,phase1_hard,Ungood/img/00630_68.png,1,0.542655885219574,0.00021327275317162275,0.00010055946768261492
Brain,9,phase1_hard,Ungood/img/00630_76.png,1,0.8167828917503357,0.9921552538871765,0.9724216461181641
Brain,9,phase1_hard,Ungood/img/00630_84.png,1,0.8119913339614868,0.9561481475830078,0.9210375547409058
Brain,9,phase1_hard,Ungood/img/00630_92.png,1,0.8146512508392334,0.9422460198402405,0.8357282876968384
Brain,9,phase1_hard,Ungood/img/00638_60.png,1,0.8221260905265808,0.939582109451294,0.8945540189743042
Brain,9,phase1_hard,Ungood/img/00638_68.png,1,0.8241108655929565,0.9950213432312012,0.9863392114639282
Brain,9,phase1_hard,Ungood/img/00638_76.png,1,0.8193895816802979,0.962372899055481,0.9215217232704163
Brain,9,phase1_hard,Ungood/img/00638_84.png,1,0.8131075501441956,0.9707696437835693,0.9506608843803406
Brain,9,phase1_hard,Ungood/img/00638_92.png,1,0.8094489574432373,0.9721308946609497,0.9007981419563293
Brain,9,phase1_hard,Ungood/img/00640_60.png,1,0.8143659830093384,0.7906052470207214,0.584248960018158
Brain,9,phase1_hard,Ungood/img/00640_68.png,1,0.802581250667572,0.07827619463205338,0.01305676531046629
Brain,9,phase1_hard,Ungood/img/00640_76.png,1,0.819469690322876,0.9254868030548096,0.8321487903594971
Brain,9,phase1_hard,Ungood/img/00640_84.png,1,0.8133878707885742,0.997579038143158,0.9897099137306213
Brain,9,phase1_hard,Ungood/img/00640_92.png,1,0.8140153288841248,0.9934590458869934,0.973726212978363
Brain,9,phase1_hard,Ungood/img/00655_60.png,1,0.8215050101280212,0.9797233939170837,0.9520942568778992
Brain,9,phase1_hard,Ungood/img/00655_68.png,1,0.8220859169960022,0.9904060959815979,0.975916862487793
Brain,9,phase1_hard,Ungood/img/00655_76.png,1,0.8222236037254333,0.9797384738922119,0.9626544117927551
Brain,9,phase1_hard,Ungood/img/00655_84.png,1,0.8209459781646729,0.9741905927658081,0.9226250648498535
Brain,9,phase1_hard,Ungood/img/00655_92.png,1,0.8068794012069702,0.017921270802617073,0.0033250341657549143
Brain,9,phase1_hard,Ungood/img/00657_60.png,1,0.8180868625640869,0.9950224161148071,0.9911665320396423
Brain,9,phase1_hard,Ungood/img/00657_68.png,1,0.8173983097076416,0.9920166730880737,0.9753164052963257
Brain,9,phase1_hard,Ungood/img/00657_76.png,1,0.8240948915481567,0.973026692867279,0.9617504477500916
Brain,9,phase1_hard,Ungood/img/00657_84.png,1,0.8243159055709839,0.9726937413215637,0.9547954201698303
Brain,9,phase1_hard,Ungood/img/00657_92.png,1,0.8238523602485657,0.9212036728858948,0.8505753874778748
Brain,9,phase1_hard,Ungood/img/00661_60.png,1,0.823552131652832,0.9889918565750122,0.9813192486763
Brain,9,phase1_hard,Ungood/img/00661_68.png,1,0.818877100944519,0.9096909761428833,0.8383700251579285
Brain,9,phase1_hard,Ungood/img/00661_76.png,1,0.8215620517730713,0.9752134680747986,0.9363408088684082
Brain,9,phase1_hard,Ungood/img/00661_84.png,1,0.8234021663665771,0.9771670699119568,0.9591643810272217
Brain,9,phase1_hard,Ungood/img/00661_92.png,1,0.8147416710853577,0.7077150940895081,0.6014230847358704
Brain,9,phase1_hard,Ungood/img/00663_60.png,1,0.8214110136032104,0.9911579489707947,0.9804357290267944
Brain,9,phase1_hard,Ungood/img/00663_68.png,1,0.8177005052566528,0.9540179371833801,0.9031355977058411
Brain,9,phase1_hard,Ungood/img/00663_76.png,1,0.8168507814407349,0.9526496529579163,0.9349416494369507
Brain,9,phase1_hard,Ungood/img/00663_84.png,1,0.8195231556892395,0.9626443386077881,0.8574089407920837
Brain,9,phase1_hard,Ungood/img/00663_92.png,1,0.8203945159912109,0.846153974533081,0.7284882664680481
Brain,9,phase1_hard,Ungood/img/00667_60.png,1,0.809307873249054,0.9862374067306519,0.9801660180091858
Brain,9,phase1_hard,Ungood/img/00667_68.png,1,0.8044266104698181,0.9188191294670105,0.8162137866020203
Brain,9,phase1_hard,Ungood/img/00667_76.png,1,0.8123977780342102,0.9504891037940979,0.8668432831764221
Brain,9,phase1_hard,Ungood/img/00667_84.png,1,0.8108333945274353,0.9888129830360413,0.9582899808883667
Brain,9,phase1_hard,Ungood/img/00667_92.png,1,0.8128499388694763,0.9506320357322693,0.8439360857009888
Brain,9,phase1_hard,Ungood/img/00668_60.png,1,0.8180305361747742,0.9965960383415222,0.9782071113586426
Brain,9,phase1_hard,Ungood/img/00668_68.png,1,0.8132118582725525,0.9981386661529541,0.9894090890884399
Brain,9,phase1_hard,Ungood/img/00668_76.png,1,0.805254340171814,0.6660009026527405,0.4629257321357727
Brain,9,phase1_hard,Ungood/img/00668_84.png,1,0.8177645206451416,0.9789071679115295,0.9212309718132019
Brain,9,phase1_hard,Ungood/img/00668_92.png,1,0.8116402626037598,0.14995785057544708,0.06162388622760773
Brain,9,phase1_hard,Ungood/img/00677_60.png,1,0.8257436752319336,0.9955396056175232,0.9905978441238403
Brain,9,phase1_hard,Ungood/img/00677_68.png,1,0.8267515897750854,0.9806539416313171,0.9684769511222839
Brain,9,phase1_hard,Ungood/img/00677_76.png,1,0.8245359659194946,0.9965559244155884,0.9948679804801941
Brain,9,phase1_hard,Ungood/img/00677_84.png,1,0.8277904987335205,0.9986045956611633,0.9975466132164001
Brain,9,phase1_hard,Ungood/img/00677_92.png,1,0.8205557465553284,0.9855045676231384,0.9767784476280212
Brain,9,phase1_hard,Ungood/img/00679_60.png,1,0.8078028559684753,0.999077320098877,0.9983599781990051
Brain,9,phase1_hard,Ungood/img/00679_68.png,1,0.8183441162109375,0.9995519518852234,0.998949408531189
Brain,9,phase1_hard,Ungood/img/00679_76.png,1,0.8075881600379944,0.9950823783874512,0.9833369851112366
Brain,9,phase1_hard,Ungood/img/00679_84.png,1,0.8103954195976257,0.9973594546318054,0.9941108226776123
Brain,9,phase1_hard,Ungood/img/00679_92.png,1,0.8187776803970337,0.9945188164710999,0.9785669445991516
Brain,9,phase1_hard,Ungood/img/00680_60.png,1,0.8090329170227051,0.07527816295623779,0.03230288624763489
Brain,9,phase1_hard,Ungood/img/00680_68.png,1,0.8151590824127197,0.9825661182403564,0.9752390384674072
Brain,9,phase1_hard,Ungood/img/00680_76.png,1,0.8131996989250183,0.9696208834648132,0.9334484934806824
Brain,9,phase1_hard,Ungood/img/00680_84.png,1,0.8101236820220947,0.80733323097229,0.5608193874359131
Brain,9,phase1_hard,Ungood/img/00680_92.png,1,0.8047390580177307,0.9741835594177246,0.9339457750320435
Brain,9,phase1_hard,Ungood/img/00683_60.png,1,0.8183512687683105,0.9926983714103699,0.9860712289810181
Brain,9,phase1_hard,Ungood/img/00683_68.png,1,0.8196432590484619,0.9434253573417664,0.9151008129119873
Brain,9,phase1_hard,Ungood/img/00683_76.png,1,0.8202418088912964,0.9281169772148132,0.8665276765823364
Brain,9,phase1_hard,Ungood/img/00683_84.png,1,0.8202422261238098,0.944361686706543,0.8821001052856445
Brain,9,phase1_hard,Ungood/img/00683_92.png,1,0.8184627294540405,0.9685124754905701,0.7827240228652954
Brain,9,phase1_hard,Ungood/img/00685_60.png,1,0.8220264315605164,0.9767745137214661,0.9642833471298218
Brain,9,phase1_hard,Ungood/img/00685_68.png,1,0.8161712288856506,0.9747093319892883,0.9396181106567383
Brain,9,phase1_hard,Ungood/img/00685_76.png,1,0.8167004585266113,0.9642858505249023,0.9223029017448425
Brain,9,phase1_hard,Ungood/img/00685_84.png,1,0.8153300285339355,0.987753689289093,0.9658237099647522
Brain,9,phase1_hard,Ungood/img/00685_92.png,1,0.8197675943374634,0.7241491079330444,0.44731783866882324
Brain,9,phase1_hard,Ungood/img/00686_60.png,1,0.8285010457038879,0.9909672141075134,0.9804760217666626
Brain,9,phase1_hard,Ungood/img/00686_68.png,1,0.8255452513694763,0.9992706179618835,0.9988714456558228
Brain,9,phase1_hard,Ungood/img/00686_76.png,1,0.8257031440734863,0.99837327003479,0.9970737099647522
Brain,9,phase1_hard,Ungood/img/00686_84.png,1,0.8214701414108276,0.9991683959960938,0.998392641544342
Brain,9,phase1_hard,Ungood/img/00686_92.png,1,0.8220760822296143,0.9931161999702454,0.9907498359680176
Brain,9,phase1_hard,Ungood/img/00689_60.png,1,0.8174344301223755,0.9915788173675537,0.9842374920845032
Brain,9,phase1_hard,Ungood/img/00689_68.png,1,0.8256478905677795,0.9647214412689209,0.944532036781311
Brain,9,phase1_hard,Ungood/img/00689_76.png,1,0.8188877701759338,0.9192821979522705,0.7635253667831421
Brain,9,phase1_hard,Ungood/img/00689_84.png,1,0.8149360418319702,0.9871165156364441,0.972926676273346
Brain,9,phase1_hard,Ungood/img/00689_92.png,1,0.816563606262207,0.9909329414367676,0.9554323554039001
Brain,9,phase1_hard,Ungood/img/00691_60.png,1,0.8124384880065918,0.9943102598190308,0.9873312711715698
Brain,9,phase1_hard,Ungood/img/00691_68.png,1,0.8219283223152161,0.9986405968666077,0.9894628524780273
Brain,9,phase1_hard,Ungood/img/00691_76.png,1,0.8187388777732849,0.9953201413154602,0.9866426587104797
Brain,9,phase1_hard,Ungood/img/00691_84.png,1,0.8079276084899902,0.9851228594779968,0.922407865524292
Brain,9,phase1_hard,Ungood/img/00691_92.png,1,0.8077231049537659,0.985994815826416,0.7566531300544739
Brain,9,phase1_hard,Ungood/img/00693_60.png,1,0.8281067609786987,0.9543002247810364,0.9408270120620728
Brain,9,phase1_hard,Ungood/img/00693_68.png,1,0.8235083222389221,0.9973588585853577,0.9952058792114258
Brain,9,phase1_hard,Ungood/img/00693_76.png,1,0.8125025629997253,0.8696168661117554,0.8040022253990173
Brain,9,phase1_hard,Ungood/img/00693_84.png,1,0.817689061164856,0.9766253232955933,0.9681225419044495
Brain,9,phase1_hard,Ungood/img/00693_92.png,1,0.820199191570282,0.9769896268844604,0.9565166234970093
Brain,9,phase1_hard,Ungood/img/00697_60.png,1,0.8222551941871643,0.9970032572746277,0.9952746629714966
Brain,9,phase1_hard,Ungood/img/00697_68.png,1,0.8234444260597229,0.9917718768119812,0.9849319458007812
Brain,9,phase1_hard,Ungood/img/00697_76.png,1,0.8153352737426758,0.36920374631881714,0.1656096875667572
Brain,9,phase1_hard,Ungood/img/00697_84.png,1,0.8009093999862671,0.989801824092865,0.9750823974609375
Brain,9,phase1_hard,Ungood/img/00697_92.png,1,0.8215135335922241,0.9809423685073853,0.9527738094329834
Brain,9,phase1_hard,Ungood/img/00698_60.png,1,0.8169064521789551,0.9532524347305298,0.9129768013954163
Brain,9,phase1_hard,Ungood/img/00698_68.png,1,0.8172593116760254,0.986573338508606,0.9658479690551758
Brain,9,phase1_hard,Ungood/img/00698_76.png,1,0.8131436705589294,0.906884491443634,0.8050635457038879
Brain,9,phase1_hard,Ungood/img/00698_84.png,1,0.8191230297088623,0.31215938925743103,0.2169986069202423
Brain,9,phase1_hard,Ungood/img/00698_92.png,1,0.8228090405464172,0.9716061949729919,0.9480120539665222
Brain,9,phase1_hard,Ungood/img/00703_60.png,1,0.8120912909507751,0.4727464020252228,0.26958656311035156
Brain,9,phase1_hard,Ungood/img/00703_68.png,1,0.8134502172470093,0.9828031063079834,0.9512367248535156
Brain,9,phase1_hard,Ungood/img/00703_76.png,1,0.8218509554862976,0.9697708487510681,0.9114567041397095
Brain,9,phase1_hard,Ungood/img/00703_84.png,1,0.8241300582885742,0.6557109355926514,0.23358063399791718
Brain,9,phase1_hard,Ungood/img/00703_92.png,1,0.8236144781112671,0.9325825572013855,0.6261999607086182
Brain,9,phase1_hard,Ungood/img/00706_60.png,1,0.8210577368736267,0.9980809688568115,0.9950498938560486
Brain,9,phase1_hard,Ungood/img/00706_68.png,1,0.8157504200935364,0.997929573059082,0.9966098666191101
Brain,9,phase1_hard,Ungood/img/00706_76.png,1,0.8250991106033325,0.99605393409729,0.9825481176376343
Brain,9,phase1_hard,Ungood/img/00706_84.png,1,0.8288766741752625,0.9986429810523987,0.9893622398376465
Brain,9,phase1_hard,Ungood/img/00706_92.png,1,0.8215304613113403,0.9937999844551086,0.9817383289337158
Brain,9,phase1_hard,Ungood/img/00707_60.png,1,0.8227795958518982,0.9989354014396667,0.9973391890525818
Brain,9,phase1_hard,Ungood/img/00707_68.png,1,0.8213724493980408,0.972498893737793,0.8410807251930237
Brain,9,phase1_hard,Ungood/img/00707_76.png,1,0.8180803060531616,0.95201575756073,0.7787682414054871
Brain,9,phase1_hard,Ungood/img/00707_84.png,1,0.8194316029548645,0.9168885946273804,0.6497303247451782
Brain,9,phase1_hard,Ungood/img/00707_92.png,1,0.8224258422851562,0.6164591312408447,0.24798133969306946
Brain,9,phase1_hard,Ungood/img/00709_60.png,1,0.812269389629364,0.9152312874794006,0.8652244806289673
Brain,9,phase1_hard,Ungood/img/00709_68.png,1,0.8067384958267212,0.556705892086029,0.2626582384109497
Brain,9,phase1_hard,Ungood/img/00709_76.png,1,0.8164073824882507,0.981931209564209,0.9360755681991577
Brain,9,phase1_hard,Ungood/img/00709_84.png,1,0.8170527815818787,0.44351375102996826,0.24436548352241516
Brain,9,phase1_hard,Ungood/img/00709_92.png,1,0.8172531127929688,0.9606322646141052,0.7753927111625671
Brain,9,phase1_hard,Ungood/img/00714_60.png,1,0.8260558843612671,0.9936712980270386,0.991967499256134
Brain,9,phase1_hard,Ungood/img/00714_68.png,1,0.8259950280189514,0.9911994338035583,0.9728887677192688
Brain,9,phase1_hard,Ungood/img/00714_76.png,1,0.8220491409301758,0.9892497062683105,0.9830096960067749
Brain,9,phase1_hard,Ungood/img/00714_84.png,1,0.8263506889343262,0.9925071597099304,0.9867052435874939
Brain,9,phase1_hard,Ungood/img/00714_92.png,1,0.82673579454422,0.9740332365036011,0.9662607312202454
Brain,9,phase1_hard,Ungood/img/00716_60.png,1,0.7813119292259216,0.007844354957342148,0.0034317225217819214
Brain,9,phase1_hard,Ungood/img/00716_68.png,1,0.8206820487976074,0.9047765731811523,0.43022421002388
Brain,9,phase1_hard,Ungood/img/00716_76.png,1,0.8059717416763306,0.9976771473884583,0.9779412150382996
Brain,9,phase1_hard,Ungood/img/00716_84.png,1,0.8090287446975708,0.9821839332580566,0.6749040484428406
Brain,9,phase1_hard,Ungood/img/00716_92.png,1,0.8104199767112732,0.4222002625465393,0.10326293110847473
Brain,9,phase1_hard,Ungood/img/00718_60.png,1,0.8245893120765686,0.9904882907867432,0.9813253283500671
Brain,9,phase1_hard,Ungood/img/00718_68.png,1,0.8258361220359802,0.9961574673652649,0.9943956136703491
Brain,9,phase1_hard,Ungood/img/00718_76.png,1,0.8176214694976807,0.9549254179000854,0.9322338700294495
Brain,9,phase1_hard,Ungood/img/00718_84.png,1,0.8125934600830078,0.9711706638336182,0.9323512315750122
Brain,9,phase1_hard,Ungood/img/00718_92.png,1,0.8203714489936829,0.8522865176200867,0.7541959881782532
Brain,9,phase1_hard,Ungood/img/00724_60.png,1,0.7878159284591675,0.7250462174415588,0.44253990054130554
Brain,9,phase1_hard,Ungood/img/00724_68.png,1,0.8144945502281189,0.9924613833427429,0.9367741346359253
Brain,9,phase1_hard,Ungood/img/00724_76.png,1,0.8094810247421265,0.996505618095398,0.9888250231742859
Brain,9,phase1_hard,Ungood/img/00724_84.png,1,0.8237884640693665,0.9946343898773193,0.9772305488586426
Brain,9,phase1_hard,Ungood/img/00724_92.png,1,0.8201907873153687,0.9918210506439209,0.9864593148231506
Brain,9,phase1_hard,Ungood/img/00725_60.png,1,0.8102533221244812,0.9840590953826904,0.9313551783561707
Brain,9,phase1_hard,Ungood/img/00725_68.png,1,0.8019927740097046,0.9889122247695923,0.9691499471664429
Brain,9,phase1_hard,Ungood/img/00725_76.png,1,0.8100051879882812,0.3098605275154114,0.0759139284491539
Brain,9,phase1_hard,Ungood/img/00725_84.png,1,0.8003202080726624,0.3951229155063629,0.09132590144872665
Brain,9,phase1_hard,Ungood/img/00725_92.png,1,0.5648165345191956,1.2704394691809284e-07,1.0015182994038696e-07
Brain,9,phase1_hard,Ungood/img/00727_60.png,1,0.8138545751571655,0.9661442041397095,0.9417617321014404
Brain,9,phase1_hard,Ungood/img/00727_68.png,1,0.8207957148551941,0.8601441383361816,0.6562142372131348
Brain,9,phase1_hard,Ungood/img/00727_76.png,1,0.8169417381286621,0.9496567845344543,0.9176122546195984
Brain,9,phase1_hard,Ungood/img/00727_84.png,1,0.8167300820350647,0.9928585290908813,0.9778376817703247
Brain,9,phase1_hard,Ungood/img/00727_92.png,1,0.820595920085907,0.9888114929199219,0.9747916460037231
Brain,9,phase1_hard,Ungood/img/00733_60.png,1,0.8167905211448669,0.9466409683227539,0.5292590260505676
Brain,9,phase1_hard,Ungood/img/00733_68.png,1,0.8112104535102844,0.9953644275665283,0.9764100313186646
Brain,9,phase1_hard,Ungood/img/00733_76.png,1,0.8189902901649475,0.9940098524093628,0.9858658909797668
Brain,9,phase1_hard,Ungood/img/00733_84.png,1,0.8253984451293945,0.9971211552619934,0.9891241788864136
Brain,9,phase1_hard,Ungood/img/00733_92.png,1,0.8173462748527527,0.9898001551628113,0.9525855183601379
Brain,9,phase1_hard,Ungood/img/00734_60.png,1,0.8239127993583679,0.9886243343353271,0.9490772485733032
Brain,9,phase1_hard,Ungood/img/00734_68.png,1,0.8203079104423523,0.1927032619714737,0.05601167306303978
Brain,9,phase1_hard,Ungood/img/00734_76.png,1,0.8214665651321411,0.6039136648178101,0.19208234548568726
Brain,9,phase1_hard,Ungood/img/00734_84.png,1,0.8124142289161682,0.8177369236946106,0.6176058650016785
Brain,9,phase1_hard,Ungood/img/00734_92.png,1,0.8114745616912842,0.46180984377861023,0.2797981798648834
Brain,9,phase1_hard,Ungood/img/00739_60.png,1,0.8285881280899048,0.9926965236663818,0.988125741481781
Brain,9,phase1_hard,Ungood/img/00739_68.png,1,0.8299371600151062,0.9823964834213257,0.9694552421569824
Brain,9,phase1_hard,Ungood/img/00739_76.png,1,0.8234411478042603,0.6244633197784424,0.36080366373062134
Brain,9,phase1_hard,Ungood/img/00739_84.png,1,0.8262988924980164,0.9762177467346191,0.8384069204330444
Brain,9,phase1_hard,Ungood/img/00739_92.png,1,0.8281500935554504,0.9902977347373962,0.9272401928901672
Brain,9,phase1_hard,Ungood/img/00740_60.png,1,0.8002889752388,0.8738422989845276,0.7045012712478638
Brain,9,phase1_hard,Ungood/img/00740_68.png,1,0.8161393404006958,0.9425188302993774,0.8453103303909302
Brain,9,phase1_hard,Ungood/img/00740_76.png,1,0.8207347393035889,0.6318106651306152,0.4906577169895172
Brain,9,phase1_hard,Ungood/img/00740_84.png,1,0.8270670175552368,0.9295570254325867,0.7702392935752869
Brain,9,phase1_hard,Ungood/img/00740_92.png,1,0.8242970108985901,0.9926014542579651,0.9268454909324646
Brain,9,phase1_hard,Ungood/img/00742_60.png,1,0.8163679242134094,0.9961663484573364,0.9890884757041931
Brain,9,phase1_hard,Ungood/img/00742_68.png,1,0.8176887631416321,0.9803265333175659,0.953270435333252
Brain,9,phase1_hard,Ungood/img/00742_76.png,1,0.8242543339729309,0.969149112701416,0.9415603280067444
Brain,9,phase1_hard,Ungood/img/00742_84.png,1,0.8162481188774109,0.7916350960731506,0.5987656116485596
Brain,9,phase1_hard,Ungood/img/00742_92.png,1,0.8166982531547546,0.23548947274684906,0.15863721072673798
Brain,9,phase1_hard,Ungood/img/00757_60.png,1,0.8233380913734436,0.9879932403564453,0.9712150692939758
Brain,9,phase1_hard,Ungood/img/00757_68.png,1,0.8137200474739075,0.8875855207443237,0.7314116358757019
Brain,9,phase1_hard,Ungood/img/00757_76.png,1,0.8120301961898804,0.8599116206169128,0.5495057702064514
Brain,9,phase1_hard,Ungood/img/00757_84.png,1,0.8129374384880066,0.8269593119621277,0.5988532304763794
Brain,9,phase1_hard,Ungood/img/00757_92.png,1,0.8009777665138245,0.002471521496772766,0.0011785207316279411
Brain,9,phase1_hard,Ungood/img/00759_60.png,1,0.8175420761108398,0.9959158301353455,0.9885473847389221
Brain,9,phase1_hard,Ungood/img/00759_68.png,1,0.8258727788925171,0.9980545043945312,0.9949445724487305
Brain,9,phase1_hard,Ungood/img/00759_76.png,1,0.8175670504570007,0.9984758496284485,0.9960311651229858
Brain,9,phase1_hard,Ungood/img/00759_84.png,1,0.8229466676712036,0.9632379412651062,0.9158853888511658
Brain,9,phase1_hard,Ungood/img/00759_92.png,1,0.8274700045585632,0.9900320768356323,0.9606860876083374
Brain,9,phase1_hard,Ungood/img/00760_60.png,1,0.8171991109848022,0.9908343553543091,0.9639532566070557
Brain,9,phase1_hard,Ungood/img/00760_68.png,1,0.820119321346283,0.9691146612167358,0.9058609008789062
Brain,9,phase1_hard,Ungood/img/00760_76.png,1,0.8149197101593018,0.9265701174736023,0.7778551578521729
Brain,9,phase1_hard,Ungood/img/00760_84.png,1,0.8220468759536743,0.9930220246315002,0.9860205054283142
Brain,9,phase1_hard,Ungood/img/00760_92.png,1,0.8246321678161621,0.9901139736175537,0.954586923122406
Brain,9,phase1_hard,Ungood/img/00764_60.png,1,0.8212433457374573,0.9935815334320068,0.9856508374214172
Brain,9,phase1_hard,Ungood/img/00764_68.png,1,0.8224756121635437,0.9918345212936401,0.9786618947982788
Brain,9,phase1_hard,Ungood/img/00764_76.png,1,0.8110717535018921,0.9765101671218872,0.8417583107948303
Brain,9,phase1_hard,Ungood/img/00764_84.png,1,0.8180548548698425,0.1835862249135971,0.03865763172507286
Brain,9,phase1_hard,Ungood/img/00764_92.png,1,0.8176034092903137,0.8438534736633301,0.5406297445297241
Brain,9,phase1_hard,Ungood/img/00765_60.png,1,0.8194916844367981,0.9580053091049194,0.9258813858032227
Brain,9,phase1_hard,Ungood/img/00765_68.png,1,0.8201424479484558,0.9574636220932007,0.9320021867752075
Brain,9,phase1_hard,Ungood/img/00765_76.png,1,0.8201027512550354,0.6430832147598267,0.5827807784080505
Brain,9,phase1_hard,Ungood/img/00765_84.png,1,0.8124160766601562,0.9934647679328918,0.9881116151809692
Brain,9,phase1_hard,Ungood/img/00765_92.png,1,0.811590313911438,0.30729272961616516,0.16957589983940125
Brain,9,phase1_hard,Ungood/img/00773_60.png,1,0.8200058937072754,0.9987674951553345,0.9971230626106262
Brain,9,phase1_hard,Ungood/img/00773_68.png,1,0.8182710409164429,0.8866361379623413,0.6735590696334839
Brain,9,phase1_hard,Ungood/img/00773_76.png,1,0.8045470118522644,0.9084243774414062,0.7956463098526001
Brain,9,phase1_hard,Ungood/img/00773_84.png,1,0.811466634273529,0.7881742715835571,0.372947633266449
Brain,9,phase1_hard,Ungood/img/00773_92.png,1,0.8204268217086792,0.9916867613792419,0.9733684659004211
Brain,9,phase1_hard,Ungood/img/00774_60.png,1,0.8076592087745667,0.9899289011955261,0.9830365180969238
Brain,9,phase1_hard,Ungood/img/00774_68.png,1,0.816490888595581,0.9904085397720337,0.9848649501800537
Brain,9,phase1_hard,Ungood/img/00774_76.png,1,0.8271853923797607,0.9960917830467224,0.9911891222000122
Brain,9,phase1_hard,Ungood/img/00774_84.png,1,0.8254674077033997,0.9930818676948547,0.9847448468208313
Brain,9,phase1_hard,Ungood/img/00774_92.png,1,0.8174369931221008,0.9426862001419067,0.8676276803016663
Brain,9,phase1_hard,Ungood/img/00781_60.png,1,0.824707567691803,0.9954711198806763,0.994420051574707
Brain,9,phase1_hard,Ungood/img/00781_68.png,1,0.8231127858161926,0.9872995018959045,0.9719536900520325
Brain,9,phase1_hard,Ungood/img/00781_76.png,1,0.8184312582015991,0.9936709403991699,0.9866499304771423
Brain,9,phase1_hard,Ungood/img/00781_84.png,1,0.8134598731994629,0.9156419634819031,0.7495856881141663
Brain,9,phase1_hard,Ungood/img/00781_92.png,1,0.8090028762817383,0.9182595610618591,0.7798299193382263
Brain,9,phase1_hard,Ungood/img/00787_60.png,1,0.823913037776947,0.9999358654022217,0.9995445013046265
Brain,9,phase1_hard,Ungood/img/00787_68.png,1,0.8258084654808044,0.9997074007987976,0.9981284141540527
Brain,9,phase1_hard,Ungood/img/00787_76.png,1,0.8273700475692749,0.9998056292533875,0.9986727833747864
Brain,9,phase1_hard,Ungood/img/00787_84.png,1,0.8273207545280457,0.9996289014816284,0.9987421631813049
Brain,9,phase1_hard,Ungood/img/00787_92.png,1,0.8244810104370117,0.9994770884513855,0.9986299276351929
Brain,9,phase1_hard,Ungood/img/00789_60.png,1,0.8244827389717102,0.9970257878303528,0.9930235147476196
Brain,9,phase1_hard,Ungood/img/00789_68.png,1,0.8236040472984314,0.9991546869277954,0.9972731471061707
Brain,9,phase1_hard,Ungood/img/00789_76.png,1,0.827185332775116,0.9993070363998413,0.9982346296310425
Brain,9,phase1_hard,Ungood/img/00789_84.png,1,0.8265085220336914,0.9998656511306763,0.9996076226234436
Brain,9,phase1_hard,Ungood/img/00789_92.png,1,0.8283846974372864,0.9994033575057983,0.9987419247627258
Brain,9,phase1_hard,Ungood/img/00791_60.png,1,0.8269208073616028,0.9867379665374756,0.943972647190094
Brain,9,phase1_hard,Ungood/img/00791_68.png,1,0.827742874622345,0.9951539039611816,0.9842679500579834
Brain,9,phase1_hard,Ungood/img/00791_76.png,1,0.819648802280426,0.9942254424095154,0.9638838171958923
Brain,9,phase1_hard,Ungood/img/00791_84.png,1,0.8182470202445984,0.9957349300384521,0.9452791213989258
Brain,9,phase1_hard,Ungood/img/00791_92.png,1,0.8170844912528992,0.9940986633300781,0.9574294090270996
Brain,9,phase1_hard,Ungood/img/00792_60.png,1,0.8232740759849548,0.9984682202339172,0.9973706603050232
Brain,9,phase1_hard,Ungood/img/00792_68.png,1,0.8248570561408997,0.9949416518211365,0.9907878041267395
Brain,9,phase1_hard,Ungood/img/00792_76.png,1,0.8175657391548157,0.9602774977684021,0.9283640384674072
Brain,9,phase1_hard,Ungood/img/00792_84.png,1,0.8186914324760437,0.8580281138420105,0.7326231002807617
Brain,9,phase1_hard,Ungood/img/00792_92.png,1,0.8197727799415588,0.992183268070221,0.9856194257736206
Brain,9,phase1_hard,Ungood/img/00797_60.png,1,0.8257620930671692,0.9990696310997009,0.9970164895057678
Brain,9,phase1_hard,Ungood/img/00797_68.png,1,0.8210316300392151,0.9996374845504761,0.999357283115387
Brain,9,phase1_hard,Ungood/img/00797_76.png,1,0.8222947120666504,0.9996135830879211,0.9987059831619263
Brain,9,phase1_hard,Ungood/img/00797_84.png,1,0.8212462067604065,0.9976035952568054,0.9964149594306946
Brain,9,phase1_hard,Ungood/img/00797_92.png,1,0.8229193687438965,0.9978207349777222,0.9970008134841919
Brain,9,phase1_hard,Ungood/img/00801_60.png,1,0.8294903635978699,0.9980461597442627,0.9930387139320374
Brain,9,phase1_hard,Ungood/img/00801_68.png,1,0.8271270394325256,0.999135434627533,0.9950404167175293
Brain,9,phase1_hard,Ungood/img/00801_76.png,1,0.822144627571106,0.9968010187149048,0.9848161935806274
Brain,9,phase1_hard,Ungood/img/00801_84.png,1,0.8254499435424805,0.9934553503990173,0.9853515028953552
Brain,9,phase1_hard,Ungood/img/00801_92.png,1,0.8246994018554688,0.9946611523628235,0.9667315483093262
Brain,9,phase1_hard,Ungood/img/00804_60.png,1,0.8281822800636292,0.9992051720619202,0.9985513687133789
Brain,9,phase1_hard,Ungood/img/00804_68.png,1,0.825976550579071,0.9992650151252747,0.9987646341323853
Brain,9,phase1_hard,Ungood/img/00804_76.png,1,0.8202685713768005,0.9963194131851196,0.9948294758796692
Brain,9,phase1_hard,Ungood/img/00804_84.png,1,0.8190068602561951,0.9930061101913452,0.9885585308074951
Brain,9,phase1_hard,Ungood/img/00804_92.png,1,0.8201081156730652,0.9987404942512512,0.9978445768356323
Brain,9,phase1_hard,Ungood/img/00807_60.png,1,0.8310667276382446,0.9984795451164246,0.9969103336334229
Brain,9,phase1_hard,Ungood/img/00807_68.png,1,0.8299641013145447,0.9464651942253113,0.7240936160087585
Brain,9,phase1_hard,Ungood/img/00807_76.png,1,0.8263814449310303,0.9145613312721252,0.8614556789398193
Brain,9,phase1_hard,Ungood/img/00807_84.png,1,0.8258531093597412,0.4843257963657379,0.26600608229637146
Brain,9,phase1_hard,Ungood/img/00807_92.png,1,0.8240180015563965,0.8216502070426941,0.6562500596046448
Brain,9,phase1_hard,Ungood/img/00808_60.png,1,0.8295502662658691,0.9994441866874695,0.9984577298164368
Brain,9,phase1_hard,Ungood/img/00808_68.png,1,0.8259908556938171,0.9971676468849182,0.9840661287307739
Brain,9,phase1_hard,Ungood/img/00808_76.png,1,0.8237865567207336,0.998889148235321,0.9965966939926147
Brain,9,phase1_hard,Ungood/img/00808_84.png,1,0.8179870247840881,0.9924454092979431,0.9846478700637817
Brain,9,phase1_hard,Ungood/img/00808_92.png,1,0.8163703680038452,0.9931592345237732,0.9858300089836121
Brain,9,phase1_hard,Ungood/img/00810_60.png,1,0.8222150802612305,0.9968947172164917,0.9891324043273926
Brain,9,phase1_hard,Ungood/img/00810_68.png,1,0.828682005405426,0.9989823698997498,0.9966502785682678
Brain,9,phase1_hard,Ungood/img/00810_76.png,1,0.8250046968460083,0.9988227486610413,0.9971076250076294
Brain,9,phase1_hard,Ungood/img/00810_84.png,1,0.8221873044967651,0.9989833235740662,0.9979076385498047
Brain,9,phase1_hard,Ungood/img/00810_92.png,1,0.8227771520614624,0.9990635514259338,0.9968489408493042
Brain,9,phase1_hard,Ungood/img/00814_60.png,1,0.8239027857780457,0.9945149421691895,0.9844099283218384
Brain,9,phase1_hard,Ungood/img/00814_68.png,1,0.8230579495429993,0.9121146202087402,0.8075647354125977
Brain,9,phase1_hard,Ungood/img/00814_76.png,1,0.8208596110343933,0.9980238676071167,0.9929544925689697
Brain,9,phase1_hard,Ungood/img/00814_84.png,1,0.8210381269454956,0.9991652965545654,0.9955747127532959
Brain,9,phase1_hard,Ungood/img/00814_92.png,1,0.8269913196563721,0.9984772801399231,0.9950137734413147
Brain,9,phase1_hard,Ungood/img/00816_60.png,1,0.8256446123123169,0.9986372590065002,0.9956778883934021
Brain,9,phase1_hard,Ungood/img/00816_68.png,1,0.8266990780830383,0.9922811388969421,0.982350766658783
Brain,9,phase1_hard,Ungood/img/00816_76.png,1,0.8277583122253418,0.9994111061096191,0.9985750913619995
Brain,9,phase1_hard,Ungood/img/00816_84.png,1,0.8251567482948303,0.9983900785446167,0.996903121471405
Brain,9,phase1_hard,Ungood/img/00816_92.png,1,0.8296400308609009,0.9987142086029053,0.9974864721298218
Brain,9,phase1_hard,Ungood/img/00818_60.png,1,0.8200536966323853,0.9586063623428345,0.9183997511863708
Brain,9,phase1_hard,Ungood/img/00818_68.png,1,0.8203733563423157,0.9738682508468628,0.9427752494812012
Brain,9,phase1_hard,Ungood/img/00818_76.png,1,0.8192459344863892,0.9925178289413452,0.9701701998710632
Brain,9,phase1_hard,Ungood/img/00818_84.png,1,0.8217610120773315,0.9395892024040222,0.7544153928756714
Brain,9,phase1_hard,Ungood/img/00818_92.png,1,0.8177847862243652,0.9358953833580017,0.5764508247375488
Brain,9,phase1_hard,Ungood/img/00819_60.png,1,0.8295431137084961,0.9964219331741333,0.9865275025367737
Brain,9,phase1_hard,Ungood/img/00819_68.png,1,0.8267612457275391,0.9941429495811462,0.9695586562156677
Brain,9,phase1_hard,Ungood/img/00819_76.png,1,0.8231232762336731,0.9971255660057068,0.990321159362793
Brain,9,phase1_hard,Ungood/img/00819_84.png,1,0.8283681273460388,0.9991173148155212,0.9973066449165344
Brain,9,phase1_hard,Ungood/img/00819_92.png,1,0.8283048272132874,0.6984392404556274,0.3218461275100708
Brain,9,phase1_hard,Ungood/img/00820_60.png,1,0.803530752658844,0.9994613528251648,0.9985020756721497
Brain,9,phase1_hard,Ungood/img/00820_68.png,1,0.8061008453369141,0.985091507434845,0.9583919644355774
Brain,9,phase1_hard,Ungood/img/00820_76.png,1,0.6294003129005432,0.00017795390158426017,8.780731877777725e-05
Brain,9,phase1_hard,Ungood/img/00820_84.png,1,0.776306688785553,0.13024216890335083,0.029642488807439804
Brain,9,phase1_hard,Ungood/img/00820_92.png,1,0.802445113658905,0.1136268898844719,0.052676018327474594
Brain,9,phase1_hard,Ungood/img/00823_60.png,1,0.8245452046394348,0.9614090323448181,0.9439696669578552
Brain,9,phase1_hard,Ungood/img/00823_68.png,1,0.8175445795059204,0.9966105818748474,0.9932600259780884
Brain,9,phase1_hard,Ungood/img/00823_76.png,1,0.8171375393867493,0.9992709755897522,0.9974059462547302
Brain,9,phase1_hard,Ungood/img/00823_84.png,1,0.8232542276382446,0.9970976114273071,0.9901313185691833
Brain,9,phase1_hard,Ungood/img/00823_92.png,1,0.8162970542907715,0.9894471168518066,0.9569451212882996
Brain,9,phase1_hard,Ungood/img/00824_60.png,1,0.8183524012565613,0.999643087387085,0.9986483454704285
Brain,9,phase1_hard,Ungood/img/00824_68.png,1,0.8240720629692078,0.9989326596260071,0.9919478297233582
Brain,9,phase1_hard,Ungood/img/00824_76.png,1,0.8189911842346191,0.9989811778068542,0.995357871055603
Brain,9,phase1_hard,Ungood/img/00824_84.png,1,0.8176966309547424,0.9987679123878479,0.9943017363548279
Brain,9,phase1_hard,Ungood/img/00824_92.png,1,0.798634946346283,0.9991286396980286,0.9972648620605469
Brain,9,phase1_hard,Ungood/img/00828_60.png,1,0.8122302293777466,0.9678878784179688,0.9357264637947083
Brain,9,phase1_hard,Ungood/img/00828_68.png,1,0.8155132532119751,0.9953595995903015,0.9859451651573181
Brain,9,phase1_hard,Ungood/img/00828_76.png,1,0.8184056282043457,0.9948293566703796,0.9909713268280029
Brain,9,phase1_hard,Ungood/img/00828_84.png,1,0.8151861429214478,0.9873508810997009,0.9770660996437073
Brain,9,phase1_hard,Ungood/img/00828_92.png,1,0.8087208867073059,0.9970498085021973,0.9909819960594177
Brain,9,phase1_hard,Ungood/img/00838_60.png,1,0.817538321018219,0.998982846736908,0.9981237649917603
Brain,9,phase1_hard,Ungood/img/00838_68.png,1,0.8249041438102722,0.9996756315231323,0.9990531206130981
Brain,9,phase1_hard,Ungood/img/00838_76.png,1,0.8206309080123901,0.9996280670166016,0.9991885423660278
Brain,9,phase1_hard,Ungood/img/00838_84.png,1,0.8131203651428223,0.999690055847168,0.9995108246803284
Brain,9,phase1_hard,Ungood/img/00838_92.png,1,0.825222909450531,0.9999332427978516,0.9997124075889587
Brain,9,phase1_hard,Ungood/img/00840_60.png,1,0.8232406377792358,0.9950783252716064,0.9905831217765808
Brain,9,phase1_hard,Ungood/img/00840_68.png,1,0.8209370970726013,0.9991632699966431,0.9948989152908325
Brain,9,phase1_hard,Ungood/img/00840_76.png,1,0.8178278207778931,0.9935046434402466,0.9690608382225037
Brain,9,phase1_hard,Ungood/img/00840_84.png,1,0.8139395713806152,0.9955156445503235,0.9914112687110901
Brain,9,phase1_hard,Ungood/img/00840_92.png,1,0.8256512880325317,0.9623621702194214,0.9213092923164368
Brain,9,phase1_hard,Ungood/img/00999_60.png,1,0.8209127187728882,0.9957718253135681,0.9925931692123413
Brain,9,phase1_hard,Ungood/img/00999_68.png,1,0.8236277103424072,0.9638450145721436,0.9419111013412476
Brain,9,phase1_hard,Ungood/img/00999_76.png,1,0.8233502507209778,0.983124852180481,0.970146656036377
Brain,9,phase1_hard,Ungood/img/00999_84.png,1,0.8278310298919678,0.9991831183433533,0.9984105229377747
Brain,9,phase1_hard,Ungood/img/00999_92.png,1,0.8232752084732056,0.9943673014640808,0.9908655881881714
Brain,9,phase1_hard,Ungood/img/01003_60.png,1,0.8240405321121216,0.999548614025116,0.9992889761924744
Brain,9,phase1_hard,Ungood/img/01003_68.png,1,0.8248409628868103,0.9987127780914307,0.9981260299682617
Brain,9,phase1_hard,Ungood/img/01003_76.png,1,0.8190263509750366,0.9986816048622131,0.9975374937057495
Brain,9,phase1_hard,Ungood/img/01003_84.png,1,0.8182305097579956,0.9986121654510498,0.9945261478424072
Brain,9,phase1_hard,Ungood/img/01003_92.png,1,0.8263026475906372,0.995586633682251,0.9940979480743408
Brain,9,phase1_hard,Ungood/img/01004_60.png,1,0.8226309418678284,0.9987347722053528,0.997914731502533
Brain,9,phase1_hard,Ungood/img/01004_68.png,1,0.8232420086860657,0.9833891987800598,0.9247891306877136
Brain,9,phase1_hard,Ungood/img/01004_76.png,1,0.8225162625312805,0.9947748184204102,0.9693549871444702
Brain,9,phase1_hard,Ungood/img/01004_84.png,1,0.8188661932945251,0.9982484579086304,0.9925659894943237
Brain,9,phase1_hard,Ungood/img/01004_92.png,1,0.8263791799545288,0.9999470710754395,0.9996938109397888
Brain,9,phase1_hard,Ungood/img/01005_60.png,1,0.8225674033164978,0.9983342289924622,0.9949361681938171
Brain,9,phase1_hard,Ungood/img/01005_68.png,1,0.826474130153656,0.9981618523597717,0.9923239350318909
Brain,9,phase1_hard,Ungood/img/01005_76.png,1,0.824913501739502,0.9968467354774475,0.9906657338142395
Brain,9,phase1_hard,Ungood/img/01005_84.png,1,0.8252477049827576,0.9990241527557373,0.9975955486297607
Brain,9,phase1_hard,Ungood/img/01005_92.png,1,0.8230816125869751,0.9971428513526917,0.9842109084129333
Brain,9,phase1_hard,Ungood/img/01012_60.png,1,0.824281632900238,0.9993228912353516,0.9989020228385925
Brain,9,phase1_hard,Ungood/img/01012_68.png,1,0.8204385638237,0.9991562366485596,0.9980596899986267
Brain,9,phase1_hard,Ungood/img/01012_76.png,1,0.8130447864532471,0.9779880046844482,0.9543113112449646
Brain,9,phase1_hard,Ungood/img/01012_84.png,1,0.819163978099823,0.9717273116111755,0.9335377216339111
Brain,9,phase1_hard,Ungood/img/01012_92.png,1,0.8264666795730591,0.9939910769462585,0.9656779766082764
Brain,9,phase1_hard,Ungood/img/01013_60.png,1,0.8233470320701599,0.9971242547035217,0.9947872161865234
Brain,9,phase1_hard,Ungood/img/01013_68.png,1,0.8231453895568848,0.9957857728004456,0.9862416982650757
Brain,9,phase1_hard,Ungood/img/01013_76.png,1,0.8151054978370667,0.9883297681808472,0.943069577217102
Brain,9,phase1_hard,Ungood/img/01013_84.png,1,0.8173956871032715,0.9973675608634949,0.9805781841278076
Brain,9,phase1_hard,Ungood/img/01013_92.png,1,0.8166689872741699,0.9926630258560181,0.9475359916687012
Brain,9,phase1_hard,Ungood/img/01015_60.png,1,0.8291958570480347,0.998497724533081,0.9963105916976929
Brain,9,phase1_hard,Ungood/img/01015_68.png,1,0.8285598754882812,0.9975584745407104,0.9964229464530945
Brain,9,phase1_hard,Ungood/img/01015_76.png,1,0.8270353674888611,0.9989312291145325,0.9980698227882385
Brain,9,phase1_hard,Ungood/img/01015_84.png,1,0.829131007194519,0.9980657696723938,0.9967222213745117
Brain,9,phase1_hard,Ungood/img/01015_92.png,1,0.8296493887901306,0.9666123390197754,0.9525179266929626
Brain,9,phase1_hard,Ungood/img/01018_60.png,1,0.8195289969444275,0.9149391651153564,0.8172036409378052
Brain,9,phase1_hard,Ungood/img/01018_68.png,1,0.8164554834365845,0.9965850114822388,0.9936177730560303
Brain,9,phase1_hard,Ungood/img/01018_76.png,1,0.8256704807281494,0.998989999294281,0.9976233839988708
Brain,9,phase1_hard,Ungood/img/01018_84.png,1,0.8231008052825928,0.9983886480331421,0.9972373247146606
Brain,9,phase1_hard,Ungood/img/01018_92.png,1,0.8207748532295227,0.9984128475189209,0.9973541498184204
Brain,9,phase1_hard,Ungood/img/01019_60.png,1,0.814663290977478,0.9926766157150269,0.9784934520721436
Brain,9,phase1_hard,Ungood/img/01019_68.png,1,0.8252697587013245,0.9984291195869446,0.9968079924583435
Brain,9,phase1_hard,Ungood/img/01019_76.png,1,0.826079785823822,0.985817015171051,0.9812979698181152
Brain,9,phase1_hard,Ungood/img/01019_84.png,1,0.8289423584938049,0.9804125428199768,0.959618091583252
Brain,9,phase1_hard,Ungood/img/01019_92.png,1,0.8221791982650757,0.9964333772659302,0.9925414323806763
Brain,9,phase1_hard,Ungood/img/01021_60.png,1,0.8256367444992065,0.9989172220230103,0.9975886344909668
Brain,9,phase1_hard,Ungood/img/01021_68.png,1,0.8239638805389404,0.9986496567726135,0.9953115582466125
Brain,9,phase1_hard,Ungood/img/01021_76.png,1,0.8285176753997803,0.9972334504127502,0.996375560760498
Brain,9,phase1_hard,Ungood/img/01021_84.png,1,0.8264755606651306,0.9785449504852295,0.9634546637535095
Brain,9,phase1_hard,Ungood/img/01021_92.png,1,0.8174828290939331,0.9982584118843079,0.9969217777252197
Brain,9,phase1_hard,Ungood/img/01022_60.png,1,0.8201724886894226,0.9990448355674744,0.9985105991363525
Brain,9,phase1_hard,Ungood/img/01022_68.png,1,0.8243598341941833,0.9991242289543152,0.9985700845718384
Brain,9,phase1_hard,Ungood/img/01022_76.png,1,0.8212376832962036,0.9958219528198242,0.9938561320304871
Brain,9,phase1_hard,Ungood/img/01022_84.png,1,0.8214674592018127,0.9969416260719299,0.9936654567718506
Brain,9,phase1_hard,Ungood/img/01022_92.png,1,0.8187519907951355,0.9984865188598633,0.995974063873291
Brain,9,phase1_hard,Ungood/img/01024_60.png,1,0.8270023465156555,0.9993211030960083,0.9987863898277283
Brain,9,phase1_hard,Ungood/img/01024_68.png,1,0.8218507766723633,0.9260899424552917,0.86046302318573
Brain,9,phase1_hard,Ungood/img/01024_76.png,1,0.821192741394043,0.8599454760551453,0.3833455443382263
Brain,9,phase1_hard,Ungood/img/01024_84.png,1,0.8229663372039795,0.994002640247345,0.925315260887146
Brain,9,phase1_hard,Ungood/img/01024_92.png,1,0.8192864060401917,0.9744883179664612,0.9122772812843323
Brain,9,phase1_hard,Ungood/img/01026_60.png,1,0.8236162662506104,0.9983534812927246,0.9965062737464905
Brain,9,phase1_hard,Ungood/img/01026_68.png,1,0.8254234194755554,0.993918776512146,0.9906563758850098
Brain,9,phase1_hard,Ungood/img/01026_76.png,1,0.821090579032898,0.9981839060783386,0.9965043663978577
Brain,9,phase1_hard,Ungood/img/01026_84.png,1,0.8252577185630798,0.9981445074081421,0.9973164796829224
Brain,9,phase1_hard,Ungood/img/01026_92.png,1,0.8281236886978149,0.9968281388282776,0.9944072365760803
Brain,9,phase1_hard,Ungood/img/01029_60.png,1,0.8266381025314331,0.96440589427948,0.9383755326271057
Brain,9,phase1_hard,Ungood/img/01029_68.png,1,0.8236016035079956,0.9521121382713318,0.8749346137046814
Brain,9,phase1_hard,Ungood/img/01029_76.png,1,0.821607768535614,0.9962683320045471,0.9905613660812378
Brain,9,phase1_hard,Ungood/img/01029_84.png,1,0.8246605396270752,0.9935378432273865,0.9865351319313049
Brain,9,phase1_hard,Ungood/img/01029_92.png,1,0.8189356327056885,0.9778096079826355,0.9465281963348389
Brain,9,phase1_hard,Ungood/img/01032_60.png,1,0.8178119659423828,0.9950225353240967,0.9930775761604309
Brain,9,phase1_hard,Ungood/img/01032_68.png,1,0.8178288340568542,0.960041880607605,0.9312058091163635
Brain,9,phase1_hard,Ungood/img/01032_76.png,1,0.8193537592887878,0.9964892864227295,0.9354028105735779
Brain,9,phase1_hard,Ungood/img/01032_84.png,1,0.8178703784942627,0.9982339143753052,0.9910354018211365
Brain,9,phase1_hard,Ungood/img/01032_92.png,1,0.8208146691322327,0.9989521503448486,0.9927606582641602
Brain,9,phase1_hard,Ungood/img/01038_60.png,1,0.8203105330467224,0.9990133047103882,0.9975684285163879
Brain,9,phase1_hard,Ungood/img/01038_68.png,1,0.8181031346321106,0.9950087070465088,0.9888792634010315
Brain,9,phase1_hard,Ungood/img/01038_76.png,1,0.8181411027908325,0.9852442741394043,0.9296553134918213
Brain,9,phase1_hard,Ungood/img/01038_84.png,1,0.8204447627067566,0.9935582280158997,0.9719622135162354
Brain,9,phase1_hard,Ungood/img/01038_92.png,1,0.8190220594406128,0.9836724400520325,0.8911110758781433
Brain,9,phase1_hard,Ungood/img/01040_60.png,1,0.8220883011817932,0.9989932179450989,0.9986608624458313
Brain,9,phase1_hard,Ungood/img/01040_68.png,1,0.8233252167701721,0.9997549653053284,0.9985005259513855
Brain,9,phase1_hard,Ungood/img/01040_76.png,1,0.8200513124465942,0.9959506988525391,0.9790157675743103
Brain,9,phase1_hard,Ungood/img/01040_84.png,1,0.8215212821960449,0.9986003041267395,0.9872278571128845
Brain,9,phase1_hard,Ungood/img/01040_92.png,1,0.826697587966919,0.9989674091339111,0.9960266947746277
Brain,9,phase1_hard,Ungood/img/01041_60.png,1,0.8268024921417236,0.9994359612464905,0.9983798265457153
Brain,9,phase1_hard,Ungood/img/01041_68.png,1,0.8251347541809082,0.9997497200965881,0.999437153339386
Brain,9,phase1_hard,Ungood/img/01041_76.png,1,0.8233264684677124,0.9993859529495239,0.9989290237426758
Brain,9,phase1_hard,Ungood/img/01041_84.png,1,0.8166480660438538,0.9998716115951538,0.9995583891868591
Brain,9,phase1_hard,Ungood/img/01041_92.png,1,0.8208650350570679,0.9982851147651672,0.9725391864776611
Brain,9,phase1_hard,Ungood/img/01042_60.png,1,0.8284016251564026,0.9991793036460876,0.9984661936759949
Brain,9,phase1_hard,Ungood/img/01042_68.png,1,0.8270684480667114,0.9996145963668823,0.9993896484375
Brain,9,phase1_hard,Ungood/img/01042_76.png,1,0.8223946690559387,0.9997400641441345,0.9994596838951111
Brain,9,phase1_hard,Ungood/img/01042_84.png,1,0.826753556728363,0.9998074173927307,0.999666154384613
Brain,9,phase1_hard,Ungood/img/01042_92.png,1,0.8261792063713074,0.9995593428611755,0.9990367293357849
Brain,9,phase1_hard,Ungood/img/01044_60.png,1,0.8310805559158325,0.9983635544776917,0.9965385794639587
Brain,9,phase1_hard,Ungood/img/01044_68.png,1,0.8300950527191162,0.9994019269943237,0.9988695383071899
Brain,9,phase1_hard,Ungood/img/01044_76.png,1,0.8302624225616455,0.9953312277793884,0.9889976978302002
Brain,9,phase1_hard,Ungood/img/01044_84.png,1,0.82559734582901,0.8797340989112854,0.6018787026405334
Brain,9,phase1_hard,Ungood/img/01044_92.png,1,0.8228021860122681,0.947965681552887,0.7075350880622864
Brain,9,phase1_hard,Ungood/img/01045_60.png,1,0.82281494140625,0.9994174242019653,0.9983721375465393
Brain,9,phase1_hard,Ungood/img/01045_68.png,1,0.8216169476509094,0.9997314810752869,0.9992912411689758
Brain,9,phase1_hard,Ungood/img/01045_76.png,1,0.826862633228302,0.9995450377464294,0.9985235333442688
Brain,9,phase1_hard,Ungood/img/01045_84.png,1,0.8238933086395264,0.9957486987113953,0.9899329543113708
Brain,9,phase1_hard,Ungood/img/01045_92.png,1,0.8291419148445129,0.9902348518371582,0.9812270402908325
Brain,9,phase1_hard,Ungood/img/01049_60.png,1,0.8233511447906494,0.996630847454071,0.9943732023239136
Brain,9,phase1_hard,Ungood/img/01049_68.png,1,0.8159092664718628,0.9822604060173035,0.9676528573036194
Brain,9,phase1_hard,Ungood/img/01049_76.png,1,0.8147317171096802,0.996548593044281,0.9883787631988525
Brain,9,phase1_hard,Ungood/img/01049_84.png,1,0.8102367520332336,0.791434645652771,0.4577903151512146
Brain,9,phase1_hard,Ungood/img/01049_92.png,1,0.8135912418365479,0.7000943422317505,0.5380428433418274
Brain,9,phase1_hard,Ungood/img/01050_60.png,1,0.822019100189209,0.998123824596405,0.9971423745155334
Brain,9,phase1_hard,Ungood/img/01050_68.png,1,0.826129674911499,0.9992808699607849,0.9979216456413269
Brain,9,phase1_hard,Ungood/img/01050_76.png,1,0.8279669284820557,0.9971922039985657,0.9801281094551086
Brain,9,phase1_hard,Ungood/img/01050_84.png,1,0.8196176290512085,0.9525541663169861,0.9015236496925354
Brain,9,phase1_hard,Ungood/img/01050_92.png,1,0.804824709892273,0.7109885215759277,0.43337222933769226
Brain,9,phase1_hard,Ungood/img/01051_60.png,1,0.8221784830093384,0.9971808195114136,0.9930590987205505
Brain,9,phase1_hard,Ungood/img/01051_68.png,1,0.82642662525177,0.9993330836296082,0.9970526099205017
Brain,9,phase1_hard,Ungood/img/01051_76.png,1,0.8225641846656799,0.9950163960456848,0.9897472858428955
Brain,9,phase1_hard,Ungood/img/01051_84.png,1,0.8189829587936401,0.9956049919128418,0.988804817199707
Brain,9,phase1_hard,Ungood/img/01051_92.png,1,0.8238195180892944,0.9975579977035522,0.9777126312255859
Brain,9,phase1_hard,Ungood/img/01053_60.png,1,0.8300895690917969,0.9970340728759766,0.9955592751502991
Brain,9,phase1_hard,Ungood/img/01053_68.png,1,0.8284222483634949,0.9983073472976685,0.9969969987869263
Brain,9,phase1_hard,Ungood/img/01053_76.png,1,0.8260542154312134,0.9994457364082336,0.9990529417991638
Brain,9,phase1_hard,Ungood/img/01053_84.png,1,0.8182166814804077,0.9985373020172119,0.996134340763092
Brain,9,phase1_hard,Ungood/img/01053_92.png,1,0.8261212706565857,0.9797207117080688,0.9474961161613464
Brain,9,phase1_hard,Ungood/img/01058_60.png,1,0.8237584233283997,0.9990443587303162,0.997069239616394
Brain,9,phase1_hard,Ungood/img/01058_68.png,1,0.8248815536499023,0.9980998635292053,0.9936647415161133
Brain,9,phase1_hard,Ungood/img/01058_76.png,1,0.8246803283691406,0.9974691867828369,0.9955378770828247
Brain,9,phase1_hard,Ungood/img/01058_84.png,1,0.8176771402359009,0.9776909351348877,0.8876488208770752
Brain,9,phase1_hard,Ungood/img/01058_92.png,1,0.824627697467804,0.9008599519729614,0.6723871231079102
Brain,9,phase1_hard,Ungood/img/01060_60.png,1,0.8281965851783752,0.9997172951698303,0.9992828965187073
Brain,9,phase1_hard,Ungood/img/01060_68.png,1,0.8239056468009949,0.99988853931427,0.9997296929359436
Brain,9,phase1_hard,Ungood/img/01060_76.png,1,0.8270690441131592,0.9999040365219116,0.9997900724411011
Brain,9,phase1_hard,Ungood/img/01060_84.png,1,0.8252760171890259,0.9999179840087891,0.9996913075447083
Brain,9,phase1_hard,Ungood/img/01060_92.png,1,0.8249443769454956,0.9997614026069641,0.9989561438560486
Brain,9,phase1_hard,Ungood/img/01061_60.png,1,0.824323296546936,0.9997753500938416,0.9993968605995178
Brain,9,phase1_hard,Ungood/img/01061_68.png,1,0.8260567784309387,0.9995455145835876,0.9989300966262817
Brain,9,phase1_hard,Ungood/img/01061_76.png,1,0.8255445957183838,0.9998272061347961,0.9995266199111938
Brain,9,phase1_hard,Ungood/img/01061_84.png,1,0.8228635787963867,0.9964873790740967,0.994458794593811
Brain,9,phase1_hard,Ungood/img/01061_92.png,1,0.8248267769813538,0.9997878670692444,0.9993993043899536
Brain,9,phase1_hard,Ungood/img/01063_60.png,1,0.8213726282119751,0.9986225366592407,0.9866039156913757
Brain,9,phase1_hard,Ungood/img/01063_68.png,1,0.8205645680427551,0.9876608848571777,0.966722309589386
Brain,9,phase1_hard,Ungood/img/01063_76.png,1,0.8233969211578369,0.997811496257782,0.9909062385559082
Brain,9,phase1_hard,Ungood/img/01063_84.png,1,0.8287832736968994,0.9782862663269043,0.9375473260879517
Brain,9,phase1_hard,Ungood/img/01063_92.png,1,0.8275311589241028,0.9849541187286377,0.9691706299781799
Brain,9,phase1_hard,Ungood/img/01064_60.png,1,0.8236020803451538,0.998601496219635,0.9966795444488525
Brain,9,phase1_hard,Ungood/img/01064_68.png,1,0.82047438621521,0.67762690782547,0.5773899555206299
Brain,9,phase1_hard,Ungood/img/01064_76.png,1,0.817936897277832,0.9659929275512695,0.9232980012893677
Brain,9,phase1_hard,Ungood/img/01064_84.png,1,0.8148148655891418,0.16243042051792145,0.048053521662950516
Brain,9,phase1_hard,Ungood/img/01064_92.png,1,0.8047382831573486,0.2995535433292389,0.199187234044075
Brain,9,phase1_hard,Ungood/img/01065_60.png,1,0.8242576122283936,0.9985597729682922,0.9975708723068237
Brain,9,phase1_hard,Ungood/img/01065_68.png,1,0.8236650228500366,0.9995436072349548,0.9992983341217041
Brain,9,phase1_hard,Ungood/img/01065_76.png,1,0.8257145881652832,0.9999104738235474,0.9997922778129578
Brain,9,phase1_hard,Ungood/img/01065_84.png,1,0.8260602355003357,0.9998891353607178,0.9997442364692688
Brain,9,phase1_hard,Ungood/img/01065_92.png,1,0.8269869089126587,0.9993045330047607,0.9990469217300415
Brain,9,phase1_hard,Ungood/img/01066_60.png,1,0.816019594669342,0.9915059208869934,0.9820234775543213
Brain,9,phase1_hard,Ungood/img/01066_68.png,1,0.8156266808509827,0.9867439270019531,0.9645190238952637
Brain,9,phase1_hard,Ungood/img/01066_76.png,1,0.8206115365028381,0.9782218933105469,0.92339688539505
Brain,9,phase1_hard,Ungood/img/01066_84.png,1,0.8064629435539246,0.9893402457237244,0.9583385586738586
Brain,9,phase1_hard,Ungood/img/01066_92.png,1,0.8099135160446167,0.9657936096191406,0.900858461856842
Brain,9,phase1_hard,Ungood/img/01069_60.png,1,0.817119300365448,0.9741294980049133,0.9137902855873108
Brain,9,phase1_hard,Ungood/img/01069_68.png,1,0.8207091689109802,0.9984377026557922,0.9948797821998596
Brain,9,phase1_hard,Ungood/img/01069_76.png,1,0.8202921748161316,0.9985873699188232,0.9949250221252441
Brain,9,phase1_hard,Ungood/img/01069_84.png,1,0.8233879208564758,0.9991936087608337,0.9981920719146729
Brain,9,phase1_hard,Ungood/img/01069_92.png,1,0.8237110376358032,0.9995854496955872,0.9991728663444519
Brain,9,phase1_hard,Ungood/img/01070_60.png,1,0.8256018757820129,0.9993361830711365,0.9983524084091187
Brain,9,phase1_hard,Ungood/img/01070_68.png,1,0.8213088512420654,0.9993834495544434,0.9959057569503784
Brain,9,phase1_hard,Ungood/img/01070_76.png,1,0.8179559111595154,0.9910592436790466,0.9816094040870667
Brain,9,phase1_hard,Ungood/img/01070_84.png,1,0.8113624453544617,0.9882452487945557,0.9143202900886536
Brain,9,phase1_hard,Ungood/img/01070_92.png,1,0.7931225299835205,0.9983687996864319,0.9906424283981323
Brain,9,phase1_hard,Ungood/img/01071_60.png,1,0.8268301486968994,0.9970064759254456,0.9956324100494385
Brain,9,phase1_hard,Ungood/img/01071_68.png,1,0.8241209983825684,0.9993744492530823,0.9988743662834167
Brain,9,phase1_hard,Ungood/img/01071_76.png,1,0.8223416209220886,0.9984215497970581,0.9966728091239929
Brain,9,phase1_hard,Ungood/img/01071_84.png,1,0.8201600909233093,0.9926786422729492,0.9752999544143677
Brain,9,phase1_hard,Ungood/img/01071_92.png,1,0.823661208152771,0.9681096076965332,0.9097846746444702
Brain,9,phase1_hard,Ungood/img/01072_60.png,1,0.8234263062477112,0.9987891316413879,0.9982783794403076
Brain,9,phase1_hard,Ungood/img/01072_68.png,1,0.8279343843460083,0.997376561164856,0.9962309002876282
Brain,9,phase1_hard,Ungood/img/01072_76.png,1,0.8215377926826477,0.9956879019737244,0.9931659698486328
Brain,9,phase1_hard,Ungood/img/01072_84.png,1,0.8242888450622559,0.9990344047546387,0.9983973503112793
Brain,9,phase1_hard,Ungood/img/01072_92.png,1,0.8279914259910583,0.9980558156967163,0.9967812299728394
Brain,9,phase1_hard,Ungood/img/01073_60.png,1,0.8222297430038452,0.9989917874336243,0.9981794357299805
Brain,9,phase1_hard,Ungood/img/01073_68.png,1,0.8238618969917297,0.997896671295166,0.9946920275688171
Brain,9,phase1_hard,Ungood/img/01073_76.png,1,0.823006272315979,0.9976009726524353,0.9926169514656067
Brain,9,phase1_hard,Ungood/img/01073_84.png,1,0.8245756030082703,0.9923730492591858,0.9851149916648865
Brain,9,phase1_hard,Ungood/img/01073_92.png,1,0.829055666923523,0.9964348077774048,0.9815080761909485
Brain,9,phase1_hard,Ungood/img/01076_60.png,1,0.8197007775306702,0.9869263172149658,0.9833085536956787
Brain,9,phase1_hard,Ungood/img/01076_68.png,1,0.8210914134979248,0.985660195350647,0.9636232256889343
Brain,9,phase1_hard,Ungood/img/01076_76.png,1,0.8164594173431396,0.9926988482475281,0.9859075546264648
Brain,9,phase1_hard,Ungood/img/01076_84.png,1,0.8213125467300415,0.9926142692565918,0.979517936706543
Brain,9,phase1_hard,Ungood/img/01076_92.png,1,0.8211525082588196,0.9894682765007019,0.9540185928344727
Brain,9,phase1_hard,Ungood/img/01078_60.png,1,0.8220928907394409,0.9959961175918579,0.9899035692214966
Brain,9,phase1_hard,Ungood/img/01078_68.png,1,0.8220995664596558,0.9993038177490234,0.9972243905067444
Brain,9,phase1_hard,Ungood/img/01078_76.png,1,0.8233474493026733,0.996972918510437,0.9919127821922302
Brain,9,phase1_hard,Ungood/img/01078_84.png,1,0.8215762376785278,0.9949969053268433,0.9905865788459778
Brain,9,phase1_hard,Ungood/img/01078_92.png,1,0.8230990171432495,0.9988248944282532,0.9981856942176819
Brain,9,phase1_hard,Ungood/img/01079_60.png,1,0.8280268907546997,0.9989975094795227,0.9982783794403076
Brain,9,phase1_hard,Ungood/img/01079_68.png,1,0.8216041326522827,0.993513822555542,0.9856658577919006
Brain,9,phase1_hard,Ungood/img/01079_76.png,1,0.8206336498260498,0.9919356107711792,0.9725300073623657
Brain,9,phase1_hard,Ungood/img/01079_84.png,1,0.8261739015579224,0.9952837824821472,0.9926814436912537
Brain,9,phase1_hard,Ungood/img/01079_92.png,1,0.8281681537628174,0.9991783499717712,0.9983363151550293
Brain,9,phase1_hard,Ungood/img/01080_60.png,1,0.8236197233200073,0.9995959401130676,0.9959775805473328
Brain,9,phase1_hard,Ungood/img/01080_68.png,1,0.823951005935669,0.9983684420585632,0.9913131594657898
Brain,9,phase1_hard,Ungood/img/01080_76.png,1,0.8254578113555908,0.9983600974082947,0.9896947741508484
Brain,9,phase1_hard,Ungood/img/01080_84.png,1,0.8206395506858826,0.9889072179794312,0.940838634967804
Brain,9,phase1_hard,Ungood/img/01080_92.png,1,0.8181979656219482,0.950308084487915,0.8888288140296936
Brain,9,phase1_hard,Ungood/img/01084_60.png,1,0.8200016617774963,0.9936867356300354,0.9478501677513123
Brain,9,phase1_hard,Ungood/img/01084_68.png,1,0.8188291192054749,0.9971064925193787,0.9775065183639526
Brain,9,phase1_hard,Ungood/img/01084_76.png,1,0.8017110824584961,0.9893207550048828,0.9100580215454102
Brain,9,phase1_hard,Ungood/img/01084_84.png,1,0.8176987767219543,0.9905506372451782,0.9611326456069946
Brain,9,phase1_hard,Ungood/img/01084_92.png,1,0.8041771054267883,0.8602142333984375,0.6787124276161194
Brain,9,phase1_hard,Ungood/img/01087_60.png,1,0.8147007822990417,0.9482142925262451,0.8706058263778687
Brain,9,phase1_hard,Ungood/img/01087_68.png,1,0.8184202909469604,0.9658898115158081,0.9374605417251587
Brain,9,phase1_hard,Ungood/img/01087_76.png,1,0.8093458414077759,0.7935718297958374,0.33334779739379883
Brain,9,phase1_hard,Ungood/img/01087_84.png,1,0.8159394264221191,0.6768016219139099,0.41907474398612976
Brain,9,phase1_hard,Ungood/img/01087_92.png,1,0.817970871925354,0.9904290437698364,0.9626089334487915
Brain,9,phase1_hard,Ungood/img/01089_60.png,1,0.8279646039009094,0.9995325803756714,0.9991586208343506
Brain,9,phase1_hard,Ungood/img/01089_68.png,1,0.8297313451766968,0.9997435212135315,0.999354898929596
Brain,9,phase1_hard,Ungood/img/01089_76.png,1,0.8268606662750244,0.9997671246528625,0.9995708465576172
Brain,9,phase1_hard,Ungood/img/01089_84.png,1,0.8260118365287781,0.9988961219787598,0.9981899857521057
Brain,9,phase1_hard,Ungood/img/01089_92.png,1,0.8266026973724365,0.9964926838874817,0.9950172901153564
Brain,9,phase1_hard,Ungood/img/01090_60.png,1,0.8189326524734497,0.9983381032943726,0.996710479259491
Brain,9,phase1_hard,Ungood/img/01090_68.png,1,0.8207054138183594,0.9951100945472717,0.9879292249679565
Brain,9,phase1_hard,Ungood/img/01090_76.png,1,0.8243587017059326,0.9937896132469177,0.9770022034645081
Brain,9,phase1_hard,Ungood/img/01090_84.png,1,0.8232941031455994,0.9992144107818604,0.9928398728370667
Brain,9,phase1_hard,Ungood/img/01090_92.png,1,0.8111168742179871,0.9513800144195557,0.53769451379776
Brain,9,phase1_hard,Ungood/img/01092_60.png,1,0.8149554133415222,0.9989493489265442,0.9982815384864807
Brain,9,phase1_hard,Ungood/img/01092_68.png,1,0.8231813311576843,0.9995705485343933,0.9980368614196777
Brain,9,phase1_hard,Ungood/img/01092_76.png,1,0.8211132287979126,0.9997207522392273,0.9990875720977783
Brain,9,phase1_hard,Ungood/img/01092_84.png,1,0.8110793828964233,0.9947761297225952,0.9873826503753662
Brain,9,phase1_hard,Ungood/img/01092_92.png,1,0.8242258429527283,0.9972587823867798,0.9911649823188782
Brain,9,phase1_hard,Ungood/img/01095_60.png,1,0.8292830586433411,0.9924294352531433,0.9831584692001343
Brain,9,phase1_hard,Ungood/img/01095_68.png,1,0.8257898092269897,0.999569833278656,0.9981452226638794
Brain,9,phase1_hard,Ungood/img/01095_76.png,1,0.8310391306877136,0.9994572997093201,0.9989070296287537
Brain,9,phase1_hard,Ungood/img/01095_84.png,1,0.8290873765945435,0.9999128580093384,0.9996925592422485
Brain,9,phase1_hard,Ungood/img/01095_92.png,1,0.830076277256012,0.9997738003730774,0.9992096424102783
Brain,9,phase1_hard,Ungood/img/01096_60.png,1,0.8251109719276428,0.9976084232330322,0.9929670691490173
Brain,9,phase1_hard,Ungood/img/01096_68.png,1,0.8184357285499573,0.9987940788269043,0.9925788044929504
Brain,9,phase1_hard,Ungood/img/01096_76.png,1,0.8257302641868591,0.9995520710945129,0.9975154995918274
Brain,9,phase1_hard,Ungood/img/01096_84.png,1,0.8184422850608826,0.9986168146133423,0.9940958023071289
Brain,9,phase1_hard,Ungood/img/01096_92.png,1,0.8186578154563904,0.9981094598770142,0.9885023832321167
Brain,9,phase1_hard,Ungood/img/01098_60.png,1,0.8215324878692627,0.9835604429244995,0.9725885987281799
Brain,9,phase1_hard,Ungood/img/01098_68.png,1,0.8214709162712097,0.9975219368934631,0.9952467083930969
Brain,9,phase1_hard,Ungood/img/01098_76.png,1,0.8117917776107788,0.9957394599914551,0.9933101534843445
Brain,9,phase1_hard,Ungood/img/01098_84.png,1,0.8131901621818542,0.9747592806816101,0.9264724850654602
Brain,9,phase1_hard,Ungood/img/01098_92.png,1,0.812211811542511,0.9888732433319092,0.9674063920974731
Brain,9,phase1_hard,Ungood/img/01101_60.png,1,0.8211476802825928,0.983658492565155,0.9740614295005798
Brain,9,phase1_hard,Ungood/img/01101_68.png,1,0.8286097645759583,0.9946120977401733,0.9913898706436157
Brain,9,phase1_hard,Ungood/img/01101_76.png,1,0.8291501998901367,0.9934565424919128,0.9877412915229797
Brain,9,phase1_hard,Ungood/img/01101_84.png,1,0.8280960321426392,0.9165803790092468,0.7122596502304077
Brain,9,phase1_hard,Ungood/img/01101_92.png,1,0.8276232481002808,0.9942978024482727,0.9802508354187012
Brain,9,phase1_hard,Ungood/img/01104_60.png,1,0.8257546424865723,0.9995754361152649,0.9980356097221375
Brain,9,phase1_hard,Ungood/img/01104_68.png,1,0.8197256326675415,0.9990575909614563,0.994133710861206
Brain,9,phase1_hard,Ungood/img/01104_76.png,1,0.8203882575035095,0.9971657395362854,0.9930098056793213
Brain,9,phase1_hard,Ungood/img/01104_84.png,1,0.8279101848602295,0.9973702430725098,0.9920816421508789
Brain,9,phase1_hard,Ungood/img/01104_92.png,1,0.8241540193557739,0.992465615272522,0.9620838165283203
Brain,9,phase1_hard,Ungood/img/01105_60.png,1,0.8278949856758118,0.9695619344711304,0.9208222031593323
Brain,9,phase1_hard,Ungood/img/01105_68.png,1,0.8287950754165649,0.9654242396354675,0.9462060332298279
Brain,9,phase1_hard,Ungood/img/01105_76.png,1,0.8255465626716614,0.9763582944869995,0.9403995871543884
Brain,9,phase1_hard,Ungood/img/01105_84.png,1,0.8279616832733154,0.9967785477638245,0.9912842512130737
Brain,9,phase1_hard,Ungood/img/01105_92.png,1,0.8208450675010681,0.9848522543907166,0.8570084571838379
Brain,9,phase1_hard,Ungood/img/01110_60.png,1,0.8236840963363647,0.99781334400177,0.9967692494392395
Brain,9,phase1_hard,Ungood/img/01110_68.png,1,0.819176971912384,0.9900981783866882,0.9842121005058289
Brain,9,phase1_hard,Ungood/img/01110_76.png,1,0.8133993148803711,0.9992640614509583,0.9967305064201355
Brain,9,phase1_hard,Ungood/img/01110_84.png,1,0.8176941275596619,0.9870713353157043,0.9380115866661072
Brain,9,phase1_hard,Ungood/img/01110_92.png,1,0.8092247843742371,0.985867440700531,0.9426178932189941
Brain,9,phase1_hard,Ungood/img/01111_60.png,1,0.8287772536277771,0.9969611763954163,0.9925436973571777
Brain,9,phase1_hard,Ungood/img/01111_68.png,1,0.8278809189796448,0.9995912909507751,0.9980191588401794
Brain,9,phase1_hard,Ungood/img/01111_76.png,1,0.8225704431533813,0.9997147917747498,0.9988871812820435
Brain,9,phase1_hard,Ungood/img/01111_84.png,1,0.8232317566871643,0.9961581826210022,0.9888224005699158
Brain,9,phase1_hard,Ungood/img/01111_92.png,1,0.8138115406036377,0.9717572331428528,0.9273143410682678
Brain,9,phase1_hard,Ungood/img/01113_60.png,1,0.8223537802696228,0.9985255599021912,0.9971650838851929
Brain,9,phase1_hard,Ungood/img/01113_68.png,1,0.8237969279289246,0.9944597482681274,0.9874025583267212
Brain,9,phase1_hard,Ungood/img/01113_76.png,1,0.8232967257499695,0.9973213076591492,0.9865795373916626
Brain,9,phase1_hard,Ungood/img/01113_84.png,1,0.8179926872253418,0.5133907198905945,0.30341944098472595
Brain,9,phase1_hard,Ungood/img/01113_92.png,1,0.8208649754524231,0.9965170621871948,0.9865042567253113
Brain,9,phase1_hard,Ungood/img/01114_60.png,1,0.8215993046760559,0.9991965889930725,0.9988012909889221
Brain,9,phase1_hard,Ungood/img/01114_68.png,1,0.8227354884147644,0.9872444272041321,0.9682311415672302
Brain,9,phase1_hard,Ungood/img/01114_76.png,1,0.8179833292961121,0.9954074025154114,0.9894001483917236
Brain,9,phase1_hard,Ungood/img/01114_84.png,1,0.8198344707489014,0.994751513004303,0.9881422519683838
Brain,9,phase1_hard,Ungood/img/01114_92.png,1,0.8224070072174072,0.9967465400695801,0.9948846101760864
Brain,9,phase1_hard,Ungood/img/01120_60.png,1,0.8264235258102417,0.9995415210723877,0.9990251064300537
Brain,9,phase1_hard,Ungood/img/01120_68.png,1,0.8253896236419678,0.9982740879058838,0.9973687529563904
Brain,9,phase1_hard,Ungood/img/01120_76.png,1,0.8237427473068237,0.9996833801269531,0.9994143843650818
Brain,9,phase1_hard,Ungood/img/01120_84.png,1,0.8247998356819153,0.999505877494812,0.9993163347244263
Brain,9,phase1_hard,Ungood/img/01120_92.png,1,0.8205837607383728,0.9967743754386902,0.9858738780021667
Brain,9,phase1_hard,Ungood/img/01121_60.png,1,0.8290985822677612,0.9966838955879211,0.9888927936553955
Brain,9,phase1_hard,Ungood/img/01121_68.png,1,0.824102520942688,0.9736815094947815,0.9338804483413696
Brain,9,phase1_hard,Ungood/img/01121_76.png,1,0.8258245587348938,0.9994341731071472,0.9981418251991272
Brain,9,phase1_hard,Ungood/img/01121_84.png,1,0.8170653581619263,0.9980134963989258,0.9969753623008728
Brain,9,phase1_hard,Ungood/img/01121_92.png,1,0.8235097527503967,0.9988993406295776,0.9977128505706787
Brain,9,phase1_hard,Ungood/img/01124_60.png,1,0.8246280550956726,0.9997342228889465,0.9987344741821289
Brain,9,phase1_hard,Ungood/img/01124_68.png,1,0.8224686980247498,0.9991812109947205,0.9970719814300537
Brain,9,phase1_hard,Ungood/img/01124_76.png,1,0.8198911547660828,0.9987984895706177,0.9942104816436768
Brain,9,phase1_hard,Ungood/img/01124_84.png,1,0.8186236619949341,0.997846245765686,0.9770541787147522
Brain,9,phase1_hard,Ungood/img/01124_92.png,1,0.8193917274475098,0.9986086487770081,0.9849609732627869
Brain,9,phase1_hard,Ungood/img/01125_60.png,1,0.8246843218803406,0.9996612071990967,0.9990523457527161
Brain,9,phase1_hard,Ungood/img/01125_68.png,1,0.8254236578941345,0.9999698400497437,0.9999208450317383
Brain,9,phase1_hard,Ungood/img/01125_76.png,1,0.8218190670013428,0.9997019171714783,0.9988489747047424
Brain,9,phase1_hard,Ungood/img/01125_84.png,1,0.8198280930519104,0.9977201819419861,0.9968038201332092
Brain,9,phase1_hard,Ungood/img/01125_92.png,1,0.8271465301513672,0.9991018772125244,0.998418390750885
Brain,9,phase1_hard,Ungood/img/01126_60.png,1,0.8263547420501709,0.9991464614868164,0.9916772842407227
Brain,9,phase1_hard,Ungood/img/01126_68.png,1,0.816529393196106,0.9989175796508789,0.9926134943962097
Brain,9,phase1_hard,Ungood/img/01126_76.png,1,0.8213348984718323,0.9973689317703247,0.980311930179596
Brain,9,phase1_hard,Ungood/img/01126_84.png,1,0.8207347393035889,0.9891355037689209,0.9484335780143738
Brain,9,phase1_hard,Ungood/img/01126_92.png,1,0.8208091259002686,0.967786967754364,0.7395214438438416
Brain,9,phase1_hard,Ungood/img/01130_60.png,1,0.8209337592124939,0.9997691512107849,0.9988549947738647
Brain,9,phase1_hard,Ungood/img/01130_68.png,1,0.8279244303703308,0.9987408518791199,0.9817957878112793
Brain,9,phase1_hard,Ungood/img/01130_76.png,1,0.8206518292427063,0.9992515444755554,0.994648814201355
Brain,9,phase1_hard,Ungood/img/01130_84.png,1,0.8189298510551453,0.9997005462646484,0.997271716594696
Brain,9,phase1_hard,Ungood/img/01130_92.png,1,0.8253018260002136,0.9982064962387085,0.9956505298614502
Brain,9,phase1_hard,Ungood/img/01134_60.png,1,0.8233281970024109,0.9990314245223999,0.9985036849975586
Brain,9,phase1_hard,Ungood/img/01134_68.png,1,0.8212146162986755,0.9990517497062683,0.9968462586402893
Brain,9,phase1_hard,Ungood/img/01134_76.png,1,0.8246604800224304,0.9996955394744873,0.9991603493690491
Brain,9,phase1_hard,Ungood/img/01134_84.png,1,0.823574423789978,0.9994315505027771,0.9985566139221191
Brain,9,phase1_hard,Ungood/img/01134_92.png,1,0.8243756294250488,0.9999237060546875,0.9997254610061646
Brain,9,phase1_hard,Ungood/img/01136_60.png,1,0.819893479347229,0.9770979881286621,0.9213685393333435
Brain,9,phase1_hard,Ungood/img/01136_68.png,1,0.8260507583618164,0.9990135431289673,0.9957591891288757
Brain,9,phase1_hard,Ungood/img/01136_76.png,1,0.8266341090202332,0.9997735619544983,0.9990224242210388
Brain,9,phase1_hard,Ungood/img/01136_84.png,1,0.825783371925354,0.9995872378349304,0.9989573955535889
Brain,9,phase1_hard,Ungood/img/01136_92.png,1,0.8303521871566772,0.999790608882904,0.9996283650398254
Brain,9,phase1_hard,Ungood/img/01138_60.png,1,0.8264215588569641,0.9972666501998901,0.99590003490448
Brain,9,phase1_hard,Ungood/img/01138_68.png,1,0.8178026080131531,0.9972509741783142,0.9931738972663879
Brain,9,phase1_hard,Ungood/img/01138_76.png,1,0.818009078502655,0.9991034865379333,0.997887909412384
Brain,9,phase1_hard,Ungood/img/01138_84.png,1,0.8245924711227417,0.9902458190917969,0.9753301739692688
Brain,9,phase1_hard,Ungood/img/01138_92.png,1,0.8241627812385559,0.9993289709091187,0.9908931255340576
Brain,9,phase1_hard,Ungood/img/01139_60.png,1,0.8245357275009155,0.9921230673789978,0.9871873259544373
Brain,9,phase1_hard,Ungood/img/01139_68.png,1,0.8234757781028748,0.9977139234542847,0.9963253736495972
Brain,9,phase1_hard,Ungood/img/01139_76.png,1,0.8328168988227844,0.9954875111579895,0.9914419651031494
Brain,9,phase1_hard,Ungood/img/01139_84.png,1,0.8294574022293091,0.9057594537734985,0.7573496699333191
Brain,9,phase1_hard,Ungood/img/01139_92.png,1,0.8255307078361511,0.6521950364112854,0.500122606754303
Brain,9,phase1_hard,Ungood/img/01140_60.png,1,0.8231358528137207,0.9994440674781799,0.9987583160400391
Brain,9,phase1_hard,Ungood/img/01140_68.png,1,0.8236779570579529,0.9914912581443787,0.984643816947937
Brain,9,phase1_hard,Ungood/img/01140_76.png,1,0.821060299873352,0.9942240118980408,0.9850648641586304
Brain,9,phase1_hard,Ungood/img/01140_84.png,1,0.8244130611419678,0.9076259136199951,0.8038797974586487
Brain,9,phase1_hard,Ungood/img/01140_92.png,1,0.8265789151191711,0.9798981547355652,0.9651637673377991
Brain,9,phase1_hard,Ungood/img/01141_60.png,1,0.8163550496101379,0.9902198910713196,0.9847012162208557
Brain,9,phase1_hard,Ungood/img/01141_68.png,1,0.8224942088127136,0.9862915873527527,0.9615722298622131
Brain,9,phase1_hard,Ungood/img/01141_76.png,1,0.8285008668899536,0.9563969373703003,0.933149516582489
Brain,9,phase1_hard,Ungood/img/01141_84.png,1,0.8294188380241394,0.9871149063110352,0.9811921119689941
Brain,9,phase1_hard,Ungood/img/01141_92.png,1,0.8272302746772766,0.9917908906936646,0.9863570332527161
Brain,9,phase1_hard,Ungood/img/01142_60.png,1,0.8252705931663513,0.9848789572715759,0.9765766859054565
Brain,9,phase1_hard,Ungood/img/01142_68.png,1,0.8188533186912537,0.9915167093276978,0.9866377711296082
Brain,9,phase1_hard,Ungood/img/01142_76.png,1,0.8223204016685486,0.9477460384368896,0.9252573251724243
Brain,9,phase1_hard,Ungood/img/01142_84.png,1,0.8282174468040466,0.9844078421592712,0.9624602794647217
Brain,9,phase1_hard,Ungood/img/01142_92.png,1,0.8223471641540527,0.9892424941062927,0.9623900055885315
Brain,9,phase1_hard,Ungood/img/01143_60.png,1,0.8248229026794434,0.9763200283050537,0.9647243022918701
Brain,9,phase1_hard,Ungood/img/01143_68.png,1,0.825593888759613,0.999580442905426,0.9988648295402527
Brain,9,phase1_hard,Ungood/img/01143_76.png,1,0.8229318261146545,0.9989271759986877,0.997529149055481
Brain,9,phase1_hard,Ungood/img/01143_84.png,1,0.8235133290290833,0.995884358882904,0.9895114302635193
Brain,9,phase1_hard,Ungood/img/01143_92.png,1,0.8239926695823669,0.999749481678009,0.9947169423103333
Brain,9,phase1_hard,Ungood/img/01144_60.png,1,0.8177721500396729,0.9918524622917175,0.9554018378257751
Brain,9,phase1_hard,Ungood/img/01144_68.png,1,0.8196380138397217,0.9935027956962585,0.9636767506599426
Brain,9,phase1_hard,Ungood/img/01144_76.png,1,0.8164699077606201,0.9773274660110474,0.925254225730896
Brain,9,phase1_hard,Ungood/img/01144_84.png,1,0.8170639872550964,0.9912364482879639,0.9779747128486633
Brain,9,phase1_hard,Ungood/img/01144_92.png,1,0.8060072064399719,0.9809780120849609,0.9099321961402893
Brain,9,phase1_hard,Ungood/img/01145_60.png,1,0.8181134462356567,0.9934768080711365,0.9899957180023193
Brain,9,phase1_hard,Ungood/img/01145_68.png,1,0.827721893787384,0.9987683892250061,0.9976704120635986
Brain,9,phase1_hard,Ungood/img/01145_76.png,1,0.8180585503578186,0.9993265867233276,0.9985718131065369
Brain,9,phase1_hard,Ungood/img/01145_84.png,1,0.8224559426307678,0.9997500777244568,0.9993904829025269
Brain,9,phase1_hard,Ungood/img/01145_92.png,1,0.8224098682403564,0.9994511008262634,0.998665988445282
Brain,9,phase1_hard,Ungood/img/01148_60.png,1,0.8257728815078735,0.9979096055030823,0.9970040917396545
Brain,9,phase1_hard,Ungood/img/01148_68.png,1,0.8206823468208313,0.9981239438056946,0.9966428279876709
Brain,9,phase1_hard,Ungood/img/01148_76.png,1,0.8242944478988647,0.9970921277999878,0.9934198260307312
Brain,9,phase1_hard,Ungood/img/01148_84.png,1,0.8214879631996155,0.9898861646652222,0.9698904752731323
Brain,9,phase1_hard,Ungood/img/01148_92.png,1,0.823237955570221,0.9944745898246765,0.9849381446838379
Brain,9,phase1_hard,Ungood/img/01151_60.png,1,0.8246827721595764,0.992592990398407,0.9886126518249512
Brain,9,phase1_hard,Ungood/img/01151_68.png,1,0.8237167000770569,0.9949507713317871,0.991783618927002
Brain,9,phase1_hard,Ungood/img/01151_76.png,1,0.8183073997497559,0.9936360120773315,0.9791161417961121
Brain,9,phase1_hard,Ungood/img/01151_84.png,1,0.8212549090385437,0.9595591425895691,0.8985334038734436
Brain,9,phase1_hard,Ungood/img/01151_92.png,1,0.8227713704109192,0.9155063629150391,0.8373416066169739
Brain,9,phase1_hard,Ungood/img/01153_60.png,1,0.8209412693977356,0.9992746710777283,0.9971243739128113
Brain,9,phase1_hard,Ungood/img/01153_68.png,1,0.8216394186019897,0.9968120455741882,0.9912609457969666
Brain,9,phase1_hard,Ungood/img/01153_76.png,1,0.8214821219444275,0.9979065656661987,0.9931712746620178
Brain,9,phase1_hard,Ungood/img/01153_84.png,1,0.8179932832717896,0.9955096244812012,0.9862695336341858
Brain,9,phase1_hard,Ungood/img/01153_92.png,1,0.8265675902366638,0.9952842593193054,0.9819605946540833
Brain,9,phase1_hard,Ungood/img/01155_60.png,1,0.8008437156677246,0.9885446429252625,0.9653366804122925
Brain,9,phase1_hard,Ungood/img/01155_68.png,1,0.8133549094200134,0.9871254563331604,0.956912100315094
Brain,9,phase1_hard,Ungood/img/01155_76.png,1,0.8201035261154175,0.9841724634170532,0.9680419564247131
Brain,9,phase1_hard,Ungood/img/01155_84.png,1,0.8249858021736145,0.9994785189628601,0.9984734654426575
Brain,9,phase1_hard,Ungood/img/01155_92.png,1,0.8191370368003845,0.9976183772087097,0.9940515160560608
Brain,9,phase1_hard,Ungood/img/01156_60.png,1,0.8249223232269287,0.9734035730361938,0.9575070142745972
Brain,9,phase1_hard,Ungood/img/01156_68.png,1,0.8270112872123718,0.986844539642334,0.9759061932563782
Brain,9,phase1_hard,Ungood/img/01156_76.png,1,0.8241655230522156,0.9527153372764587,0.8900141716003418
Brain,9,phase1_hard,Ungood/img/01156_84.png,1,0.8163761496543884,0.2383251041173935,0.08501656353473663
Brain,9,phase1_hard,Ungood/img/01156_92.png,1,0.815401554107666,0.0052557094022631645,0.0025476098526269197
Brain,9,phase1_hard,Ungood/img/01157_60.png,1,0.788977861404419,0.9509372115135193,0.7899248003959656
Brain,9,phase1_hard,Ungood/img/01157_68.png,1,0.819946825504303,0.9470354318618774,0.8604943752288818
Brain,9,phase1_hard,Ungood/img/01157_76.png,1,0.8122258186340332,0.9967607855796814,0.9923632740974426
Brain,9,phase1_hard,Ungood/img/01157_84.png,1,0.8188173174858093,0.9515206813812256,0.9044438004493713
Brain,9,phase1_hard,Ungood/img/01157_92.png,1,0.8230054974555969,0.9751013517379761,0.957872748374939
Brain,9,phase1_hard,Ungood/img/01158_60.png,1,0.8205865621566772,0.9928905963897705,0.9843226075172424
Brain,9,phase1_hard,Ungood/img/01158_68.png,1,0.808944582939148,0.9859533905982971,0.9639392495155334
Brain,9,phase1_hard,Ungood/img/01158_76.png,1,0.8108164668083191,0.9972304701805115,0.9899526834487915
Brain,9,phase1_hard,Ungood/img/01158_84.png,1,0.8195911645889282,0.9948800802230835,0.9912672638893127
Brain,9,phase1_hard,Ungood/img/01158_92.png,1,0.8128544092178345,0.9961205124855042,0.9934751391410828
Brain,9,phase1_hard,Ungood/img/01160_60.png,1,0.8252551555633545,0.9977564215660095,0.9955002069473267
Brain,9,phase1_hard,Ungood/img/01160_68.png,1,0.8234028816223145,0.9991200566291809,0.996791422367096
Brain,9,phase1_hard,Ungood/img/01160_76.png,1,0.8249642848968506,0.9974021911621094,0.9927586317062378
Brain,9,phase1_hard,Ungood/img/01160_84.png,1,0.8270911574363708,0.9901701807975769,0.9536294937133789
Brain,9,phase1_hard,Ungood/img/01160_92.png,1,0.8259264826774597,0.979462206363678,0.870081901550293
Brain,9,phase1_hard,Ungood/img/01163_60.png,1,0.8252707123756409,0.9966747760772705,0.9930058717727661
Brain,9,phase1_hard,Ungood/img/01163_68.png,1,0.8084176778793335,0.935232400894165,0.8976829648017883
Brain,9,phase1_hard,Ungood/img/01163_76.png,1,0.7983060479164124,0.9946159720420837,0.9446672201156616
Brain,9,phase1_hard,Ungood/img/01163_84.png,1,0.8060940504074097,0.9978171586990356,0.984373927116394
Brain,9,phase1_hard,Ungood/img/01163_92.png,1,0.8135476112365723,0.7899103760719299,0.48542165756225586
Brain,9,phase1_hard,Ungood/img/01167_60.png,1,0.8190905451774597,0.9939820170402527,0.992447555065155
Brain,9,phase1_hard,Ungood/img/01167_68.png,1,0.817293107509613,0.9797362089157104,0.9635082483291626
Brain,9,phase1_hard,Ungood/img/01167_76.png,1,0.8116688132286072,0.9950613379478455,0.9890480637550354
Brain,9,phase1_hard,Ungood/img/01167_84.png,1,0.8100521564483643,0.9952656030654907,0.9903406500816345
Brain,9,phase1_hard,Ungood/img/01167_92.png,1,0.8030067086219788,0.7594166994094849,0.5569055080413818
Brain,9,phase1_hard,Ungood/img/01168_60.png,1,0.8139442801475525,0.9990537762641907,0.9975917339324951
Brain,9,phase1_hard,Ungood/img/01168_68.png,1,0.822874903678894,0.9969267249107361,0.9956369400024414
Brain,9,phase1_hard,Ungood/img/01168_76.png,1,0.8182225823402405,0.9965400695800781,0.9958528876304626
Brain,9,phase1_hard,Ungood/img/01168_84.png,1,0.8136287331581116,0.9976415634155273,0.9971978664398193
Brain,9,phase1_hard,Ungood/img/01168_92.png,1,0.8080707788467407,0.9948846697807312,0.9934871792793274
Brain,9,phase1_hard,Ungood/img/01169_60.png,1,0.8257903456687927,0.9842348694801331,0.9794139862060547
Brain,9,phase1_hard,Ungood/img/01169_68.png,1,0.822507381439209,0.9988908171653748,0.9972125887870789
Brain,9,phase1_hard,Ungood/img/01169_76.png,1,0.8132262825965881,0.9943386912345886,0.9916181564331055
Brain,9,phase1_hard,Ungood/img/01169_84.png,1,0.8077115416526794,0.985948920249939,0.964436948299408
Brain,9,phase1_hard,Ungood/img/01169_92.png,1,0.8099145293235779,0.9902967810630798,0.985399067401886
Brain,9,phase1_hard,Ungood/img/01170_60.png,1,0.8187873363494873,0.9948607087135315,0.9928668141365051
Brain,9,phase1_hard,Ungood/img/01170_68.png,1,0.8175292611122131,0.46250656247138977,0.3504870533943176
Brain,9,phase1_hard,Ungood/img/01170_76.png,1,0.8110978007316589,0.9868643879890442,0.9780877232551575
Brain,9,phase1_hard,Ungood/img/01170_84.png,1,0.7971735596656799,0.1711096167564392,0.12111073732376099
Brain,9,phase1_hard,Ungood/img/01170_92.png,1,0.7944191098213196,1.863718352979049e-05,5.338826213119319e-06
Brain,9,phase1_hard,Ungood/img/01171_60.png,1,0.8202608227729797,0.9911022186279297,0.9882027506828308
Brain,9,phase1_hard,Ungood/img/01171_68.png,1,0.8163007497787476,0.9434008598327637,0.8755375742912292
Brain,9,phase1_hard,Ungood/img/01171_76.png,1,0.8181731104850769,0.9979472756385803,0.9953601360321045
Brain,9,phase1_hard,Ungood/img/01171_84.png,1,0.8105672001838684,0.9950469732284546,0.9891029000282288
Brain,9,phase1_hard,Ungood/img/01171_92.png,1,0.818592369556427,0.8469114303588867,0.6204322576522827
Brain,9,phase1_hard,Ungood/img/01172_60.png,1,0.8149388432502747,0.9647732377052307,0.9541001319885254
Brain,9,phase1_hard,Ungood/img/01172_68.png,1,0.815702497959137,0.9090136289596558,0.8648927211761475
Brain,9,phase1_hard,Ungood/img/01172_76.png,1,0.8222734332084656,0.9969103932380676,0.9927732944488525
Brain,9,phase1_hard,Ungood/img/01172_84.png,1,0.8225363492965698,0.9943515062332153,0.9822294116020203
Brain,9,phase1_hard,Ungood/img/01172_92.png,1,0.8243655562400818,0.9890139698982239,0.9592226147651672
Brain,9,phase1_hard,Ungood/img/01175_60.png,1,0.8278306126594543,0.9906889200210571,0.986657977104187
Brain,9,phase1_hard,Ungood/img/01175_68.png,1,0.8258723020553589,0.9464986324310303,0.9163947701454163
Brain,9,phase1_hard,Ungood/img/01175_76.png,1,0.8190298676490784,0.9938617944717407,0.9904254078865051
Brain,9,phase1_hard,Ungood/img/01175_84.png,1,0.8206918239593506,0.9230201244354248,0.8698035478591919
Brain,9,phase1_hard,Ungood/img/01175_92.png,1,0.817524790763855,0.9667578339576721,0.932283341884613
Brain,9,phase1_hard,Ungood/img/01179_60.png,1,0.8288417458534241,0.9777855277061462,0.9611214399337769
Brain,9,phase1_hard,Ungood/img/01179_68.png,1,0.8248352408409119,0.44590526819229126,0.3206019103527069
Brain,9,phase1_hard,Ungood/img/01179_76.png,1,0.8219698667526245,0.9579547047615051,0.9271768927574158
Brain,9,phase1_hard,Ungood/img/01179_84.png,1,0.8032283782958984,0.895114541053772,0.7817167043685913
Brain,9,phase1_hard,Ungood/img/01179_92.png,1,0.799295961856842,0.4896707236766815,0.3738850951194763
Brain,9,phase1_hard,Ungood/img/01180_60.png,1,0.8236904740333557,0.9994656443595886,0.9991827011108398
Brain,9,phase1_hard,Ungood/img/01180_68.png,1,0.8165847063064575,0.9389902353286743,0.9071820974349976
Brain,9,phase1_hard,Ungood/img/01180_76.png,1,0.8140796422958374,0.9987572431564331,0.9975036382675171
Brain,9,phase1_hard,Ungood/img/01180_84.png,1,0.8150138854980469,0.9437187314033508,0.9218047857284546
Brain,9,phase1_hard,Ungood/img/01180_92.png,1,0.8196741938591003,0.9282190799713135,0.8738095164299011
Brain,9,phase1_hard,Ungood/img/01182_60.png,1,0.81565922498703,0.9933172464370728,0.9901478886604309
Brain,9,phase1_hard,Ungood/img/01182_68.png,1,0.815152645111084,0.9360631108283997,0.8977376222610474
Brain,9,phase1_hard,Ungood/img/01182_76.png,1,0.8172471523284912,0.998309850692749,0.9973099231719971
Brain,9,phase1_hard,Ungood/img/01182_84.png,1,0.810084879398346,0.9471081495285034,0.9042574763298035
Brain,9,phase1_hard,Ungood/img/01182_92.png,1,0.8031543493270874,0.7884894609451294,0.5931181907653809
Brain,9,phase1_hard,Ungood/img/01185_60.png,1,0.8225801587104797,0.9979405999183655,0.9971434473991394
Brain,9,phase1_hard,Ungood/img/01185_68.png,1,0.8168416619300842,0.9985741376876831,0.9941954016685486
Brain,9,phase1_hard,Ungood/img/01185_76.png,1,0.8119742274284363,0.9971345663070679,0.9898314476013184
Brain,9,phase1_hard,Ungood/img/01185_84.png,1,0.8159406185150146,0.9774940013885498,0.9656602144241333
Brain,9,phase1_hard,Ungood/img/01185_92.png,1,0.820438802242279,0.9920532703399658,0.9829618334770203
Brain,9,phase1_hard,Ungood/img/01188_60.png,1,0.8212783932685852,0.9966726303100586,0.9934129118919373
Brain,9,phase1_hard,Ungood/img/01188_68.png,1,0.8192645907402039,0.9676447510719299,0.9597427248954773
Brain,9,phase1_hard,Ungood/img/01188_76.png,1,0.8192433714866638,0.9903945326805115,0.9787255525588989
Brain,9,phase1_hard,Ungood/img/01188_84.png,1,0.8143585324287415,0.9952783584594727,0.9934512972831726
Brain,9,phase1_hard,Ungood/img/01188_92.png,1,0.8157213926315308,0.9633976817131042,0.9400549530982971
Brain,9,phase1_hard,Ungood/img/01189_60.png,1,0.8214589953422546,0.9537845849990845,0.9130534529685974
Brain,9,phase1_hard,Ungood/img/01189_68.png,1,0.8119629621505737,0.9288206100463867,0.8722508549690247
Brain,9,phase1_hard,Ungood/img/01189_76.png,1,0.8125384449958801,0.957028865814209,0.9424372911453247
Brain,9,phase1_hard,Ungood/img/01189_84.png,1,0.8138778209686279,0.9225572943687439,0.8860753178596497
Brain,9,phase1_hard,Ungood/img/01189_92.png,1,0.8124824166297913,0.9933775067329407,0.9902644157409668
Brain,9,phase1_hard,Ungood/img/01190_60.png,1,0.8263393640518188,0.9824587106704712,0.9448608160018921
Brain,9,phase1_hard,Ungood/img/01190_68.png,1,0.8218631744384766,0.9963268637657166,0.9901821613311768
Brain,9,phase1_hard,Ungood/img/01190_76.png,1,0.8269501328468323,0.9882578253746033,0.9679582715034485
Brain,9,phase1_hard,Ungood/img/01190_84.png,1,0.8249462842941284,0.9930296540260315,0.9748644232749939
Brain,9,phase1_hard,Ungood/img/01190_92.png,1,0.8256857395172119,0.9820734262466431,0.9706296324729919
Brain,9,phase1_hard,Ungood/img/01194_60.png,1,0.8216854929924011,0.9995947480201721,0.9983570575714111
Brain,9,phase1_hard,Ungood/img/01194_68.png,1,0.8151899576187134,0.9990652203559875,0.9974750876426697
Brain,9,phase1_hard,Ungood/img/01194_76.png,1,0.8218079805374146,0.9990572333335876,0.9956023693084717
Brain,9,phase1_hard,Ungood/img/01194_84.png,1,0.8166999220848083,0.9989475607872009,0.9775896668434143
Brain,9,phase1_hard,Ungood/img/01194_92.png,1,0.8249679207801819,0.9900233149528503,0.9391581416130066
Brain,9,phase1_hard,Ungood/img/01195_60.png,1,0.8155819773674011,0.9952561259269714,0.9930064082145691
Brain,9,phase1_hard,Ungood/img/01195_68.png,1,0.8193411231040955,0.9766825437545776,0.9289645552635193
Brain,9,phase1_hard,Ungood/img/01195_76.png,1,0.8080866932868958,0.9957680702209473,0.947552502155304
Brain,9,phase1_hard,Ungood/img/01195_84.png,1,0.8182893395423889,0.9916459918022156,0.8402843475341797
Brain,9,phase1_hard,Ungood/img/01195_92.png,1,0.8176990151405334,0.5837035775184631,0.2101285606622696
Brain,9,phase1_hard,Ungood/img/01197_60.png,1,0.8229700922966003,0.8286276459693909,0.7035185098648071
Brain,9,phase1_hard,Ungood/img/01197_68.png,1,0.8206433653831482,0.996147632598877,0.9839074611663818
Brain,9,phase1_hard,Ungood/img/01197_76.png,1,0.8149724006652832,0.9983701109886169,0.9851371049880981
Brain,9,phase1_hard,Ungood/img/01197_84.png,1,0.8265178203582764,0.9968017339706421,0.9598110318183899
Brain,9,phase1_hard,Ungood/img/01197_92.png,1,0.8231109976768494,0.9995890259742737,0.995846688747406
Brain,9,phase1_hard,Ungood/img/01198_60.png,1,0.8170356750488281,0.9866602420806885,0.9582939743995667
Brain,9,phase1_hard,Ungood/img/01198_68.png,1,0.8167737722396851,0.9495017528533936,0.7251898646354675
Brain,9,phase1_hard,Ungood/img/01198_76.png,1,0.8093574643135071,0.9852774739265442,0.9242463707923889
Brain,9,phase1_hard,Ungood/img/01198_84.png,1,0.8017297983169556,0.1368407905101776,0.0340743251144886
Brain,9,phase1_hard,Ungood/img/01198_92.png,1,0.8142685294151306,0.8942926526069641,0.6756418347358704
Brain,9,phase1_hard,Ungood/img/01199_60.png,1,0.8255956768989563,0.9983946681022644,0.9965558648109436
Brain,9,phase1_hard,Ungood/img/01199_68.png,1,0.8233492374420166,0.9986636638641357,0.9954648613929749
Brain,9,phase1_hard,Ungood/img/01199_76.png,1,0.8170466423034668,0.9970971345901489,0.9916936159133911
Brain,9,phase1_hard,Ungood/img/01199_84.png,1,0.8101978898048401,0.9778797030448914,0.8485838770866394
Brain,9,phase1_hard,Ungood/img/01199_92.png,1,0.8188369870185852,0.994040310382843,0.984052300453186
Brain,9,phase1_hard,Ungood/img/01200_60.png,1,0.8229358196258545,0.9364897608757019,0.8788292407989502
Brain,9,phase1_hard,Ungood/img/01200_68.png,1,0.8174642324447632,0.9577442407608032,0.9067140817642212
Brain,9,phase1_hard,Ungood/img/01200_76.png,1,0.8168596029281616,0.9241283535957336,0.7253373265266418
Brain,9,phase1_hard,Ungood/img/01200_84.png,1,0.8133136630058289,0.3045632839202881,0.17726793885231018
Brain,9,phase1_hard,Ungood/img/01200_92.png,1,0.8209590315818787,0.779294490814209,0.5487513542175293
Brain,9,phase1_hard,Ungood/img/01202_60.png,1,0.8282096982002258,0.9991212487220764,0.9989843368530273
Brain,9,phase1_hard,Ungood/img/01202_68.png,1,0.8246387243270874,0.9993985891342163,0.9989616870880127
Brain,9,phase1_hard,Ungood/img/01202_76.png,1,0.8240177631378174,0.9992621541023254,0.9985142350196838
Brain,9,phase1_hard,Ungood/img/01202_84.png,1,0.8190178275108337,0.9931291937828064,0.9897253513336182
Brain,9,phase1_hard,Ungood/img/01202_92.png,1,0.82536381483078,0.9982459545135498,0.9972407817840576
Brain,9,phase1_hard,Ungood/img/01204_60.png,1,0.8164474964141846,0.9990424513816833,0.9985673427581787
Brain,9,phase1_hard,Ungood/img/01204_68.png,1,0.8074637055397034,0.9624586701393127,0.9441894888877869
Brain,9,phase1_hard,Ungood/img/01204_76.png,1,0.8174884915351868,0.9908191561698914,0.9840215444564819
Brain,9,phase1_hard,Ungood/img/01204_84.png,1,0.7970196008682251,0.0022861873731017113,0.000872498145326972
Brain,9,phase1_hard,Ungood/img/01204_92.png,1,0.8160107731819153,0.6996983289718628,0.4670117199420929
Brain,9,phase1_hard,Ungood/img/01206_60.png,1,0.8226273059844971,0.9917826652526855,0.9870581030845642
Brain,9,phase1_hard,Ungood/img/01206_68.png,1,0.8280137181282043,0.9994051456451416,0.9988366365432739
Brain,9,phase1_hard,Ungood/img/01206_76.png,1,0.825028121471405,0.9854753017425537,0.9777119159698486
Brain,9,phase1_hard,Ungood/img/01206_84.png,1,0.8270852565765381,0.9955849647521973,0.9912693500518799
Brain,9,phase1_hard,Ungood/img/01206_92.png,1,0.827242910861969,0.999653697013855,0.9992452263832092
Brain,9,phase1_hard,Ungood/img/01209_60.png,1,0.8219870328903198,0.9997840523719788,0.9993856549263
Brain,9,phase1_hard,Ungood/img/01209_68.png,1,0.8233906626701355,0.9986745119094849,0.9975215792655945
Brain,9,phase1_hard,Ungood/img/01209_76.png,1,0.8186118006706238,0.9994660019874573,0.9969577193260193
Brain,9,phase1_hard,Ungood/img/01209_84.png,1,0.8114273548126221,0.9962521195411682,0.9922272562980652
Brain,9,phase1_hard,Ungood/img/01209_92.png,1,0.822715163230896,0.9984340071678162,0.9963836669921875
Brain,9,phase1_hard,Ungood/img/01211_60.png,1,0.8241122364997864,0.9951890707015991,0.9564483761787415
Brain,9,phase1_hard,Ungood/img/01211_68.png,1,0.8248925805091858,0.9928556084632874,0.9350689053535461
Brain,9,phase1_hard,Ungood/img/01211_76.png,1,0.824985682964325,0.9889364838600159,0.8865907788276672
Brain,9,phase1_hard,Ungood/img/01211_84.png,1,0.8252172470092773,0.9816907048225403,0.9109119772911072
Brain,9,phase1_hard,Ungood/img/01211_92.png,1,0.8063250780105591,0.8618263006210327,0.43309709429740906
Brain,9,phase1_hard,Ungood/img/01213_60.png,1,0.8230606913566589,0.9979314804077148,0.990889847278595
Brain,9,phase1_hard,Ungood/img/01213_68.png,1,0.8222925662994385,0.9793297052383423,0.8908067345619202
Brain,9,phase1_hard,Ungood/img/01213_76.png,1,0.8126054406166077,0.9810112118721008,0.8407219052314758
Brain,9,phase1_hard,Ungood/img/01213_84.png,1,0.8223903179168701,0.9953595995903015,0.977220356464386
Brain,9,phase1_hard,Ungood/img/01213_92.png,1,0.820652186870575,0.9976836442947388,0.9809612035751343
Brain,9,phase1_hard,Ungood/img/01215_60.png,1,0.8209306597709656,0.9998434782028198,0.9995908737182617
Brain,9,phase1_hard,Ungood/img/01215_68.png,1,0.8219961524009705,0.9995169639587402,0.9993178248405457
Brain,9,phase1_hard,Ungood/img/01215_76.png,1,0.8220802545547485,0.9995779395103455,0.999226450920105
Brain,9,phase1_hard,Ungood/img/01215_84.png,1,0.8191218376159668,0.9954624772071838,0.978192150592804
Brain,9,phase1_hard,Ungood/img/01215_92.png,1,0.8120333552360535,0.8551638722419739,0.6277194023132324
Brain,9,phase1_hard,Ungood/img/01216_60.png,1,0.8185743689537048,0.9426091909408569,0.9299774169921875
Brain,9,phase1_hard,Ungood/img/01216_68.png,1,0.8210771679878235,0.9844356775283813,0.9521558880805969
Brain,9,phase1_hard,Ungood/img/01216_76.png,1,0.8218855857849121,0.9903106689453125,0.9436009526252747
Brain,9,phase1_hard,Ungood/img/01216_84.png,1,0.8223999738693237,0.9986494183540344,0.9956114888191223
Brain,9,phase1_hard,Ungood/img/01216_92.png,1,0.8225993514060974,0.9994094371795654,0.9972202181816101
Brain,9,phase1_hard,Ungood/img/01217_60.png,1,0.826843798160553,0.9994113445281982,0.9991706013679504
Brain,9,phase1_hard,Ungood/img/01217_68.png,1,0.8241668343544006,0.997153639793396,0.9956621527671814
Brain,9,phase1_hard,Ungood/img/01217_76.png,1,0.8197843432426453,0.982907235622406,0.9654589295387268
Brain,9,phase1_hard,Ungood/img/01217_84.png,1,0.8242802023887634,0.9972080588340759,0.9882333874702454
Brain,9,phase1_hard,Ungood/img/01217_92.png,1,0.8313723206520081,0.9950382113456726,0.9903448820114136
Brain,9,phase1_hard,Ungood/img/01218_60.png,1,0.8133136630058289,0.9990209341049194,0.9978905916213989
Brain,9,phase1_hard,Ungood/img/01218_68.png,1,0.8217421174049377,0.995704710483551,0.9876641631126404
Brain,9,phase1_hard,Ungood/img/01218_76.png,1,0.8135683536529541,0.9976565837860107,0.988846480846405
Brain,9,phase1_hard,Ungood/img/01218_84.png,1,0.8193585276603699,0.9979767203330994,0.9900374412536621
Brain,9,phase1_hard,Ungood/img/01218_92.png,1,0.8152546882629395,0.9804375767707825,0.9516430497169495
Brain,9,phase1_hard,Ungood/img/01220_60.png,1,0.8144829273223877,0.9961031675338745,0.9924924969673157
Brain,9,phase1_hard,Ungood/img/01220_68.png,1,0.8173145651817322,0.9878507256507874,0.9403150677680969
Brain,9,phase1_hard,Ungood/img/01220_76.png,1,0.8160181641578674,0.9451143145561218,0.7540812492370605
Brain,9,phase1_hard,Ungood/img/01220_84.png,1,0.8156073689460754,0.9829455614089966,0.8706079125404358
Brain,9,phase1_hard,Ungood/img/01220_92.png,1,0.8191032409667969,0.998508870601654,0.9914825558662415
Brain,9,phase1_hard,Ungood/img/01223_60.png,1,0.7994242906570435,0.9662227630615234,0.9407111406326294
Brain,9,phase1_hard,Ungood/img/01223_68.png,1,0.8151456713676453,0.992419421672821,0.9795006513595581
Brain,9,phase1_hard,Ungood/img/01223_76.png,1,0.8047072291374207,0.9715880751609802,0.8955675959587097
Brain,9,phase1_hard,Ungood/img/01223_84.png,1,0.8144561052322388,0.9995120763778687,0.9980884790420532
Brain,9,phase1_hard,Ungood/img/01223_92.png,1,0.814883828163147,0.9997289776802063,0.9960533976554871
Brain,9,phase1_hard,Ungood/img/01225_60.png,1,0.8196240663528442,0.9979269504547119,0.9952799081802368
Brain,9,phase1_hard,Ungood/img/01225_68.png,1,0.8175042271614075,0.9757615923881531,0.9549842476844788
Brain,9,phase1_hard,Ungood/img/01225_76.png,1,0.8272450566291809,0.999728262424469,0.9991531372070312
Brain,9,phase1_hard,Ungood/img/01225_84.png,1,0.831091582775116,0.998776376247406,0.9975570440292358
Brain,9,phase1_hard,Ungood/img/01225_92.png,1,0.8298400044441223,0.9973909258842468,0.989411473274231
Brain,9,phase1_hard,Ungood/img/01226_60.png,1,0.8219811916351318,0.999210000038147,0.996411919593811
Brain,9,phase1_hard,Ungood/img/01226_68.png,1,0.8189247250556946,0.4742973744869232,0.12585465610027313
Brain,9,phase1_hard,Ungood/img/01226_76.png,1,0.8223983645439148,0.9970097541809082,0.9612284302711487
Brain,9,phase1_hard,Ungood/img/01226_84.png,1,0.8296252489089966,0.9976947903633118,0.983764111995697
Brain,9,phase1_hard,Ungood/img/01226_92.png,1,0.8285689949989319,0.9971452355384827,0.9667870402336121
Brain,9,phase1_hard,Ungood/img/01228_60.png,1,0.824901819229126,0.9992689490318298,0.9984948635101318
Brain,9,phase1_hard,Ungood/img/01228_68.png,1,0.8272198438644409,0.9988800883293152,0.9957913756370544
Brain,9,phase1_hard,Ungood/img/01228_76.png,1,0.82574063539505,0.999845027923584,0.999492883682251
Brain,9,phase1_hard,Ungood/img/01228_84.png,1,0.827534556388855,0.9989664554595947,0.9984097480773926
Brain,9,phase1_hard,Ungood/img/01228_92.png,1,0.8260486125946045,0.9989317059516907,0.9971052408218384
Brain,9,phase1_hard,Ungood/img/01229_60.png,1,0.8288821578025818,0.9981314539909363,0.993471086025238
Brain,9,phase1_hard,Ungood/img/01229_68.png,1,0.8221220374107361,0.995591938495636,0.9853082895278931
Brain,9,phase1_hard,Ungood/img/01229_76.png,1,0.8238757252693176,0.9997383952140808,0.9992352724075317
Brain,9,phase1_hard,Ungood/img/01229_84.png,1,0.8263679146766663,0.9984960556030273,0.9969288110733032
Brain,9,phase1_hard,Ungood/img/01229_92.png,1,0.8196772336959839,0.8110182881355286,0.5922912955284119
Brain,9,phase1_hard,Ungood/img/01231_60.png,1,0.8218881487846375,0.9996316432952881,0.9989162087440491
Brain,9,phase1_hard,Ungood/img/01231_68.png,1,0.8163331151008606,0.9991137385368347,0.9969584345817566
Brain,9,phase1_hard,Ungood/img/01231_76.png,1,0.8181676864624023,0.998740017414093,0.9895133972167969
Brain,9,phase1_hard,Ungood/img/01231_84.png,1,0.8129878640174866,0.9980323910713196,0.987316906452179
Brain,9,phase1_hard,Ungood/img/01231_92.png,1,0.8199822902679443,0.9922214150428772,0.9560741782188416
Brain,9,phase1_hard,Ungood/img/01232_60.png,1,0.8116737008094788,0.9969845414161682,0.9936057925224304
Brain,9,phase1_hard,Ungood/img/01232_68.png,1,0.8162258863449097,0.9925998449325562,0.9849915504455566
Brain,9,phase1_hard,Ungood/img/01232_76.png,1,0.8136500120162964,0.8627634644508362,0.7296620011329651
Brain,9,phase1_hard,Ungood/img/01232_84.png,1,0.8169751763343811,0.9853535890579224,0.9182125329971313
Brain,9,phase1_hard,Ungood/img/01232_92.png,1,0.8189572095870972,0.7452160716056824,0.4615857005119324
Brain,9,phase1_hard,Ungood/img/01233_60.png,1,0.8192871809005737,0.9961836934089661,0.9905428290367126
Brain,9,phase1_hard,Ungood/img/01233_68.png,1,0.8186720013618469,0.9966102242469788,0.9915589690208435
Brain,9,phase1_hard,Ungood/img/01233_76.png,1,0.8244651556015015,0.9798135161399841,0.93902188539505
Brain,9,phase1_hard,Ungood/img/01233_84.png,1,0.8254827260971069,0.9954426288604736,0.9893590807914734
Brain,9,phase1_hard,Ungood/img/01233_92.png,1,0.8257132172584534,0.9972877502441406,0.9858523011207581
Brain,9,phase1_hard,Ungood/img/01238_60.png,1,0.8270445466041565,0.9992552399635315,0.9972097873687744
Brain,9,phase1_hard,Ungood/img/01238_68.png,1,0.8258374929428101,0.9997172951698303,0.9986656904220581
Brain,9,phase1_hard,Ungood/img/01238_76.png,1,0.8203454613685608,0.9984425902366638,0.9927048683166504
Brain,9,phase1_hard,Ungood/img/01238_84.png,1,0.81998211145401,0.9689117074012756,0.9470995664596558
Brain,9,phase1_hard,Ungood/img/01238_92.png,1,0.8251055479049683,0.9969049096107483,0.9846715331077576
Brain,9,phase1_hard,Ungood/img/01239_60.png,1,0.823783278465271,0.9903883337974548,0.9741317629814148
Brain,9,phase1_hard,Ungood/img/01239_68.png,1,0.8250477910041809,0.9952248334884644,0.9724817872047424
Brain,9,phase1_hard,Ungood/img/01239_76.png,1,0.8244248032569885,0.9992007613182068,0.9951353669166565
Brain,9,phase1_hard,Ungood/img/01239_84.png,1,0.821778416633606,0.9921079277992249,0.9121121168136597
Brain,9,phase1_hard,Ungood/img/01239_92.png,1,0.8256092071533203,0.9993537068367004,0.9950491786003113
Brain,9,phase1_hard,Ungood/img/01241_60.png,1,0.8277979493141174,0.9994133710861206,0.997201681137085
Brain,9,phase1_hard,Ungood/img/01241_68.png,1,0.8198440074920654,0.9990272521972656,0.9966157078742981
Brain,9,phase1_hard,Ungood/img/01241_76.png,1,0.8214189410209656,0.9998760223388672,0.9996371865272522
Brain,9,phase1_hard,Ungood/img/01241_84.png,1,0.8241752982139587,0.9998094439506531,0.9996352791786194
Brain,9,phase1_hard,Ungood/img/01241_92.png,1,0.8162503242492676,0.9996641874313354,0.9990720152854919
Brain,9,phase1_hard,Ungood/img/01242_60.png,1,0.8206173181533813,0.998579740524292,0.9937207698822021
Brain,9,phase1_hard,Ungood/img/01242_68.png,1,0.8239105939865112,0.999583899974823,0.996780514717102
Brain,9,phase1_hard,Ungood/img/01242_76.png,1,0.8229115605354309,0.9980282187461853,0.9911326169967651
Brain,9,phase1_hard,Ungood/img/01242_84.png,1,0.8144028782844543,0.9854390621185303,0.885781466960907
Brain,9,phase1_hard,Ungood/img/01242_92.png,1,0.823617696762085,0.9976786971092224,0.9827880263328552
Brain,9,phase1_hard,Ungood/img/01250_60.png,1,0.8246517181396484,0.9993083477020264,0.9989684820175171
Brain,9,phase1_hard,Ungood/img/01250_68.png,1,0.8229697346687317,0.9996585845947266,0.9989006519317627
Brain,9,phase1_hard,Ungood/img/01250_76.png,1,0.8266066312789917,0.9960774779319763,0.9880140423774719
Brain,9,phase1_hard,Ungood/img/01250_84.png,1,0.8209416270256042,0.9995067119598389,0.9980790019035339
Brain,9,phase1_hard,Ungood/img/01250_92.png,1,0.8268839716911316,0.9994439482688904,0.9982960224151611
Brain,9,phase1_hard,Ungood/img/01252_60.png,1,0.8149807453155518,0.9766319394111633,0.9349744915962219
Brain,9,phase1_hard,Ungood/img/01252_68.png,1,0.8188169002532959,0.842975378036499,0.7052695751190186
Brain,9,phase1_hard,Ungood/img/01252_76.png,1,0.8133957386016846,0.8469828367233276,0.40401116013526917
Brain,9,phase1_hard,Ungood/img/01252_84.png,1,0.8194321990013123,0.8690399527549744,0.38867297768592834
Brain,9,phase1_hard,Ungood/img/01252_92.png,1,0.7968129515647888,0.4315516948699951,0.0930689126253128
Brain,9,phase1_hard,Ungood/img/01253_60.png,1,0.823437511920929,0.9997736811637878,0.9995761513710022
Brain,9,phase1_hard,Ungood/img/01253_68.png,1,0.82268226146698,0.9996933937072754,0.9992986917495728
Brain,9,phase1_hard,Ungood/img/01253_76.png,1,0.8226658701896667,0.9998705387115479,0.9993616342544556
Brain,9,phase1_hard,Ungood/img/01253_84.png,1,0.8139519095420837,0.9095014333724976,0.8310591578483582
Brain,9,phase1_hard,Ungood/img/01253_92.png,1,0.8182034492492676,0.8017045259475708,0.6716052889823914
Brain,9,phase1_hard,Ungood/img/01254_60.png,1,0.8294126391410828,0.999337375164032,0.9985660910606384
Brain,9,phase1_hard,Ungood/img/01254_68.png,1,0.8243775367736816,0.999758780002594,0.9994357824325562
Brain,9,phase1_hard,Ungood/img/01254_76.png,1,0.8283721208572388,0.9998641014099121,0.9996349811553955
Brain,9,phase1_hard,Ungood/img/01254_84.png,1,0.8229829668998718,0.9985686540603638,0.9968106150627136
Brain,9,phase1_hard,Ungood/img/01254_92.png,1,0.8217046856880188,0.9991152882575989,0.9974043369293213
Brain,9,phase1_hard,Ungood/img/01256_60.png,1,0.8246557712554932,0.9993404746055603,0.9982033371925354
Brain,9,phase1_hard,Ungood/img/01256_68.png,1,0.8276212215423584,0.9996864795684814,0.998944103717804
Brain,9,phase1_hard,Ungood/img/01256_76.png,1,0.8285855054855347,0.9996224641799927,0.999470055103302
Brain,9,phase1_hard,Ungood/img/01256_84.png,1,0.8293596506118774,0.9997827410697937,0.9995672106742859
Brain,9,phase1_hard,Ungood/img/01256_92.png,1,0.8319989442825317,0.9993176460266113,0.998351514339447
Brain,9,phase1_hard,Ungood/img/01260_60.png,1,0.8272853493690491,0.9990181922912598,0.9971894025802612
Brain,9,phase1_hard,Ungood/img/01260_68.png,1,0.8263384103775024,0.9992849230766296,0.9967441558837891
Brain,9,phase1_hard,Ungood/img/01260_76.png,1,0.821631133556366,0.9981764554977417,0.9963316917419434
Brain,9,phase1_hard,Ungood/img/01260_84.png,1,0.823505163192749,0.9777987599372864,0.9459111094474792
Brain,9,phase1_hard,Ungood/img/01260_92.png,1,0.8270894885063171,0.9904218912124634,0.9665185213088989
Brain,9,phase1_hard,Ungood/img/01261_60.png,1,0.8272298574447632,0.9988283514976501,0.9951320886611938
Brain,9,phase1_hard,Ungood/img/01261_68.png,1,0.8199862837791443,0.9960594177246094,0.9892969131469727
Brain,9,phase1_hard,Ungood/img/01261_76.png,1,0.826004683971405,0.9948872923851013,0.9892903566360474
Brain,9,phase1_hard,Ungood/img/01261_84.png,1,0.8247413039207458,0.9940692186355591,0.9827149510383606
Brain,9,phase1_hard,Ungood/img/01261_92.png,1,0.8120288252830505,0.9653435945510864,0.7562543153762817
Brain,9,phase1_hard,Ungood/img/01262_60.png,1,0.8187009692192078,0.9978260397911072,0.9962542057037354
Brain,9,phase1_hard,Ungood/img/01262_68.png,1,0.8170518279075623,0.9826735854148865,0.9776522517204285
Brain,9,phase1_hard,Ungood/img/01262_76.png,1,0.8051652908325195,0.9638744592666626,0.9267874956130981
Brain,9,phase1_hard,Ungood/img/01262_84.png,1,0.7984671592712402,0.9520825743675232,0.7217220067977905
Brain,9,phase1_hard,Ungood/img/01262_92.png,1,0.8074355721473694,0.9953525066375732,0.9888564944267273
Brain,9,phase1_hard,Ungood/img/01265_60.png,1,0.8239983320236206,0.998286783695221,0.9956981539726257
Brain,9,phase1_hard,Ungood/img/01265_68.png,1,0.8195498585700989,0.9921934008598328,0.9814162254333496
Brain,9,phase1_hard,Ungood/img/01265_76.png,1,0.809679388999939,0.9904080033302307,0.9316651821136475
Brain,9,phase1_hard,Ungood/img/01265_84.png,1,0.8039748668670654,0.6427332162857056,0.19227561354637146
Brain,9,phase1_hard,Ungood/img/01265_92.png,1,0.5017908811569214,2.481575336332753e-07,1.9492719616209797e-07
Brain,9,phase1_hard,Ungood/img/01266_60.png,1,0.8198245763778687,0.9635106325149536,0.937053382396698
Brain,9,phase1_hard,Ungood/img/01266_68.png,1,0.82508385181427,0.9964407086372375,0.9782022833824158
Brain,9,phase1_hard,Ungood/img/01266_76.png,1,0.8200271725654602,0.9977099895477295,0.9935952425003052
Brain,9,phase1_hard,Ungood/img/01266_84.png,1,0.8222943544387817,0.999384880065918,0.9980481266975403
Brain,9,phase1_hard,Ungood/img/01266_92.png,1,0.8296222686767578,0.9995836615562439,0.9991295337677002
Brain,9,phase1_hard,Ungood/img/01267_60.png,1,0.8192195296287537,0.998016357421875,0.9965350031852722
Brain,9,phase1_hard,Ungood/img/01267_68.png,1,0.8204012513160706,0.9748898148536682,0.9584557414054871
Brain,9,phase1_hard,Ungood/img/01267_76.png,1,0.8170760869979858,0.9887591600418091,0.9770825505256653
Brain,9,phase1_hard,Ungood/img/01267_84.png,1,0.8154979944229126,0.9933992624282837,0.9743631482124329
Brain,9,phase1_hard,Ungood/img/01267_92.png,1,0.8169153332710266,0.953177273273468,0.8868938684463501
Brain,9,phase1_hard,Ungood/img/01269_60.png,1,0.8196523189544678,0.9947161078453064,0.9920477867126465
Brain,9,phase1_hard,Ungood/img/01269_68.png,1,0.8212811350822449,0.9937753677368164,0.9658201336860657
Brain,9,phase1_hard,Ungood/img/01269_76.png,1,0.8252968192100525,0.9925835132598877,0.9180882573127747
Brain,9,phase1_hard,Ungood/img/01269_84.png,1,0.8259367346763611,0.9942810535430908,0.9618258476257324
Brain,9,phase1_hard,Ungood/img/01269_92.png,1,0.8212235569953918,0.9260550737380981,0.8586850762367249
Brain,9,phase1_hard,Ungood/img/01270_60.png,1,0.8268094062805176,0.9989467263221741,0.9972851872444153
Brain,9,phase1_hard,Ungood/img/01270_68.png,1,0.8290830850601196,0.9969704151153564,0.99239182472229
Brain,9,phase1_hard,Ungood/img/01270_76.png,1,0.825559139251709,0.9978911280632019,0.9952360987663269
Brain,9,phase1_hard,Ungood/img/01270_84.png,1,0.8290911912918091,0.9996621608734131,0.9993923902511597
Brain,9,phase1_hard,Ungood/img/01270_92.png,1,0.8291803598403931,0.9996576309204102,0.9992974400520325
Brain,9,phase1_hard,Ungood/img/01278_60.png,1,0.8182227611541748,0.9959958791732788,0.9901800155639648
Brain,9,phase1_hard,Ungood/img/01278_68.png,1,0.8208174109458923,0.9917497038841248,0.9752252697944641
Brain,9,phase1_hard,Ungood/img/01278_76.png,1,0.8196169137954712,0.997138261795044,0.9424296021461487
Brain,9,phase1_hard,Ungood/img/01278_84.png,1,0.8259235620498657,0.9970815777778625,0.9664167761802673
Brain,9,phase1_hard,Ungood/img/01278_92.png,1,0.8252075910568237,0.9964239001274109,0.9581748247146606
Brain,9,phase1_hard,Ungood/img/01280_60.png,1,0.8292860388755798,0.9981666803359985,0.9963197708129883
Brain,9,phase1_hard,Ungood/img/01280_68.png,1,0.826887309551239,0.99972003698349,0.9995288252830505
Brain,9,phase1_hard,Ungood/img/01280_76.png,1,0.8223901987075806,0.9995535016059875,0.9989343285560608
Brain,9,phase1_hard,Ungood/img/01280_84.png,1,0.8228884339332581,0.9970149993896484,0.9959490299224854
Brain,9,phase1_hard,Ungood/img/01280_92.png,1,0.8239231705665588,0.9992478489875793,0.9983388781547546
Brain,9,phase1_hard,Ungood/img/01281_60.png,1,0.8259022831916809,0.9862877130508423,0.9602771401405334
Brain,9,phase1_hard,Ungood/img/01281_68.png,1,0.8226014971733093,0.9996589422225952,0.9983037710189819
Brain,9,phase1_hard,Ungood/img/01281_76.png,1,0.8242107033729553,0.9971754550933838,0.9932055473327637
Brain,9,phase1_hard,Ungood/img/01281_84.png,1,0.8304707407951355,0.9991438388824463,0.9981833100318909
Brain,9,phase1_hard,Ungood/img/01281_92.png,1,0.8248249292373657,0.9972196817398071,0.9949608445167542
Brain,9,phase1_hard,Ungood/img/01282_60.png,1,0.8295066356658936,0.9479632377624512,0.9030839204788208
Brain,9,phase1_hard,Ungood/img/01282_68.png,1,0.8125274181365967,0.9553596377372742,0.9071378707885742
Brain,9,phase1_hard,Ungood/img/01282_76.png,1,0.8251067399978638,0.9958541393280029,0.9719583988189697
Brain,9,phase1_hard,Ungood/img/01282_84.png,1,0.828181266784668,0.9954657554626465,0.9881927371025085
Brain,9,phase1_hard,Ungood/img/01282_92.png,1,0.8271470665931702,0.9945857524871826,0.9654945135116577
Brain,9,phase1_hard,Ungood/img/01283_60.png,1,0.8297568559646606,0.9980905652046204,0.9973922967910767
Brain,9,phase1_hard,Ungood/img/01283_68.png,1,0.8320963382720947,0.9993972778320312,0.9985628128051758
Brain,9,phase1_hard,Ungood/img/01283_76.png,1,0.8281024098396301,0.9940069913864136,0.9859566688537598
Brain,9,phase1_hard,Ungood/img/01283_84.png,1,0.8283560276031494,0.9966015815734863,0.9926145076751709
Brain,9,phase1_hard,Ungood/img/01283_92.png,1,0.8317195773124695,0.84912109375,0.7432137131690979
Brain,9,phase1_hard,Ungood/img/01284_60.png,1,0.826206624507904,0.9976775050163269,0.9964743256568909
Brain,9,phase1_hard,Ungood/img/01284_68.png,1,0.828540563583374,0.9931333661079407,0.9820836186408997
Brain,9,phase1_hard,Ungood/img/01284_76.png,1,0.8246722221374512,0.9972848892211914,0.9946615695953369
Brain,9,phase1_hard,Ungood/img/01284_84.png,1,0.826296865940094,0.9943420886993408,0.9873048663139343
Brain,9,phase1_hard,Ungood/img/01284_92.png,1,0.8221041560173035,0.9927990436553955,0.9876707196235657
Brain,9,phase1_hard,Ungood/img/01285_60.png,1,0.8255947828292847,0.98811274766922,0.9777795076370239
Brain,9,phase1_hard,Ungood/img/01285_68.png,1,0.8154270648956299,0.9902098178863525,0.949850857257843
Brain,9,phase1_hard,Ungood/img/01285_76.png,1,0.822664201259613,0.9990606904029846,0.9977520108222961
Brain,9,phase1_hard,Ungood/img/01285_84.png,1,0.8238458633422852,0.9978135824203491,0.9927077889442444
Brain,9,phase1_hard,Ungood/img/01285_92.png,1,0.8301640748977661,0.999580442905426,0.998930037021637
Brain,9,phase1_hard,Ungood/img/01286_60.png,1,0.8251880407333374,0.9985511898994446,0.9941333532333374
Brain,9,phase1_hard,Ungood/img/01286_68.png,1,0.825308084487915,0.99988853931427,0.9995448589324951
Brain,9,phase1_hard,Ungood/img/01286_76.png,1,0.8257004618644714,0.9998501539230347,0.9995395541191101
Brain,9,phase1_hard,Ungood/img/01286_84.png,1,0.8264904618263245,0.9997472167015076,0.9989671111106873
Brain,9,phase1_hard,Ungood/img/01286_92.png,1,0.822908878326416,0.9977149963378906,0.9937465786933899
Brain,9,phase1_hard,Ungood/img/01290_60.png,1,0.8184211254119873,0.9485679864883423,0.8519414663314819
Brain,9,phase1_hard,Ungood/img/01290_68.png,1,0.8143977522850037,0.9968059062957764,0.9955219626426697
Brain,9,phase1_hard,Ungood/img/01290_76.png,1,0.8111883997917175,0.9967249035835266,0.9882333278656006
Brain,9,phase1_hard,Ungood/img/01290_84.png,1,0.79463791847229,0.9700315594673157,0.9323075413703918
Brain,9,phase1_hard,Ungood/img/01290_92.png,1,0.7934954166412354,0.9043087959289551,0.523293137550354
Brain,9,phase1_hard,Ungood/img/01292_60.png,1,0.8195623159408569,0.9720301032066345,0.9297196865081787
Brain,9,phase1_hard,Ungood/img/01292_68.png,1,0.8257197141647339,0.9995782971382141,0.9958454370498657
Brain,9,phase1_hard,Ungood/img/01292_76.png,1,0.825424313545227,0.9948849081993103,0.9636277556419373
Brain,9,phase1_hard,Ungood/img/01292_84.png,1,0.8280259370803833,0.9992638230323792,0.9944601058959961
Brain,9,phase1_hard,Ungood/img/01292_92.png,1,0.8267850875854492,0.9995883107185364,0.9954341053962708
Brain,9,phase1_hard,Ungood/img/01293_60.png,1,0.8226708173751831,0.9925978183746338,0.9863069653511047
Brain,9,phase1_hard,Ungood/img/01293_68.png,1,0.8293249607086182,0.9988414645195007,0.9960702657699585
Brain,9,phase1_hard,Ungood/img/01293_76.png,1,0.8260195851325989,0.9890947937965393,0.9385545253753662
Brain,9,phase1_hard,Ungood/img/01293_84.png,1,0.8234302401542664,0.9976740479469299,0.9708558320999146
Brain,9,phase1_hard,Ungood/img/01293_92.png,1,0.8219319581985474,0.9921716451644897,0.9652755260467529
Brain,9,phase1_hard,Ungood/img/01294_60.png,1,0.8240649700164795,0.9982321858406067,0.9955714344978333
Brain,9,phase1_hard,Ungood/img/01294_68.png,1,0.8237548470497131,0.9980272650718689,0.9932425022125244
Brain,9,phase1_hard,Ungood/img/01294_76.png,1,0.8217100501060486,0.9971298575401306,0.9902294874191284
Brain,9,phase1_hard,Ungood/img/01294_84.png,1,0.8169171214103699,0.9996134638786316,0.998589038848877
Brain,9,phase1_hard,Ungood/img/01294_92.png,1,0.8207091689109802,0.999206006526947,0.994114100933075
Brain,9,phase1_hard,Ungood/img/01296_60.png,1,0.8278966546058655,0.9993783235549927,0.9990313649177551
Brain,9,phase1_hard,Ungood/img/01296_68.png,1,0.8269728422164917,0.9990079998970032,0.9981407523155212
Brain,9,phase1_hard,Ungood/img/01296_76.png,1,0.8258959054946899,0.9994611144065857,0.9985875487327576
Brain,9,phase1_hard,Ungood/img/01296_84.png,1,0.829003632068634,0.997287392616272,0.9955058097839355
Brain,9,phase1_hard,Ungood/img/01296_92.png,1,0.8278156518936157,0.995084822177887,0.9926092028617859
Brain,9,phase1_hard,Ungood/img/01297_60.png,1,0.8268486857414246,0.9987438321113586,0.9982057213783264
Brain,9,phase1_hard,Ungood/img/01297_68.png,1,0.8262210488319397,0.9971745014190674,0.9967397451400757
Brain,9,phase1_hard,Ungood/img/01297_76.png,1,0.8232160806655884,0.9987804293632507,0.9975115060806274
Brain,9,phase1_hard,Ungood/img/01297_84.png,1,0.8211968541145325,0.9991664886474609,0.9982825517654419
Brain,9,phase1_hard,Ungood/img/01297_92.png,1,0.8231914043426514,0.9972800016403198,0.9953481554985046
Brain,9,phase1_hard,Ungood/img/01299_60.png,1,0.8291434645652771,0.9994412064552307,0.9986556172370911
Brain,9,phase1_hard,Ungood/img/01299_68.png,1,0.829270601272583,0.9994989633560181,0.9990563988685608
Brain,9,phase1_hard,Ungood/img/01299_76.png,1,0.8269250392913818,0.9997017979621887,0.9991079568862915
Brain,9,phase1_hard,Ungood/img/01299_84.png,1,0.8233015537261963,0.9996680021286011,0.9991819262504578
Brain,9,phase1_hard,Ungood/img/01299_92.png,1,0.827665388584137,0.9986538887023926,0.9977010488510132
Brain,9,phase1_hard,Ungood/img/01300_60.png,1,0.8161137700080872,0.9957507848739624,0.9904053807258606
Brain,9,phase1_hard,Ungood/img/01300_68.png,1,0.8165656328201294,0.9991043210029602,0.9986132383346558
Brain,9,phase1_hard,Ungood/img/01300_76.png,1,0.816921055316925,0.9976165294647217,0.9872942566871643
Brain,9,phase1_hard,Ungood/img/01300_84.png,1,0.7982738614082336,0.9643130898475647,0.9161040186882019
Brain,9,phase1_hard,Ungood/img/01300_92.png,1,0.7994988560676575,0.9765539169311523,0.9166919589042664
Brain,9,phase1_hard,Ungood/img/01302_60.png,1,0.8214647769927979,0.9990735054016113,0.9973282814025879
Brain,9,phase1_hard,Ungood/img/01302_68.png,1,0.8246899843215942,0.9971073269844055,0.9955114126205444
Brain,9,phase1_hard,Ungood/img/01302_76.png,1,0.824741780757904,0.9961650371551514,0.9920040369033813
Brain,9,phase1_hard,Ungood/img/01302_84.png,1,0.812076985836029,0.9954590797424316,0.9841002821922302
Brain,9,phase1_hard,Ungood/img/01302_92.png,1,0.8252773284912109,0.9972019195556641,0.9893304109573364
Brain,9,phase1_hard,Ungood/img/01303_60.png,1,0.8214135766029358,0.9981237053871155,0.9961644411087036
Brain,9,phase1_hard,Ungood/img/01303_68.png,1,0.8273993134498596,0.9918608069419861,0.9766733050346375
Brain,9,phase1_hard,Ungood/img/01303_76.png,1,0.8243516087532043,0.9991476535797119,0.9937433004379272
Brain,9,phase1_hard,Ungood/img/01303_84.png,1,0.819013237953186,0.9915054440498352,0.9678395986557007
Brain,9,phase1_hard,Ungood/img/01303_92.png,1,0.8259349465370178,0.9936709403991699,0.9854050278663635
Brain,9,phase1_hard,Ungood/img/01304_60.png,1,0.8234420418739319,0.9882841110229492,0.9791343808174133
Brain,9,phase1_hard,Ungood/img/01304_68.png,1,0.821823000907898,0.9964350461959839,0.9825653433799744
Brain,9,phase1_hard,Ungood/img/01304_76.png,1,0.8264850974082947,0.9991275668144226,0.9947032928466797
Brain,9,phase1_hard,Ungood/img/01304_84.png,1,0.8166323304176331,0.9976551532745361,0.990883469581604
Brain,9,phase1_hard,Ungood/img/01304_92.png,1,0.8216049075126648,0.9966824650764465,0.9930947422981262
Brain,9,phase1_hard,Ungood/img/01306_60.png,1,0.8159526586532593,0.9845991134643555,0.9544876217842102
Brain,9,phase1_hard,Ungood/img/01306_68.png,1,0.819640576839447,0.9996123909950256,0.9967721700668335
Brain,9,phase1_hard,Ungood/img/01306_76.png,1,0.8160157799720764,0.9993757605552673,0.9974073171615601
Brain,9,phase1_hard,Ungood/img/01306_84.png,1,0.8151154518127441,0.9990131855010986,0.9964784979820251
Brain,9,phase1_hard,Ungood/img/01306_92.png,1,0.8091096878051758,0.9972002506256104,0.9866244792938232
Brain,9,phase1_hard,Ungood/img/01307_60.png,1,0.8243089318275452,0.999591052532196,0.9990540146827698
Brain,9,phase1_hard,Ungood/img/01307_68.png,1,0.8192483186721802,0.9975093603134155,0.9954060912132263
Brain,9,phase1_hard,Ungood/img/01307_76.png,1,0.8250319361686707,0.9979063272476196,0.994140625
Brain,9,phase1_hard,Ungood/img/01307_84.png,1,0.828112781047821,0.9992474317550659,0.9988276958465576
Brain,9,phase1_hard,Ungood/img/01307_92.png,1,0.8211668133735657,0.9959587454795837,0.994078516960144
Brain,9,phase1_hard,Ungood/img/01310_60.png,1,0.8227421045303345,0.9817655086517334,0.9279910922050476
Brain,9,phase1_hard,Ungood/img/01310_68.png,1,0.8043084144592285,0.9838742017745972,0.954984724521637
Brain,9,phase1_hard,Ungood/img/01310_76.png,1,0.7889058589935303,0.9381723403930664,0.8586564064025879
Brain,9,phase1_hard,Ungood/img/01310_84.png,1,0.7893840074539185,0.8754540085792542,0.7790975570678711
Brain,9,phase1_hard,Ungood/img/01310_92.png,1,0.8136807680130005,0.8223646879196167,0.6145657896995544
Brain,9,phase1_hard,Ungood/img/01311_60.png,1,0.8168743252754211,0.975042998790741,0.9266721606254578
Brain,9,phase1_hard,Ungood/img/01311_68.png,1,0.8125523924827576,0.9953649044036865,0.990565299987793
Brain,9,phase1_hard,Ungood/img/01311_76.png,1,0.8112114667892456,0.9910382032394409,0.9729402661323547
Brain,9,phase1_hard,Ungood/img/01311_84.png,1,0.8233219385147095,0.9864470958709717,0.9721308350563049
Brain,9,phase1_hard,Ungood/img/01311_92.png,1,0.8271322846412659,0.9603928327560425,0.9204401969909668
Brain,9,phase1_hard,Ungood/img/01312_60.png,1,0.8267257213592529,0.9991807341575623,0.9987946152687073
Brain,9,phase1_hard,Ungood/img/01312_68.png,1,0.8168606758117676,0.9967748522758484,0.983209490776062
Brain,9,phase1_hard,Ungood/img/01312_76.png,1,0.8187301754951477,0.9901431798934937,0.9788994193077087
Brain,9,phase1_hard,Ungood/img/01312_84.png,1,0.8241657018661499,0.9800001382827759,0.9308392405509949
Brain,9,phase1_hard,Ungood/img/01312_92.png,1,0.8215095400810242,0.9635912179946899,0.8729302883148193
Brain,9,phase1_hard,Ungood/img/01313_60.png,1,0.8282377123832703,0.9979854822158813,0.9850353002548218
Brain,9,phase1_hard,Ungood/img/01313_68.png,1,0.8302387595176697,0.9963255524635315,0.9881850481033325
Brain,9,phase1_hard,Ungood/img/01313_76.png,1,0.8223158717155457,0.9984209537506104,0.9961179494857788
Brain,9,phase1_hard,Ungood/img/01313_84.png,1,0.824676513671875,0.9752707481384277,0.9553830623626709
Brain,9,phase1_hard,Ungood/img/01313_92.png,1,0.8237699270248413,0.9919754862785339,0.9861833453178406
Brain,9,phase1_hard,Ungood/img/01315_60.png,1,0.8213552832603455,0.9974912405014038,0.9969900846481323
Brain,9,phase1_hard,Ungood/img/01315_68.png,1,0.8225624561309814,0.9972374439239502,0.9927440285682678
Brain,9,phase1_hard,Ungood/img/01315_76.png,1,0.8258801102638245,0.9991047978401184,0.9982833862304688
Brain,9,phase1_hard,Ungood/img/01315_84.png,1,0.8270912766456604,0.9977632761001587,0.991659939289093
Brain,9,phase1_hard,Ungood/img/01315_92.png,1,0.8269745111465454,0.9966171383857727,0.9886311888694763
Brain,9,phase1_hard,Ungood/img/01316_60.png,1,0.8208940029144287,0.9864833950996399,0.9813130497932434
Brain,9,phase1_hard,Ungood/img/01316_68.png,1,0.8193392753601074,0.9929115176200867,0.9889724850654602
Brain,9,phase1_hard,Ungood/img/01316_76.png,1,0.8170238137245178,0.9976106882095337,0.9948459267616272
Brain,9,phase1_hard,Ungood/img/01316_84.png,1,0.8153285384178162,0.9607646465301514,0.8828564286231995
Brain,9,phase1_hard,Ungood/img/01316_92.png,1,0.818267285823822,0.9670973420143127,0.8609073162078857
Brain,9,phase1_hard,Ungood/img/01320_60.png,1,0.8288719058036804,0.9979844093322754,0.9974449276924133
Brain,9,phase1_hard,Ungood/img/01320_68.png,1,0.8307324051856995,0.993054211139679,0.9870291948318481
Brain,9,phase1_hard,Ungood/img/01320_76.png,1,0.8306536674499512,0.9950776696205139,0.9937408566474915
Brain,9,phase1_hard,Ungood/img/01320_84.png,1,0.8306592106819153,0.9863291382789612,0.9792929887771606
Brain,9,phase1_hard,Ungood/img/01320_92.png,1,0.8267967700958252,0.9977287650108337,0.9963011741638184
Brain,9,phase1_hard,Ungood/img/01321_60.png,1,0.8287698030471802,0.9993002414703369,0.9987689256668091
Brain,9,phase1_hard,Ungood/img/01321_68.png,1,0.8276568055152893,0.981130063533783,0.9047104120254517
Brain,9,phase1_hard,Ungood/img/01321_76.png,1,0.8215006589889526,0.9917226433753967,0.9865051507949829
Brain,9,phase1_hard,Ungood/img/01321_84.png,1,0.826137363910675,0.9976224303245544,0.996383011341095
Brain,9,phase1_hard,Ungood/img/01321_92.png,1,0.8263217210769653,0.9975812435150146,0.9960760474205017
Brain,9,phase1_hard,Ungood/img/01323_60.png,1,0.8127443790435791,0.9983178377151489,0.9967172145843506
Brain,9,phase1_hard,Ungood/img/01323_68.png,1,0.8184376955032349,0.998363196849823,0.9969573616981506
Brain,9,phase1_hard,Ungood/img/01323_76.png,1,0.8224242329597473,0.9971062541007996,0.9951801300048828
Brain,9,phase1_hard,Ungood/img/01323_84.png,1,0.8199162483215332,0.9990938901901245,0.9983474016189575
Brain,9,phase1_hard,Ungood/img/01323_92.png,1,0.8194584250450134,0.9724435210227966,0.9375442266464233
Brain,9,phase1_hard,Ungood/img/01324_60.png,1,0.8293262720108032,0.9995056390762329,0.9992324113845825
Brain,9,phase1_hard,Ungood/img/01324_68.png,1,0.8272567987442017,0.9997643828392029,0.9996054172515869
Brain,9,phase1_hard,Ungood/img/01324_76.png,1,0.8270209431648254,0.995930016040802,0.989464282989502
Brain,9,phase1_hard,Ungood/img/01324_84.png,1,0.8264591097831726,0.9967213273048401,0.9953684210777283
Brain,9,phase1_hard,Ungood/img/01324_92.png,1,0.8260635733604431,0.9973983764648438,0.9958668351173401
Brain,9,phase1_hard,Ungood/img/01326_60.png,1,0.8279743194580078,0.9971392154693604,0.9954057335853577
Brain,9,phase1_hard,Ungood/img/01326_68.png,1,0.8258810639381409,0.9990806579589844,0.9975396990776062
Brain,9,phase1_hard,Ungood/img/01326_76.png,1,0.8164159655570984,0.9934443235397339,0.9886757731437683
Brain,9,phase1_hard,Ungood/img/01326_84.png,1,0.826996386051178,0.997771143913269,0.9939417839050293
Brain,9,phase1_hard,Ungood/img/01326_92.png,1,0.8279690146446228,0.9993337988853455,0.9981623888015747
Brain,9,phase1_hard,Ungood/img/01329_60.png,1,0.8176153898239136,0.9242963790893555,0.7856443524360657
Brain,9,phase1_hard,Ungood/img/01329_68.png,1,0.8200711607933044,0.9968084692955017,0.9852096438407898
Brain,9,phase1_hard,Ungood/img/01329_76.png,1,0.8255634307861328,0.9808136820793152,0.9504342079162598
Brain,9,phase1_hard,Ungood/img/01329_84.png,1,0.8244515061378479,0.9899313449859619,0.9721024036407471
Brain,9,phase1_hard,Ungood/img/01329_92.png,1,0.8233324289321899,0.9951586127281189,0.945768415927887
Brain,9,phase1_hard,Ungood/img/01335_60.png,1,0.8233794569969177,0.9966360330581665,0.9913129806518555
Brain,9,phase1_hard,Ungood/img/01335_68.png,1,0.822697103023529,0.9984574317932129,0.9965038299560547
Brain,9,phase1_hard,Ungood/img/01335_76.png,1,0.8282302021980286,0.9981297850608826,0.9937121868133545
Brain,9,phase1_hard,Ungood/img/01335_84.png,1,0.8298331499099731,0.9989849925041199,0.9957677721977234
Brain,9,phase1_hard,Ungood/img/01335_92.png,1,0.8310061097145081,0.9992996454238892,0.9928882718086243
Brain,9,phase1_hard,Ungood/img/01337_60.png,1,0.826590895652771,0.9991946816444397,0.9969391822814941
Brain,9,phase1_hard,Ungood/img/01337_68.png,1,0.8279387950897217,0.999638557434082,0.9983741641044617
Brain,9,phase1_hard,Ungood/img/01337_76.png,1,0.8258100152015686,0.9984934329986572,0.9929103851318359
Brain,9,phase1_hard,Ungood/img/01337_84.png,1,0.8203213214874268,0.996455729007721,0.9756083488464355
Brain,9,phase1_hard,Ungood/img/01337_92.png,1,0.8161143064498901,0.9895781874656677,0.8978295922279358
Brain,9,phase1_hard,Ungood/img/01338_60.png,1,0.8172978758811951,0.9981993436813354,0.9967491626739502
Brain,9,phase1_hard,Ungood/img/01338_68.png,1,0.8154498338699341,0.9991996884346008,0.9976994395256042
Brain,9,phase1_hard,Ungood/img/01338_76.png,1,0.8180246353149414,0.9997974038124084,0.9994603991508484
Brain,9,phase1_hard,Ungood/img/01338_84.png,1,0.816673755645752,0.9994012117385864,0.9989997744560242
Brain,9,phase1_hard,Ungood/img/01338_92.png,1,0.8191155195236206,0.9993575215339661,0.998986542224884
Brain,9,phase1_hard,Ungood/img/01339_60.png,1,0.8210390210151672,0.9932835102081299,0.9814226031303406
Brain,9,phase1_hard,Ungood/img/01339_68.png,1,0.8261933326721191,0.9984267950057983,0.9929379224777222
Brain,9,phase1_hard,Ungood/img/01339_76.png,1,0.8219907283782959,0.9982569813728333,0.9855522513389587
Brain,9,phase1_hard,Ungood/img/01339_84.png,1,0.8212234377861023,0.9838518500328064,0.8638298511505127
Brain,9,phase1_hard,Ungood/img/01339_92.png,1,0.8268354535102844,0.9704852104187012,0.9072327613830566
Brain,9,phase1_hard,Ungood/img/01343_60.png,1,0.8162876963615417,0.9997830986976624,0.9990119934082031
Brain,9,phase1_hard,Ungood/img/01343_68.png,1,0.8221181035041809,0.9997850060462952,0.9991565942764282
Brain,9,phase1_hard,Ungood/img/01343_76.png,1,0.8201765418052673,0.9994179010391235,0.9978469610214233
Brain,9,phase1_hard,Ungood/img/01343_84.png,1,0.8237015604972839,0.9990767240524292,0.9982630014419556
Brain,9,phase1_hard,Ungood/img/01343_92.png,1,0.8239083290100098,0.9916160702705383,0.9826719164848328
Brain,9,phase1_hard,Ungood/img/01345_60.png,1,0.8242472410202026,0.9986236095428467,0.996436595916748
Brain,9,phase1_hard,Ungood/img/01345_68.png,1,0.8203913569450378,0.9995816349983215,0.9986381530761719
Brain,9,phase1_hard,Ungood/img/01345_76.png,1,0.8236303329467773,0.998454213142395,0.9905976057052612
Brain,9,phase1_hard,Ungood/img/01345_84.png,1,0.8232547640800476,0.9318221807479858,0.7754225730895996
Brain,9,phase1_hard,Ungood/img/01345_92.png,1,0.8116683959960938,0.6315593123435974,0.42111068964004517
Brain,9,phase1_hard,Ungood/img/01346_60.png,1,0.8195757865905762,0.9939364790916443,0.9832920432090759
Brain,9,phase1_hard,Ungood/img/01346_68.png,1,0.8249837756156921,0.999294638633728,0.9981687068939209
Brain,9,phase1_hard,Ungood/img/01346_76.png,1,0.8179415464401245,0.9995974898338318,0.9983205199241638
Brain,9,phase1_hard,Ungood/img/01346_84.png,1,0.8177885413169861,0.9989996552467346,0.9970893263816833
Brain,9,phase1_hard,Ungood/img/01346_92.png,1,0.8232380747795105,0.9997137188911438,0.9991897344589233
Brain,9,phase1_hard,Ungood/img/01347_60.png,1,0.8283079266548157,0.9973459243774414,0.994186282157898
Brain,9,phase1_hard,Ungood/img/01347_68.png,1,0.8248049020767212,0.9990053772926331,0.99640291929245
Brain,9,phase1_hard,Ungood/img/01347_76.png,1,0.8217867016792297,0.9902291297912598,0.9801988005638123
Brain,9,phase1_hard,Ungood/img/01347_84.png,1,0.8224320411682129,0.2707435190677643,0.08416315913200378
Brain,9,phase1_hard,Ungood/img/01347_92.png,1,0.8068147897720337,0.3296184241771698,0.050162531435489655
Brain,9,phase1_hard,Ungood/img/01354_60.png,1,0.8177406787872314,0.9987916350364685,0.9975601434707642
Brain,9,phase1_hard,Ungood/img/01354_68.png,1,0.8202898502349854,0.9974806904792786,0.9959343075752258
Brain,9,phase1_hard,Ungood/img/01354_76.png,1,0.8216429352760315,0.9963676929473877,0.9697194695472717
Brain,9,phase1_hard,Ungood/img/01354_84.png,1,0.8166342973709106,0.996654748916626,0.980799674987793
Brain,9,phase1_hard,Ungood/img/01354_92.png,1,0.8275994062423706,0.9941512942314148,0.9496501684188843
Brain,9,phase1_hard,Ungood/img/01357_60.png,1,0.8217678070068359,0.9773336052894592,0.9404602646827698
Brain,9,phase1_hard,Ungood/img/01357_68.png,1,0.819819450378418,0.9902860522270203,0.9184457659721375
Brain,9,phase1_hard,Ungood/img/01357_76.png,1,0.8208005428314209,0.983866274356842,0.9417599439620972
Brain,9,phase1_hard,Ungood/img/01357_84.png,1,0.8239525556564331,0.9535624384880066,0.7963334321975708
Brain,9,phase1_hard,Ungood/img/01357_92.png,1,0.8249414563179016,0.9973379969596863,0.9854952096939087
Brain,9,phase1_hard,Ungood/img/01358_60.png,1,0.8229627013206482,0.9981032609939575,0.9972102046012878
Brain,9,phase1_hard,Ungood/img/01358_68.png,1,0.8275088667869568,0.996199905872345,0.9932769536972046
Brain,9,phase1_hard,Ungood/img/01358_76.png,1,0.8284649848937988,0.9981143474578857,0.9964172840118408
Brain,9,phase1_hard,Ungood/img/01358_84.png,1,0.8280680775642395,0.9959774613380432,0.9913641214370728
Brain,9,phase1_hard,Ungood/img/01358_92.png,1,0.829750120639801,0.9982606768608093,0.9800098538398743
Brain,9,phase1_hard,Ungood/img/01360_60.png,1,0.8262740969657898,0.9999076128005981,0.9998065233230591
Brain,9,phase1_hard,Ungood/img/01360_68.png,1,0.8223430514335632,0.9966467022895813,0.9942047595977783
Brain,9,phase1_hard,Ungood/img/01360_76.png,1,0.8200453519821167,0.9991851449012756,0.9984540939331055
Brain,9,phase1_hard,Ungood/img/01360_84.png,1,0.8245915174484253,0.9978639483451843,0.9950815439224243
Brain,9,phase1_hard,Ungood/img/01360_92.png,1,0.8203731775283813,0.9955518841743469,0.9832241535186768
Brain,9,phase1_hard,Ungood/img/01362_60.png,1,0.8267020583152771,0.9983358979225159,0.9928464293479919
Brain,9,phase1_hard,Ungood/img/01362_68.png,1,0.8274753093719482,0.9996932744979858,0.9993237257003784
Brain,9,phase1_hard,Ungood/img/01362_76.png,1,0.8283572196960449,0.9997920393943787,0.9992914795875549
Brain,9,phase1_hard,Ungood/img/01362_84.png,1,0.831271231174469,0.999016523361206,0.9974535703659058
Brain,9,phase1_hard,Ungood/img/01362_92.png,1,0.8328299522399902,0.9992590546607971,0.9986729621887207
Brain,9,phase1_hard,Ungood/img/01367_60.png,1,0.8151674866676331,0.9909062385559082,0.9674201607704163
Brain,9,phase1_hard,Ungood/img/01367_68.png,1,0.8239110708236694,0.9962055683135986,0.985617995262146
Brain,9,phase1_hard,Ungood/img/01367_76.png,1,0.8138554096221924,0.9698925018310547,0.920056164264679
Brain,9,phase1_hard,Ungood/img/01367_84.png,1,0.8120465278625488,0.9393585324287415,0.7495118975639343
Brain,9,phase1_hard,Ungood/img/01367_92.png,1,0.8167906999588013,0.9880000948905945,0.8918830752372742
Brain,9,phase1_hard,Ungood/img/01370_60.png,1,0.8249977231025696,0.9981173276901245,0.9957948327064514
Brain,9,phase1_hard,Ungood/img/01370_68.png,1,0.8175665140151978,0.9775951504707336,0.9399275183677673
Brain,9,phase1_hard,Ungood/img/01370_76.png,1,0.8274984359741211,0.9796783924102783,0.9111406207084656
Brain,9,phase1_hard,Ungood/img/01370_84.png,1,0.8219674229621887,0.987270712852478,0.9461435079574585
Brain,9,phase1_hard,Ungood/img/01370_92.png,1,0.8264680504798889,0.9915063977241516,0.9506460428237915
Brain,9,phase1_hard,Ungood/img/01373_60.png,1,0.8253434896469116,0.9999163150787354,0.9997795224189758
Brain,9,phase1_hard,Ungood/img/01373_68.png,1,0.8234827518463135,0.9999481439590454,0.9996723532676697
Brain,9,phase1_hard,Ungood/img/01373_76.png,1,0.8240435719490051,0.9997127652168274,0.9981964230537415
Brain,9,phase1_hard,Ungood/img/01373_84.png,1,0.8147850632667542,0.9951469302177429,0.9855227470397949
Brain,9,phase1_hard,Ungood/img/01373_92.png,1,0.8141228556632996,0.7757450938224792,0.6140475869178772
Brain,9,phase1_hard,Ungood/img/01374_60.png,1,0.8253809809684753,0.9777621626853943,0.9591454863548279
Brain,9,phase1_hard,Ungood/img/01374_68.png,1,0.822085976600647,0.9987164735794067,0.995736300945282
Brain,9,phase1_hard,Ungood/img/01374_76.png,1,0.8251328468322754,0.9962601661682129,0.9925373196601868
Brain,9,phase1_hard,Ungood/img/01374_84.png,1,0.8222995400428772,0.998136043548584,0.9935942888259888
Brain,9,phase1_hard,Ungood/img/01374_92.png,1,0.8284590244293213,0.9943267703056335,0.9850637912750244
Brain,9,phase1_hard,Ungood/img/01375_60.png,1,0.8171743154525757,0.9968422651290894,0.9954270124435425
Brain,9,phase1_hard,Ungood/img/01375_68.png,1,0.8192985653877258,0.9992423057556152,0.9965132474899292
Brain,9,phase1_hard,Ungood/img/01375_76.png,1,0.8158726096153259,0.9985272884368896,0.9936400055885315
Brain,9,phase1_hard,Ungood/img/01375_84.png,1,0.8191133141517639,0.9969340562820435,0.988926351070404
Brain,9,phase1_hard,Ungood/img/01375_92.png,1,0.8164857625961304,0.9843355417251587,0.962321400642395
Brain,9,phase1_hard,Ungood/img/01378_60.png,1,0.8285953402519226,0.9861619472503662,0.9805633425712585
Brain,9,phase1_hard,Ungood/img/01378_68.png,1,0.8238897323608398,0.9804162383079529,0.883591890335083
Brain,9,phase1_hard,Ungood/img/01378_76.png,1,0.8262264728546143,0.965700626373291,0.9198172092437744
Brain,9,phase1_hard,Ungood/img/01378_84.png,1,0.8179774284362793,0.9780259728431702,0.9467046856880188
Brain,9,phase1_hard,Ungood/img/01378_92.png,1,0.8178009390830994,0.9986849427223206,0.9962848424911499
Brain,9,phase1_hard,Ungood/img/01379_60.png,1,0.8270825743675232,0.9943663477897644,0.9891183972358704
Brain,9,phase1_hard,Ungood/img/01379_68.png,1,0.8211145401000977,0.9984413981437683,0.9963422417640686
Brain,9,phase1_hard,Ungood/img/01379_76.png,1,0.820516049861908,0.9961109757423401,0.9876783490180969
Brain,9,phase1_hard,Ungood/img/01379_84.png,1,0.8231453895568848,0.9929568767547607,0.9629985094070435
Brain,9,phase1_hard,Ungood/img/01379_92.png,1,0.8223203420639038,0.9888138175010681,0.9454731345176697
Brain,9,phase1_hard,Ungood/img/01380_60.png,1,0.8112767338752747,0.9971542358398438,0.9950917363166809
Brain,9,phase1_hard,Ungood/img/01380_68.png,1,0.8206355571746826,0.9950756430625916,0.9888393878936768
Brain,9,phase1_hard,Ungood/img/01380_76.png,1,0.8117899298667908,0.9384708404541016,0.8933327198028564
Brain,9,phase1_hard,Ungood/img/01380_84.png,1,0.8099883794784546,0.8135011792182922,0.579884946346283
Brain,9,phase1_hard,Ungood/img/01380_92.png,1,0.8064051866531372,0.976961076259613,0.8600728511810303
Brain,9,phase1_hard,Ungood/img/01384_60.png,1,0.8192123174667358,0.9991337656974792,0.9966309666633606
Brain,9,phase1_hard,Ungood/img/01384_68.png,1,0.8257737755775452,0.9992020726203918,0.9964126944541931
Brain,9,phase1_hard,Ungood/img/01384_76.png,1,0.8233686089515686,0.9989249110221863,0.9974849224090576
Brain,9,phase1_hard,Ungood/img/01384_84.png,1,0.8254585862159729,0.9992087483406067,0.9975618720054626
Brain,9,phase1_hard,Ungood/img/01384_92.png,1,0.8244897127151489,0.9997606873512268,0.9992302656173706
Brain,9,phase1_hard,Ungood/img/01385_60.png,1,0.8189373016357422,0.9955897331237793,0.9879065155982971
Brain,9,phase1_hard,Ungood/img/01385_68.png,1,0.8211613893508911,0.9997808337211609,0.9994582533836365
Brain,9,phase1_hard,Ungood/img/01385_76.png,1,0.8162113428115845,0.9992444515228271,0.9984460473060608
Brain,9,phase1_hard,Ungood/img/01385_84.png,1,0.8233901262283325,0.9996540546417236,0.9994907379150391
Brain,9,phase1_hard,Ungood/img/01385_92.png,1,0.8235666155815125,0.99986732006073,0.9992895722389221
Brain,9,phase1_hard,Ungood/img/01386_60.png,1,0.8230924606323242,0.9987950325012207,0.9923437833786011
Brain,9,phase1_hard,Ungood/img/01386_68.png,1,0.8236932158470154,0.9972986578941345,0.9826865792274475
Brain,9,phase1_hard,Ungood/img/01386_76.png,1,0.8234625458717346,0.9963615536689758,0.989014208316803
Brain,9,phase1_hard,Ungood/img/01386_84.png,1,0.82083660364151,0.9187995791435242,0.8621340394020081
Brain,9,phase1_hard,Ungood/img/01386_92.png,1,0.8219133019447327,0.985819935798645,0.9593700766563416
Brain,9,phase1_hard,Ungood/img/01387_60.png,1,0.8238869905471802,0.9993626475334167,0.9985128045082092
Brain,9,phase1_hard,Ungood/img/01387_68.png,1,0.8216838240623474,0.999528169631958,0.9986168742179871
Brain,9,phase1_hard,Ungood/img/01387_76.png,1,0.8232720494270325,0.997541069984436,0.9966471791267395
Brain,9,phase1_hard,Ungood/img/01387_84.png,1,0.8209831714630127,0.9979053735733032,0.9930485486984253
Brain,9,phase1_hard,Ungood/img/01387_92.png,1,0.8243948817253113,0.9968173503875732,0.9751885533332825
Brain,9,phase1_hard,Ungood/img/01388_60.png,1,0.8252608180046082,0.9991822838783264,0.9973002076148987
Brain,9,phase1_hard,Ungood/img/01388_68.png,1,0.8224844932556152,0.9991403818130493,0.9970773458480835
Brain,9,phase1_hard,Ungood/img/01388_76.png,1,0.8267219662666321,0.997802197933197,0.9920705556869507
Brain,9,phase1_hard,Ungood/img/01388_84.png,1,0.8235564231872559,0.9993677735328674,0.9863423109054565
Brain,9,phase1_hard,Ungood/img/01388_92.png,1,0.8210648894309998,0.9999147653579712,0.9988382458686829
Brain,9,phase1_hard,Ungood/img/01391_60.png,1,0.8303371667861938,0.9970852732658386,0.9951035380363464
Brain,9,phase1_hard,Ungood/img/01391_68.png,1,0.8273162841796875,0.9969933032989502,0.9929812550544739
Brain,9,phase1_hard,Ungood/img/01391_76.png,1,0.8248921036720276,0.9961372017860413,0.9911776781082153
Brain,9,phase1_hard,Ungood/img/01391_84.png,1,0.8166658878326416,0.9964032173156738,0.9726445078849792
Brain,9,phase1_hard,Ungood/img/01391_92.png,1,0.8269083499908447,0.9975720047950745,0.9807863235473633
Brain,9,phase1_hard,Ungood/img/01392_60.png,1,0.8225735425949097,0.9792582392692566,0.9597005248069763
Brain,9,phase1_hard,Ungood/img/01392_68.png,1,0.8284369707107544,0.9997345805168152,0.9981381893157959
Brain,9,phase1_hard,Ungood/img/01392_76.png,1,0.8181803226470947,0.9964513778686523,0.9666675329208374
Brain,9,phase1_hard,Ungood/img/01392_84.png,1,0.821640133857727,0.980280339717865,0.7899477481842041
Brain,9,phase1_hard,Ungood/img/01392_92.png,1,0.8238290548324585,0.9923725128173828,0.9404215812683105
Brain,9,phase1_hard,Ungood/img/01396_60.png,1,0.8210610747337341,0.9968444108963013,0.989666223526001
Brain,9,phase1_hard,Ungood/img/01396_68.png,1,0.8204363584518433,0.9485589861869812,0.8443965315818787
Brain,9,phase1_hard,Ungood/img/01396_76.png,1,0.8138177394866943,0.9746519327163696,0.9108548164367676
Brain,9,phase1_hard,Ungood/img/01396_84.png,1,0.8161305785179138,0.9619184732437134,0.8121934533119202
Brain,9,phase1_hard,Ungood/img/01396_92.png,1,0.8180486559867859,0.9764032959938049,0.8954033851623535
Brain,9,phase1_hard,Ungood/img/01399_60.png,1,0.8146578669548035,0.9890891909599304,0.9826030731201172
Brain,9,phase1_hard,Ungood/img/01399_68.png,1,0.8200342059135437,0.9789823293685913,0.8803136348724365
Brain,9,phase1_hard,Ungood/img/01399_76.png,1,0.8174892067909241,0.9538142085075378,0.5192689299583435
Brain,9,phase1_hard,Ungood/img/01399_84.png,1,0.823237419128418,0.9880369901657104,0.8171488642692566
Brain,9,phase1_hard,Ungood/img/01399_92.png,1,0.821924090385437,0.9563965797424316,0.5445703268051147
Brain,9,phase1_hard,Ungood/img/01400_60.png,1,0.8287567496299744,0.9997097849845886,0.9989122748374939
Brain,9,phase1_hard,Ungood/img/01400_68.png,1,0.8269587755203247,0.9964962601661682,0.9938583970069885
Brain,9,phase1_hard,Ungood/img/01400_76.png,1,0.8220804929733276,0.998808741569519,0.9975471496582031
Brain,9,phase1_hard,Ungood/img/01400_84.png,1,0.824530839920044,0.9984142780303955,0.9971818327903748
Brain,9,phase1_hard,Ungood/img/01400_92.png,1,0.8278866410255432,0.9981544613838196,0.9968013763427734
Brain,9,phase1_hard,Ungood/img/01401_60.png,1,0.8213250041007996,0.9691489338874817,0.9520242214202881
Brain,9,phase1_hard,Ungood/img/01401_68.png,1,0.8195613026618958,0.9833773374557495,0.9699363112449646
Brain,9,phase1_hard,Ungood/img/01401_76.png,1,0.8170101642608643,0.9996731281280518,0.9975417852401733
Brain,9,phase1_hard,Ungood/img/01401_84.png,1,0.8169211745262146,0.9990946054458618,0.997801661491394
Brain,9,phase1_hard,Ungood/img/01401_92.png,1,0.8278510570526123,0.9997298121452332,0.999235212802887
Brain,9,phase1_hard,Ungood/img/01402_60.png,1,0.8206223249435425,0.9989961981773376,0.9980579614639282
Brain,9,phase1_hard,Ungood/img/01402_68.png,1,0.821006715297699,0.9702544808387756,0.8342729806900024
Brain,9,phase1_hard,Ungood/img/01402_76.png,1,0.8120144009590149,0.07772643119096756,0.019896840676665306
Brain,9,phase1_hard,Ungood/img/01402_84.png,1,0.8173164129257202,0.935276985168457,0.851240336894989
Brain,9,phase1_hard,Ungood/img/01402_92.png,1,0.8110532164573669,0.9955434203147888,0.9705443978309631
Brain,9,phase1_hard,Ungood/img/01403_60.png,1,0.8252159953117371,0.9962544441223145,0.9913091659545898
Brain,9,phase1_hard,Ungood/img/01403_68.png,1,0.8232269883155823,0.999454915523529,0.9963515400886536
Brain,9,phase1_hard,Ungood/img/01403_76.png,1,0.8212939500808716,0.9992017149925232,0.9986027479171753
Brain,9,phase1_hard,Ungood/img/01403_84.png,1,0.8244202733039856,0.9986752867698669,0.9980781674385071
Brain,9,phase1_hard,Ungood/img/01403_92.png,1,0.8235726356506348,0.9984361529350281,0.9969233274459839
Brain,9,phase1_hard,Ungood/img/01406_60.png,1,0.8278467059135437,0.99986732006073,0.9996974468231201
Brain,9,phase1_hard,Ungood/img/01406_68.png,1,0.8267926573753357,0.9981174468994141,0.9970681667327881
Brain,9,phase1_hard,Ungood/img/01406_76.png,1,0.8201509714126587,0.999729573726654,0.9993739128112793
Brain,9,phase1_hard,Ungood/img/01406_84.png,1,0.82956463098526,0.9997015595436096,0.9995699524879456
Brain,9,phase1_hard,Ungood/img/01406_92.png,1,0.8318979740142822,0.9865394234657288,0.9384216070175171
Brain,9,phase1_hard,Ungood/img/01409_60.png,1,0.8174483776092529,0.9994174242019653,0.9990377426147461
Brain,9,phase1_hard,Ungood/img/01409_68.png,1,0.8183706998825073,0.9846228957176208,0.9275059700012207
Brain,9,phase1_hard,Ungood/img/01409_76.png,1,0.8094574213027954,0.9559929966926575,0.9193978309631348
Brain,9,phase1_hard,Ungood/img/01409_84.png,1,0.8171522617340088,0.9672914743423462,0.8841846585273743
Brain,9,phase1_hard,Ungood/img/01409_92.png,1,0.8082045316696167,0.01903613843023777,0.009364798665046692
Brain,9,phase1_hard,Ungood/img/01410_60.png,1,0.8180630207061768,0.9355749487876892,0.8201217651367188
Brain,9,phase1_hard,Ungood/img/01410_68.png,1,0.8207449316978455,0.9966222047805786,0.9891741275787354
Brain,9,phase1_hard,Ungood/img/01410_76.png,1,0.8192516565322876,0.9806891679763794,0.9516339898109436
Brain,9,phase1_hard,Ungood/img/01410_84.png,1,0.8169354200363159,0.9572734236717224,0.8682644963264465
Brain,9,phase1_hard,Ungood/img/01410_92.png,1,0.8181890845298767,0.9915298223495483,0.9823587536811829
Brain,9,phase1_hard,Ungood/img/01411_60.png,1,0.8210247159004211,0.9979769587516785,0.9920424222946167
Brain,9,phase1_hard,Ungood/img/01411_68.png,1,0.819294810295105,0.9997047781944275,0.9983667135238647
Brain,9,phase1_hard,Ungood/img/01411_76.png,1,0.8160169720649719,0.9993672966957092,0.9893020391464233
Brain,9,phase1_hard,Ungood/img/01411_84.png,1,0.8128347992897034,0.9502851366996765,0.821449875831604
Brain,9,phase1_hard,Ungood/img/01411_92.png,1,0.8192975521087646,0.9989169836044312,0.997887909412384
Brain,9,phase1_hard,Ungood/img/01413_60.png,1,0.8195483088493347,0.9866136908531189,0.9684747457504272
Brain,9,phase1_hard,Ungood/img/01413_68.png,1,0.8205823302268982,0.9983412027359009,0.9961150288581848
Brain,9,phase1_hard,Ungood/img/01413_76.png,1,0.8151500225067139,0.9953092932701111,0.9910038113594055
Brain,9,phase1_hard,Ungood/img/01413_84.png,1,0.8223975300788879,0.9952216744422913,0.9930317401885986
Brain,9,phase1_hard,Ungood/img/01413_92.png,1,0.8215438723564148,0.9942495822906494,0.9908396601676941
Brain,9,phase1_hard,Ungood/img/01414_60.png,1,0.8132888674736023,0.9299596548080444,0.8353387713432312
Brain,9,phase1_hard,Ungood/img/01414_68.png,1,0.8153730034828186,0.8885619640350342,0.4404236972332001
Brain,9,phase1_hard,Ungood/img/01414_76.png,1,0.8144822716712952,0.9718598127365112,0.7620521187782288
Brain,9,phase1_hard,Ungood/img/01414_84.png,1,0.5228585004806519,0.00038738379953429103,0.00011692345287883654
Brain,9,phase1_hard,Ungood/img/01414_92.png,1,0.8154707551002502,0.9713336229324341,0.9093491435050964
Brain,9,phase1_hard,Ungood/img/01415_60.png,1,0.8042405247688293,0.9970719814300537,0.9849962592124939
Brain,9,phase1_hard,Ungood/img/01415_68.png,1,0.8105934858322144,0.9963669776916504,0.9914647340774536
Brain,9,phase1_hard,Ungood/img/01415_76.png,1,0.8114927411079407,0.9940167665481567,0.8966615796089172
Brain,9,phase1_hard,Ungood/img/01415_84.png,1,0.8059961199760437,0.9782786965370178,0.8198854327201843
Brain,9,phase1_hard,Ungood/img/01415_92.png,1,0.8198255300521851,0.9944086670875549,0.9778241515159607
Brain,9,phase1_hard,Ungood/img/01416_60.png,1,0.8083030581474304,0.19473710656166077,0.04145292192697525
Brain,9,phase1_hard,Ungood/img/01416_68.png,1,0.8216362595558167,0.9992351531982422,0.9967235922813416
Brain,9,phase1_hard,Ungood/img/01416_76.png,1,0.8161901235580444,0.9991456270217896,0.9965132474899292
Brain,9,phase1_hard,Ungood/img/01416_84.png,1,0.817503809928894,0.9647778272628784,0.9137320518493652
Brain,9,phase1_hard,Ungood/img/01416_92.png,1,0.8113209009170532,0.9618421196937561,0.9241796135902405
Brain,9,phase1_hard,Ungood/img/01418_60.png,1,0.8145046830177307,0.9833213090896606,0.9670601487159729
Brain,9,phase1_hard,Ungood/img/01418_68.png,1,0.8117222189903259,0.6260544061660767,0.386600136756897
Brain,9,phase1_hard,Ungood/img/01418_76.png,1,0.8139095902442932,0.8747783303260803,0.7829855680465698
Brain,9,phase1_hard,Ungood/img/01418_84.png,1,0.8193801045417786,0.9777271747589111,0.9387283325195312
Brain,9,phase1_hard,Ungood/img/01418_92.png,1,0.8169179558753967,0.9181615710258484,0.7912426590919495
Brain,9,phase1_hard,Ungood/img/01419_60.png,1,0.8153367042541504,0.9902129769325256,0.9788570404052734
Brain,9,phase1_hard,Ungood/img/01419_68.png,1,0.8191430568695068,0.999690055847168,0.9989128112792969
Brain,9,phase1_hard,Ungood/img/01419_76.png,1,0.8142479062080383,0.9986704587936401,0.9939073324203491
Brain,9,phase1_hard,Ungood/img/01419_84.png,1,0.8196389675140381,0.9997455477714539,0.999424397945404
Brain,9,phase1_hard,Ungood/img/01419_92.png,1,0.8195586204528809,0.9991248250007629,0.9972996115684509
Brain,9,phase1_hard,Ungood/img/01424_60.png,1,0.8200703859329224,0.9838870167732239,0.9651219248771667
Brain,9,phase1_hard,Ungood/img/01424_68.png,1,0.8163285851478577,0.9786781668663025,0.9511647820472717
Brain,9,phase1_hard,Ungood/img/01424_76.png,1,0.817916989326477,0.5731909871101379,0.2388673573732376
Brain,9,phase1_hard,Ungood/img/01424_84.png,1,0.8160752654075623,0.9876857995986938,0.9567388892173767
Brain,9,phase1_hard,Ungood/img/01424_92.png,1,0.8120893239974976,0.9872224926948547,0.9655575156211853
Brain,9,phase1_hard,Ungood/img/01425_60.png,1,0.815248429775238,0.8261969089508057,0.7072117924690247
Brain,9,phase1_hard,Ungood/img/01425_68.png,1,0.8167828321456909,0.9625460505485535,0.9163491129875183
Brain,9,phase1_hard,Ungood/img/01425_76.png,1,0.8209921717643738,0.9835088849067688,0.9406650066375732
Brain,9,phase1_hard,Ungood/img/01425_84.png,1,0.7906216382980347,0.7308183908462524,0.4010917544364929
Brain,9,phase1_hard,Ungood/img/01425_92.png,1,0.822311520576477,0.9936979413032532,0.9896631240844727
Brain,9,phase1_hard,Ungood/img/01428_60.png,1,0.822789192199707,0.9603170156478882,0.9195240139961243
Brain,9,phase1_hard,Ungood/img/01428_68.png,1,0.8226963877677917,0.3155933618545532,0.1625140905380249
Brain,9,phase1_hard,Ungood/img/01428_76.png,1,0.8190335631370544,0.8265587687492371,0.532122790813446
Brain,9,phase1_hard,Ungood/img/01428_84.png,1,0.8261428475379944,0.9925920963287354,0.9743040204048157
Brain,9,phase1_hard,Ungood/img/01428_92.png,1,0.8199405670166016,0.9724326133728027,0.9263888597488403
Brain,9,phase1_hard,Ungood/img/01429_60.png,1,0.8232424259185791,0.9919725656509399,0.9708988666534424
Brain,9,phase1_hard,Ungood/img/01429_68.png,1,0.8129475116729736,0.7854177355766296,0.5381851196289062
Brain,9,phase1_hard,Ungood/img/01429_76.png,1,0.80863356590271,0.00014464084233622998,4.226166129228659e-05
Brain,9,phase1_hard,Ungood/img/01429_84.png,1,0.8057847023010254,7.028523396002129e-05,2.019212843151763e-05
Brain,9,phase1_hard,Ungood/img/01429_92.png,1,0.8124199509620667,0.07045859098434448,0.010896225459873676
Brain,9,phase1_hard,Ungood/img/01430_60.png,1,0.8295807242393494,0.9732487201690674,0.9578323364257812
Brain,9,phase1_hard,Ungood/img/01430_68.png,1,0.8275820016860962,0.996209979057312,0.993039608001709
Brain,9,phase1_hard,Ungood/img/01430_76.png,1,0.8277267217636108,0.9930428266525269,0.9863618612289429
Brain,9,phase1_hard,Ungood/img/01430_84.png,1,0.8251636624336243,0.9959715008735657,0.9923859238624573
Brain,9,phase1_hard,Ungood/img/01430_92.png,1,0.8272961974143982,0.9991918206214905,0.9988118410110474
Brain,9,phase1_hard,Ungood/img/01432_60.png,1,0.8134307861328125,0.9918895363807678,0.9162391424179077
Brain,9,phase1_hard,Ungood/img/01432_68.png,1,0.7630433440208435,0.06877684593200684,0.023996785283088684
Brain,9,phase1_hard,Ungood/img/01432_76.png,1,0.8152890205383301,0.7697511315345764,0.5800074338912964
Brain,9,phase1_hard,Ungood/img/01432_84.png,1,0.814096212387085,0.9908313155174255,0.975495457649231
Brain,9,phase1_hard,Ungood/img/01432_92.png,1,0.8132275342941284,0.993550181388855,0.9861092567443848
Brain,9,phase1_hard,Ungood/img/01433_60.png,1,0.813263475894928,0.9966268539428711,0.9940633177757263
Brain,9,phase1_hard,Ungood/img/01433_68.png,1,0.8073042631149292,0.7004282474517822,0.3379150629043579
Brain,9,phase1_hard,Ungood/img/01433_76.png,1,0.8170284628868103,0.9879952073097229,0.9595749974250793
Brain,9,phase1_hard,Ungood/img/01433_84.png,1,0.8032313585281372,0.9305098056793213,0.8487427830696106
Brain,9,phase1_hard,Ungood/img/01433_92.png,1,0.820674479007721,0.9459952116012573,0.7112796902656555
Brain,9,phase1_hard,Ungood/img/01436_60.png,1,0.8160306811332703,0.994519054889679,0.9918882250785828
Brain,9,phase1_hard,Ungood/img/01436_68.png,1,0.8159063458442688,0.9957352876663208,0.9919002652168274
Brain,9,phase1_hard,Ungood/img/01436_76.png,1,0.810626745223999,0.9970184564590454,0.9947298765182495
Brain,9,phase1_hard,Ungood/img/01436_84.png,1,0.8061380982398987,0.9946029782295227,0.9862958192825317
Brain,9,phase1_hard,Ungood/img/01436_92.png,1,0.8049963712692261,0.7811331748962402,0.46078363060951233
Brain,9,phase1_hard,Ungood/img/01444_60.png,1,0.8268926739692688,0.9985866546630859,0.9961543679237366
Brain,9,phase1_hard,Ungood/img/01444_68.png,1,0.8263749480247498,0.9949853420257568,0.9937872290611267
Brain,9,phase1_hard,Ungood/img/01444_76.png,1,0.8225036859512329,0.9975705742835999,0.9953268766403198
Brain,9,phase1_hard,Ungood/img/01444_84.png,1,0.8232535719871521,0.9982733726501465,0.9962336421012878
Brain,9,phase1_hard,Ungood/img/01444_92.png,1,0.8089206218719482,0.9535203576087952,0.8936483860015869
Brain,9,phase1_hard,Ungood/img/01445_60.png,1,0.8250904679298401,0.9993407130241394,0.9983392357826233
Brain,9,phase1_hard,Ungood/img/01445_68.png,1,0.8236320614814758,0.999786913394928,0.9995105266571045
Brain,9,phase1_hard,Ungood/img/01445_76.png,1,0.8208208680152893,0.9998849630355835,0.9997458457946777
Brain,9,phase1_hard,Ungood/img/01445_84.png,1,0.8271583914756775,0.999777615070343,0.9993336200714111
Brain,9,phase1_hard,Ungood/img/01445_92.png,1,0.8263677954673767,0.9995328187942505,0.998368501663208
Brain,9,phase1_hard,Ungood/img/01449_60.png,1,0.8215072154998779,0.9991984963417053,0.998383104801178
Brain,9,phase1_hard,Ungood/img/01449_68.png,1,0.8162217736244202,0.9973794221878052,0.992743194103241
Brain,9,phase1_hard,Ungood/img/01449_76.png,1,0.8258318305015564,0.9946885108947754,0.9731818437576294
Brain,9,phase1_hard,Ungood/img/01449_84.png,1,0.8139973282814026,0.591065526008606,0.39361417293548584
Brain,9,phase1_hard,Ungood/img/01449_92.png,1,0.8255830407142639,0.7469697594642639,0.6002916693687439
Brain,9,phase1_hard,Ungood/img/01454_60.png,1,0.8288517594337463,0.34992778301239014,0.1744411438703537
Brain,9,phase1_hard,Ungood/img/01454_68.png,1,0.8225149512290955,0.21491116285324097,0.05580968037247658
Brain,9,phase1_hard,Ungood/img/01454_76.png,1,0.8191933035850525,0.6703066229820251,0.23200345039367676
Brain,9,phase1_hard,Ungood/img/01454_84.png,1,0.8272747993469238,0.9977858066558838,0.9781570434570312
Brain,9,phase1_hard,Ungood/img/01454_92.png,1,0.8258390426635742,0.9984373450279236,0.9776562452316284
Brain,9,phase1_hard,Ungood/img/01455_60.png,1,0.8167833685874939,0.9940958023071289,0.9877905249595642
Brain,9,phase1_hard,Ungood/img/01455_68.png,1,0.8235921263694763,0.9842494130134583,0.9659531116485596
Brain,9,phase1_hard,Ungood/img/01455_76.png,1,0.824914276599884,0.9982439279556274,0.9958763718605042
Brain,9,phase1_hard,Ungood/img/01455_84.png,1,0.8250643014907837,0.997427761554718,0.9962913393974304
Brain,9,phase1_hard,Ungood/img/01455_92.png,1,0.8238879442214966,0.9586191773414612,0.9452340006828308
Brain,9,phase1_hard,Ungood/img/01458_60.png,1,0.8224576115608215,0.9978713989257812,0.9947744607925415
Brain,9,phase1_hard,Ungood/img/01458_68.png,1,0.8186829686164856,0.9990110397338867,0.9978734850883484
Brain,9,phase1_hard,Ungood/img/01458_76.png,1,0.8213260769844055,0.9981630444526672,0.9954130053520203
Brain,9,phase1_hard,Ungood/img/01458_84.png,1,0.8161677718162537,0.9845689535140991,0.9585610628128052
Brain,9,phase1_hard,Ungood/img/01458_92.png,1,0.8221429586410522,0.9930775165557861,0.9609205722808838
Brain,9,phase1_hard,Ungood/img/01461_60.png,1,0.8234429955482483,0.9993879795074463,0.9900228977203369
Brain,9,phase1_hard,Ungood/img/01461_68.png,1,0.8259243369102478,0.9923377633094788,0.8955253958702087
Brain,9,phase1_hard,Ungood/img/01461_76.png,1,0.8260701894760132,0.9915317893028259,0.9785377383232117
Brain,9,phase1_hard,Ungood/img/01461_84.png,1,0.8149168491363525,0.9362214803695679,0.853846549987793
Brain,9,phase1_hard,Ungood/img/01461_92.png,1,0.812843382358551,0.8395955562591553,0.6235083937644958
Brain,9,phase1_hard,Ungood/img/01462_60.png,1,0.8238776922225952,0.9984068274497986,0.9972391724586487
Brain,9,phase1_hard,Ungood/img/01462_68.png,1,0.8186261653900146,0.9939897060394287,0.985395610332489
Brain,9,phase1_hard,Ungood/img/01462_76.png,1,0.8270323872566223,0.7850958108901978,0.6055446863174438
Brain,9,phase1_hard,Ungood/img/01462_84.png,1,0.8246183395385742,0.909833550453186,0.7664863467216492
Brain,9,phase1_hard,Ungood/img/01462_92.png,1,0.8231925368309021,0.9418677687644958,0.8067230582237244
Brain,9,phase1_hard,Ungood/img/01463_60.png,1,0.8301010727882385,0.9929839372634888,0.987025797367096
Brain,9,phase1_hard,Ungood/img/01463_68.png,1,0.8306167721748352,0.9222241640090942,0.8097530603408813
Brain,9,phase1_hard,Ungood/img/01463_76.png,1,0.8292990922927856,0.9758809208869934,0.9468639492988586
Brain,9,phase1_hard,Ungood/img/01463_84.png,1,0.8332812190055847,0.9969518184661865,0.9949619174003601
Brain,9,phase1_hard,Ungood/img/01463_92.png,1,0.8334839940071106,0.9952266216278076,0.9880602359771729
Brain,9,phase1_hard,Ungood/img/01465_60.png,1,0.8269873261451721,0.9951786994934082,0.9882712364196777
Brain,9,phase1_hard,Ungood/img/01465_68.png,1,0.8263600468635559,0.9996916055679321,0.9990502595901489
Brain,9,phase1_hard,Ungood/img/01465_76.png,1,0.8300403952598572,0.9998319149017334,0.9996178150177002
Brain,9,phase1_hard,Ungood/img/01465_84.png,1,0.8279147148132324,0.9997953772544861,0.9995801448822021
Brain,9,phase1_hard,Ungood/img/01465_92.png,1,0.8274898529052734,0.9987035989761353,0.9981076717376709
Brain,9,phase1_hard,Ungood/img/01466_60.png,1,0.8285090923309326,0.9982889294624329,0.9956986308097839
Brain,9,phase1_hard,Ungood/img/01466_68.png,1,0.8292047381401062,0.9945312142372131,0.992401659488678
Brain,9,phase1_hard,Ungood/img/01466_76.png,1,0.8311582803726196,0.9992321729660034,0.9984318614006042
Brain,9,phase1_hard,Ungood/img/01466_84.png,1,0.8314042687416077,0.9994524121284485,0.9990111589431763
Brain,9,phase1_hard,Ungood/img/01466_92.png,1,0.8285449743270874,0.9949813485145569,0.9875026345252991
Brain,9,phase1_hard,Ungood/img/01467_60.png,1,0.829177975654602,0.9967946410179138,0.9930770397186279
Brain,9,phase1_hard,Ungood/img/01467_68.png,1,0.8242394328117371,0.9989461302757263,0.99727863073349
Brain,9,phase1_hard,Ungood/img/01467_76.png,1,0.8247649073600769,0.9991579055786133,0.9966980814933777
Brain,9,phase1_hard,Ungood/img/01467_84.png,1,0.8238306641578674,0.9959421753883362,0.9939441680908203
Brain,9,phase1_hard,Ungood/img/01467_92.png,1,0.830477774143219,0.998779833316803,0.9978976249694824
Brain,9,phase1_hard,Ungood/img/01471_60.png,1,0.8218066096305847,0.9305817484855652,0.7199487686157227
Brain,9,phase1_hard,Ungood/img/01471_68.png,1,0.8289121985435486,0.7124817967414856,0.5711866617202759
Brain,9,phase1_hard,Ungood/img/01471_76.png,1,0.8239573240280151,0.9763922691345215,0.9389370083808899
Brain,9,phase1_hard,Ungood/img/01471_84.png,1,0.8275818228721619,0.9970386028289795,0.9953262209892273
Brain,9,phase1_hard,Ungood/img/01471_92.png,1,0.8297276496887207,0.9955560564994812,0.9908296465873718
Brain,9,phase1_hard,Ungood/img/01473_60.png,1,0.8209136724472046,0.9998888969421387,0.9996081590652466
Brain,9,phase1_hard,Ungood/img/01473_68.png,1,0.820753276348114,0.9995445609092712,0.9987984299659729
Brain,9,phase1_hard,Ungood/img/01473_76.png,1,0.8236129879951477,0.9998682737350464,0.9988157749176025
Brain,9,phase1_hard,Ungood/img/01473_84.png,1,0.8236188888549805,0.997826874256134,0.9960060715675354
Brain,9,phase1_hard,Ungood/img/01473_92.png,1,0.8079597353935242,0.7998936772346497,0.5416688323020935
Brain,9,phase1_hard,Ungood/img/01475_60.png,1,0.825650691986084,0.990881085395813,0.9643529057502747
Brain,9,phase1_hard,Ungood/img/01475_68.png,1,0.8305211067199707,0.9937177896499634,0.9896818995475769
Brain,9,phase1_hard,Ungood/img/01475_76.png,1,0.8270552754402161,0.9787747859954834,0.9724544882774353
Brain,9,phase1_hard,Ungood/img/01475_84.png,1,0.8214787840843201,0.9969105124473572,0.9951311349868774
Brain,9,phase1_hard,Ungood/img/01475_92.png,1,0.8265213370323181,0.997821569442749,0.9957156181335449
Brain,9,phase1_hard,Ungood/img/01476_60.png,1,0.8256264925003052,0.9982709884643555,0.9970006346702576
Brain,9,phase1_hard,Ungood/img/01476_68.png,1,0.8260001540184021,0.9926980137825012,0.980959415435791
Brain,9,phase1_hard,Ungood/img/01476_76.png,1,0.8255301117897034,0.9916589856147766,0.9848482012748718
Brain,9,phase1_hard,Ungood/img/01476_84.png,1,0.8232685327529907,0.9883967041969299,0.9745647311210632
Brain,9,phase1_hard,Ungood/img/01476_92.png,1,0.8153653144836426,0.3191990256309509,0.12360414862632751
Brain,9,phase1_hard,Ungood/img/01477_60.png,1,0.8283220529556274,0.9966986775398254,0.9872750639915466
Brain,9,phase1_hard,Ungood/img/01477_68.png,1,0.8274966478347778,0.9946240186691284,0.9909674525260925
Brain,9,phase1_hard,Ungood/img/01477_76.png,1,0.8301488757133484,0.9880583882331848,0.9835018515586853
Brain,9,phase1_hard,Ungood/img/01477_84.png,1,0.8287488222122192,0.9398131966590881,0.8840976357460022
Brain,9,phase1_hard,Ungood/img/01477_92.png,1,0.8299102783203125,0.9790217876434326,0.9128217697143555
Brain,9,phase1_hard,Ungood/img/01478_60.png,1,0.8289498686790466,0.9980641007423401,0.9972212314605713
Brain,9,phase1_hard,Ungood/img/01478_68.png,1,0.8329941630363464,0.983834981918335,0.9752242565155029
Brain,9,phase1_hard,Ungood/img/01478_76.png,1,0.8260607123374939,0.9873002171516418,0.9570881128311157
Brain,9,phase1_hard,Ungood/img/01478_84.png,1,0.8232885599136353,0.8304412961006165,0.673158586025238
Brain,9,phase1_hard,Ungood/img/01478_92.png,1,0.8281275033950806,0.8092875480651855,0.5740827918052673
Brain,9,phase1_hard,Ungood/img/01479_60.png,1,0.829422116279602,0.8819580078125,0.7115074992179871
Brain,9,phase1_hard,Ungood/img/01479_68.png,1,0.8229831457138062,0.995403528213501,0.983879804611206
Brain,9,phase1_hard,Ungood/img/01479_76.png,1,0.8168630599975586,0.9812723398208618,0.9689803123474121
Brain,9,phase1_hard,Ungood/img/01479_84.png,1,0.8263221979141235,0.9936999082565308,0.9865401387214661
Brain,9,phase1_hard,Ungood/img/01479_92.png,1,0.8249546885490417,0.9994460940361023,0.9992293119430542
Brain,9,phase1_hard,Ungood/img/01482_60.png,1,0.8017882108688354,0.6158694624900818,0.5513464212417603
Brain,9,phase1_hard,Ungood/img/01482_68.png,1,0.8114215135574341,0.8755877017974854,0.5754081606864929
Brain,9,phase1_hard,Ungood/img/01482_76.png,1,0.8126254081726074,0.4138714373111725,0.21128161251544952
Brain,9,phase1_hard,Ungood/img/01482_84.png,1,0.8228467106819153,0.4687252938747406,0.08915816247463226
Brain,9,phase1_hard,Ungood/img/01482_92.png,1,0.8073543906211853,0.5217098593711853,0.4161754548549652
Brain,9,phase1_hard,Ungood/img/01484_60.png,1,0.819175124168396,0.9927532076835632,0.9892847537994385
Brain,9,phase1_hard,Ungood/img/01484_68.png,1,0.8280625343322754,0.9881961941719055,0.9660135507583618
Brain,9,phase1_hard,Ungood/img/01484_76.png,1,0.8302929401397705,0.9990025162696838,0.9972406029701233
Brain,9,phase1_hard,Ungood/img/01484_84.png,1,0.8295847773551941,0.9982866644859314,0.9957576394081116
Brain,9,phase1_hard,Ungood/img/01484_92.png,1,0.8252720236778259,0.9989780187606812,0.9968569278717041
Brain,9,phase1_hard,Ungood/img/01485_60.png,1,0.822579026222229,0.9988073110580444,0.9979082345962524
Brain,9,phase1_hard,Ungood/img/01485_68.png,1,0.8272324800491333,0.9745315909385681,0.9603978991508484
Brain,9,phase1_hard,Ungood/img/01485_76.png,1,0.8245143294334412,0.9978674650192261,0.9908087253570557
Brain,9,phase1_hard,Ungood/img/01485_84.png,1,0.8226683735847473,0.9989091157913208,0.9927982091903687
Brain,9,phase1_hard,Ungood/img/01485_92.png,1,0.8108245730400085,0.9971131086349487,0.9804405570030212
Brain,9,phase1_hard,Ungood/img/01486_60.png,1,0.8298525214195251,0.9846162796020508,0.9766421914100647
Brain,9,phase1_hard,Ungood/img/01486_68.png,1,0.8270930051803589,0.9968256950378418,0.9942794442176819
Brain,9,phase1_hard,Ungood/img/01486_76.png,1,0.8214228749275208,0.9981240630149841,0.9966148734092712
Brain,9,phase1_hard,Ungood/img/01486_84.png,1,0.8228946924209595,0.9984716773033142,0.9960592985153198
Brain,9,phase1_hard,Ungood/img/01486_92.png,1,0.8176552653312683,0.9950891137123108,0.9915726184844971
Brain,9,phase1_hard,Ungood/img/01489_60.png,1,0.8229000568389893,0.9837005734443665,0.9733542799949646
Brain,9,phase1_hard,Ungood/img/01489_68.png,1,0.816468358039856,0.9906286597251892,0.9694844484329224
Brain,9,phase1_hard,Ungood/img/01489_76.png,1,0.8256979584693909,0.9864078760147095,0.9709063172340393
Brain,9,phase1_hard,Ungood/img/01489_84.png,1,0.8223210573196411,0.9892616271972656,0.9826354384422302
Brain,9,phase1_hard,Ungood/img/01489_92.png,1,0.8239006400108337,0.9854872226715088,0.9632741212844849
Brain,9,phase1_hard,Ungood/img/01490_60.png,1,0.8223600387573242,0.9559950232505798,0.9364670515060425
Brain,9,phase1_hard,Ungood/img/01490_68.png,1,0.7945631146430969,0.9501177072525024,0.9217913150787354
Brain,9,phase1_hard,Ungood/img/01490_76.png,1,0.8218034505844116,0.9980402588844299,0.9865447878837585
Brain,9,phase1_hard,Ungood/img/01490_84.png,1,0.8159905672073364,0.6600286960601807,0.37606093287467957
Brain,9,phase1_hard,Ungood/img/01490_92.png,1,0.8280173540115356,0.9558932781219482,0.86211097240448
Brain,9,phase1_hard,Ungood/img/01491_60.png,1,0.8101417422294617,0.6778119802474976,0.5090373754501343
Brain,9,phase1_hard,Ungood/img/01491_68.png,1,0.8044560551643372,0.9566067457199097,0.89363694190979
Brain,9,phase1_hard,Ungood/img/01491_76.png,1,0.8147285580635071,0.9587464928627014,0.7234755158424377
Brain,9,phase1_hard,Ungood/img/01491_84.png,1,0.8140791058540344,0.9970676302909851,0.9784796237945557
Brain,9,phase1_hard,Ungood/img/01491_92.png,1,0.8143097162246704,0.9842836856842041,0.8011341691017151
Brain,9,phase1_hard,Ungood/img/01494_60.png,1,0.8162145018577576,0.9980953335762024,0.9974351525306702
Brain,9,phase1_hard,Ungood/img/01494_68.png,1,0.8270286917686462,0.9984598159790039,0.9975156784057617
Brain,9,phase1_hard,Ungood/img/01494_76.png,1,0.8254008293151855,0.9986255168914795,0.9943954944610596
Brain,9,phase1_hard,Ungood/img/01494_84.png,1,0.8223375082015991,0.9972739815711975,0.9962343573570251
Brain,9,phase1_hard,Ungood/img/01494_92.png,1,0.8260691165924072,0.9983800649642944,0.9977169036865234
Brain,9,phase1_hard,Ungood/img/01495_60.png,1,0.8220996856689453,0.9990764856338501,0.9950234889984131
Brain,9,phase1_hard,Ungood/img/01495_68.png,1,0.8285988569259644,0.9990635514259338,0.9970915913581848
Brain,9,phase1_hard,Ungood/img/01495_76.png,1,0.8238896727561951,0.9857656955718994,0.943041205406189
Brain,9,phase1_hard,Ungood/img/01495_84.png,1,0.8170257806777954,0.988052248954773,0.9802095293998718
Brain,9,phase1_hard,Ungood/img/01495_92.png,1,0.8180776834487915,0.9933079481124878,0.9881824851036072
Brain,9,phase1_hard,Ungood/img/01496_60.png,1,0.8258968591690063,0.9987309575080872,0.9974398016929626
Brain,9,phase1_hard,Ungood/img/01496_68.png,1,0.8215258121490479,0.9996563196182251,0.9992741346359253
Brain,9,phase1_hard,Ungood/img/01496_76.png,1,0.8278508186340332,0.9998432397842407,0.9996547102928162
Brain,9,phase1_hard,Ungood/img/01496_84.png,1,0.8283860087394714,0.998989999294281,0.998059868812561
Brain,9,phase1_hard,Ungood/img/01496_92.png,1,0.8260465264320374,0.9991089701652527,0.9961864352226257
Brain,9,phase1_hard,Ungood/img/01498_60.png,1,0.8250604271888733,0.9991613626480103,0.9989268183708191
Brain,9,phase1_hard,Ungood/img/01498_68.png,1,0.8251745104789734,0.9975295662879944,0.9949402809143066
Brain,9,phase1_hard,Ungood/img/01498_76.png,1,0.8232117891311646,0.9982808828353882,0.9975469708442688
Brain,9,phase1_hard,Ungood/img/01498_84.png,1,0.8281380534172058,0.9995617270469666,0.9991625547409058
Brain,9,phase1_hard,Ungood/img/01498_92.png,1,0.8308678269386292,0.9986122846603394,0.9975660443305969
Brain,9,phase1_hard,Ungood/img/01502_60.png,1,0.8213796019554138,0.9758298397064209,0.9632673263549805
Brain,9,phase1_hard,Ungood/img/01502_68.png,1,0.8199765086174011,0.9929293990135193,0.9861931204795837
Brain,9,phase1_hard,Ungood/img/01502_76.png,1,0.8080257177352905,0.0019140873337164521,0.0006587741081602871
Brain,9,phase1_hard,Ungood/img/01502_84.png,1,0.807237982749939,0.12518242001533508,0.04885657876729965
Brain,9,phase1_hard,Ungood/img/01502_92.png,1,0.8216744065284729,0.020758729428052902,0.010917686857283115
Brain,9,phase1_hard,Ungood/img/01503_60.png,1,0.8180992603302002,0.9957734942436218,0.993128776550293
Brain,9,phase1_hard,Ungood/img/01503_68.png,1,0.8093628287315369,0.9980965256690979,0.9930881857872009
Brain,9,phase1_hard,Ungood/img/01503_76.png,1,0.8112804889678955,0.9951530694961548,0.9856745600700378
Brain,9,phase1_hard,Ungood/img/01503_84.png,1,0.8035364747047424,0.9727619886398315,0.9293249249458313
Brain,9,phase1_hard,Ungood/img/01503_92.png,1,0.8116719722747803,0.9591005444526672,0.7491763234138489
Brain,9,phase1_hard,Ungood/img/01504_60.png,1,0.8111739158630371,0.8874668478965759,0.7544404864311218
Brain,9,phase1_hard,Ungood/img/01504_68.png,1,0.8217949271202087,0.9940628409385681,0.9794610142707825
Brain,9,phase1_hard,Ungood/img/01504_76.png,1,0.8181299567222595,0.9795777201652527,0.7950679659843445
Brain,9,phase1_hard,Ungood/img/01504_84.png,1,0.8265203833580017,0.9901680946350098,0.9300084114074707
Brain,9,phase1_hard,Ungood/img/01504_92.png,1,0.8208136558532715,0.4579221308231354,0.113533154129982
Brain,9,phase1_hard,Ungood/img/01506_60.png,1,0.8259405493736267,0.8773784041404724,0.7730937004089355
Brain,9,phase1_hard,Ungood/img/01506_68.png,1,0.8265882134437561,0.9600207805633545,0.932854175567627
Brain,9,phase1_hard,Ungood/img/01506_76.png,1,0.8246596455574036,0.9920666217803955,0.9872568249702454
Brain,9,phase1_hard,Ungood/img/01506_84.png,1,0.8202868700027466,0.9841423630714417,0.970973551273346
Brain,9,phase1_hard,Ungood/img/01506_92.png,1,0.8222095966339111,0.978120744228363,0.9653916358947754
Brain,9,phase1_hard,Ungood/img/01507_60.png,1,0.8258321285247803,0.9973069429397583,0.9944797158241272
Brain,9,phase1_hard,Ungood/img/01507_68.png,1,0.8163732886314392,0.9938274025917053,0.9909664392471313
Brain,9,phase1_hard,Ungood/img/01507_76.png,1,0.8134129047393799,0.9961788654327393,0.9858255982398987
Brain,9,phase1_hard,Ungood/img/01507_84.png,1,0.8195729851722717,0.9873573780059814,0.9522931575775146
Brain,9,phase1_hard,Ungood/img/01507_92.png,1,0.8138771057128906,0.4078746736049652,0.2557734549045563
Brain,9,phase1_hard,Ungood/img/01511_60.png,1,0.8079890608787537,0.9621431827545166,0.9055343270301819
Brain,9,phase1_hard,Ungood/img/01511_68.png,1,0.8106091022491455,0.9772217273712158,0.9590100049972534
Brain,9,phase1_hard,Ungood/img/01511_76.png,1,0.8113722205162048,0.0751267522573471,0.03667716309428215
Brain,9,phase1_hard,Ungood/img/01511_84.png,1,0.797702968120575,0.012181325815618038,0.006366468500345945
Brain,9,phase1_hard,Ungood/img/01511_92.png,1,0.8184401988983154,0.9564199447631836,0.9416697025299072
Brain,9,phase1_hard,Ungood/img/01512_60.png,1,0.8209689855575562,0.9992761015892029,0.9986076354980469
Brain,9,phase1_hard,Ungood/img/01512_68.png,1,0.8234295845031738,0.9974080920219421,0.9951364994049072
Brain,9,phase1_hard,Ungood/img/01512_76.png,1,0.8259588479995728,0.9978735446929932,0.9968201518058777
Brain,9,phase1_hard,Ungood/img/01512_84.png,1,0.8204545378684998,0.9972729086875916,0.99587482213974
Brain,9,phase1_hard,Ungood/img/01512_92.png,1,0.8209564089775085,0.9858652353286743,0.9806819558143616
Brain,9,phase1_hard,Ungood/img/01513_60.png,1,0.819598913192749,0.9935558438301086,0.9897624850273132
Brain,9,phase1_hard,Ungood/img/01513_68.png,1,0.8247606158256531,0.9994376301765442,0.9989377856254578
Brain,9,phase1_hard,Ungood/img/01513_76.png,1,0.8261052370071411,0.9976263642311096,0.9942445158958435
Brain,9,phase1_hard,Ungood/img/01513_84.png,1,0.8300063014030457,0.9987238049507141,0.9979555606842041
Brain,9,phase1_hard,Ungood/img/01513_92.png,1,0.8292406797409058,0.9995602965354919,0.9992040991783142
Brain,9,phase1_hard,Ungood/img/01515_60.png,1,0.8253141641616821,0.9997486472129822,0.9994487762451172
Brain,9,phase1_hard,Ungood/img/01515_68.png,1,0.8289717435836792,0.9986023306846619,0.9980790615081787
Brain,9,phase1_hard,Ungood/img/01515_76.png,1,0.8237133622169495,0.9994834661483765,0.9990194439888
Brain,9,phase1_hard,Ungood/img/01515_84.png,1,0.8260713815689087,0.9988369345664978,0.9975289702415466
Brain,9,phase1_hard,Ungood/img/01515_92.png,1,0.8238928318023682,0.9933043122291565,0.9737828969955444
Brain,9,phase1_hard,Ungood/img/01517_60.png,1,0.8253816366195679,0.9884713888168335,0.97517991065979
Brain,9,phase1_hard,Ungood/img/01517_68.png,1,0.8209134936332703,0.9807273149490356,0.9539327621459961
Brain,9,phase1_hard,Ungood/img/01517_76.png,1,0.8236972689628601,0.9923844337463379,0.9877452850341797
Brain,9,phase1_hard,Ungood/img/01517_84.png,1,0.8217379450798035,0.9907875657081604,0.9711683392524719
Brain,9,phase1_hard,Ungood/img/01517_92.png,1,0.820925772190094,0.9866993427276611,0.9766114354133606
Brain,9,phase1_hard,Ungood/img/01519_60.png,1,0.814541220664978,0.9995291233062744,0.9993014335632324
Brain,9,phase1_hard,Ungood/img/01519_68.png,1,0.8127288222312927,0.5630984902381897,0.43902361392974854
Brain,9,phase1_hard,Ungood/img/01519_76.png,1,0.8188521265983582,0.7643572092056274,0.5801845192909241
Brain,9,phase1_hard,Ungood/img/01519_84.png,1,0.8067789077758789,0.13638131320476532,0.026621012017130852
Brain,9,phase1_hard,Ungood/img/01519_92.png,1,0.8064616322517395,0.0002074247458949685,6.52490125503391e-05
Brain,9,phase1_hard,Ungood/img/01521_60.png,1,0.8213233947753906,0.9975837469100952,0.9937319159507751
Brain,9,phase1_hard,Ungood/img/01521_68.png,1,0.8072758316993713,0.998863935470581,0.9973790645599365
Brain,9,phase1_hard,Ungood/img/01521_76.png,1,0.8172048926353455,0.9981867671012878,0.9963712692260742
Brain,9,phase1_hard,Ungood/img/01521_84.png,1,0.8161805272102356,0.9939583539962769,0.9861676692962646
Brain,9,phase1_hard,Ungood/img/01521_92.png,1,0.8165302276611328,0.9341587424278259,0.9173003435134888
Brain,9,phase1_hard,Ungood/img/01522_60.png,1,0.8073759078979492,0.9919618964195251,0.9756556153297424
Brain,9,phase1_hard,Ungood/img/01522_68.png,1,0.8075163960456848,0.9916688203811646,0.935398280620575
Brain,9,phase1_hard,Ungood/img/01522_76.png,1,0.8173474669456482,0.9302715063095093,0.7081401944160461
Brain,9,phase1_hard,Ungood/img/01522_84.png,1,0.8146594166755676,0.9699274897575378,0.8323052525520325
Brain,9,phase1_hard,Ungood/img/01522_92.png,1,0.7921755909919739,0.26421135663986206,0.07268128544092178
Brain,9,phase1_hard,Ungood/img/01523_60.png,1,0.8289334774017334,0.9973570704460144,0.9950425028800964
Brain,9,phase1_hard,Ungood/img/01523_68.png,1,0.8248330354690552,0.9997263550758362,0.9994672536849976
Brain,9,phase1_hard,Ungood/img/01523_76.png,1,0.8251348733901978,0.9949523210525513,0.9931206107139587
Brain,9,phase1_hard,Ungood/img/01523_84.png,1,0.8267494440078735,0.9977625608444214,0.994960367679596
Brain,9,phase1_hard,Ungood/img/01523_92.png,1,0.8229307532310486,0.9961211085319519,0.9944173097610474
Brain,9,phase1_hard,Ungood/img/01524_60.png,1,0.8282873034477234,0.9988561868667603,0.9972502589225769
Brain,9,phase1_hard,Ungood/img/01524_68.png,1,0.8292292952537537,0.9982957243919373,0.9959796667098999
Brain,9,phase1_hard,Ungood/img/01524_76.png,1,0.8262785077095032,0.9994988441467285,0.9982159733772278
Brain,9,phase1_hard,Ungood/img/01524_84.png,1,0.8227195143699646,0.995272696018219,0.9883143901824951
Brain,9,phase1_hard,Ungood/img/01524_92.png,1,0.821843683719635,0.9990193843841553,0.9976280927658081
Brain,9,phase1_hard,Ungood/img/01525_60.png,1,0.8174083232879639,0.9976930022239685,0.9955008625984192
Brain,9,phase1_hard,Ungood/img/01525_68.png,1,0.8125356435775757,0.8781931400299072,0.8121218085289001
Brain,9,phase1_hard,Ungood/img/01525_76.png,1,0.8104293346405029,0.6267943382263184,0.3478659689426422
Brain,9,phase1_hard,Ungood/img/01525_84.png,1,0.8174275159835815,0.15824617445468903,0.037935566157102585
Brain,9,phase1_hard,Ungood/img/01525_92.png,1,0.8228302001953125,0.9972585439682007,0.9801692962646484
Brain,9,phase1_hard,Ungood/img/01528_60.png,1,0.8257894515991211,0.9991707801818848,0.9984464049339294
Brain,9,phase1_hard,Ungood/img/01528_68.png,1,0.8268067240715027,0.9909366965293884,0.9793049097061157
Brain,9,phase1_hard,Ungood/img/01528_76.png,1,0.8224549889564514,0.9926579594612122,0.9847408533096313
Brain,9,phase1_hard,Ungood/img/01528_84.png,1,0.8227466344833374,0.9955400824546814,0.983558177947998
Brain,9,phase1_hard,Ungood/img/01528_92.png,1,0.8236525654792786,0.9953922033309937,0.9861270785331726
Brain,9,phase1_hard,Ungood/img/01531_60.png,1,0.8200515508651733,0.9852016568183899,0.9347658157348633
Brain,9,phase1_hard,Ungood/img/01531_68.png,1,0.8149791955947876,0.992251455783844,0.9679778218269348
Brain,9,phase1_hard,Ungood/img/01531_76.png,1,0.8140435218811035,0.9877365231513977,0.9410489797592163
Brain,9,phase1_hard,Ungood/img/01531_84.png,1,0.8112877011299133,0.9919438362121582,0.9667384624481201
Brain,9,phase1_hard,Ungood/img/01531_92.png,1,0.8177921772003174,0.9630652070045471,0.9157109260559082
Brain,9,phase1_hard,Ungood/img/01532_60.png,1,0.8292074799537659,0.947909951210022,0.8888700008392334
Brain,9,phase1_hard,Ungood/img/01532_68.png,1,0.8279920220375061,0.9985460042953491,0.9970259070396423
Brain,9,phase1_hard,Ungood/img/01532_76.png,1,0.8300378322601318,0.9938905239105225,0.9903512001037598
Brain,9,phase1_hard,Ungood/img/01532_84.png,1,0.8290555477142334,0.9985313415527344,0.9976906776428223
Brain,9,phase1_hard,Ungood/img/01532_92.png,1,0.828222930431366,0.9986875653266907,0.9935774803161621
Brain,9,phase1_hard,Ungood/img/01533_60.png,1,0.8261185884475708,0.998196542263031,0.9973989725112915
Brain,9,phase1_hard,Ungood/img/01533_68.png,1,0.8279605507850647,0.9996227025985718,0.9992673993110657
Brain,9,phase1_hard,Ungood/img/01533_76.png,1,0.8291239738464355,0.9994990825653076,0.9990215301513672
Brain,9,phase1_hard,Ungood/img/01533_84.png,1,0.8313601613044739,0.9970682263374329,0.9911674857139587
Brain,9,phase1_hard,Ungood/img/01533_92.png,1,0.8299449682235718,0.9942210912704468,0.9920830130577087
Brain,9,phase1_hard,Ungood/img/01537_60.png,1,0.8251726031303406,0.9980138540267944,0.9963455200195312
Brain,9,phase1_hard,Ungood/img/01537_68.png,1,0.8272751569747925,0.999474823474884,0.9990521669387817
Brain,9,phase1_hard,Ungood/img/01537_76.png,1,0.8255378603935242,0.9994630217552185,0.9991569519042969
Brain,9,phase1_hard,Ungood/img/01537_84.png,1,0.8245864510536194,0.9994200468063354,0.9990642070770264
Brain,9,phase1_hard,Ungood/img/01537_92.png,1,0.8225060105323792,0.9965091347694397,0.9934094548225403
Brain,9,phase1_hard,Ungood/img/01541_60.png,1,0.8209188580513,0.9995730519294739,0.9994129538536072
Brain,9,phase1_hard,Ungood/img/01541_68.png,1,0.8241750597953796,0.9983433485031128,0.9973251223564148
Brain,9,phase1_hard,Ungood/img/01541_76.png,1,0.8235795497894287,0.9753775596618652,0.9625211358070374
Brain,9,phase1_hard,Ungood/img/01541_84.png,1,0.8178799748420715,0.9943919777870178,0.9916853904724121
Brain,9,phase1_hard,Ungood/img/01541_92.png,1,0.8218512535095215,0.9850031733512878,0.9737501740455627
Brain,9,phase1_hard,Ungood/img/01542_60.png,1,0.826831042766571,0.989987313747406,0.9817291498184204
Brain,9,phase1_hard,Ungood/img/01542_68.png,1,0.8274199962615967,0.9946298599243164,0.9909619092941284
Brain,9,phase1_hard,Ungood/img/01542_76.png,1,0.8237934708595276,0.9929366707801819,0.986696720123291
Brain,9,phase1_hard,Ungood/img/01542_84.png,1,0.8286641836166382,0.9848634600639343,0.955159604549408
Brain,9,phase1_hard,Ungood/img/01542_92.png,1,0.8306365609169006,0.996625542640686,0.9889135360717773
Brain,9,phase1_hard,Ungood/img/01544_60.png,1,0.8296573162078857,0.9931065440177917,0.9574940800666809
Brain,9,phase1_hard,Ungood/img/01544_68.png,1,0.8204399347305298,0.9868578910827637,0.9436854124069214
Brain,9,phase1_hard,Ungood/img/01544_76.png,1,0.8234689235687256,0.9919338226318359,0.9445966482162476
Brain,9,phase1_hard,Ungood/img/01544_84.png,1,0.8201132416725159,0.992251455783844,0.9351170063018799
Brain,9,phase1_hard,Ungood/img/01544_92.png,1,0.8180875182151794,0.5469560027122498,0.22360146045684814
Brain,9,phase1_hard,Ungood/img/01546_60.png,1,0.8216238021850586,0.9965463280677795,0.9943710565567017
Brain,9,phase1_hard,Ungood/img/01546_68.png,1,0.8248780369758606,0.9905503988265991,0.9805193543434143
Brain,9,phase1_hard,Ungood/img/01546_76.png,1,0.8250458836555481,0.9716783761978149,0.9227322340011597
Brain,9,phase1_hard,Ungood/img/01546_84.png,1,0.8262729644775391,0.9457181692123413,0.8805009126663208
Brain,9,phase1_hard,Ungood/img/01546_92.png,1,0.8272716999053955,0.9985963702201843,0.9950488209724426
Brain,9,phase1_hard,Ungood/img/01547_60.png,1,0.8234368562698364,0.9911242723464966,0.9819753766059875
Brain,9,phase1_hard,Ungood/img/01547_68.png,1,0.8214877843856812,0.06543687731027603,0.017843347042798996
Brain,9,phase1_hard,Ungood/img/01547_76.png,1,0.8242709636688232,0.07976444065570831,0.03755280748009682
Brain,9,phase1_hard,Ungood/img/01547_84.png,1,0.8238499760627747,0.33913350105285645,0.1581343561410904
Brain,9,phase1_hard,Ungood/img/01547_92.png,1,0.8273605704307556,0.2791250944137573,0.1302485466003418
Brain,9,phase1_hard,Ungood/img/01552_60.png,1,0.8270418643951416,0.9938111901283264,0.9904434084892273
Brain,9,phase1_hard,Ungood/img/01552_68.png,1,0.8205874562263489,0.8995137810707092,0.7631286382675171
Brain,9,phase1_hard,Ungood/img/01552_76.png,1,0.8257614374160767,0.9986383318901062,0.9942483305931091
Brain,9,phase1_hard,Ungood/img/01552_84.png,1,0.8218725919723511,0.9832436442375183,0.9636144042015076
Brain,9,phase1_hard,Ungood/img/01552_92.png,1,0.8188427686691284,0.924689769744873,0.8525418043136597
Brain,9,phase1_hard,Ungood/img/01553_60.png,1,0.8169254660606384,0.9819796085357666,0.9644950032234192
Brain,9,phase1_hard,Ungood/img/01553_68.png,1,0.8080354332923889,0.8557403683662415,0.8007605075836182
Brain,9,phase1_hard,Ungood/img/01553_76.png,1,0.8243759274482727,0.7728109359741211,0.6444112658500671
Brain,9,phase1_hard,Ungood/img/01553_84.png,1,0.8136627078056335,0.23982055485248566,0.11913824081420898
Brain,9,phase1_hard,Ungood/img/01553_92.png,1,0.813274085521698,0.10778019577264786,0.0514371283352375
Brain,9,phase1_hard,Ungood/img/01554_60.png,1,0.8258374333381653,0.9963801503181458,0.9863290190696716
Brain,9,phase1_hard,Ungood/img/01554_68.png,1,0.8257096409797668,0.9978746175765991,0.9958325028419495
Brain,9,phase1_hard,Ungood/img/01554_76.png,1,0.8267828822135925,0.9971629977226257,0.9962232708930969
Brain,9,phase1_hard,Ungood/img/01554_84.png,1,0.8254740834236145,0.9970712661743164,0.9941853880882263
Brain,9,phase1_hard,Ungood/img/01554_92.png,1,0.8210861682891846,0.9961276650428772,0.995080828666687
Brain,9,phase1_hard,Ungood/img/01558_60.png,1,0.820063054561615,0.9480100274085999,0.9223905801773071
Brain,9,phase1_hard,Ungood/img/01558_68.png,1,0.8209137320518494,0.41115671396255493,0.24921709299087524
Brain,9,phase1_hard,Ungood/img/01558_76.png,1,0.8002199530601501,0.6548712849617004,0.303230881690979
Brain,9,phase1_hard,Ungood/img/01558_84.png,1,0.8142374157905579,0.6659076809883118,0.4565947353839874
Brain,9,phase1_hard,Ungood/img/01558_92.png,1,0.797855019569397,0.6932805776596069,0.4250839054584503
Brain,9,phase1_hard,Ungood/img/01562_60.png,1,0.8281211256980896,0.9974474906921387,0.9966249465942383
Brain,9,phase1_hard,Ungood/img/01562_68.png,1,0.818352460861206,0.9925011992454529,0.9749734997749329
Brain,9,phase1_hard,Ungood/img/01562_76.png,1,0.818281888961792,0.98918217420578,0.9760363698005676
Brain,9,phase1_hard,Ungood/img/01562_84.png,1,0.8200443387031555,0.989218533039093,0.964891254901886
Brain,9,phase1_hard,Ungood/img/01562_92.png,1,0.8158558011054993,0.8134864568710327,0.7559123039245605
Brain,9,phase1_hard,Ungood/img/01564_60.png,1,0.8261770009994507,0.8893012404441833,0.7645034790039062
Brain,9,phase1_hard,Ungood/img/01564_68.png,1,0.8164874911308289,0.9939393997192383,0.977968692779541
Brain,9,phase1_hard,Ungood/img/01564_76.png,1,0.8189490437507629,0.9993600249290466,0.9976994395256042
Brain,9,phase1_hard,Ungood/img/01564_84.png,1,0.8184144496917725,0.9866868257522583,0.9741456508636475
Brain,9,phase1_hard,Ungood/img/01564_92.png,1,0.819935142993927,0.976830005645752,0.8231309652328491
Brain,9,phase1_hard,Ungood/img/01565_60.png,1,0.8184688687324524,0.9706624746322632,0.8995863795280457
Brain,9,phase1_hard,Ungood/img/01565_68.png,1,0.8180719017982483,0.9490367770195007,0.8731203675270081
Brain,9,phase1_hard,Ungood/img/01565_76.png,1,0.8225391507148743,0.969031572341919,0.9489965438842773
Brain,9,phase1_hard,Ungood/img/01565_84.png,1,0.8273183107376099,0.9779462814331055,0.9323289394378662
Brain,9,phase1_hard,Ungood/img/01565_92.png,1,0.8254668712615967,0.9886283278465271,0.9716176390647888
Brain,9,phase1_hard,Ungood/img/01567_60.png,1,0.8104134798049927,0.9962211847305298,0.9899201393127441
Brain,9,phase1_hard,Ungood/img/01567_68.png,1,0.8024746775627136,0.9356560111045837,0.8580803275108337
Brain,9,phase1_hard,Ungood/img/01567_76.png,1,0.820447564125061,0.06445865333080292,0.020670294761657715
Brain,9,phase1_hard,Ungood/img/01567_84.png,1,0.8230814337730408,0.873763918876648,0.6980798244476318
Brain,9,phase1_hard,Ungood/img/01567_92.png,1,0.8169913291931152,0.18149885535240173,0.059555407613515854
Brain,9,phase1_hard,Ungood/img/01568_60.png,1,0.8207435607910156,0.9983121156692505,0.9971301555633545
Brain,9,phase1_hard,Ungood/img/01568_68.png,1,0.8237965106964111,0.9978898167610168,0.9952694773674011
Brain,9,phase1_hard,Ungood/img/01568_76.png,1,0.8225364685058594,0.9984227418899536,0.9967166781425476
Brain,9,phase1_hard,Ungood/img/01568_84.png,1,0.8249213695526123,0.995465099811554,0.9936894774436951
Brain,9,phase1_hard,Ungood/img/01568_92.png,1,0.8156384825706482,0.9881772398948669,0.9711158871650696
Brain,9,phase1_hard,Ungood/img/01569_60.png,1,0.8219512701034546,0.9994301199913025,0.9984703063964844
Brain,9,phase1_hard,Ungood/img/01569_68.png,1,0.8231553435325623,0.9992908239364624,0.9988309741020203
Brain,9,phase1_hard,Ungood/img/01569_76.png,1,0.8220564723014832,0.9994314312934875,0.9988041520118713
Brain,9,phase1_hard,Ungood/img/01569_84.png,1,0.8156393766403198,0.9975456595420837,0.9969516396522522
Brain,9,phase1_hard,Ungood/img/01569_92.png,1,0.8185263276100159,0.9991014003753662,0.9984058141708374
Brain,9,phase1_hard,Ungood/img/01573_60.png,1,0.8223705291748047,0.9896582961082458,0.9797619581222534
Brain,9,phase1_hard,Ungood/img/01573_68.png,1,0.8221232891082764,0.9698954224586487,0.9437218904495239
Brain,9,phase1_hard,Ungood/img/01573_76.png,1,0.823869526386261,0.9994778037071228,0.9976839423179626
Brain,9,phase1_hard,Ungood/img/01573_84.png,1,0.8250694870948792,0.999795138835907,0.9992551207542419
Brain,9,phase1_hard,Ungood/img/01573_92.png,1,0.8268811106681824,0.999160647392273,0.9953881502151489
Brain,9,phase1_hard,Ungood/img/01574_60.png,1,0.8204572796821594,0.9944854378700256,0.9899112582206726
Brain,9,phase1_hard,Ungood/img/01574_68.png,1,0.8172892928123474,0.9803624749183655,0.9382216334342957
Brain,9,phase1_hard,Ungood/img/01574_76.png,1,0.7924588322639465,0.9985997080802917,0.9953054189682007
Brain,9,phase1_hard,Ungood/img/01574_84.png,1,0.8098161816596985,0.9918659329414368,0.9885772466659546
Brain,9,phase1_hard,Ungood/img/01574_92.png,1,0.794938325881958,0.07766945660114288,0.04203648865222931
Brain,9,phase1_hard,Ungood/img/01575_60.png,1,0.8198343515396118,0.9710591435432434,0.923012375831604
Brain,9,phase1_hard,Ungood/img/01575_68.png,1,0.8188602328300476,0.9894160032272339,0.9755791425704956
Brain,9,phase1_hard,Ungood/img/01575_76.png,1,0.8189215064048767,0.9921550154685974,0.9792622327804565
Brain,9,phase1_hard,Ungood/img/01575_84.png,1,0.8291968703269958,0.9993430972099304,0.9983681440353394
Brain,9,phase1_hard,Ungood/img/01575_92.png,1,0.8274888396263123,0.9971121549606323,0.9889774918556213
Brain,9,phase1_hard,Ungood/img/01576_60.png,1,0.8122367262840271,0.9896212816238403,0.9765231013298035
Brain,9,phase1_hard,Ungood/img/01576_68.png,1,0.8146325945854187,0.9984900951385498,0.9932230114936829
Brain,9,phase1_hard,Ungood/img/01576_76.png,1,0.8123115301132202,0.9994668364524841,0.9977515339851379
Brain,9,phase1_hard,Ungood/img/01576_84.png,1,0.8221097588539124,0.9987186193466187,0.9941848516464233
Brain,9,phase1_hard,Ungood/img/01576_92.png,1,0.8198613524436951,0.9988542795181274,0.9947267770767212
Brain,9,phase1_hard,Ungood/img/01578_60.png,1,0.814404308795929,0.9985647797584534,0.9961357712745667
Brain,9,phase1_hard,Ungood/img/01578_68.png,1,0.8191437125205994,0.9696621298789978,0.9390087723731995
Brain,9,phase1_hard,Ungood/img/01578_76.png,1,0.8183730244636536,0.993137776851654,0.9813576340675354
Brain,9,phase1_hard,Ungood/img/01578_84.png,1,0.8064652681350708,0.9978128671646118,0.9927405714988708
Brain,9,phase1_hard,Ungood/img/01578_92.png,1,0.8043978214263916,0.9867907166481018,0.9469083547592163
Brain,9,phase1_hard,Ungood/img/01581_60.png,1,0.8160784840583801,0.9831733703613281,0.9743083119392395
Brain,9,phase1_hard,Ungood/img/01581_68.png,1,0.8106091022491455,0.9701179265975952,0.9397290349006653
Brain,9,phase1_hard,Ungood/img/01581_76.png,1,0.8220788836479187,0.9967085123062134,0.993456244468689
Brain,9,phase1_hard,Ungood/img/01581_84.png,1,0.8204770088195801,0.9606221318244934,0.9047104120254517
Brain,9,phase1_hard,Ungood/img/01581_92.png,1,0.8221974968910217,0.2574722170829773,0.1435028463602066
Brain,9,phase1_hard,Ungood/img/01582_60.png,1,0.8187165856361389,0.9993608593940735,0.9990488886833191
Brain,9,phase1_hard,Ungood/img/01582_68.png,1,0.8219200372695923,0.9985688924789429,0.9953466057777405
Brain,9,phase1_hard,Ungood/img/01582_76.png,1,0.8206915259361267,0.9974749684333801,0.9616552591323853
Brain,9,phase1_hard,Ungood/img/01582_84.png,1,0.8220602869987488,0.9981850981712341,0.939112663269043
Brain,9,phase1_hard,Ungood/img/01582_92.png,1,0.8173741698265076,0.9935011267662048,0.8301099538803101
Brain,9,phase1_hard,Ungood/img/01583_60.png,1,0.8162565231323242,0.9959983825683594,0.9907586574554443
Brain,9,phase1_hard,Ungood/img/01583_68.png,1,0.8223897218704224,0.993949294090271,0.9725849628448486
Brain,9,phase1_hard,Ungood/img/01583_76.png,1,0.8184517025947571,0.9989822506904602,0.9973374605178833
Brain,9,phase1_hard,Ungood/img/01583_84.png,1,0.8168317675590515,0.9932492971420288,0.9784435033798218
Brain,9,phase1_hard,Ungood/img/01583_92.png,1,0.8215191960334778,0.9976609945297241,0.9965424537658691
Brain,9,phase1_hard,Ungood/img/01584_60.png,1,0.8205608129501343,0.9988777041435242,0.9981477856636047
Brain,9,phase1_hard,Ungood/img/01584_68.png,1,0.819937527179718,0.9988405108451843,0.9978158473968506
Brain,9,phase1_hard,Ungood/img/01584_76.png,1,0.8153799176216125,0.9962886571884155,0.993630051612854
Brain,9,phase1_hard,Ungood/img/01584_84.png,1,0.8256991505622864,0.9973043203353882,0.9931426048278809
Brain,9,phase1_hard,Ungood/img/01584_92.png,1,0.8165604472160339,0.9951848387718201,0.9927570223808289
Brain,9,phase1_hard,Ungood/img/01587_60.png,1,0.8283188939094543,0.9983789920806885,0.9971162676811218
Brain,9,phase1_hard,Ungood/img/01587_68.png,1,0.8246079683303833,0.9939369559288025,0.9904247522354126
Brain,9,phase1_hard,Ungood/img/01587_76.png,1,0.8269482851028442,0.9989946484565735,0.9979414343833923
Brain,9,phase1_hard,Ungood/img/01587_84.png,1,0.8293153643608093,0.9979521632194519,0.9966817498207092
Brain,9,phase1_hard,Ungood/img/01587_92.png,1,0.8283723592758179,0.9988371729850769,0.9982313513755798
Brain,9,phase1_hard,Ungood/img/01590_60.png,1,0.8166875839233398,0.7869400978088379,0.6993716955184937
Brain,9,phase1_hard,Ungood/img/01590_68.png,1,0.8193703293800354,0.9790604114532471,0.7277963757514954
Brain,9,phase1_hard,Ungood/img/01590_76.png,1,0.8198036551475525,0.9876154661178589,0.9560415744781494
Brain,9,phase1_hard,Ungood/img/01590_84.png,1,0.8244277238845825,0.9979448914527893,0.990030825138092
Brain,9,phase1_hard,Ungood/img/01590_92.png,1,0.8233625888824463,0.9991915822029114,0.9913280010223389
Brain,9,phase1_hard,Ungood/img/01593_60.png,1,0.8190562129020691,0.9931118488311768,0.9796630144119263
Brain,9,phase1_hard,Ungood/img/01593_68.png,1,0.8138317465782166,0.9964109063148499,0.9896718859672546
Brain,9,phase1_hard,Ungood/img/01593_76.png,1,0.8152777552604675,0.9974768757820129,0.9957489967346191
Brain,9,phase1_hard,Ungood/img/01593_84.png,1,0.8261106610298157,0.9974039196968079,0.9948664903640747
Brain,9,phase1_hard,Ungood/img/01593_92.png,1,0.8242278099060059,0.9987112283706665,0.9978174567222595
Brain,9,phase1_hard,Ungood/img/01595_60.png,1,0.81177818775177,0.979349672794342,0.9687733054161072
Brain,9,phase1_hard,Ungood/img/01595_68.png,1,0.8257521390914917,0.9879948496818542,0.9627481698989868
Brain,9,phase1_hard,Ungood/img/01595_76.png,1,0.8169345855712891,0.9968644976615906,0.9925889372825623
Brain,9,phase1_hard,Ungood/img/01595_84.png,1,0.8239856958389282,0.9980465173721313,0.9948284029960632
Brain,9,phase1_hard,Ungood/img/01595_92.png,1,0.8218435645103455,0.9986324906349182,0.9952909350395203
Brain,9,phase1_hard,Ungood/img/01596_60.png,1,0.8182969093322754,0.9832151532173157,0.9783857464790344
Brain,9,phase1_hard,Ungood/img/01596_68.png,1,0.8135089874267578,0.8719020485877991,0.8202993869781494
Brain,9,phase1_hard,Ungood/img/01596_76.png,1,0.8084096908569336,0.9807641506195068,0.9297011494636536
Brain,9,phase1_hard,Ungood/img/01596_84.png,1,0.8164151906967163,0.9199749231338501,0.8025619983673096
Brain,9,phase1_hard,Ungood/img/01596_92.png,1,0.8203376531600952,0.9568936228752136,0.9052186608314514
Brain,9,phase1_hard,Ungood/img/01597_60.png,1,0.8269851803779602,0.9979605674743652,0.9959649443626404
Brain,9,phase1_hard,Ungood/img/01597_68.png,1,0.8240159749984741,0.9973369240760803,0.9943631291389465
Brain,9,phase1_hard,Ungood/img/01597_76.png,1,0.8129496574401855,0.9981909394264221,0.9914298057556152
Brain,9,phase1_hard,Ungood/img/01597_84.png,1,0.8242818117141724,0.9952208399772644,0.9911770820617676
Brain,9,phase1_hard,Ungood/img/01597_92.png,1,0.8251656293869019,0.9837936758995056,0.9776597619056702
Brain,9,phase1_hard,Ungood/img/01598_60.png,1,0.8297006487846375,0.9987412095069885,0.9976302981376648
Brain,9,phase1_hard,Ungood/img/01598_68.png,1,0.8198630213737488,0.9995891451835632,0.9985266327857971
Brain,9,phase1_hard,Ungood/img/01598_76.png,1,0.8187695145606995,0.9978845715522766,0.9945329427719116
Brain,9,phase1_hard,Ungood/img/01598_84.png,1,0.8264464139938354,0.9998832941055298,0.9995863437652588
Brain,9,phase1_hard,Ungood/img/01598_92.png,1,0.8259955048561096,0.9991783499717712,0.997721254825592
Brain,9,phase1_hard,Ungood/img/01601_60.png,1,0.8224452137947083,0.9997188448905945,0.9993379712104797
Brain,9,phase1_hard,Ungood/img/01601_68.png,1,0.8244458436965942,0.9993335604667664,0.9984776973724365
Brain,9,phase1_hard,Ungood/img/01601_76.png,1,0.8206615447998047,0.9995658993721008,0.9987972378730774
Brain,9,phase1_hard,Ungood/img/01601_84.png,1,0.8199547529220581,0.9983797073364258,0.9913845062255859
Brain,9,phase1_hard,Ungood/img/01601_92.png,1,0.826305091381073,0.9977964162826538,0.9893492460250854
Brain,9,phase1_hard,Ungood/img/01602_60.png,1,0.8284618854522705,0.9972346425056458,0.9957977533340454
Brain,9,phase1_hard,Ungood/img/01602_68.png,1,0.8258869647979736,0.9957279562950134,0.991216778755188
Brain,9,phase1_hard,Ungood/img/01602_76.png,1,0.8288931250572205,0.9949689507484436,0.9915134906768799
Brain,9,phase1_hard,Ungood/img/01602_84.png,1,0.8252804279327393,0.9955249428749084,0.9813700914382935
Brain,9,phase1_hard,Ungood/img/01602_92.png,1,0.8281497359275818,0.8971065282821655,0.5872113108634949
Brain,9,phase1_hard,Ungood/img/01603_60.png,1,0.8269904851913452,0.9992645382881165,0.9985551834106445
Brain,9,phase1_hard,Ungood/img/01603_68.png,1,0.827690839767456,0.9981454610824585,0.9952999353408813
Brain,9,phase1_hard,Ungood/img/01603_76.png,1,0.8247097134590149,0.98917156457901,0.9754239320755005
Brain,9,phase1_hard,Ungood/img/01603_84.png,1,0.8228070139884949,0.9855681657791138,0.9770469665527344
Brain,9,phase1_hard,Ungood/img/01603_92.png,1,0.8258950710296631,0.9502969980239868,0.8313990831375122
Brain,9,phase1_hard,Ungood/img/01605_60.png,1,0.8280678391456604,0.9965691566467285,0.9953674077987671
Brain,9,phase1_hard,Ungood/img/01605_68.png,1,0.8220071792602539,0.9764102697372437,0.9390277862548828
Brain,9,phase1_hard,Ungood/img/01605_76.png,1,0.8239991664886475,0.999382495880127,0.9973109364509583
Brain,9,phase1_hard,Ungood/img/01605_84.png,1,0.8231026530265808,0.9868979454040527,0.975460946559906
Brain,9,phase1_hard,Ungood/img/01605_92.png,1,0.8224667906761169,0.9877749681472778,0.9773346185684204
Brain,9,phase1_hard,Ungood/img/01606_60.png,1,0.8148686289787292,0.9475420713424683,0.8536093235015869
Brain,9,phase1_hard,Ungood/img/01606_68.png,1,0.633489191532135,0.00011009744048351422,5.016374780097976e-05
Brain,9,phase1_hard,Ungood/img/01606_76.png,1,0.5359402298927307,0.00010221237607765943,5.0661743443924934e-05
Brain,9,phase1_hard,Ungood/img/01606_84.png,1,0.5578472018241882,2.6473555863049114e-06,1.4489935438177781e-06
Brain,9,phase1_hard,Ungood/img/01606_92.png,1,0.5175294876098633,3.745584081116249e-06,2.33965056395391e-06
Brain,9,phase1_hard,Ungood/img/01608_60.png,1,0.8242300748825073,0.999614953994751,0.9989523887634277
Brain,9,phase1_hard,Ungood/img/01608_68.png,1,0.8164849281311035,0.9988975524902344,0.9954116344451904
Brain,9,phase1_hard,Ungood/img/01608_76.png,1,0.8218531012535095,0.9990857839584351,0.9985644817352295
Brain,9,phase1_hard,Ungood/img/01608_84.png,1,0.8261792659759521,0.9996832609176636,0.9992402791976929
Brain,9,phase1_hard,Ungood/img/01608_92.png,1,0.8270148634910583,0.9991356730461121,0.9974732995033264
Brain,9,phase1_hard,Ungood/img/01609_60.png,1,0.8198370337486267,0.9667097926139832,0.8709149360656738
Brain,9,phase1_hard,Ungood/img/01609_68.png,1,0.8137312531471252,0.9567030668258667,0.8714963793754578
Brain,9,phase1_hard,Ungood/img/01609_76.png,1,0.823050320148468,0.9856991171836853,0.9655948281288147
Brain,9,phase1_hard,Ungood/img/01609_84.png,1,0.8240500688552856,0.9265594482421875,0.8092299699783325
Brain,9,phase1_hard,Ungood/img/01609_92.png,1,0.8215184807777405,0.9935200810432434,0.9855991005897522
Brain,9,phase1_hard,Ungood/img/01612_60.png,1,0.825712263584137,0.9980575442314148,0.9971175193786621
Brain,9,phase1_hard,Ungood/img/01612_68.png,1,0.8257879018783569,0.9973583817481995,0.9951022863388062
Brain,9,phase1_hard,Ungood/img/01612_76.png,1,0.8199544548988342,0.9966450333595276,0.9919430017471313
Brain,9,phase1_hard,Ungood/img/01612_84.png,1,0.821455717086792,0.9608069062232971,0.7508571147918701
Brain,9,phase1_hard,Ungood/img/01612_92.png,1,0.8052854537963867,0.5498434901237488,0.24170076847076416
Brain,9,phase1_hard,Ungood/img/01613_60.png,1,0.8117436766624451,0.988150954246521,0.9684516787528992
Brain,9,phase1_hard,Ungood/img/01613_68.png,1,0.8160592913627625,0.9798336625099182,0.9693341851234436
Brain,9,phase1_hard,Ungood/img/01613_76.png,1,0.8107706904411316,0.9941180944442749,0.9873906373977661
Brain,9,phase1_hard,Ungood/img/01613_84.png,1,0.7981139421463013,0.9852861166000366,0.976362407207489
Brain,9,phase1_hard,Ungood/img/01613_92.png,1,0.8027727007865906,0.9826292991638184,0.9648397564888
Brain,9,phase1_hard,Ungood/img/01619_60.png,1,0.8277524709701538,0.9935551285743713,0.9885253310203552
Brain,9,phase1_hard,Ungood/img/01619_68.png,1,0.8254841566085815,0.9423434138298035,0.9117577075958252
Brain,9,phase1_hard,Ungood/img/01619_76.png,1,0.821051836013794,0.9922154545783997,0.9855796098709106
Brain,9,phase1_hard,Ungood/img/01619_84.png,1,0.8266611099243164,0.9979788661003113,0.9952549338340759
Brain,9,phase1_hard,Ungood/img/01619_92.png,1,0.8227823376655579,0.996507465839386,0.9908279776573181
Brain,9,phase1_hard,Ungood/img/01621_60.png,1,0.8182972073554993,0.9972414970397949,0.9943949580192566
Brain,9,phase1_hard,Ungood/img/01621_68.png,1,0.8189148306846619,0.9839617013931274,0.9748104214668274
Brain,9,phase1_hard,Ungood/img/01621_76.png,1,0.8191721439361572,0.9962434768676758,0.992753267288208
Brain,9,phase1_hard,Ungood/img/01621_84.png,1,0.8213438987731934,0.9926735758781433,0.9843590259552002
Brain,9,phase1_hard,Ungood/img/01621_92.png,1,0.8220592141151428,0.9078678488731384,0.5634393095970154
Brain,9,phase1_hard,Ungood/img/01625_60.png,1,0.8173918128013611,0.9973700046539307,0.9952179193496704
Brain,9,phase1_hard,Ungood/img/01625_68.png,1,0.8210221529006958,0.98949134349823,0.9814079999923706
Brain,9,phase1_hard,Ungood/img/01625_76.png,1,0.8140458464622498,0.9919271469116211,0.986935555934906
Brain,9,phase1_hard,Ungood/img/01625_84.png,1,0.8215444684028625,0.9925634264945984,0.9897706508636475
Brain,9,phase1_hard,Ungood/img/01625_92.png,1,0.8213587403297424,0.9730585217475891,0.961708128452301
Brain,9,phase1_hard,Ungood/img/01627_60.png,1,0.8284571766853333,0.9956258535385132,0.993198812007904
Brain,9,phase1_hard,Ungood/img/01627_68.png,1,0.8284361958503723,0.9993545413017273,0.9984037280082703
Brain,9,phase1_hard,Ungood/img/01627_76.png,1,0.8291890621185303,0.9969446063041687,0.9952001571655273
Brain,9,phase1_hard,Ungood/img/01627_84.png,1,0.8303893208503723,0.9990915060043335,0.9986180067062378
Brain,9,phase1_hard,Ungood/img/01627_92.png,1,0.8300045132637024,0.9994120597839355,0.998749315738678
Brain,9,phase1_hard,Ungood/img/01632_60.png,1,0.8212456703186035,0.9978367686271667,0.9965341687202454
Brain,9,phase1_hard,Ungood/img/01632_68.png,1,0.8277798295021057,0.9881597757339478,0.9525405764579773
Brain,9,phase1_hard,Ungood/img/01632_76.png,1,0.8216405510902405,0.9960030913352966,0.9878551959991455
Brain,9,phase1_hard,Ungood/img/01632_84.png,1,0.8161764740943909,0.9987754225730896,0.9938217401504517
Brain,9,phase1_hard,Ungood/img/01632_92.png,1,0.8246608972549438,0.9937637448310852,0.9714182615280151
Brain,9,phase1_hard,Ungood/img/01634_60.png,1,0.8276724219322205,0.9993698000907898,0.9991500377655029
Brain,9,phase1_hard,Ungood/img/01634_68.png,1,0.8235805630683899,0.9971850514411926,0.995771586894989
Brain,9,phase1_hard,Ungood/img/01634_76.png,1,0.8194575905799866,0.985107958316803,0.9716670513153076
Brain,9,phase1_hard,Ungood/img/01634_84.png,1,0.8205036520957947,0.9721417427062988,0.9443974494934082
Brain,9,phase1_hard,Ungood/img/01634_92.png,1,0.8211975693702698,0.9774332642555237,0.9605282545089722
Brain,9,phase1_hard,Ungood/img/01636_60.png,1,0.8217846751213074,0.993567168712616,0.984251856803894
Brain,9,phase1_hard,Ungood/img/01636_68.png,1,0.8155549168586731,0.38322392106056213,0.11683294177055359
Brain,9,phase1_hard,Ungood/img/01636_76.png,1,0.8242987394332886,0.3059217929840088,0.1498512178659439
Brain,9,phase1_hard,Ungood/img/01636_84.png,1,0.8207967877388,0.28235191106796265,0.11482410877943039
Brain,9,phase1_hard,Ungood/img/01636_92.png,1,0.8207641243934631,0.9977841973304749,0.9900471568107605
Brain,9,phase1_hard,Ungood/img/01639_60.png,1,0.8058336973190308,0.9648168683052063,0.8900777101516724
Brain,9,phase1_hard,Ungood/img/01639_68.png,1,0.8107553720474243,0.8016775250434875,0.657204806804657
Brain,9,phase1_hard,Ungood/img/01639_76.png,1,0.8163477778434753,0.8375168442726135,0.6611772775650024
Brain,9,phase1_hard,Ungood/img/01639_84.png,1,0.8078750967979431,0.9377992749214172,0.825175940990448
Brain,9,phase1_hard,Ungood/img/01639_92.png,1,0.8151662945747375,0.9699410796165466,0.9237744808197021
Brain,9,phase1_hard,Ungood/img/01640_60.png,1,0.821280300617218,0.9777829051017761,0.9582545161247253
Brain,9,phase1_hard,Ungood/img/01640_68.png,1,0.8156036734580994,0.799818754196167,0.5421977043151855
Brain,9,phase1_hard,Ungood/img/01640_76.png,1,0.8127730488777161,0.7349041700363159,0.4813832938671112
Brain,9,phase1_hard,Ungood/img/01640_84.png,1,0.8142287731170654,0.6089539527893066,0.16627663373947144
Brain,9,phase1_hard,Ungood/img/01640_92.png,1,0.818641722202301,0.5349392294883728,0.11132961511611938
Brain,9,phase1_hard,Ungood/img/01641_60.png,1,0.8241076469421387,0.994078516960144,0.9860326647758484
Brain,9,phase1_hard,Ungood/img/01641_68.png,1,0.8255683183670044,0.9946044087409973,0.9851691722869873
Brain,9,phase1_hard,Ungood/img/01641_76.png,1,0.8264838457107544,0.9833295345306396,0.9666626453399658
Brain,9,phase1_hard,Ungood/img/01641_84.png,1,0.8176304697990417,0.9997085928916931,0.9976847767829895
Brain,9,phase1_hard,Ungood/img/01641_92.png,1,0.8295611143112183,0.998953104019165,0.9950324892997742
Brain,9,phase1_hard,Ungood/img/01642_60.png,1,0.8299832940101624,0.9986338019371033,0.9967688918113708
Brain,9,phase1_hard,Ungood/img/01642_68.png,1,0.8274545073509216,0.9990609288215637,0.9963108897209167
Brain,9,phase1_hard,Ungood/img/01642_76.png,1,0.8275228142738342,0.9976242184638977,0.9937664270401001
Brain,9,phase1_hard,Ungood/img/01642_84.png,1,0.8267353773117065,0.9956287145614624,0.9876157641410828
Brain,9,phase1_hard,Ungood/img/01642_92.png,1,0.8216978907585144,0.9909572601318359,0.9777407050132751
Brain,9,phase1_hard,Ungood/img/01645_60.png,1,0.8233674764633179,0.9985539317131042,0.9974135160446167
Brain,9,phase1_hard,Ungood/img/01645_68.png,1,0.8193314671516418,0.9982739686965942,0.9966109395027161
Brain,9,phase1_hard,Ungood/img/01645_76.png,1,0.8193089962005615,0.9958004355430603,0.991969108581543
Brain,9,phase1_hard,Ungood/img/01645_84.png,1,0.8164530992507935,0.9764665961265564,0.9643540382385254
Brain,9,phase1_hard,Ungood/img/01645_92.png,1,0.81966632604599,0.985567569732666,0.9440370202064514
Brain,9,phase1_hard,Ungood/img/01646_60.png,1,0.8210210204124451,0.995144784450531,0.9911574721336365
Brain,9,phase1_hard,Ungood/img/01646_68.png,1,0.813095211982727,0.923488974571228,0.906991720199585
Brain,9,phase1_hard,Ungood/img/01646_76.png,1,0.8175432682037354,0.9775862693786621,0.9618741273880005
Brain,9,phase1_hard,Ungood/img/01646_84.png,1,0.8128100633621216,0.9434927105903625,0.8215940594673157
Brain,9,phase1_hard,Ungood/img/01646_92.png,1,0.7962262034416199,0.017019592225551605,0.008483369834721088
Brain,9,phase1_hard,Ungood/img/01647_60.png,1,0.8196401000022888,0.9975001215934753,0.9965621829032898
Brain,9,phase1_hard,Ungood/img/01647_68.png,1,0.8130666017532349,0.7285983562469482,0.6640549302101135
Brain,9,phase1_hard,Ungood/img/01647_76.png,1,0.8145293593406677,0.6330121755599976,0.5406331419944763
Brain,9,phase1_hard,Ungood/img/01647_84.png,1,0.8122802972793579,0.8781317472457886,0.6801995038986206
Brain,9,phase1_hard,Ungood/img/01647_92.png,1,0.7860665321350098,0.00016752377268858254,6.448457861552015e-05
Brain,9,phase1_hard,Ungood/img/01648_60.png,1,0.8208919763565063,0.9998272061347961,0.9997304677963257
Brain,9,phase1_hard,Ungood/img/01648_68.png,1,0.8102474808692932,0.9996672868728638,0.9992009997367859
Brain,9,phase1_hard,Ungood/img/01648_76.png,1,0.8170404434204102,0.9981645941734314,0.9926603436470032
Brain,9,phase1_hard,Ungood/img/01648_84.png,1,0.8115333914756775,0.9975159168243408,0.9951061010360718
Brain,9,phase1_hard,Ungood/img/01648_92.png,1,0.8005844354629517,0.9873538613319397,0.953812301158905
Brain,9,phase1_hard,Ungood/img/01650_60.png,1,0.828045666217804,0.8556621670722961,0.7429148554801941
Brain,9,phase1_hard,Ungood/img/01650_68.png,1,0.8267926573753357,0.984305202960968,0.9727416038513184
Brain,9,phase1_hard,Ungood/img/01650_76.png,1,0.8300235271453857,0.9890391826629639,0.9822176098823547
Brain,9,phase1_hard,Ungood/img/01650_84.png,1,0.8311955332756042,0.9946235418319702,0.992310643196106
Brain,9,phase1_hard,Ungood/img/01650_92.png,1,0.829852283000946,0.9869454503059387,0.9823393821716309
Brain,9,phase1_hard,Ungood/img/01653_60.png,1,0.8162280917167664,0.7743064761161804,0.24759244918823242
Brain,9,phase1_hard,Ungood/img/01653_68.png,1,0.8051465749740601,0.9980701804161072,0.997048020362854
Brain,9,phase1_hard,Ungood/img/01653_76.png,1,0.8062297105789185,0.99432373046875,0.9911463856697083
Brain,9,phase1_hard,Ungood/img/01653_84.png,1,0.8100970387458801,0.979431688785553,0.9480186104774475
Brain,9,phase1_hard,Ungood/img/01653_92.png,1,0.8027611970901489,0.8819963932037354,0.4819464087486267
Brain,9,phase1_hard,Ungood/img/01654_60.png,1,0.8218361139297485,0.9735231995582581,0.7151420712471008
Brain,9,phase1_hard,Ungood/img/01654_68.png,1,0.8294599652290344,0.9975280165672302,0.9843488335609436
Brain,9,phase1_hard,Ungood/img/01654_76.png,1,0.8284640908241272,0.99947589635849,0.9966911673545837
Brain,9,phase1_hard,Ungood/img/01654_84.png,1,0.8252336978912354,0.9762101769447327,0.9642302393913269
Brain,9,phase1_hard,Ungood/img/01654_92.png,1,0.8248419761657715,0.9580211043357849,0.9274198412895203
Brain,9,phase1_hard,Ungood/img/01655_60.png,1,0.8284041881561279,0.998091995716095,0.9958497881889343
Brain,9,phase1_hard,Ungood/img/01655_68.png,1,0.8216352462768555,0.998615026473999,0.9972953796386719
Brain,9,phase1_hard,Ungood/img/01655_76.png,1,0.8164336681365967,0.9920024871826172,0.9827777147293091
Brain,9,phase1_hard,Ungood/img/01655_84.png,1,0.8160507082939148,0.994803249835968,0.990973711013794
Brain,9,phase1_hard,Ungood/img/01655_92.png,1,0.8238539099693298,0.9994515776634216,0.9986982345581055
Brain,9,phase1_hard,Ungood/img/01657_60.png,1,0.8244240880012512,0.9929278492927551,0.9902845025062561
Brain,9,phase1_hard,Ungood/img/01657_68.png,1,0.8267746567726135,0.9891148805618286,0.9762009382247925
Brain,9,phase1_hard,Ungood/img/01657_76.png,1,0.8241357803344727,0.9979255199432373,0.9963326454162598
Brain,9,phase1_hard,Ungood/img/01657_84.png,1,0.8259020447731018,0.9992777705192566,0.9981009364128113
Brain,9,phase1_hard,Ungood/img/01657_92.png,1,0.828594446182251,0.9809162020683289,0.9616124629974365
Brain,9,phase1_hard,Ungood/img/01658_60.png,1,0.8175546526908875,0.995511531829834,0.99184650182724
Brain,9,phase1_hard,Ungood/img/01658_68.png,1,0.8219752311706543,0.9909119606018066,0.9791503548622131
Brain,9,phase1_hard,Ungood/img/01658_76.png,1,0.8202283382415771,0.9630486369132996,0.9449990391731262
Brain,9,phase1_hard,Ungood/img/01658_84.png,1,0.8124451041221619,0.9938144683837891,0.9907492399215698
Brain,9,phase1_hard,Ungood/img/01658_92.png,1,0.8210790157318115,0.9988514184951782,0.9979768395423889
Brain,9,phase1_hard,Ungood/img/01659_60.png,1,0.82326340675354,0.9903894066810608,0.9821256399154663
Brain,9,phase1_hard,Ungood/img/01659_68.png,1,0.8240676522254944,0.9971298575401306,0.9957152009010315
Brain,9,phase1_hard,Ungood/img/01659_76.png,1,0.819476842880249,0.9990098476409912,0.9982166290283203
Brain,9,phase1_hard,Ungood/img/01659_84.png,1,0.8172851204872131,0.9950749278068542,0.9941428303718567
Brain,9,phase1_hard,Ungood/img/01659_92.png,1,0.813811182975769,0.9977019429206848,0.995656430721283
Brain,9,phase1_hard,Ungood/img/01661_60.png,1,0.8149383068084717,0.9936493039131165,0.9896267652511597
Brain,9,phase1_hard,Ungood/img/01661_68.png,1,0.8164314031600952,0.9866423606872559,0.9765512347221375
Brain,9,phase1_hard,Ungood/img/01661_76.png,1,0.8197686076164246,0.9919552206993103,0.9887874722480774
Brain,9,phase1_hard,Ungood/img/01661_84.png,1,0.8236829042434692,0.9892607927322388,0.9865992665290833
Brain,9,phase1_hard,Ungood/img/01661_92.png,1,0.8265233039855957,0.9916577935218811,0.9857025146484375
Brain,9,phase1_hard,Ungood/img/01664_60.png,1,0.8259899616241455,0.9734109044075012,0.9294524788856506
Brain,9,phase1_hard,Ungood/img/01664_68.png,1,0.8304963111877441,0.9767981767654419,0.9441360235214233
Brain,9,phase1_hard,Ungood/img/01664_76.png,1,0.8315363526344299,0.9954100251197815,0.983440101146698
Brain,9,phase1_hard,Ungood/img/01664_84.png,1,0.8313708305358887,0.979617178440094,0.9526685476303101
Brain,9,phase1_hard,Ungood/img/01664_92.png,1,0.8312515020370483,0.9937716126441956,0.9849149584770203
Brain,9,phase1_hard,Ungood/img/01665_60.png,1,0.8273581862449646,0.9973702430725098,0.9953860640525818
Brain,9,phase1_hard,Ungood/img/01665_68.png,1,0.8278813362121582,0.9981038570404053,0.995344877243042
Brain,9,phase1_hard,Ungood/img/01665_76.png,1,0.8188949823379517,0.9927505254745483,0.9907923340797424
Brain,9,phase1_hard,Ungood/img/01665_84.png,1,0.8228512406349182,0.9859921336174011,0.9720339179039001
Brain,9,phase1_hard,Ungood/img/01665_92.png,1,0.8245822787284851,0.9975920915603638,0.9892492890357971
Brain,9,phase1_hard,Ungood/img/01666_60.png,1,0.8200435042381287,0.9990925788879395,0.9975971579551697
Brain,9,phase1_hard,Ungood/img/01666_68.png,1,0.8216195106506348,0.9948509335517883,0.9918484091758728
Brain,9,phase1_hard,Ungood/img/01666_76.png,1,0.8230524063110352,0.9966660141944885,0.9944556951522827
Brain,9,phase1_hard,Ungood/img/01666_84.png,1,0.8139772415161133,0.9977537989616394,0.9964998960494995
Brain,9,phase1_hard,Ungood/img/01666_92.png,1,0.8197665810585022,0.997811496257782,0.9962766766548157
Liver,9,phase1_hard,good/img/10_295.png,0,0.7150607109069824,3.807627763308119e-06,9.070497526408872e-07
Liver,9,phase1_hard,good/img/10_296.png,0,0.7033451795578003,1.2107567499697325e-06,3.179045791057433e-07
Liver,9,phase1_hard,good/img/10_297.png,0,0.7038328647613525,1.6896781289688079e-06,3.984569332260435e-07
Liver,9,phase1_hard,good/img/10_298.png,0,0.7432914972305298,1.0638369531079661e-05,1.8937161030407879e-06
Liver,9,phase1_hard,good/img/10_299.png,0,0.7527576684951782,0.00043991883285343647,7.751044176984578e-05
Liver,9,phase1_hard,good/img/10_300.png,0,0.7510961890220642,0.0018072201637551188,0.0002706910890992731
Liver,9,phase1_hard,good/img/10_301.png,0,0.762100875377655,0.005949046462774277,0.0007583106635138392
Liver,9,phase1_hard,good/img/10_302.png,0,0.7542666792869568,0.002357950434088707,0.0002964647428598255
Liver,9,phase1_hard,good/img/10_303.png,0,0.7403318285942078,0.00011479865497676656,1.8270880900672637e-05
Liver,9,phase1_hard,good/img/10_304.png,0,0.7455111742019653,0.0038335013668984175,0.00046402381849475205
Liver,9,phase1_hard,good/img/10_306.png,0,0.7530477046966553,0.0009010873618535697,0.00011900331446668133
Liver,9,phase1_hard,good/img/10_308.png,0,0.7510663270950317,0.002267444971948862,0.0002739483315963298
Liver,9,phase1_hard,good/img/10_309.png,0,0.7444948554039001,0.0005868721636943519,8.541112765669823e-05
Liver,9,phase1_hard,good/img/10_310.png,0,0.7469701170921326,0.0011368109844624996,0.00016523085650987923
Liver,9,phase1_hard,good/img/10_311.png,0,0.7429110407829285,0.0011692000553011894,0.00017403399397153407
Liver,9,phase1_hard,good/img/10_312.png,0,0.7320141196250916,0.0031947221141308546,0.0004803334013558924
Liver,9,phase1_hard,good/img/10_313.png,0,0.7311029434204102,0.0019166121492162347,0.0003241628292016685
Liver,9,phase1_hard,good/img/10_314.png,0,0.7371421456336975,0.00788689311593771,0.0012163521023467183
Liver,9,phase1_hard,good/img/10_315.png,0,0.7167254686355591,0.0006556569132953882,9.183940710499883e-05
Liver,9,phase1_hard,good/img/10_316.png,0,0.7271510362625122,0.0013303807936608791,0.00019796490960288793
Liver,9,phase1_hard,good/img/10_317.png,0,0.733797550201416,0.00599875720217824,0.0008133164956234396
Liver,9,phase1_hard,good/img/10_318.png,0,0.7332485914230347,0.00546071445569396,0.000796761829406023
Liver,9,phase1_hard,good/img/10_319.png,0,0.7332988977432251,0.031634826213121414,0.0036832415498793125
Liver,9,phase1_hard,good/img/10_320.png,0,0.7283607721328735,0.0019250125624239445,0.00026177684776484966
Liver,9,phase1_hard,good/img/10_321.png,0,0.7240762114524841,0.02665964514017105,0.003160723252221942
Liver,9,phase1_hard,good/img/10_322.png,0,0.7138144969940186,0.0003192227450199425,6.570621917489916e-05
Liver,9,phase1_hard,good/img/10_323.png,0,0.7232272028923035,0.00011904820712516084,2.2395530322683044e-05
Liver,9,phase1_hard,good/img/10_324.png,0,0.7279462218284607,0.0019377678399905562,0.00030235882150009274
Liver,9,phase1_hard,good/img/10_325.png,0,0.6222143769264221,0.0003235329932067543,6.996403681114316e-05
Liver,9,phase1_hard,good/img/10_326.png,0,0.4525204002857208,3.6618654121411964e-05,9.395290362590458e-06
Liver,9,phase1_hard,good/img/10_359.png,0,0.7485550045967102,0.6390647888183594,0.45633047819137573
Liver,9,phase1_hard,good/img/10_361.png,0,0.7369592785835266,0.8750609159469604,0.6582850217819214
Liver,9,phase1_hard,good/img/10_362.png,0,0.7510908842086792,0.882998526096344,0.7352554798126221
Liver,9,phase1_hard,good/img/10_364.png,0,0.7602482438087463,0.0005582784651778638,0.0003102601331193
Liver,9,phase1_hard,good/img/10_365.png,0,0.7470163106918335,0.0021656311582773924,0.0011813146993517876
Liver,9,phase1_hard,good/img/10_389.png,0,0.7636622190475464,0.005202762316912413,0.0016800467856228352
Liver,9,phase1_hard,good/img/10_390.png,0,0.7683051228523254,0.9675816893577576,0.8373532295227051
Liver,9,phase1_hard,good/img/10_391.png,0,0.7645299434661865,0.03060123883187771,0.00854084175080061
Liver,9,phase1_hard,good/img/10_392.png,0,0.7586330771446228,0.0010926161194220185,0.0003840026038233191
Liver,9,phase1_hard,good/img/10_393.png,0,0.46552854776382446,1.0150608432013541e-05,4.449186690180795e-06
Liver,9,phase1_hard,good/img/10_394.png,0,0.7622012495994568,0.13195620477199554,0.026240600273013115
Liver,9,phase1_hard,good/img/10_395.png,0,0.7804358005523682,0.1511264443397522,0.0402926430106163
Liver,9,phase1_hard,good/img/10_396.png,0,0.7749717235565186,0.003385240212082863,0.0015741379465907812
Liver,9,phase1_hard,good/img/10_397.png,0,0.7753546833992004,0.029429776594042778,0.012731524184346199
Liver,9,phase1_hard,good/img/10_398.png,0,0.5274308323860168,0.0028420218732208014,0.0009003519080579281
Liver,9,phase1_hard,good/img/10_399.png,0,0.7887322306632996,0.8928133249282837,0.6899716854095459
Liver,9,phase1_hard,good/img/10_402.png,0,0.7666488289833069,0.16713543236255646,0.04467367008328438
Liver,9,phase1_hard,good/img/10_403.png,0,0.7682159543037415,0.9711988568305969,0.8413766622543335
Liver,9,phase1_hard,good/img/10_404.png,0,0.7124406695365906,0.022229770198464394,0.008465158753097057
Liver,9,phase1_hard,good/img/10_405.png,0,0.7721347808837891,0.9021472334861755,0.6556447744369507
Liver,9,phase1_hard,good/img/10_406.png,0,0.7832006812095642,0.977912187576294,0.8195579051971436
Liver,9,phase1_hard,good/img/10_407.png,0,0.7664413452148438,0.04764128103852272,0.010798267088830471
Liver,9,phase1_hard,good/img/10_408.png,0,0.7882376313209534,0.7131668329238892,0.3707203269004822
Liver,9,phase1_hard,good/img/10_409.png,0,0.6323460340499878,0.01734755001962185,0.007571130990982056
Liver,9,phase1_hard,good/img/10_410.png,0,0.7511332035064697,0.0051752920262515545,0.002229187870398164
Liver,9,phase1_hard,good/img/10_411.png,0,0.766345739364624,0.04772234708070755,0.018900355324149132
Liver,9,phase1_hard,good/img/10_412.png,0,0.5021463632583618,0.0006516631110571325,0.00023419939680024981
Liver,9,phase1_hard,good/img/10_413.png,0,0.46860072016716003,0.002846697112545371,0.0008574514649808407
Liver,9,phase1_hard,good/img/10_414.png,0,0.4655906558036804,0.0007454516016878188,0.00025370149523951113
Liver,9,phase1_hard,good/img/10_415.png,0,0.7236341238021851,0.015293847769498825,0.006693507544696331
Liver,9,phase1_hard,good/img/10_416.png,0,0.463315486907959,0.0005138106062076986,0.0003662274102680385
Liver,9,phase1_hard,good/img/10_417.png,0,0.7390315532684326,0.0010478212498128414,0.0006935992860235274
Liver,9,phase1_hard,good/img/10_418.png,0,0.5003356337547302,0.0002666173968464136,0.00015185022493824363
Liver,9,phase1_hard,good/img/10_419.png,0,0.7662391662597656,0.04276987910270691,0.02550208382308483
Liver,9,phase1_hard,good/img/10_420.png,0,0.7893672585487366,0.9410094618797302,0.8786317110061646
Liver,9,phase1_hard,good/img/10_421.png,0,0.8004986643791199,0.9346632361412048,0.8857457637786865
Liver,9,phase1_hard,good/img/10_422.png,0,0.7979038953781128,0.8749102354049683,0.676937460899353
Liver,9,phase1_hard,good/img/10_423.png,0,0.790793240070343,0.9944599866867065,0.9844908714294434
Liver,9,phase1_hard,good/img/10_424.png,0,0.7991301417350769,0.9965174198150635,0.9945663213729858
Liver,9,phase1_hard,good/img/10_425.png,0,0.7971746921539307,0.9966597557067871,0.9950685501098633
Liver,9,phase1_hard,good/img/10_436.png,0,0.7822998762130737,0.9965860843658447,0.9920921921730042
Liver,9,phase1_hard,good/img/10_437.png,0,0.7856452465057373,0.9958192110061646,0.9876570105552673
Liver,9,phase1_hard,good/img/10_438.png,0,0.7841388583183289,0.9946795105934143,0.9856905937194824
Liver,9,phase1_hard,good/img/10_439.png,0,0.795093297958374,0.9909663200378418,0.9839478731155396
Liver,9,phase1_hard,good/img/10_440.png,0,0.8005372881889343,0.9923571348190308,0.9877468347549438
Liver,9,phase1_hard,good/img/10_441.png,0,0.7975152134895325,0.9667965173721313,0.925685465335846
Liver,9,phase1_hard,good/img/10_442.png,0,0.805083692073822,0.9618151187896729,0.9347495436668396
Liver,9,phase1_hard,good/img/10_444.png,0,0.7909810543060303,0.9499982595443726,0.8989812731742859
Liver,9,phase1_hard,good/img/10_445.png,0,0.7977977395057678,0.883563756942749,0.7444193363189697
Liver,9,phase1_hard,good/img/10_446.png,0,0.7986457943916321,0.9478808641433716,0.9205546379089355
Liver,9,phase1_hard,good/img/10_447.png,0,0.8000221252441406,0.9363774061203003,0.8858380913734436
Liver,9,phase1_hard,good/img/10_448.png,0,0.8103155493736267,0.9827665090560913,0.9723109602928162
Liver,9,phase1_hard,good/img/10_449.png,0,0.8111311197280884,0.9776570200920105,0.966231107711792
Liver,9,phase1_hard,good/img/10_450.png,0,0.8313454389572144,0.9491706490516663,0.9069780707359314
Liver,9,phase1_hard,good/img/10_451.png,0,0.8235183358192444,0.2659420669078827,0.1441231667995453
Liver,9,phase1_hard,good/img/10_452.png,0,0.8154399991035461,0.7176065444946289,0.5905346274375916
Liver,9,phase1_hard,good/img/10_453.png,0,0.821094274520874,0.8836904168128967,0.7795574069023132
Liver,9,phase1_hard,good/img/10_454.png,0,0.815010666847229,0.9534868001937866,0.9154585599899292
Liver,9,phase1_hard,good/img/10_473.png,0,0.8117337822914124,0.9129509925842285,0.4193182587623596
Liver,9,phase1_hard,good/img/10_475.png,0,0.5079599022865295,2.754340187038906e-07,1.144632975069726e-07
Liver,9,phase1_hard,good/img/1_45.png,0,0.3401421308517456,1.8551709501934965e-08,1.1082406103923859e-08
Liver,9,phase1_hard,good/img/1_48.png,0,0.7508100867271423,1.592355329194106e-05,4.17761748394696e-06
Liver,9,phase1_hard,good/img/1_50.png,0,0.7954357266426086,0.0052886358462274075,0.0016161085804924369
Liver,9,phase1_hard,good/img/1_51.png,0,0.8123289346694946,0.006211318075656891,0.00106347119435668
Liver,9,phase1_hard,good/img/1_52.png,0,0.8027557134628296,0.7978556752204895,0.26431533694267273
Liver,9,phase1_hard,good/img/1_53.png,0,0.8222288489341736,0.9047134518623352,0.7633520364761353
Liver,9,phase1_hard,good/img/1_54.png,0,0.8172054290771484,0.37228500843048096,0.11533450335264206
Liver,9,phase1_hard,good/img/1_55.png,0,0.8103395104408264,0.9816298484802246,0.9465523362159729
Liver,9,phase1_hard,good/img/1_73.png,0,0.7415251135826111,0.0021558457519859076,0.0003278495860286057
Liver,9,phase1_hard,good/img/2_334.png,0,0.6687123775482178,1.5664809893678466e-07,6.074934333355486e-08
Liver,9,phase1_hard,good/img/2_335.png,0,0.715921938419342,1.9988694930361817e-06,4.823931476494181e-07
Liver,9,phase1_hard,good/img/2_336.png,0,0.4727783799171448,1.5248050431182492e-06,3.677757263176318e-07
Liver,9,phase1_hard,good/img/2_337.png,0,0.7615289092063904,5.4226195061346516e-05,9.171480087388773e-06
Liver,9,phase1_hard,good/img/2_338.png,0,0.7687816023826599,0.00011410128354327753,1.8755659766611643e-05
Liver,9,phase1_hard,good/img/2_339.png,0,0.7620683908462524,9.785760630620643e-05,1.5386711311293766e-05
Liver,9,phase1_hard,good/img/2_340.png,0,0.7732263207435608,0.0006169301923364401,9.804018191061914e-05
Liver,9,phase1_hard,good/img/2_341.png,0,0.786064088344574,0.004925545770674944,0.0008348127012141049
Liver,9,phase1_hard,good/img/2_342.png,0,0.7882419228553772,0.29350143671035767,0.06321145594120026
Liver,9,phase1_hard,good/img/2_343.png,0,0.8013065457344055,0.14669813215732574,0.028555670753121376
Liver,9,phase1_hard,good/img/2_344.png,0,0.7864546179771423,0.1305200159549713,0.029456784948706627
Liver,9,phase1_hard,good/img/2_346.png,0,0.7979667782783508,0.022193286567926407,0.004218991845846176
Liver,9,phase1_hard,good/img/2_347.png,0,0.44443491101264954,4.213249269469088e-07,1.6826095361466287e-07
Liver,9,phase1_hard,good/img/2_348.png,0,0.42474305629730225,2.8316222255853063e-07,1.1372394226327742e-07
Liver,9,phase1_hard,good/img/2_349.png,0,0.42827361822128296,7.934018526611908e-07,2.3407572768974205e-07
Liver,9,phase1_hard,good/img/2_350.png,0,0.7351924180984497,9.34331546886824e-06,2.397610842308495e-06
Liver,9,phase1_hard,good/img/2_351.png,0,0.7286527156829834,5.2534014685079455e-06,1.226323206537927e-06
Liver,9,phase1_hard,good/img/2_352.png,0,0.7388981580734253,2.4049184503383003e-05,5.860505098098656e-06
Liver,9,phase1_hard,good/img/2_353.png,0,0.6793258786201477,4.255876319803065e-06,1.0453527465870138e-06
Liver,9,phase1_hard,good/img/2_354.png,0,0.4173852801322937,6.137178161225165e-07,2.5686975391181477e-07
Liver,9,phase1_hard,good/img/2_355.png,0,0.7331762313842773,0.00047567448928020895,9.25632193684578e-05
Liver,9,phase1_hard,good/img/2_356.png,0,0.4093153476715088,9.225655617228767e-08,5.0977366328197604e-08
Liver,9,phase1_hard,good/img/2_357.png,0,0.4049232006072998,5.187220608604548e-08,3.2142665418177785e-08
Liver,9,phase1_hard,good/img/2_358.png,0,0.4132484495639801,1.0625215054460568e-06,5.511003564606654e-07
Liver,9,phase1_hard,good/img/2_359.png,0,0.41855400800704956,2.7294152005197247e-06,1.071308133759885e-06
Liver,9,phase1_hard,good/img/2_360.png,0,0.45164063572883606,1.9495982996886596e-06,1.1735186262740172e-06
Liver,9,phase1_hard,good/img/2_361.png,0,0.7332937121391296,0.24909600615501404,0.0673094093799591
Liver,9,phase1_hard,good/img/2_362.png,0,0.7552791237831116,0.0496329590678215,0.017734698951244354
Liver,9,phase1_hard,good/img/2_363.png,0,0.745729386806488,0.3481234908103943,0.11794432252645493
Liver,9,phase1_hard,good/img/2_364.png,0,0.4266201853752136,8.31503166409675e-06,3.44135082741559e-06
Liver,9,phase1_hard,good/img/2_366.png,0,0.4429480731487274,4.999089287593961e-05,1.3899933037464507e-05
Liver,9,phase1_hard,good/img/2_367.png,0,0.4274809658527374,1.5542711480520666e-05,6.718112672388088e-06
Liver,9,phase1_hard,good/img/2_368.png,0,0.43281272053718567,5.866858919034712e-05,2.4564924387959763e-05
Liver,9,phase1_hard,good/img/2_370.png,0,0.4205873906612396,3.689370350912213e-05,1.8452139556757174e-05
Liver,9,phase1_hard,good/img/2_371.png,0,0.4158259332180023,2.1471552827279083e-05,8.897191946743988e-06
Liver,9,phase1_hard,good/img/2_372.png,0,0.415144145488739,1.2805119695258327e-05,6.6774900915334e-06
Liver,9,phase1_hard,good/img/2_373.png,0,0.4282636046409607,1.2665573194681201e-05,8.096155397652183e-06
Liver,9,phase1_hard,good/img/2_375.png,0,0.7546396851539612,0.08276770263910294,0.060753438621759415
Liver,9,phase1_hard,good/img/2_376.png,0,0.4364839792251587,5.635727575281635e-05,3.144768925267272e-05
Liver,9,phase1_hard,good/img/2_377.png,0,0.762881338596344,0.021544193848967552,0.014218557626008987
Liver,9,phase1_hard,good/img/2_378.png,0,0.7654520273208618,0.7782182693481445,0.7399667501449585
Liver,9,phase1_hard,good/img/2_379.png,0,0.7514345645904541,0.02686760015785694,0.013862169347703457
Liver,9,phase1_hard,good/img/2_380.png,0,0.7785564661026001,0.7748222351074219,0.5137320756912231
Liver,9,phase1_hard,good/img/2_381.png,0,0.7728657722473145,0.8817440867424011,0.7917343974113464
Liver,9,phase1_hard,good/img/2_382.png,0,0.7670000791549683,0.9698929786682129,0.9405123591423035
Liver,9,phase1_hard,good/img/2_383.png,0,0.7712948322296143,0.9677971005439758,0.9533001780509949
Liver,9,phase1_hard,good/img/2_384.png,0,0.7794005870819092,0.9901698231697083,0.9849562644958496
Liver,9,phase1_hard,good/img/2_385.png,0,0.7796453833580017,0.9838860034942627,0.968437671661377
Liver,9,phase1_hard,good/img/2_386.png,0,0.7692922949790955,0.8299628496170044,0.6559790968894958
Liver,9,phase1_hard,good/img/2_387.png,0,0.7804260849952698,0.9811150431632996,0.9616897702217102
Liver,9,phase1_hard,good/img/2_388.png,0,0.7754602432250977,0.9701051712036133,0.9523636698722839
Liver,9,phase1_hard,good/img/2_389.png,0,0.772289514541626,0.9688971638679504,0.9568883776664734
Liver,9,phase1_hard,good/img/2_390.png,0,0.7749972939491272,0.06720252335071564,0.040210530161857605
Liver,9,phase1_hard,good/img/2_391.png,0,0.7845912575721741,0.9194862246513367,0.8178800344467163
Liver,9,phase1_hard,good/img/2_392.png,0,0.8046572208404541,0.9499900937080383,0.8060026168823242
Liver,9,phase1_hard,good/img/2_393.png,0,0.7996720671653748,0.9947566986083984,0.9892959594726562
Liver,9,phase1_hard,good/img/2_394.png,0,0.7988618016242981,0.9852297902107239,0.9742286205291748
Liver,9,phase1_hard,good/img/2_396.png,0,0.7929255366325378,0.9828525185585022,0.9267420172691345
Liver,9,phase1_hard,good/img/2_397.png,0,0.7968414425849915,0.7265860438346863,0.3666045665740967
Liver,9,phase1_hard,good/img/2_398.png,0,0.8039356470108032,0.9905627965927124,0.9404424428939819
Liver,9,phase1_hard,good/img/2_399.png,0,0.8017768859863281,0.980108916759491,0.8979917764663696
Liver,9,phase1_hard,good/img/2_400.png,0,0.8049454689025879,0.9896920323371887,0.9512954354286194
Liver,9,phase1_hard,good/img/2_401.png,0,0.7887776494026184,0.9247728586196899,0.724204421043396
Liver,9,phase1_hard,good/img/2_403.png,0,0.7884780168533325,0.9470794796943665,0.7283491492271423
Liver,9,phase1_hard,good/img/2_405.png,0,0.7850839495658875,0.7676403522491455,0.3961178958415985
Liver,9,phase1_hard,good/img/2_406.png,0,0.7845021486282349,0.9936898946762085,0.9727055430412292
Liver,9,phase1_hard,good/img/2_407.png,0,0.7950841188430786,0.9869351387023926,0.9567592740058899
Liver,9,phase1_hard,good/img/2_408.png,0,0.7917336225509644,0.9885498881340027,0.9650092124938965
Liver,9,phase1_hard,good/img/2_410.png,0,0.7878330945968628,0.9889479875564575,0.9754273295402527
Liver,9,phase1_hard,good/img/2_411.png,0,0.7976254224777222,0.9972267746925354,0.9954046607017517
Liver,9,phase1_hard,good/img/2_412.png,0,0.8014770150184631,0.9942678213119507,0.989953339099884
Liver,9,phase1_hard,good/img/2_413.png,0,0.8028016090393066,0.9933690428733826,0.9914490580558777
Liver,9,phase1_hard,good/img/2_414.png,0,0.8014248013496399,0.9946876764297485,0.9927414655685425
Liver,9,phase1_hard,good/img/2_415.png,0,0.8029407858848572,0.9947084188461304,0.9927960634231567
Liver,9,phase1_hard,good/img/2_416.png,0,0.8004820942878723,0.9856292605400085,0.9805455207824707
Liver,9,phase1_hard,good/img/2_417.png,0,0.7970761656761169,0.98519366979599,0.9783656597137451
Liver,9,phase1_hard,good/img/2_418.png,0,0.7986876964569092,0.9642451405525208,0.9538899660110474
Liver,9,phase1_hard,good/img/2_419.png,0,0.8026014566421509,0.9614310264587402,0.9303984642028809
Liver,9,phase1_hard,good/img/2_420.png,0,0.8059724569320679,0.9822907447814941,0.9753146767616272
Liver,9,phase1_hard,good/img/2_421.png,0,0.8083837628364563,0.9847944378852844,0.9779474139213562
Liver,9,phase1_hard,good/img/2_422.png,0,0.8090739250183105,0.9853874444961548,0.9785163402557373
Liver,9,phase1_hard,good/img/2_424.png,0,0.8139220476150513,0.9855363965034485,0.9813754558563232
Liver,9,phase1_hard,good/img/2_425.png,0,0.8142580986022949,0.9793206453323364,0.9673252105712891
Liver,9,phase1_hard,good/img/2_426.png,0,0.8101370930671692,0.9837697744369507,0.9767931699752808
Liver,9,phase1_hard,good/img/2_427.png,0,0.7998648285865784,0.9841646552085876,0.9718271493911743
Liver,9,phase1_hard,good/img/2_428.png,0,0.8072723150253296,0.981391429901123,0.9524935483932495
Liver,9,phase1_hard,good/img/2_429.png,0,0.8049697875976562,0.9758867025375366,0.9664766788482666
Liver,9,phase1_hard,good/img/2_430.png,0,0.8021047711372375,0.9162757396697998,0.891888439655304
Liver,9,phase1_hard,good/img/2_431.png,0,0.819993793964386,0.9244621992111206,0.8625608682632446
Liver,9,phase1_hard,good/img/2_433.png,0,0.811637818813324,0.9804213643074036,0.9524862766265869
Liver,9,phase1_hard,good/img/2_434.png,0,0.8125055432319641,0.9548527598381042,0.9218133091926575
Liver,9,phase1_hard,good/img/2_435.png,0,0.8100941777229309,0.8899334669113159,0.8697364330291748
Liver,9,phase1_hard,good/img/2_436.png,0,0.8109963536262512,0.8216627240180969,0.7108257412910461
Liver,9,phase1_hard,good/img/2_437.png,0,0.8164961338043213,0.6479267477989197,0.5632137060165405
Liver,9,phase1_hard,good/img/2_438.png,0,0.8120455145835876,0.9659051299095154,0.9338576197624207
Liver,9,phase1_hard,good/img/2_439.png,0,0.8161312937736511,0.8764230608940125,0.8036174178123474
Liver,9,phase1_hard,good/img/2_469.png,0,0.8033779263496399,0.4985772967338562,0.17807485163211823
Liver,9,phase1_hard,good/img/2_471.png,0,0.7933534383773804,0.3740132451057434,0.07365085929632187
Liver,9,phase1_hard,good/img/2_472.png,0,0.5371275544166565,1.0996519250738856e-07,4.3517871972653666e-08
Liver,9,phase1_hard,good/img/3_303.png,0,0.7184468507766724,0.0007348585641011596,0.00016270381456706673
Liver,9,phase1_hard,good/img/3_304.png,0,0.7505495548248291,0.0006198889459483325,0.0001350882521364838
Liver,9,phase1_hard,good/img/3_306.png,0,0.7498226761817932,0.02408200316131115,0.003761994419619441
Liver,9,phase1_hard,good/img/3_307.png,0,0.7375895977020264,0.0024483907036483288,0.0004572963807731867
Liver,9,phase1_hard,good/img/3_308.png,0,0.7331950068473816,0.00018015610112342983,3.358499088790268e-05
Liver,9,phase1_hard,good/img/3_309.png,0,0.7340199947357178,0.010029731318354607,0.0012748789740726352
Liver,9,phase1_hard,good/img/3_310.png,0,0.7375792264938354,0.001716754399240017,0.0002908975293394178
Liver,9,phase1_hard,good/img/3_311.png,0,0.7488909959793091,0.0003008291241712868,5.993260856484994e-05
Liver,9,phase1_hard,good/img/3_312.png,0,0.7579177618026733,0.027934309095144272,0.002901894971728325
Liver,9,phase1_hard,good/img/3_313.png,0,0.758906900882721,0.2971314787864685,0.05216148868203163
Liver,9,phase1_hard,good/img/3_314.png,0,0.7420778870582581,0.02583184838294983,0.0039452011696994305
Liver,9,phase1_hard,good/img/3_315.png,0,0.7411093711853027,0.0004470820422284305,0.00010204026330029592
Liver,9,phase1_hard,good/img/3_317.png,0,0.7397083044052124,0.002747495425865054,0.0005057646194472909
Liver,9,phase1_hard,good/img/3_318.png,0,0.7491897344589233,0.0013148573925718665,0.00024715447216294706
Liver,9,phase1_hard,good/img/3_319.png,0,0.7464572787284851,0.006773538887500763,0.001077399356290698
Liver,9,phase1_hard,good/img/3_320.png,0,0.7276941537857056,0.00015284804976545274,4.1286915802629665e-05
Liver,9,phase1_hard,good/img/3_321.png,0,0.7302279472351074,0.00015951188106555492,5.0395061407471076e-05
Liver,9,phase1_hard,good/img/3_322.png,0,0.736464262008667,0.0016911644488573074,0.0005414136103354394
Liver,9,phase1_hard,good/img/3_323.png,0,0.7353230714797974,0.0003248431603424251,0.0001150141833932139
Liver,9,phase1_hard,good/img/3_324.png,0,0.443925678730011,2.884762579924427e-05,1.2392911230563186e-05
Liver,9,phase1_hard,good/img/3_325.png,0,0.7324646711349487,0.00036574824480339885,0.00011356179311405867
Liver,9,phase1_hard,good/img/3_326.png,0,0.7455375790596008,0.00528867868706584,0.001159259700216353
Liver,9,phase1_hard,good/img/3_327.png,0,0.7451126575469971,0.00029794254805892706,9.647280239732936e-05
Liver,9,phase1_hard,good/img/3_328.png,0,0.47001054883003235,0.00010729440691648051,4.0310573240276426e-05
Liver,9,phase1_hard,good/img/3_329.png,0,0.45999062061309814,0.00040181836811825633,9.993568528443575e-05
Liver,9,phase1_hard,good/img/3_330.png,0,0.44514960050582886,0.00013582714018411934,4.5825883717043325e-05
Liver,9,phase1_hard,good/img/3_331.png,0,0.4392547905445099,4.9177509936271235e-05,2.1817606466356665e-05
Liver,9,phase1_hard,good/img/3_332.png,0,0.7420414686203003,0.0040101963095366955,0.0012174185831099749
Liver,9,phase1_hard,good/img/3_333.png,0,0.44827601313591003,5.0495698815211654e-05,1.6250844055321068e-05
Liver,9,phase1_hard,good/img/3_334.png,0,0.4617837369441986,0.00016778771532699466,7.106351404218003e-05
Liver,9,phase1_hard,good/img/3_335.png,0,0.44948869943618774,0.0001339063746854663,5.685005817213096e-05
Liver,9,phase1_hard,good/img/3_336.png,0,0.7635809779167175,0.013890571892261505,0.004493478685617447
Liver,9,phase1_hard,good/img/3_337.png,0,0.46038320660591125,6.68725770083256e-05,3.3897242246894166e-05
Liver,9,phase1_hard,good/img/3_338.png,0,0.7613590955734253,0.06739971041679382,0.013432642444968224
Liver,9,phase1_hard,good/img/3_339.png,0,0.7572796940803528,0.9082580804824829,0.5206021070480347
Liver,9,phase1_hard,good/img/3_340.png,0,0.7376095652580261,0.0007461626664735377,0.0003833058290183544
Liver,9,phase1_hard,good/img/3_341.png,0,0.4666978120803833,2.9089738745824434e-05,1.2568589227157645e-05
Liver,9,phase1_hard,good/img/3_342.png,0,0.467885822057724,1.3187311196816154e-05,4.055928457091795e-06
Liver,9,phase1_hard,good/img/3_343.png,0,0.4852287471294403,4.125659688725136e-05,1.1139735761389602e-05
Liver,9,phase1_hard,good/img/3_344.png,0,0.44421860575675964,5.426833467936376e-06,2.5640670173743274e-06
Liver,9,phase1_hard,good/img/3_345.png,0,0.4564763903617859,0.0001986113638849929,9.059011790668592e-05
Liver,9,phase1_hard,good/img/3_346.png,0,0.4318024814128876,4.881917266175151e-05,2.1915568140684627e-05
Liver,9,phase1_hard,good/img/3_347.png,0,0.4295991063117981,2.2758440536563285e-05,8.984671694634017e-06
Liver,9,phase1_hard,good/img/3_348.png,0,0.43718627095222473,0.00013845025387126952,6.693484465358779e-05
Liver,9,phase1_hard,good/img/3_349.png,0,0.44566479325294495,0.00037720997352153063,0.0001753249525791034
Liver,9,phase1_hard,good/img/3_351.png,0,0.42217957973480225,2.6891792003880255e-05,1.1165619071107358e-05
Liver,9,phase1_hard,good/img/3_352.png,0,0.4351613521575928,5.0507256673881784e-05,2.232436600024812e-05
Liver,9,phase1_hard,good/img/3_353.png,0,0.4370407164096832,7.457613537553698e-05,2.7745496481657028e-05
Liver,9,phase1_hard,good/img/3_354.png,0,0.47072476148605347,0.0005172697710804641,0.00017139904957730323
Liver,9,phase1_hard,good/img/3_355.png,0,0.4411962628364563,0.000476870103739202,0.00021238067711237818
Liver,9,phase1_hard,good/img/3_371.png,0,0.4396328628063202,4.2911746277241036e-05,2.48490377998678e-05
Liver,9,phase1_hard,good/img/3_372.png,0,0.461293488740921,0.0001449758419767022,8.248112862929702e-05
Liver,9,phase1_hard,good/img/3_373.png,0,0.46710240840911865,0.0005084784352220595,0.000216358108446002
Liver,9,phase1_hard,good/img/3_374.png,0,0.4409264326095581,0.0012209283886477351,0.00040414827526547015
Liver,9,phase1_hard,good/img/3_375.png,0,0.466767281293869,0.014617559500038624,0.004230588208884001
Liver,9,phase1_hard,good/img/3_377.png,0,0.45858365297317505,0.00031396644772030413,0.00010225021105725318
Liver,9,phase1_hard,good/img/3_378.png,0,0.45224812626838684,8.171654189936817e-05,4.2673138523241505e-05
Liver,9,phase1_hard,good/img/3_379.png,0,0.4439249336719513,1.899559356388636e-05,9.75987313722726e-06
Liver,9,phase1_hard,good/img/3_380.png,0,0.44441157579421997,4.88001860503573e-05,2.5150744477286935e-05
Liver,9,phase1_hard,good/img/3_381.png,0,0.486352801322937,0.0002824091643560678,9.626350220059976e-05
Liver,9,phase1_hard,good/img/3_382.png,0,0.41785547137260437,0.0001263792219106108,4.9764359573600814e-05
Liver,9,phase1_hard,good/img/3_384.png,0,0.4249328076839447,0.00022138406347949058,7.494848978240043e-05
Liver,9,phase1_hard,good/img/3_385.png,0,0.41664090752601624,0.00016479668556712568,5.5439970310544595e-05
Liver,9,phase1_hard,good/img/3_386.png,0,0.42729243636131287,7.221534906420857e-05,3.1552292057313025e-05
Liver,9,phase1_hard,good/img/3_387.png,0,0.7422937154769897,0.006291690748184919,0.0017241418827325106
Liver,9,phase1_hard,good/img/3_388.png,0,0.7672159075737,0.9591357707977295,0.818337082862854
Liver,9,phase1_hard,good/img/3_389.png,0,0.7706539034843445,0.9711936116218567,0.8261067271232605
Liver,9,phase1_hard,good/img/3_390.png,0,0.5279192328453064,0.00012868533667642623,3.8510464946739376e-05
Liver,9,phase1_hard,good/img/3_391.png,0,0.47681665420532227,3.868024577968754e-05,1.715013786451891e-05
Liver,9,phase1_hard,good/img/3_392.png,0,0.7762172818183899,0.9639690518379211,0.8824270367622375
Liver,9,phase1_hard,good/img/3_393.png,0,0.7791391611099243,0.9974625110626221,0.99300217628479
Liver,9,phase1_hard,good/img/3_394.png,0,0.7742286324501038,0.9946458339691162,0.9817497730255127
Liver,9,phase1_hard,good/img/3_395.png,0,0.7782393097877502,0.9889894127845764,0.9738139510154724
Liver,9,phase1_hard,good/img/3_396.png,0,0.7852397561073303,0.5246756076812744,0.23017048835754395
Liver,9,phase1_hard,good/img/3_397.png,0,0.48764073848724365,1.5457359040738083e-05,7.285030278580962e-06
Liver,9,phase1_hard,good/img/3_398.png,0,0.5042697191238403,5.342862641555257e-05,2.1658097466570325e-05
Liver,9,phase1_hard,good/img/3_399.png,0,0.7993391752243042,0.8981531858444214,0.8247058391571045
Liver,9,phase1_hard,good/img/3_400.png,0,0.8061328530311584,0.9077591896057129,0.6228635311126709
Liver,9,phase1_hard,good/img/3_401.png,0,0.8034953474998474,0.9632638096809387,0.741815447807312
Liver,9,phase1_hard,good/img/3_402.png,0,0.7845460772514343,0.9762625098228455,0.9181050062179565
Liver,9,phase1_hard,good/img/3_403.png,0,0.48692792654037476,0.0012857976835221052,0.0005404166295193136
Liver,9,phase1_hard,good/img/3_404.png,0,0.7972819209098816,0.9929867386817932,0.9718323349952698
Liver,9,phase1_hard,good/img/3_405.png,0,0.7871245741844177,0.9678614139556885,0.9054394364356995
Liver,9,phase1_hard,good/img/3_406.png,0,0.7990167737007141,0.8955637812614441,0.7712444067001343
Liver,9,phase1_hard,good/img/3_407.png,0,0.8032592535018921,0.9582661390304565,0.9158401489257812
Liver,9,phase1_hard,good/img/3_408.png,0,0.795255720615387,0.9586626887321472,0.9351828694343567
Liver,9,phase1_hard,good/img/3_409.png,0,0.7956948280334473,0.876763105392456,0.8073807954788208
Liver,9,phase1_hard,good/img/3_410.png,0,0.8027034401893616,0.9864230751991272,0.9725351929664612
Liver,9,phase1_hard,good/img/3_411.png,0,0.8011015057563782,0.9730252027511597,0.9537771940231323
Liver,9,phase1_hard,good/img/3_412.png,0,0.8013936281204224,0.9816104173660278,0.952318549156189
Liver,9,phase1_hard,good/img/3_413.png,0,0.8023500442504883,0.9872434735298157,0.9742571711540222
Liver,9,phase1_hard,good/img/3_414.png,0,0.8027122020721436,0.9926359057426453,0.9858986139297485
Liver,9,phase1_hard,good/img/3_415.png,0,0.8106818795204163,0.980945348739624,0.9741538763046265
Liver,9,phase1_hard,good/img/3_416.png,0,0.8119770288467407,0.9932223558425903,0.9912240505218506
Liver,9,phase1_hard,good/img/3_417.png,0,0.8148209452629089,0.9938365817070007,0.9925068020820618
Liver,9,phase1_hard,good/img/3_418.png,0,0.8129734396934509,0.9954608082771301,0.9939165115356445
Liver,9,phase1_hard,good/img/3_419.png,0,0.8078001737594604,0.9936324954032898,0.9916310906410217
Liver,9,phase1_hard,good/img/3_420.png,0,0.8020251989364624,0.9961318969726562,0.9950292110443115
Liver,9,phase1_hard,good/img/3_421.png,0,0.7987110614776611,0.9967774748802185,0.9958445429801941
Liver,9,phase1_hard,good/img/3_422.png,0,0.8068698048591614,0.969242513179779,0.9621348977088928
Liver,9,phase1_hard,good/img/3_423.png,0,0.8122208714485168,0.964777946472168,0.936779797077179
Liver,9,phase1_hard,good/img/3_424.png,0,0.8133484125137329,0.952076256275177,0.9234939217567444
Liver,9,phase1_hard,good/img/3_425.png,0,0.8128669261932373,0.9913305044174194,0.9807111024856567
Liver,9,phase1_hard,good/img/3_427.png,0,0.8178808689117432,0.9827911257743835,0.969326913356781
Liver,9,phase1_hard,good/img/3_428.png,0,0.8175643086433411,0.9923656582832336,0.9860941767692566
Liver,9,phase1_hard,good/img/3_429.png,0,0.8169282078742981,0.9935917258262634,0.9861610531806946
Liver,9,phase1_hard,good/img/3_430.png,0,0.8180150985717773,0.9911728501319885,0.9824756383895874
Liver,9,phase1_hard,good/img/3_431.png,0,0.8142886757850647,0.991486668586731,0.9855169653892517
Liver,9,phase1_hard,good/img/3_432.png,0,0.8191413879394531,0.9913329482078552,0.9861904382705688
Liver,9,phase1_hard,good/img/3_433.png,0,0.8189643025398254,0.992774248123169,0.9861853122711182
Liver,9,phase1_hard,good/img/3_435.png,0,0.811701774597168,0.9544697999954224,0.939914882183075
Liver,9,phase1_hard,good/img/3_436.png,0,0.8043936491012573,0.9738522171974182,0.9625575542449951
Liver,9,phase1_hard,good/img/3_438.png,0,0.8010187745094299,0.9877797365188599,0.9715347290039062
Liver,9,phase1_hard,good/img/3_439.png,0,0.7947532534599304,0.975239098072052,0.9492424130439758
Liver,9,phase1_hard,good/img/3_442.png,0,0.8030040264129639,0.9453303217887878,0.9276767373085022
Liver,9,phase1_hard,good/img/3_443.png,0,0.8093467354774475,0.879060685634613,0.832137942314148
Liver,9,phase1_hard,good/img/3_444.png,0,0.8050557971000671,0.9338996410369873,0.8997325897216797
Liver,9,phase1_hard,good/img/3_445.png,0,0.7990582585334778,0.9638317823410034,0.9297174215316772
Liver,9,phase1_hard,good/img/3_446.png,0,0.7996248006820679,0.9420304894447327,0.9237184524536133
Liver,9,phase1_hard,good/img/3_447.png,0,0.8036849498748779,0.9709213376045227,0.9389966130256653
Liver,9,phase1_hard,good/img/3_448.png,0,0.8092716932296753,0.9614905714988708,0.9483853578567505
Liver,9,phase1_hard,good/img/3_449.png,0,0.8106660842895508,0.9692248106002808,0.9602906107902527
Liver,9,phase1_hard,good/img/3_450.png,0,0.7961245775222778,0.9060037136077881,0.8653977513313293
Liver,9,phase1_hard,good/img/3_451.png,0,0.7988739609718323,0.9869041442871094,0.9789487719535828
Liver,9,phase1_hard,good/img/3_452.png,0,0.7989335656166077,0.9898115992546082,0.9870707392692566
Liver,9,phase1_hard,good/img/3_453.png,0,0.8079609274864197,0.9907808899879456,0.977213978767395
Liver,9,phase1_hard,good/img/3_454.png,0,0.8115189671516418,0.9794929623603821,0.9483157992362976
Liver,9,phase1_hard,good/img/3_455.png,0,0.8226914405822754,0.541081428527832,0.3131231367588043
Liver,9,phase1_hard,good/img/3_456.png,0,0.8220633864402771,0.5736491680145264,0.3100740611553192
Liver,9,phase1_hard,good/img/3_457.png,0,0.7918456196784973,0.939354658126831,0.8856271505355835
Liver,9,phase1_hard,good/img/3_458.png,0,0.7932671904563904,0.8900868892669678,0.8336107134819031
Liver,9,phase1_hard,good/img/3_459.png,0,0.7855848073959351,0.953881025314331,0.9324783682823181
Liver,9,phase1_hard,good/img/3_460.png,0,0.7813875675201416,0.8500970602035522,0.7550639510154724
Liver,9,phase1_hard,good/img/3_461.png,0,0.7824149131774902,0.8662005066871643,0.7363126873970032
Liver,9,phase1_hard,good/img/3_463.png,0,0.7636260390281677,0.010775760747492313,0.005307713523507118
Liver,9,phase1_hard,good/img/3_464.png,0,0.7775489091873169,0.995713472366333,0.9845321774482727
Liver,9,phase1_hard,good/img/3_465.png,0,0.79005366563797,0.9963582158088684,0.9736959338188171
Liver,9,phase1_hard,good/img/3_466.png,0,0.7867974042892456,0.9961507320404053,0.9500809907913208
Liver,9,phase1_hard,good/img/3_467.png,0,0.7673927545547485,0.9976736903190613,0.9738607406616211
Liver,9,phase1_hard,good/img/3_468.png,0,0.789412260055542,0.979655385017395,0.6604692339897156
Liver,9,phase1_hard,good/img/3_469.png,0,0.7756564617156982,0.42024868726730347,0.06993787735700607
Liver,9,phase1_hard,good/img/3_470.png,0,0.7931717038154602,0.7818598747253418,0.22262446582317352
Liver,9,phase1_hard,good/img/3_471.png,0,0.38962671160697937,1.4622719035628506e-08,1.0025841490346465e-08
Liver,9,phase1_hard,good/img/4_591.png,0,0.7552915811538696,0.08666504919528961,0.011041355319321156
Liver,9,phase1_hard,good/img/4_592.png,0,0.7740588188171387,0.1741509735584259,0.024433422833681107
Liver,9,phase1_hard,good/img/4_593.png,0,0.7686898708343506,0.02284334972500801,0.0025608581490814686
Liver,9,phase1_hard,good/img/4_594.png,0,0.7605792284011841,0.0033028838224709034,0.0003401130670681596
Liver,9,phase1_hard,good/img/4_595.png,0,0.7390720844268799,0.0005152582889422774,8.517465903423727e-05
Liver,9,phase1_hard,good/img/5_312.png,0,0.3418021500110626,9.773901687992748e-09,7.788099054550912e-09
Liver,9,phase1_hard,good/img/5_313.png,0,0.6711268424987793,3.712878822170751e-07,1.231042716653974e-07
Liver,9,phase1_hard,good/img/5_314.png,0,0.7136039137840271,0.0003600769559852779,7.946352707222104e-05
Liver,9,phase1_hard,good/img/5_315.png,0,0.719352126121521,1.2745117601298261e-05,3.1025203952594893e-06
Liver,9,phase1_hard,good/img/5_316.png,0,0.7134746313095093,6.725731964252191e-06,1.573728354742343e-06
Liver,9,phase1_hard,good/img/5_317.png,0,0.7432515621185303,0.000936343043576926,0.00015169993275776505
Liver,9,phase1_hard,good/img/5_318.png,0,0.748893678188324,0.00021390181791502982,3.945382923120633e-05
Liver,9,phase1_hard,good/img/5_320.png,0,0.7937150597572327,0.0077292416244745255,0.001214928342960775
Liver,9,phase1_hard,good/img/5_321.png,0,0.796027660369873,0.020178357139229774,0.003540063975378871
Liver,9,phase1_hard,good/img/5_322.png,0,0.8002828359603882,0.08541174978017807,0.01455378346145153
Liver,9,phase1_hard,good/img/5_324.png,0,0.7957339286804199,0.43045926094055176,0.09455493092536926
Liver,9,phase1_hard,good/img/5_325.png,0,0.7827202081680298,0.1191905066370964,0.023756738752126694
Liver,9,phase1_hard,good/img/5_326.png,0,0.7652446031570435,0.6750900149345398,0.20955777168273926
Liver,9,phase1_hard,good/img/5_327.png,0,0.7686867713928223,0.5524920225143433,0.14478141069412231
Liver,9,phase1_hard,good/img/5_328.png,0,0.7573381662368774,0.30609065294265747,0.0794999748468399
Liver,9,phase1_hard,good/img/5_329.png,0,0.7586816549301147,0.14457660913467407,0.03343387693166733
Liver,9,phase1_hard,good/img/5_330.png,0,0.7674519419670105,0.5471575260162354,0.18463130295276642
Liver,9,phase1_hard,good/img/5_332.png,0,0.761037290096283,0.6906180381774902,0.25589001178741455
Liver,9,phase1_hard,good/img/5_333.png,0,0.7657980918884277,0.9156577587127686,0.5374618768692017
Liver,9,phase1_hard,good/img/5_335.png,0,0.7625138163566589,0.4127870202064514,0.11021894216537476
Liver,9,phase1_hard,good/img/5_336.png,0,0.7538939118385315,0.9305716156959534,0.5382208228111267
Liver,9,phase1_hard,good/img/5_337.png,0,0.7525138854980469,0.9231593608856201,0.6320411562919617
Liver,9,phase1_hard,good/img/5_338.png,0,0.7671288251876831,0.9343722462654114,0.6486906409263611
Liver,9,phase1_hard,good/img/5_339.png,0,0.7592570185661316,0.7857728600502014,0.37704455852508545
Liver,9,phase1_hard,good/img/5_340.png,0,0.7543941736221313,0.8083001971244812,0.32008618116378784
Liver,9,phase1_hard,good/img/5_341.png,0,0.7650094032287598,0.9161331653594971,0.511376142501831
Liver,9,phase1_hard,good/img/5_343.png,0,0.7694609761238098,0.31623217463493347,0.06312377005815506
Liver,9,phase1_hard,good/img/5_344.png,0,0.7607051134109497,0.6356815099716187,0.2217310667037964
Liver,9,phase1_hard,good/img/5_345.png,0,0.7496945261955261,0.9475389719009399,0.6655727624893188
Liver,9,phase1_hard,good/img/5_346.png,0,0.7465755343437195,0.07024376094341278,0.010046265088021755
Liver,9,phase1_hard,good/img/5_347.png,0,0.7526770830154419,0.8812416791915894,0.4454481601715088
Liver,9,phase1_hard,good/img/5_348.png,0,0.7611115574836731,0.8651766180992126,0.4791964292526245
Liver,9,phase1_hard,good/img/5_349.png,0,0.7621197700500488,0.8628949522972107,0.4939228594303131
Liver,9,phase1_hard,good/img/5_350.png,0,0.7567578554153442,0.7844741940498352,0.29195624589920044
Liver,9,phase1_hard,good/img/5_351.png,0,0.7634685039520264,0.6214032769203186,0.1856713742017746
Liver,9,phase1_hard,good/img/5_352.png,0,0.7577245831489563,0.9862300157546997,0.8890721201896667
Liver,9,phase1_hard,good/img/5_353.png,0,0.7522668838500977,0.9696823954582214,0.7874684929847717
Liver,9,phase1_hard,good/img/5_354.png,0,0.7571861147880554,0.9591741561889648,0.6625645160675049
Liver,9,phase1_hard,good/img/5_355.png,0,0.7514732480049133,0.9950515627861023,0.96530681848526
Liver,9,phase1_hard,good/img/5_356.png,0,0.7496899366378784,0.9896734952926636,0.9523671269416809
Liver,9,phase1_hard,good/img/5_357.png,0,0.7491617202758789,0.9780288338661194,0.8876720070838928
Liver,9,phase1_hard,good/img/5_358.png,0,0.7526344656944275,0.9927204847335815,0.9561407566070557
Liver,9,phase1_hard,good/img/5_359.png,0,0.7566027045249939,0.9949665665626526,0.9616056084632874
Liver,9,phase1_hard,good/img/5_361.png,0,0.7500432729721069,0.997102677822113,0.9801934361457825
Liver,9,phase1_hard,good/img/5_362.png,0,0.7466200590133667,0.9959679841995239,0.9713017344474792
Liver,9,phase1_hard,good/img/5_363.png,0,0.7614249587059021,0.9901201725006104,0.9163511991500854
Liver,9,phase1_hard,good/img/5_364.png,0,0.7737193703651428,0.9909701347351074,0.9527963399887085
Liver,9,phase1_hard,good/img/5_365.png,0,0.7730641961097717,0.9885039925575256,0.8538267016410828
Liver,9,phase1_hard,good/img/5_366.png,0,0.7908633947372437,0.9834807515144348,0.8359764218330383
Liver,9,phase1_hard,good/img/5_367.png,0,0.7856820225715637,0.9871447682380676,0.936001718044281
Liver,9,phase1_hard,good/img/5_368.png,0,0.7772223949432373,0.9957465529441833,0.975094199180603
Liver,9,phase1_hard,good/img/5_369.png,0,0.773610532283783,0.9709813594818115,0.9123493432998657
Liver,9,phase1_hard,good/img/5_370.png,0,0.760421097278595,0.9939656853675842,0.9834697842597961
Liver,9,phase1_hard,good/img/5_372.png,0,0.7594543099403381,0.9807989001274109,0.9544575810432434
Liver,9,phase1_hard,good/img/5_373.png,0,0.7581813335418701,0.9944472312927246,0.9866424798965454
Liver,9,phase1_hard,good/img/5_374.png,0,0.7576602101325989,0.987489640712738,0.9652417302131653
Liver,9,phase1_hard,good/img/5_375.png,0,0.7529491782188416,0.9958243370056152,0.9899813532829285
Liver,9,phase1_hard,good/img/5_377.png,0,0.7580146193504333,0.9472767114639282,0.8727067112922668
Liver,9,phase1_hard,good/img/5_378.png,0,0.769967794418335,0.9783390760421753,0.9464300870895386
Liver,9,phase1_hard,good/img/5_379.png,0,0.7598840594291687,0.9859150648117065,0.965329647064209
Liver,9,phase1_hard,good/img/5_380.png,0,0.7568243741989136,0.9635528326034546,0.9393137693405151
Liver,9,phase1_hard,good/img/5_381.png,0,0.7607561945915222,0.9883297681808472,0.9730879664421082
Liver,9,phase1_hard,good/img/5_383.png,0,0.7790024280548096,0.9923505187034607,0.9759573340415955
Liver,9,phase1_hard,good/img/5_384.png,0,0.7725224494934082,0.9698832035064697,0.9312069416046143
Liver,9,phase1_hard,good/img/5_385.png,0,0.759524941444397,0.9865341186523438,0.9737643599510193
Liver,9,phase1_hard,good/img/5_387.png,0,0.7574809193611145,0.9909886717796326,0.9852334856987
Liver,9,phase1_hard,good/img/5_388.png,0,0.7730075120925903,0.9712427258491516,0.9238768219947815
Liver,9,phase1_hard,good/img/5_389.png,0,0.7823173999786377,0.9910661578178406,0.9766603708267212
Liver,9,phase1_hard,good/img/5_390.png,0,0.7930998802185059,0.9970493316650391,0.9944673776626587
Liver,9,phase1_hard,good/img/5_391.png,0,0.8046104907989502,0.996100902557373,0.9916397333145142
Liver,9,phase1_hard,good/img/5_393.png,0,0.7896899580955505,0.9969035983085632,0.9952274560928345
Liver,9,phase1_hard,good/img/5_394.png,0,0.7895138263702393,0.9870311617851257,0.9813778400421143
Liver,9,phase1_hard,good/img/5_395.png,0,0.7919530868530273,0.9931761622428894,0.9856253862380981
Liver,9,phase1_hard,good/img/5_396.png,0,0.7929136157035828,0.9646852612495422,0.9366869926452637
Liver,9,phase1_hard,good/img/5_397.png,0,0.8005407452583313,0.9981290698051453,0.9967295527458191
Liver,9,phase1_hard,good/img/5_398.png,0,0.8017846941947937,0.9989268183708191,0.9979588389396667
Liver,9,phase1_hard,good/img/5_400.png,0,0.7970247268676758,0.9983038902282715,0.9973493814468384
Liver,9,phase1_hard,good/img/5_402.png,0,0.7907351851463318,0.9984832406044006,0.9976277351379395
Liver,9,phase1_hard,good/img/5_403.png,0,0.7951985001564026,0.9967907071113586,0.9955083131790161
Liver,9,phase1_hard,good/img/5_404.png,0,0.7908632159233093,0.997002899646759,0.9953341484069824
Liver,9,phase1_hard,good/img/5_405.png,0,0.7967893481254578,0.9909970760345459,0.9814160466194153
Liver,9,phase1_hard,good/img/5_406.png,0,0.7862251996994019,0.9943864345550537,0.989019513130188
Liver,9,phase1_hard,good/img/5_407.png,0,0.7963002920150757,0.9947201013565063,0.9921718835830688
Liver,9,phase1_hard,good/img/5_408.png,0,0.8045700192451477,0.9972124695777893,0.9964248538017273
Liver,9,phase1_hard,good/img/5_409.png,0,0.7987073659896851,0.9947585463523865,0.9912304282188416
Liver,9,phase1_hard,good/img/5_410.png,0,0.8139989972114563,0.9983730316162109,0.9977174401283264
Liver,9,phase1_hard,good/img/5_411.png,0,0.8139411211013794,0.9978487491607666,0.9967016577720642
Liver,9,phase1_hard,good/img/5_412.png,0,0.8117058277130127,0.995896577835083,0.9926978945732117
Liver,9,phase1_hard,good/img/5_413.png,0,0.8037870526313782,0.9960294961929321,0.9914849996566772
Liver,9,phase1_hard,good/img/5_414.png,0,0.8123832941055298,0.9911472201347351,0.979580819606781
Liver,9,phase1_hard,good/img/5_415.png,0,0.8180665969848633,0.9967978596687317,0.9928466081619263
Liver,9,phase1_hard,good/img/5_416.png,0,0.8188444972038269,0.9986822009086609,0.9975165724754333
Liver,9,phase1_hard,good/img/5_417.png,0,0.8111507296562195,0.9898996949195862,0.975496232509613
Liver,9,phase1_hard,good/img/5_418.png,0,0.8179373145103455,0.9944880604743958,0.9867823719978333
Liver,9,phase1_hard,good/img/5_420.png,0,0.8042592406272888,0.9923991560935974,0.9747412800788879
Liver,9,phase1_hard,good/img/5_421.png,0,0.7883175015449524,0.9668256640434265,0.9381827712059021
Liver,9,phase1_hard,good/img/5_422.png,0,0.7977034449577332,0.9601776003837585,0.9157537817955017
Liver,9,phase1_hard,good/img/5_423.png,0,0.8042981624603271,0.953412652015686,0.9206321239471436
Liver,9,phase1_hard,good/img/5_424.png,0,0.8172847032546997,0.9912573099136353,0.9829168915748596
Liver,9,phase1_hard,good/img/5_425.png,0,0.811371386051178,0.9886131286621094,0.9836340546607971
Liver,9,phase1_hard,good/img/5_426.png,0,0.7975939512252808,0.9897348880767822,0.9827749729156494
Liver,9,phase1_hard,good/img/5_427.png,0,0.7991399765014648,0.9791587591171265,0.9737991690635681
Liver,9,phase1_hard,good/img/5_428.png,0,0.8028393387794495,0.9883997440338135,0.9819755554199219
Liver,9,phase1_hard,good/img/5_429.png,0,0.8126099109649658,0.9819217920303345,0.9720162749290466
Liver,9,phase1_hard,good/img/5_430.png,0,0.8068353533744812,0.9725840091705322,0.9527162313461304
Liver,9,phase1_hard,good/img/5_431.png,0,0.8059573769569397,0.9961804151535034,0.9937847852706909
Liver,9,phase1_hard,good/img/5_432.png,0,0.8075845241546631,0.9942800998687744,0.9886685013771057
Liver,9,phase1_hard,good/img/5_433.png,0,0.8024290800094604,0.9925399422645569,0.9855756759643555
Liver,9,phase1_hard,good/img/5_434.png,0,0.7994017004966736,0.9893475770950317,0.9772329926490784
Liver,9,phase1_hard,good/img/5_435.png,0,0.8071519732475281,0.995098888874054,0.9914929270744324
Liver,9,phase1_hard,good/img/5_436.png,0,0.8056445717811584,0.9959385395050049,0.9938353896141052
Liver,9,phase1_hard,good/img/5_437.png,0,0.7996993660926819,0.9780139923095703,0.9613075256347656
Liver,9,phase1_hard,good/img/5_438.png,0,0.8008652925491333,0.9913500547409058,0.983117401599884
Liver,9,phase1_hard,good/img/5_439.png,0,0.8097909092903137,0.9864822626113892,0.9746677875518799
Liver,9,phase1_hard,good/img/5_440.png,0,0.7879583835601807,0.9908046722412109,0.9832517504692078
Liver,9,phase1_hard,good/img/5_441.png,0,0.7935856580734253,0.9844927787780762,0.9780004024505615
Liver,9,phase1_hard,good/img/5_443.png,0,0.7913762927055359,0.9954007267951965,0.9919455647468567
Liver,9,phase1_hard,good/img/5_445.png,0,0.7956133484840393,0.9982831478118896,0.9969762563705444
Liver,9,phase1_hard,good/img/5_446.png,0,0.7976802587509155,0.9981167316436768,0.9971306324005127
Liver,9,phase1_hard,good/img/5_447.png,0,0.7935658693313599,0.9966042041778564,0.9953445792198181
Liver,9,phase1_hard,good/img/5_449.png,0,0.808210015296936,0.9974696636199951,0.9942030310630798
Liver,9,phase1_hard,good/img/5_450.png,0,0.8098034262657166,0.9963261485099792,0.9935850501060486
Liver,9,phase1_hard,good/img/5_462.png,0,0.7945953011512756,0.006724466569721699,0.0025682123377919197
Liver,9,phase1_hard,good/img/5_463.png,0,0.798710286617279,0.47243526577949524,0.3328031003475189
Liver,9,phase1_hard,good/img/5_464.png,0,0.794222354888916,0.6370397210121155,0.3488810360431671
Liver,9,phase1_hard,good/img/5_465.png,0,0.7894954085350037,0.9619662165641785,0.9101563692092896
Liver,9,phase1_hard,good/img/5_466.png,0,0.7955170273780823,0.9820536375045776,0.9698619246482849
Liver,9,phase1_hard,good/img/5_467.png,0,0.8026873469352722,0.9972432851791382,0.9941288828849792
Liver,9,phase1_hard,good/img/5_469.png,0,0.8182051181793213,0.9991140961647034,0.9972420334815979
Liver,9,phase1_hard,good/img/5_470.png,0,0.8205800652503967,0.9995679259300232,0.9983097910881042
Liver,9,phase1_hard,good/img/5_471.png,0,0.8220248818397522,0.9984904527664185,0.9934245944023132
Liver,9,phase1_hard,good/img/5_472.png,0,0.7953176498413086,0.9957466721534729,0.9581035375595093
Liver,9,phase1_hard,good/img/5_474.png,0,0.796592652797699,0.9854913949966431,0.8009880781173706
Liver,9,phase1_hard,good/img/5_475.png,0,0.7977198362350464,0.9400243163108826,0.5043336153030396
Liver,9,phase1_hard,good/img/5_476.png,0,0.8051216006278992,0.9763763546943665,0.716932475566864
Liver,9,phase1_hard,good/img/5_477.png,0,0.8126270771026611,0.9787667989730835,0.6812076568603516
Liver,9,phase1_hard,good/img/5_478.png,0,0.8038513660430908,0.9960862398147583,0.8997817635536194
Liver,9,phase1_hard,good/img/5_479.png,0,0.806131899356842,0.9961022138595581,0.8460795283317566
Liver,9,phase1_hard,good/img/5_480.png,0,0.8122432827949524,0.9841747879981995,0.6360582113265991
Liver,9,phase1_hard,good/img/5_481.png,0,0.8157462477684021,0.9427963495254517,0.42973971366882324
Liver,9,phase1_hard,good/img/5_482.png,0,0.8162218332290649,0.743134081363678,0.1566130816936493
Liver,9,phase1_hard,good/img/5_483.png,0,0.8210673928260803,0.05001715198159218,0.006418086122721434
Liver,9,phase1_hard,good/img/5_484.png,0,0.799078106880188,0.021915748715400696,0.002825925825163722
Liver,9,phase1_hard,good/img/5_485.png,0,0.6942883133888245,9.859151759883389e-06,2.8634008231165353e-06
Liver,9,phase1_hard,good/img/5_486.png,0,0.6756505370140076,3.465579254680051e-07,1.1752572248724391e-07
Liver,9,phase1_hard,good/img/5_487.png,0,0.3307621479034424,1.803183202753189e-08,1.1472556238345533e-08
Liver,9,phase1_hard,good/img/6_305.png,0,0.3190144896507263,8.375095283952305e-09,6.553359188643526e-09
Liver,9,phase1_hard,good/img/6_306.png,0,0.38189515471458435,1.5060190605709067e-07,5.8318111229027636e-08
Liver,9,phase1_hard,good/img/6_308.png,0,0.7245556712150574,7.147303676902084e-06,1.597766981831228e-06
Liver,9,phase1_hard,good/img/6_309.png,0,0.7351822257041931,1.6558626157348044e-05,3.099383320659399e-06
Liver,9,phase1_hard,good/img/6_311.png,0,0.7018237113952637,4.689041816163808e-05,7.840959369787015e-06
Liver,9,phase1_hard,good/img/6_312.png,0,0.7446929812431335,0.0006445263279601932,7.27149163139984e-05
Liver,9,phase1_hard,good/img/6_313.png,0,0.7511137127876282,0.002625515917316079,0.00026555440854281187
Liver,9,phase1_hard,good/img/6_314.png,0,0.7528150677680969,0.0012823316501453519,0.00014017005742061883
Liver,9,phase1_hard,good/img/6_315.png,0,0.7411101460456848,0.0009644796955399215,0.00011143471783725545
Liver,9,phase1_hard,good/img/6_316.png,0,0.735471785068512,0.0025027142837643623,0.0002665814245119691
Liver,9,phase1_hard,good/img/6_317.png,0,0.7376092076301575,0.002520671347156167,0.00027527433121576905
Liver,9,phase1_hard,good/img/6_319.png,0,0.7238945364952087,0.0014165496686473489,0.00014830951113253832
Liver,9,phase1_hard,good/img/6_320.png,0,0.751832127571106,0.0013867393136024475,0.0001585061108926311
Liver,9,phase1_hard,good/img/6_321.png,0,0.7481153011322021,0.007811371702700853,0.0008659693412482738
Liver,9,phase1_hard,good/img/6_322.png,0,0.7344821095466614,0.0005870601744391024,7.10708336555399e-05
Liver,9,phase1_hard,good/img/6_323.png,0,0.7372990250587463,0.0017414361936971545,0.0002227724762633443
Liver,9,phase1_hard,good/img/6_324.png,0,0.7487056255340576,0.02535872347652912,0.0027050382923334837
Liver,9,phase1_hard,good/img/6_325.png,0,0.7524224519729614,0.03437276929616928,0.003889353247359395
Liver,9,phase1_hard,good/img/6_326.png,0,0.7399811148643494,0.0042860060930252075,0.0005135046085342765
Liver,9,phase1_hard,good/img/6_327.png,0,0.7527995109558105,0.0050884936936199665,0.0006905563059262931
Liver,9,phase1_hard,good/img/6_328.png,0,0.650894045829773,0.00012211553985252976,2.4130687961587682e-05
Liver,9,phase1_hard,good/img/6_329.png,0,0.750685453414917,0.002697855234146118,0.0004547678981907666
Liver,9,phase1_hard,good/img/6_330.png,0,0.752149760723114,0.009304380044341087,0.0014335777377709746
Liver,9,phase1_hard,good/img/6_331.png,0,0.7538397312164307,0.003950156271457672,0.000510857964400202
Liver,9,phase1_hard,good/img/6_332.png,0,0.7416936159133911,0.00022795895347371697,4.57599016954191e-05
Liver,9,phase1_hard,good/img/6_333.png,0,0.7387195229530334,0.0017241297755390406,0.0002946683671325445
Liver,9,phase1_hard,good/img/6_334.png,0,0.7536745071411133,0.00807457696646452,0.0011875837808474898
Liver,9,phase1_hard,good/img/6_335.png,0,0.7449255585670471,0.00472478661686182,0.0008119488484226167
Liver,9,phase1_hard,good/img/6_403.png,0,0.7870599627494812,0.914035439491272,0.6503247618675232
Liver,9,phase1_hard,good/img/6_404.png,0,0.7838131189346313,0.04110274091362953,0.010583488270640373
Liver,9,phase1_hard,good/img/6_405.png,0,0.8002715706825256,0.9805521368980408,0.8745751976966858
Liver,9,phase1_hard,good/img/6_406.png,0,0.8026569485664368,0.07650743424892426,0.030137518420815468
Liver,9,phase1_hard,good/img/6_407.png,0,0.7907126545906067,0.7884113192558289,0.48597511649131775
Liver,9,phase1_hard,good/img/6_408.png,0,0.7803084850311279,0.017307337373495102,0.004843417089432478
Liver,9,phase1_hard,good/img/6_409.png,0,0.7724865078926086,0.8917803168296814,0.5948410630226135
Liver,9,phase1_hard,good/img/6_410.png,0,0.755302906036377,0.057861264795064926,0.017643116414546967
Liver,9,phase1_hard,good/img/6_411.png,0,0.7726743221282959,0.9188284873962402,0.7222680449485779
Liver,9,phase1_hard,good/img/6_413.png,0,0.7706507444381714,0.0062853493727743626,0.0030953416135162115
Liver,9,phase1_hard,good/img/6_414.png,0,0.7776688933372498,0.034436896443367004,0.014095728285610676
Liver,9,phase1_hard,good/img/6_415.png,0,0.46466532349586487,0.0008371681324206293,0.000409034953918308
Liver,9,phase1_hard,good/img/6_416.png,0,0.7554742097854614,0.18759745359420776,0.052250977605581284
Liver,9,phase1_hard,good/img/6_417.png,0,0.7626538872718811,0.004683078266680241,0.0013248438481241465
Liver,9,phase1_hard,good/img/6_418.png,0,0.7709001898765564,0.665331244468689,0.31858232617378235
Liver,9,phase1_hard,good/img/6_419.png,0,0.7767199873924255,0.9444094300270081,0.7553924918174744
Liver,9,phase1_hard,good/img/6_420.png,0,0.7770131826400757,0.7534047961235046,0.33342278003692627
Liver,9,phase1_hard,good/img/6_421.png,0,0.7890790700912476,0.977165937423706,0.8992829322814941
Liver,9,phase1_hard,good/img/6_422.png,0,0.8000175952911377,0.5643665790557861,0.3254863917827606
Liver,9,phase1_hard,good/img/6_423.png,0,0.7954432964324951,0.2992514669895172,0.1142677366733551
Liver,9,phase1_hard,good/img/6_425.png,0,0.7817909717559814,0.7639982104301453,0.5805344581604004
Liver,9,phase1_hard,good/img/6_426.png,0,0.7745354175567627,0.09432478994131088,0.030887672677636147
Liver,9,phase1_hard,good/img/6_427.png,0,0.7627946138381958,0.014630649238824844,0.007817603647708893
Liver,9,phase1_hard,good/img/6_428.png,0,0.7837596535682678,0.8906753063201904,0.7493663430213928
Liver,9,phase1_hard,good/img/6_429.png,0,0.7942023277282715,0.9473431706428528,0.8918198943138123
Liver,9,phase1_hard,good/img/6_430.png,0,0.7871927618980408,0.9966681599617004,0.9928922653198242
Liver,9,phase1_hard,good/img/6_431.png,0,0.7805130481719971,0.9908463358879089,0.9840462803840637
Liver,9,phase1_hard,good/img/6_432.png,0,0.7748121619224548,0.9924306273460388,0.9882644414901733
Liver,9,phase1_hard,good/img/6_433.png,0,0.7823067307472229,0.9853616952896118,0.9726511836051941
Liver,9,phase1_hard,good/img/6_434.png,0,0.7899512648582458,0.9949060678482056,0.9896425604820251
Liver,9,phase1_hard,good/img/6_436.png,0,0.7930372953414917,0.9979981780052185,0.9968343377113342
Liver,9,phase1_hard,good/img/6_437.png,0,0.79445880651474,0.9977940320968628,0.9966952204704285
Liver,9,phase1_hard,good/img/6_438.png,0,0.788806676864624,0.9977193474769592,0.9968349933624268
Liver,9,phase1_hard,good/img/6_439.png,0,0.8001582026481628,0.9981675148010254,0.9975054860115051
Liver,9,phase1_hard,good/img/6_440.png,0,0.796232283115387,0.9988002777099609,0.9975288510322571
Liver,9,phase1_hard,good/img/6_441.png,0,0.7837339043617249,0.994418740272522,0.9900692701339722
Liver,9,phase1_hard,good/img/6_442.png,0,0.7822953462600708,0.9935792684555054,0.9892578125
Liver,9,phase1_hard,good/img/6_443.png,0,0.7852327823638916,0.9966393709182739,0.9933609366416931
Liver,9,phase1_hard,good/img/6_444.png,0,0.7991349101066589,0.9971545934677124,0.9962453842163086
Liver,9,phase1_hard,good/img/6_452.png,0,0.8033970594406128,0.9907236695289612,0.9854887127876282
Liver,9,phase1_hard,good/img/6_453.png,0,0.800612211227417,0.9850667715072632,0.9801145792007446
Liver,9,phase1_hard,good/img/6_454.png,0,0.795798122882843,0.9696940779685974,0.962658703327179
Liver,9,phase1_hard,good/img/6_455.png,0,0.7911717295646667,0.9726328253746033,0.9621732831001282
Liver,9,phase1_hard,good/img/6_456.png,0,0.788270115852356,0.9889277219772339,0.9808295965194702
Liver,9,phase1_hard,good/img/6_457.png,0,0.8022226691246033,0.991288423538208,0.9885352253913879
Liver,9,phase1_hard,good/img/6_458.png,0,0.8061054944992065,0.9854269027709961,0.976890504360199
Liver,9,phase1_hard,good/img/6_459.png,0,0.80433589220047,0.9822536110877991,0.9677245020866394
Liver,9,phase1_hard,good/img/6_460.png,0,0.7911033630371094,0.9780538082122803,0.9573241472244263
Liver,9,phase1_hard,good/img/6_461.png,0,0.8014580607414246,0.9707350730895996,0.9485412836074829
Liver,9,phase1_hard,good/img/6_462.png,0,0.811198890209198,0.9912643432617188,0.9858472943305969
Liver,9,phase1_hard,good/img/6_483.png,0,0.817095160484314,0.9947419166564941,0.9521222710609436
Liver,9,phase1_hard,good/img/6_484.png,0,0.8035505414009094,0.9912692308425903,0.9359336495399475
Liver,9,phase1_hard,good/img/6_485.png,0,0.816045343875885,0.9858881831169128,0.8648251295089722
Liver,9,phase1_hard,good/img/6_486.png,0,0.8244669437408447,0.9794763922691345,0.7297181487083435
Liver,9,phase1_hard,good/img/6_487.png,0,0.8119065761566162,0.980983316898346,0.76680988073349
Liver,9,phase1_hard,good/img/6_488.png,0,0.8138765096664429,0.7444990277290344,0.23606961965560913
Liver,9,phase1_hard,good/img/6_489.png,0,0.7686300873756409,0.002831608522683382,0.0005518633988685906
Liver,9,phase1_hard,good/img/6_490.png,0,0.36826619505882263,3.0285889351944206e-08,1.7252981265869494e-08
Liver,9,phase1_hard,good/img/7_324.png,0,0.3152349889278412,4.7629105104363134e-09,4.374138828922014e-09
Liver,9,phase1_hard,good/img/7_325.png,0,0.7014463543891907,3.2382499739469495e-06,8.696243867234443e-07
Liver,9,phase1_hard,good/img/7_326.png,0,0.7537124156951904,1.5857845937716775e-05,3.856720013573067e-06
Liver,9,phase1_hard,good/img/7_327.png,0,0.7684453725814819,0.00011904015264008194,2.1671135982614942e-05
Liver,9,phase1_hard,good/img/7_328.png,0,0.7534183263778687,0.000587963149882853,0.00010397768346592784
Liver,9,phase1_hard,good/img/7_329.png,0,0.7370527982711792,0.00048034393694251776,8.460517710773274e-05
Liver,9,phase1_hard,good/img/7_330.png,0,0.7463497519493103,0.0008011208265088499,0.00012126036745030433
Liver,9,phase1_hard,good/img/7_331.png,0,0.7567996382713318,0.013360200449824333,0.0016897926107048988
Liver,9,phase1_hard,good/img/7_332.png,0,0.7611430883407593,0.0044795493595302105,0.0005233451956883073
Liver,9,phase1_hard,good/img/7_333.png,0,0.7517635226249695,0.014787103049457073,0.0015954111004248261
Liver,9,phase1_hard,good/img/7_334.png,0,0.7676408886909485,0.009027945809066296,0.0009731425670906901
Liver,9,phase1_hard,good/img/7_335.png,0,0.755469024181366,0.010329263284802437,0.0010264602024108171
Liver,9,phase1_hard,good/img/7_336.png,0,0.7491376399993896,0.00864761509001255,0.0009060901938937604
Liver,9,phase1_hard,good/img/7_337.png,0,0.7438265681266785,0.004121795296669006,0.0004638769314624369
Liver,9,phase1_hard,good/img/7_340.png,0,0.7428807616233826,0.001507069799117744,0.00023660498845856637
Liver,9,phase1_hard,good/img/7_341.png,0,0.7136895656585693,0.0007297097472473979,0.00011161135626025498
Liver,9,phase1_hard,good/img/7_343.png,0,0.7537813186645508,0.014385195448994637,0.0016306469915434718
Liver,9,phase1_hard,good/img/7_344.png,0,0.7544675469398499,0.014786241576075554,0.0017931441543623805
Liver,9,phase1_hard,good/img/7_345.png,0,0.7329586744308472,0.006461839657276869,0.0009514382109045982
Liver,9,phase1_hard,good/img/7_346.png,0,0.7424054145812988,0.025393065065145493,0.003642579773440957
Liver,9,phase1_hard,good/img/7_347.png,0,0.7499706149101257,0.02904103510081768,0.0041753132827579975
Liver,9,phase1_hard,good/img/7_348.png,0,0.7468371391296387,0.0722213014960289,0.012228949926793575
Liver,9,phase1_hard,good/img/7_349.png,0,0.7440338134765625,0.06086421012878418,0.00967190321534872
Liver,9,phase1_hard,good/img/7_350.png,0,0.7457023859024048,0.07124896347522736,0.01137236412614584
Liver,9,phase1_hard,good/img/7_351.png,0,0.7416149377822876,0.003361779497936368,0.0005398954963311553
Liver,9,phase1_hard,good/img/7_352.png,0,0.7390187978744507,0.005923666059970856,0.0009522763430140913
Liver,9,phase1_hard,good/img/7_353.png,0,0.7443284392356873,0.02112255059182644,0.003385005984455347
Liver,9,phase1_hard,good/img/7_354.png,0,0.7376478314399719,0.010268994607031345,0.0016948359552770853
Liver,9,phase1_hard,good/img/7_355.png,0,0.744279682636261,0.02584872767329216,0.004143900237977505
Liver,9,phase1_hard,good/img/7_356.png,0,0.6857750415802002,0.0005834806361235678,0.00011892100883414969
Liver,9,phase1_hard,good/img/7_357.png,0,0.7411397695541382,0.004111893940716982,0.00072145601734519
Liver,9,phase1_hard,good/img/7_395.png,0,0.7621786594390869,0.9125242233276367,0.8430678844451904
Liver,9,phase1_hard,good/img/7_418.png,0,0.511440634727478,0.002639622427523136,0.0010695606470108032
Liver,9,phase1_hard,good/img/7_419.png,0,0.7783404588699341,0.23632563650608063,0.07520458102226257
Liver,9,phase1_hard,good/img/7_420.png,0,0.7882307767868042,0.3136517405509949,0.11492554843425751
Liver,9,phase1_hard,good/img/7_421.png,0,0.7885547876358032,0.9594631195068359,0.8962191343307495
Liver,9,phase1_hard,good/img/7_422.png,0,0.7917514443397522,0.17335373163223267,0.046524759382009506
Liver,9,phase1_hard,good/img/7_423.png,0,0.8045956492424011,0.15116199851036072,0.05868562310934067
Liver,9,phase1_hard,good/img/7_424.png,0,0.7961673140525818,0.2087937295436859,0.117889903485775
Liver,9,phase1_hard,good/img/7_425.png,0,0.7973314523696899,0.9282858371734619,0.8562331795692444
Liver,9,phase1_hard,good/img/7_426.png,0,0.7884093523025513,0.9846882224082947,0.9588668346405029
Liver,9,phase1_hard,good/img/7_427.png,0,0.7923303842544556,0.9651299118995667,0.9196717143058777
Liver,9,phase1_hard,good/img/7_428.png,0,0.8030878901481628,0.11461851000785828,0.046869780868291855
Liver,9,phase1_hard,good/img/7_429.png,0,0.794767439365387,0.42235222458839417,0.21885408461093903
Liver,9,phase1_hard,good/img/7_431.png,0,0.7984837293624878,0.9709193110466003,0.9062008857727051
Liver,9,phase1_hard,good/img/7_432.png,0,0.8026941418647766,0.987552285194397,0.9551451802253723
Liver,9,phase1_hard,good/img/7_434.png,0,0.7925846576690674,0.7044878005981445,0.3726615607738495
Liver,9,phase1_hard,good/img/7_435.png,0,0.7829335331916809,0.9577966332435608,0.8630691170692444
Liver,9,phase1_hard,good/img/7_436.png,0,0.7913177013397217,0.9955964684486389,0.9806879758834839
Liver,9,phase1_hard,good/img/7_437.png,0,0.7790819406509399,0.9245838522911072,0.6675243973731995
Liver,9,phase1_hard,good/img/7_438.png,0,0.7801362872123718,0.3317035436630249,0.11251884698867798
Liver,9,phase1_hard,good/img/7_439.png,0,0.7828890681266785,0.948702871799469,0.8796046376228333
Liver,9,phase1_hard,good/img/7_440.png,0,0.7730327844619751,0.1775357872247696,0.08551224321126938
Liver,9,phase1_hard,good/img/7_441.png,0,0.7829549312591553,0.9952503442764282,0.9879848957061768
Liver,9,phase1_hard,good/img/7_442.png,0,0.8100886940956116,0.9149373769760132,0.8541475534439087
Liver,9,phase1_hard,good/img/7_443.png,0,0.8099408745765686,0.9871568083763123,0.9622333645820618
Liver,9,phase1_hard,good/img/7_447.png,0,0.7852206230163574,0.8319851160049438,0.7093126773834229
Liver,9,phase1_hard,good/img/7_448.png,0,0.7778420448303223,0.8162990808486938,0.7220598459243774
Liver,9,phase1_hard,good/img/7_450.png,0,0.8041308522224426,0.9767991900444031,0.9428996443748474
Liver,9,phase1_hard,good/img/7_451.png,0,0.8082880973815918,0.9932624697685242,0.9898825287818909
Liver,9,phase1_hard,good/img/7_452.png,0,0.8084552884101868,0.971036970615387,0.9257627129554749
Liver,9,phase1_hard,good/img/7_453.png,0,0.8109780550003052,0.9876788258552551,0.9747825860977173
Liver,9,phase1_hard,good/img/7_454.png,0,0.8007595539093018,0.9850085973739624,0.9805347919464111
Liver,9,phase1_hard,good/img/7_455.png,0,0.8008350133895874,0.9924305081367493,0.9888305068016052
Liver,9,phase1_hard,good/img/7_456.png,0,0.8000401854515076,0.9975839853286743,0.994446873664856
Liver,9,phase1_hard,good/img/7_457.png,0,0.7998631596565247,0.9960675239562988,0.9948758482933044
Liver,9,phase1_hard,good/img/7_465.png,0,0.8078244924545288,0.856204092502594,0.7945740222930908
Liver,9,phase1_hard,good/img/7_466.png,0,0.790705144405365,0.9412265419960022,0.9116212725639343
Liver,9,phase1_hard,good/img/7_467.png,0,0.8030533194541931,0.9750484228134155,0.9554574489593506
Liver,9,phase1_hard,good/img/7_468.png,0,0.8074977993965149,0.5843102335929871,0.48012715578079224
Liver,9,phase1_hard,good/img/7_469.png,0,0.8039343357086182,0.5101109147071838,0.3743492662906647
Liver,9,phase1_hard,good/img/7_471.png,0,0.8152267932891846,0.6904670000076294,0.5826655626296997
Liver,9,phase1_hard,good/img/7_472.png,0,0.8058305978775024,0.9274783730506897,0.8705530762672424
Liver,9,phase1_hard,good/img/7_473.png,0,0.8093643188476562,0.8012429475784302,0.5792796015739441
Liver,9,phase1_hard,good/img/7_474.png,0,0.820965051651001,0.9735180139541626,0.9669941067695618
Liver,9,phase1_hard,good/img/7_492.png,0,0.8183379769325256,0.957334041595459,0.8576598167419434
Liver,9,phase1_hard,good/img/7_493.png,0,0.8212848901748657,0.994117021560669,0.9861479997634888
Liver,9,phase1_hard,good/img/7_494.png,0,0.8193279504776001,0.9986274242401123,0.9940202236175537
Liver,9,phase1_hard,good/img/7_495.png,0,0.8167559504508972,0.9963000416755676,0.9844630360603333
Liver,9,phase1_hard,good/img/7_496.png,0,0.8193057775497437,0.9988119602203369,0.9937297701835632
Liver,9,phase1_hard,good/img/7_497.png,0,0.8168461322784424,0.9977164268493652,0.9861123561859131
Liver,9,phase1_hard,good/img/7_498.png,0,0.8073153495788574,0.9956334233283997,0.9588719606399536
Liver,9,phase1_hard,good/img/7_499.png,0,0.8090253472328186,0.936037003993988,0.6109088659286499
Liver,9,phase1_hard,good/img/7_500.png,0,0.7490884065628052,0.0034311474300920963,0.00038191801286302507
Liver,9,phase1_hard,good/img/8_333.png,0,0.7272939682006836,1.3686934607903822e-06,3.482851411718002e-07
Liver,9,phase1_hard,good/img/8_334.png,0,0.7331275343894958,3.6754822758666705e-06,7.467130558325152e-07
Liver,9,phase1_hard,good/img/8_335.png,0,0.7517542243003845,0.0001549727749079466,2.458135350025259e-05
Liver,9,phase1_hard,good/img/8_336.png,0,0.7497407793998718,0.0005913542700000107,8.000834350241348e-05
Liver,9,phase1_hard,good/img/8_337.png,0,0.7470767498016357,0.0004988190485164523,8.343578519998118e-05
Liver,9,phase1_hard,good/img/8_338.png,0,0.7577307224273682,0.003980271518230438,0.0004756172129418701
Liver,9,phase1_hard,good/img/8_340.png,0,0.7409510612487793,0.0007543672109022737,0.00010811880929395556
Liver,9,phase1_hard,good/img/8_341.png,0,0.753939688205719,0.006259378977119923,0.0007076720357872546
Liver,9,phase1_hard,good/img/8_342.png,0,0.7466166615486145,0.005168049596250057,0.0006255998159758747
Liver,9,phase1_hard,good/img/8_343.png,0,0.7309841513633728,0.001247563399374485,0.00017624697647988796
Liver,9,phase1_hard,good/img/8_344.png,0,0.754414439201355,0.00776378670707345,0.0009979307651519775
Liver,9,phase1_hard,good/img/8_345.png,0,0.7642004489898682,0.006742773111909628,0.0008833609172143042
Liver,9,phase1_hard,good/img/8_347.png,0,0.751882791519165,0.00349901313893497,0.0004987326683476567
Liver,9,phase1_hard,good/img/8_348.png,0,0.7475473284721375,0.023137714713811874,0.002774086780846119
Liver,9,phase1_hard,good/img/8_349.png,0,0.7432571649551392,0.030156712979078293,0.0040295906364917755
Liver,9,phase1_hard,good/img/8_350.png,0,0.7505143284797668,0.05335186421871185,0.007224067579954863
Liver,9,phase1_hard,good/img/8_351.png,0,0.7519569396972656,0.021579960361123085,0.0031623560935258865
Liver,9,phase1_hard,good/img/8_352.png,0,0.7560660243034363,0.03099616803228855,0.004263197537511587
Liver,9,phase1_hard,good/img/8_353.png,0,0.7559828758239746,0.07516361027956009,0.012186946347355843
Liver,9,phase1_hard,good/img/8_354.png,0,0.7456833124160767,0.015940792858600616,0.002206415869295597
Liver,9,phase1_hard,good/img/8_355.png,0,0.7442430257797241,0.011006464250385761,0.0014136015670374036
Liver,9,phase1_hard,good/img/8_356.png,0,0.7504028677940369,0.0020692201796919107,0.00033591585815884173
Liver,9,phase1_hard,good/img/8_357.png,0,0.753673791885376,0.07359868288040161,0.01161995716392994
Liver,9,phase1_hard,good/img/8_358.png,0,0.762213945388794,0.2804417908191681,0.05340832099318504
Liver,9,phase1_hard,good/img/8_359.png,0,0.7547752857208252,0.5786334872245789,0.14483846724033356
Liver,9,phase1_hard,good/img/8_361.png,0,0.7603580355644226,0.3485383987426758,0.07762809097766876
Liver,9,phase1_hard,good/img/8_362.png,0,0.7560717463493347,0.021974854171276093,0.004488324746489525
Liver,9,phase1_hard,good/img/8_363.png,0,0.7632789611816406,0.1803637444972992,0.0376630537211895
Liver,9,phase1_hard,good/img/8_364.png,0,0.7579954266548157,0.02752929925918579,0.004750280641019344
Liver,9,phase1_hard,good/img/8_365.png,0,0.748552143573761,0.01355664525181055,0.0022428766824305058
Liver,9,phase1_hard,good/img/8_366.png,0,0.7075083255767822,0.0012235559988766909,0.0002595475234556943
Liver,9,phase1_hard,good/img/8_402.png,0,0.7978876829147339,0.8922837972640991,0.701515257358551
Liver,9,phase1_hard,good/img/8_403.png,0,0.7937932014465332,0.00929210800677538,0.005383273586630821
Liver,9,phase1_hard,good/img/8_405.png,0,0.7918238043785095,0.8331772089004517,0.6680654883384705
Liver,9,phase1_hard,good/img/8_406.png,0,0.7900453209877014,0.6087630391120911,0.32646313309669495
Liver,9,phase1_hard,good/img/8_428.png,0,0.7765095233917236,0.10395652800798416,0.04626447334885597
Liver,9,phase1_hard,good/img/8_430.png,0,0.4719089865684509,0.0041325828060507774,0.00126616598572582
Liver,9,phase1_hard,good/img/8_431.png,0,0.44036105275154114,0.0010654922807589173,0.00031265176949091256
Liver,9,phase1_hard,good/img/8_432.png,0,0.49479666352272034,0.0022038070019334555,0.0007839562022127211
Liver,9,phase1_hard,good/img/8_433.png,0,0.46483877301216125,0.006875687278807163,0.002659010235220194
Liver,9,phase1_hard,good/img/8_434.png,0,0.7791443467140198,0.996658205986023,0.978594958782196
Liver,9,phase1_hard,good/img/8_436.png,0,0.6606429815292358,0.004088999703526497,0.001763963489793241
Liver,9,phase1_hard,good/img/8_437.png,0,0.5220279097557068,0.003434360958635807,0.0015564661007374525
Liver,9,phase1_hard,good/img/8_438.png,0,0.8140313625335693,0.9943228960037231,0.9784998297691345
Liver,9,phase1_hard,good/img/8_440.png,0,0.8055906295776367,0.9984114170074463,0.9966633319854736
Liver,9,phase1_hard,good/img/8_441.png,0,0.8037909865379333,0.9991288781166077,0.9986732602119446
Liver,9,phase1_hard,good/img/8_442.png,0,0.8011471033096313,0.9984304308891296,0.9975833296775818
Liver,9,phase1_hard,good/img/8_443.png,0,0.7898380756378174,0.9986838698387146,0.9973644614219666
Liver,9,phase1_hard,good/img/8_445.png,0,0.8079608082771301,0.9952665567398071,0.9919808506965637
Liver,9,phase1_hard,good/img/8_446.png,0,0.8061408996582031,0.9976327419281006,0.9948574304580688
Liver,9,phase1_hard,good/img/8_448.png,0,0.7999519109725952,0.9953048229217529,0.9931215643882751
Liver,9,phase1_hard,good/img/8_449.png,0,0.8054075241088867,0.9934252500534058,0.9867489337921143
Liver,9,phase1_hard,good/img/8_451.png,0,0.802638053894043,0.9914108514785767,0.9878946542739868
Liver,9,phase1_hard,good/img/8_452.png,0,0.7987282872200012,0.9921560287475586,0.9902135729789734
Liver,9,phase1_hard,good/img/8_453.png,0,0.7944311499595642,0.9950125813484192,0.9927369356155396
Liver,9,phase1_hard,good/img/8_454.png,0,0.7920404672622681,0.9922609925270081,0.9899525046348572
Liver,9,phase1_hard,good/img/8_455.png,0,0.7940194010734558,0.989862322807312,0.9802564382553101
Liver,9,phase1_hard,good/img/8_456.png,0,0.8028179407119751,0.9967740178108215,0.9954209923744202
Liver,9,phase1_hard,good/img/8_457.png,0,0.8083150386810303,0.9982824325561523,0.9972969889640808
Liver,9,phase1_hard,good/img/8_458.png,0,0.803806483745575,0.9993991851806641,0.9986987113952637
Liver,9,phase1_hard,good/img/8_459.png,0,0.804776668548584,0.9891487956047058,0.9829599261283875
Liver,9,phase1_hard,good/img/8_460.png,0,0.801476776599884,0.9881608486175537,0.9802284240722656
Liver,9,phase1_hard,good/img/8_461.png,0,0.7952473163604736,0.9948896169662476,0.9907156825065613
Liver,9,phase1_hard,good/img/8_462.png,0,0.7858210206031799,0.9854815602302551,0.9567336440086365
Liver,9,phase1_hard,good/img/8_463.png,0,0.7888166904449463,0.9641687870025635,0.9457584023475647
Liver,9,phase1_hard,good/img/8_464.png,0,0.779649019241333,0.9961177110671997,0.9914403557777405
Liver,9,phase1_hard,good/img/8_466.png,0,0.7859457731246948,0.9986616373062134,0.9969509840011597
Liver,9,phase1_hard,good/img/8_467.png,0,0.8037770390510559,0.9975312352180481,0.9942379593849182
Liver,9,phase1_hard,good/img/8_493.png,0,0.701166570186615,0.0006304032285697758,0.00022564808023162186
Liver,9,phase1_hard,good/img/8_494.png,0,0.7738718390464783,0.11497478187084198,0.03140958026051521
Liver,9,phase1_hard,good/img/8_495.png,0,0.7724410891532898,0.21505306661128998,0.10338866710662842
Liver,9,phase1_hard,good/img/8_496.png,0,0.788606584072113,0.49048227071762085,0.1457284688949585
Liver,9,phase1_hard,good/img/8_497.png,0,0.7965390682220459,0.6980563998222351,0.32782411575317383
Liver,9,phase1_hard,good/img/8_498.png,0,0.782711386680603,0.7462020516395569,0.4451035261154175
Liver,9,phase1_hard,good/img/8_499.png,0,0.8004561066627502,0.8693862557411194,0.6367830634117126
Liver,9,phase1_hard,good/img/8_500.png,0,0.8064050674438477,0.7944303750991821,0.5270024538040161
Liver,9,phase1_hard,good/img/8_501.png,0,0.7890108823776245,0.5907245874404907,0.236625075340271
Liver,9,phase1_hard,good/img/8_502.png,0,0.7824596166610718,0.0005589749198406935,0.00016915489686653018
Liver,9,phase1_hard,good/img/8_503.png,0,0.7688755393028259,0.4647968113422394,0.126423642039299
Liver,9,phase1_hard,good/img/8_504.png,0,0.7847995758056641,0.48133385181427,0.11243797093629837
Liver,9,phase1_hard,good/img/8_505.png,0,0.7856184244155884,0.8667842745780945,0.340695858001709
Liver,9,phase1_hard,good/img/8_506.png,0,0.7773104310035706,0.5962989926338196,0.1469549834728241
Liver,9,phase1_hard,good/img/8_507.png,0,0.7558289170265198,0.03417610004544258,0.005128682125359774
Liver,9,phase1_hard,good/img/8_508.png,0,0.7646331191062927,0.05755693092942238,0.00704693840816617
Liver,9,phase1_hard,good/img/8_509.png,0,0.7554340362548828,0.013002315536141396,0.0024849255569279194
Liver,9,phase1_hard,good/img/8_510.png,0,0.3191987872123718,2.0942040990235e-08,1.2131582849406186e-08
Liver,9,phase1_hard,good/img/9_343.png,0,0.3318951427936554,9.341419193731326e-09,6.87950452160635e-09
Liver,9,phase1_hard,good/img/9_345.png,0,0.5100449323654175,6.217348413883883e-07,1.659271617882041e-07
Liver,9,phase1_hard,good/img/9_346.png,0,0.7519384026527405,7.299495337065309e-05,1.3280902749102097e-05
Liver,9,phase1_hard,good/img/9_347.png,0,0.7431457042694092,3.8323545595631e-05,6.660931376245571e-06
Liver,9,phase1_hard,good/img/9_349.png,0,0.7445425391197205,0.0001834384456742555,2.6215706384391524e-05
Liver,9,phase1_hard,good/img/9_350.png,0,0.7387401461601257,0.0004119010700378567,5.358971611713059e-05
Liver,9,phase1_hard,good/img/9_351.png,0,0.7362278699874878,0.0010453505674377084,0.00014339396147988737
Liver,9,phase1_hard,good/img/9_352.png,0,0.7326510548591614,0.0010535115143284202,0.00013791819219477475
Liver,9,phase1_hard,good/img/9_353.png,0,0.7321615219116211,0.0003685316478367895,5.6843320635380223e-05
Liver,9,phase1_hard,good/img/9_354.png,0,0.7239037752151489,0.002814097795635462,0.0003547355008777231
Liver,9,phase1_hard,good/img/9_355.png,0,0.7249122858047485,0.0009208917617797852,0.00012440691352821887
Liver,9,phase1_hard,good/img/9_356.png,0,0.7256110310554504,0.0017516170628368855,0.0002311879798071459
Liver,9,phase1_hard,good/img/9_357.png,0,0.7247622609138489,0.0020050338935106993,0.0002604250912554562
Liver,9,phase1_hard,good/img/9_358.png,0,0.7280539274215698,0.0010976707562804222,0.00014947772433515638
Liver,9,phase1_hard,good/img/9_359.png,0,0.5220517516136169,6.144723738543689e-05,1.2946410606673453e-05
Liver,9,phase1_hard,good/img/9_360.png,0,0.7279157042503357,0.001708457712084055,0.00026080376119352877
Liver,9,phase1_hard,good/img/9_361.png,0,0.718560516834259,0.0008073783246800303,0.0001081984446500428
Liver,9,phase1_hard,good/img/9_362.png,0,0.5211973786354065,9.308155858889222e-05,1.650824378884863e-05
Liver,9,phase1_hard,good/img/9_363.png,0,0.7332783341407776,0.0010309466160833836,0.00013011382543481886
Liver,9,phase1_hard,good/img/9_364.png,0,0.7062230110168457,0.0008160060970112681,0.00012133951531723142
Liver,9,phase1_hard,good/img/9_365.png,0,0.7294352054595947,0.00253872387111187,0.00033664912916719913
Liver,9,phase1_hard,good/img/9_366.png,0,0.7303734421730042,0.01106802187860012,0.0012743310071527958
Liver,9,phase1_hard,good/img/9_368.png,0,0.7393715381622314,0.009220767766237259,0.001342696719802916
Liver,9,phase1_hard,good/img/9_369.png,0,0.7413351535797119,0.0037171037402004004,0.0004577771760523319
Liver,9,phase1_hard,good/img/9_370.png,0,0.7411785125732422,0.014737003482878208,0.0019334108801558614
Liver,9,phase1_hard,good/img/9_402.png,0,0.7523294687271118,0.6433920860290527,0.39308369159698486
Liver,9,phase1_hard,good/img/9_403.png,0,0.7492288947105408,0.06094075366854668,0.021060092374682426
Liver,9,phase1_hard,good/img/9_405.png,0,0.7646549344062805,0.9433764219284058,0.8793451189994812
Liver,9,phase1_hard,good/img/9_406.png,0,0.7493953108787537,0.41318178176879883,0.1872817426919937
Liver,9,phase1_hard,good/img/9_407.png,0,0.7614179253578186,0.9067668318748474,0.7353126406669617
Liver,9,phase1_hard,good/img/9_408.png,0,0.777803361415863,0.9634638428688049,0.8737585544586182
Liver,9,phase1_hard,good/img/9_409.png,0,0.7752915024757385,0.6134851574897766,0.3638601005077362
Liver,9,phase1_hard,good/img/9_410.png,0,0.7485454678535461,0.0031680595129728317,0.0013036829186603427
Liver,9,phase1_hard,good/img/9_433.png,0,0.772687554359436,0.6304296851158142,0.18407239019870758
Liver,9,phase1_hard,good/img/9_434.png,0,0.4619494378566742,0.0007751756347715855,0.000259031803580001
Liver,9,phase1_hard,good/img/9_435.png,0,0.4401056170463562,2.7920830689254217e-05,1.1109392289654352e-05
Liver,9,phase1_hard,good/img/9_436.png,0,0.44706442952156067,2.0836009184677096e-07,1.579566628606699e-07
Liver,9,phase1_hard,good/img/9_437.png,0,0.4640689194202423,1.4576733519788831e-05,5.3700728130934294e-06
Liver,9,phase1_hard,good/img/9_438.png,0,0.7909905314445496,0.9415250420570374,0.7097537517547607
Liver,9,phase1_hard,good/img/9_439.png,0,0.7962797284126282,0.8493729829788208,0.49123239517211914
Liver,9,phase1_hard,good/img/9_440.png,0,0.7855059504508972,0.5192580819129944,0.164560928940773
Liver,9,phase1_hard,good/img/9_441.png,0,0.7812207937240601,0.0376766100525856,0.010637872852385044
Liver,9,phase1_hard,good/img/9_442.png,0,0.7955493330955505,0.470245897769928,0.1950705647468567
Liver,9,phase1_hard,good/img/9_443.png,0,0.7811012268066406,0.05267762765288353,0.014270382933318615
Liver,9,phase1_hard,good/img/9_444.png,0,0.5203243494033813,0.0020230242516845465,0.0006802359130233526
Liver,9,phase1_hard,good/img/9_445.png,0,0.5257266759872437,0.004592597018927336,0.001560594537295401
Liver,9,phase1_hard,good/img/9_446.png,0,0.7918118238449097,0.009984060190618038,0.002342735417187214
Liver,9,phase1_hard,good/img/9_447.png,0,0.8002254366874695,0.9698541760444641,0.8919366598129272
Liver,9,phase1_hard,good/img/9_448.png,0,0.7913907766342163,0.9945166707038879,0.9729440808296204
Liver,9,phase1_hard,good/img/9_450.png,0,0.7688930630683899,0.03721147030591965,0.009974011220037937
Liver,9,phase1_hard,good/img/9_451.png,0,0.6041250824928284,0.06603685766458511,0.01685294508934021
Liver,9,phase1_hard,good/img/9_452.png,0,0.4849139451980591,0.002982181031256914,0.000986782368272543
Liver,9,phase1_hard,good/img/9_453.png,0,0.4872812032699585,0.0037227640859782696,0.0008564254967495799
Liver,9,phase1_hard,good/img/9_454.png,0,0.4762958884239197,0.0007463038200512528,0.00017281058535445482
Liver,9,phase1_hard,good/img/9_456.png,0,0.7725659012794495,0.034735023975372314,0.007577387150377035
Liver,9,phase1_hard,good/img/9_457.png,0,0.7669860124588013,0.2146340310573578,0.0647938922047615
Liver,9,phase1_hard,good/img/9_458.png,0,0.7768540978431702,0.9354746341705322,0.7601001858711243
Liver,9,phase1_hard,good/img/9_459.png,0,0.7709956169128418,0.906363308429718,0.7922512292861938
Liver,9,phase1_hard,good/img/9_460.png,0,0.7897857427597046,0.911657989025116,0.7708269953727722
Liver,9,phase1_hard,good/img/9_462.png,0,0.7995741963386536,0.9986334443092346,0.9975671768188477
Liver,9,phase1_hard,good/img/9_463.png,0,0.7979986667633057,0.9949502944946289,0.991058886051178
Liver,9,phase1_hard,good/img/9_464.png,0,0.7919583916664124,0.9985225796699524,0.9977086782455444
Liver,9,phase1_hard,good/img/9_465.png,0,0.7880855798721313,0.9991378784179688,0.9984462261199951
Liver,9,phase1_hard,good/img/9_466.png,0,0.7802112102508545,0.9965986609458923,0.993283748626709
Liver,9,phase1_hard,good/img/9_467.png,0,0.7891494631767273,0.9987291693687439,0.9978018403053284
Liver,9,phase1_hard,good/img/9_468.png,0,0.7904624938964844,0.997094988822937,0.9949597120285034
Liver,9,phase1_hard,good/img/9_469.png,0,0.7967182993888855,0.9961395859718323,0.9942989349365234
Liver,9,phase1_hard,good/img/9_470.png,0,0.7908507585525513,0.9968020915985107,0.9943493604660034
Liver,9,phase1_hard,good/img/9_471.png,0,0.7907923460006714,0.9886017441749573,0.9782295823097229
Liver,9,phase1_hard,good/img/9_472.png,0,0.7934350371360779,0.9920080900192261,0.984271228313446
Liver,9,phase1_hard,good/img/9_483.png,0,0.785344123840332,0.7973763942718506,0.7326401472091675
Liver,9,phase1_hard,good/img/9_484.png,0,0.7756030559539795,0.9700514078140259,0.9379436373710632
Liver,9,phase1_hard,good/img/9_485.png,0,0.7998551726341248,0.9872024655342102,0.9805418848991394
Liver,9,phase1_hard,good/img/9_486.png,0,0.7764579653739929,0.9351574182510376,0.8084231019020081
Liver,9,phase1_hard,good/img/9_487.png,0,0.7813628315925598,0.8577123880386353,0.7450233697891235
Liver,9,phase1_hard,good/img/9_488.png,0,0.7973591089248657,0.9394277930259705,0.8789746761322021
Liver,9,phase1_hard,good/img/9_489.png,0,0.7913360595703125,0.8455082774162292,0.7161651253700256
Liver,9,phase1_hard,good/img/9_490.png,0,0.7923682928085327,0.9956573247909546,0.9888430237770081
Liver,9,phase1_hard,good/img/9_491.png,0,0.7972937822341919,0.995377779006958,0.9910831451416016
Liver,9,phase1_hard,good/img/9_492.png,0,0.8121887445449829,0.9847761392593384,0.9757822155952454
Liver,9,phase1_hard,good/img/9_511.png,0,0.8256303071975708,0.9931187629699707,0.9723180532455444
Liver,9,phase1_hard,good/img/9_512.png,0,0.8276552557945251,0.9946345090866089,0.9666466116905212
Liver,9,phase1_hard,good/img/9_513.png,0,0.810324490070343,0.6804262399673462,0.2666269540786743
Liver,9,phase1_hard,good/img/9_514.png,0,0.7703869342803955,0.0007147227297537029,0.0001623582502361387
Liver,9,phase1_hard,good/img/9_515.png,0,0.7688941955566406,1.5364537830464542e-05,4.392772552819224e-06
Liver,9,phase1_hard,ungood/img/10_327.png,1,0.44195133447647095,3.948830453737173e-06,1.2311213595239678e-06
Liver,9,phase1_hard,ungood/img/10_328.png,1,0.6278762817382812,0.00016025367949623615,4.386094951769337e-05
Liver,9,phase1_hard,ungood/img/10_329.png,1,0.6297067999839783,0.00021339520753826946,5.149663775227964e-05
Liver,9,phase1_hard,ungood/img/10_330.png,1,0.7567588090896606,0.2314937263727188,0.05033062770962715
Liver,9,phase1_hard,ungood/img/10_332.png,1,0.7557737827301025,0.027328243479132652,0.007677644025534391
Liver,9,phase1_hard,ungood/img/10_333.png,1,0.754210352897644,0.033921267837285995,0.008494707755744457
Liver,9,phase1_hard,ungood/img/10_334.png,1,0.7526302933692932,0.042856890708208084,0.009571130387485027
Liver,9,phase1_hard,ungood/img/10_335.png,1,0.759614109992981,0.014727218076586723,0.00339375133626163
Liver,9,phase1_hard,ungood/img/10_336.png,1,0.7660012245178223,0.034602586179971695,0.008269313722848892
Liver,9,phase1_hard,ungood/img/10_337.png,1,0.7622615694999695,0.025055192410945892,0.005928300321102142
Liver,9,phase1_hard,ungood/img/10_338.png,1,0.7618303298950195,0.009050901047885418,0.0021532282698899508
Liver,9,phase1_hard,ungood/img/10_339.png,1,0.7646881937980652,0.030121292918920517,0.005435577593743801
Liver,9,phase1_hard,ungood/img/10_341.png,1,0.7724675536155701,0.07662646472454071,0.011545458808541298
Liver,9,phase1_hard,ungood/img/10_342.png,1,0.7629565596580505,0.04083390161395073,0.007603842299431562
Liver,9,phase1_hard,ungood/img/10_343.png,1,0.7704113721847534,0.5360686182975769,0.1892867535352707
Liver,9,phase1_hard,ungood/img/10_344.png,1,0.7695031762123108,0.09312783181667328,0.019224019721150398
Liver,9,phase1_hard,ungood/img/10_345.png,1,0.770014762878418,0.039797909557819366,0.0071166339330375195
Liver,9,phase1_hard,ungood/img/10_346.png,1,0.7818356156349182,0.5770182609558105,0.2402915209531784
Liver,9,phase1_hard,ungood/img/10_347.png,1,0.7755693793296814,0.24768108129501343,0.0805710107088089
Liver,9,phase1_hard,ungood/img/10_348.png,1,0.7685956358909607,0.7865420579910278,0.4508921802043915
Liver,9,phase1_hard,ungood/img/10_349.png,1,0.7604250311851501,0.3279569745063782,0.07688812166452408
Liver,9,phase1_hard,ungood/img/10_350.png,1,0.7622455954551697,0.3554525375366211,0.12037888169288635
Liver,9,phase1_hard,ungood/img/10_351.png,1,0.7580779790878296,0.004180774558335543,0.0013715833192691207
Liver,9,phase1_hard,ungood/img/10_352.png,1,0.7617522478103638,0.3166952431201935,0.16237056255340576
Liver,9,phase1_hard,ungood/img/10_353.png,1,0.7702800631523132,0.1680869162082672,0.05134196951985359
Liver,9,phase1_hard,ungood/img/10_354.png,1,0.7540215253829956,0.00027291072183288634,0.00012450868962332606
Liver,9,phase1_hard,ungood/img/10_356.png,1,0.7682797312736511,0.0010868210811167955,0.0002735014131758362
Liver,9,phase1_hard,ungood/img/10_357.png,1,0.7616726160049438,0.0013286466710269451,0.00030607922235503793
Liver,9,phase1_hard,ungood/img/10_358.png,1,0.7675424218177795,0.014565602876245975,0.007777099031955004
Liver,9,phase1_hard,ungood/img/10_367.png,1,0.7604082226753235,0.8649744391441345,0.8226013779640198
Liver,9,phase1_hard,ungood/img/10_368.png,1,0.7664844393730164,0.35468974709510803,0.20861850678920746
Liver,9,phase1_hard,ungood/img/10_369.png,1,0.773940920829773,0.9518900513648987,0.909018337726593
Liver,9,phase1_hard,ungood/img/10_370.png,1,0.7659067511558533,0.1753026843070984,0.0864638239145279
Liver,9,phase1_hard,ungood/img/10_371.png,1,0.7682189345359802,0.2995145320892334,0.10117653757333755
Liver,9,phase1_hard,ungood/img/10_372.png,1,0.7734776735305786,0.08642014116048813,0.01514776237308979
Liver,9,phase1_hard,ungood/img/10_373.png,1,0.7753878831863403,0.8544396162033081,0.44800668954849243
Liver,9,phase1_hard,ungood/img/10_375.png,1,0.7750409841537476,0.37371402978897095,0.10671908408403397
Liver,9,phase1_hard,ungood/img/10_376.png,1,0.7726389765739441,0.03995431959629059,0.010200705379247665
Liver,9,phase1_hard,ungood/img/10_377.png,1,0.7747527956962585,0.2744506299495697,0.07976596057415009
Liver,9,phase1_hard,ungood/img/10_378.png,1,0.774669349193573,0.17031456530094147,0.051850344985723495
Liver,9,phase1_hard,ungood/img/10_379.png,1,0.7841684818267822,0.9261837005615234,0.7301682829856873
Liver,9,phase1_hard,ungood/img/10_380.png,1,0.7853424549102783,0.9806360602378845,0.9315727949142456
Liver,9,phase1_hard,ungood/img/10_381.png,1,0.7821844220161438,0.9478114247322083,0.7692345380783081
Liver,9,phase1_hard,ungood/img/10_382.png,1,0.7841333746910095,0.9951894283294678,0.9870904088020325
Liver,9,phase1_hard,ungood/img/10_383.png,1,0.7731347680091858,0.027254784479737282,0.008285103365778923
Liver,9,phase1_hard,ungood/img/10_384.png,1,0.7827016711235046,0.9672216773033142,0.8274537324905396
Liver,9,phase1_hard,ungood/img/10_385.png,1,0.7770103216171265,0.9629348516464233,0.8414225578308105
Liver,9,phase1_hard,ungood/img/10_386.png,1,0.7944265604019165,0.9993206262588501,0.9977532625198364
Liver,9,phase1_hard,ungood/img/10_387.png,1,0.7810081839561462,0.9989577531814575,0.9965106248855591
Liver,9,phase1_hard,ungood/img/10_388.png,1,0.7753801345825195,0.9933488965034485,0.944614827632904
Liver,9,phase1_hard,ungood/img/10_426.png,1,0.7891058325767517,0.9989610910415649,0.9982975721359253
Liver,9,phase1_hard,ungood/img/10_427.png,1,0.7868711948394775,0.9983150959014893,0.9973284602165222
Liver,9,phase1_hard,ungood/img/10_428.png,1,0.7943663001060486,0.998490571975708,0.997394323348999
Liver,9,phase1_hard,ungood/img/10_429.png,1,0.8027601838111877,0.9987958669662476,0.9975034594535828
Liver,9,phase1_hard,ungood/img/10_430.png,1,0.802558958530426,0.9977313876152039,0.9967260956764221
Liver,9,phase1_hard,ungood/img/10_431.png,1,0.8070826530456543,0.997337281703949,0.9949634671211243
Liver,9,phase1_hard,ungood/img/10_433.png,1,0.8051981329917908,0.9939298629760742,0.9845781922340393
Liver,9,phase1_hard,ungood/img/10_434.png,1,0.7922148704528809,0.9941347241401672,0.982338547706604
Liver,9,phase1_hard,ungood/img/10_457.png,1,0.7919858694076538,0.656905472278595,0.46119019389152527
Liver,9,phase1_hard,ungood/img/10_458.png,1,0.8030121922492981,0.16471944749355316,0.062260862439870834
Liver,9,phase1_hard,ungood/img/10_459.png,1,0.8172697424888611,0.4046945571899414,0.24590973556041718
Liver,9,phase1_hard,ungood/img/10_460.png,1,0.8227997422218323,0.11767492443323135,0.07073688507080078
Liver,9,phase1_hard,ungood/img/10_461.png,1,0.8186113238334656,0.12092191725969315,0.038795728236436844
Liver,9,phase1_hard,ungood/img/10_462.png,1,0.8219913244247437,0.27784398198127747,0.1693517118692398
Liver,9,phase1_hard,ungood/img/10_463.png,1,0.8192232847213745,0.6109999418258667,0.34991586208343506
Liver,9,phase1_hard,ungood/img/10_464.png,1,0.804893970489502,0.2424500584602356,0.08848323673009872
Liver,9,phase1_hard,ungood/img/10_465.png,1,0.8150301575660706,0.30519071221351624,0.11773668229579926
Liver,9,phase1_hard,ungood/img/10_466.png,1,0.8191919922828674,0.3176811635494232,0.18052269518375397
Liver,9,phase1_hard,ungood/img/10_467.png,1,0.8259508609771729,0.6579765677452087,0.5375517010688782
Liver,9,phase1_hard,ungood/img/10_468.png,1,0.8236943483352661,0.9973846077919006,0.9929385781288147
Liver,9,phase1_hard,ungood/img/10_469.png,1,0.825055718421936,0.99800044298172,0.9934146404266357
Liver,9,phase1_hard,ungood/img/10_470.png,1,0.8286268711090088,0.9848194122314453,0.9229393601417542
Liver,9,phase1_hard,ungood/img/10_471.png,1,0.8295169472694397,0.9961328506469727,0.9678760766983032
Liver,9,phase1_hard,ungood/img/10_472.png,1,0.809089720249176,0.9973564147949219,0.9561364054679871
Liver,9,phase1_hard,ungood/img/1_56.png,1,0.8259620666503906,0.8845487833023071,0.8060421943664551
Liver,9,phase1_hard,ungood/img/1_57.png,1,0.8249609470367432,0.9023861885070801,0.6497170329093933
Liver,9,phase1_hard,ungood/img/1_58.png,1,0.8304673433303833,0.9973153471946716,0.9946961998939514
Liver,9,phase1_hard,ungood/img/1_59.png,1,0.8316501975059509,0.9926676154136658,0.9864733815193176
Liver,9,phase1_hard,ungood/img/1_60.png,1,0.8342816233634949,0.9610520601272583,0.895424485206604
Liver,9,phase1_hard,ungood/img/1_61.png,1,0.8232890963554382,0.9842151999473572,0.9271140098571777
Liver,9,phase1_hard,ungood/img/1_62.png,1,0.8223597407341003,0.9398420453071594,0.8730639815330505
Liver,9,phase1_hard,ungood/img/1_63.png,1,0.8225550651550293,0.9551763534545898,0.9072571396827698
Liver,9,phase1_hard,ungood/img/1_65.png,1,0.827800989151001,0.9672871232032776,0.9008001685142517
Liver,9,phase1_hard,ungood/img/1_66.png,1,0.8268267512321472,0.9648239612579346,0.9230725169181824
Liver,9,phase1_hard,ungood/img/1_67.png,1,0.8300037384033203,0.9117398262023926,0.82332444190979
Liver,9,phase1_hard,ungood/img/1_68.png,1,0.8253102898597717,0.9027297496795654,0.8140614628791809
Liver,9,phase1_hard,ungood/img/1_69.png,1,0.8344253301620483,0.8951209187507629,0.8019484877586365
Liver,9,phase1_hard,ungood/img/1_70.png,1,0.8307909965515137,0.9913083910942078,0.9769201874732971
Liver,9,phase1_hard,ungood/img/1_71.png,1,0.8363492488861084,0.9873364567756653,0.9618170261383057
Liver,9,phase1_hard,ungood/img/2_440.png,1,0.8197026252746582,0.9055015444755554,0.8831219673156738
Liver,9,phase1_hard,ungood/img/2_441.png,1,0.8169339895248413,0.8695878386497498,0.8183162808418274
Liver,9,phase1_hard,ungood/img/2_442.png,1,0.8072947859764099,0.8379672169685364,0.7807188034057617
Liver,9,phase1_hard,ungood/img/2_443.png,1,0.8231116533279419,0.4278551936149597,0.15599246323108673
Liver,9,phase1_hard,ungood/img/2_444.png,1,0.8196753263473511,0.8980526924133301,0.7615826725959778
Liver,9,phase1_hard,ungood/img/2_445.png,1,0.824402928352356,0.7030355930328369,0.3432394862174988
Liver,9,phase1_hard,ungood/img/2_446.png,1,0.8109394907951355,0.9293466210365295,0.7847620248794556
Liver,9,phase1_hard,ungood/img/2_447.png,1,0.8227781057357788,0.6143054962158203,0.3100738227367401
Liver,9,phase1_hard,ungood/img/2_448.png,1,0.8236926794052124,0.925447940826416,0.8127987384796143
Liver,9,phase1_hard,ungood/img/2_449.png,1,0.8290908932685852,0.28534719347953796,0.0904463678598404
Liver,9,phase1_hard,ungood/img/2_450.png,1,0.83030766248703,0.09638655930757523,0.022616416215896606
Liver,9,phase1_hard,ungood/img/2_451.png,1,0.8293973803520203,0.05681735277175903,0.02166849561035633
Liver,9,phase1_hard,ungood/img/2_452.png,1,0.826260507106781,0.05188779905438423,0.011558669619262218
Liver,9,phase1_hard,ungood/img/2_453.png,1,0.8205388188362122,0.09079495072364807,0.020642977207899094
Liver,9,phase1_hard,ungood/img/2_454.png,1,0.8180312514305115,0.0735994204878807,0.01701328158378601
Liver,9,phase1_hard,ungood/img/2_456.png,1,0.8035450577735901,0.09843137115240097,0.018626438453793526
Liver,9,phase1_hard,ungood/img/2_457.png,1,0.8089038729667664,0.7780415415763855,0.3748008906841278
Liver,9,phase1_hard,ungood/img/2_458.png,1,0.8217024803161621,0.9087650179862976,0.5922521948814392
Liver,9,phase1_hard,ungood/img/2_459.png,1,0.8066942095756531,0.7888862490653992,0.42528948187828064
Liver,9,phase1_hard,ungood/img/2_460.png,1,0.8100140690803528,0.1573270857334137,0.0364563912153244
Liver,9,phase1_hard,ungood/img/2_461.png,1,0.8061483502388,0.7320303320884705,0.39430394768714905
Liver,9,phase1_hard,ungood/img/2_462.png,1,0.7918428182601929,0.9840441346168518,0.9548962712287903
Liver,9,phase1_hard,ungood/img/2_463.png,1,0.7923552989959717,0.9972047209739685,0.9943603873252869
Liver,9,phase1_hard,ungood/img/2_464.png,1,0.7925663590431213,0.7216282486915588,0.5171660780906677
Liver,9,phase1_hard,ungood/img/2_465.png,1,0.8017774224281311,0.9734978079795837,0.9054990410804749
Liver,9,phase1_hard,ungood/img/2_466.png,1,0.805110514163971,0.9830390214920044,0.9489140510559082
Liver,9,phase1_hard,ungood/img/2_467.png,1,0.8124489188194275,0.9901635050773621,0.9697896838188171
Liver,9,phase1_hard,ungood/img/2_468.png,1,0.8189713954925537,0.9765622019767761,0.9547739624977112
Liver,9,phase1_hard,ungood/img/3_356.png,1,0.44084620475769043,0.0005440794047899544,0.00024909921921789646
Liver,9,phase1_hard,ungood/img/3_357.png,1,0.44129836559295654,0.0006082376930862665,0.0002830571320373565
Liver,9,phase1_hard,ungood/img/3_358.png,1,0.4421689510345459,0.0005535861710086465,0.0003552308480720967
Liver,9,phase1_hard,ungood/img/3_359.png,1,0.43751049041748047,0.00022565634571947157,9.491878881817684e-05
Liver,9,phase1_hard,ungood/img/3_360.png,1,0.7350157499313354,0.0017653274117037654,0.0007964099058881402
Liver,9,phase1_hard,ungood/img/3_361.png,1,0.7540163993835449,0.0008285041549243033,0.000318263890221715
Liver,9,phase1_hard,ungood/img/3_362.png,1,0.7554911375045776,0.198992520570755,0.07891765981912613
Liver,9,phase1_hard,ungood/img/3_363.png,1,0.45927107334136963,0.002694979077205062,0.0013967056293040514
Liver,9,phase1_hard,ungood/img/3_364.png,1,0.4432179629802704,0.003732156241312623,0.0016082111978903413
Liver,9,phase1_hard,ungood/img/3_365.png,1,0.5380581021308899,0.0013095870381221175,0.0004192907945252955
Liver,9,phase1_hard,ungood/img/3_366.png,1,0.4558711349964142,0.00028882137848995626,0.00012684146349783987
Liver,9,phase1_hard,ungood/img/3_367.png,1,0.4779047667980194,1.5726865967735648e-05,1.0239782568532974e-05
Liver,9,phase1_hard,ungood/img/3_368.png,1,0.7781713008880615,0.0031297332607209682,0.0010594289051368833
Liver,9,phase1_hard,ungood/img/3_369.png,1,0.4579155445098877,7.17086368240416e-05,3.8011417927918956e-05
Liver,9,phase1_hard,ungood/img/3_370.png,1,0.43902692198753357,1.6869627870619297e-05,9.04556054592831e-06
Liver,9,phase1_hard,ungood/img/4_347.png,1,0.3759417235851288,1.633016779578611e-07,6.988046408196169e-08
Liver,9,phase1_hard,ungood/img/4_348.png,1,0.6700884103775024,1.1214106962142978e-05,2.441257493046578e-06
Liver,9,phase1_hard,ungood/img/4_349.png,1,0.7199171185493469,7.83472933107987e-05,1.410930144629674e-05
Liver,9,phase1_hard,ungood/img/4_350.png,1,0.7347307801246643,0.0003956811560783535,5.147747651790269e-05
Liver,9,phase1_hard,ungood/img/4_351.png,1,0.7524410486221313,0.0033692745491862297,0.000316996214678511
Liver,9,phase1_hard,ungood/img/4_352.png,1,0.7523571848869324,0.007169567048549652,0.0006349840550683439
Liver,9,phase1_hard,ungood/img/4_353.png,1,0.7588627934455872,0.06299886852502823,0.0058051422238349915
Liver,9,phase1_hard,ungood/img/4_354.png,1,0.746807873249054,0.021828720346093178,0.001954175066202879
Liver,9,phase1_hard,ungood/img/4_355.png,1,0.7498583793640137,0.0027760749217122793,0.0002435535134281963
Liver,9,phase1_hard,ungood/img/4_356.png,1,0.7350419759750366,0.028155658394098282,0.002407938940450549
Liver,9,phase1_hard,ungood/img/4_358.png,1,0.7410777807235718,0.03874676302075386,0.003104874398559332
Liver,9,phase1_hard,ungood/img/4_359.png,1,0.7412326335906982,0.22837556898593903,0.022928325459361076
Liver,9,phase1_hard,ungood/img/4_360.png,1,0.7444738149642944,0.12030712515115738,0.010866652242839336
Liver,9,phase1_hard,ungood/img/4_361.png,1,0.7489264607429504,0.18789637088775635,0.01833798922598362
Liver,9,phase1_hard,ungood/img/4_362.png,1,0.7486485242843628,0.4528282582759857,0.06448715925216675
Liver,9,phase1_hard,ungood/img/4_363.png,1,0.7530046701431274,0.25851091742515564,0.03153105825185776
Liver,9,phase1_hard,ungood/img/4_364.png,1,0.756999135017395,0.6033267974853516,0.09753238409757614
Liver,9,phase1_hard,ungood/img/4_365.png,1,0.7697287201881409,0.3152604401111603,0.0379241444170475
Liver,9,phase1_hard,ungood/img/4_366.png,1,0.7756566405296326,0.6024240851402283,0.09866384416818619
Liver,9,phase1_hard,ungood/img/4_367.png,1,0.766673743724823,0.5069011449813843,0.07934362441301346
Liver,9,phase1_hard,ungood/img/4_368.png,1,0.7588751912117004,0.5712813138961792,0.10216416418552399
Liver,9,phase1_hard,ungood/img/4_370.png,1,0.7701632976531982,0.7332527041435242,0.18106581270694733
Liver,9,phase1_hard,ungood/img/4_371.png,1,0.7730130553245544,0.679320216178894,0.1587148755788803
Liver,9,phase1_hard,ungood/img/4_372.png,1,0.7786754965782166,0.910667896270752,0.40057888627052307
Liver,9,phase1_hard,ungood/img/4_373.png,1,0.7752110362052917,0.8738710284233093,0.3611206114292145
Liver,9,phase1_hard,ungood/img/4_374.png,1,0.7882623672485352,0.9022058248519897,0.40417230129241943
Liver,9,phase1_hard,ungood/img/4_375.png,1,0.7889449000358582,0.8903115391731262,0.38249287009239197
Liver,9,phase1_hard,ungood/img/4_376.png,1,0.7911619544029236,0.41065746545791626,0.09854573756456375
Liver,9,phase1_hard,ungood/img/4_377.png,1,0.7872825860977173,0.9373819828033447,0.5126422643661499
Liver,9,phase1_hard,ungood/img/4_378.png,1,0.7941859364509583,0.9814006090164185,0.7005975246429443
Liver,9,phase1_hard,ungood/img/4_379.png,1,0.7900172472000122,0.9290642738342285,0.5010557770729065
Liver,9,phase1_hard,ungood/img/4_380.png,1,0.790695309638977,0.9608752131462097,0.6011155247688293
Liver,9,phase1_hard,ungood/img/4_381.png,1,0.7868438959121704,0.9896737337112427,0.8044533729553223
Liver,9,phase1_hard,ungood/img/4_382.png,1,0.779695451259613,0.9922189712524414,0.8666395545005798
Liver,9,phase1_hard,ungood/img/4_383.png,1,0.7845796346664429,0.9865155220031738,0.8115847706794739
Liver,9,phase1_hard,ungood/img/4_384.png,1,0.79234379529953,0.9795916676521301,0.7950757741928101
Liver,9,phase1_hard,ungood/img/4_385.png,1,0.8040719628334045,0.9716253280639648,0.7014364004135132
Liver,9,phase1_hard,ungood/img/4_386.png,1,0.793219268321991,0.9697824120521545,0.6969613432884216
Liver,9,phase1_hard,ungood/img/4_387.png,1,0.7935495972633362,0.8839752078056335,0.43362149596214294
Liver,9,phase1_hard,ungood/img/4_388.png,1,0.7956273555755615,0.9405146241188049,0.59156334400177
Liver,9,phase1_hard,ungood/img/4_389.png,1,0.7936464548110962,0.23812264204025269,0.06725087016820908
Liver,9,phase1_hard,ungood/img/4_390.png,1,0.7945355772972107,0.0006464117905125022,0.00020300375763326883
Liver,9,phase1_hard,ungood/img/4_391.png,1,0.7920804023742676,9.446883382224769e-07,3.991675896486413e-07
Liver,9,phase1_hard,ungood/img/4_392.png,1,0.794506847858429,1.9696562958415598e-05,7.549184829258593e-06
Liver,9,phase1_hard,ungood/img/4_394.png,1,0.791990339756012,0.010124149732291698,0.0024985559284687042
Liver,9,phase1_hard,ungood/img/4_395.png,1,0.7983772158622742,0.03230765461921692,0.009908806532621384
Liver,9,phase1_hard,ungood/img/4_396.png,1,0.665323793888092,3.939120506402105e-05,1.3235959158919286e-05
Liver,9,phase1_hard,ungood/img/4_397.png,1,0.7943313121795654,0.07756011933088303,0.030529892072081566
Liver,9,phase1_hard,ungood/img/4_398.png,1,0.7919901013374329,0.9319005608558655,0.7515376210212708
Liver,9,phase1_hard,ungood/img/4_400.png,1,0.7935762405395508,0.00010305846808478236,4.6204619138734415e-05
Liver,9,phase1_hard,ungood/img/4_401.png,1,0.8028281331062317,0.0013656215742230415,0.0004153386689722538
Liver,9,phase1_hard,ungood/img/4_402.png,1,0.8007003664970398,0.00011185151379322633,4.2114650568692014e-05
Liver,9,phase1_hard,ungood/img/4_403.png,1,0.6143525242805481,3.618442133301869e-05,1.9875205907737836e-05
Liver,9,phase1_hard,ungood/img/4_404.png,1,0.6902313232421875,1.886942845885642e-05,8.37591869640164e-06
Liver,9,phase1_hard,ungood/img/4_405.png,1,0.5466673970222473,1.4519631577059045e-06,6.708199862259789e-07
Liver,9,phase1_hard,ungood/img/4_406.png,1,0.7967222929000854,0.009728489443659782,0.0027584831696003675
Liver,9,phase1_hard,ungood/img/4_407.png,1,0.8063544631004333,0.09136675298213959,0.035712506622076035
Liver,9,phase1_hard,ungood/img/4_408.png,1,0.8135230541229248,0.7878631949424744,0.48463383316993713
Liver,9,phase1_hard,ungood/img/4_409.png,1,0.8103234767913818,0.8962761759757996,0.6371037364006042
Liver,9,phase1_hard,ungood/img/4_410.png,1,0.793182373046875,0.8971048593521118,0.7573471665382385
Liver,9,phase1_hard,ungood/img/4_411.png,1,0.8148748874664307,0.9760036468505859,0.9253849387168884
Liver,9,phase1_hard,ungood/img/4_412.png,1,0.8082167506217957,0.9688882231712341,0.9093881845474243
Liver,9,phase1_hard,ungood/img/4_413.png,1,0.8135536909103394,0.9882184863090515,0.9547818899154663
Liver,9,phase1_hard,ungood/img/4_414.png,1,0.8103981018066406,0.9840735197067261,0.9419885277748108
Liver,9,phase1_hard,ungood/img/4_415.png,1,0.8150656223297119,0.9873977899551392,0.9627323746681213
Liver,9,phase1_hard,ungood/img/4_416.png,1,0.8176458477973938,0.8988856077194214,0.7473171949386597
Liver,9,phase1_hard,ungood/img/4_417.png,1,0.8153373599052429,0.8958770036697388,0.7293573021888733
Liver,9,phase1_hard,ungood/img/4_418.png,1,0.8061196804046631,0.9793338179588318,0.9576898813247681
Liver,9,phase1_hard,ungood/img/4_419.png,1,0.8048423528671265,0.9925762414932251,0.9815406203269958
Liver,9,phase1_hard,ungood/img/4_420.png,1,0.8014665842056274,0.9956077933311462,0.984420120716095
Liver,9,phase1_hard,ungood/img/4_421.png,1,0.8015048503875732,0.9881354570388794,0.9679105877876282
Liver,9,phase1_hard,ungood/img/4_422.png,1,0.8015009164810181,0.9970362186431885,0.9929283857345581
Liver,9,phase1_hard,ungood/img/4_423.png,1,0.798943281173706,0.9975704550743103,0.9921542406082153
Liver,9,phase1_hard,ungood/img/4_424.png,1,0.7985377311706543,0.9936404824256897,0.9849962592124939
Liver,9,phase1_hard,ungood/img/4_425.png,1,0.7985989451408386,0.998251736164093,0.9957029819488525
Liver,9,phase1_hard,ungood/img/4_426.png,1,0.7901331186294556,0.9978692531585693,0.9948344826698303
Liver,9,phase1_hard,ungood/img/4_427.png,1,0.7924991250038147,0.9970605969429016,0.9926790595054626
Liver,9,phase1_hard,ungood/img/4_428.png,1,0.7969083786010742,0.995850682258606,0.9903308153152466
Liver,9,phase1_hard,ungood/img/4_429.png,1,0.7996431589126587,0.995750904083252,0.993449330329895
Liver,9,phase1_hard,ungood/img/4_430.png,1,0.8018123507499695,0.9940575361251831,0.9917625188827515
Liver,9,phase1_hard,ungood/img/4_431.png,1,0.7974974513053894,0.9964041709899902,0.994580864906311
Liver,9,phase1_hard,ungood/img/4_432.png,1,0.811747133731842,0.9947810769081116,0.9872962236404419
Liver,9,phase1_hard,ungood/img/4_433.png,1,0.8174318075180054,0.9950265288352966,0.9899610280990601
Liver,9,phase1_hard,ungood/img/4_434.png,1,0.8062023520469666,0.9980916380882263,0.995284914970398
Liver,9,phase1_hard,ungood/img/4_435.png,1,0.8075101375579834,0.9961391091346741,0.9912123084068298
Liver,9,phase1_hard,ungood/img/4_436.png,1,0.7986384630203247,0.9975411891937256,0.9933260083198547
Liver,9,phase1_hard,ungood/img/4_437.png,1,0.7974081635475159,0.9948358535766602,0.985434353351593
Liver,9,phase1_hard,ungood/img/4_438.png,1,0.7951877117156982,0.9978773593902588,0.9950862526893616
Liver,9,phase1_hard,ungood/img/4_439.png,1,0.8039686679840088,0.9976629018783569,0.9939939975738525
Liver,9,phase1_hard,ungood/img/4_440.png,1,0.8007791638374329,0.9940495491027832,0.9857425093650818
Liver,9,phase1_hard,ungood/img/4_441.png,1,0.7891703844070435,0.9948146939277649,0.9845635890960693
Liver,9,phase1_hard,ungood/img/4_442.png,1,0.7928647994995117,0.9961632490158081,0.989441990852356
Liver,9,phase1_hard,ungood/img/4_443.png,1,0.786472499370575,0.9974018335342407,0.9924182891845703
Liver,9,phase1_hard,ungood/img/4_444.png,1,0.7933317422866821,0.9977256655693054,0.9946172833442688
Liver,9,phase1_hard,ungood/img/4_445.png,1,0.7965657114982605,0.9965470433235168,0.993564784526825
Liver,9,phase1_hard,ungood/img/4_446.png,1,0.799346387386322,0.9962126016616821,0.9936284422874451
Liver,9,phase1_hard,ungood/img/4_447.png,1,0.8050195574760437,0.9938595294952393,0.9873167872428894
Liver,9,phase1_hard,ungood/img/4_449.png,1,0.804664671421051,0.9893069863319397,0.9747905135154724
Liver,9,phase1_hard,ungood/img/4_450.png,1,0.8020721673965454,0.9944648146629333,0.9914483428001404
Liver,9,phase1_hard,ungood/img/4_451.png,1,0.8017386198043823,0.9960460066795349,0.9927670955657959
Liver,9,phase1_hard,ungood/img/4_452.png,1,0.8014708757400513,0.9935395121574402,0.9887831807136536
Liver,9,phase1_hard,ungood/img/4_453.png,1,0.8040682673454285,0.9936872124671936,0.9909819960594177
Liver,9,phase1_hard,ungood/img/4_454.png,1,0.8066006302833557,0.9775446653366089,0.9701460599899292
Liver,9,phase1_hard,ungood/img/4_455.png,1,0.8047736287117004,0.9914228320121765,0.9868335127830505
Liver,9,phase1_hard,ungood/img/4_456.png,1,0.8097642660140991,0.9823085069656372,0.9729930758476257
Liver,9,phase1_hard,ungood/img/4_457.png,1,0.803193986415863,0.9542164206504822,0.9397183060646057
Liver,9,phase1_hard,ungood/img/4_458.png,1,0.8044846653938293,0.9808863997459412,0.9749041795730591
Liver,9,phase1_hard,ungood/img/4_459.png,1,0.8026638627052307,0.9872123599052429,0.9754830598831177
Liver,9,phase1_hard,ungood/img/4_460.png,1,0.8037186861038208,0.9931907057762146,0.9859684705734253
Liver,9,phase1_hard,ungood/img/4_461.png,1,0.8044015169143677,0.9976843595504761,0.9938009977340698
Liver,9,phase1_hard,ungood/img/4_462.png,1,0.8030295372009277,0.9978370070457458,0.994676947593689
Liver,9,phase1_hard,ungood/img/4_463.png,1,0.8025688529014587,0.9906932711601257,0.9809744954109192
Liver,9,phase1_hard,ungood/img/4_464.png,1,0.8151381015777588,0.9944085478782654,0.9892890453338623
Liver,9,phase1_hard,ungood/img/4_465.png,1,0.8150242567062378,0.9947078227996826,0.9864305257797241
Liver,9,phase1_hard,ungood/img/4_466.png,1,0.8052781820297241,0.9980875849723816,0.9940707087516785
Liver,9,phase1_hard,ungood/img/4_467.png,1,0.8056831955909729,0.9997097849845886,0.9993094205856323
Liver,9,phase1_hard,ungood/img/4_468.png,1,0.8004006743431091,0.9995860457420349,0.9991289377212524
Liver,9,phase1_hard,ungood/img/4_470.png,1,0.809532880783081,0.9997192025184631,0.9992295503616333
Liver,9,phase1_hard,ungood/img/4_472.png,1,0.802522599697113,0.9962193369865417,0.9912152886390686
Liver,9,phase1_hard,ungood/img/4_473.png,1,0.8033080101013184,0.9937083721160889,0.9878509044647217
Liver,9,phase1_hard,ungood/img/4_474.png,1,0.8099974989891052,0.9943743944168091,0.9876123070716858
Liver,9,phase1_hard,ungood/img/4_475.png,1,0.8103010654449463,0.9915686249732971,0.9848684072494507
Liver,9,phase1_hard,ungood/img/4_476.png,1,0.8074362874031067,0.9974138736724854,0.9947792887687683
Liver,9,phase1_hard,ungood/img/4_477.png,1,0.8103611469268799,0.9991604089736938,0.9979947805404663
Liver,9,phase1_hard,ungood/img/4_478.png,1,0.8134786486625671,0.998839795589447,0.9970979690551758
Liver,9,phase1_hard,ungood/img/4_479.png,1,0.8128601908683777,0.9986870884895325,0.997355043888092
Liver,9,phase1_hard,ungood/img/4_480.png,1,0.8129146695137024,0.9993429780006409,0.9985011219978333
Liver,9,phase1_hard,ungood/img/4_481.png,1,0.8090925812721252,0.9991864562034607,0.9978358745574951
Liver,9,phase1_hard,ungood/img/4_483.png,1,0.8168940544128418,0.9964988231658936,0.993249773979187
Liver,9,phase1_hard,ungood/img/4_484.png,1,0.8157837390899658,0.9954879879951477,0.993209719657898
Liver,9,phase1_hard,ungood/img/4_485.png,1,0.8149760365486145,0.9967449903488159,0.994388222694397
Liver,9,phase1_hard,ungood/img/4_486.png,1,0.8211621046066284,0.9306075572967529,0.8851006627082825
Liver,9,phase1_hard,ungood/img/4_488.png,1,0.8243009448051453,0.7187556028366089,0.4629614055156708
Liver,9,phase1_hard,ungood/img/4_489.png,1,0.8273991942405701,0.9515171051025391,0.8967481851577759
Liver,9,phase1_hard,ungood/img/4_490.png,1,0.8268353939056396,0.8952060341835022,0.7622056007385254
Liver,9,phase1_hard,ungood/img/4_491.png,1,0.82108473777771,0.9467328786849976,0.8684043884277344
Liver,9,phase1_hard,ungood/img/4_492.png,1,0.8224007487297058,0.9195161461830139,0.8507995009422302
Liver,9,phase1_hard,ungood/img/4_494.png,1,0.8279004693031311,0.8715471029281616,0.8212651610374451
Liver,9,phase1_hard,ungood/img/4_495.png,1,0.824474573135376,0.9116452932357788,0.8664564490318298
Liver,9,phase1_hard,ungood/img/4_496.png,1,0.824704647064209,0.9743276238441467,0.9463530778884888
Liver,9,phase1_hard,ungood/img/4_497.png,1,0.8228535056114197,0.9602727890014648,0.8977196216583252
Liver,9,phase1_hard,ungood/img/4_498.png,1,0.822858452796936,0.9919048547744751,0.9805831909179688
Liver,9,phase1_hard,ungood/img/4_499.png,1,0.8218697309494019,0.9878460764884949,0.9763012528419495
Liver,9,phase1_hard,ungood/img/4_500.png,1,0.8210025429725647,0.9561325907707214,0.8879683613777161
Liver,9,phase1_hard,ungood/img/4_501.png,1,0.8138352632522583,0.9646841883659363,0.9373177289962769
Liver,9,phase1_hard,ungood/img/4_502.png,1,0.8071808218955994,0.9229276180267334,0.8697049617767334
Liver,9,phase1_hard,ungood/img/4_503.png,1,0.8090565204620361,0.9155731797218323,0.7998692989349365
Liver,9,phase1_hard,ungood/img/4_505.png,1,0.8106083273887634,0.9626509547233582,0.9319674372673035
Liver,9,phase1_hard,ungood/img/4_506.png,1,0.80914306640625,0.9699650406837463,0.9381691217422485
Liver,9,phase1_hard,ungood/img/4_507.png,1,0.8123161196708679,0.9170153737068176,0.8527994155883789
Liver,9,phase1_hard,ungood/img/4_508.png,1,0.8102362751960754,0.9597160220146179,0.912845253944397
Liver,9,phase1_hard,ungood/img/4_509.png,1,0.8099279999732971,0.9776936769485474,0.9530731439590454
Liver,9,phase1_hard,ungood/img/4_510.png,1,0.8116810321807861,0.9480711221694946,0.9053922295570374
Liver,9,phase1_hard,ungood/img/4_511.png,1,0.8086909651756287,0.9599127173423767,0.9180713891983032
Liver,9,phase1_hard,ungood/img/4_513.png,1,0.8150456547737122,0.9594553112983704,0.8823831677436829
Liver,9,phase1_hard,ungood/img/4_515.png,1,0.8120989799499512,0.975576639175415,0.9226363301277161
Liver,9,phase1_hard,ungood/img/4_516.png,1,0.8137126564979553,0.9712807536125183,0.9465808868408203
Liver,9,phase1_hard,ungood/img/4_517.png,1,0.8018346428871155,0.9261855483055115,0.8874634504318237
Liver,9,phase1_hard,ungood/img/4_518.png,1,0.8064308166503906,0.9362546801567078,0.9006717801094055
Liver,9,phase1_hard,ungood/img/4_519.png,1,0.8071408867835999,0.8376278877258301,0.7423256039619446
Liver,9,phase1_hard,ungood/img/4_520.png,1,0.8007389903068542,0.6863789558410645,0.5594750642776489
Liver,9,phase1_hard,ungood/img/4_521.png,1,0.8021444082260132,0.9339560270309448,0.8785305619239807
Liver,9,phase1_hard,ungood/img/4_522.png,1,0.8010209798812866,0.9749153852462769,0.9662210941314697
Liver,9,phase1_hard,ungood/img/4_523.png,1,0.7976825833320618,0.9615355134010315,0.9450488090515137
Liver,9,phase1_hard,ungood/img/4_524.png,1,0.7924479246139526,0.9576029777526855,0.9289771914482117
Liver,9,phase1_hard,ungood/img/4_525.png,1,0.7942888140678406,0.9153919816017151,0.8875945210456848
Liver,9,phase1_hard,ungood/img/4_527.png,1,0.7948041558265686,0.7883504033088684,0.621619701385498
Liver,9,phase1_hard,ungood/img/4_528.png,1,0.7995187044143677,0.6138304471969604,0.5331087112426758
Liver,9,phase1_hard,ungood/img/4_529.png,1,0.8022732734680176,0.9077842235565186,0.8324875235557556
Liver,9,phase1_hard,ungood/img/4_530.png,1,0.7967235445976257,0.6610735058784485,0.3859317898750305
Liver,9,phase1_hard,ungood/img/4_531.png,1,0.8036741614341736,0.90537029504776,0.8094162344932556
Liver,9,phase1_hard,ungood/img/4_533.png,1,0.8053514957427979,0.9749577045440674,0.9519568681716919
Liver,9,phase1_hard,ungood/img/4_534.png,1,0.8252851963043213,0.9716119170188904,0.9340119361877441
Liver,9,phase1_hard,ungood/img/4_535.png,1,0.8259884119033813,0.8937869668006897,0.841600775718689
Liver,9,phase1_hard,ungood/img/4_536.png,1,0.8291971683502197,0.8244609832763672,0.6734335422515869
Liver,9,phase1_hard,ungood/img/4_537.png,1,0.8201008439064026,0.8242077827453613,0.747127115726471
Liver,9,phase1_hard,ungood/img/4_538.png,1,0.811519980430603,0.9234463572502136,0.8673548102378845
Liver,9,phase1_hard,ungood/img/4_539.png,1,0.8161184191703796,0.9067917466163635,0.769374430179596
Liver,9,phase1_hard,ungood/img/4_540.png,1,0.8109603524208069,0.7964280843734741,0.6958180069923401
Liver,9,phase1_hard,ungood/img/4_541.png,1,0.8034554123878479,0.7134951949119568,0.6039372086524963
Liver,9,phase1_hard,ungood/img/4_542.png,1,0.8077588677406311,0.8263514637947083,0.7566400766372681
Liver,9,phase1_hard,ungood/img/4_543.png,1,0.8049708604812622,0.863791286945343,0.7904119491577148
Liver,9,phase1_hard,ungood/img/4_544.png,1,0.8075709939002991,0.8082143664360046,0.6720091104507446
Liver,9,phase1_hard,ungood/img/4_545.png,1,0.8060778379440308,0.782547116279602,0.6092122793197632
Liver,9,phase1_hard,ungood/img/4_546.png,1,0.7883976697921753,0.3283005356788635,0.18429386615753174
Liver,9,phase1_hard,ungood/img/4_547.png,1,0.7891699075698853,0.5433493852615356,0.3547990024089813
Liver,9,phase1_hard,ungood/img/4_549.png,1,0.7866827249526978,0.033427294343709946,0.01611224189400673
Liver,9,phase1_hard,ungood/img/4_550.png,1,0.7828803062438965,0.07881534844636917,0.03754114359617233
Liver,9,phase1_hard,ungood/img/4_551.png,1,0.6079431176185608,0.014637745916843414,0.007160401437431574
Liver,9,phase1_hard,ungood/img/4_552.png,1,0.6436262726783752,0.010033538565039635,0.004329216666519642
Liver,9,phase1_hard,ungood/img/4_553.png,1,0.7521603107452393,0.010890553705394268,0.005423001479357481
Liver,9,phase1_hard,ungood/img/4_554.png,1,0.6491734981536865,0.004842555150389671,0.0032048162538558245
Liver,9,phase1_hard,ungood/img/4_555.png,1,0.7622103095054626,0.028008146211504936,0.014906485565006733
Liver,9,phase1_hard,ungood/img/4_556.png,1,0.5463376641273499,0.003263586200773716,0.0019886414520442486
Liver,9,phase1_hard,ungood/img/4_558.png,1,0.8111643195152283,0.9920651316642761,0.9864354729652405
Liver,9,phase1_hard,ungood/img/4_559.png,1,0.8120983242988586,0.9970904588699341,0.9951983094215393
Liver,9,phase1_hard,ungood/img/4_560.png,1,0.8210000991821289,0.9885016679763794,0.9849194884300232
Liver,9,phase1_hard,ungood/img/4_561.png,1,0.8168903589248657,0.9920558333396912,0.9898802042007446
Liver,9,phase1_hard,ungood/img/4_562.png,1,0.8330293297767639,0.9967792630195618,0.9958505034446716
Liver,9,phase1_hard,ungood/img/4_563.png,1,0.8244268298149109,0.9979332685470581,0.9940205812454224
Liver,9,phase1_hard,ungood/img/4_564.png,1,0.8229289054870605,0.7632510662078857,0.47679081559181213
Liver,9,phase1_hard,ungood/img/4_566.png,1,0.7804009914398193,0.9676475524902344,0.8616630434989929
Liver,9,phase1_hard,ungood/img/4_567.png,1,0.7704057693481445,0.9941422343254089,0.9832243323326111
Liver,9,phase1_hard,ungood/img/4_568.png,1,0.7684757709503174,0.9922553300857544,0.9620057344436646
Liver,9,phase1_hard,ungood/img/4_569.png,1,0.782141387462616,0.9775850176811218,0.9182436466217041
Liver,9,phase1_hard,ungood/img/4_570.png,1,0.7775744795799255,0.9455826878547668,0.7912040948867798
Liver,9,phase1_hard,ungood/img/4_571.png,1,0.7745668888092041,0.7809785604476929,0.4515957534313202
Liver,9,phase1_hard,ungood/img/4_572.png,1,0.7657415270805359,0.879504919052124,0.4751113951206207
Liver,9,phase1_hard,ungood/img/4_573.png,1,0.7779896259307861,0.0989948958158493,0.018667135387659073
Liver,9,phase1_hard,ungood/img/4_574.png,1,0.7739328145980835,0.000378651253413409,0.00013741668954025954
Liver,9,phase1_hard,ungood/img/4_575.png,1,0.786772608757019,0.19982169568538666,0.04417242109775543
Liver,9,phase1_hard,ungood/img/4_576.png,1,0.7884540557861328,0.06021394580602646,0.01628049463033676
Liver,9,phase1_hard,ungood/img/4_577.png,1,0.7854856848716736,0.01166982389986515,0.002230038633570075
Liver,9,phase1_hard,ungood/img/4_578.png,1,0.793176531791687,0.9850157499313354,0.8337908387184143
Liver,9,phase1_hard,ungood/img/4_579.png,1,0.7977301478385925,0.9736668467521667,0.7953551411628723
Liver,9,phase1_hard,ungood/img/4_580.png,1,0.7981289029121399,0.9015622138977051,0.5518757104873657
Liver,9,phase1_hard,ungood/img/4_581.png,1,0.7881009578704834,0.8884972333908081,0.45975926518440247
Liver,9,phase1_hard,ungood/img/4_582.png,1,0.7921485900878906,0.6173382997512817,0.20414850115776062
Liver,9,phase1_hard,ungood/img/4_583.png,1,0.778430163860321,0.1598949134349823,0.031153671443462372
Liver,9,phase1_hard,ungood/img/4_584.png,1,0.7909935116767883,0.9056956171989441,0.4657551944255829
Liver,9,phase1_hard,ungood/img/4_585.png,1,0.7697126865386963,0.6500015258789062,0.141459122300148
Liver,9,phase1_hard,ungood/img/4_586.png,1,0.7565478682518005,0.02906777709722519,0.003967164549976587
Liver,9,phase1_hard,ungood/img/4_587.png,1,0.7577902674674988,0.015699023380875587,0.002123060403391719
Liver,9,phase1_hard,ungood/img/4_588.png,1,0.7597571611404419,0.6107260584831238,0.10976770520210266
Liver,9,phase1_hard,ungood/img/4_589.png,1,0.7153645157814026,0.00022338569397106767,4.074893513461575e-05
Liver,9,phase1_hard,ungood/img/5_451.png,1,0.8108634948730469,0.9985806941986084,0.9972105622291565
Liver,9,phase1_hard,ungood/img/5_452.png,1,0.8073250651359558,0.9976577758789062,0.9959549307823181
Liver,9,phase1_hard,ungood/img/5_453.png,1,0.814094603061676,0.9962931275367737,0.9937191009521484
Liver,9,phase1_hard,ungood/img/5_454.png,1,0.8061429858207703,0.997485876083374,0.9951232075691223
Liver,9,phase1_hard,ungood/img/5_456.png,1,0.8019196391105652,0.986028254032135,0.9812918901443481
Liver,9,phase1_hard,ungood/img/5_457.png,1,0.8104060888290405,0.9933764338493347,0.9905034303665161
Liver,9,phase1_hard,ungood/img/5_458.png,1,0.7888627052307129,0.9851084351539612,0.9775612354278564
Liver,9,phase1_hard,ungood/img/5_459.png,1,0.7978609800338745,0.9960501790046692,0.9932684898376465
Liver,9,phase1_hard,ungood/img/5_460.png,1,0.8012610077857971,0.988129198551178,0.9817237257957458
Liver,9,phase1_hard,ungood/img/5_461.png,1,0.8002768158912659,0.9726871848106384,0.9558936953544617
Liver,9,phase1_hard,ungood/img/6_336.png,1,0.5746979713439941,3.219927384634502e-05,7.486290087399539e-06
Liver,9,phase1_hard,ungood/img/6_337.png,1,0.6485949754714966,3.8358019082807004e-05,7.773978722980246e-06
Liver,9,phase1_hard,ungood/img/6_338.png,1,0.760329008102417,0.02123166434466839,0.002621721476316452
Liver,9,phase1_hard,ungood/img/6_341.png,1,0.7623057961463928,0.05923157185316086,0.007651227992027998
Liver,9,phase1_hard,ungood/img/6_342.png,1,0.7700435519218445,0.05136466398835182,0.012011130340397358
Liver,9,phase1_hard,ungood/img/6_343.png,1,0.7799434661865234,0.01026066206395626,0.002447707112878561
Liver,9,phase1_hard,ungood/img/6_344.png,1,0.7684391736984253,0.009199750609695911,0.0017946511507034302
Liver,9,phase1_hard,ungood/img/6_345.png,1,0.7737997174263,0.02259720303118229,0.00453333230689168
Liver,9,phase1_hard,ungood/img/6_346.png,1,0.783649206161499,0.06960493326187134,0.012571394443511963
Liver,9,phase1_hard,ungood/img/6_347.png,1,0.7758738398551941,0.060642074793577194,0.01156649086624384
Liver,9,phase1_hard,ungood/img/6_348.png,1,0.7783511877059937,0.12252979725599289,0.02897229604423046
Liver,9,phase1_hard,ungood/img/6_351.png,1,0.7868188619613647,0.5888115167617798,0.20763766765594482
Liver,9,phase1_hard,ungood/img/6_354.png,1,0.7687714695930481,0.2300129234790802,0.06727821379899979
Liver,9,phase1_hard,ungood/img/6_355.png,1,0.781926155090332,0.005106209311634302,0.0008303596987389028
Liver,9,phase1_hard,ungood/img/6_356.png,1,0.7736239433288574,0.004307350143790245,0.000793035258539021
Liver,9,phase1_hard,ungood/img/6_357.png,1,0.7736396789550781,0.012180757708847523,0.0020887975115329027
Liver,9,phase1_hard,ungood/img/6_358.png,1,0.7785677909851074,0.013203325681388378,0.002767008962109685
Liver,9,phase1_hard,ungood/img/6_359.png,1,0.7724971175193787,0.0112935034558177,0.0019398161675781012
Liver,9,phase1_hard,ungood/img/6_360.png,1,0.7754449844360352,0.00847120862454176,0.0014995259698480368
Liver,9,phase1_hard,ungood/img/6_361.png,1,0.7740073204040527,0.03638507425785065,0.0075300647877156734
Liver,9,phase1_hard,ungood/img/6_362.png,1,0.7847456932067871,0.2844487726688385,0.06781966984272003
Liver,9,phase1_hard,ungood/img/6_363.png,1,0.776093602180481,0.1808290332555771,0.04085463657975197
Liver,9,phase1_hard,ungood/img/6_365.png,1,0.7724517583847046,0.9669246673583984,0.818449079990387
Liver,9,phase1_hard,ungood/img/6_366.png,1,0.7803274989128113,0.6737732291221619,0.37249091267585754
Liver,9,phase1_hard,ungood/img/6_367.png,1,0.7730435132980347,0.25158193707466125,0.08167804777622223
Liver,9,phase1_hard,ungood/img/6_368.png,1,0.7791035771369934,0.008664977736771107,0.004118567798286676
Liver,9,phase1_hard,ungood/img/6_369.png,1,0.7842726111412048,0.09593231230974197,0.03410372510552406
Liver,9,phase1_hard,ungood/img/6_370.png,1,0.7872817516326904,0.18622098863124847,0.09541875869035721
Liver,9,phase1_hard,ungood/img/6_371.png,1,0.7834911942481995,0.9319718480110168,0.8722684383392334
Liver,9,phase1_hard,ungood/img/6_372.png,1,0.769494891166687,0.7530753016471863,0.4134100377559662
Liver,9,phase1_hard,ungood/img/6_373.png,1,0.7642917037010193,0.46864044666290283,0.21222761273384094
Liver,9,phase1_hard,ungood/img/6_374.png,1,0.7720097303390503,0.2909610867500305,0.1591145098209381
Liver,9,phase1_hard,ungood/img/6_375.png,1,0.7704935669898987,0.664585292339325,0.4416394829750061
Liver,9,phase1_hard,ungood/img/6_376.png,1,0.7602835297584534,0.06446738541126251,0.016248803585767746
Liver,9,phase1_hard,ungood/img/6_377.png,1,0.765963077545166,0.034429509192705154,0.01492531318217516
Liver,9,phase1_hard,ungood/img/6_378.png,1,0.767959713935852,0.12953388690948486,0.0682121068239212
Liver,9,phase1_hard,ungood/img/6_379.png,1,0.7673067450523376,0.013774024322628975,0.0037739898543804884
Liver,9,phase1_hard,ungood/img/6_380.png,1,0.7727038860321045,0.20749670267105103,0.09827890247106552
Liver,9,phase1_hard,ungood/img/6_381.png,1,0.7707244157791138,0.2426050752401352,0.07949904352426529
Liver,9,phase1_hard,ungood/img/6_382.png,1,0.7782160639762878,0.078996442258358,0.01841544359922409
Liver,9,phase1_hard,ungood/img/6_383.png,1,0.7774759531021118,0.4962090849876404,0.20067836344242096
Liver,9,phase1_hard,ungood/img/6_384.png,1,0.7764548659324646,0.8045519590377808,0.5923014283180237
Liver,9,phase1_hard,ungood/img/6_386.png,1,0.7819924354553223,0.02505306899547577,0.0059576742351055145
Liver,9,phase1_hard,ungood/img/6_387.png,1,0.7775269746780396,0.02171645127236843,0.0059885610826313496
Liver,9,phase1_hard,ungood/img/6_389.png,1,0.7943500280380249,0.29859480261802673,0.07936148345470428
Liver,9,phase1_hard,ungood/img/6_390.png,1,0.7870782613754272,0.7094707489013672,0.4802234172821045
Liver,9,phase1_hard,ungood/img/6_392.png,1,0.7793266177177429,0.1953323930501938,0.04343064874410629
Liver,9,phase1_hard,ungood/img/6_393.png,1,0.7782135009765625,0.19827811419963837,0.055756911635398865
Liver,9,phase1_hard,ungood/img/6_394.png,1,0.7814432978630066,0.13946643471717834,0.04569277539849281
Liver,9,phase1_hard,ungood/img/6_395.png,1,0.7737783193588257,0.24359983205795288,0.12594297528266907
Liver,9,phase1_hard,ungood/img/6_396.png,1,0.7818459272384644,0.056228067725896835,0.017782539129257202
Liver,9,phase1_hard,ungood/img/6_399.png,1,0.7869720458984375,0.7911326885223389,0.5252763628959656
Liver,9,phase1_hard,ungood/img/6_400.png,1,0.7724677920341492,0.22156786918640137,0.0727619007229805
Liver,9,phase1_hard,ungood/img/6_401.png,1,0.767906129360199,0.9721205234527588,0.8639360070228577
Liver,9,phase1_hard,ungood/img/6_446.png,1,0.8127405643463135,0.997751772403717,0.9963109493255615
Liver,9,phase1_hard,ungood/img/6_447.png,1,0.8160693049430847,0.9979962706565857,0.9957326650619507
Liver,9,phase1_hard,ungood/img/6_448.png,1,0.7991406321525574,0.997663140296936,0.9939548969268799
Liver,9,phase1_hard,ungood/img/6_449.png,1,0.8037746548652649,0.9939956068992615,0.9863063097000122
Liver,9,phase1_hard,ungood/img/6_450.png,1,0.7986642122268677,0.9699984788894653,0.9486814737319946
Liver,9,phase1_hard,ungood/img/6_451.png,1,0.8052160739898682,0.9519903063774109,0.9234090447425842
Liver,9,phase1_hard,ungood/img/6_463.png,1,0.8206428289413452,0.9820842146873474,0.9660077691078186
Liver,9,phase1_hard,ungood/img/6_464.png,1,0.825362503528595,0.9090445041656494,0.8206503391265869
Liver,9,phase1_hard,ungood/img/6_465.png,1,0.8271521329879761,0.9711352586746216,0.9516488909721375
Liver,9,phase1_hard,ungood/img/6_466.png,1,0.8168841600418091,0.9029258489608765,0.8337267637252808
Liver,9,phase1_hard,ungood/img/6_467.png,1,0.8136263489723206,0.8512874841690063,0.6371716856956482
Liver,9,phase1_hard,ungood/img/6_469.png,1,0.8136278986930847,0.2043815702199936,0.06509290635585785
Liver,9,phase1_hard,ungood/img/6_471.png,1,0.8106464743614197,0.9198402166366577,0.7957749366760254
Liver,9,phase1_hard,ungood/img/6_472.png,1,0.8207093477249146,0.9723395705223083,0.951788067817688
Liver,9,phase1_hard,ungood/img/6_473.png,1,0.8161482810974121,0.7820990085601807,0.6526498794555664
Liver,9,phase1_hard,ungood/img/6_475.png,1,0.8156890869140625,0.24431659281253815,0.12322511523962021
Liver,9,phase1_hard,ungood/img/6_476.png,1,0.8156259655952454,0.18594539165496826,0.06663878262042999
Liver,9,phase1_hard,ungood/img/6_477.png,1,0.8163321614265442,0.2854708135128021,0.11687320470809937
Liver,9,phase1_hard,ungood/img/6_478.png,1,0.8182312250137329,0.881044328212738,0.7313218116760254
Liver,9,phase1_hard,ungood/img/6_479.png,1,0.8161563277244568,0.9771943688392639,0.9469369649887085
Liver,9,phase1_hard,ungood/img/6_480.png,1,0.8016020059585571,0.9931760430335999,0.977085530757904
Liver,9,phase1_hard,ungood/img/6_481.png,1,0.8136662244796753,0.9957999587059021,0.9878213405609131
Liver,9,phase1_hard,ungood/img/7_359.png,1,0.4488547146320343,9.693203901406378e-05,4.036731843370944e-05
Liver,9,phase1_hard,ungood/img/7_360.png,1,0.5689721703529358,0.0004283167945686728,0.00019807156058959663
Liver,9,phase1_hard,ungood/img/7_361.png,1,0.7589786052703857,0.031082352623343468,0.008928565308451653
Liver,9,phase1_hard,ungood/img/7_362.png,1,0.761074423789978,0.21178995072841644,0.05900195613503456
Liver,9,phase1_hard,ungood/img/7_363.png,1,0.7649171948432922,0.17285996675491333,0.03533732146024704
Liver,9,phase1_hard,ungood/img/7_364.png,1,0.7722185254096985,0.11438026279211044,0.026831744238734245
Liver,9,phase1_hard,ungood/img/7_365.png,1,0.7702488899230957,0.26390740275382996,0.05210769549012184
Liver,9,phase1_hard,ungood/img/7_366.png,1,0.7776182293891907,0.24098771810531616,0.0700780376791954
Liver,9,phase1_hard,ungood/img/7_367.png,1,0.7777833938598633,0.26535263657569885,0.06596680730581284
Liver,9,phase1_hard,ungood/img/7_368.png,1,0.7717599272727966,0.09798011928796768,0.025918371975421906
Liver,9,phase1_hard,ungood/img/7_369.png,1,0.7569893598556519,0.006100088823586702,0.0010432763956487179
Liver,9,phase1_hard,ungood/img/7_370.png,1,0.7653650641441345,0.23712940514087677,0.060335684567689896
Liver,9,phase1_hard,ungood/img/7_371.png,1,0.7639834880828857,0.4864559471607208,0.13708935678005219
Liver,9,phase1_hard,ungood/img/7_372.png,1,0.7766453623771667,0.9364935159683228,0.7244693636894226
Liver,9,phase1_hard,ungood/img/7_373.png,1,0.7618264555931091,0.9778448343276978,0.8763294816017151
Liver,9,phase1_hard,ungood/img/7_374.png,1,0.7670583128929138,0.7572769522666931,0.3124137818813324
Liver,9,phase1_hard,ungood/img/7_375.png,1,0.7679734826087952,0.6323956847190857,0.1840629130601883
Liver,9,phase1_hard,ungood/img/7_376.png,1,0.7763493061065674,0.8743628263473511,0.46942389011383057
Liver,9,phase1_hard,ungood/img/7_377.png,1,0.7725545763969421,0.550496518611908,0.21139419078826904
Liver,9,phase1_hard,ungood/img/7_378.png,1,0.769756019115448,0.5252083539962769,0.1352255791425705
Liver,9,phase1_hard,ungood/img/7_379.png,1,0.7789404988288879,0.4813475012779236,0.11656391620635986
Liver,9,phase1_hard,ungood/img/7_380.png,1,0.7665156722068787,0.48537564277648926,0.17228008806705475
Liver,9,phase1_hard,ungood/img/7_382.png,1,0.7637354731559753,0.3197992146015167,0.06633590906858444
Liver,9,phase1_hard,ungood/img/7_383.png,1,0.7569485902786255,0.31493809819221497,0.12268948554992676
Liver,9,phase1_hard,ungood/img/7_384.png,1,0.7629102468490601,0.05741547420620918,0.024217460304498672
Liver,9,phase1_hard,ungood/img/7_385.png,1,0.7661677002906799,0.6539998054504395,0.4739958345890045
Liver,9,phase1_hard,ungood/img/7_386.png,1,0.7733502984046936,0.2653579115867615,0.1336936056613922
Liver,9,phase1_hard,ungood/img/7_387.png,1,0.7707849740982056,0.6168553829193115,0.24923637509346008
Liver,9,phase1_hard,ungood/img/7_388.png,1,0.7731982469558716,0.18798968195915222,0.0723077803850174
Liver,9,phase1_hard,ungood/img/7_389.png,1,0.7630047798156738,0.27950215339660645,0.16858018934726715
Liver,9,phase1_hard,ungood/img/7_390.png,1,0.7639214992523193,0.6472197771072388,0.4650764465332031
Liver,9,phase1_hard,ungood/img/7_392.png,1,0.7684405446052551,0.6173579692840576,0.4154645800590515
Liver,9,phase1_hard,ungood/img/7_393.png,1,0.765125572681427,0.961416482925415,0.9155679941177368
Liver,9,phase1_hard,ungood/img/7_394.png,1,0.7707285284996033,0.9723979830741882,0.9125751256942749
Liver,9,phase1_hard,ungood/img/7_396.png,1,0.7549724578857422,0.36921417713165283,0.16550737619400024
Liver,9,phase1_hard,ungood/img/7_398.png,1,0.7708339095115662,0.09202397614717484,0.03903147205710411
Liver,9,phase1_hard,ungood/img/7_399.png,1,0.7736719846725464,0.08028280735015869,0.02905123680830002
Liver,9,phase1_hard,ungood/img/7_400.png,1,0.763672947883606,0.05851977691054344,0.013963955454528332
Liver,9,phase1_hard,ungood/img/7_401.png,1,0.7785200476646423,0.38231635093688965,0.12844257056713104
Liver,9,phase1_hard,ungood/img/7_402.png,1,0.7780717611312866,0.836632251739502,0.6030817627906799
Liver,9,phase1_hard,ungood/img/7_403.png,1,0.7733120918273926,0.8404079079627991,0.5722471475601196
Liver,9,phase1_hard,ungood/img/7_404.png,1,0.7705395817756653,0.16061584651470184,0.030046047642827034
Liver,9,phase1_hard,ungood/img/7_405.png,1,0.7767500281333923,0.14172931015491486,0.03397110104560852
Liver,9,phase1_hard,ungood/img/7_406.png,1,0.7779865264892578,0.0009346232400275767,0.0002254881546832621
Liver,9,phase1_hard,ungood/img/7_407.png,1,0.7755087018013,0.003308816347271204,0.0007100927759893239
Liver,9,phase1_hard,ungood/img/7_408.png,1,0.7724972367286682,0.07571519911289215,0.012139406986534595
Liver,9,phase1_hard,ungood/img/7_409.png,1,0.672338604927063,0.0003569333639461547,8.852924656821415e-05
Liver,9,phase1_hard,ungood/img/7_410.png,1,0.7658513188362122,0.000247972464421764,9.500537271378562e-05
Liver,9,phase1_hard,ungood/img/7_411.png,1,0.766369640827179,0.0017329752445220947,0.0007055308669805527
Liver,9,phase1_hard,ungood/img/7_412.png,1,0.7635365724563599,0.0009340112446807325,0.0002924263826571405
Liver,9,phase1_hard,ungood/img/7_413.png,1,0.76537024974823,0.09460197389125824,0.0409652478992939
Liver,9,phase1_hard,ungood/img/7_414.png,1,0.6251556277275085,0.004177431110292673,0.00210543698631227
Liver,9,phase1_hard,ungood/img/7_415.png,1,0.7796792387962341,0.0005316036404110491,0.0002524938608985394
Liver,9,phase1_hard,ungood/img/7_416.png,1,0.7888909578323364,0.03965921327471733,0.014076032675802708
Liver,9,phase1_hard,ungood/img/7_417.png,1,0.7295988202095032,0.004384201020002365,0.0014930183533579111
Liver,9,phase1_hard,ungood/img/7_458.png,1,0.802052915096283,0.9915267825126648,0.9878868460655212
Liver,9,phase1_hard,ungood/img/7_459.png,1,0.7978196740150452,0.994213879108429,0.9891029000282288
Liver,9,phase1_hard,ungood/img/7_460.png,1,0.8128220438957214,0.9938487410545349,0.9818558096885681
Liver,9,phase1_hard,ungood/img/7_461.png,1,0.8132951259613037,0.995200514793396,0.9889203310012817
Liver,9,phase1_hard,ungood/img/7_462.png,1,0.8136817216873169,0.9818331599235535,0.9681103825569153
Liver,9,phase1_hard,ungood/img/7_463.png,1,0.8101232051849365,0.9204264283180237,0.8784100413322449
Liver,9,phase1_hard,ungood/img/7_464.png,1,0.8034818768501282,0.9422401785850525,0.9248710870742798
Liver,9,phase1_hard,ungood/img/7_475.png,1,0.8226537108421326,0.950946569442749,0.9231072664260864
Liver,9,phase1_hard,ungood/img/7_476.png,1,0.8190503716468811,0.9248591065406799,0.8845354914665222
Liver,9,phase1_hard,ungood/img/7_477.png,1,0.8146181106567383,0.1314600259065628,0.05145745351910591
Liver,9,phase1_hard,ungood/img/7_478.png,1,0.8178098797798157,0.855017364025116,0.6379616260528564
Liver,9,phase1_hard,ungood/img/7_479.png,1,0.8057939410209656,0.005160670727491379,0.0014249349478632212
Liver,9,phase1_hard,ungood/img/7_480.png,1,0.8251461386680603,0.038234662264585495,0.011882048100233078
Liver,9,phase1_hard,ungood/img/7_481.png,1,0.8188555836677551,0.08338548988103867,0.04165859892964363
Liver,9,phase1_hard,ungood/img/7_482.png,1,0.8100336194038391,0.27972710132598877,0.14003954827785492
Liver,9,phase1_hard,ungood/img/7_483.png,1,0.8179424405097961,0.06386910378932953,0.02224396914243698
Liver,9,phase1_hard,ungood/img/7_484.png,1,0.8168303370475769,0.04147474467754364,0.02064126543700695
Liver,9,phase1_hard,ungood/img/7_485.png,1,0.8172597289085388,0.000923384737689048,0.0003310515603516251
Liver,9,phase1_hard,ungood/img/7_486.png,1,0.8217203617095947,0.004636711440980434,0.0022298505064100027
Liver,9,phase1_hard,ungood/img/7_487.png,1,0.8264757394790649,0.000655929499771446,0.0003792456700466573
Liver,9,phase1_hard,ungood/img/7_488.png,1,0.8159471154212952,5.246627551969141e-05,2.031283474934753e-05
Liver,9,phase1_hard,ungood/img/7_489.png,1,0.818055272102356,0.6942058801651001,0.3514128625392914
Liver,9,phase1_hard,ungood/img/7_491.png,1,0.8201677799224854,0.9003667235374451,0.739365816116333
Liver,9,phase1_hard,ungood/img/8_367.png,1,0.7358746528625488,0.005109485704451799,0.0008360663778148592
Liver,9,phase1_hard,ungood/img/8_368.png,1,0.7661696672439575,0.0190262608230114,0.00254155695438385
Liver,9,phase1_hard,ungood/img/8_369.png,1,0.7496969699859619,0.09695050865411758,0.013067826628684998
Liver,9,phase1_hard,ungood/img/8_370.png,1,0.7588436007499695,0.27598634362220764,0.04604949429631233
Liver,9,phase1_hard,ungood/img/8_371.png,1,0.7610870599746704,0.005762658081948757,0.00108227354940027
Liver,9,phase1_hard,ungood/img/8_372.png,1,0.758055567741394,0.001077878288924694,0.0003049572987947613
Liver,9,phase1_hard,ungood/img/8_373.png,1,0.7724617123603821,0.10152644664049149,0.02078109234571457
Liver,9,phase1_hard,ungood/img/8_375.png,1,0.4795699119567871,0.0002780980139505118,6.702373502776027e-05
Liver,9,phase1_hard,ungood/img/8_377.png,1,0.7802479267120361,0.9673390984535217,0.8224310278892517
Liver,9,phase1_hard,ungood/img/8_379.png,1,0.7696616053581238,0.11706947535276413,0.026607194915413857
Liver,9,phase1_hard,ungood/img/8_380.png,1,0.7773022651672363,0.24241070449352264,0.05789156258106232
Liver,9,phase1_hard,ungood/img/8_381.png,1,0.781028151512146,0.005834268406033516,0.001371805090457201
Liver,9,phase1_hard,ungood/img/8_382.png,1,0.7869823575019836,0.944179356098175,0.6749734878540039
Liver,9,phase1_hard,ungood/img/8_383.png,1,0.7949503660202026,0.5621907114982605,0.18961438536643982
Liver,9,phase1_hard,ungood/img/8_385.png,1,0.8041826486587524,0.8891199827194214,0.6010425686836243
Liver,9,phase1_hard,ungood/img/8_386.png,1,0.7980825901031494,0.6774781346321106,0.3395655155181885
Liver,9,phase1_hard,ungood/img/8_387.png,1,0.7893587946891785,0.798682451248169,0.3853653371334076
Liver,9,phase1_hard,ungood/img/8_389.png,1,0.7854229807853699,0.9108191728591919,0.6956942677497864
Liver,9,phase1_hard,ungood/img/8_390.png,1,0.7813422679901123,0.9936595559120178,0.9797508716583252
Liver,9,phase1_hard,ungood/img/8_391.png,1,0.7777576446533203,0.953869640827179,0.8274468183517456
Liver,9,phase1_hard,ungood/img/8_392.png,1,0.7770599126815796,0.7817436456680298,0.48510655760765076
Liver,9,phase1_hard,ungood/img/8_393.png,1,0.7786499857902527,0.6347062587738037,0.3981953561306
Liver,9,phase1_hard,ungood/img/8_394.png,1,0.7719421982765198,0.9616739749908447,0.895875871181488
Liver,9,phase1_hard,ungood/img/8_395.png,1,0.7726382613182068,0.9529632925987244,0.891478955745697
Liver,9,phase1_hard,ungood/img/8_396.png,1,0.7610501646995544,0.9784846901893616,0.9522640705108643
Liver,9,phase1_hard,ungood/img/8_397.png,1,0.7735887765884399,0.5509235262870789,0.2846100330352783
Liver,9,phase1_hard,ungood/img/8_398.png,1,0.7790659070014954,0.8119136095046997,0.5663843154907227
Liver,9,phase1_hard,ungood/img/8_399.png,1,0.7703193426132202,0.9213447570800781,0.7756709456443787
Liver,9,phase1_hard,ungood/img/8_400.png,1,0.802971363067627,0.9567272067070007,0.8866292238235474
Liver,9,phase1_hard,ungood/img/8_401.png,1,0.806412398815155,0.12009172886610031,0.042333368211984634
Liver,9,phase1_hard,ungood/img/8_408.png,1,0.8004832863807678,0.1668403595685959,0.08099587261676788
Liver,9,phase1_hard,ungood/img/8_409.png,1,0.7973159551620483,0.09881959110498428,0.047622665762901306
Liver,9,phase1_hard,ungood/img/8_410.png,1,0.7940428256988525,0.4416021704673767,0.19470028579235077
Liver,9,phase1_hard,ungood/img/8_411.png,1,0.7931436896324158,0.028885293751955032,0.010331290774047375
Liver,9,phase1_hard,ungood/img/8_412.png,1,0.7963075041770935,0.9930604696273804,0.9739233255386353
Liver,9,phase1_hard,ungood/img/8_413.png,1,0.7913870811462402,0.09511873126029968,0.022885769605636597
Liver,9,phase1_hard,ungood/img/8_414.png,1,0.7967157959938049,0.8815343976020813,0.6814296841621399
Liver,9,phase1_hard,ungood/img/8_415.png,1,0.7991353869438171,0.968881368637085,0.922510027885437
Liver,9,phase1_hard,ungood/img/8_416.png,1,0.7944943308830261,0.9980717301368713,0.9954009056091309
Liver,9,phase1_hard,ungood/img/8_418.png,1,0.7919453382492065,0.9956219792366028,0.9890909790992737
Liver,9,phase1_hard,ungood/img/8_419.png,1,0.7937195897102356,0.9971829652786255,0.9940925240516663
Liver,9,phase1_hard,ungood/img/8_420.png,1,0.796295166015625,0.9982069730758667,0.9971479773521423
Liver,9,phase1_hard,ungood/img/8_421.png,1,0.7923851609230042,0.9987828135490417,0.9968652129173279
Liver,9,phase1_hard,ungood/img/8_423.png,1,0.7723135352134705,0.3418519198894501,0.1533048301935196
Liver,9,phase1_hard,ungood/img/8_424.png,1,0.7716671228408813,0.1325952410697937,0.05581575259566307
Liver,9,phase1_hard,ungood/img/8_425.png,1,0.7834691405296326,0.9983434677124023,0.9950905442237854
Liver,9,phase1_hard,ungood/img/8_427.png,1,0.5650952458381653,0.009292284026741982,0.0030451619531959295
Liver,9,phase1_hard,ungood/img/8_468.png,1,0.8082672953605652,0.9979378581047058,0.994384765625
Liver,9,phase1_hard,ungood/img/8_469.png,1,0.8114147782325745,0.9995263814926147,0.9988047480583191
Liver,9,phase1_hard,ungood/img/8_470.png,1,0.8076297640800476,0.9986788630485535,0.9958879351615906
Liver,9,phase1_hard,ungood/img/8_471.png,1,0.8100826740264893,0.9940494298934937,0.9860194325447083
Liver,9,phase1_hard,ungood/img/8_472.png,1,0.8114659786224365,0.9576182961463928,0.9411559104919434
Liver,9,phase1_hard,ungood/img/8_473.png,1,0.8077517151832581,0.8356566429138184,0.7223071455955505
Liver,9,phase1_hard,ungood/img/8_474.png,1,0.8098745942115784,0.9557262659072876,0.8989783525466919
Liver,9,phase1_hard,ungood/img/8_475.png,1,0.808985710144043,0.9883378148078918,0.97525554895401
Liver,9,phase1_hard,ungood/img/8_476.png,1,0.8211404085159302,0.9633364677429199,0.9505988359451294
Liver,9,phase1_hard,ungood/img/8_477.png,1,0.8204081654548645,0.975776731967926,0.9614388942718506
Liver,9,phase1_hard,ungood/img/8_478.png,1,0.8214845657348633,0.9622182250022888,0.9465621113777161
Liver,9,phase1_hard,ungood/img/8_479.png,1,0.8232100009918213,0.8406282067298889,0.7101684808731079
Liver,9,phase1_hard,ungood/img/8_480.png,1,0.8060661554336548,0.8473116159439087,0.6468950510025024
Liver,9,phase1_hard,ungood/img/8_481.png,1,0.8126583099365234,0.9293038249015808,0.8168042302131653
Liver,9,phase1_hard,ungood/img/8_482.png,1,0.8050188422203064,0.9621990323066711,0.9185572862625122
Liver,9,phase1_hard,ungood/img/8_483.png,1,0.8160241842269897,0.9481828808784485,0.9067277312278748
Liver,9,phase1_hard,ungood/img/8_484.png,1,0.8166084885597229,0.9806371927261353,0.9723514318466187
Liver,9,phase1_hard,ungood/img/8_485.png,1,0.817814290523529,0.9674835801124573,0.9481714367866516
Liver,9,phase1_hard,ungood/img/8_487.png,1,0.8128882050514221,0.3288004398345947,0.15784209966659546
Liver,9,phase1_hard,ungood/img/8_488.png,1,0.7947603464126587,0.801092803478241,0.5870499610900879
Liver,9,phase1_hard,ungood/img/8_489.png,1,0.801480770111084,0.5108486413955688,0.28865721821784973
Liver,9,phase1_hard,ungood/img/8_490.png,1,0.7990183234214783,0.34820932149887085,0.1810656487941742
Liver,9,phase1_hard,ungood/img/9_371.png,1,0.5183538794517517,0.0003932089894078672,6.657989433733746e-05
Liver,9,phase1_hard,ungood/img/9_372.png,1,0.7548683881759644,0.020823834463953972,0.0036916853860020638
Liver,9,phase1_hard,ungood/img/9_373.png,1,0.750456690788269,0.025413088500499725,0.004119929391890764
Liver,9,phase1_hard,ungood/img/9_374.png,1,0.7133868336677551,0.0029850590508431196,0.00046418068814091384
Liver,9,phase1_hard,ungood/img/9_375.png,1,0.7504769563674927,0.2070426046848297,0.02714148536324501
Liver,9,phase1_hard,ungood/img/9_376.png,1,0.7477248311042786,0.1553662121295929,0.029423845931887627
Liver,9,phase1_hard,ungood/img/9_377.png,1,0.7645972967147827,0.07820220291614532,0.01556079275906086
Liver,9,phase1_hard,ungood/img/9_378.png,1,0.7565649747848511,0.0053166113793849945,0.0010503592202439904
Liver,9,phase1_hard,ungood/img/9_379.png,1,0.7696515321731567,0.014764057472348213,0.00289198593236506
Liver,9,phase1_hard,ungood/img/9_380.png,1,0.7843772768974304,0.273395299911499,0.06512846797704697
Liver,9,phase1_hard,ungood/img/9_381.png,1,0.7775164842605591,0.5876955986022949,0.21108536422252655
Liver,9,phase1_hard,ungood/img/9_382.png,1,0.7779503464698792,0.7178941965103149,0.2677571475505829
Liver,9,phase1_hard,ungood/img/9_383.png,1,0.7745550870895386,0.9276215434074402,0.5426149368286133
Liver,9,phase1_hard,ungood/img/9_384.png,1,0.7683128118515015,0.6998944878578186,0.20720821619033813
Liver,9,phase1_hard,ungood/img/9_385.png,1,0.7734087705612183,0.9545428156852722,0.686738908290863
Liver,9,phase1_hard,ungood/img/9_386.png,1,0.7746034264564514,0.9882644414901733,0.8105907440185547
Liver,9,phase1_hard,ungood/img/9_387.png,1,0.7807064652442932,0.9190069437026978,0.47551488876342773
Liver,9,phase1_hard,ungood/img/9_389.png,1,0.7812286019325256,0.24463699758052826,0.05133933946490288
Liver,9,phase1_hard,ungood/img/9_390.png,1,0.7851220965385437,0.42916759848594666,0.1595219075679779
Liver,9,phase1_hard,ungood/img/9_391.png,1,0.7770702242851257,0.13754311203956604,0.04299057647585869
Liver,9,phase1_hard,ungood/img/9_393.png,1,0.7702909111976624,0.4454154372215271,0.16375301778316498
Liver,9,phase1_hard,ungood/img/9_394.png,1,0.7659673094749451,0.34683758020401,0.1327633112668991
Liver,9,phase1_hard,ungood/img/9_395.png,1,0.7543580532073975,0.008214120753109455,0.003535109106451273
Liver,9,phase1_hard,ungood/img/9_396.png,1,0.7662467956542969,0.5442004799842834,0.20605923235416412
Liver,9,phase1_hard,ungood/img/9_397.png,1,0.7735194563865662,0.9631010293960571,0.8604487776756287
Liver,9,phase1_hard,ungood/img/9_398.png,1,0.7796822786331177,0.5455743074417114,0.3312528431415558
Liver,9,phase1_hard,ungood/img/9_399.png,1,0.7774162888526917,0.043005380779504776,0.010751507245004177
Liver,9,phase1_hard,ungood/img/9_400.png,1,0.7701577544212341,0.15519067645072937,0.043194811791181564
Liver,9,phase1_hard,ungood/img/9_411.png,1,0.7248644232749939,0.0032036632765084505,0.0009365897276438773
Liver,9,phase1_hard,ungood/img/9_412.png,1,0.7593219876289368,0.693605899810791,0.40299904346466064
Liver,9,phase1_hard,ungood/img/9_413.png,1,0.7627115249633789,0.6956602931022644,0.3618447780609131
Liver,9,phase1_hard,ungood/img/9_414.png,1,0.776115894317627,0.6358102560043335,0.39542004466056824
Liver,9,phase1_hard,ungood/img/9_415.png,1,0.765167772769928,0.24048711359500885,0.09987825900316238
Liver,9,phase1_hard,ungood/img/9_416.png,1,0.7754003405570984,0.6340205669403076,0.2407526969909668
Liver,9,phase1_hard,ungood/img/9_417.png,1,0.765319287776947,0.04720735549926758,0.009383432567119598
Liver,9,phase1_hard,ungood/img/9_418.png,1,0.7767435908317566,0.001189329894259572,0.00021757514332421124
Liver,9,phase1_hard,ungood/img/9_419.png,1,0.7681401968002319,0.01012413576245308,0.003144404850900173
Liver,9,phase1_hard,ungood/img/9_420.png,1,0.764578640460968,0.08622980117797852,0.03442699462175369
Liver,9,phase1_hard,ungood/img/9_421.png,1,0.768312931060791,0.765785276889801,0.46125540137290955
Liver,9,phase1_hard,ungood/img/9_422.png,1,0.7743133902549744,0.03617364540696144,0.014277796261012554
Liver,9,phase1_hard,ungood/img/9_424.png,1,0.636019766330719,0.06946993619203568,0.014957382343709469
Liver,9,phase1_hard,ungood/img/9_425.png,1,0.7787806987762451,0.06909190118312836,0.020616108551621437
Liver,9,phase1_hard,ungood/img/9_426.png,1,0.7831674218177795,0.9819056987762451,0.89046311378479
Liver,9,phase1_hard,ungood/img/9_429.png,1,0.4855734705924988,0.0012033312814310193,0.0005378220230340958
Liver,9,phase1_hard,ungood/img/9_430.png,1,0.7837008237838745,0.7199187278747559,0.41186022758483887
Liver,9,phase1_hard,ungood/img/9_431.png,1,0.7829027771949768,0.9085637331008911,0.6550965905189514
Liver,9,phase1_hard,ungood/img/9_473.png,1,0.7972844839096069,0.9976488947868347,0.9953697323799133
Liver,9,phase1_hard,ungood/img/9_474.png,1,0.7956703901290894,0.996218740940094,0.993524432182312
Liver,9,phase1_hard,ungood/img/9_475.png,1,0.8001893162727356,0.9986395239830017,0.997430682182312
Liver,9,phase1_hard,ungood/img/9_476.png,1,0.7985317707061768,0.9990390539169312,0.9982906579971313
Liver,9,phase1_hard,ungood/img/9_477.png,1,0.7947385311126709,0.9968622922897339,0.9921603798866272
Liver,9,phase1_hard,ungood/img/9_480.png,1,0.791930079460144,0.9938190579414368,0.9855536818504333
Liver,9,phase1_hard,ungood/img/9_481.png,1,0.7969524264335632,0.9349033236503601,0.8063284754753113
Liver,9,phase1_hard,ungood/img/9_482.png,1,0.8043801784515381,0.9331144094467163,0.847376823425293
Liver,9,phase1_hard,ungood/img/9_493.png,1,0.8215404152870178,0.9775955677032471,0.9651845693588257
Liver,9,phase1_hard,ungood/img/9_494.png,1,0.8020704984664917,0.5009104609489441,0.30068138241767883
Liver,9,phase1_hard,ungood/img/9_495.png,1,0.7992990016937256,0.2392464578151703,0.07965275645256042
Liver,9,phase1_hard,ungood/img/9_496.png,1,0.7858341336250305,0.072450190782547,0.01565922237932682
Liver,9,phase1_hard,ungood/img/9_497.png,1,0.7897687554359436,0.0858636125922203,0.017517825588583946
Liver,9,phase1_hard,ungood/img/9_498.png,1,0.8117204904556274,0.041752979159355164,0.008571648970246315
Liver,9,phase1_hard,ungood/img/9_499.png,1,0.8126407265663147,0.18363754451274872,0.040879376232624054
Liver,9,phase1_hard,ungood/img/9_500.png,1,0.8185766339302063,0.2316378653049469,0.058114469051361084
Liver,9,phase1_hard,ungood/img/9_501.png,1,0.8110643029212952,0.7129735350608826,0.4278985261917114
Liver,9,phase1_hard,ungood/img/9_502.png,1,0.8118841052055359,0.16528643667697906,0.060555197298526764
Liver,9,phase1_hard,ungood/img/9_503.png,1,0.8206897377967834,0.017879676073789597,0.009025401435792446
Liver,9,phase1_hard,ungood/img/9_504.png,1,0.8145298361778259,0.35339248180389404,0.15749491751194
Liver,9,phase1_hard,ungood/img/9_505.png,1,0.8192293643951416,0.9478373527526855,0.8925259113311768
Liver,9,phase1_hard,ungood/img/9_506.png,1,0.8088083267211914,0.9669762849807739,0.9406089782714844
Liver,9,phase1_hard,ungood/img/9_507.png,1,0.814264178276062,0.9273529052734375,0.8155241012573242
Liver,9,phase1_hard,ungood/img/9_509.png,1,0.820705235004425,0.9942368268966675,0.9815413951873779
Retina,9,phase1_hard,good/img/10_1.png,0,0.5068200826644897,5.8014940407247195e-08,3.1127616040294015e-08
Retina,9,phase1_hard,good/img/10_10.png,0,0.5173302292823792,1.4597630126900185e-07,8.091932812703817e-08
Retina,9,phase1_hard,good/img/10_100.png,0,0.7749983668327332,0.061505164951086044,0.03025182895362377
Retina,9,phase1_hard,good/img/10_101.png,0,0.7712540030479431,0.0001742192544043064,9.941875759977847e-05
Retina,9,phase1_hard,good/img/10_102.png,0,0.7867215871810913,0.0262594111263752,0.01558767445385456
Retina,9,phase1_hard,good/img/10_103.png,0,0.7875665426254272,0.004748572129756212,0.0029348251409828663
Retina,9,phase1_hard,good/img/10_104.png,0,0.7804604768753052,0.009177792817354202,0.004989159293472767
Retina,9,phase1_hard,good/img/10_105.png,0,0.7930091619491577,0.12513403594493866,0.043591778725385666
Retina,9,phase1_hard,good/img/10_106.png,0,0.7800575494766235,0.0014176968252286315,0.0005903074634261429
Retina,9,phase1_hard,good/img/10_107.png,0,0.7762194275856018,6.452301022363827e-05,4.0743787394603714e-05
Retina,9,phase1_hard,good/img/10_108.png,0,0.7819035649299622,0.00044337354484014213,0.000238639724557288
Retina,9,phase1_hard,good/img/10_109.png,0,0.7705685496330261,0.003848820459097624,0.0006465460173785686
Retina,9,phase1_hard,good/img/10_11.png,0,0.5277646780014038,1.4246359114622464e-07,8.668985174153931e-08
Retina,9,phase1_hard,good/img/10_110.png,0,0.7809900045394897,0.005538588389754295,0.0015817093662917614
Retina,9,phase1_hard,good/img/10_111.png,0,0.680190920829773,1.0808455641608816e-07,8.448026989071877e-08
Retina,9,phase1_hard,good/img/10_112.png,0,0.7905043363571167,0.0005595596740022302,0.00026407348923385143
Retina,9,phase1_hard,good/img/10_113.png,0,0.7767598628997803,0.0081560667604208,0.0024584170896559954
Retina,9,phase1_hard,good/img/10_114.png,0,0.7944805026054382,0.01908385567367077,0.007173932623118162
Retina,9,phase1_hard,good/img/10_115.png,0,0.7643856406211853,7.187832693489327e-07,4.747489867895638e-07
Retina,9,phase1_hard,good/img/10_116.png,0,0.7864931225776672,0.010456863790750504,0.002458147006109357
Retina,9,phase1_hard,good/img/10_117.png,0,0.7895629405975342,0.0031354452949017286,0.0016159659717231989
Retina,9,phase1_hard,good/img/10_118.png,0,0.7874621748924255,0.0023811813443899155,0.001617363770492375
Retina,9,phase1_hard,good/img/10_119.png,0,0.8041452169418335,0.42665764689445496,0.173390194773674
Retina,9,phase1_hard,good/img/10_12.png,0,0.7685915231704712,3.5320788356330013e-06,1.50544656207785e-06
Retina,9,phase1_hard,good/img/10_120.png,0,0.7918239831924438,0.007084832992404699,0.0028934453148394823
Retina,9,phase1_hard,good/img/10_121.png,0,0.8070370554924011,0.11248955130577087,0.0488382950425148
Retina,9,phase1_hard,good/img/10_122.png,0,0.7938033938407898,0.016598355025053024,0.00591107364743948
Retina,9,phase1_hard,good/img/10_123.png,0,0.7884965538978577,0.025438057258725166,0.008276841603219509
Retina,9,phase1_hard,good/img/10_124.png,0,0.80286705493927,0.0802321583032608,0.029253102838993073
Retina,9,phase1_hard,good/img/10_125.png,0,0.7937594056129456,0.057733193039894104,0.026024820283055305
Retina,9,phase1_hard,good/img/10_126.png,0,0.803119421005249,0.014416638761758804,0.006437670439481735
Retina,9,phase1_hard,good/img/10_127.png,0,0.763833224773407,1.225435426022159e-06,5.524155426428479e-07
Retina,9,phase1_hard,good/img/10_128.png,0,0.7937900424003601,0.005026489496231079,0.0013817416038364172
Retina,9,phase1_hard,good/img/10_13.png,0,0.799481213092804,0.0001336866698693484,5.679063542629592e-05
Retina,9,phase1_hard,good/img/10_14.png,0,0.8113495707511902,0.00011699584138114005,7.161208486650139e-05
Retina,9,phase1_hard,good/img/10_15.png,0,0.5268785357475281,5.077943683318153e-07,2.2656499254480877e-07
Retina,9,phase1_hard,good/img/10_16.png,0,0.7980489730834961,1.6524896636838093e-05,1.285642520088004e-05
Retina,9,phase1_hard,good/img/10_18.png,0,0.7859958410263062,0.000792431179434061,0.00018251343863084912
Retina,9,phase1_hard,good/img/10_19.png,0,0.779892086982727,9.301726890953432e-07,4.4158153400530864e-07
Retina,9,phase1_hard,good/img/10_2.png,0,0.4722958505153656,2.6794989338441155e-08,2.1641501035674082e-08
Retina,9,phase1_hard,good/img/10_20.png,0,0.799560546875,0.01535006333142519,0.006458774209022522
Retina,9,phase1_hard,good/img/10_21.png,0,0.8119003772735596,0.21563337743282318,0.08587769418954849
Retina,9,phase1_hard,good/img/10_22.png,0,0.7927109599113464,1.4100210137257818e-05,8.883676855475642e-06
Retina,9,phase1_hard,good/img/10_23.png,0,0.78982013463974,0.002430511638522148,0.0013224565191194415
Retina,9,phase1_hard,good/img/10_24.png,0,0.788823664188385,0.004775909706950188,0.0019505202071741223
Retina,9,phase1_hard,good/img/10_26.png,0,0.7711403369903564,4.978709512215573e-06,3.6053545500180917e-06
Retina,9,phase1_hard,good/img/10_27.png,0,0.763396143913269,1.6552895658605848e-06,1.191855858451163e-06
Retina,9,phase1_hard,good/img/10_28.png,0,0.7789135575294495,0.019636424258351326,0.00951107032597065
Retina,9,phase1_hard,good/img/10_29.png,0,0.794495701789856,0.023002807050943375,0.015001256950199604
Retina,9,phase1_hard,good/img/10_3.png,0,0.46341627836227417,1.3343679050592527e-08,1.0875769618223785e-08
Retina,9,phase1_hard,good/img/10_30.png,0,0.7828062176704407,0.05602796748280525,0.03708372265100479
Retina,9,phase1_hard,good/img/10_31.png,0,0.7881553769111633,0.001333307707682252,0.0007680379203520715
Retina,9,phase1_hard,good/img/10_32.png,0,0.7793967723846436,0.005209756083786488,0.0033084803726524115
Retina,9,phase1_hard,good/img/10_34.png,0,0.7875714898109436,0.24602122604846954,0.11512654274702072
Retina,9,phase1_hard,good/img/10_35.png,0,0.8034712672233582,0.10907259583473206,0.06835048645734787
Retina,9,phase1_hard,good/img/10_36.png,0,0.7767029404640198,0.0037400703877210617,0.0012873020023107529
Retina,9,phase1_hard,good/img/10_37.png,0,0.7879890203475952,0.005284355487674475,0.0031495264265686274
Retina,9,phase1_hard,good/img/10_38.png,0,0.7784501314163208,0.02659561298787594,0.01659451238811016
Retina,9,phase1_hard,good/img/10_39.png,0,0.7923251390457153,7.480098429368809e-05,3.73765651602298e-05
Retina,9,phase1_hard,good/img/10_4.png,0,0.5054091215133667,7.27302591485568e-08,4.5327073650014427e-08
Retina,9,phase1_hard,good/img/10_40.png,0,0.79481440782547,0.00029895923216827214,0.00019770058861467987
Retina,9,phase1_hard,good/img/10_5.png,0,0.47658470273017883,2.0153906987729897e-08,1.7354569337157955e-08
Retina,9,phase1_hard,good/img/10_6.png,0,0.48338747024536133,4.9041602778743254e-08,3.383916080679228e-08
Retina,9,phase1_hard,good/img/10_7.png,0,0.512381911277771,7.888007047540668e-08,3.914044910402481e-08
Retina,9,phase1_hard,good/img/10_8.png,0,0.5019209980964661,2.0334832129265124e-07,8.982505761423454e-08
Retina,9,phase1_hard,good/img/10_89.png,0,0.805014967918396,0.6723634004592896,0.5485591888427734
Retina,9,phase1_hard,good/img/10_9.png,0,0.4946177005767822,2.7069759767073265e-08,2.056893499968737e-08
Retina,9,phase1_hard,good/img/10_90.png,0,0.7928211092948914,0.25017112493515015,0.1535547822713852
Retina,9,phase1_hard,good/img/10_91.png,0,0.7863256931304932,0.13339504599571228,0.08620051294565201
Retina,9,phase1_hard,good/img/10_92.png,0,0.7880149483680725,0.054655496031045914,0.04035084322094917
Retina,9,phase1_hard,good/img/10_93.png,0,0.8041356205940247,0.4418881833553314,0.18648064136505127
Retina,9,phase1_hard,good/img/10_94.png,0,0.7852963805198669,0.15165574848651886,0.09429755806922913
Retina,9,phase1_hard,good/img/10_95.png,0,0.786446213722229,0.20529183745384216,0.10794506222009659
Retina,9,phase1_hard,good/img/10_96.png,0,0.778033435344696,0.03305288031697273,0.016723502427339554
Retina,9,phase1_hard,good/img/10_97.png,0,0.7771172523498535,0.04499707370996475,0.03354924917221069
Retina,9,phase1_hard,good/img/10_98.png,0,0.7723838090896606,0.007482482586055994,0.004065618850290775
Retina,9,phase1_hard,good/img/10_99.png,0,0.783654510974884,0.018240081146359444,0.0068321567960083485
Retina,9,phase1_hard,good/img/11_1.png,0,0.48185643553733826,3.391716418832402e-08,2.1238266256773386e-08
Retina,9,phase1_hard,good/img/11_10.png,0,0.45004457235336304,1.6859562634863323e-08,1.3771753515356977e-08
Retina,9,phase1_hard,good/img/11_100.png,0,0.8085490465164185,0.0005557031836360693,0.0002835177001543343
Retina,9,phase1_hard,good/img/11_101.png,0,0.5734068155288696,1.0059573440912573e-07,6.458984813662028e-08
Retina,9,phase1_hard,good/img/11_102.png,0,0.49833881855010986,2.2366417340435873e-07,1.1576829450632431e-07
Retina,9,phase1_hard,good/img/11_103.png,0,0.7645761966705322,6.761199074389879e-06,1.7615848264540546e-06
Retina,9,phase1_hard,good/img/11_104.png,0,0.46233120560646057,2.6088356364084575e-08,2.0584112192523207e-08
Retina,9,phase1_hard,good/img/11_105.png,0,0.49375277757644653,5.823911664037951e-08,3.711938134642878e-08
Retina,9,phase1_hard,good/img/11_106.png,0,0.4934658110141754,2.7690020942827687e-07,1.4801941006226116e-07
Retina,9,phase1_hard,good/img/11_107.png,0,0.45078063011169434,3.763278044743856e-08,1.8830007775250124e-08
Retina,9,phase1_hard,good/img/11_108.png,0,0.46964195370674133,2.554748235183979e-08,1.9161305431225628e-08
Retina,9,phase1_hard,good/img/11_109.png,0,0.4847816824913025,9.851164151086778e-08,6.495587712151973e-08
Retina,9,phase1_hard,good/img/11_11.png,0,0.44765758514404297,1.8437065207876913e-08,1.4143861193360863e-08
Retina,9,phase1_hard,good/img/11_110.png,0,0.47431299090385437,1.8715267557922743e-08,1.6432197824656214e-08
Retina,9,phase1_hard,good/img/11_111.png,0,0.48915883898735046,8.629226755374475e-08,4.919222362786968e-08
Retina,9,phase1_hard,good/img/11_112.png,0,0.4657771587371826,4.546294718466015e-08,2.8755961167803434e-08
Retina,9,phase1_hard,good/img/11_113.png,0,0.5285601019859314,3.6659070445921316e-08,2.8407317387291187e-08
Retina,9,phase1_hard,good/img/11_114.png,0,0.4600365161895752,2.6946077369416344e-08,2.14671764808827e-08
Retina,9,phase1_hard,good/img/11_115.png,0,0.5026787519454956,7.200807772278495e-08,5.368129407656852e-08
Retina,9,phase1_hard,good/img/11_116.png,0,0.47320282459259033,2.9588944627789715e-08,2.1691011653501846e-08
Retina,9,phase1_hard,good/img/11_117.png,0,0.45383554697036743,4.076360227145415e-08,2.4513855834129572e-08
Retina,9,phase1_hard,good/img/11_118.png,0,0.4725938141345978,2.2746553085539745e-08,1.861677034753484e-08
Retina,9,phase1_hard,good/img/11_119.png,0,0.7585806846618652,2.9386393407548894e-07,2.039336663983704e-07
Retina,9,phase1_hard,good/img/11_12.png,0,0.4768880009651184,1.7229544013730447e-08,1.5309540302155256e-08
Retina,9,phase1_hard,good/img/11_120.png,0,0.47998762130737305,1.665730167133006e-07,8.061574163775731e-08
Retina,9,phase1_hard,good/img/11_121.png,0,0.4844684600830078,1.6479984310535656e-07,1.1233549201961068e-07
Retina,9,phase1_hard,good/img/11_122.png,0,0.5353047847747803,1.967565310678765e-07,1.1865693494428342e-07
Retina,9,phase1_hard,good/img/11_123.png,0,0.4656164050102234,1.674352390068634e-08,1.4767281619754158e-08
Retina,9,phase1_hard,good/img/11_124.png,0,0.494351863861084,6.026308341233744e-08,4.555275268103287e-08
Retina,9,phase1_hard,good/img/11_125.png,0,0.7513965368270874,7.223904674447112e-08,5.353889775960852e-08
Retina,9,phase1_hard,good/img/11_126.png,0,0.49023208022117615,3.771909007355134e-08,3.0903787973102226e-08
Retina,9,phase1_hard,good/img/11_127.png,0,0.5102987885475159,4.0593683081624476e-08,2.8341306190782234e-08
Retina,9,phase1_hard,good/img/11_128.png,0,0.48064011335372925,8.70450662660005e-08,5.5166218260183086e-08
Retina,9,phase1_hard,good/img/11_13.png,0,0.5679233074188232,6.043067202199381e-08,3.282096017187541e-08
Retina,9,phase1_hard,good/img/11_14.png,0,0.7452389597892761,7.608775831613457e-08,5.44280887027071e-08
Retina,9,phase1_hard,good/img/11_16.png,0,0.39989644289016724,3.570102080630022e-08,1.4454518471040956e-08
Retina,9,phase1_hard,good/img/11_17.png,0,0.36484554409980774,1.0769640290675397e-08,6.794961038281144e-09
Retina,9,phase1_hard,good/img/11_18.png,0,0.36017537117004395,8.60056648122054e-09,6.48655751334104e-09
Retina,9,phase1_hard,good/img/11_19.png,0,0.37265315651893616,2.1304883190964574e-08,1.3922535124777369e-08
Retina,9,phase1_hard,good/img/11_2.png,0,0.5135908126831055,7.444549510182696e-08,3.260842618146853e-08
Retina,9,phase1_hard,good/img/11_20.png,0,0.36551788449287415,7.582419137008856e-09,6.330801660681118e-09
Retina,9,phase1_hard,good/img/11_21.png,0,0.7587026357650757,0.014082377776503563,0.005699472036212683
Retina,9,phase1_hard,good/img/11_22.png,0,0.7075796127319336,6.871871249813921e-08,4.619695204155505e-08
Retina,9,phase1_hard,good/img/11_23.png,0,0.49664971232414246,3.737312326279607e-08,2.8533820639609075e-08
Retina,9,phase1_hard,good/img/11_24.png,0,0.47675982117652893,1.7218242831518182e-08,1.3017759314948307e-08
Retina,9,phase1_hard,good/img/11_25.png,0,0.4754563271999359,4.0846568793995175e-08,3.0045271159906406e-08
Retina,9,phase1_hard,good/img/11_27.png,0,0.4931142032146454,3.840709439373313e-08,2.9206269402948237e-08
Retina,9,phase1_hard,good/img/11_28.png,0,0.48736459016799927,2.5562298944237227e-08,1.9216612301420355e-08
Retina,9,phase1_hard,good/img/11_29.png,0,0.4850763976573944,2.3595493559014358e-08,1.5295833932782443e-08
Retina,9,phase1_hard,good/img/11_3.png,0,0.493781179189682,2.2614008443611056e-08,1.8145607683095477e-08
Retina,9,phase1_hard,good/img/11_30.png,0,0.4925170838832855,3.0309291076946465e-08,2.2894100837334008e-08
Retina,9,phase1_hard,good/img/11_31.png,0,0.4826693832874298,2.9117767752495638e-08,2.4644707607990313e-08
Retina,9,phase1_hard,good/img/11_32.png,0,0.5578078031539917,2.882534886339272e-07,1.7718230083119124e-07
Retina,9,phase1_hard,good/img/11_33.png,0,0.4612281322479248,3.8439928573552606e-08,3.383784630273112e-08
Retina,9,phase1_hard,good/img/11_34.png,0,0.49233898520469666,2.45822121769379e-07,1.1899612673005322e-07
Retina,9,phase1_hard,good/img/11_35.png,0,0.5097916722297668,8.773661761551921e-07,4.168301757090376e-07
Retina,9,phase1_hard,good/img/11_36.png,0,0.5013035535812378,7.956955982990621e-07,4.3092302348668454e-07
Retina,9,phase1_hard,good/img/11_37.png,0,0.46177273988723755,3.551005178792366e-08,3.005041548931331e-08
Retina,9,phase1_hard,good/img/11_38.png,0,0.4999423623085022,1.6971054606074176e-07,1.2824966688640416e-07
Retina,9,phase1_hard,good/img/11_39.png,0,0.4921881854534149,4.612531654402119e-07,2.5120388613686373e-07
Retina,9,phase1_hard,good/img/11_4.png,0,0.4727374315261841,1.846550290451887e-08,1.561862461585406e-08
Retina,9,phase1_hard,good/img/11_5.png,0,0.5555297136306763,4.707836254169706e-08,3.722357888591432e-08
Retina,9,phase1_hard,good/img/11_6.png,0,0.7042351365089417,4.677333365066261e-08,3.512150215101428e-08
Retina,9,phase1_hard,good/img/11_7.png,0,0.7057679295539856,2.744574523205756e-08,2.3059342879605538e-08
Retina,9,phase1_hard,good/img/11_8.png,0,0.5421429872512817,2.2230780771792524e-08,1.666873750139075e-08
Retina,9,phase1_hard,good/img/11_97.png,0,0.5080146789550781,4.3986943865093053e-07,2.1907801794895931e-07
Retina,9,phase1_hard,good/img/11_98.png,0,0.5144596695899963,3.2494003221472667e-07,1.590261859973907e-07
Retina,9,phase1_hard,good/img/11_99.png,0,0.49710580706596375,2.3155347150805028e-07,1.1910263708614366e-07
Retina,9,phase1_hard,good/img/12_10.png,0,0.43796461820602417,1.1292623725012163e-08,9.964050917687928e-09
Retina,9,phase1_hard,good/img/12_100.png,0,0.7056437730789185,3.425275849622267e-07,1.8718974104103836e-07
Retina,9,phase1_hard,good/img/12_101.png,0,0.4764900207519531,2.185158720635627e-08,1.7196349233472574e-08
Retina,9,phase1_hard,good/img/12_102.png,0,0.48960691690444946,5.8027229243862166e-08,4.4006132071672255e-08
Retina,9,phase1_hard,good/img/12_103.png,0,0.46758148074150085,2.146853894657852e-08,1.583202191568489e-08
Retina,9,phase1_hard,good/img/12_104.png,0,0.4670518934726715,4.8279165554276915e-08,3.4194322040548286e-08
Retina,9,phase1_hard,good/img/12_105.png,0,0.4562385678291321,2.903812301724429e-08,2.0712240811349147e-08
Retina,9,phase1_hard,good/img/12_106.png,0,0.46771758794784546,1.552826134343377e-08,1.2974606278248757e-08
Retina,9,phase1_hard,good/img/12_107.png,0,0.45434048771858215,2.2379170516728664e-08,1.6639283728636656e-08
Retina,9,phase1_hard,good/img/12_108.png,0,0.46296387910842896,2.3606432364431384e-08,1.8769194198853256e-08
Retina,9,phase1_hard,good/img/12_109.png,0,0.5012089014053345,3.990507835283097e-08,2.9706143322982825e-08
Retina,9,phase1_hard,good/img/12_110.png,0,0.4642745554447174,1.5399399089233157e-08,1.3671052734309797e-08
Retina,9,phase1_hard,good/img/12_111.png,0,0.46244436502456665,2.602365078985258e-08,1.7328236623370685e-08
Retina,9,phase1_hard,good/img/12_112.png,0,0.4603803753852844,2.127207565649769e-08,1.5829336064143718e-08
Retina,9,phase1_hard,good/img/12_113.png,0,0.4913346767425537,2.0406142553497375e-08,1.7339482738520928e-08
Retina,9,phase1_hard,good/img/12_114.png,0,0.482092022895813,2.670783949554334e-08,1.813573291542525e-08
Retina,9,phase1_hard,good/img/12_115.png,0,0.47520002722740173,3.198662668069119e-08,2.2167167657016762e-08
Retina,9,phase1_hard,good/img/12_116.png,0,0.7234384417533875,1.3963217782020365e-07,6.937079177760097e-08
Retina,9,phase1_hard,good/img/12_117.png,0,0.5380740165710449,6.498925841924574e-08,3.919645408245742e-08
Retina,9,phase1_hard,good/img/12_118.png,0,0.46670296788215637,2.8013609210120194e-08,2.1961705343187532e-08
Retina,9,phase1_hard,good/img/12_119.png,0,0.5983283519744873,4.654630458844622e-08,3.048216257184322e-08
Retina,9,phase1_hard,good/img/12_12.png,0,0.46610644459724426,1.1404422295413497e-08,1.0044213460957963e-08
Retina,9,phase1_hard,good/img/12_120.png,0,0.47545626759529114,1.998021659233018e-08,1.4269088133289642e-08
Retina,9,phase1_hard,good/img/12_121.png,0,0.6984624266624451,4.066673113811703e-07,2.0066609351943043e-07
Retina,9,phase1_hard,good/img/12_122.png,0,0.4935270845890045,2.6769242822410888e-08,1.7956036657551522e-08
Retina,9,phase1_hard,good/img/12_123.png,0,0.7682362794876099,0.0039606522768735886,0.0014133782824501395
Retina,9,phase1_hard,good/img/12_124.png,0,0.4755382537841797,2.2690569423389206e-08,1.683632611104713e-08
Retina,9,phase1_hard,good/img/12_125.png,0,0.4720015823841095,6.657105018348375e-07,3.124473550997209e-07
Retina,9,phase1_hard,good/img/12_126.png,0,0.4641554355621338,4.942058495771562e-08,3.3675707555858025e-08
Retina,9,phase1_hard,good/img/12_127.png,0,0.4664582908153534,2.606517846004408e-08,1.8733860684960746e-08
Retina,9,phase1_hard,good/img/12_128.png,0,0.74015873670578,1.628912116302672e-07,8.79706547607384e-08
Retina,9,phase1_hard,good/img/12_13.png,0,0.47146672010421753,6.950196507204964e-08,3.5586889879368755e-08
Retina,9,phase1_hard,good/img/12_14.png,0,0.4633161723613739,1.583341280309014e-08,1.2289772755025297e-08
Retina,9,phase1_hard,good/img/12_15.png,0,0.46985894441604614,3.968359862938087e-08,1.884868261470274e-08
Retina,9,phase1_hard,good/img/12_16.png,0,0.43940094113349915,2.1527256421904895e-08,1.181358832980095e-08
Retina,9,phase1_hard,good/img/12_17.png,0,0.4504399001598358,1.81675741117715e-08,1.2136706750709436e-08
Retina,9,phase1_hard,good/img/12_18.png,0,0.4553197920322418,1.623726397781411e-08,1.3198148351989403e-08
Retina,9,phase1_hard,good/img/12_2.png,0,0.4381645619869232,1.9571061216083763e-07,7.266770296610048e-08
Retina,9,phase1_hard,good/img/12_20.png,0,0.4600362181663513,1.8746062480090586e-08,1.1793885867916742e-08
Retina,9,phase1_hard,good/img/12_21.png,0,0.4465385377407074,1.6692567328391306e-08,1.3319136904499373e-08
Retina,9,phase1_hard,good/img/12_22.png,0,0.6726181507110596,5.4958359640977505e-08,3.3496128537535697e-08
Retina,9,phase1_hard,good/img/12_23.png,0,0.49150246381759644,3.4701624684885246e-08,2.1525515592202282e-08
Retina,9,phase1_hard,good/img/12_24.png,0,0.49077844619750977,4.050922441933835e-08,2.8771834692520315e-08
Retina,9,phase1_hard,good/img/12_25.png,0,0.516196608543396,4.490826910341639e-08,3.073467880199132e-08
Retina,9,phase1_hard,good/img/12_26.png,0,0.46973663568496704,3.1933531374761515e-08,1.7661863083162643e-08
Retina,9,phase1_hard,good/img/12_27.png,0,0.4854211211204529,3.648628776886653e-08,2.80920797735007e-08
Retina,9,phase1_hard,good/img/12_28.png,0,0.4751248359680176,4.319099033978091e-08,2.4123947284238056e-08
Retina,9,phase1_hard,good/img/12_29.png,0,0.4757239818572998,3.750959720605351e-08,2.6564526578454206e-08
Retina,9,phase1_hard,good/img/12_3.png,0,0.43707504868507385,2.6734033653497136e-08,1.7844156374735576e-08
Retina,9,phase1_hard,good/img/12_30.png,0,0.5235463380813599,9.3023771796652e-08,6.26452063556826e-08
Retina,9,phase1_hard,good/img/12_31.png,0,0.47403162717819214,1.8298893067481004e-08,1.5863353297618232e-08
Retina,9,phase1_hard,good/img/12_32.png,0,0.7648048996925354,1.2722607607429381e-06,6.30384477062762e-07
Retina,9,phase1_hard,good/img/12_33.png,0,0.5104936957359314,5.025996685503742e-08,4.1879598455807354e-08
Retina,9,phase1_hard,good/img/12_34.png,0,0.483161598443985,2.096594187150913e-08,1.5696498323336527e-08
Retina,9,phase1_hard,good/img/12_35.png,0,0.5054858326911926,9.938847966850517e-08,5.6147058558053686e-08
Retina,9,phase1_hard,good/img/12_36.png,0,0.47769519686698914,4.786792473510104e-08,3.198412912297499e-08
Retina,9,phase1_hard,good/img/12_37.png,0,0.5206271409988403,4.073683328442712e-07,1.9225517178256268e-07
Retina,9,phase1_hard,good/img/12_4.png,0,0.445281058549881,2.3821730366080374e-08,1.5596985036836486e-08
Retina,9,phase1_hard,good/img/12_5.png,0,0.44151976704597473,1.8169723503547175e-08,1.3311551860795134e-08
Retina,9,phase1_hard,good/img/12_6.png,0,0.44696393609046936,1.1232817342943235e-08,9.143667156763513e-09
Retina,9,phase1_hard,good/img/12_7.png,0,0.4437762498855591,1.537735627721304e-08,1.2474113297855638e-08
Retina,9,phase1_hard,good/img/12_8.png,0,0.44004881381988525,1.084471357160055e-08,9.947365597895441e-09
Retina,9,phase1_hard,good/img/12_9.png,0,0.4476674795150757,1.3294951806130939e-08,1.030222840370243e-08
Retina,9,phase1_hard,good/img/12_94.png,0,0.7871858477592468,0.0012970700627192855,0.00046575404121540487
Retina,9,phase1_hard,good/img/12_95.png,0,0.8001106381416321,0.00012570447870530188,5.343175507732667e-05
Retina,9,phase1_hard,good/img/12_96.png,0,0.7942885756492615,9.046291233971715e-05,3.1686613510828465e-05
Retina,9,phase1_hard,good/img/12_97.png,0,0.763867974281311,4.870508405474538e-07,2.764506916719256e-07
Retina,9,phase1_hard,good/img/12_98.png,0,0.7880008816719055,1.790760325093288e-05,8.798966518952511e-06
Retina,9,phase1_hard,good/img/12_99.png,0,0.7613716125488281,6.00726991706324e-07,3.238758097268146e-07
Retina,9,phase1_hard,good/img/13_1.png,0,0.5562417507171631,3.849598670058185e-06,9.586613032297464e-07
Retina,9,phase1_hard,good/img/13_10.png,0,0.49878737330436707,2.2714644387633598e-08,1.6447053496904118e-08
Retina,9,phase1_hard,good/img/13_100.png,0,0.7985862493515015,0.00038410513661801815,9.81788252829574e-05
Retina,9,phase1_hard,good/img/13_102.png,0,0.7337095141410828,1.890522071334999e-06,8.977132779364183e-07
Retina,9,phase1_hard,good/img/13_103.png,0,0.8022555708885193,0.01105607021600008,0.0031286999583244324
Retina,9,phase1_hard,good/img/13_104.png,0,0.8012939691543579,0.011555111035704613,0.0021135234273970127
Retina,9,phase1_hard,good/img/13_105.png,0,0.5185713768005371,1.7800597618133907e-07,1.3669735210442013e-07
Retina,9,phase1_hard,good/img/13_106.png,0,0.7973176836967468,0.0021003063302487135,0.0004773136752191931
Retina,9,phase1_hard,good/img/13_107.png,0,0.47029757499694824,6.858403480691777e-07,2.6830824140233744e-07
Retina,9,phase1_hard,good/img/13_108.png,0,0.785446047782898,0.0002118580596288666,4.188746606814675e-05
Retina,9,phase1_hard,good/img/13_109.png,0,0.49153217673301697,1.3761037962467526e-06,7.572361937491223e-07
Retina,9,phase1_hard,good/img/13_11.png,0,0.4634361267089844,1.0243785197872057e-07,3.9402909379759876e-08
Retina,9,phase1_hard,good/img/13_110.png,0,0.7746889591217041,0.0016871594125404954,0.0003390790952835232
Retina,9,phase1_hard,good/img/13_111.png,0,0.4860687255859375,6.344359917420661e-07,3.9373540516862704e-07
Retina,9,phase1_hard,good/img/13_112.png,0,0.4728030562400818,5.36482900770352e-07,3.018900827100879e-07
Retina,9,phase1_hard,good/img/13_113.png,0,0.473686546087265,2.312409890237177e-07,1.0838303410309891e-07
Retina,9,phase1_hard,good/img/13_114.png,0,0.4971858859062195,4.651879237371759e-07,2.140476595968721e-07
Retina,9,phase1_hard,good/img/13_115.png,0,0.49273350834846497,3.032502604582987e-07,1.5173232270626613e-07
Retina,9,phase1_hard,good/img/13_116.png,0,0.4921407103538513,2.9512526111830084e-07,1.669109508384281e-07
Retina,9,phase1_hard,good/img/13_117.png,0,0.4883168637752533,4.514874163419336e-08,3.264320369567031e-08
Retina,9,phase1_hard,good/img/13_118.png,0,0.4756186306476593,2.9813000423928315e-07,1.6415185655205278e-07
Retina,9,phase1_hard,good/img/13_119.png,0,0.5271783471107483,2.200334705548812e-07,1.281643591255488e-07
Retina,9,phase1_hard,good/img/13_12.png,0,0.4711943566799164,9.709763304499575e-08,3.710196949668898e-08
Retina,9,phase1_hard,good/img/13_120.png,0,0.5269932746887207,5.716884743378614e-07,3.125009300219972e-07
Retina,9,phase1_hard,good/img/13_121.png,0,0.5041794180870056,1.6131436098021368e-07,1.1794049470381651e-07
Retina,9,phase1_hard,good/img/13_122.png,0,0.46162545680999756,8.25165670903516e-07,3.8017574865989445e-07
Retina,9,phase1_hard,good/img/13_123.png,0,0.48348379135131836,4.7641577793910983e-07,2.2153889744913613e-07
Retina,9,phase1_hard,good/img/13_124.png,0,0.6508994102478027,2.825697447406128e-05,1.3011174814892001e-05
Retina,9,phase1_hard,good/img/13_125.png,0,0.4932193458080292,2.0701395442301873e-06,1.1032495876861503e-06
Retina,9,phase1_hard,good/img/13_126.png,0,0.7819573879241943,0.00012780196266248822,7.520402868976817e-05
Retina,9,phase1_hard,good/img/13_127.png,0,0.49641624093055725,1.6836766008054838e-06,8.119915833049163e-07
Retina,9,phase1_hard,good/img/13_128.png,0,0.5029457211494446,1.5054963853344816e-07,1.035584702435699e-07
Retina,9,phase1_hard,good/img/13_13.png,0,0.4791780412197113,4.473907466717719e-08,2.8267724161423757e-08
Retina,9,phase1_hard,good/img/13_14.png,0,0.46001583337783813,6.175081068704458e-08,3.0117064397927606e-08
Retina,9,phase1_hard,good/img/13_15.png,0,0.4801730215549469,7.04896336856109e-08,4.1658317684323265e-08
Retina,9,phase1_hard,good/img/13_16.png,0,0.46984589099884033,1.3189074721253746e-08,1.1534767807575008e-08
Retina,9,phase1_hard,good/img/13_17.png,0,0.47956863045692444,2.314600244801568e-08,2.0141269985174404e-08
Retina,9,phase1_hard,good/img/13_18.png,0,0.46928656101226807,2.5246666979228394e-08,1.7427309373374555e-08
Retina,9,phase1_hard,good/img/13_19.png,0,0.47849369049072266,1.837972973817159e-08,1.5958455890086043e-08
Retina,9,phase1_hard,good/img/13_2.png,0,0.5409690737724304,3.712046918735723e-06,8.844358490023296e-07
Retina,9,phase1_hard,good/img/13_20.png,0,0.47843971848487854,5.1670369316525466e-08,2.844225477360851e-08
Retina,9,phase1_hard,good/img/13_21.png,0,0.4669845700263977,3.439311058173189e-08,1.882850853007767e-08
Retina,9,phase1_hard,good/img/13_22.png,0,0.46387672424316406,4.117368845868441e-08,2.3945174731920815e-08
Retina,9,phase1_hard,good/img/13_23.png,0,0.4536253809928894,1.7398865281847975e-07,5.988226803310681e-08
Retina,9,phase1_hard,good/img/13_24.png,0,0.49415507912635803,1.2768916235472716e-07,4.8680615094554014e-08
Retina,9,phase1_hard,good/img/13_25.png,0,0.6440960764884949,1.577003558850265e-07,1.0997085553299257e-07
Retina,9,phase1_hard,good/img/13_26.png,0,0.5001204609870911,3.3564441537237144e-07,1.977511630002482e-07
Retina,9,phase1_hard,good/img/13_27.png,0,0.49563470482826233,1.6859665663560008e-07,1.2894859935386194e-07
Retina,9,phase1_hard,good/img/13_29.png,0,0.5003123879432678,3.7148407727727317e-07,1.5180391699232132e-07
Retina,9,phase1_hard,good/img/13_3.png,0,0.7837381362915039,0.0013089572312310338,0.0002690248948056251
Retina,9,phase1_hard,good/img/13_30.png,0,0.4985446631908417,1.1009573341880241e-07,6.449707967703944e-08
Retina,9,phase1_hard,good/img/13_31.png,0,0.7947351932525635,0.000942846352700144,0.0002834131882991642
Retina,9,phase1_hard,good/img/13_32.png,0,0.49064919352531433,2.939466412499314e-07,1.7567664656326087e-07
Retina,9,phase1_hard,good/img/13_33.png,0,0.48781201243400574,1.1733939118130365e-06,6.923954174453684e-07
Retina,9,phase1_hard,good/img/13_34.png,0,0.6952646374702454,6.338448656606488e-06,2.3785307803336764e-06
Retina,9,phase1_hard,good/img/13_35.png,0,0.514729917049408,2.380457317485707e-06,7.26254484106903e-07
Retina,9,phase1_hard,good/img/13_37.png,0,0.7590732574462891,6.446802581194788e-05,9.830613635131158e-06
Retina,9,phase1_hard,good/img/13_38.png,0,0.7756323218345642,0.0002905389992520213,9.977173613151535e-05
Retina,9,phase1_hard,good/img/13_39.png,0,0.7787501215934753,9.157552085525822e-06,5.365545803215355e-06
Retina,9,phase1_hard,good/img/13_4.png,0,0.7781781554222107,9.129168574872892e-06,2.725485728660715e-06
Retina,9,phase1_hard,good/img/13_40.png,0,0.7170234322547913,1.5306912928281236e-06,6.755126946700329e-07
Retina,9,phase1_hard,good/img/13_41.png,0,0.7500460743904114,9.488657269685064e-06,5.062178388470784e-06
Retina,9,phase1_hard,good/img/13_42.png,0,0.7298095226287842,2.1146825019968674e-06,1.2545740446512355e-06
Retina,9,phase1_hard,good/img/13_43.png,0,0.7934407591819763,0.0025170950684696436,0.0010838890448212624
Retina,9,phase1_hard,good/img/13_44.png,0,0.7905595898628235,0.010636832565069199,0.004322100430727005
Retina,9,phase1_hard,good/img/13_5.png,0,0.5704733729362488,4.210011752547871e-07,1.3539104770643462e-07
Retina,9,phase1_hard,good/img/13_6.png,0,0.46991482377052307,4.241356421630371e-08,2.0779181042485106e-08
Retina,9,phase1_hard,good/img/13_7.png,0,0.47585856914520264,3.0213652024713156e-08,1.9157843311745637e-08
Retina,9,phase1_hard,good/img/13_8.png,0,0.48635488748550415,4.996748259600281e-08,2.1154836105097274e-08
Retina,9,phase1_hard,good/img/13_9.png,0,0.48208561539649963,9.1572488258862e-08,5.1786830823630225e-08
Retina,9,phase1_hard,good/img/13_98.png,0,0.5424189567565918,2.4314613256137818e-05,8.527169484295882e-06
Retina,9,phase1_hard,good/img/13_99.png,0,0.5911000967025757,0.0003044155891984701,8.142893784679472e-05
Retina,9,phase1_hard,good/img/14_1.png,0,0.4700251817703247,2.935440761575592e-07,1.0997086263841993e-07
Retina,9,phase1_hard,good/img/14_10.png,0,0.4420493245124817,2.541698229663325e-08,1.4427278038908753e-08
Retina,9,phase1_hard,good/img/14_100.png,0,0.43921810388565063,3.40990510494521e-07,1.6717882544980966e-07
Retina,9,phase1_hard,good/img/14_101.png,0,0.4346582293510437,6.485725378979623e-08,4.5508784296544036e-08
Retina,9,phase1_hard,good/img/14_102.png,0,0.444320410490036,7.725360546828597e-07,3.7187865586929547e-07
Retina,9,phase1_hard,good/img/14_103.png,0,0.4370015263557434,2.2552482903392956e-07,1.530802791194219e-07
Retina,9,phase1_hard,good/img/14_104.png,0,0.5273717641830444,1.2173538834758801e-06,6.991711529735767e-07
Retina,9,phase1_hard,good/img/14_105.png,0,0.442819207906723,3.73690625110612e-08,2.747406213643444e-08
Retina,9,phase1_hard,good/img/14_106.png,0,0.4669024646282196,6.883350067710126e-08,5.070008768370826e-08
Retina,9,phase1_hard,good/img/14_107.png,0,0.47551023960113525,4.99550935728621e-07,2.4511200535926037e-07
Retina,9,phase1_hard,good/img/14_108.png,0,0.4631713926792145,3.6581477047548105e-07,9.870547756918313e-08
Retina,9,phase1_hard,good/img/14_109.png,0,0.4695262312889099,6.454934720068195e-08,4.5481534982627636e-08
Retina,9,phase1_hard,good/img/14_11.png,0,0.4692608118057251,4.96171317365679e-08,2.5979506546036646e-08
Retina,9,phase1_hard,good/img/14_110.png,0,0.4632219076156616,7.834582760324338e-08,5.590714735603797e-08
Retina,9,phase1_hard,good/img/14_111.png,0,0.49558550119400024,9.378680942973006e-08,6.329212709488274e-08
Retina,9,phase1_hard,good/img/14_112.png,0,0.4789155423641205,5.783871301900945e-07,1.324573304373189e-07
Retina,9,phase1_hard,good/img/14_113.png,0,0.6198393702507019,1.2830072648739588e-07,7.541956392742577e-08
Retina,9,phase1_hard,good/img/14_114.png,0,0.4723867177963257,2.343732177223501e-07,7.656966971580914e-08
Retina,9,phase1_hard,good/img/14_115.png,0,0.47387781739234924,2.884608534259314e-07,1.364304438311592e-07
Retina,9,phase1_hard,good/img/14_116.png,0,0.47748762369155884,8.785218597040512e-08,4.2810111011704066e-08
Retina,9,phase1_hard,good/img/14_117.png,0,0.7126560211181641,1.2750602707001235e-07,9.882287343998541e-08
Retina,9,phase1_hard,good/img/14_118.png,0,0.5687137246131897,7.695690840137104e-08,5.43350289206046e-08
Retina,9,phase1_hard,good/img/14_119.png,0,0.48378893733024597,1.3944959675882274e-07,5.096524091641186e-08
Retina,9,phase1_hard,good/img/14_12.png,0,0.43990427255630493,3.58562743940638e-08,2.0871157246915573e-08
Retina,9,phase1_hard,good/img/14_120.png,0,0.49629849195480347,9.198193851034375e-08,5.3865065297031833e-08
Retina,9,phase1_hard,good/img/14_121.png,0,0.46642929315567017,1.0430137820094387e-07,7.064796392342032e-08
Retina,9,phase1_hard,good/img/14_122.png,0,0.5717203617095947,6.670769039374136e-07,2.4713799007258785e-07
Retina,9,phase1_hard,good/img/14_123.png,0,0.49985605478286743,5.135733545102994e-07,2.701206653910049e-07
Retina,9,phase1_hard,good/img/14_124.png,0,0.5096145272254944,1.3471805004883208e-07,9.272027057249943e-08
Retina,9,phase1_hard,good/img/14_125.png,0,0.499739408493042,4.0936583900474943e-07,1.5906276473742764e-07
Retina,9,phase1_hard,good/img/14_126.png,0,0.47704511880874634,1.6733120844492078e-07,7.536213786352164e-08
Retina,9,phase1_hard,good/img/14_127.png,0,0.46795454621315,1.0302137098960884e-07,5.595043361950047e-08
Retina,9,phase1_hard,good/img/14_128.png,0,0.5343385338783264,3.5108172369291424e-07,1.8599990880829864e-07
Retina,9,phase1_hard,good/img/14_13.png,0,0.4564201533794403,2.2421469125788462e-08,1.4059808428612541e-08
Retina,9,phase1_hard,good/img/14_14.png,0,0.44230231642723083,4.462079061795521e-08,2.4995772562874663e-08
Retina,9,phase1_hard,good/img/14_15.png,0,0.46250393986701965,2.160368239856325e-08,1.5764561211994987e-08
Retina,9,phase1_hard,good/img/14_16.png,0,0.43728524446487427,5.020899607188767e-08,2.747000671377009e-08
Retina,9,phase1_hard,good/img/14_18.png,0,0.445440411567688,1.8091983022827662e-08,1.084444889443148e-08
Retina,9,phase1_hard,good/img/14_19.png,0,0.42531484365463257,1.7905401605844418e-08,1.1829511592509334e-08
Retina,9,phase1_hard,good/img/14_2.png,0,0.5701681971549988,2.8181088396195264e-07,9.040845583285773e-08
Retina,9,phase1_hard,good/img/14_20.png,0,0.4235534965991974,2.0966263392097062e-08,1.3697979639459845e-08
Retina,9,phase1_hard,good/img/14_21.png,0,0.4449903070926666,1.869685561928236e-08,1.6044584327801203e-08
Retina,9,phase1_hard,good/img/14_22.png,0,0.42691388726234436,3.4484283872870947e-08,1.6429176241672394e-08
Retina,9,phase1_hard,good/img/14_23.png,0,0.45970776677131653,1.6150224269040336e-08,1.2286736961186762e-08
Retina,9,phase1_hard,good/img/14_24.png,0,0.4834349453449249,2.4060506476075716e-08,1.6906836819430282e-08
Retina,9,phase1_hard,good/img/14_26.png,0,0.4162261486053467,1.7821855990973745e-08,1.133854077295382e-08
Retina,9,phase1_hard,good/img/14_27.png,0,0.4476167857646942,4.038347611867721e-08,2.352642169967112e-08
Retina,9,phase1_hard,good/img/14_28.png,0,0.46449220180511475,4.429322686405612e-08,3.1180690029941616e-08
Retina,9,phase1_hard,good/img/14_29.png,0,0.4697030484676361,4.0715271154567745e-08,2.5390407998315823e-08
Retina,9,phase1_hard,good/img/14_3.png,0,0.42655229568481445,5.376907452614432e-08,2.675442800637029e-08
Retina,9,phase1_hard,good/img/14_30.png,0,0.450806587934494,2.5859081986823185e-08,2.030865609015109e-08
Retina,9,phase1_hard,good/img/14_31.png,0,0.4686608910560608,5.2333916755742393e-08,3.138139348379809e-08
Retina,9,phase1_hard,good/img/14_32.png,0,0.4712482988834381,7.050051920032274e-08,4.983950674386506e-08
Retina,9,phase1_hard,good/img/14_33.png,0,0.504102349281311,6.413381470338209e-07,1.3009879751280096e-07
Retina,9,phase1_hard,good/img/14_34.png,0,0.4916347861289978,1.1555090395631851e-07,6.160059484727753e-08
Retina,9,phase1_hard,good/img/14_35.png,0,0.4725213348865509,1.208767343996442e-07,8.69561631589022e-08
Retina,9,phase1_hard,good/img/14_36.png,0,0.4576989710330963,8.247865679322786e-08,5.619574494630797e-08
Retina,9,phase1_hard,good/img/14_37.png,0,0.4690342843532562,7.420350556230915e-08,4.6072102577454643e-08
Retina,9,phase1_hard,good/img/14_38.png,0,0.4974105954170227,2.8567799859047227e-07,1.54698966525757e-07
Retina,9,phase1_hard,good/img/14_39.png,0,0.44812431931495667,7.050926598139995e-08,4.0191913797116285e-08
Retina,9,phase1_hard,good/img/14_4.png,0,0.4448389410972595,3.072253917935086e-08,1.4838501982694652e-08
Retina,9,phase1_hard,good/img/14_40.png,0,0.47383660078048706,3.2369729296988226e-07,1.601527088723742e-07
Retina,9,phase1_hard,good/img/14_41.png,0,0.4596070349216461,4.493140082217906e-08,3.6803317726707974e-08
Retina,9,phase1_hard,good/img/14_42.png,0,0.4794051945209503,2.447656868298509e-07,1.380967233899355e-07
Retina,9,phase1_hard,good/img/14_43.png,0,0.47974854707717896,1.339008548484344e-07,9.305665571446298e-08
Retina,9,phase1_hard,good/img/14_44.png,0,0.4777752161026001,1.1816471356951297e-07,9.972789882795041e-08
Retina,9,phase1_hard,good/img/14_45.png,0,0.46883928775787354,1.8328429973735183e-07,9.820345781008655e-08
Retina,9,phase1_hard,good/img/14_46.png,0,0.4719837009906769,1.184859854674869e-07,6.913219152693273e-08
Retina,9,phase1_hard,good/img/14_47.png,0,0.49537354707717896,2.3617697308964125e-07,1.1574710612194394e-07
Retina,9,phase1_hard,good/img/14_48.png,0,0.5299558043479919,7.445507321790501e-07,4.558405919397046e-07
Retina,9,phase1_hard,good/img/14_49.png,0,0.4759898781776428,1.1247738029851462e-06,5.321431331140047e-07
Retina,9,phase1_hard,good/img/14_5.png,0,0.45001018047332764,3.4744871868497285e-08,2.2362190321700837e-08
Retina,9,phase1_hard,good/img/14_50.png,0,0.4778579771518707,8.082645308604697e-07,4.1325790789414896e-07
Retina,9,phase1_hard,good/img/14_51.png,0,0.4795280694961548,9.191360845761665e-07,4.6884193238838634e-07
Retina,9,phase1_hard,good/img/14_52.png,0,0.5009173154830933,9.474799185227312e-07,4.5835713535780087e-07
Retina,9,phase1_hard,good/img/14_53.png,0,0.48156630992889404,1.5421318266817252e-06,1.013119117487804e-06
Retina,9,phase1_hard,good/img/14_54.png,0,0.4852730333805084,2.1334237771952758e-06,1.2220491498737829e-06
Retina,9,phase1_hard,good/img/14_55.png,0,0.46247923374176025,2.894669819397677e-07,2.2340013572375028e-07
Retina,9,phase1_hard,good/img/14_56.png,0,0.4917598068714142,4.4422506562113995e-07,3.2309321795764845e-07
Retina,9,phase1_hard,good/img/14_57.png,0,0.46782222390174866,3.400365358174895e-06,1.5400555639644153e-06
Retina,9,phase1_hard,good/img/14_6.png,0,0.4375491142272949,3.24850724098269e-08,1.592670884065228e-08
Retina,9,phase1_hard,good/img/14_65.png,0,0.4823283851146698,1.0541783694861806e-06,7.408547730847204e-07
Retina,9,phase1_hard,good/img/14_66.png,0,0.4738706648349762,1.144089083027211e-06,7.956900844874326e-07
Retina,9,phase1_hard,good/img/14_67.png,0,0.4846268892288208,3.04099012282677e-06,1.7889340142573928e-06
Retina,9,phase1_hard,good/img/14_68.png,0,0.47651270031929016,1.4955123788240599e-06,9.953204198609455e-07
Retina,9,phase1_hard,good/img/14_69.png,0,0.4935416281223297,5.58114288651268e-06,3.099939931416884e-06
Retina,9,phase1_hard,good/img/14_7.png,0,0.45135700702667236,2.7989683459850312e-08,1.402193028354759e-08
Retina,9,phase1_hard,good/img/14_70.png,0,0.7587795257568359,1.2674563549808227e-05,6.391859642462805e-06
Retina,9,phase1_hard,good/img/14_71.png,0,0.5028971433639526,3.0106511985650286e-06,2.043652102656779e-06
Retina,9,phase1_hard,good/img/14_72.png,0,0.4597690999507904,4.755578174808761e-06,3.2732477848185226e-06
Retina,9,phase1_hard,good/img/14_73.png,0,0.4793783128261566,1.3972530723549426e-06,8.33602427974256e-07
Retina,9,phase1_hard,good/img/14_74.png,0,0.46927782893180847,4.441214514372405e-06,2.105623934767209e-06
Retina,9,phase1_hard,good/img/14_75.png,0,0.5024362802505493,5.077641617390327e-06,3.700958586705383e-06
Retina,9,phase1_hard,good/img/14_76.png,0,0.45865365862846375,3.028669652849203e-06,1.512671701675572e-06
Retina,9,phase1_hard,good/img/14_77.png,0,0.5007761120796204,3.3035578326234827e-06,2.075563770631561e-06
Retina,9,phase1_hard,good/img/14_78.png,0,0.47527527809143066,2.4184241738112178e-06,1.2506139910328784e-06
Retina,9,phase1_hard,good/img/14_79.png,0,0.4805360734462738,3.3334933959849877e-06,1.6127162325574318e-06
Retina,9,phase1_hard,good/img/14_8.png,0,0.7434977889060974,2.6093764518009266e-06,7.80857931204082e-07
Retina,9,phase1_hard,good/img/14_80.png,0,0.6202918291091919,1.4260865555115743e-06,9.261936497750867e-07
Retina,9,phase1_hard,good/img/14_81.png,0,0.46622413396835327,6.860902317384898e-07,3.8066588103902177e-07
Retina,9,phase1_hard,good/img/14_82.png,0,0.4890587031841278,1.8228928411190282e-06,1.0024148195952876e-06
Retina,9,phase1_hard,good/img/14_83.png,0,0.476392537355423,2.61325385508826e-06,1.1586616892600432e-06
Retina,9,phase1_hard,good/img/14_84.png,0,0.5339529514312744,2.542298034313717e-06,1.1368271088940674e-06
Retina,9,phase1_hard,good/img/14_85.png,0,0.4804236590862274,1.1004341331499745e-06,6.157776510917756e-07
Retina,9,phase1_hard,good/img/14_86.png,0,0.5157305002212524,4.179642473900458e-06,2.2704239199811127e-06
Retina,9,phase1_hard,good/img/14_87.png,0,0.46643999218940735,6.919943871253054e-07,3.656733724710648e-07
Retina,9,phase1_hard,good/img/14_88.png,0,0.4883219003677368,8.850944936966698e-07,4.3786215542240825e-07
Retina,9,phase1_hard,good/img/14_89.png,0,0.488441526889801,6.932580163265811e-07,3.4038413332382333e-07
Retina,9,phase1_hard,good/img/14_90.png,0,0.44295403361320496,1.1644983999303804e-07,7.928930756406771e-08
Retina,9,phase1_hard,good/img/14_91.png,0,0.43290436267852783,1.0655265469949882e-07,6.767432125798223e-08
Retina,9,phase1_hard,good/img/14_92.png,0,0.4145461618900299,1.6476386122121767e-07,1.1325942494977426e-07
Retina,9,phase1_hard,good/img/14_93.png,0,0.43534088134765625,4.2111118148113746e-08,3.185973440622547e-08
Retina,9,phase1_hard,good/img/14_94.png,0,0.45279836654663086,5.101942406326998e-07,3.606211294027162e-07
Retina,9,phase1_hard,good/img/14_95.png,0,0.4558835029602051,1.4653436153366783e-07,1.0158885288547026e-07
Retina,9,phase1_hard,good/img/14_96.png,0,0.4460602402687073,9.288371671800633e-08,6.036963640099202e-08
Retina,9,phase1_hard,good/img/14_97.png,0,0.4193582236766815,6.433155164131676e-08,3.947496196587963e-08
Retina,9,phase1_hard,good/img/14_98.png,0,0.43293339014053345,3.77421201847028e-07,2.15969137684624e-07
Retina,9,phase1_hard,good/img/14_99.png,0,0.46340110898017883,1.2248870007169899e-07,9.053640326328605e-08
Retina,9,phase1_hard,good/img/15_1.png,0,0.4578419029712677,1.6199609831346606e-07,7.413355262997356e-08
Retina,9,phase1_hard,good/img/15_10.png,0,0.7194119691848755,3.5698883493751055e-07,1.4465821607245744e-07
Retina,9,phase1_hard,good/img/15_100.png,0,0.7772780060768127,6.541384209413081e-05,2.050365583272651e-05
Retina,9,phase1_hard,good/img/15_101.png,0,0.5666726231575012,2.7996495646220865e-06,1.7092640973714879e-06
Retina,9,phase1_hard,good/img/15_102.png,0,0.729984700679779,8.271658771263901e-06,3.377118673597579e-06
Retina,9,phase1_hard,good/img/15_103.png,0,0.7820374965667725,1.0302927876182366e-05,4.4260950744501315e-06
Retina,9,phase1_hard,good/img/15_104.png,0,0.7965283393859863,2.5546920369379222e-05,1.0876582564378623e-05
Retina,9,phase1_hard,good/img/15_105.png,0,0.5385758876800537,2.594945726741571e-06,1.0609077207845985e-06
Retina,9,phase1_hard,good/img/15_106.png,0,0.7573811411857605,6.2617723415314686e-06,2.847598580046906e-06
Retina,9,phase1_hard,good/img/15_107.png,0,0.5518474578857422,1.107444631998078e-06,5.404104399531207e-07
Retina,9,phase1_hard,good/img/15_108.png,0,0.5242183208465576,6.126471134848543e-07,3.762285700759094e-07
Retina,9,phase1_hard,good/img/15_109.png,0,0.517296552658081,1.5134570503505529e-06,6.353472485898237e-07
Retina,9,phase1_hard,good/img/15_11.png,0,0.5700333118438721,6.180365517138853e-07,2.225874453642973e-07
Retina,9,phase1_hard,good/img/15_110.png,0,0.7482326030731201,4.5020360062153486e-07,2.5972744310820417e-07
Retina,9,phase1_hard,good/img/15_111.png,0,0.7936647534370422,9.728428267408162e-07,6.085734867156134e-07
Retina,9,phase1_hard,good/img/15_112.png,0,0.5090208649635315,1.844065877776302e-07,1.0890830282050956e-07
Retina,9,phase1_hard,good/img/15_113.png,0,0.7882428169250488,7.573185598630516e-07,4.5831467332391185e-07
Retina,9,phase1_hard,good/img/15_114.png,0,0.616430938243866,3.3023249557118106e-07,1.6552121451240964e-07
Retina,9,phase1_hard,good/img/15_115.png,0,0.5331959128379822,2.5126431069111277e-07,1.433975995723813e-07
Retina,9,phase1_hard,good/img/15_116.png,0,0.5167739391326904,5.765103949784134e-08,4.543804266177176e-08
Retina,9,phase1_hard,good/img/15_117.png,0,0.5023902654647827,4.631048611258848e-08,3.2694362772645036e-08
Retina,9,phase1_hard,good/img/15_118.png,0,0.5059740543365479,3.756931619136594e-07,2.046644027586808e-07
Retina,9,phase1_hard,good/img/15_119.png,0,0.5172473192214966,1.939067942657857e-06,7.970091360220977e-07
Retina,9,phase1_hard,good/img/15_12.png,0,0.44933393597602844,8.040424859245832e-08,3.848347773782734e-08
Retina,9,phase1_hard,good/img/15_120.png,0,0.49008822441101074,6.447724132385702e-08,3.578333007681067e-08
Retina,9,phase1_hard,good/img/15_121.png,0,0.505031168460846,1.2521633152573486e-07,6.81246774547617e-08
Retina,9,phase1_hard,good/img/15_122.png,0,0.511274516582489,1.8612179530919093e-07,9.117298560568088e-08
Retina,9,phase1_hard,good/img/15_123.png,0,0.5218069553375244,1.566758953686076e-07,9.05429970998739e-08
Retina,9,phase1_hard,good/img/15_124.png,0,0.5402499437332153,2.2246014452775853e-07,1.082440732602663e-07
Retina,9,phase1_hard,good/img/15_125.png,0,0.7826684713363647,1.063616855390137e-05,2.2648964659310877e-06
Retina,9,phase1_hard,good/img/15_126.png,0,0.80397629737854,6.102357929194113e-06,1.1139670732518425e-06
Retina,9,phase1_hard,good/img/15_127.png,0,0.5090996623039246,1.685833126430225e-07,8.48966976718657e-08
Retina,9,phase1_hard,good/img/15_128.png,0,0.5580911636352539,6.515955419672537e-07,1.9997679601146956e-07
Retina,9,phase1_hard,good/img/15_13.png,0,0.48899543285369873,1.4591020658372145e-07,5.428610450053384e-08
Retina,9,phase1_hard,good/img/15_14.png,0,0.7605267763137817,2.3428892745869234e-05,6.375747034326196e-06
Retina,9,phase1_hard,good/img/15_15.png,0,0.4509454071521759,1.579799580042618e-08,1.3429820810983983e-08
Retina,9,phase1_hard,good/img/15_16.png,0,0.44092994928359985,3.0563622743784435e-08,1.674139582519274e-08
Retina,9,phase1_hard,good/img/15_17.png,0,0.4558504521846771,2.11416679718468e-08,1.0594281896203483e-08
Retina,9,phase1_hard,good/img/15_18.png,0,0.4611615836620331,3.8795615608933076e-08,2.805342447231851e-08
Retina,9,phase1_hard,good/img/15_19.png,0,0.463575541973114,2.4686519850547484e-07,1.0935875138784468e-07
Retina,9,phase1_hard,good/img/15_2.png,0,0.4973214864730835,3.964539274647905e-08,2.7493246790299963e-08
Retina,9,phase1_hard,good/img/15_20.png,0,0.4781041443347931,1.1287814061233803e-07,5.9422436748945984e-08
Retina,9,phase1_hard,good/img/15_21.png,0,0.46091198921203613,9.240912959285197e-07,2.7656440693135664e-07
Retina,9,phase1_hard,good/img/15_22.png,0,0.4774794578552246,4.710333101343167e-08,3.208605647841978e-08
Retina,9,phase1_hard,good/img/15_23.png,0,0.7700415849685669,3.1102949833439197e-06,1.1651886779873166e-06
Retina,9,phase1_hard,good/img/15_24.png,0,0.4618062674999237,1.597318544099835e-08,1.2544436600592235e-08
Retina,9,phase1_hard,good/img/15_25.png,0,0.4605357348918915,1.1307300873397708e-08,1.0197654276566936e-08
Retina,9,phase1_hard,good/img/15_26.png,0,0.42505428194999695,1.02591890538406e-08,8.874159185268127e-09
Retina,9,phase1_hard,good/img/15_27.png,0,0.43628644943237305,7.829353876331879e-08,4.03057178743893e-08
Retina,9,phase1_hard,good/img/15_28.png,0,0.45117563009262085,1.989462106166684e-07,5.8881397535515134e-08
Retina,9,phase1_hard,good/img/15_29.png,0,0.4903887212276459,1.0966503793952143e-07,6.038100508476418e-08
Retina,9,phase1_hard,good/img/15_3.png,0,0.4617784917354584,4.918192431091484e-08,3.013480309732586e-08
Retina,9,phase1_hard,good/img/15_30.png,0,0.45803287625312805,5.188061891203688e-08,3.016008776057788e-08
Retina,9,phase1_hard,good/img/15_31.png,0,0.4513237774372101,2.8580299016311983e-08,1.9134233752993168e-08
Retina,9,phase1_hard,good/img/15_32.png,0,0.44646820425987244,1.418169404132641e-08,1.1636704044803992e-08
Retina,9,phase1_hard,good/img/15_33.png,0,0.4665778577327728,1.5629973759700988e-08,1.3118855335392254e-08
Retina,9,phase1_hard,good/img/15_34.png,0,0.5078811645507812,3.839321891518921e-07,1.9931043482301902e-07
Retina,9,phase1_hard,good/img/15_35.png,0,0.5344448089599609,7.520674785155279e-07,3.921736890788452e-07
Retina,9,phase1_hard,good/img/15_36.png,0,0.4959443211555481,1.3953459188087436e-07,9.338408801795595e-08
Retina,9,phase1_hard,good/img/15_37.png,0,0.46148714423179626,1.0398633776276256e-07,6.474665781297517e-08
Retina,9,phase1_hard,good/img/15_38.png,0,0.48774898052215576,7.255651013338138e-08,4.598357605800629e-08
Retina,9,phase1_hard,good/img/15_4.png,0,0.4482916593551636,9.920913157657196e-08,4.566341260670015e-08
Retina,9,phase1_hard,good/img/15_40.png,0,0.47897428274154663,4.501409023305314e-08,3.147896876498635e-08
Retina,9,phase1_hard,good/img/15_41.png,0,0.48990386724472046,1.194881917854218e-07,8.236224857682828e-08
Retina,9,phase1_hard,good/img/15_42.png,0,0.5658841729164124,6.914917207723192e-07,4.0701971215639787e-07
Retina,9,phase1_hard,good/img/15_43.png,0,0.48628494143486023,5.7779175222094636e-08,3.525373770685292e-08
Retina,9,phase1_hard,good/img/15_44.png,0,0.4918347895145416,1.323390819152337e-07,7.553641978574888e-08
Retina,9,phase1_hard,good/img/15_45.png,0,0.5069111585617065,1.7055491241535492e-07,1.1814280753696949e-07
Retina,9,phase1_hard,good/img/15_46.png,0,0.5055781602859497,3.6620815535570728e-06,2.0686811694758944e-06
Retina,9,phase1_hard,good/img/15_47.png,0,0.4778631627559662,5.325933898348012e-07,2.749084444531036e-07
Retina,9,phase1_hard,good/img/15_48.png,0,0.4803737998008728,2.0150875457147777e-07,1.2552609973681683e-07
Retina,9,phase1_hard,good/img/15_5.png,0,0.4497394859790802,3.3369238394698186e-07,1.2805550397843035e-07
Retina,9,phase1_hard,good/img/15_50.png,0,0.5403211116790771,4.963822902936954e-06,2.7304986360832117e-06
Retina,9,phase1_hard,good/img/15_51.png,0,0.7710230946540833,4.2790623410837725e-05,1.804615203582216e-05
Retina,9,phase1_hard,good/img/15_52.png,0,0.4937741756439209,4.2553524508548435e-06,2.167087814086699e-06
Retina,9,phase1_hard,good/img/15_53.png,0,0.4982219934463501,1.279221942240838e-05,5.037369191995822e-06
Retina,9,phase1_hard,good/img/15_54.png,0,0.5153880715370178,5.575568138738163e-06,2.9395839646895183e-06
Retina,9,phase1_hard,good/img/15_55.png,0,0.5186209678649902,6.413444680219982e-06,3.6413741781871067e-06
Retina,9,phase1_hard,good/img/15_6.png,0,0.46947336196899414,2.1665165661488572e-08,1.5541951725595027e-08
Retina,9,phase1_hard,good/img/15_64.png,0,0.5927332639694214,1.752545722411014e-05,1.0578567525953986e-05
Retina,9,phase1_hard,good/img/15_65.png,0,0.7857140302658081,0.0003954711137339473,0.00013607359142042696
Retina,9,phase1_hard,good/img/15_66.png,0,0.7928909659385681,0.001120823435485363,0.00045520212734118104
Retina,9,phase1_hard,good/img/15_67.png,0,0.6056507229804993,5.84651279496029e-05,3.692829341161996e-05
Retina,9,phase1_hard,good/img/15_68.png,0,0.7952951788902283,0.0003965179203078151,0.0001803579507395625
Retina,9,phase1_hard,good/img/15_69.png,0,0.7990879416465759,0.001337200403213501,0.0004291354271117598
Retina,9,phase1_hard,good/img/15_7.png,0,0.4457929730415344,3.456317188010871e-08,1.8598392159674404e-08
Retina,9,phase1_hard,good/img/15_70.png,0,0.8029525876045227,0.00016525897081010044,8.2843704149127e-05
Retina,9,phase1_hard,good/img/15_71.png,0,0.8043503165245056,0.0021646409295499325,0.0010127209825441241
Retina,9,phase1_hard,good/img/15_72.png,0,0.8043524026870728,0.010775252245366573,0.0025577996857464314
Retina,9,phase1_hard,good/img/15_73.png,0,0.8006542325019836,0.007966828532516956,0.002470022300258279
Retina,9,phase1_hard,good/img/15_74.png,0,0.8017340302467346,0.021226845681667328,0.010898219421505928
Retina,9,phase1_hard,good/img/15_75.png,0,0.7946633696556091,0.0014504989376291633,0.0008011278114281595
Retina,9,phase1_hard,good/img/15_76.png,0,0.7909832000732422,0.006108420435339212,0.0029346602968871593
Retina,9,phase1_hard,good/img/15_77.png,0,0.7916521430015564,4.180009273113683e-05,2.8891890906379558e-05
Retina,9,phase1_hard,good/img/15_78.png,0,0.8043730854988098,0.0006787077290937304,0.0003065500350203365
Retina,9,phase1_hard,good/img/15_79.png,0,0.8003795146942139,0.006751132197678089,0.0030263024382293224
Retina,9,phase1_hard,good/img/15_8.png,0,0.48860964179039,1.1312211967151597e-07,5.026467420066183e-08
Retina,9,phase1_hard,good/img/15_80.png,0,0.7909650206565857,3.488508446025662e-05,1.9283907022327185e-05
Retina,9,phase1_hard,good/img/15_81.png,0,0.7758082151412964,0.0001526993146399036,5.59999534743838e-05
Retina,9,phase1_hard,good/img/15_82.png,0,0.7896969318389893,6.070383096812293e-05,3.3718075428623706e-05
Retina,9,phase1_hard,good/img/15_83.png,0,0.7947580814361572,0.00016367276839446276,9.082318138098344e-05
Retina,9,phase1_hard,good/img/15_84.png,0,0.8128202557563782,0.00010098192433360964,5.9029105614172295e-05
Retina,9,phase1_hard,good/img/15_85.png,0,0.5059759020805359,3.542398553690873e-05,1.9175431589246728e-05
Retina,9,phase1_hard,good/img/15_86.png,0,0.5840873718261719,1.8758080841507763e-05,9.04738135432126e-06
Retina,9,phase1_hard,good/img/15_87.png,0,0.5789572596549988,1.9265691662440076e-05,1.0916824066953268e-05
Retina,9,phase1_hard,good/img/15_88.png,0,0.5224138498306274,3.121041800113744e-06,1.7481792156104348e-06
Retina,9,phase1_hard,good/img/15_89.png,0,0.5182563662528992,1.3971483895147685e-05,7.327169441850856e-06
Retina,9,phase1_hard,good/img/15_9.png,0,0.4572835862636566,4.299045031075366e-08,2.8161274201465858e-08
Retina,9,phase1_hard,good/img/15_90.png,0,0.5137923359870911,1.1556589015526697e-05,4.757259375764988e-06
Retina,9,phase1_hard,good/img/15_91.png,0,0.7947474122047424,0.0004538787470664829,0.00013795778795611113
Retina,9,phase1_hard,good/img/15_92.png,0,0.7600064873695374,7.3567200161051e-05,2.7391204639570788e-05
Retina,9,phase1_hard,good/img/15_93.png,0,0.7385360598564148,1.6780320947873406e-05,8.709481335245073e-06
Retina,9,phase1_hard,good/img/15_94.png,0,0.49131080508232117,3.633150527093676e-06,2.090888301609084e-06
Retina,9,phase1_hard,good/img/15_95.png,0,0.7598140835762024,1.852091918408405e-05,1.1534361874510068e-05
Retina,9,phase1_hard,good/img/15_96.png,0,0.7931236624717712,0.00024329479492735118,7.603503036079928e-05
Retina,9,phase1_hard,good/img/15_97.png,0,0.717073917388916,3.851482688332908e-06,2.3419270291924477e-06
Retina,9,phase1_hard,good/img/15_98.png,0,0.6058078408241272,2.1712012312491424e-06,1.2679741985266446e-06
Retina,9,phase1_hard,good/img/15_99.png,0,0.7938917279243469,0.000547522387932986,0.00020911157480441034
Retina,9,phase1_hard,good/img/1_10.png,0,0.4395029544830322,3.5441104273559176e-08,2.1216616019614776e-08
Retina,9,phase1_hard,good/img/1_100.png,0,0.6038257479667664,0.0005243054474703968,0.0001724928879411891
Retina,9,phase1_hard,good/img/1_101.png,0,0.8038101196289062,0.023233070969581604,0.009852666407823563
Retina,9,phase1_hard,good/img/1_102.png,0,0.797440230846405,0.11074718087911606,0.04660296067595482
Retina,9,phase1_hard,good/img/1_103.png,0,0.8014591336250305,0.10027006268501282,0.04648333787918091
Retina,9,phase1_hard,good/img/1_104.png,0,0.5156561136245728,1.509552475909004e-05,7.1404792834073305e-06
Retina,9,phase1_hard,good/img/1_105.png,0,0.8046777844429016,0.13573482632637024,0.08030521869659424
Retina,9,phase1_hard,good/img/1_106.png,0,0.4973820149898529,4.022839493700303e-05,2.056020821328275e-05
Retina,9,phase1_hard,good/img/1_107.png,0,0.49210402369499207,8.448736480204388e-06,4.1053331187868025e-06
Retina,9,phase1_hard,good/img/1_108.png,0,0.6142184138298035,0.00030800080276094377,0.0001297717244597152
Retina,9,phase1_hard,good/img/1_109.png,0,0.7756914496421814,0.000698149495292455,0.00022007949883118272
Retina,9,phase1_hard,good/img/1_11.png,0,0.48685377836227417,4.640748585416077e-08,2.113207742127088e-08
Retina,9,phase1_hard,good/img/1_110.png,0,0.7851161360740662,0.0007319175638258457,0.00019225369032938033
Retina,9,phase1_hard,good/img/1_111.png,0,0.5954183340072632,5.804354827887437e-07,3.2082220968732145e-07
Retina,9,phase1_hard,good/img/1_112.png,0,0.775538444519043,0.00014350282435771078,6.507809303002432e-05
Retina,9,phase1_hard,good/img/1_113.png,0,0.7730880975723267,7.185684080468491e-05,2.390219015069306e-05
Retina,9,phase1_hard,good/img/1_114.png,0,0.4972867965698242,1.0426174412714317e-06,5.201924864195462e-07
Retina,9,phase1_hard,good/img/1_115.png,0,0.5091676115989685,2.2333003926178208e-06,8.31032878068072e-07
Retina,9,phase1_hard,good/img/1_116.png,0,0.5129297971725464,2.7597091047937283e-06,1.9688375232362887e-06
Retina,9,phase1_hard,good/img/1_117.png,0,0.48582151532173157,3.924117777387437e-07,1.9589907651607064e-07
Retina,9,phase1_hard,good/img/1_118.png,0,0.7319285273551941,7.4299555308243725e-06,2.7983398922515335e-06
Retina,9,phase1_hard,good/img/1_119.png,0,0.7613425254821777,4.039394752908265e-06,1.9902270196325844e-06
Retina,9,phase1_hard,good/img/1_12.png,0,0.409458190202713,9.273887435767847e-09,8.226140657541237e-09
Retina,9,phase1_hard,good/img/1_120.png,0,0.7646306157112122,0.000691755092702806,0.0002134907408617437
Retina,9,phase1_hard,good/img/1_121.png,0,0.46188247203826904,1.4180634934746195e-05,3.998754436906893e-06
Retina,9,phase1_hard,good/img/1_122.png,0,0.44473764300346375,2.0585931181926753e-08,1.7337866253797074e-08
Retina,9,phase1_hard,good/img/1_123.png,0,0.4892403483390808,1.0103376268943975e-07,6.622264692168756e-08
Retina,9,phase1_hard,good/img/1_124.png,0,0.4734645187854767,5.6228508071853867e-08,3.993884334363429e-08
Retina,9,phase1_hard,good/img/1_125.png,0,0.47970160841941833,5.227834662946407e-07,3.4233059409416455e-07
Retina,9,phase1_hard,good/img/1_126.png,0,0.478389710187912,6.622872916750566e-08,5.0855334166044486e-08
Retina,9,phase1_hard,good/img/1_127.png,0,0.4709765315055847,7.075094288211403e-08,4.952338272801171e-08
Retina,9,phase1_hard,good/img/1_128.png,0,0.4799627959728241,1.2415104322371917e-07,6.560323129178869e-08
Retina,9,phase1_hard,good/img/1_13.png,0,0.4353753626346588,1.436455399073111e-08,1.1466605442933542e-08
Retina,9,phase1_hard,good/img/1_14.png,0,0.45237085223197937,1.0939655403774395e-08,9.487316710021787e-09
Retina,9,phase1_hard,good/img/1_15.png,0,0.4465213716030121,2.09005808216034e-08,1.4522584912413095e-08
Retina,9,phase1_hard,good/img/1_16.png,0,0.4366293251514435,1.3137278820352094e-08,1.1054847703917403e-08
Retina,9,phase1_hard,good/img/1_17.png,0,0.4503158628940582,1.6777537581447177e-08,1.329829668605953e-08
Retina,9,phase1_hard,good/img/1_18.png,0,0.46536174416542053,2.926512934209313e-07,1.5094224181666505e-07
Retina,9,phase1_hard,good/img/1_19.png,0,0.437608003616333,9.992905170008726e-09,8.642953019943889e-09
Retina,9,phase1_hard,good/img/1_20.png,0,0.4505334198474884,1.3968592504909338e-08,1.220132173074262e-08
Retina,9,phase1_hard,good/img/1_21.png,0,0.432819664478302,4.210951232153093e-08,2.5512656876003348e-08
Retina,9,phase1_hard,good/img/1_22.png,0,0.4518503248691559,2.9361144626705027e-08,2.0131048827920495e-08
Retina,9,phase1_hard,good/img/1_3.png,0,0.45212963223457336,8.824343922242406e-09,8.274308349598414e-09
Retina,9,phase1_hard,good/img/1_4.png,0,0.46714308857917786,3.780025537025722e-08,2.1191715049440063e-08
Retina,9,phase1_hard,good/img/1_5.png,0,0.4334413707256317,1.4358473521269843e-08,1.0284324503118114e-08
Retina,9,phase1_hard,good/img/1_6.png,0,0.4456368088722229,2.1875900202417142e-08,1.4564374595238405e-08
Retina,9,phase1_hard,good/img/1_69.png,0,0.8139739632606506,0.0008629810181446373,0.00045122794108465314
Retina,9,phase1_hard,good/img/1_7.png,0,0.447144478559494,1.778324865142622e-08,1.2392012749273817e-08
Retina,9,phase1_hard,good/img/1_70.png,0,0.5394871234893799,1.1281134902674239e-05,6.627121365454514e-06
Retina,9,phase1_hard,good/img/1_71.png,0,0.5280850529670715,5.9252830396872014e-05,2.791971382976044e-05
Retina,9,phase1_hard,good/img/1_72.png,0,0.8117891550064087,0.2293735295534134,0.11548681557178497
Retina,9,phase1_hard,good/img/1_73.png,0,0.7901591658592224,0.0014455128693953156,0.00048290155245922506
Retina,9,phase1_hard,good/img/1_74.png,0,0.8059953451156616,0.03966613486409187,0.02116371877491474
Retina,9,phase1_hard,good/img/1_75.png,0,0.7917494773864746,0.0008189026266336441,0.00027235300512984395
Retina,9,phase1_hard,good/img/1_76.png,0,0.8030213117599487,0.029646452516317368,0.01455090381205082
Retina,9,phase1_hard,good/img/1_77.png,0,0.8124608397483826,0.002801702357828617,0.001675399369560182
Retina,9,phase1_hard,good/img/1_78.png,0,0.7609478235244751,5.984699328109855e-06,4.036172413179884e-06
Retina,9,phase1_hard,good/img/1_79.png,0,0.8141732215881348,0.001205440959893167,0.0004694883828051388
Retina,9,phase1_hard,good/img/1_8.png,0,0.4526819884777069,2.014368405411915e-08,1.5079116622018773e-08
Retina,9,phase1_hard,good/img/1_80.png,0,0.8082850575447083,0.2957572937011719,0.11608097702264786
Retina,9,phase1_hard,good/img/1_81.png,0,0.7920356392860413,6.132927956059575e-05,2.0443028915906325e-05
Retina,9,phase1_hard,good/img/1_83.png,0,0.6064871549606323,2.5586779884179123e-05,1.1236267710046377e-05
Retina,9,phase1_hard,good/img/1_84.png,0,0.733225405216217,1.950924524862785e-05,8.69189443619689e-06
Retina,9,phase1_hard,good/img/1_85.png,0,0.7566174864768982,3.0913317459635437e-05,1.3037919416092336e-05
Retina,9,phase1_hard,good/img/1_86.png,0,0.5251147150993347,1.824884930101689e-05,1.1034247108909767e-05
Retina,9,phase1_hard,good/img/1_87.png,0,0.4904811382293701,2.5422034468647325e-06,1.6980408190647722e-06
Retina,9,phase1_hard,good/img/1_88.png,0,0.7508057355880737,2.917316487582866e-05,1.6069969206000678e-05
Retina,9,phase1_hard,good/img/1_89.png,0,0.7901285886764526,0.00014857359929010272,5.019317541155033e-05
Retina,9,phase1_hard,good/img/1_9.png,0,0.44527387619018555,2.1276173711726187e-08,1.3346600269414921e-08
Retina,9,phase1_hard,good/img/1_90.png,0,0.7946463823318481,0.0001705766626400873,8.52234588819556e-05
Retina,9,phase1_hard,good/img/1_91.png,0,0.7999581694602966,0.00921081006526947,0.00522617856040597
Retina,9,phase1_hard,good/img/1_92.png,0,0.8038598299026489,0.003785590408369899,0.0007212373893707991
Retina,9,phase1_hard,good/img/1_93.png,0,0.8007652163505554,0.0010922548826783895,0.00026276608696207404
Retina,9,phase1_hard,good/img/1_94.png,0,0.7660306096076965,0.000440784206148237,0.00014983146684244275
Retina,9,phase1_hard,good/img/1_95.png,0,0.8065409064292908,0.03206747770309448,0.016848713159561157
Retina,9,phase1_hard,good/img/1_96.png,0,0.7962556481361389,0.00034623281680978835,0.00013193744234740734
Retina,9,phase1_hard,good/img/1_97.png,0,0.7999562621116638,0.001247465144842863,0.0004961213562637568
Retina,9,phase1_hard,good/img/1_98.png,0,0.8062015771865845,0.38466671109199524,0.2150382548570633
Retina,9,phase1_hard,good/img/1_99.png,0,0.792984127998352,0.0011132939253002405,0.00038676155963912606
Retina,9,phase1_hard,good/img/2_1.png,0,0.7782918810844421,0.00010422069317428395,3.164956797263585e-05
Retina,9,phase1_hard,good/img/2_100.png,0,0.7597901821136475,8.445537787338253e-06,5.522053925233195e-06
Retina,9,phase1_hard,good/img/2_101.png,0,0.484491229057312,9.782932153257207e-08,7.351328434879179e-08
Retina,9,phase1_hard,good/img/2_102.png,0,0.4774315357208252,2.317070766366669e-06,7.251040301525791e-07
Retina,9,phase1_hard,good/img/2_103.png,0,0.4922398030757904,8.092195002973313e-08,6.197019075671051e-08
Retina,9,phase1_hard,good/img/2_104.png,0,0.4667767584323883,6.070562363902354e-08,4.5722693187144614e-08
Retina,9,phase1_hard,good/img/2_105.png,0,0.5394433736801147,1.988816075026989e-05,4.703013019025093e-06
Retina,9,phase1_hard,good/img/2_106.png,0,0.498447060585022,6.077745524635247e-07,2.4761473582657345e-07
Retina,9,phase1_hard,good/img/2_107.png,0,0.484082967042923,7.809501880728931e-07,2.784442756365024e-07
Retina,9,phase1_hard,good/img/2_108.png,0,0.49788764119148254,1.8021866310391488e-07,8.041014609716512e-08
Retina,9,phase1_hard,good/img/2_109.png,0,0.5627893805503845,1.2778117479683715e-06,4.046059700613114e-07
Retina,9,phase1_hard,good/img/2_11.png,0,0.7677936553955078,1.021700882120058e-05,2.221437625848921e-06
Retina,9,phase1_hard,good/img/2_110.png,0,0.4801580309867859,3.790219693655672e-07,1.59724095283309e-07
Retina,9,phase1_hard,good/img/2_111.png,0,0.5033298134803772,6.620036856475053e-07,1.7136710539489286e-07
Retina,9,phase1_hard,good/img/2_112.png,0,0.5152105093002319,1.0189300780893973e-07,6.966671151076298e-08
Retina,9,phase1_hard,good/img/2_113.png,0,0.5469942092895508,2.645692518399301e-07,1.0276207262904791e-07
Retina,9,phase1_hard,good/img/2_114.png,0,0.5016732811927795,2.914966223954707e-08,2.1198706789959942e-08
Retina,9,phase1_hard,good/img/2_115.png,0,0.51145339012146,3.965118366977549e-07,1.666926721100026e-07
Retina,9,phase1_hard,good/img/2_116.png,0,0.4993462562561035,2.360373656529191e-07,1.2079544831067324e-07
Retina,9,phase1_hard,good/img/2_117.png,0,0.7981268167495728,0.00010724899038905278,1.4834894500381779e-05
Retina,9,phase1_hard,good/img/2_118.png,0,0.4845241606235504,3.2637737490404106e-07,1.3714432611777738e-07
Retina,9,phase1_hard,good/img/2_119.png,0,0.5195430517196655,1.200121459987713e-07,8.778366122896841e-08
Retina,9,phase1_hard,good/img/2_12.png,0,0.5793753862380981,5.297920324665029e-07,1.8515288502385374e-07
Retina,9,phase1_hard,good/img/2_120.png,0,0.49842560291290283,4.587259354593698e-07,2.61678962942824e-07
Retina,9,phase1_hard,good/img/2_121.png,0,0.5656046271324158,8.057516424742062e-06,1.3687276805285364e-06
Retina,9,phase1_hard,good/img/2_122.png,0,0.4984172284603119,4.273806553101167e-08,2.6822741361343105e-08
Retina,9,phase1_hard,good/img/2_123.png,0,0.5289718508720398,1.8778079891035304e-07,1.2318875519667927e-07
Retina,9,phase1_hard,good/img/2_124.png,0,0.52214115858078,4.328508751427762e-08,3.303879125837739e-08
Retina,9,phase1_hard,good/img/2_125.png,0,0.5148023366928101,9.674276952864602e-07,3.816983848992095e-07
Retina,9,phase1_hard,good/img/2_126.png,0,0.5092710852622986,5.448314936984389e-07,3.090843279096589e-07
Retina,9,phase1_hard,good/img/2_127.png,0,0.49471819400787354,5.9067069457796606e-08,3.759766187272362e-08
Retina,9,phase1_hard,good/img/2_128.png,0,0.5152116417884827,8.015190644528047e-08,3.247612312407e-08
Retina,9,phase1_hard,good/img/2_13.png,0,0.7624795436859131,5.346995749277994e-05,9.522834261588287e-06
Retina,9,phase1_hard,good/img/2_14.png,0,0.5140261054039001,5.5922619424109143e-08,4.62800997524937e-08
Retina,9,phase1_hard,good/img/2_15.png,0,0.41923147439956665,2.6033680100567835e-08,1.6629160271008914e-08
Retina,9,phase1_hard,good/img/2_16.png,0,0.43994826078414917,3.780025537025722e-08,2.41639170894814e-08
Retina,9,phase1_hard,good/img/2_17.png,0,0.4617096781730652,1.315372699650652e-08,1.1424448942420895e-08
Retina,9,phase1_hard,good/img/2_18.png,0,0.42740678787231445,3.7760695903443775e-08,2.69270721275916e-08
Retina,9,phase1_hard,good/img/2_19.png,0,0.7191746234893799,9.785205747903092e-07,3.2394370919064386e-07
Retina,9,phase1_hard,good/img/2_2.png,0,0.7870014309883118,5.513862197403796e-05,1.991726821870543e-05
Retina,9,phase1_hard,good/img/2_21.png,0,0.4914347529411316,8.905320925123306e-08,5.709664563369188e-08
Retina,9,phase1_hard,good/img/2_22.png,0,0.7988322973251343,2.865600890800124e-06,1.2680808367804275e-06
Retina,9,phase1_hard,good/img/2_23.png,0,0.4900054633617401,7.19191319831225e-08,5.204272568448687e-08
Retina,9,phase1_hard,good/img/2_24.png,0,0.48993512988090515,2.5815568349685236e-08,2.2030935298289478e-08
Retina,9,phase1_hard,good/img/2_25.png,0,0.4333530366420746,1.9742431689451223e-08,1.6058505636351583e-08
Retina,9,phase1_hard,good/img/2_26.png,0,0.44671323895454407,3.419406979787709e-08,1.9555054464603927e-08
Retina,9,phase1_hard,good/img/2_27.png,0,0.4897075295448303,2.3987327679719783e-08,1.944993144320506e-08
Retina,9,phase1_hard,good/img/2_28.png,0,0.5080356597900391,7.095690079950145e-08,4.7240742873100317e-08
Retina,9,phase1_hard,good/img/2_29.png,0,0.5103557109832764,3.4557569250637243e-08,2.8333403179203742e-08
Retina,9,phase1_hard,good/img/2_3.png,0,0.718966007232666,1.3332987691683229e-05,3.603478717195685e-06
Retina,9,phase1_hard,good/img/2_31.png,0,0.49277669191360474,2.501406015653629e-07,1.446485526912511e-07
Retina,9,phase1_hard,good/img/2_32.png,0,0.5423116087913513,7.539039415860316e-06,3.2463976822327822e-06
Retina,9,phase1_hard,good/img/2_33.png,0,0.5112065076828003,1.7624954296024953e-07,8.03171076313447e-08
Retina,9,phase1_hard,good/img/2_34.png,0,0.4829365909099579,2.5440215267735766e-08,2.2162691237781473e-08
Retina,9,phase1_hard,good/img/2_35.png,0,0.605758547782898,2.5381384602951584e-06,1.0235877425657236e-06
Retina,9,phase1_hard,good/img/2_36.png,0,0.7661821246147156,0.0001989056618185714,4.3019237637054175e-05
Retina,9,phase1_hard,good/img/2_37.png,0,0.8054290413856506,0.0005352481384761631,0.00017367703549098223
Retina,9,phase1_hard,good/img/2_4.png,0,0.777466356754303,5.837295702804113e-06,1.7427743159714737e-06
Retina,9,phase1_hard,good/img/2_5.png,0,0.7579905986785889,0.0008459605742245913,0.00011940948752453551
Retina,9,phase1_hard,good/img/2_6.png,0,0.7769533395767212,0.0007219723192974925,0.0001779880840331316
Retina,9,phase1_hard,good/img/2_7.png,0,0.775313675403595,3.216992990928702e-05,6.965684860915644e-06
Retina,9,phase1_hard,good/img/2_8.png,0,0.7455764412879944,2.1863693291379604e-06,4.4711967461807944e-07
Retina,9,phase1_hard,good/img/2_9.png,0,0.7717793583869934,3.7662153772544116e-05,8.408778739976697e-06
Retina,9,phase1_hard,good/img/2_99.png,0,0.7092854976654053,1.8234317167298286e-06,8.102310289359593e-07
Retina,9,phase1_hard,good/img/3_1.png,0,0.7543104290962219,6.210338483469968e-07,2.939915759725409e-07
Retina,9,phase1_hard,good/img/3_10.png,0,0.4112994372844696,1.645937075522852e-08,1.3876926274747348e-08
Retina,9,phase1_hard,good/img/3_11.png,0,0.4352380037307739,2.1715473863537227e-08,1.7468714474944136e-08
Retina,9,phase1_hard,good/img/3_12.png,0,0.4575061798095703,1.837688934358539e-08,1.3073615079406409e-08
Retina,9,phase1_hard,good/img/3_121.png,0,0.43757694959640503,3.116702984584663e-08,2.3137488369684434e-08
Retina,9,phase1_hard,good/img/3_122.png,0,0.4400064945220947,3.66864902900943e-08,2.3376950153419784e-08
Retina,9,phase1_hard,good/img/3_123.png,0,0.41576263308525085,7.598261220209679e-08,4.0906442677624e-08
Retina,9,phase1_hard,good/img/3_125.png,0,0.5101405382156372,2.580636930815672e-07,1.0884124890253588e-07
Retina,9,phase1_hard,good/img/3_126.png,0,0.44891786575317383,3.185068209177189e-08,2.7080277575919354e-08
Retina,9,phase1_hard,good/img/3_127.png,0,0.4396194517612457,1.623048362375812e-08,1.3035794665938738e-08
Retina,9,phase1_hard,good/img/3_128.png,0,0.4503992795944214,1.0488189872148723e-07,4.948984866359751e-08
Retina,9,phase1_hard,good/img/3_14.png,0,0.4513525664806366,5.457437168843171e-08,3.716465002412406e-08
Retina,9,phase1_hard,good/img/3_2.png,0,0.7620842456817627,1.7075448340619914e-05,6.57040845908341e-06
Retina,9,phase1_hard,good/img/3_3.png,0,0.5154198408126831,2.3791805858763837e-08,1.9690208574729695e-08
Retina,9,phase1_hard,good/img/3_4.png,0,0.5199674963951111,4.5147711347226505e-08,3.164917217191032e-08
Retina,9,phase1_hard,good/img/3_5.png,0,0.5005754232406616,1.0335418920703887e-07,6.045569023171993e-08
Retina,9,phase1_hard,good/img/3_6.png,0,0.5049358010292053,4.6169279954710873e-08,2.834315360189521e-08
Retina,9,phase1_hard,good/img/3_7.png,0,0.44197624921798706,2.399130849539688e-08,1.8387231293104378e-08
Retina,9,phase1_hard,good/img/3_9.png,0,0.7745040059089661,1.2697759075308568e-06,4.857955104853318e-07
Retina,9,phase1_hard,good/img/4_1.png,0,0.76897132396698,9.023740858538076e-06,2.683955244719982e-06
Retina,9,phase1_hard,good/img/4_10.png,0,0.773777961730957,5.190561569179408e-05,1.7665130144450814e-05
Retina,9,phase1_hard,good/img/4_11.png,0,0.7781438231468201,1.0398775884823408e-05,5.10729887537309e-06
Retina,9,phase1_hard,good/img/4_12.png,0,0.5124726295471191,1.554198775011173e-06,8.184087505469506e-07
Retina,9,phase1_hard,good/img/4_13.png,0,0.5677226185798645,1.8495220501790754e-05,6.03441594648757e-06
Retina,9,phase1_hard,good/img/4_15.png,0,0.7950073480606079,0.00026178263942711055,0.000125374281196855
Retina,9,phase1_hard,good/img/4_16.png,0,0.6993265748023987,2.4739408672758145e-06,1.590779106663831e-06
Retina,9,phase1_hard,good/img/4_17.png,0,0.5829776525497437,0.000253782287472859,6.021266744937748e-05
Retina,9,phase1_hard,good/img/4_18.png,0,0.570490837097168,0.0005479595856741071,9.639232303015888e-05
Retina,9,phase1_hard,good/img/4_19.png,0,0.7265040278434753,9.265479457098991e-05,2.6904770493274555e-05
Retina,9,phase1_hard,good/img/4_2.png,0,0.631463348865509,2.409992703178432e-06,8.008683494153956e-07
Retina,9,phase1_hard,good/img/4_20.png,0,0.8060223460197449,0.0007028797990642488,0.00014417790225706995
Retina,9,phase1_hard,good/img/4_21.png,0,0.5524495244026184,5.159301963431062e-07,3.3349073191857315e-07
Retina,9,phase1_hard,good/img/4_22.png,0,0.7565692663192749,3.2620234833302675e-06,1.547370629850775e-06
Retina,9,phase1_hard,good/img/4_24.png,0,0.5256380438804626,1.2016256505376077e-06,4.6191152591745777e-07
Retina,9,phase1_hard,good/img/4_25.png,0,0.5111165046691895,1.4323195500764996e-06,7.066385592224833e-07
Retina,9,phase1_hard,good/img/4_26.png,0,0.7611901760101318,2.776670498860767e-06,1.4163559853841434e-06
Retina,9,phase1_hard,good/img/4_27.png,0,0.7929962873458862,0.0009681646479293704,0.00013603515981230885
Retina,9,phase1_hard,good/img/4_28.png,0,0.7853004932403564,0.0013873925199732184,0.00023989577312022448
Retina,9,phase1_hard,good/img/4_29.png,0,0.7532106041908264,5.601518296316499e-06,2.0156035134277772e-06
Retina,9,phase1_hard,good/img/4_3.png,0,0.769614577293396,3.196729448973201e-05,1.249644992640242e-05
Retina,9,phase1_hard,good/img/4_30.png,0,0.798097550868988,0.00015338444791268557,4.625474684871733e-05
Retina,9,phase1_hard,good/img/4_31.png,0,0.7499094009399414,8.43625603010878e-05,3.158347317366861e-05
Retina,9,phase1_hard,good/img/4_32.png,0,0.5576687455177307,4.272928435966605e-06,1.2974613810001756e-06
Retina,9,phase1_hard,good/img/4_33.png,0,0.8068904280662537,1.0585875315882731e-05,4.901700322079705e-06
Retina,9,phase1_hard,good/img/4_34.png,0,0.7677158117294312,1.2838190741604194e-06,8.176339747478778e-07
Retina,9,phase1_hard,good/img/4_35.png,0,0.5621066689491272,6.224402682164509e-07,2.97323708764452e-07
Retina,9,phase1_hard,good/img/4_36.png,0,0.5120049715042114,2.7600406156125246e-06,8.224001817325188e-07
Retina,9,phase1_hard,good/img/4_37.png,0,0.5700526237487793,6.998990102147218e-06,2.09719610211323e-06
Retina,9,phase1_hard,good/img/4_38.png,0,0.5134277939796448,1.772328346305585e-06,6.730131758558855e-07
Retina,9,phase1_hard,good/img/4_39.png,0,0.5204402804374695,5.626256438517885e-07,2.1337410771593568e-07
Retina,9,phase1_hard,good/img/4_4.png,0,0.6450300216674805,8.354101055374485e-07,3.880739427586377e-07
Retina,9,phase1_hard,good/img/4_40.png,0,0.6091673374176025,1.276930470339721e-05,3.3451854051236296e-06
Retina,9,phase1_hard,good/img/4_41.png,0,0.49652591347694397,2.934785925390315e-07,1.3450410563109472e-07
Retina,9,phase1_hard,good/img/4_42.png,0,0.5106055736541748,9.928709232553956e-07,3.888800108597934e-07
Retina,9,phase1_hard,good/img/4_43.png,0,0.7021909952163696,3.3630027473918744e-07,1.490545571414259e-07
Retina,9,phase1_hard,good/img/4_44.png,0,0.5844712257385254,1.343333053682727e-07,8.339556956116212e-08
Retina,9,phase1_hard,good/img/4_45.png,0,0.5115740895271301,1.3091583639379678e-07,6.665084839596602e-08
Retina,9,phase1_hard,good/img/4_46.png,0,0.6979889273643494,1.302182965901011e-07,8.19533383378257e-08
Retina,9,phase1_hard,good/img/4_47.png,0,0.8138083815574646,0.00029225368052721024,0.00010527148697292432
Retina,9,phase1_hard,good/img/4_48.png,0,0.7610470652580261,1.108920059778029e-06,5.045259285907377e-07
Retina,9,phase1_hard,good/img/4_49.png,0,0.8073782324790955,0.0019484718795865774,0.001127374591305852
Retina,9,phase1_hard,good/img/4_50.png,0,0.6972628831863403,3.1558843147649895e-06,1.4888804571455694e-06
Retina,9,phase1_hard,good/img/4_6.png,0,0.5192686915397644,4.4596922066375555e-07,3.0327279887387704e-07
Retina,9,phase1_hard,good/img/4_7.png,0,0.8083824515342712,0.02213781140744686,0.004366142675280571
Retina,9,phase1_hard,good/img/4_8.png,0,0.5611621141433716,3.6263622860133182e-06,1.5270862832039711e-06
Retina,9,phase1_hard,good/img/4_9.png,0,0.7803170680999756,2.9345828806981444e-05,1.2564038115669973e-05
Retina,9,phase1_hard,good/img/5_1.png,0,0.594910740852356,5.449768286780454e-05,1.2587703167810105e-05
Retina,9,phase1_hard,good/img/5_10.png,0,0.48841607570648193,1.4031644468559534e-07,9.320429938952657e-08
Retina,9,phase1_hard,good/img/5_11.png,0,0.5219396948814392,1.9105449666767527e-07,1.1789528997496745e-07
Retina,9,phase1_hard,good/img/5_12.png,0,0.5967828631401062,5.882483264940674e-07,3.1645163289795164e-07
Retina,9,phase1_hard,good/img/5_13.png,0,0.5177419781684875,1.0848648201999822e-07,7.721678230154794e-08
Retina,9,phase1_hard,good/img/5_14.png,0,0.4790012240409851,6.642931111855432e-07,2.827403022820363e-07
Retina,9,phase1_hard,good/img/5_15.png,0,0.700030505657196,5.9285180213919375e-06,2.250765874123317e-06
Retina,9,phase1_hard,good/img/5_16.png,0,0.5067001581192017,1.7466612689531757e-07,8.673452356333655e-08
Retina,9,phase1_hard,good/img/5_17.png,0,0.7193913459777832,2.6761652407003567e-05,8.633436664240435e-06
Retina,9,phase1_hard,good/img/5_19.png,0,0.5903302431106567,2.3181730284704827e-05,7.308778094738955e-06
Retina,9,phase1_hard,good/img/5_2.png,0,0.5584392547607422,6.423275408451445e-06,2.1872619981877506e-06
Retina,9,phase1_hard,good/img/5_20.png,0,0.5341841578483582,2.442415734549286e-06,1.2001637514913455e-06
Retina,9,phase1_hard,good/img/5_21.png,0,0.7081210613250732,3.21575062116608e-05,1.0460203156981152e-05
Retina,9,phase1_hard,good/img/5_22.png,0,0.5745928287506104,3.6110216683482577e-07,2.8350987690828333e-07
Retina,9,phase1_hard,good/img/5_23.png,0,0.7256312370300293,9.386120837007184e-06,2.713524509090348e-06
Retina,9,phase1_hard,good/img/5_24.png,0,0.569392204284668,8.972518799055251e-07,5.027662268730637e-07
Retina,9,phase1_hard,good/img/5_25.png,0,0.6091954112052917,1.0016567557613598e-06,4.5738221388091915e-07
Retina,9,phase1_hard,good/img/5_26.png,0,0.5362082719802856,4.796535222340026e-07,2.1229689650681394e-07
Retina,9,phase1_hard,good/img/5_28.png,0,0.5079522728919983,7.200368656867795e-08,3.790803404513099e-08
Retina,9,phase1_hard,good/img/5_29.png,0,0.751546323299408,1.8676524859984056e-06,9.90503394859843e-07
Retina,9,phase1_hard,good/img/5_3.png,0,0.680597722530365,8.93652440936421e-07,5.942963525740197e-07
Retina,9,phase1_hard,good/img/5_4.png,0,0.5018415451049805,7.186812212012228e-08,5.026245730732626e-08
Retina,9,phase1_hard,good/img/5_5.png,0,0.5277625322341919,1.4208560514816782e-06,5.642200449074153e-07
Retina,9,phase1_hard,good/img/5_6.png,0,0.5038697123527527,2.4827141942296294e-07,1.2364539259124285e-07
Retina,9,phase1_hard,good/img/5_7.png,0,0.8016882538795471,0.0024230382405221462,0.0005547039327211678
Retina,9,phase1_hard,good/img/5_8.png,0,0.5174948573112488,5.345502358977683e-05,1.3430167200567666e-05
Retina,9,phase1_hard,good/img/6_1.png,0,0.788986086845398,0.0014080812688916922,0.0004240075359120965
Retina,9,phase1_hard,good/img/6_10.png,0,0.7833070158958435,0.00028756741085089743,3.920961171388626e-05
Retina,9,phase1_hard,good/img/6_100.png,0,0.7978602051734924,0.0013299101265147328,0.0006909672520123422
Retina,9,phase1_hard,good/img/6_101.png,0,0.7800936698913574,0.004446990322321653,0.001296769711188972
Retina,9,phase1_hard,good/img/6_102.png,0,0.7796602845191956,4.2401068640174344e-05,2.5833431209321134e-05
Retina,9,phase1_hard,good/img/6_103.png,0,0.7906971573829651,0.0002427155413897708,0.00015165767399594188
Retina,9,phase1_hard,good/img/6_104.png,0,0.7921777367591858,0.00015841657295823097,6.284803384914994e-05
Retina,9,phase1_hard,good/img/6_105.png,0,0.7923996448516846,0.00017268644296564162,7.405874930555001e-05
Retina,9,phase1_hard,good/img/6_106.png,0,0.7922265529632568,0.0015012322692200541,0.00047254536184482276
Retina,9,phase1_hard,good/img/6_107.png,0,0.7874740362167358,0.0013348577776923776,0.0003901291929651052
Retina,9,phase1_hard,good/img/6_108.png,0,0.67546546459198,5.917046905778989e-07,3.4885363220382715e-07
Retina,9,phase1_hard,good/img/6_109.png,0,0.7970008254051208,0.4024714231491089,0.09311997890472412
Retina,9,phase1_hard,good/img/6_11.png,0,0.7520226240158081,1.8655518942978233e-05,3.7762972624477698e-06
Retina,9,phase1_hard,good/img/6_110.png,0,0.7669293284416199,7.445525625371374e-06,2.1358860067266505e-06
Retina,9,phase1_hard,good/img/6_111.png,0,0.7811712026596069,0.00045401896932162344,6.579472392331809e-05
Retina,9,phase1_hard,good/img/6_112.png,0,0.7911157011985779,7.931424079288263e-06,4.180139967502328e-06
Retina,9,phase1_hard,good/img/6_113.png,0,0.7919497489929199,7.098540663719177e-05,1.982859248528257e-05
Retina,9,phase1_hard,good/img/6_114.png,0,0.6136886477470398,8.81421044596209e-07,4.635434436295327e-07
Retina,9,phase1_hard,good/img/6_115.png,0,0.7679532766342163,1.9089482520939782e-05,3.420167786316597e-06
Retina,9,phase1_hard,good/img/6_116.png,0,0.750605046749115,5.639510618493659e-06,1.1761324003600748e-06
Retina,9,phase1_hard,good/img/6_117.png,0,0.5103785991668701,4.2551315004857315e-07,2.4414259769400815e-07
Retina,9,phase1_hard,good/img/6_118.png,0,0.48840653896331787,7.169383025029674e-07,2.4556709377066e-07
Retina,9,phase1_hard,good/img/6_119.png,0,0.7153324484825134,6.027101449035399e-07,2.4629244421703334e-07
Retina,9,phase1_hard,good/img/6_12.png,0,0.7821805477142334,3.06218680634629e-05,1.2392450116749387e-05
Retina,9,phase1_hard,good/img/6_120.png,0,0.7539476156234741,7.149855036914232e-07,4.832031095247658e-07
Retina,9,phase1_hard,good/img/6_121.png,0,0.7819348573684692,2.595465502963634e-06,1.3621123571283533e-06
Retina,9,phase1_hard,good/img/6_122.png,0,0.7865307927131653,8.402606908930466e-06,4.425452516443329e-06
Retina,9,phase1_hard,good/img/6_123.png,0,0.744804859161377,7.272900575117092e-07,3.537943769060803e-07
Retina,9,phase1_hard,good/img/6_124.png,0,0.6725756525993347,2.1724933958466863e-06,1.1237511898798402e-06
Retina,9,phase1_hard,good/img/6_125.png,0,0.7556057572364807,2.4283503989863675e-06,1.1786257800849853e-06
Retina,9,phase1_hard,good/img/6_126.png,0,0.7729768753051758,8.773176523391157e-05,4.8020512622315437e-05
Retina,9,phase1_hard,good/img/6_127.png,0,0.791344165802002,1.6354886611225083e-05,6.4503992689424194e-06
Retina,9,phase1_hard,good/img/6_128.png,0,0.6481388211250305,3.282525995018659e-06,1.1320000794512453e-06
Retina,9,phase1_hard,good/img/6_13.png,0,0.7950376868247986,0.00015274576435331255,3.399421984795481e-05
Retina,9,phase1_hard,good/img/6_14.png,0,0.7928207516670227,0.0003276002244092524,8.214301487896591e-05
Retina,9,phase1_hard,good/img/6_15.png,0,0.7865001559257507,0.0004738301504403353,0.00010876035958062857
Retina,9,phase1_hard,good/img/6_16.png,0,0.791900634765625,0.0006844945019111037,0.00013695303641725332
Retina,9,phase1_hard,good/img/6_17.png,0,0.789741575717926,1.9041986888623796e-05,6.000396751915105e-06
Retina,9,phase1_hard,good/img/6_18.png,0,0.7808040976524353,0.0005038314266130328,0.00010722682782215998
Retina,9,phase1_hard,good/img/6_19.png,0,0.7972900867462158,0.0005315112066455185,0.0003335738438181579
Retina,9,phase1_hard,good/img/6_2.png,0,0.7891435623168945,0.00017907936125993729,7.243119034683332e-05
Retina,9,phase1_hard,good/img/6_20.png,0,0.7895441651344299,7.69949983805418e-05,1.5219085071294103e-05
Retina,9,phase1_hard,good/img/6_21.png,0,0.7937028408050537,0.00020155766105744988,5.47654417459853e-05
Retina,9,phase1_hard,good/img/6_22.png,0,0.7855305075645447,0.0004602951812557876,8.306725794682279e-05
Retina,9,phase1_hard,good/img/6_23.png,0,0.7946081161499023,1.856211747508496e-05,6.742196546838386e-06
Retina,9,phase1_hard,good/img/6_24.png,0,0.7754647135734558,5.435256753116846e-05,1.0506526450626552e-05
Retina,9,phase1_hard,good/img/6_26.png,0,0.7633644342422485,3.331948846607702e-06,1.4761498050575028e-06
Retina,9,phase1_hard,good/img/6_27.png,0,0.8019964098930359,0.0022383886389434338,0.0010190218454226851
Retina,9,phase1_hard,good/img/6_28.png,0,0.7806307673454285,4.0721672121435404e-05,1.818961027311161e-05
Retina,9,phase1_hard,good/img/6_29.png,0,0.7767879366874695,2.8347063562250696e-05,9.970901373890229e-06
Retina,9,phase1_hard,good/img/6_3.png,0,0.7910878658294678,0.001906082034111023,0.0009358575916849077
Retina,9,phase1_hard,good/img/6_30.png,0,0.7857505679130554,0.0007777676801197231,0.0001660625566728413
Retina,9,phase1_hard,good/img/6_31.png,0,0.7876312136650085,0.00424801092594862,0.0010162211256101727
Retina,9,phase1_hard,good/img/6_32.png,0,0.7755022048950195,2.2702730348100886e-05,7.371361334662652e-06
Retina,9,phase1_hard,good/img/6_33.png,0,0.7791898250579834,7.962295785546303e-05,3.820297933998518e-05
Retina,9,phase1_hard,good/img/6_35.png,0,0.7899380922317505,0.0028668849263340235,0.00041224074084311724
Retina,9,phase1_hard,good/img/6_36.png,0,0.805044949054718,0.000349701673258096,0.00013614172348752618
Retina,9,phase1_hard,good/img/6_37.png,0,0.7947208881378174,0.020769087597727776,0.004040304105728865
Retina,9,phase1_hard,good/img/6_38.png,0,0.7827591896057129,0.004997957497835159,0.00145314063411206
Retina,9,phase1_hard,good/img/6_39.png,0,0.8021712303161621,0.0007465588860213757,0.0003660111397039145
Retina,9,phase1_hard,good/img/6_4.png,0,0.7906749248504639,0.002179468283429742,0.0005371993174776435
Retina,9,phase1_hard,good/img/6_40.png,0,0.7904379963874817,0.0004999935626983643,0.00022383895702660084
Retina,9,phase1_hard,good/img/6_41.png,0,0.7986520528793335,0.013791005127131939,0.005769174546003342
Retina,9,phase1_hard,good/img/6_42.png,0,0.7904099225997925,0.0002593564859125763,0.00015314493793994188
Retina,9,phase1_hard,good/img/6_44.png,0,0.7872516512870789,0.0007176296203397214,0.0003854466776829213
Retina,9,phase1_hard,good/img/6_45.png,0,0.7899575233459473,0.020187612622976303,0.00434458814561367
Retina,9,phase1_hard,good/img/6_46.png,0,0.7854466438293457,0.017544656991958618,0.003158081788569689
Retina,9,phase1_hard,good/img/6_47.png,0,0.7947752475738525,0.018678538501262665,0.004047160968184471
Retina,9,phase1_hard,good/img/6_48.png,0,0.7865194082260132,0.1119222640991211,0.024104299023747444
Retina,9,phase1_hard,good/img/6_49.png,0,0.7929303050041199,0.1014520674943924,0.023210536688566208
Retina,9,phase1_hard,good/img/6_5.png,0,0.7907947301864624,0.0012292210012674332,0.00026655735564418137
Retina,9,phase1_hard,good/img/6_50.png,0,0.7866131663322449,0.07868892699480057,0.0185768511146307
Retina,9,phase1_hard,good/img/6_51.png,0,0.793251097202301,0.0016048867255449295,0.0003921327297575772
Retina,9,phase1_hard,good/img/6_52.png,0,0.7951104044914246,0.008856123313307762,0.0015414045192301273
Retina,9,phase1_hard,good/img/6_53.png,0,0.7918671369552612,0.023875214159488678,0.004645844455808401
Retina,9,phase1_hard,good/img/6_6.png,0,0.7940319180488586,0.05758528411388397,0.009548086673021317
Retina,9,phase1_hard,good/img/6_7.png,0,0.7816836833953857,0.0002118374832207337,3.7650544982170686e-05
Retina,9,phase1_hard,good/img/6_8.png,0,0.7787547707557678,7.392184488708153e-05,1.8333930711378343e-05
Retina,9,phase1_hard,good/img/6_84.png,0,0.7883129715919495,0.010990269482135773,0.002187708392739296
Retina,9,phase1_hard,good/img/6_85.png,0,0.7920073866844177,0.005600457079708576,0.002265426330268383
Retina,9,phase1_hard,good/img/6_86.png,0,0.7883361577987671,0.006637854967266321,0.0014387526316568255
Retina,9,phase1_hard,good/img/6_87.png,0,0.7815734148025513,0.00024275187752209604,5.58500069018919e-05
Retina,9,phase1_hard,good/img/6_88.png,0,0.781359076499939,0.00024642166681587696,0.00010841042239917442
Retina,9,phase1_hard,good/img/6_89.png,0,0.7794743180274963,0.000811759615316987,0.00016084416711237282
Retina,9,phase1_hard,good/img/6_9.png,0,0.7478880882263184,9.460223736823536e-06,2.08938058676722e-06
Retina,9,phase1_hard,good/img/6_90.png,0,0.7742176055908203,9.03626496437937e-05,3.544934224919416e-05
Retina,9,phase1_hard,good/img/6_91.png,0,0.786625862121582,0.0003466689377091825,0.00011890900350408629
Retina,9,phase1_hard,good/img/6_92.png,0,0.7952856421470642,0.0016407509101554751,0.0009363429853692651
Retina,9,phase1_hard,good/img/6_93.png,0,0.7886745929718018,3.360813207109459e-05,1.7440826923120767e-05
Retina,9,phase1_hard,good/img/6_94.png,0,0.7954868078231812,0.011444334872066975,0.003683900460600853
Retina,9,phase1_hard,good/img/6_95.png,0,0.7925007939338684,0.0027787797152996063,0.0007245643064379692
Retina,9,phase1_hard,good/img/6_96.png,0,0.7914426922798157,0.00075841712532565,0.000191518513020128
Retina,9,phase1_hard,good/img/6_97.png,0,0.7813471555709839,0.0007936765905469656,0.00034095774753950536
Retina,9,phase1_hard,good/img/6_98.png,0,0.791796863079071,0.0009983167983591557,0.00021927767375018448
Retina,9,phase1_hard,good/img/6_99.png,0,0.782016932964325,4.577817890094593e-05,1.9764964235946536e-05
Retina,9,phase1_hard,good/img/7_1.png,0,0.7822303175926208,2.991118890349753e-06,8.008145755411533e-07
Retina,9,phase1_hard,good/img/7_10.png,0,0.501418948173523,5.1988592986162985e-08,3.852752783473079e-08
Retina,9,phase1_hard,good/img/7_100.png,0,0.47865548729896545,8.896295753402228e-07,2.9036658588665887e-07
Retina,9,phase1_hard,good/img/7_101.png,0,0.46991002559661865,6.270577159739332e-07,2.2937094001918013e-07
Retina,9,phase1_hard,good/img/7_102.png,0,0.4538162052631378,2.8791273365413872e-08,2.1451228349178564e-08
Retina,9,phase1_hard,good/img/7_103.png,0,0.5904303193092346,0.00011156326218042523,3.169275805703364e-05
Retina,9,phase1_hard,good/img/7_104.png,0,0.4601016044616699,1.90757916129769e-07,8.758369318684345e-08
Retina,9,phase1_hard,good/img/7_105.png,0,0.4274606704711914,4.18019823200666e-08,1.9974780940401615e-08
Retina,9,phase1_hard,good/img/7_106.png,0,0.45605504512786865,4.5412853921789065e-08,3.1200183769897194e-08
Retina,9,phase1_hard,good/img/7_107.png,0,0.44869086146354675,1.0103064163047293e-08,9.516388566055412e-09
Retina,9,phase1_hard,good/img/7_108.png,0,0.4604618549346924,5.055667529063612e-08,2.5075980403244102e-08
Retina,9,phase1_hard,good/img/7_109.png,0,0.7475202083587646,3.009305089562986e-07,1.483610247987599e-07
Retina,9,phase1_hard,good/img/7_11.png,0,0.46052923798561096,5.1698567204994106e-08,3.427614814199842e-08
Retina,9,phase1_hard,good/img/7_110.png,0,0.6584022045135498,4.403514139994513e-06,1.464814658902469e-06
Retina,9,phase1_hard,good/img/7_111.png,0,0.6628115773200989,1.6815812386994367e-07,1.0296275831933599e-07
Retina,9,phase1_hard,good/img/7_112.png,0,0.7605260610580444,1.1168853006893187e-06,4.3062428289886157e-07
Retina,9,phase1_hard,good/img/7_113.png,0,0.6302477717399597,3.72578199403506e-08,2.3492809475555987e-08
Retina,9,phase1_hard,good/img/7_114.png,0,0.7570392489433289,1.5762698239996098e-06,4.5039942619951034e-07
Retina,9,phase1_hard,good/img/7_115.png,0,0.5212998390197754,2.6442889065947384e-05,3.221569841116434e-06
Retina,9,phase1_hard,good/img/7_116.png,0,0.7418766021728516,7.591974281240255e-05,9.970190149033442e-06
Retina,9,phase1_hard,good/img/7_117.png,0,0.45635807514190674,5.505467370880979e-08,3.773111600935408e-08
Retina,9,phase1_hard,good/img/7_118.png,0,0.46580028533935547,4.800562010132126e-07,1.661742174974279e-07
Retina,9,phase1_hard,good/img/7_119.png,0,0.7669709324836731,0.0003636802139226347,0.00013126233534421772
Retina,9,phase1_hard,good/img/7_12.png,0,0.48952433466911316,4.406008002888484e-08,2.8236923910185396e-08
Retina,9,phase1_hard,good/img/7_120.png,0,0.5018196105957031,9.121026067759885e-08,6.861949231051767e-08
Retina,9,phase1_hard,good/img/7_121.png,0,0.5788894295692444,2.9807988539687358e-06,1.1065285434597172e-06
Retina,9,phase1_hard,good/img/7_122.png,0,0.7343685030937195,9.770922588359099e-06,3.6813012229686137e-06
Retina,9,phase1_hard,good/img/7_123.png,0,0.7328983545303345,2.459451206959784e-05,7.351422027568333e-06
Retina,9,phase1_hard,good/img/7_124.png,0,0.7606329917907715,2.6501913453103043e-05,7.5981392910762224e-06
Retina,9,phase1_hard,good/img/7_125.png,0,0.44039806723594666,1.1101087693532463e-07,6.629964843796188e-08
Retina,9,phase1_hard,good/img/7_126.png,0,0.43464386463165283,7.311107452778742e-08,4.136241926744333e-08
Retina,9,phase1_hard,good/img/7_127.png,0,0.48440274596214294,2.168658852497174e-07,1.2774133040238667e-07
Retina,9,phase1_hard,good/img/7_128.png,0,0.4445633292198181,4.029929812077171e-08,2.9907493370728844e-08
Retina,9,phase1_hard,good/img/7_13.png,0,0.7633017301559448,1.8082326960211503e-06,7.847943948036118e-07
Retina,9,phase1_hard,good/img/7_14.png,0,0.7780764102935791,6.714707296850975e-07,3.229583569464012e-07
Retina,9,phase1_hard,good/img/7_15.png,0,0.7161272764205933,4.708999483682419e-07,2.2882450423367118e-07
Retina,9,phase1_hard,good/img/7_16.png,0,0.6914448738098145,9.771498525878997e-07,3.773106129756343e-07
Retina,9,phase1_hard,good/img/7_17.png,0,0.4616642892360687,7.71921193631897e-08,4.6494605498992314e-08
Retina,9,phase1_hard,good/img/7_19.png,0,0.7888151407241821,2.152707111235941e-06,1.3834390983902267e-06
Retina,9,phase1_hard,good/img/7_2.png,0,0.49153321981430054,1.8221230391191057e-07,5.48683338763567e-08
Retina,9,phase1_hard,good/img/7_20.png,0,0.772495687007904,0.00036236835876479745,0.0001183318963740021
Retina,9,phase1_hard,good/img/7_21.png,0,0.48553088307380676,1.0089318180916962e-07,6.765561977317702e-08
Retina,9,phase1_hard,good/img/7_22.png,0,0.7991349101066589,0.0004502357041928917,0.00014131369243841618
Retina,9,phase1_hard,good/img/7_23.png,0,0.7769968509674072,6.355490427267796e-07,3.50745523292062e-07
Retina,9,phase1_hard,good/img/7_24.png,0,0.7465950846672058,4.2433146063558524e-07,1.875094710612757e-07
Retina,9,phase1_hard,good/img/7_25.png,0,0.7791374325752258,4.684279417688231e-07,2.3226949963373045e-07
Retina,9,phase1_hard,good/img/7_27.png,0,0.7916967272758484,1.129850488723605e-06,3.843872491415823e-07
Retina,9,phase1_hard,good/img/7_28.png,0,0.4801500737667084,1.2030000107188243e-07,7.364671006371282e-08
Retina,9,phase1_hard,good/img/7_29.png,0,0.4984753429889679,1.690587509983743e-07,8.120495920138637e-08
Retina,9,phase1_hard,good/img/7_3.png,0,0.5049093961715698,3.8289261539148356e-08,2.887504280124631e-08
Retina,9,phase1_hard,good/img/7_30.png,0,0.7737066745758057,4.952485141984653e-07,2.138017975994444e-07
Retina,9,phase1_hard,good/img/7_31.png,0,0.7987855076789856,6.815690085204551e-06,2.248292048534495e-06
Retina,9,phase1_hard,good/img/7_32.png,0,0.7942528128623962,3.3349178920616396e-06,9.052656650965218e-07
Retina,9,phase1_hard,good/img/7_33.png,0,0.49914300441741943,1.1866634963553224e-07,6.638971683514683e-08
Retina,9,phase1_hard,good/img/7_34.png,0,0.5021018981933594,1.1146938305728327e-07,5.98969336351729e-08
Retina,9,phase1_hard,good/img/7_35.png,0,0.4883837103843689,5.756566778813976e-08,4.4407546084812566e-08
Retina,9,phase1_hard,good/img/7_36.png,0,0.5081020593643188,1.242819536173556e-07,1.016392729979998e-07
Retina,9,phase1_hard,good/img/7_37.png,0,0.49277469515800476,4.383175564726116e-07,2.502239908608317e-07
Retina,9,phase1_hard,good/img/7_38.png,0,0.48745062947273254,3.78923630250938e-08,2.6618820925250475e-08
Retina,9,phase1_hard,good/img/7_39.png,0,0.4982028007507324,4.868242626798747e-07,2.46396098191326e-07
Retina,9,phase1_hard,good/img/7_4.png,0,0.4848468005657196,4.541666243085274e-08,2.7209994257759718e-08
Retina,9,phase1_hard,good/img/7_40.png,0,0.5017040371894836,1.107674307831985e-07,7.763845388808477e-08
Retina,9,phase1_hard,good/img/7_41.png,0,0.4922592341899872,1.9536816608933805e-08,1.7063321422483568e-08
Retina,9,phase1_hard,good/img/7_42.png,0,0.803852915763855,6.313074845820665e-05,2.7334908736520447e-05
Retina,9,phase1_hard,good/img/7_43.png,0,0.7984086871147156,0.00014563910372089595,8.583455201005563e-05
Retina,9,phase1_hard,good/img/7_44.png,0,0.6973778009414673,5.968017262603098e-07,3.3751243222468474e-07
Retina,9,phase1_hard,good/img/7_45.png,0,0.815239429473877,0.008005526848137379,0.0027894615195691586
Retina,9,phase1_hard,good/img/7_46.png,0,0.7936626076698303,2.2308260668069124e-05,1.0241524250886869e-05
Retina,9,phase1_hard,good/img/7_47.png,0,0.5232189893722534,1.9190122202417115e-06,9.53542837578425e-07
Retina,9,phase1_hard,good/img/7_48.png,0,0.8072261214256287,0.0015790843171998858,0.0006353921489790082
Retina,9,phase1_hard,good/img/7_49.png,0,0.8050472140312195,0.002767456229776144,0.0009203606750816107
Retina,9,phase1_hard,good/img/7_5.png,0,0.5081725120544434,6.317492307061912e-08,3.3377453689809045e-08
Retina,9,phase1_hard,good/img/7_50.png,0,0.8023974299430847,0.017147552222013474,0.009915126487612724
Retina,9,phase1_hard,good/img/7_51.png,0,0.7859718203544617,4.169248859398067e-05,2.0169029085082002e-05
Retina,9,phase1_hard,good/img/7_52.png,0,0.8100833296775818,0.33016282320022583,0.13666453957557678
Retina,9,phase1_hard,good/img/7_53.png,0,0.7980616688728333,0.3808266520500183,0.14981922507286072
Retina,9,phase1_hard,good/img/7_54.png,0,0.8025352954864502,0.34084638953208923,0.18959204852581024
Retina,9,phase1_hard,good/img/7_55.png,0,0.7957047820091248,0.3397211730480194,0.20584478974342346
Retina,9,phase1_hard,good/img/7_56.png,0,0.8006605505943298,0.40116655826568604,0.2736359238624573
Retina,9,phase1_hard,good/img/7_57.png,0,0.7871939539909363,0.5747758150100708,0.2944721281528473
Retina,9,phase1_hard,good/img/7_58.png,0,0.8046572208404541,0.28375372290611267,0.12974950671195984
Retina,9,phase1_hard,good/img/7_59.png,0,0.8083834648132324,0.40212714672088623,0.20713813602924347
Retina,9,phase1_hard,good/img/7_6.png,0,0.5086706280708313,4.986275214946545e-08,2.9618005825682303e-08
Retina,9,phase1_hard,good/img/7_60.png,0,0.7973816990852356,0.11116565763950348,0.0735962986946106
Retina,9,phase1_hard,good/img/7_61.png,0,0.7919631004333496,0.22125619649887085,0.10890268534421921
Retina,9,phase1_hard,good/img/7_62.png,0,0.8012126088142395,0.0933394506573677,0.0333886481821537
Retina,9,phase1_hard,good/img/7_63.png,0,0.787775456905365,0.13617850840091705,0.09085501730442047
Retina,9,phase1_hard,good/img/7_64.png,0,0.801980197429657,0.3231162130832672,0.12721557915210724
Retina,9,phase1_hard,good/img/7_65.png,0,0.7902529835700989,0.15711236000061035,0.06344093382358551
Retina,9,phase1_hard,good/img/7_66.png,0,0.7927219867706299,0.1164981871843338,0.06527548283338547
Retina,9,phase1_hard,good/img/7_67.png,0,0.7989466786384583,0.22568033635616302,0.10216958820819855
Retina,9,phase1_hard,good/img/7_68.png,0,0.8041731119155884,0.23507060110569,0.10522763431072235
Retina,9,phase1_hard,good/img/7_69.png,0,0.7962969541549683,0.05275634676218033,0.02050788700580597
Retina,9,phase1_hard,good/img/7_7.png,0,0.48186370730400085,2.831913015199916e-08,2.1979372988312207e-08
Retina,9,phase1_hard,good/img/7_9.png,0,0.5042981505393982,6.539299590713199e-08,4.1125485239490445e-08
Retina,9,phase1_hard,good/img/7_92.png,0,0.46614977717399597,8.217340052851796e-08,5.817214798753412e-08
Retina,9,phase1_hard,good/img/7_93.png,0,0.47539931535720825,2.2534480947911106e-08,1.8657182465631195e-08
Retina,9,phase1_hard,good/img/7_94.png,0,0.4539783298969269,5.04409953805407e-08,3.576397133997489e-08
Retina,9,phase1_hard,good/img/7_95.png,0,0.4547761082649231,4.756993732257797e-08,3.1034197434109956e-08
Retina,9,phase1_hard,good/img/7_96.png,0,0.45951786637306213,5.802523261877468e-08,3.138496396104529e-08
Retina,9,phase1_hard,good/img/7_97.png,0,0.47169506549835205,9.164028114128087e-08,4.976181955385073e-08
Retina,9,phase1_hard,good/img/7_98.png,0,0.42581191658973694,1.3148234501159095e-08,1.0673645967074208e-08
Retina,9,phase1_hard,good/img/7_99.png,0,0.48356541991233826,4.3149981365786516e-08,3.1344157491730584e-08
Retina,9,phase1_hard,good/img/8_1.png,0,0.45778730511665344,6.486196468813432e-08,4.605760395293146e-08
Retina,9,phase1_hard,good/img/8_11.png,0,0.7735976576805115,1.6150845567608485e-06,7.225141871458618e-07
Retina,9,phase1_hard,good/img/8_117.png,0,0.761785089969635,0.001752853044308722,0.0006565526127815247
Retina,9,phase1_hard,good/img/8_118.png,0,0.7806398868560791,0.0006340871332213283,0.000127107254229486
Retina,9,phase1_hard,good/img/8_119.png,0,0.7690832614898682,0.000424816767917946,9.438342385692522e-05
Retina,9,phase1_hard,good/img/8_12.png,0,0.8053455948829651,2.9211527362349443e-05,5.849077297170879e-06
Retina,9,phase1_hard,good/img/8_120.png,0,0.752693235874176,6.714491064485628e-06,3.2962425393634476e-06
Retina,9,phase1_hard,good/img/8_121.png,0,0.465331107378006,4.573077603708953e-06,1.8883346228903974e-06
Retina,9,phase1_hard,good/img/8_122.png,0,0.6822258234024048,2.0535619114525616e-05,6.284895789576694e-06
Retina,9,phase1_hard,good/img/8_123.png,0,0.7595738768577576,7.529478898504749e-05,4.1096904169535264e-05
Retina,9,phase1_hard,good/img/8_124.png,0,0.7812550663948059,0.001450005336664617,0.00034995225723832846
Retina,9,phase1_hard,good/img/8_125.png,0,0.7859064340591431,0.01750926300883293,0.004476634319871664
Retina,9,phase1_hard,good/img/8_126.png,0,0.768226683139801,1.4875276065140497e-05,6.313559879345121e-06
Retina,9,phase1_hard,good/img/8_127.png,0,0.7666071653366089,0.0011819684877991676,0.00037678427179344
Retina,9,phase1_hard,good/img/8_13.png,0,0.6105858087539673,4.890838681603782e-06,1.3643472129842849e-06
Retina,9,phase1_hard,good/img/8_14.png,0,0.7809731960296631,2.6831670766114257e-05,5.901149052078836e-06
Retina,9,phase1_hard,good/img/8_15.png,0,0.7907356023788452,2.225225034635514e-05,6.814372227381682e-06
Retina,9,phase1_hard,good/img/8_16.png,0,0.800354540348053,0.00035546300932765007,4.236075619701296e-05
Retina,9,phase1_hard,good/img/8_17.png,0,0.7013694643974304,2.3525366486865096e-05,4.151759185333503e-06
Retina,9,phase1_hard,good/img/8_18.png,0,0.8034192323684692,0.03304193541407585,0.004192488268017769
Retina,9,phase1_hard,good/img/8_19.png,0,0.7977506518363953,0.0027919327840209007,0.0003217769553884864
Retina,9,phase1_hard,good/img/8_2.png,0,0.4534662663936615,8.729646339133978e-08,6.42753548163455e-08
Retina,9,phase1_hard,good/img/8_20.png,0,0.793135404586792,1.4842428754491266e-05,6.5113281380035914e-06
Retina,9,phase1_hard,good/img/8_21.png,0,0.7782471776008606,1.4507932064589113e-05,1.9146114027535077e-06
Retina,9,phase1_hard,good/img/8_22.png,0,0.5016205906867981,1.375745313225707e-07,6.464916424420153e-08
Retina,9,phase1_hard,good/img/8_23.png,0,0.7916091084480286,4.504424941842444e-05,9.169225450023077e-06
Retina,9,phase1_hard,good/img/8_24.png,0,0.7970567941665649,8.2642709458014e-06,2.8543149710458238e-06
Retina,9,phase1_hard,good/img/8_3.png,0,0.4487997889518738,1.8067366625018622e-07,1.353915024537855e-07
Retina,9,phase1_hard,good/img/8_4.png,0,0.4940614700317383,1.1428411994529597e-07,8.367194226366337e-08
Retina,9,phase1_hard,good/img/8_5.png,0,0.626624584197998,5.996702867605563e-08,5.313552620123119e-08
Retina,9,phase1_hard,good/img/8_6.png,0,0.7934653162956238,0.0026363942306488752,0.0013024425134062767
Retina,9,phase1_hard,good/img/8_7.png,0,0.49911776185035706,2.0171103187749395e-07,1.3524955022603535e-07
Retina,9,phase1_hard,good/img/8_8.png,0,0.488008588552475,3.912989257059962e-07,2.0896182206797675e-07
Retina,9,phase1_hard,good/img/8_9.png,0,0.7819599509239197,8.61545413499698e-06,3.6742192150995834e-06
Retina,9,phase1_hard,good/img/9_1.png,0,0.6908676028251648,4.407108988857544e-08,3.279638605135915e-08
Retina,9,phase1_hard,good/img/9_10.png,0,0.7398577928543091,2.89667632102919e-08,2.5503842593366244e-08
Retina,9,phase1_hard,good/img/9_101.png,0,0.5067829489707947,4.576845924475492e-07,2.914476056048443e-07
Retina,9,phase1_hard,good/img/9_102.png,0,0.7783585786819458,9.676727495389059e-05,1.4554922017850913e-05
Retina,9,phase1_hard,good/img/9_103.png,0,0.5185620188713074,7.203271707112435e-06,1.0235759191346006e-06
Retina,9,phase1_hard,good/img/9_104.png,0,0.49476197361946106,6.317869519989472e-06,1.466344883738202e-06
Retina,9,phase1_hard,good/img/9_105.png,0,0.49922290444374084,1.751705696051431e-07,1.3747494165272656e-07
Retina,9,phase1_hard,good/img/9_106.png,0,0.46956247091293335,8.235667081635256e-08,5.4262596194121215e-08
Retina,9,phase1_hard,good/img/9_108.png,0,0.4835640788078308,3.4773253787534486e-07,1.8546944602348958e-07
Retina,9,phase1_hard,good/img/9_109.png,0,0.5064539909362793,4.1913579480024055e-05,9.7067477327073e-06
Retina,9,phase1_hard,good/img/9_11.png,0,0.4816175103187561,4.6891248217661996e-08,3.813930149476619e-08
Retina,9,phase1_hard,good/img/9_110.png,0,0.46656760573387146,1.0316058052239896e-07,5.6629222200399454e-08
Retina,9,phase1_hard,good/img/9_111.png,0,0.48512718081474304,1.9004644400411053e-06,8.164683436007181e-07
Retina,9,phase1_hard,good/img/9_112.png,0,0.7894495725631714,0.0011368700070306659,0.0002051078190561384
Retina,9,phase1_hard,good/img/9_113.png,0,0.77590411901474,0.00013211026089265943,5.9947255067527294e-05
Retina,9,phase1_hard,good/img/9_114.png,0,0.7872684001922607,0.00061845313757658,0.00017692400433588773
Retina,9,phase1_hard,good/img/9_115.png,0,0.7726947665214539,1.731395059323404e-05,9.297174074163195e-06
Retina,9,phase1_hard,good/img/9_116.png,0,0.6293078064918518,2.019896055571735e-05,7.805095265212003e-06
Retina,9,phase1_hard,good/img/9_117.png,0,0.47144460678100586,1.8128621093183028e-07,1.3918459274009365e-07
Retina,9,phase1_hard,good/img/9_118.png,0,0.7835372686386108,3.6930454371031374e-05,1.586833968758583e-05
Retina,9,phase1_hard,good/img/9_119.png,0,0.5614091753959656,3.8577722989430185e-06,1.9677463569678366e-06
Retina,9,phase1_hard,good/img/9_12.png,0,0.4725870192050934,3.5909998530314624e-08,2.5434612638264298e-08
Retina,9,phase1_hard,good/img/9_120.png,0,0.7924783229827881,0.003655665786936879,0.0011420015944167972
Retina,9,phase1_hard,good/img/9_121.png,0,0.6240215301513672,0.00019867195806000382,8.088774484349415e-05
Retina,9,phase1_hard,good/img/9_122.png,0,0.7820268273353577,0.19449244439601898,0.06566785275936127
Retina,9,phase1_hard,good/img/9_123.png,0,0.7546807527542114,0.005712246987968683,0.0012197326868772507
Retina,9,phase1_hard,good/img/9_124.png,0,0.7529091238975525,0.0004152047331444919,8.819214417599142e-05
Retina,9,phase1_hard,good/img/9_125.png,0,0.49167123436927795,1.5084771121109952e-06,8.950596566137392e-07
Retina,9,phase1_hard,good/img/9_126.png,0,0.780196487903595,0.0022963283117860556,0.0004249987832736224
Retina,9,phase1_hard,good/img/9_127.png,0,0.577156126499176,4.758499926538207e-06,1.7794952782423934e-06
Retina,9,phase1_hard,good/img/9_128.png,0,0.5367308855056763,3.0272085496108048e-06,1.009860625345027e-06
Retina,9,phase1_hard,good/img/9_14.png,0,0.49261850118637085,4.476647674778178e-08,2.8764823412075202e-08
Retina,9,phase1_hard,good/img/9_15.png,0,0.4978642761707306,5.603195063486055e-08,3.681078908357449e-08
Retina,9,phase1_hard,good/img/9_16.png,0,0.5668798089027405,3.3025351342530485e-08,2.6091909077763376e-08
Retina,9,phase1_hard,good/img/9_17.png,0,0.5305001139640808,7.975829419137881e-08,6.259028140220835e-08
Retina,9,phase1_hard,good/img/9_18.png,0,0.5507540702819824,7.520446132502911e-08,4.695118960285072e-08
Retina,9,phase1_hard,good/img/9_19.png,0,0.48833274841308594,7.45802282153818e-08,4.9601982965441493e-08
Retina,9,phase1_hard,good/img/9_2.png,0,0.7657865285873413,2.7348977482688497e-07,1.4391555680504098e-07
Retina,9,phase1_hard,good/img/9_20.png,0,0.5059855580329895,4.366378547615568e-08,3.2276453509894054e-08
Retina,9,phase1_hard,good/img/9_22.png,0,0.6567715406417847,1.9508038917592785e-07,9.485475516157749e-08
Retina,9,phase1_hard,good/img/9_23.png,0,0.7912318706512451,1.1833093083168933e-07,6.96673794209346e-08
Retina,9,phase1_hard,good/img/9_24.png,0,0.7946999669075012,7.199063247753656e-07,3.18336162763444e-07
Retina,9,phase1_hard,good/img/9_25.png,0,0.8043637871742249,4.824556526727974e-06,8.755304747865011e-07
Retina,9,phase1_hard,good/img/9_26.png,0,0.7974438071250916,1.0113814141732291e-06,3.7899312133049534e-07
Retina,9,phase1_hard,good/img/9_27.png,0,0.7929235696792603,8.096600936369214e-07,5.038135100221552e-07
Retina,9,phase1_hard,good/img/9_3.png,0,0.7898098230361938,9.578935760146123e-07,4.986376325177844e-07
Retina,9,phase1_hard,good/img/9_4.png,0,0.527109682559967,6.604254565445444e-08,4.088622063136427e-08
Retina,9,phase1_hard,good/img/9_5.png,0,0.4958510100841522,2.8084709668974028e-08,2.3657250380892947e-08
Retina,9,phase1_hard,good/img/9_6.png,0,0.67573082447052,2.075447866900504e-07,1.2732833454265347e-07
Retina,9,phase1_hard,good/img/9_7.png,0,0.49141204357147217,3.381807189839492e-08,2.5803393199907987e-08
Retina,9,phase1_hard,good/img/9_8.png,0,0.47777143120765686,3.894857414366015e-08,2.9585249805563762e-08
Retina,9,phase1_hard,good/img/9_9.png,0,0.6744182705879211,6.422807530270802e-08,5.0287287223227395e-08
Retina,9,phase1_hard,ungood/img/10_41.png,1,0.7956339120864868,0.00028036380535922945,0.0001658823894103989
Retina,9,phase1_hard,ungood/img/10_42.png,1,0.7992764711380005,0.0037612735759466887,0.0020633155945688486
Retina,9,phase1_hard,ungood/img/10_43.png,1,0.8174224495887756,0.2515898644924164,0.16582569479942322
Retina,9,phase1_hard,ungood/img/10_44.png,1,0.8144099116325378,0.04084222391247749,0.02785194106400013
Retina,9,phase1_hard,ungood/img/10_45.png,1,0.81961590051651,0.08537015318870544,0.05882680416107178
Retina,9,phase1_hard,ungood/img/10_46.png,1,0.8219625353813171,0.2981337308883667,0.20160935819149017
Retina,9,phase1_hard,ungood/img/10_47.png,1,0.8196489810943604,0.5808925628662109,0.37422916293144226
Retina,9,phase1_hard,ungood/img/10_48.png,1,0.8233880400657654,0.6820462346076965,0.41783109307289124
Retina,9,phase1_hard,ungood/img/10_49.png,1,0.8139427304267883,0.5390033721923828,0.34846413135528564
Retina,9,phase1_hard,ungood/img/10_50.png,1,0.8200656175613403,0.8503559231758118,0.713383674621582
Retina,9,phase1_hard,ungood/img/10_51.png,1,0.8205327391624451,0.8857888579368591,0.8019109964370728
Retina,9,phase1_hard,ungood/img/10_53.png,1,0.819665253162384,0.9977395534515381,0.9893842339515686
Retina,9,phase1_hard,ungood/img/10_54.png,1,0.8251804709434509,0.9808914065361023,0.9167547821998596
Retina,9,phase1_hard,ungood/img/10_55.png,1,0.8162288665771484,0.9553088545799255,0.8614388108253479
Retina,9,phase1_hard,ungood/img/10_56.png,1,0.8096577525138855,0.9242188930511475,0.7926888465881348
Retina,9,phase1_hard,ungood/img/10_57.png,1,0.8145496845245361,0.9114370942115784,0.8072251677513123
Retina,9,phase1_hard,ungood/img/10_58.png,1,0.8107052445411682,0.8860567808151245,0.7742328643798828
Retina,9,phase1_hard,ungood/img/10_59.png,1,0.8090377449989319,0.9328700304031372,0.7879782319068909
Retina,9,phase1_hard,ungood/img/10_60.png,1,0.7972913980484009,0.6302401423454285,0.42399221658706665
Retina,9,phase1_hard,ungood/img/10_61.png,1,0.8057669997215271,0.8788323998451233,0.8006129860877991
Retina,9,phase1_hard,ungood/img/10_62.png,1,0.818292498588562,0.9327097535133362,0.8769680261611938
Retina,9,phase1_hard,ungood/img/10_63.png,1,0.8084532618522644,0.9331842660903931,0.8725407719612122
Retina,9,phase1_hard,ungood/img/10_65.png,1,0.8052791357040405,0.856843113899231,0.7583674788475037
Retina,9,phase1_hard,ungood/img/10_66.png,1,0.8010513186454773,0.9163995385169983,0.8026169538497925
Retina,9,phase1_hard,ungood/img/10_67.png,1,0.7955643534660339,0.8357974290847778,0.6441100835800171
Retina,9,phase1_hard,ungood/img/10_68.png,1,0.8200363516807556,0.6548452377319336,0.5470913052558899
Retina,9,phase1_hard,ungood/img/10_69.png,1,0.7977437973022461,0.4989608824253082,0.3349694311618805
Retina,9,phase1_hard,ungood/img/10_70.png,1,0.8116984367370605,0.8690965175628662,0.7261262536048889
Retina,9,phase1_hard,ungood/img/10_71.png,1,0.8021666407585144,0.10365361720323563,0.06278154253959656
Retina,9,phase1_hard,ungood/img/10_72.png,1,0.8027216196060181,0.5412202477455139,0.2931760251522064
Retina,9,phase1_hard,ungood/img/10_73.png,1,0.8124785423278809,0.7768768072128296,0.6503773331642151
Retina,9,phase1_hard,ungood/img/10_74.png,1,0.792510449886322,0.5146300196647644,0.417381227016449
Retina,9,phase1_hard,ungood/img/10_75.png,1,0.7947728633880615,0.852095365524292,0.6786293387413025
Retina,9,phase1_hard,ungood/img/10_77.png,1,0.8096262216567993,0.9410528540611267,0.8636765480041504
Retina,9,phase1_hard,ungood/img/10_78.png,1,0.7967691421508789,0.4136716425418854,0.23672917485237122
Retina,9,phase1_hard,ungood/img/10_79.png,1,0.8105384111404419,0.47413530945777893,0.23547998070716858
Retina,9,phase1_hard,ungood/img/10_80.png,1,0.8131690621376038,0.2657052278518677,0.12551602721214294
Retina,9,phase1_hard,ungood/img/10_81.png,1,0.8110582232475281,0.24719959497451782,0.18141604959964752
Retina,9,phase1_hard,ungood/img/10_82.png,1,0.810732364654541,0.4211350977420807,0.2693769037723541
Retina,9,phase1_hard,ungood/img/10_83.png,1,0.8063251972198486,0.7282341718673706,0.5646005868911743
Retina,9,phase1_hard,ungood/img/10_84.png,1,0.7965847253799438,0.4126424491405487,0.18645958602428436
Retina,9,phase1_hard,ungood/img/10_85.png,1,0.7902098894119263,0.05675424262881279,0.03229378163814545
Retina,9,phase1_hard,ungood/img/10_86.png,1,0.8062126636505127,0.14941023290157318,0.1170259639620781
Retina,9,phase1_hard,ungood/img/10_87.png,1,0.8070718050003052,0.12602807581424713,0.07996029406785965
Retina,9,phase1_hard,ungood/img/11_40.png,1,0.7774168848991394,0.0013009364483878016,0.000727001519408077
Retina,9,phase1_hard,ungood/img/11_41.png,1,0.45857009291648865,4.531613285507774e-06,1.6685531818438903e-06
Retina,9,phase1_hard,ungood/img/11_42.png,1,0.7673826217651367,4.771267413161695e-05,1.9549370335880667e-05
Retina,9,phase1_hard,ungood/img/11_43.png,1,0.5910040736198425,7.148598797357408e-06,3.756571913982043e-06
Retina,9,phase1_hard,ungood/img/11_44.png,1,0.7851366400718689,0.0011142333969473839,0.0005420667002908885
Retina,9,phase1_hard,ungood/img/11_45.png,1,0.4829655587673187,4.591196193359792e-05,2.22569997276878e-05
Retina,9,phase1_hard,ungood/img/11_46.png,1,0.557548463344574,1.1340279343130533e-05,6.360817224049242e-06
Retina,9,phase1_hard,ungood/img/11_47.png,1,0.48992282152175903,1.829190478019882e-05,1.0114373253600206e-05
Retina,9,phase1_hard,ungood/img/11_48.png,1,0.6709375381469727,2.7590760510065593e-05,1.5436664398293942e-05
Retina,9,phase1_hard,ungood/img/11_49.png,1,0.769076406955719,0.00028242531698197126,0.00016640198009554297
Retina,9,phase1_hard,ungood/img/11_50.png,1,0.7982565760612488,0.007508455775678158,0.0033329559955745935
Retina,9,phase1_hard,ungood/img/11_52.png,1,0.7933167219161987,0.3330012261867523,0.19687411189079285
Retina,9,phase1_hard,ungood/img/11_53.png,1,0.793777346611023,0.16189980506896973,0.0814894586801529
Retina,9,phase1_hard,ungood/img/11_54.png,1,0.798103392124176,0.10143467783927917,0.04449108988046646
Retina,9,phase1_hard,ungood/img/11_55.png,1,0.7961669564247131,0.03823325037956238,0.015116636641323566
Retina,9,phase1_hard,ungood/img/11_56.png,1,0.7817689180374146,0.6171606779098511,0.4487227499485016
Retina,9,phase1_hard,ungood/img/11_57.png,1,0.7850990295410156,0.2779698073863983,0.17987917363643646
Retina,9,phase1_hard,ungood/img/11_58.png,1,0.7955540418624878,0.5357925295829773,0.3964007794857025
Retina,9,phase1_hard,ungood/img/11_59.png,1,0.80515056848526,0.8283605575561523,0.6386574506759644
Retina,9,phase1_hard,ungood/img/11_60.png,1,0.8017144203186035,0.7656341791152954,0.6680104732513428
Retina,9,phase1_hard,ungood/img/11_61.png,1,0.7927137017250061,0.047181617468595505,0.020549271255731583
Retina,9,phase1_hard,ungood/img/11_62.png,1,0.7979423403739929,0.9171953201293945,0.8719710111618042
Retina,9,phase1_hard,ungood/img/11_64.png,1,0.8180423378944397,0.9565850496292114,0.9331443905830383
Retina,9,phase1_hard,ungood/img/11_65.png,1,0.810346245765686,0.9355177283287048,0.8942315578460693
Retina,9,phase1_hard,ungood/img/11_66.png,1,0.8087468147277832,0.9485296010971069,0.9144445657730103
Retina,9,phase1_hard,ungood/img/11_67.png,1,0.8201724886894226,0.9742942452430725,0.9579532146453857
Retina,9,phase1_hard,ungood/img/11_68.png,1,0.8123095631599426,0.9044914245605469,0.8765738010406494
Retina,9,phase1_hard,ungood/img/11_69.png,1,0.802335262298584,0.8605408072471619,0.7938038110733032
Retina,9,phase1_hard,ungood/img/11_70.png,1,0.8095864653587341,0.8754370808601379,0.8179079294204712
Retina,9,phase1_hard,ungood/img/11_71.png,1,0.8106922507286072,0.8373286724090576,0.774722695350647
Retina,9,phase1_hard,ungood/img/11_72.png,1,0.7989212274551392,0.8061025738716125,0.6982924342155457
Retina,9,phase1_hard,ungood/img/11_73.png,1,0.8125293254852295,0.7801889777183533,0.6375499367713928
Retina,9,phase1_hard,ungood/img/11_74.png,1,0.795767605304718,0.4340237081050873,0.3463171720504761
Retina,9,phase1_hard,ungood/img/11_76.png,1,0.8077468872070312,0.6826273798942566,0.5480498671531677
Retina,9,phase1_hard,ungood/img/11_77.png,1,0.7777567505836487,0.0014498098753392696,0.0003610322601161897
Retina,9,phase1_hard,ungood/img/11_78.png,1,0.7952969074249268,0.2146880030632019,0.0784185379743576
Retina,9,phase1_hard,ungood/img/11_79.png,1,0.787119448184967,0.004202625248581171,0.002870031399652362
Retina,9,phase1_hard,ungood/img/11_80.png,1,0.7978901863098145,0.49691733717918396,0.2788429260253906
Retina,9,phase1_hard,ungood/img/11_81.png,1,0.7941499352455139,0.2959415316581726,0.17895308136940002
Retina,9,phase1_hard,ungood/img/11_82.png,1,0.7882146239280701,0.19033768773078918,0.11847705394029617
Retina,9,phase1_hard,ungood/img/11_83.png,1,0.7853121161460876,0.15448421239852905,0.08660032600164413
Retina,9,phase1_hard,ungood/img/11_84.png,1,0.7946295142173767,0.8988573551177979,0.6902522444725037
Retina,9,phase1_hard,ungood/img/11_85.png,1,0.7838284373283386,0.01032489724457264,0.0034754869993776083
Retina,9,phase1_hard,ungood/img/11_86.png,1,0.7859261631965637,0.0037892749533057213,0.0017999348929151893
Retina,9,phase1_hard,ungood/img/11_88.png,1,0.8147561550140381,0.46294084191322327,0.3247644901275635
Retina,9,phase1_hard,ungood/img/11_89.png,1,0.7825722098350525,3.610641579143703e-05,1.9253962818766013e-05
Retina,9,phase1_hard,ungood/img/11_90.png,1,0.8089904189109802,0.041171155869960785,0.015522400848567486
Retina,9,phase1_hard,ungood/img/11_91.png,1,0.8077799081802368,0.43515127897262573,0.2765226364135742
Retina,9,phase1_hard,ungood/img/11_92.png,1,0.8038466572761536,0.005637370981276035,0.0021622979547828436
Retina,9,phase1_hard,ungood/img/11_93.png,1,0.5001457333564758,2.0736131318699336e-06,1.1398309425203479e-06
Retina,9,phase1_hard,ungood/img/11_94.png,1,0.5195742845535278,2.3152529138315003e-06,1.4791996818530606e-06
Retina,9,phase1_hard,ungood/img/11_95.png,1,0.4834696650505066,3.0271743867160694e-07,1.9623709590632643e-07
Retina,9,phase1_hard,ungood/img/11_96.png,1,0.7312474250793457,3.371613729541423e-06,1.8837077959688031e-06
Retina,9,phase1_hard,ungood/img/12_38.png,1,0.710622251033783,1.2466648513509426e-06,5.552138304665277e-07
Retina,9,phase1_hard,ungood/img/12_39.png,1,0.5082463622093201,3.799165710915986e-07,1.798299820165994e-07
Retina,9,phase1_hard,ungood/img/12_41.png,1,0.7748826146125793,0.010563055984675884,0.005140332039445639
Retina,9,phase1_hard,ungood/img/12_42.png,1,0.7711012959480286,7.75973530835472e-05,3.09006791212596e-05
Retina,9,phase1_hard,ungood/img/12_43.png,1,0.7800600528717041,0.0002836666826624423,0.00011614545655902475
Retina,9,phase1_hard,ungood/img/12_44.png,1,0.7750334143638611,0.0001391423138557002,7.63770003686659e-05
Retina,9,phase1_hard,ungood/img/12_45.png,1,0.7858622670173645,0.4132789671421051,0.2286354899406433
Retina,9,phase1_hard,ungood/img/12_46.png,1,0.8006712794303894,0.41105741262435913,0.20833390951156616
Retina,9,phase1_hard,ungood/img/12_47.png,1,0.8021364808082581,0.22626113891601562,0.1814546138048172
Retina,9,phase1_hard,ungood/img/12_48.png,1,0.7764091491699219,0.28932252526283264,0.13853639364242554
Retina,9,phase1_hard,ungood/img/12_49.png,1,0.7918856739997864,0.5823549628257751,0.36306825280189514
Retina,9,phase1_hard,ungood/img/12_50.png,1,0.8007861375808716,0.47791194915771484,0.3798658847808838
Retina,9,phase1_hard,ungood/img/12_51.png,1,0.7989088296890259,0.6640018820762634,0.5378217697143555
Retina,9,phase1_hard,ungood/img/12_53.png,1,0.7979685068130493,0.4288693964481354,0.2724033296108246
Retina,9,phase1_hard,ungood/img/12_54.png,1,0.784396767616272,0.7335438132286072,0.6421597599983215
Retina,9,phase1_hard,ungood/img/12_55.png,1,0.7980215549468994,0.5440893173217773,0.43121710419654846
Retina,9,phase1_hard,ungood/img/12_56.png,1,0.799908459186554,0.7565353512763977,0.5668702721595764
Retina,9,phase1_hard,ungood/img/12_57.png,1,0.7970038056373596,0.841066300868988,0.5742152333259583
Retina,9,phase1_hard,ungood/img/12_58.png,1,0.7955046892166138,0.5528382658958435,0.4249078333377838
Retina,9,phase1_hard,ungood/img/12_59.png,1,0.8009048104286194,0.5921916961669922,0.3622552156448364
Retina,9,phase1_hard,ungood/img/12_60.png,1,0.8000978231430054,0.9253564476966858,0.8493635058403015
Retina,9,phase1_hard,ungood/img/12_61.png,1,0.8091272115707397,0.8825845718383789,0.8168489933013916
Retina,9,phase1_hard,ungood/img/12_62.png,1,0.8098617792129517,0.8216397166252136,0.6806986331939697
Retina,9,phase1_hard,ungood/img/12_63.png,1,0.8064897656440735,0.9357498288154602,0.8979920744895935
Retina,9,phase1_hard,ungood/img/12_65.png,1,0.8103676438331604,0.9533419013023376,0.890214204788208
Retina,9,phase1_hard,ungood/img/12_66.png,1,0.8047878742218018,0.8781123161315918,0.7915343642234802
Retina,9,phase1_hard,ungood/img/12_67.png,1,0.8116826415061951,0.8756309151649475,0.7764919996261597
Retina,9,phase1_hard,ungood/img/12_68.png,1,0.8065215349197388,0.8999448418617249,0.8437581658363342
Retina,9,phase1_hard,ungood/img/12_69.png,1,0.7998858690261841,0.7636927962303162,0.6755633354187012
Retina,9,phase1_hard,ungood/img/12_70.png,1,0.8075873255729675,0.9105193018913269,0.7908406257629395
Retina,9,phase1_hard,ungood/img/12_71.png,1,0.8180333375930786,0.9045618176460266,0.8237897753715515
Retina,9,phase1_hard,ungood/img/12_72.png,1,0.7991279363632202,0.7554086446762085,0.5594502687454224
Retina,9,phase1_hard,ungood/img/12_73.png,1,0.7901764512062073,0.004405273124575615,0.0014411082956939936
Retina,9,phase1_hard,ungood/img/12_74.png,1,0.8076492547988892,0.4686001241207123,0.2584603428840637
Retina,9,phase1_hard,ungood/img/12_75.png,1,0.791176974773407,0.6620069146156311,0.5099582672119141
Retina,9,phase1_hard,ungood/img/12_77.png,1,0.7994557619094849,0.08226903527975082,0.04713456332683563
Retina,9,phase1_hard,ungood/img/12_78.png,1,0.7897951006889343,0.6367379426956177,0.5016047358512878
Retina,9,phase1_hard,ungood/img/12_79.png,1,0.792214035987854,0.3401418924331665,0.1662205457687378
Retina,9,phase1_hard,ungood/img/12_80.png,1,0.7877098321914673,0.6496778726577759,0.41187670826911926
Retina,9,phase1_hard,ungood/img/12_81.png,1,0.7873194813728333,0.275699257850647,0.1471557319164276
Retina,9,phase1_hard,ungood/img/12_82.png,1,0.7983514666557312,0.3583998680114746,0.2038920819759369
Retina,9,phase1_hard,ungood/img/12_83.png,1,0.7850937843322754,0.09222228825092316,0.047543708235025406
Retina,9,phase1_hard,ungood/img/12_84.png,1,0.7976193428039551,0.6379877924919128,0.5306025147438049
Retina,9,phase1_hard,ungood/img/12_85.png,1,0.7873491048812866,0.3920367658138275,0.3005046844482422
Retina,9,phase1_hard,ungood/img/12_86.png,1,0.8018380999565125,0.6381965279579163,0.5444807410240173
Retina,9,phase1_hard,ungood/img/12_87.png,1,0.8000682592391968,0.8757799863815308,0.7324165105819702
Retina,9,phase1_hard,ungood/img/12_89.png,1,0.8088734149932861,0.22948165237903595,0.1421290934085846
Retina,9,phase1_hard,ungood/img/12_90.png,1,0.8005460500717163,0.018935449421405792,0.008145120926201344
Retina,9,phase1_hard,ungood/img/12_91.png,1,0.7935676574707031,0.17472191154956818,0.08793067932128906
Retina,9,phase1_hard,ungood/img/12_92.png,1,0.7897429466247559,0.02778169885277748,0.011670069769024849
Retina,9,phase1_hard,ungood/img/12_93.png,1,0.7786023616790771,6.002830559737049e-06,2.87264469989168e-06
Retina,9,phase1_hard,ungood/img/13_45.png,1,0.7681142687797546,6.340211984934285e-05,3.1157971534412354e-05
Retina,9,phase1_hard,ungood/img/13_46.png,1,0.730545699596405,1.689121563686058e-05,5.152779067429947e-06
Retina,9,phase1_hard,ungood/img/13_47.png,1,0.7836726903915405,0.002214286010712385,0.0005417388747446239
Retina,9,phase1_hard,ungood/img/13_48.png,1,0.7880980372428894,0.10615184903144836,0.06487628072500229
Retina,9,phase1_hard,ungood/img/13_49.png,1,0.7933822870254517,0.07053232938051224,0.0378798209130764
Retina,9,phase1_hard,ungood/img/13_50.png,1,0.7974327802658081,0.17645487189292908,0.10360175371170044
Retina,9,phase1_hard,ungood/img/13_52.png,1,0.8015670776367188,0.0539664626121521,0.03227569907903671
Retina,9,phase1_hard,ungood/img/13_53.png,1,0.7893744707107544,0.13609206676483154,0.05784889683127403
Retina,9,phase1_hard,ungood/img/13_54.png,1,0.8036234378814697,0.23287290334701538,0.09803060442209244
Retina,9,phase1_hard,ungood/img/13_55.png,1,0.7933263182640076,0.12940998375415802,0.06628460437059402
Retina,9,phase1_hard,ungood/img/13_56.png,1,0.8043763041496277,0.2410973757505417,0.13655073940753937
Retina,9,phase1_hard,ungood/img/13_57.png,1,0.791615903377533,0.2755621075630188,0.2037152498960495
Retina,9,phase1_hard,ungood/img/13_58.png,1,0.7977145314216614,0.36626869440078735,0.24113671481609344
Retina,9,phase1_hard,ungood/img/13_59.png,1,0.7987420558929443,0.47916141152381897,0.35484424233436584
Retina,9,phase1_hard,ungood/img/13_60.png,1,0.7985534071922302,0.8288825750350952,0.698243260383606
Retina,9,phase1_hard,ungood/img/13_61.png,1,0.8127560019493103,0.8251554369926453,0.7196052074432373
Retina,9,phase1_hard,ungood/img/13_62.png,1,0.8066785931587219,0.9314484596252441,0.8816711902618408
Retina,9,phase1_hard,ungood/img/13_64.png,1,0.8093112111091614,0.9519588351249695,0.9098690748214722
Retina,9,phase1_hard,ungood/img/13_65.png,1,0.8055737018585205,0.9632441401481628,0.955894410610199
Retina,9,phase1_hard,ungood/img/13_66.png,1,0.8173260688781738,0.9723715782165527,0.9507783651351929
Retina,9,phase1_hard,ungood/img/13_67.png,1,0.8047406077384949,0.9913600087165833,0.9804178476333618
Retina,9,phase1_hard,ungood/img/13_68.png,1,0.8105433583259583,0.9630264043807983,0.9427550435066223
Retina,9,phase1_hard,ungood/img/13_69.png,1,0.8211655020713806,0.9695298671722412,0.9528111815452576
Retina,9,phase1_hard,ungood/img/13_70.png,1,0.8098441362380981,0.9521745443344116,0.9216389656066895
Retina,9,phase1_hard,ungood/img/13_71.png,1,0.8221579194068909,0.9478749632835388,0.9241210222244263
Retina,9,phase1_hard,ungood/img/13_72.png,1,0.8092556595802307,0.8210204243659973,0.6970798969268799
Retina,9,phase1_hard,ungood/img/13_73.png,1,0.8139667510986328,0.896271288394928,0.7688912749290466
Retina,9,phase1_hard,ungood/img/13_74.png,1,0.8152763247489929,0.803521454334259,0.7105219960212708
Retina,9,phase1_hard,ungood/img/13_76.png,1,0.7819764018058777,0.6685487031936646,0.4937936067581177
Retina,9,phase1_hard,ungood/img/13_77.png,1,0.7991927266120911,0.4752810299396515,0.3436658978462219
Retina,9,phase1_hard,ungood/img/13_78.png,1,0.7811843752861023,0.16000312566757202,0.09172841906547546
Retina,9,phase1_hard,ungood/img/13_79.png,1,0.8050550222396851,0.6491135954856873,0.5113675594329834
Retina,9,phase1_hard,ungood/img/13_80.png,1,0.7954464554786682,0.4265180230140686,0.2527472972869873
Retina,9,phase1_hard,ungood/img/13_81.png,1,0.7899967432022095,0.46260443329811096,0.3347422182559967
Retina,9,phase1_hard,ungood/img/13_82.png,1,0.8062208890914917,0.2251526415348053,0.14845184981822968
Retina,9,phase1_hard,ungood/img/13_83.png,1,0.8019948601722717,0.29020828008651733,0.11583469808101654
Retina,9,phase1_hard,ungood/img/13_84.png,1,0.814110279083252,0.6260749697685242,0.4915064871311188
Retina,9,phase1_hard,ungood/img/13_85.png,1,0.7958477139472961,0.11352147161960602,0.06372887641191483
Retina,9,phase1_hard,ungood/img/13_86.png,1,0.7943831086158752,0.43637827038764954,0.26526638865470886
Retina,9,phase1_hard,ungood/img/13_88.png,1,0.8111486434936523,0.3653380572795868,0.10793985426425934
Retina,9,phase1_hard,ungood/img/13_89.png,1,0.8131152391433716,0.24008169770240784,0.14849545061588287
Retina,9,phase1_hard,ungood/img/13_90.png,1,0.8183100819587708,0.6908724308013916,0.473033607006073
Retina,9,phase1_hard,ungood/img/13_91.png,1,0.8017812371253967,0.07765500247478485,0.0314156748354435
Retina,9,phase1_hard,ungood/img/13_92.png,1,0.7958515286445618,0.002158085349947214,0.0012009451165795326
Retina,9,phase1_hard,ungood/img/13_93.png,1,0.8034860491752625,0.12077519297599792,0.04859094321727753
Retina,9,phase1_hard,ungood/img/13_94.png,1,0.7617446780204773,0.0011452831095084548,0.00033253864967264235
Retina,9,phase1_hard,ungood/img/13_95.png,1,0.5734123587608337,5.280100958771072e-05,1.6863630662555806e-05
Retina,9,phase1_hard,ungood/img/13_96.png,1,0.4996553957462311,6.438439754674619e-07,3.7992529655639373e-07
Retina,9,phase1_hard,ungood/img/13_97.png,1,0.7796872854232788,0.0002932338393293321,9.445313480682671e-05
Retina,9,phase1_hard,ungood/img/14_58.png,1,0.5071386694908142,1.3673640069100657e-06,8.472030685879872e-07
Retina,9,phase1_hard,ungood/img/14_60.png,1,0.7951067090034485,0.0004846595984417945,0.00011085336882388219
Retina,9,phase1_hard,ungood/img/14_61.png,1,0.8063015341758728,0.006345304194837809,0.0009710739250294864
Retina,9,phase1_hard,ungood/img/14_62.png,1,0.8177123665809631,0.018251655623316765,0.002076866803690791
Retina,9,phase1_hard,ungood/img/14_63.png,1,0.8036559224128723,0.0008351674769073725,0.00015609913680236787
Retina,9,phase1_hard,ungood/img/14_64.png,1,0.8004698157310486,0.0002836936910171062,7.350751548074186e-05
Retina,9,phase1_hard,ungood/img/15_57.png,1,0.8083851933479309,0.06180854141712189,0.014523030258715153
Retina,9,phase1_hard,ungood/img/15_58.png,1,0.8094210028648376,0.01777757704257965,0.002162019954994321
Retina,9,phase1_hard,ungood/img/15_59.png,1,0.8068112134933472,0.0018237507902085781,0.00021869818738196045
Retina,9,phase1_hard,ungood/img/15_60.png,1,0.8126159906387329,0.008946296758949757,0.0009960298193618655
Retina,9,phase1_hard,ungood/img/15_61.png,1,0.8166264891624451,0.14095090329647064,0.022067762911319733
Retina,9,phase1_hard,ungood/img/15_62.png,1,0.8117821216583252,0.28305819630622864,0.14956778287887573
Retina,9,phase1_hard,ungood/img/1_23.png,1,0.4776952862739563,2.224173840659205e-06,8.033004519347742e-07
Retina,9,phase1_hard,ungood/img/1_24.png,1,0.45856010913848877,1.1389351328716657e-07,7.686077907465005e-08
Retina,9,phase1_hard,ungood/img/1_25.png,1,0.4647745192050934,2.2339993392961333e-06,8.915487796912203e-07
Retina,9,phase1_hard,ungood/img/1_26.png,1,0.7895864844322205,0.0003853104426525533,0.00011412864841986448
Retina,9,phase1_hard,ungood/img/1_27.png,1,0.7674497365951538,0.00011631086090346798,4.1231087379856035e-05
Retina,9,phase1_hard,ungood/img/1_29.png,1,0.7903130054473877,0.01769702322781086,0.006543158087879419
Retina,9,phase1_hard,ungood/img/1_30.png,1,0.7989920377731323,0.0224166102707386,0.007327663246542215
Retina,9,phase1_hard,ungood/img/1_31.png,1,0.8071964979171753,0.43096011877059937,0.18508701026439667
Retina,9,phase1_hard,ungood/img/1_32.png,1,0.7916995882987976,0.28052687644958496,0.14062629640102386
Retina,9,phase1_hard,ungood/img/1_33.png,1,0.8056915998458862,0.3515123128890991,0.10738631337881088
Retina,9,phase1_hard,ungood/img/1_34.png,1,0.8183112144470215,0.1854097843170166,0.11396985501050949
Retina,9,phase1_hard,ungood/img/1_35.png,1,0.7924063205718994,0.27362683415412903,0.13827553391456604
Retina,9,phase1_hard,ungood/img/1_36.png,1,0.79732346534729,0.5187867879867554,0.3472041189670563
Retina,9,phase1_hard,ungood/img/1_37.png,1,0.8010117411613464,0.4057607054710388,0.1718921661376953
Retina,9,phase1_hard,ungood/img/1_38.png,1,0.8007623553276062,0.5391246676445007,0.4152059257030487
Retina,9,phase1_hard,ungood/img/1_39.png,1,0.8048413395881653,0.7279952764511108,0.48207157850265503
Retina,9,phase1_hard,ungood/img/1_41.png,1,0.8012824654579163,0.5448996424674988,0.3466072380542755
Retina,9,phase1_hard,ungood/img/1_42.png,1,0.8070070147514343,0.9559162855148315,0.863396942615509
Retina,9,phase1_hard,ungood/img/1_43.png,1,0.8083940744400024,0.9597108364105225,0.8434329032897949
Retina,9,phase1_hard,ungood/img/1_44.png,1,0.8160594701766968,0.9026193022727966,0.7022178173065186
Retina,9,phase1_hard,ungood/img/1_45.png,1,0.7867072224617004,0.7140757441520691,0.3409588634967804
Retina,9,phase1_hard,ungood/img/1_46.png,1,0.8051720857620239,0.8230818510055542,0.535584568977356
Retina,9,phase1_hard,ungood/img/1_47.png,1,0.8093347549438477,0.8749026656150818,0.7293988466262817
Retina,9,phase1_hard,ungood/img/1_48.png,1,0.8047869205474854,0.8228399157524109,0.5490450263023376
Retina,9,phase1_hard,ungood/img/1_49.png,1,0.810076892375946,0.45900067687034607,0.25663408637046814
Retina,9,phase1_hard,ungood/img/1_50.png,1,0.8127163648605347,0.8378022313117981,0.6934188604354858
Retina,9,phase1_hard,ungood/img/1_51.png,1,0.8101816773414612,0.7546767592430115,0.5243532061576843
Retina,9,phase1_hard,ungood/img/1_53.png,1,0.8033720254898071,0.1005597934126854,0.04475889727473259
Retina,9,phase1_hard,ungood/img/1_54.png,1,0.8091760277748108,0.68654465675354,0.5144861340522766
Retina,9,phase1_hard,ungood/img/1_55.png,1,0.805798351764679,0.7180342078208923,0.543268084526062
Retina,9,phase1_hard,ungood/img/1_56.png,1,0.8006296157836914,0.009046820923686028,0.0021058344282209873
Retina,9,phase1_hard,ungood/img/1_57.png,1,0.7567823529243469,0.0006787464371882379,0.0001753030373947695
Retina,9,phase1_hard,ungood/img/1_58.png,1,0.8040674924850464,0.536823570728302,0.2056155651807785
Retina,9,phase1_hard,ungood/img/1_59.png,1,0.8119407296180725,0.6481173038482666,0.4250398278236389
Retina,9,phase1_hard,ungood/img/1_60.png,1,0.8166514039039612,0.670211911201477,0.3446900546550751
Retina,9,phase1_hard,ungood/img/1_61.png,1,0.8214513659477234,0.6914697885513306,0.4108782112598419
Retina,9,phase1_hard,ungood/img/1_62.png,1,0.8182267546653748,0.1336573213338852,0.04761957377195358
Retina,9,phase1_hard,ungood/img/1_63.png,1,0.822745144367218,0.3711397051811218,0.15071581304073334
Retina,9,phase1_hard,ungood/img/1_65.png,1,0.814399003982544,0.5405297875404358,0.4188319742679596
Retina,9,phase1_hard,ungood/img/1_66.png,1,0.8142433166503906,0.23558880388736725,0.12188854068517685
Retina,9,phase1_hard,ungood/img/1_67.png,1,0.6863893866539001,2.241989022877533e-05,1.3594167285191361e-05
Retina,9,phase1_hard,ungood/img/1_68.png,1,0.8045257329940796,0.0005703564384020865,0.00027100282022729516
Retina,9,phase1_hard,ungood/img/2_38.png,1,0.5208145976066589,3.404784820304485e-06,1.3324830661076703e-06
Retina,9,phase1_hard,ungood/img/2_39.png,1,0.8217725157737732,0.002126108156517148,0.0008358571794815361
Retina,9,phase1_hard,ungood/img/2_40.png,1,0.7985553741455078,0.0004694378876592964,0.00018625869415700436
Retina,9,phase1_hard,ungood/img/2_41.png,1,0.8067176342010498,0.00044089826405979693,0.00013165136624593288
Retina,9,phase1_hard,ungood/img/2_42.png,1,0.822910726070404,0.0023162232246249914,0.0005803643725812435
Retina,9,phase1_hard,ungood/img/2_43.png,1,0.7927562594413757,1.6462703570141457e-05,1.0766740160761401e-05
Retina,9,phase1_hard,ungood/img/2_44.png,1,0.822477400302887,0.002208888763561845,0.0011143565643578768
Retina,9,phase1_hard,ungood/img/2_46.png,1,0.7952032685279846,3.6365760024636984e-05,1.3882666280551348e-05
Retina,9,phase1_hard,ungood/img/2_47.png,1,0.8212855458259583,1.454372704756679e-05,8.03607235866366e-06
Retina,9,phase1_hard,ungood/img/2_48.png,1,0.8278396129608154,0.034037377685308456,0.013657202012836933
Retina,9,phase1_hard,ungood/img/2_49.png,1,0.8261595964431763,0.0002915507066063583,0.00013260787818580866
Retina,9,phase1_hard,ungood/img/2_50.png,1,0.8255311846733093,0.002571551827713847,0.0008110053022392094
Retina,9,phase1_hard,ungood/img/2_51.png,1,0.8211414813995361,0.0003061450261157006,0.00020169535127934068
Retina,9,phase1_hard,ungood/img/2_52.png,1,0.8147696852684021,0.0001135560596594587,4.459044794202782e-05
Retina,9,phase1_hard,ungood/img/2_53.png,1,0.8256789445877075,0.17975421249866486,0.09390947222709656
Retina,9,phase1_hard,ungood/img/2_54.png,1,0.8198981285095215,0.2957891821861267,0.14810706675052643
Retina,9,phase1_hard,ungood/img/2_55.png,1,0.8141463398933411,0.008122649043798447,0.003331049345433712
Retina,9,phase1_hard,ungood/img/2_56.png,1,0.8221878409385681,0.3216741681098938,0.1993119865655899
Retina,9,phase1_hard,ungood/img/2_58.png,1,0.8194538950920105,0.9121829867362976,0.6976909637451172
Retina,9,phase1_hard,ungood/img/2_59.png,1,0.8142529129981995,0.578733503818512,0.3474961519241333
Retina,9,phase1_hard,ungood/img/2_60.png,1,0.8124246597290039,0.06829044967889786,0.034498292952775955
Retina,9,phase1_hard,ungood/img/2_61.png,1,0.8203138113021851,0.6057700514793396,0.2646774649620056
Retina,9,phase1_hard,ungood/img/2_62.png,1,0.8124217391014099,0.1214144304394722,0.03351583331823349
Retina,9,phase1_hard,ungood/img/2_63.png,1,0.8272687196731567,0.7246326208114624,0.590438961982727
Retina,9,phase1_hard,ungood/img/2_64.png,1,0.8287853598594666,0.24703074991703033,0.11545281112194061
Retina,9,phase1_hard,ungood/img/2_65.png,1,0.8178473711013794,0.008203540928661823,0.0026455086190253496
Retina,9,phase1_hard,ungood/img/2_66.png,1,0.8288640975952148,0.009601633064448833,0.0034078063908964396
Retina,9,phase1_hard,ungood/img/2_67.png,1,0.8179467916488647,0.0007141577079892159,0.0002965190797112882
Retina,9,phase1_hard,ungood/img/2_68.png,1,0.8250827193260193,0.3971976339817047,0.20517195761203766
Retina,9,phase1_hard,ungood/img/2_70.png,1,0.8289220333099365,0.29311591386795044,0.12502694129943848
Retina,9,phase1_hard,ungood/img/2_71.png,1,0.789031982421875,2.3764885554555804e-05,1.3373152796702925e-05
Retina,9,phase1_hard,ungood/img/2_72.png,1,0.8239888548851013,0.2899029850959778,0.12339001893997192
Retina,9,phase1_hard,ungood/img/2_73.png,1,0.8254474401473999,0.19047626852989197,0.061910104006528854
Retina,9,phase1_hard,ungood/img/2_74.png,1,0.8252589702606201,0.2230486273765564,0.11676425486803055
Retina,9,phase1_hard,ungood/img/2_75.png,1,0.8226667642593384,0.22180427610874176,0.12322898209095001
Retina,9,phase1_hard,ungood/img/2_76.png,1,0.8218836188316345,0.24958479404449463,0.11526402831077576
Retina,9,phase1_hard,ungood/img/2_77.png,1,0.824052095413208,0.020689526572823524,0.009796555154025555
Retina,9,phase1_hard,ungood/img/2_78.png,1,0.821304440498352,0.00041594490176066756,6.239013600861654e-05
Retina,9,phase1_hard,ungood/img/2_79.png,1,0.8114158511161804,0.00037365182652138174,0.00013014463183935732
Retina,9,phase1_hard,ungood/img/2_80.png,1,0.8165637254714966,3.9981936424737796e-05,1.895066634460818e-05
Retina,9,phase1_hard,ungood/img/2_82.png,1,0.794199526309967,1.1065188118664082e-05,4.610993528331164e-06
Retina,9,phase1_hard,ungood/img/2_83.png,1,0.7994463443756104,1.3944602414994733e-06,9.931187605616287e-07
Retina,9,phase1_hard,ungood/img/2_84.png,1,0.5318222641944885,1.0320840715394297e-07,7.4643139669206e-08
Retina,9,phase1_hard,ungood/img/2_85.png,1,0.6274010539054871,3.2384475616709096e-06,1.7737080497681745e-06
Retina,9,phase1_hard,ungood/img/2_86.png,1,0.8191393613815308,0.008564325049519539,0.0017615039832890034
Retina,9,phase1_hard,ungood/img/2_87.png,1,0.5753254890441895,1.195339336845791e-06,5.609136337625387e-07
Retina,9,phase1_hard,ungood/img/2_88.png,1,0.5163426399230957,7.1879362906202e-08,4.6082433868832595e-08
Retina,9,phase1_hard,ungood/img/2_89.png,1,0.5178593993186951,1.4886908275002497e-06,6.711738933518063e-07
Retina,9,phase1_hard,ungood/img/2_90.png,1,0.5501664280891418,1.2941247007347556e-07,8.175546639677123e-08
Retina,9,phase1_hard,ungood/img/2_91.png,1,0.5241693258285522,1.6837813632264442e-07,1.2403606319821847e-07
Retina,9,phase1_hard,ungood/img/2_92.png,1,0.5424817800521851,5.088157308819063e-07,2.8719355782413913e-07
Retina,9,phase1_hard,ungood/img/2_94.png,1,0.5358024835586548,2.0606200905604055e-06,1.19119385999511e-06
Retina,9,phase1_hard,ungood/img/2_95.png,1,0.5425088405609131,5.715125098504359e-06,1.85733085800166e-06
Retina,9,phase1_hard,ungood/img/2_96.png,1,0.5691547393798828,3.3978037095039326e-07,1.8679983782021736e-07
Retina,9,phase1_hard,ungood/img/2_97.png,1,0.5324429869651794,6.7586843215394765e-06,1.919873284350615e-06
Retina,9,phase1_hard,ungood/img/2_98.png,1,0.5813851952552795,2.4589717213530093e-06,1.040416577779979e-06
Retina,9,phase1_hard,ungood/img/3_100.png,1,0.7393590211868286,2.4357228767257766e-07,1.723882263604537e-07
Retina,9,phase1_hard,ungood/img/3_101.png,1,0.44138288497924805,2.07197714985341e-07,1.6916712297643244e-07
Retina,9,phase1_hard,ungood/img/3_102.png,1,0.45890599489212036,2.2914559849596117e-07,1.1001680633171418e-07
Retina,9,phase1_hard,ungood/img/3_103.png,1,0.6828177571296692,2.8330376267149404e-07,2.1121778104316036e-07
Retina,9,phase1_hard,ungood/img/3_104.png,1,0.7386898994445801,5.399514520831872e-06,2.8966314857825637e-06
Retina,9,phase1_hard,ungood/img/3_106.png,1,0.7593266367912292,1.9872102711815387e-05,7.839589670766145e-06
Retina,9,phase1_hard,ungood/img/3_107.png,1,0.6445960402488708,4.1424345909035765e-07,2.3053252107274602e-07
Retina,9,phase1_hard,ungood/img/3_108.png,1,0.7582840919494629,2.2332398657454178e-05,1.0455837582412641e-05
Retina,9,phase1_hard,ungood/img/3_109.png,1,0.7134472727775574,1.8765382492347271e-06,9.75340185505047e-07
Retina,9,phase1_hard,ungood/img/3_110.png,1,0.7471458911895752,2.249147837574128e-05,8.585731848143041e-06
Retina,9,phase1_hard,ungood/img/3_111.png,1,0.7725878357887268,0.0004266141331754625,0.00011625978368101642
Retina,9,phase1_hard,ungood/img/3_112.png,1,0.6497376561164856,4.162603488566674e-07,2.2863622461954947e-07
Retina,9,phase1_hard,ungood/img/3_113.png,1,0.4448244869709015,1.9166054698871449e-07,1.2859625542205322e-07
Retina,9,phase1_hard,ungood/img/3_114.png,1,0.4582447409629822,2.8977603960811393e-07,1.874009569746704e-07
Retina,9,phase1_hard,ungood/img/3_115.png,1,0.7504665851593018,0.00023704511113464832,6.798450340284035e-05
Retina,9,phase1_hard,ungood/img/3_116.png,1,0.7527478337287903,0.00033648169483058155,0.0001310589286731556
Retina,9,phase1_hard,ungood/img/3_118.png,1,0.4208669662475586,1.1676634414925502e-07,6.54627427820742e-08
Retina,9,phase1_hard,ungood/img/3_119.png,1,0.44554993510246277,7.925074640979801e-08,4.7699412419888176e-08
Retina,9,phase1_hard,ungood/img/3_120.png,1,0.43150222301483154,2.6436284272790544e-08,2.0805307698879005e-08
Retina,9,phase1_hard,ungood/img/3_15.png,1,0.7712522149085999,6.411537015083013e-06,1.9969668301200727e-06
Retina,9,phase1_hard,ungood/img/3_16.png,1,0.5650781393051147,3.3140295840894396e-07,1.2752715861097386e-07
Retina,9,phase1_hard,ungood/img/3_17.png,1,0.4774056673049927,5.2500482183859276e-08,2.8739572499603128e-08
Retina,9,phase1_hard,ungood/img/3_18.png,1,0.49326592683792114,4.719929336260975e-08,3.082475075188995e-08
Retina,9,phase1_hard,ungood/img/3_19.png,1,0.7503884434700012,1.2429190121565625e-07,7.778979949080167e-08
Retina,9,phase1_hard,ungood/img/3_20.png,1,0.42741596698760986,4.3736218202639066e-08,2.997532533299818e-08
Retina,9,phase1_hard,ungood/img/3_22.png,1,0.43179282546043396,2.5111283719070343e-08,2.15752180565687e-08
Retina,9,phase1_hard,ungood/img/3_23.png,1,0.4538120925426483,6.077060987763616e-08,4.199849712449577e-08
Retina,9,phase1_hard,ungood/img/3_24.png,1,0.6663513779640198,1.6878246356100135e-07,8.671999296439026e-08
Retina,9,phase1_hard,ungood/img/3_25.png,1,0.4402024745941162,5.935471492080069e-08,3.7932419871822276e-08
Retina,9,phase1_hard,ungood/img/3_26.png,1,0.4506053030490875,6.76937332855232e-08,4.657144714315109e-08
Retina,9,phase1_hard,ungood/img/3_27.png,1,0.6524065136909485,3.720151653396897e-07,1.6809680403184757e-07
Retina,9,phase1_hard,ungood/img/3_28.png,1,0.7529168725013733,2.0901921971017146e-07,1.3851892788352416e-07
Retina,9,phase1_hard,ungood/img/3_29.png,1,0.7842389345169067,1.7143172499345383e-06,6.537532613037911e-07
Retina,9,phase1_hard,ungood/img/3_30.png,1,0.7880955934524536,3.200130595359951e-05,6.951790055609308e-06
Retina,9,phase1_hard,ungood/img/3_31.png,1,0.7963619828224182,0.006304737646132708,0.0024311093147844076
Retina,9,phase1_hard,ungood/img/3_32.png,1,0.7704498171806335,0.0024295824114233255,0.0011361627839505672
Retina,9,phase1_hard,ungood/img/3_34.png,1,0.7442411184310913,0.00031309903715737164,9.7953925433103e-05
Retina,9,phase1_hard,ungood/img/3_35.png,1,0.7683998346328735,0.0002887671871576458,0.00020080138347111642
Retina,9,phase1_hard,ungood/img/3_36.png,1,0.7602313160896301,4.531483682512771e-06,2.0137906631134683e-06
Retina,9,phase1_hard,ungood/img/3_37.png,1,0.7747346758842468,5.881473725821706e-07,4.036073164570553e-07
Retina,9,phase1_hard,ungood/img/3_38.png,1,0.7198135852813721,9.577258452964088e-08,5.889672394232548e-08
Retina,9,phase1_hard,ungood/img/3_39.png,1,0.527345597743988,2.186184531183244e-07,1.4644989221324067e-07
Retina,9,phase1_hard,ungood/img/3_40.png,1,0.4779347777366638,1.9304351894788851e-07,1.148682997609285e-07
Retina,9,phase1_hard,ungood/img/3_41.png,1,0.7852296829223633,0.01645202562212944,0.005559144075959921
Retina,9,phase1_hard,ungood/img/3_42.png,1,0.5954667329788208,1.0928147275990341e-07,6.579622890967585e-08
Retina,9,phase1_hard,ungood/img/3_43.png,1,0.7576342821121216,2.747403868852416e-07,1.7895925452648953e-07
Retina,9,phase1_hard,ungood/img/3_44.png,1,0.7528124451637268,1.6204444364120718e-06,5.698606173609733e-07
Retina,9,phase1_hard,ungood/img/3_46.png,1,0.4584450125694275,6.951601960736298e-08,5.053289342527023e-08
Retina,9,phase1_hard,ungood/img/3_47.png,1,0.552617609500885,1.7974561217215523e-07,9.64641699852109e-08
Retina,9,phase1_hard,ungood/img/3_48.png,1,0.5000380873680115,1.1263662713645317e-07,8.681919183572973e-08
Retina,9,phase1_hard,ungood/img/3_49.png,1,0.5723252892494202,2.1350287227051012e-07,1.2116673531181732e-07
Retina,9,phase1_hard,ungood/img/3_50.png,1,0.49514493346214294,5.732188412821415e-08,4.066621528409087e-08
Retina,9,phase1_hard,ungood/img/3_51.png,1,0.7854114174842834,0.00012654031161218882,4.866796007263474e-05
Retina,9,phase1_hard,ungood/img/3_52.png,1,0.529730498790741,7.185304440326945e-08,5.272615410945036e-08
Retina,9,phase1_hard,ungood/img/3_53.png,1,0.7996032238006592,0.003165720496326685,0.0010011594276875257
Retina,9,phase1_hard,ungood/img/3_54.png,1,0.8012787699699402,0.49623095989227295,0.2731507122516632
Retina,9,phase1_hard,ungood/img/3_55.png,1,0.6764696836471558,7.4582453635230195e-06,3.408928250792087e-06
Retina,9,phase1_hard,ungood/img/3_56.png,1,0.8101344704627991,0.028650477528572083,0.012760748155415058
Retina,9,phase1_hard,ungood/img/3_58.png,1,0.7693750262260437,0.0019600880332291126,0.0004912972799502313
Retina,9,phase1_hard,ungood/img/3_59.png,1,0.7666084170341492,0.0014024684205651283,0.00038339474122039974
Retina,9,phase1_hard,ungood/img/3_60.png,1,0.7848860621452332,0.0006190219428390265,0.00019553214951884001
Retina,9,phase1_hard,ungood/img/3_61.png,1,0.7645758986473083,0.0030929483473300934,0.0009196724276989698
Retina,9,phase1_hard,ungood/img/3_62.png,1,0.7975366711616516,0.1013040766119957,0.040542274713516235
Retina,9,phase1_hard,ungood/img/3_63.png,1,0.772453784942627,0.07152711600065231,0.031637705862522125
Retina,9,phase1_hard,ungood/img/3_64.png,1,0.7847317457199097,0.3331775665283203,0.11734938621520996
Retina,9,phase1_hard,ungood/img/3_65.png,1,0.8128103017807007,0.1951070874929428,0.04338202252984047
Retina,9,phase1_hard,ungood/img/3_66.png,1,0.8026697039604187,0.057516567409038544,0.010264022275805473
Retina,9,phase1_hard,ungood/img/3_67.png,1,0.8045834302902222,0.7604604959487915,0.45237934589385986
Retina,9,phase1_hard,ungood/img/3_68.png,1,0.8148416876792908,0.758624792098999,0.40069153904914856
Retina,9,phase1_hard,ungood/img/3_70.png,1,0.8056440949440002,0.6896828413009644,0.47635191679000854
Retina,9,phase1_hard,ungood/img/3_71.png,1,0.7895410060882568,0.01805766113102436,0.004764685407280922
Retina,9,phase1_hard,ungood/img/3_72.png,1,0.8054068684577942,0.0007852123817428946,0.0003707693540491164
Retina,9,phase1_hard,ungood/img/3_73.png,1,0.7620866894721985,0.0012642070651054382,0.00022300909040495753
Retina,9,phase1_hard,ungood/img/3_74.png,1,0.7925172448158264,0.00038558250525966287,8.068212628131732e-05
Retina,9,phase1_hard,ungood/img/3_75.png,1,0.7953913807868958,0.0012847358593717217,0.0004551422316581011
Retina,9,phase1_hard,ungood/img/3_76.png,1,0.7708935737609863,0.0001561509707244113,4.896623795502819e-05
Retina,9,phase1_hard,ungood/img/3_77.png,1,0.7289539575576782,1.156393136625411e-05,6.020368800818687e-06
Retina,9,phase1_hard,ungood/img/3_78.png,1,0.7959191203117371,0.8659093976020813,0.6248407363891602
Retina,9,phase1_hard,ungood/img/3_79.png,1,0.7741381525993347,0.0004153345653321594,9.456688712816685e-05
Retina,9,phase1_hard,ungood/img/3_80.png,1,0.7367848753929138,3.177435792167671e-05,1.7485768694314174e-05
Retina,9,phase1_hard,ungood/img/3_82.png,1,0.7963902354240417,0.01620795950293541,0.0031578708440065384
Retina,9,phase1_hard,ungood/img/3_83.png,1,0.6333749890327454,2.6087966489285463e-06,1.540100583952153e-06
Retina,9,phase1_hard,ungood/img/3_84.png,1,0.7385759949684143,2.4077615307760425e-05,8.076232006715145e-06
Retina,9,phase1_hard,ungood/img/3_85.png,1,0.7620168924331665,0.19960857927799225,0.057044170796871185
Retina,9,phase1_hard,ungood/img/3_86.png,1,0.47509849071502686,5.699725988961291e-07,3.7819171438968624e-07
Retina,9,phase1_hard,ungood/img/3_87.png,1,0.7674566507339478,0.00018123620247934014,6.827116158092394e-05
Retina,9,phase1_hard,ungood/img/3_88.png,1,0.5116231441497803,3.1036340715218103e-06,1.6517117273906479e-06
Retina,9,phase1_hard,ungood/img/3_89.png,1,0.7368231415748596,1.4329986015582108e-06,7.593276905026869e-07
Retina,9,phase1_hard,ungood/img/3_90.png,1,0.7524475455284119,6.776992813684046e-05,2.5933022698154673e-05
Retina,9,phase1_hard,ungood/img/3_91.png,1,0.7614726424217224,0.0004101158119738102,0.00012426702596712857
Retina,9,phase1_hard,ungood/img/3_92.png,1,0.7142595052719116,3.6774245018023066e-06,1.4441156963584945e-06
Retina,9,phase1_hard,ungood/img/3_94.png,1,0.7453985810279846,2.3540146685263608e-06,1.1815508287327248e-06
Retina,9,phase1_hard,ungood/img/3_95.png,1,0.749634861946106,1.7458882211940363e-05,5.92749847783125e-06
Retina,9,phase1_hard,ungood/img/3_96.png,1,0.7698193788528442,4.97947221447248e-05,2.257098640257027e-05
Retina,9,phase1_hard,ungood/img/3_97.png,1,0.7708510160446167,0.016276460140943527,0.005794658791273832
Retina,9,phase1_hard,ungood/img/3_98.png,1,0.7615607380867004,0.000978631665930152,0.0003463247849140316
Retina,9,phase1_hard,ungood/img/3_99.png,1,0.4266375005245209,1.6275269842935813e-07,9.183161608916635e-08
Retina,9,phase1_hard,ungood/img/4_100.png,1,0.539669394493103,3.3089733619817707e-07,2.2657701492789784e-07
Retina,9,phase1_hard,ungood/img/4_101.png,1,0.8059311509132385,1.650193917157594e-05,4.887293471256271e-06
Retina,9,phase1_hard,ungood/img/4_102.png,1,0.5202426314353943,1.6589481219853042e-06,5.750366653956007e-07
Retina,9,phase1_hard,ungood/img/4_103.png,1,0.5053936243057251,8.218390945557985e-08,5.922888846043861e-08
Retina,9,phase1_hard,ungood/img/4_104.png,1,0.822883129119873,0.0004905089153908193,0.00020222083549015224
Retina,9,phase1_hard,ungood/img/4_105.png,1,0.5492464303970337,6.995573585300008e-06,1.7798140561353648e-06
Retina,9,phase1_hard,ungood/img/4_106.png,1,0.4965577721595764,6.720191549902665e-07,3.2171720931728487e-07
Retina,9,phase1_hard,ungood/img/4_108.png,1,0.7933982610702515,0.09476393461227417,0.026306593790650368
Retina,9,phase1_hard,ungood/img/4_109.png,1,0.8029912710189819,0.8024554252624512,0.25962045788764954
Retina,9,phase1_hard,ungood/img/4_110.png,1,0.5543034076690674,3.6237564927432686e-05,1.4864717741147615e-05
Retina,9,phase1_hard,ungood/img/4_111.png,1,0.7906954288482666,0.002034376608207822,0.0003499846498016268
Retina,9,phase1_hard,ungood/img/4_112.png,1,0.7623865604400635,0.022729065269231796,0.004030123353004456
Retina,9,phase1_hard,ungood/img/4_113.png,1,0.7842325568199158,0.9411371946334839,0.5681777000427246
Retina,9,phase1_hard,ungood/img/4_114.png,1,0.5827817320823669,0.0003036347043234855,0.00011792862642323598
Retina,9,phase1_hard,ungood/img/4_115.png,1,0.478152334690094,1.1270585673628375e-05,4.359947979537537e-06
Retina,9,phase1_hard,ungood/img/4_116.png,1,0.7874031662940979,0.21942083537578583,0.05236363783478737
Retina,9,phase1_hard,ungood/img/4_117.png,1,0.7921518087387085,0.8992480039596558,0.5021899938583374
Retina,9,phase1_hard,ungood/img/4_118.png,1,0.5320301651954651,0.0006030488293617964,0.00015362087287940085
Retina,9,phase1_hard,ungood/img/4_120.png,1,0.8246476650238037,0.9880417585372925,0.9170030355453491
Retina,9,phase1_hard,ungood/img/4_121.png,1,0.8242906928062439,0.7903051376342773,0.4502637982368469
Retina,9,phase1_hard,ungood/img/4_122.png,1,0.570024311542511,2.4545868654968217e-05,8.929120667744428e-06
Retina,9,phase1_hard,ungood/img/4_123.png,1,0.5333177447319031,1.9320079047702166e-07,1.0924639326503893e-07
Retina,9,phase1_hard,ungood/img/4_124.png,1,0.6068850159645081,3.2188891054829583e-06,1.5879663806117605e-06
Retina,9,phase1_hard,ungood/img/4_125.png,1,0.8152825236320496,0.6020480990409851,0.20364366471767426
Retina,9,phase1_hard,ungood/img/4_126.png,1,0.8202133178710938,0.666753888130188,0.4667896330356598
Retina,9,phase1_hard,ungood/img/4_127.png,1,0.8181419968605042,0.6613605618476868,0.28358757495880127
Retina,9,phase1_hard,ungood/img/4_128.png,1,0.8041596412658691,0.6076605916023254,0.31338250637054443
Retina,9,phase1_hard,ungood/img/4_51.png,1,0.8219782114028931,0.030110446736216545,0.011013360694050789
Retina,9,phase1_hard,ungood/img/4_52.png,1,0.808480978012085,0.00037757831159979105,0.00010377486614743248
Retina,9,phase1_hard,ungood/img/4_53.png,1,0.7100804448127747,7.391942631329584e-07,4.519268372860097e-07
Retina,9,phase1_hard,ungood/img/4_54.png,1,0.8105043172836304,3.5027831472689286e-05,2.2516531316796318e-05
Retina,9,phase1_hard,ungood/img/4_55.png,1,0.8137437105178833,6.241371465876e-06,2.2478097889688797e-06
Retina,9,phase1_hard,ungood/img/4_56.png,1,0.7451362609863281,4.661294497054769e-06,1.3996187817610917e-06
Retina,9,phase1_hard,ungood/img/4_57.png,1,0.7194846868515015,5.864418994860898e-07,2.894315116463986e-07
Retina,9,phase1_hard,ungood/img/4_58.png,1,0.5374965667724609,1.490801793124774e-07,9.186409499761794e-08
Retina,9,phase1_hard,ungood/img/4_60.png,1,0.8174528479576111,0.002340374980121851,0.000556818675249815
Retina,9,phase1_hard,ungood/img/4_61.png,1,0.8183267116546631,0.009960098192095757,0.00436632102355361
Retina,9,phase1_hard,ungood/img/4_62.png,1,0.8043032884597778,0.04278029873967171,0.0222176406532526
Retina,9,phase1_hard,ungood/img/4_63.png,1,0.8085839152336121,0.9485035538673401,0.7131778597831726
Retina,9,phase1_hard,ungood/img/4_64.png,1,0.8222974538803101,0.8562366962432861,0.6680324673652649
Retina,9,phase1_hard,ungood/img/4_65.png,1,0.8126159310340881,0.9122180938720703,0.6450631022453308
Retina,9,phase1_hard,ungood/img/4_66.png,1,0.817680835723877,0.9722703099250793,0.7485191822052002
Retina,9,phase1_hard,ungood/img/4_67.png,1,0.8178717494010925,0.8270558714866638,0.5459181666374207
Retina,9,phase1_hard,ungood/img/4_68.png,1,0.8261293768882751,0.8146174550056458,0.648979902267456
Retina,9,phase1_hard,ungood/img/4_69.png,1,0.815529465675354,0.3998548686504364,0.25122353434562683
Retina,9,phase1_hard,ungood/img/4_70.png,1,0.8175392150878906,0.5708902478218079,0.4200095534324646
Retina,9,phase1_hard,ungood/img/4_72.png,1,0.8192194700241089,0.011662290431559086,0.0051337722688913345
Retina,9,phase1_hard,ungood/img/4_73.png,1,0.8133102655410767,0.0018444802844896913,0.0007041285280138254
Retina,9,phase1_hard,ungood/img/4_74.png,1,0.8258698582649231,0.1396455317735672,0.06711538881063461
Retina,9,phase1_hard,ungood/img/4_75.png,1,0.8207433819770813,0.08691618591547012,0.04329894110560417
Retina,9,phase1_hard,ungood/img/4_76.png,1,0.645088791847229,1.8456368024999392e-06,9.078760854208667e-07
Retina,9,phase1_hard,ungood/img/4_77.png,1,0.8011021614074707,0.008108631707727909,0.001539659220725298
Retina,9,phase1_hard,ungood/img/4_78.png,1,0.8203957676887512,0.46869590878486633,0.13278642296791077
Retina,9,phase1_hard,ungood/img/4_79.png,1,0.820902407169342,0.1010918915271759,0.027240417897701263
Retina,9,phase1_hard,ungood/img/4_80.png,1,0.7881733775138855,0.015116013586521149,0.0028212156612426043
Retina,9,phase1_hard,ungood/img/4_81.png,1,0.82028728723526,0.6555877327919006,0.2427251785993576
Retina,9,phase1_hard,ungood/img/4_82.png,1,0.6327438354492188,1.3317866205397877e-06,9.975886996471672e-07
Retina,9,phase1_hard,ungood/img/4_84.png,1,0.8083228468894958,1.912319021357689e-05,1.047788009600481e-05
Retina,9,phase1_hard,ungood/img/4_85.png,1,0.5352833271026611,1.7867655515146907e-06,8.962617812358076e-07
Retina,9,phase1_hard,ungood/img/4_86.png,1,0.804443895816803,0.00018327463476452976,6.49261855869554e-05
Retina,9,phase1_hard,ungood/img/4_87.png,1,0.8138786554336548,0.0011825524270534515,0.0006726179271936417
Retina,9,phase1_hard,ungood/img/4_88.png,1,0.7624877691268921,3.1405386835103855e-05,1.0221249794994947e-05
Retina,9,phase1_hard,ungood/img/4_89.png,1,0.8176461458206177,0.006944857072085142,0.0020671149250119925
Retina,9,phase1_hard,ungood/img/4_90.png,1,0.7339085340499878,2.111117464664858e-05,7.692961844441015e-06
Retina,9,phase1_hard,ungood/img/4_91.png,1,0.5313586592674255,1.5624377738276962e-06,8.829559305922885e-07
Retina,9,phase1_hard,ungood/img/4_92.png,1,0.8146626353263855,0.021438462659716606,0.0029270632658153772
Retina,9,phase1_hard,ungood/img/4_93.png,1,0.5438231229782104,4.1487126622996584e-07,2.542266486216249e-07
Retina,9,phase1_hard,ungood/img/4_94.png,1,0.8135964870452881,1.0029539225797635e-05,5.429678822110873e-06
Retina,9,phase1_hard,ungood/img/4_96.png,1,0.5131848454475403,3.163092401337053e-07,1.833781198001816e-07
Retina,9,phase1_hard,ungood/img/4_97.png,1,0.566017210483551,1.1495596936583752e-06,5.39281927558477e-07
Retina,9,phase1_hard,ungood/img/4_98.png,1,0.5440798997879028,1.8881904679801664e-06,1.113155008169997e-06
Retina,9,phase1_hard,ungood/img/4_99.png,1,0.548258900642395,7.581734848827182e-07,4.1630471514508827e-07
Retina,9,phase1_hard,ungood/img/5_100.png,1,0.49620163440704346,9.566228982293978e-07,5.865152274964203e-07
Retina,9,phase1_hard,ungood/img/5_101.png,1,0.8112039566040039,0.8516693711280823,0.4385106861591339
Retina,9,phase1_hard,ungood/img/5_102.png,1,0.8181150555610657,0.05240890011191368,0.013359267264604568
Retina,9,phase1_hard,ungood/img/5_103.png,1,0.8153970241546631,0.0014846856938675046,0.0004768434737343341
Retina,9,phase1_hard,ungood/img/5_105.png,1,0.5258258581161499,5.936597631261975e-07,3.9198647527882713e-07
Retina,9,phase1_hard,ungood/img/5_106.png,1,0.6415837407112122,1.408108710165834e-05,6.558857876370894e-06
Retina,9,phase1_hard,ungood/img/5_107.png,1,0.5774278044700623,1.0323533388145734e-06,5.45106672689144e-07
Retina,9,phase1_hard,ungood/img/5_108.png,1,0.5529776811599731,3.658570221887203e-06,1.62162211836403e-06
Retina,9,phase1_hard,ungood/img/5_109.png,1,0.7803394198417664,6.965184002183378e-05,1.7893340555019677e-05
Retina,9,phase1_hard,ungood/img/5_110.png,1,0.6097036004066467,9.166689778794535e-06,3.728020374182961e-06
Retina,9,phase1_hard,ungood/img/5_111.png,1,0.7811033129692078,0.0001307562051806599,3.131603807560168e-05
Retina,9,phase1_hard,ungood/img/5_112.png,1,0.7882949709892273,0.00010062031651614234,2.591191150713712e-05
Retina,9,phase1_hard,ungood/img/5_113.png,1,0.49964380264282227,1.2510436420143378e-07,9.635097342197696e-08
Retina,9,phase1_hard,ungood/img/5_114.png,1,0.5182582139968872,1.2136157238273881e-05,3.865607595798792e-06
Retina,9,phase1_hard,ungood/img/5_115.png,1,0.5110436677932739,7.622496013937052e-06,2.574019390522153e-06
Retina,9,phase1_hard,ungood/img/5_117.png,1,0.5422830581665039,0.00012974670971743762,5.7092598581220955e-05
Retina,9,phase1_hard,ungood/img/5_118.png,1,0.8103981614112854,0.980890154838562,0.8173779845237732
Retina,9,phase1_hard,ungood/img/5_119.png,1,0.8021354079246521,0.9741320013999939,0.8334340453147888
Retina,9,phase1_hard,ungood/img/5_120.png,1,0.7643089294433594,0.05055203288793564,0.014345530420541763
Retina,9,phase1_hard,ungood/img/5_121.png,1,0.8009299039840698,0.4756361246109009,0.15917126834392548
Retina,9,phase1_hard,ungood/img/5_122.png,1,0.7986252903938293,0.9700255393981934,0.8217302560806274
Retina,9,phase1_hard,ungood/img/5_123.png,1,0.8062810897827148,0.9467210173606873,0.6919816136360168
Retina,9,phase1_hard,ungood/img/5_124.png,1,0.8008385300636292,0.788725733757019,0.3558761775493622
Retina,9,phase1_hard,ungood/img/5_125.png,1,0.8023603558540344,0.8872954249382019,0.5847576260566711
Retina,9,phase1_hard,ungood/img/5_126.png,1,0.7897023558616638,0.039450906217098236,0.007929598912596703
Retina,9,phase1_hard,ungood/img/5_127.png,1,0.8096979856491089,0.9253057241439819,0.7475979924201965
Retina,9,phase1_hard,ungood/img/5_30.png,1,0.8193707466125488,7.192230987129733e-05,2.4813503841869533e-05
Retina,9,phase1_hard,ungood/img/5_31.png,1,0.7938385605812073,0.00016031820268835872,7.50527688069269e-05
Retina,9,phase1_hard,ungood/img/5_33.png,1,0.6801053285598755,3.287441359134391e-06,1.93798950931523e-06
Retina,9,phase1_hard,ungood/img/5_34.png,1,0.8110170960426331,0.0031749997287988663,0.000758904090616852
Retina,9,phase1_hard,ungood/img/5_35.png,1,0.8045960068702698,3.0882276860211277e-06,1.4946335795684718e-06
Retina,9,phase1_hard,ungood/img/5_36.png,1,0.7560883164405823,6.6527277340355795e-06,3.0276833058451302e-06
Retina,9,phase1_hard,ungood/img/5_37.png,1,0.8246265053749084,0.013708794489502907,0.003743863897398114
Retina,9,phase1_hard,ungood/img/5_38.png,1,0.6007422804832458,3.1147055779001676e-06,2.10250027521397e-06
Retina,9,phase1_hard,ungood/img/5_39.png,1,0.7305111289024353,0.0001438252947991714,4.676964817917906e-05
Retina,9,phase1_hard,ungood/img/5_40.png,1,0.6886470913887024,2.2119261302577797e-06,8.402397497775382e-07
Retina,9,phase1_hard,ungood/img/5_41.png,1,0.8091346621513367,1.3628854276248603e-06,8.589372555434238e-07
Retina,9,phase1_hard,ungood/img/5_42.png,1,0.7869945764541626,5.000709393243596e-07,3.572109221749997e-07
Retina,9,phase1_hard,ungood/img/5_43.png,1,0.812869131565094,2.2463076675194316e-05,1.2405380402924493e-05
Retina,9,phase1_hard,ungood/img/5_45.png,1,0.7885270714759827,1.9057539248024113e-05,1.1143837582494598e-05
Retina,9,phase1_hard,ungood/img/5_46.png,1,0.798151433467865,0.04679185152053833,0.025796329602599144
Retina,9,phase1_hard,ungood/img/5_47.png,1,0.7992718815803528,0.00033134815748780966,9.351274638902396e-05
Retina,9,phase1_hard,ungood/img/5_48.png,1,0.8123166561126709,0.007734624203294516,0.002407384105026722
Retina,9,phase1_hard,ungood/img/5_49.png,1,0.8075934648513794,0.35752588510513306,0.14492110908031464
Retina,9,phase1_hard,ungood/img/5_50.png,1,0.8004674911499023,0.1370268166065216,0.07756440341472626
Retina,9,phase1_hard,ungood/img/5_51.png,1,0.8126723766326904,0.37733519077301025,0.20774702727794647
Retina,9,phase1_hard,ungood/img/5_52.png,1,0.8047034740447998,0.09590733796358109,0.03433171287178993
Retina,9,phase1_hard,ungood/img/5_53.png,1,0.8155726790428162,0.0029824983794242144,0.0015149116516113281
Retina,9,phase1_hard,ungood/img/5_54.png,1,0.8136058449745178,0.8098028898239136,0.562024712562561
Retina,9,phase1_hard,ungood/img/5_55.png,1,0.8147323131561279,0.9223076701164246,0.7080762982368469
Retina,9,phase1_hard,ungood/img/5_57.png,1,0.7919842004776001,0.00039802485844120383,0.00015092550893314183
Retina,9,phase1_hard,ungood/img/5_58.png,1,0.8008223176002502,0.011060710996389389,0.0031284880824387074
Retina,9,phase1_hard,ungood/img/5_59.png,1,0.8078140020370483,3.6435108086152468e-06,2.537983391448506e-06
Retina,9,phase1_hard,ungood/img/5_60.png,1,0.8034890294075012,0.0017333258874714375,0.0004267453623469919
Retina,9,phase1_hard,ungood/img/5_61.png,1,0.5032463669776917,1.2131677067372948e-06,6.297038339653227e-07
Retina,9,phase1_hard,ungood/img/5_62.png,1,0.8056528568267822,6.337836384773254e-05,2.2953079678700306e-05
Retina,9,phase1_hard,ungood/img/5_63.png,1,0.8059138059616089,8.517884270986542e-05,3.052726242458448e-05
Retina,9,phase1_hard,ungood/img/5_64.png,1,0.6618180871009827,1.5418612747453153e-05,6.666559784207493e-06
Retina,9,phase1_hard,ungood/img/5_65.png,1,0.8067496418952942,0.00298807630315423,0.0013948996784165502
Retina,9,phase1_hard,ungood/img/5_66.png,1,0.8155205845832825,0.002944085979834199,0.0012591263512149453
Retina,9,phase1_hard,ungood/img/5_67.png,1,0.8201303482055664,0.87343430519104,0.5758881568908691
Retina,9,phase1_hard,ungood/img/5_69.png,1,0.5812733769416809,1.0487951840332244e-05,5.364632670534775e-06
Retina,9,phase1_hard,ungood/img/5_70.png,1,0.8189619779586792,0.42296847701072693,0.31968003511428833
Retina,9,phase1_hard,ungood/img/5_71.png,1,0.8211687803268433,0.038582321256399155,0.018891548737883568
Retina,9,phase1_hard,ungood/img/5_72.png,1,0.8168755173683167,0.040476832538843155,0.02320743352174759
Retina,9,phase1_hard,ungood/img/5_73.png,1,0.8276141881942749,0.7386519908905029,0.6306990385055542
Retina,9,phase1_hard,ungood/img/5_74.png,1,0.8231590390205383,0.3420419991016388,0.19725266098976135
Retina,9,phase1_hard,ungood/img/5_75.png,1,0.813374936580658,0.13169947266578674,0.06892622262239456
Retina,9,phase1_hard,ungood/img/5_76.png,1,0.8232959508895874,0.0011408438440412283,0.000362084130756557
Retina,9,phase1_hard,ungood/img/5_77.png,1,0.8075991272926331,5.4191659728530794e-05,1.3118646165821701e-05
Retina,9,phase1_hard,ungood/img/5_78.png,1,0.8289411664009094,0.5394061803817749,0.3376452922821045
Retina,9,phase1_hard,ungood/img/5_79.png,1,0.8276581168174744,0.05607755109667778,0.031864017248153687
Retina,9,phase1_hard,ungood/img/5_81.png,1,0.627480149269104,1.6024172509787604e-05,7.971935701789334e-06
Retina,9,phase1_hard,ungood/img/5_82.png,1,0.813721776008606,0.028241101652383804,0.006493839435279369
Retina,9,phase1_hard,ungood/img/5_83.png,1,0.8291051387786865,0.23094771802425385,0.07601942121982574
Retina,9,phase1_hard,ungood/img/5_84.png,1,0.8090267777442932,0.2033606916666031,0.05388505011796951
Retina,9,phase1_hard,ungood/img/5_85.png,1,0.8147097229957581,0.045728765428066254,0.009938156232237816
Retina,9,phase1_hard,ungood/img/5_86.png,1,0.818378210067749,0.6088362336158752,0.20556388795375824
Retina,9,phase1_hard,ungood/img/5_87.png,1,0.8135548233985901,0.010885776951909065,0.002732047578319907
Retina,9,phase1_hard,ungood/img/5_88.png,1,0.8139078617095947,0.1803736835718155,0.06717999279499054
Retina,9,phase1_hard,ungood/img/5_89.png,1,0.5104174017906189,1.306565650338598e-06,6.996967272243637e-07
Retina,9,phase1_hard,ungood/img/5_90.png,1,0.7722436785697937,0.00017214591207448393,8.536687528248876e-05
Retina,9,phase1_hard,ungood/img/5_91.png,1,0.696334958076477,7.976330380188301e-06,3.880096301145386e-06
Retina,9,phase1_hard,ungood/img/5_93.png,1,0.800753653049469,3.600147829274647e-05,2.0581186618073843e-05
Retina,9,phase1_hard,ungood/img/5_94.png,1,0.6308662295341492,5.22967775395955e-06,2.3455825157725485e-06
Retina,9,phase1_hard,ungood/img/5_95.png,1,0.8080230951309204,0.007634363137185574,0.0026947911828756332
Retina,9,phase1_hard,ungood/img/5_96.png,1,0.5895066261291504,2.7769328880822286e-06,2.0402842437761137e-06
Retina,9,phase1_hard,ungood/img/5_97.png,1,0.6126836538314819,0.00013595412019640207,5.370598955778405e-05
Retina,9,phase1_hard,ungood/img/5_98.png,1,0.8055221438407898,6.29345013294369e-05,2.868339288397692e-05
Retina,9,phase1_hard,ungood/img/5_99.png,1,0.8100898265838623,0.6091457009315491,0.30134978890419006
Retina,9,phase1_hard,ungood/img/6_54.png,1,0.789979875087738,0.0587555356323719,0.012087867595255375
Retina,9,phase1_hard,ungood/img/6_55.png,1,0.7956764101982117,0.026723485440015793,0.005723333451896906
Retina,9,phase1_hard,ungood/img/6_56.png,1,0.7818612456321716,0.013729569502174854,0.004061180166900158
Retina,9,phase1_hard,ungood/img/6_57.png,1,0.7946944832801819,0.004273287020623684,0.000893380434717983
Retina,9,phase1_hard,ungood/img/6_58.png,1,0.7918921709060669,0.0013114168541505933,0.000556360580958426
Retina,9,phase1_hard,ungood/img/6_59.png,1,0.7973843812942505,0.0007892625872045755,0.0003262298705521971
Retina,9,phase1_hard,ungood/img/6_60.png,1,0.8032839298248291,0.009183978661894798,0.0016580091323703527
Retina,9,phase1_hard,ungood/img/6_61.png,1,0.795949399471283,0.015880579128861427,0.005408824421465397
Retina,9,phase1_hard,ungood/img/6_62.png,1,0.7897083163261414,0.003536901203915477,0.0015646833926439285
Retina,9,phase1_hard,ungood/img/6_63.png,1,0.8043715953826904,0.0027877662796527147,0.0016922684153541923
Retina,9,phase1_hard,ungood/img/6_64.png,1,0.8093166947364807,0.023740235716104507,0.014515960589051247
Retina,9,phase1_hard,ungood/img/6_66.png,1,0.7920728921890259,0.002683419268578291,0.001137752435170114
Retina,9,phase1_hard,ungood/img/6_67.png,1,0.7977108955383301,0.006802760995924473,0.002153861802071333
Retina,9,phase1_hard,ungood/img/6_68.png,1,0.8046278953552246,0.007207756862044334,0.003283669473603368
Retina,9,phase1_hard,ungood/img/6_69.png,1,0.8056071400642395,0.010258627124130726,0.006475626956671476
Retina,9,phase1_hard,ungood/img/6_70.png,1,0.8118579387664795,0.04060674086213112,0.02141568437218666
Retina,9,phase1_hard,ungood/img/6_71.png,1,0.8057976365089417,0.00942815002053976,0.004005603026598692
Retina,9,phase1_hard,ungood/img/6_72.png,1,0.7953948378562927,0.0023165286984294653,0.0006461419980041683
Retina,9,phase1_hard,ungood/img/6_73.png,1,0.8138458728790283,0.0025563878007233143,0.0009739219676703215
Retina,9,phase1_hard,ungood/img/6_74.png,1,0.8021741509437561,0.005590555723756552,0.0019136008340865374
Retina,9,phase1_hard,ungood/img/6_75.png,1,0.8029043078422546,0.014598703011870384,0.006108645815402269
Retina,9,phase1_hard,ungood/img/6_76.png,1,0.8048767447471619,0.0027653356082737446,0.0013160184025764465
Retina,9,phase1_hard,ungood/img/6_78.png,1,0.808495283126831,0.0002820380905177444,0.00012765706924255937
Retina,9,phase1_hard,ungood/img/6_79.png,1,0.7829174399375916,0.0009622245561331511,0.000333990843500942
Retina,9,phase1_hard,ungood/img/6_80.png,1,0.783782958984375,0.0004175099020358175,0.0001513909810455516
Retina,9,phase1_hard,ungood/img/6_81.png,1,0.8022395968437195,0.017137736082077026,0.0027675628662109375
Retina,9,phase1_hard,ungood/img/6_82.png,1,0.8003461360931396,0.0013117159251123667,0.0006543935742229223
Retina,9,phase1_hard,ungood/img/6_83.png,1,0.7950171828269958,0.008005455136299133,0.0013449826510623097
Retina,9,phase1_hard,ungood/img/7_70.png,1,0.8052555322647095,0.38279375433921814,0.22423028945922852
Retina,9,phase1_hard,ungood/img/7_71.png,1,0.7917494773864746,0.00533414538949728,0.002323996974155307
Retina,9,phase1_hard,ungood/img/7_72.png,1,0.807571530342102,0.10074809938669205,0.04744219779968262
Retina,9,phase1_hard,ungood/img/7_73.png,1,0.8167611956596375,0.10877619683742523,0.049672339111566544
Retina,9,phase1_hard,ungood/img/7_74.png,1,0.8113754391670227,0.1407906711101532,0.035671431571245193
Retina,9,phase1_hard,ungood/img/7_76.png,1,0.7923344373703003,0.06072374805808067,0.011605783365666866
Retina,9,phase1_hard,ungood/img/7_77.png,1,0.8016964793205261,0.007767780683934689,0.0011042841942980886
Retina,9,phase1_hard,ungood/img/7_78.png,1,0.8054797649383545,0.04308702424168587,0.006660522427409887
Retina,9,phase1_hard,ungood/img/7_79.png,1,0.7783113121986389,0.006876625120639801,0.0010606026044115424
Retina,9,phase1_hard,ungood/img/7_80.png,1,0.7964155077934265,0.013277516700327396,0.0017569040646776557
Retina,9,phase1_hard,ungood/img/7_81.png,1,0.794192910194397,0.006317758001387119,0.0008753543370403349
Retina,9,phase1_hard,ungood/img/7_82.png,1,0.7931904196739197,9.69786287896568e-06,4.5742476686427835e-06
Retina,9,phase1_hard,ungood/img/7_83.png,1,0.46876293420791626,3.391664549212692e-08,2.642774177274987e-08
Retina,9,phase1_hard,ungood/img/7_84.png,1,0.4829522371292114,4.7000220604331844e-08,4.0505010900915295e-08
Retina,9,phase1_hard,ungood/img/7_85.png,1,0.45781245827674866,1.189904494935945e-07,9.216578433779432e-08
Retina,9,phase1_hard,ungood/img/7_86.png,1,0.49961555004119873,6.279842068579455e-07,3.2693759521862376e-07
Retina,9,phase1_hard,ungood/img/7_88.png,1,0.7959199547767639,0.0025920048356056213,0.0006723832921124995
Retina,9,phase1_hard,ungood/img/7_89.png,1,0.8028899431228638,0.0017017954960465431,0.0003162024077028036
Retina,9,phase1_hard,ungood/img/7_90.png,1,0.5046223402023315,2.9818509119650116e-06,9.719872196001234e-07
Retina,9,phase1_hard,ungood/img/7_91.png,1,0.46701595187187195,1.6211247100272885e-07,9.765124531213587e-08
Retina,9,phase1_hard,ungood/img/8_100.png,1,0.8028729557991028,0.0008361549116671085,0.00023882601817604154
Retina,9,phase1_hard,ungood/img/8_101.png,1,0.7819499373435974,2.5449704480706714e-05,8.72142754815286e-06
Retina,9,phase1_hard,ungood/img/8_102.png,1,0.7687718868255615,8.924706344259903e-05,2.296094135090243e-05
Retina,9,phase1_hard,ungood/img/8_103.png,1,0.7794525027275085,0.003319608746096492,0.0005821483209729195
Retina,9,phase1_hard,ungood/img/8_105.png,1,0.7965729236602783,0.1342494636774063,0.02514629065990448
Retina,9,phase1_hard,ungood/img/8_106.png,1,0.7722049951553345,0.030328232795000076,0.0065576378256082535
Retina,9,phase1_hard,ungood/img/8_107.png,1,0.7821964621543884,1.2081306522304658e-05,5.741963377658976e-06
Retina,9,phase1_hard,ungood/img/8_108.png,1,0.7949597835540771,0.016788646578788757,0.0035963449627161026
Retina,9,phase1_hard,ungood/img/8_109.png,1,0.8034787178039551,0.02087331749498844,0.005564596503973007
Retina,9,phase1_hard,ungood/img/8_110.png,1,0.7680498957633972,0.0010791935492306948,0.0002676218864507973
Retina,9,phase1_hard,ungood/img/8_111.png,1,0.7570223808288574,0.00019954412709921598,4.904236629954539e-05
Retina,9,phase1_hard,ungood/img/8_112.png,1,0.7745806574821472,0.009852949529886246,0.0021094679832458496
Retina,9,phase1_hard,ungood/img/8_113.png,1,0.7742345333099365,0.0012236213078722358,0.0006155323935672641
Retina,9,phase1_hard,ungood/img/8_114.png,1,0.7767983675003052,0.05798463523387909,0.01413422916084528
Retina,9,phase1_hard,ungood/img/8_115.png,1,0.7761443257331848,0.01956547424197197,0.005416263826191425
Retina,9,phase1_hard,ungood/img/8_25.png,1,0.8074000477790833,4.3704171730496455e-06,1.6326573586411541e-06
Retina,9,phase1_hard,ungood/img/8_26.png,1,0.5217180848121643,2.9948012070235563e-08,2.1037308783888875e-08
Retina,9,phase1_hard,ungood/img/8_27.png,1,0.7976377606391907,0.004346773494035006,0.0024899542331695557
Retina,9,phase1_hard,ungood/img/8_28.png,1,0.8016212582588196,6.983255389059195e-06,2.48785863732337e-06
Retina,9,phase1_hard,ungood/img/8_29.png,1,0.6581742167472839,1.456964753288048e-07,8.924711636382199e-08
Retina,9,phase1_hard,ungood/img/8_30.png,1,0.8064364194869995,0.00016081701323855668,4.755933696287684e-05
Retina,9,phase1_hard,ungood/img/8_31.png,1,0.7920129299163818,0.00010662095883162692,5.08582525071688e-05
Retina,9,phase1_hard,ungood/img/8_33.png,1,0.8140958547592163,0.0002272781275678426,5.895059439353645e-05
Retina,9,phase1_hard,ungood/img/8_34.png,1,0.492588609457016,8.424251518590609e-08,4.5288928163245146e-08
Retina,9,phase1_hard,ungood/img/8_35.png,1,0.4978753626346588,1.601526093963912e-07,6.851475831126663e-08
Retina,9,phase1_hard,ungood/img/8_36.png,1,0.7889124751091003,2.2874429816965858e-07,1.1510991981822372e-07
Retina,9,phase1_hard,ungood/img/8_37.png,1,0.5053281188011169,5.135116154519892e-08,3.1061059502235366e-08
Retina,9,phase1_hard,ungood/img/8_38.png,1,0.510138213634491,6.208147595998526e-08,4.5583835373008696e-08
Retina,9,phase1_hard,ungood/img/8_39.png,1,0.4955003559589386,5.522588963913222e-08,3.294723072144734e-08
Retina,9,phase1_hard,ungood/img/8_40.png,1,0.5089038610458374,2.897571427240564e-08,2.339345961388517e-08
Retina,9,phase1_hard,ungood/img/8_41.png,1,0.5237815976142883,5.7590153090814056e-08,3.0958322128071813e-08
Retina,9,phase1_hard,ungood/img/8_42.png,1,0.802737832069397,0.00011539206752786413,2.300790583831258e-05
Retina,9,phase1_hard,ungood/img/8_43.png,1,0.8046851754188538,1.260867702512769e-05,6.690655936836265e-06
Retina,9,phase1_hard,ungood/img/8_45.png,1,0.49120834469795227,1.4337585980683798e-06,3.640907380031422e-07
Retina,9,phase1_hard,ungood/img/8_46.png,1,0.780017077922821,3.6327583075035363e-07,1.4415546445434302e-07
Retina,9,phase1_hard,ungood/img/8_47.png,1,0.5213863253593445,1.6780296618890134e-07,1.0319272547576475e-07
Retina,9,phase1_hard,ungood/img/8_48.png,1,0.7975082397460938,9.589241926732939e-06,4.045383320772089e-06
Retina,9,phase1_hard,ungood/img/8_49.png,1,0.808951735496521,6.756524089723825e-05,4.407396409078501e-05
Retina,9,phase1_hard,ungood/img/8_50.png,1,0.5457884669303894,2.3648574654089316e-07,1.5343921688781847e-07
Retina,9,phase1_hard,ungood/img/8_51.png,1,0.8095770478248596,1.4982817901909584e-06,4.124082124690176e-07
Retina,9,phase1_hard,ungood/img/8_52.png,1,0.5379663109779358,1.6022838167373266e-07,8.188109745788097e-08
Retina,9,phase1_hard,ungood/img/8_53.png,1,0.5349147319793701,6.062300172970936e-08,4.921026075521695e-08
Retina,9,phase1_hard,ungood/img/8_54.png,1,0.5151218771934509,1.3049826463884528e-07,7.904585430651423e-08
Retina,9,phase1_hard,ungood/img/8_55.png,1,0.5809821486473083,3.84046461476828e-06,1.5015671124274377e-06
Retina,9,phase1_hard,ungood/img/8_57.png,1,0.5233913064002991,2.6143604259232234e-07,1.4758322208763275e-07
Retina,9,phase1_hard,ungood/img/8_58.png,1,0.8055471777915955,0.0022931545972824097,0.0010149653535336256
Retina,9,phase1_hard,ungood/img/8_59.png,1,0.8127737641334534,0.42875489592552185,0.19642046093940735
Retina,9,phase1_hard,ungood/img/8_60.png,1,0.8138004541397095,0.108310267329216,0.05920704826712608
Retina,9,phase1_hard,ungood/img/8_61.png,1,0.820884644985199,0.56353759765625,0.44782644510269165
Retina,9,phase1_hard,ungood/img/8_62.png,1,0.815589427947998,0.23033355176448822,0.13244031369686127
Retina,9,phase1_hard,ungood/img/8_63.png,1,0.8192873597145081,0.9385545253753662,0.8015027642250061
Retina,9,phase1_hard,ungood/img/8_64.png,1,0.8205200433731079,0.35298851132392883,0.20848503708839417
Retina,9,phase1_hard,ungood/img/8_65.png,1,0.8151971101760864,0.41869357228279114,0.24317283928394318
Retina,9,phase1_hard,ungood/img/8_66.png,1,0.8217979073524475,0.6837760210037231,0.51493239402771
Retina,9,phase1_hard,ungood/img/8_67.png,1,0.8247495293617249,0.9906319379806519,0.9703147411346436
Retina,9,phase1_hard,ungood/img/8_69.png,1,0.8159701228141785,0.7507411241531372,0.48944947123527527
Retina,9,phase1_hard,ungood/img/8_70.png,1,0.8184071779251099,0.865879237651825,0.762290894985199
Retina,9,phase1_hard,ungood/img/8_71.png,1,0.8202917575836182,0.8952465653419495,0.8290124535560608
Retina,9,phase1_hard,ungood/img/8_72.png,1,0.8070614337921143,0.0009907674975693226,0.0004421439371071756
Retina,9,phase1_hard,ungood/img/8_73.png,1,0.7995758056640625,3.488711445243098e-05,1.31994929688517e-05
Retina,9,phase1_hard,ungood/img/8_74.png,1,0.8077818751335144,0.014693310484290123,0.0036987033672630787
Retina,9,phase1_hard,ungood/img/8_75.png,1,0.8142665028572083,0.7834266424179077,0.6975789666175842
Retina,9,phase1_hard,ungood/img/8_76.png,1,0.8088453412055969,0.35721728205680847,0.17426586151123047
Retina,9,phase1_hard,ungood/img/8_77.png,1,0.8082524538040161,0.9751365184783936,0.9099368453025818
Retina,9,phase1_hard,ungood/img/8_78.png,1,0.8118385076522827,0.3365483283996582,0.1773609220981598
Retina,9,phase1_hard,ungood/img/8_79.png,1,0.8046097159385681,0.17871008813381195,0.07811736315488815
Retina,9,phase1_hard,ungood/img/8_81.png,1,0.804649829864502,0.6625458002090454,0.47526589035987854
Retina,9,phase1_hard,ungood/img/8_82.png,1,0.7965426445007324,0.37927573919296265,0.19351035356521606
Retina,9,phase1_hard,ungood/img/8_83.png,1,0.8030080795288086,0.40163296461105347,0.20405380427837372
Retina,9,phase1_hard,ungood/img/8_84.png,1,0.8018708825111389,0.5695075988769531,0.2732642889022827
Retina,9,phase1_hard,ungood/img/8_85.png,1,0.8045985102653503,0.20466648042201996,0.08121336251497269
Retina,9,phase1_hard,ungood/img/8_86.png,1,0.808053731918335,0.6531975865364075,0.37518930435180664
Retina,9,phase1_hard,ungood/img/8_87.png,1,0.8022621870040894,0.13186058402061462,0.0581938736140728
Retina,9,phase1_hard,ungood/img/8_88.png,1,0.8001376390457153,0.8628280758857727,0.6817339658737183
Retina,9,phase1_hard,ungood/img/8_89.png,1,0.8012071251869202,0.01236287597566843,0.003316154470667243
Retina,9,phase1_hard,ungood/img/8_90.png,1,0.8048068284988403,0.5502086281776428,0.29843321442604065
Retina,9,phase1_hard,ungood/img/8_91.png,1,0.8021500706672668,0.0017364696832373738,0.00031860588933341205
Retina,9,phase1_hard,ungood/img/8_93.png,1,0.7918747663497925,3.5826156818075106e-05,1.8166938389185816e-05
Retina,9,phase1_hard,ungood/img/8_94.png,1,0.8112589120864868,0.25344252586364746,0.1069626659154892
Retina,9,phase1_hard,ungood/img/8_95.png,1,0.7867199182510376,0.13608413934707642,0.032724570482969284
Retina,9,phase1_hard,ungood/img/8_96.png,1,0.7987583875656128,0.002288619987666607,0.0006551058613695204
Retina,9,phase1_hard,ungood/img/8_97.png,1,0.5382723808288574,1.4857511814625468e-05,5.558249085879652e-06
Retina,9,phase1_hard,ungood/img/8_98.png,1,0.7400608658790588,2.1919559003436007e-05,7.884508704592008e-06
Retina,9,phase1_hard,ungood/img/8_99.png,1,0.774651825428009,3.607174221542664e-06,1.157536303253437e-06
Retina,9,phase1_hard,ungood/img/9_29.png,1,0.5175667405128479,4.060034441977223e-08,3.317728314300439e-08
Retina,9,phase1_hard,ungood/img/9_30.png,1,0.4971643388271332,3.8418964010134005e-08,2.6016623522195914e-08
Retina,9,phase1_hard,ungood/img/9_31.png,1,0.4900253117084503,3.4336938625756375e-08,2.649414199140665e-08
Retina,9,phase1_hard,ungood/img/9_32.png,1,0.7863296270370483,4.4890796857544046e-07,2.368262386198694e-07
Retina,9,phase1_hard,ungood/img/9_33.png,1,0.5051804184913635,1.344389755075781e-08,1.174635499978649e-08
Retina,9,phase1_hard,ungood/img/9_34.png,1,0.45766186714172363,1.2134040439093496e-08,1.0683581130876973e-08
Retina,9,phase1_hard,ungood/img/9_35.png,1,0.6904001832008362,7.949418545649678e-08,5.4425324691464994e-08
Retina,9,phase1_hard,ungood/img/9_36.png,1,0.5163781642913818,1.0036306719030108e-07,7.510770672070066e-08
Retina,9,phase1_hard,ungood/img/9_37.png,1,0.7956639528274536,1.0303143426426686e-05,4.054975761391688e-06
Retina,9,phase1_hard,ungood/img/9_38.png,1,0.8101577162742615,1.719550510870249e-07,1.1169210978323463e-07
Retina,9,phase1_hard,ungood/img/9_39.png,1,0.7851614952087402,8.561200957046822e-06,4.595533027895726e-06
Retina,9,phase1_hard,ungood/img/9_41.png,1,0.6324207186698914,8.949643870437285e-08,5.265385993880045e-08
Retina,9,phase1_hard,ungood/img/9_42.png,1,0.6576603651046753,8.167712195472632e-08,6.331686819294191e-08
Retina,9,phase1_hard,ungood/img/9_43.png,1,0.49690383672714233,2.9232399612055815e-08,2.4961268607626153e-08
Retina,9,phase1_hard,ungood/img/9_44.png,1,0.5742390155792236,9.036418902041987e-08,7.200155494047067e-08
Retina,9,phase1_hard,ungood/img/9_45.png,1,0.8077303171157837,4.813926716451533e-05,1.6907473764149472e-05
Retina,9,phase1_hard,ungood/img/9_46.png,1,0.8027737140655518,1.7718230083119124e-06,8.670927513776405e-07
Retina,9,phase1_hard,ungood/img/9_47.png,1,0.58888179063797,1.3729155057262687e-07,1.1064185656550762e-07
Retina,9,phase1_hard,ungood/img/9_48.png,1,0.8053088784217834,0.0034076482988893986,0.0025724489241838455
Retina,9,phase1_hard,ungood/img/9_49.png,1,0.48281896114349365,9.861579286507549e-08,6.834626731233584e-08
Retina,9,phase1_hard,ungood/img/9_50.png,1,0.7986701726913452,4.881203039985849e-06,2.495553871995071e-06
Retina,9,phase1_hard,ungood/img/9_51.png,1,0.7886924147605896,2.5107847250183113e-06,1.1080362583015813e-06
Retina,9,phase1_hard,ungood/img/9_53.png,1,0.5158867239952087,1.2521847736479685e-07,1.0124734473038188e-07
Retina,9,phase1_hard,ungood/img/9_54.png,1,0.7953222990036011,2.6143134164158255e-06,1.4092958053879556e-06
Retina,9,phase1_hard,ungood/img/9_55.png,1,0.8134996294975281,0.04000569507479668,0.008282541297376156
Retina,9,phase1_hard,ungood/img/9_56.png,1,0.8113151788711548,0.025299319997429848,0.010950153693556786
Retina,9,phase1_hard,ungood/img/9_57.png,1,0.7983708381652832,2.20721194637008e-05,6.9680140768468846e-06
Retina,9,phase1_hard,ungood/img/9_58.png,1,0.8067616820335388,0.13592806458473206,0.033521682024002075
Retina,9,phase1_hard,ungood/img/9_59.png,1,0.8137261271476746,0.12106594443321228,0.045799076557159424
Retina,9,phase1_hard,ungood/img/9_60.png,1,0.796249270439148,0.00099492899607867,0.00018569653911981732
Retina,9,phase1_hard,ungood/img/9_61.png,1,0.8086481094360352,0.005831139162182808,0.0015343992272391915
Retina,9,phase1_hard,ungood/img/9_62.png,1,0.7831286191940308,7.392432962660678e-06,2.6813133899850072e-06
Retina,9,phase1_hard,ungood/img/9_63.png,1,0.8134333491325378,0.15880945324897766,0.07053850591182709
Retina,9,phase1_hard,ungood/img/9_65.png,1,0.8056718111038208,0.8307527899742126,0.5600426197052002
Retina,9,phase1_hard,ungood/img/9_66.png,1,0.8080195188522339,0.5036484003067017,0.20846964418888092
Retina,9,phase1_hard,ungood/img/9_67.png,1,0.8183735013008118,0.7441485524177551,0.5134736895561218
Retina,9,phase1_hard,ungood/img/9_68.png,1,0.8125848770141602,0.8994278907775879,0.7144150733947754
Retina,9,phase1_hard,ungood/img/9_69.png,1,0.8110308647155762,0.6772733330726624,0.43426090478897095
Retina,9,phase1_hard,ungood/img/9_70.png,1,0.8029183745384216,0.46850812435150146,0.26158931851387024
Retina,9,phase1_hard,ungood/img/9_71.png,1,0.8090080618858337,0.6392964720726013,0.4921742379665375
Retina,9,phase1_hard,ungood/img/9_72.png,1,0.8042794466018677,0.10098593682050705,0.03805560618638992
Retina,9,phase1_hard,ungood/img/9_73.png,1,0.8085774779319763,0.53727126121521,0.33484476804733276
Retina,9,phase1_hard,ungood/img/9_74.png,1,0.8143962025642395,0.8960108757019043,0.7952765226364136
Retina,9,phase1_hard,ungood/img/9_75.png,1,0.8074581027030945,0.9691166877746582,0.916754961013794
Retina,9,phase1_hard,ungood/img/9_77.png,1,0.8065956830978394,0.9464240670204163,0.8545491099357605
Retina,9,phase1_hard,ungood/img/9_78.png,1,0.8014856576919556,0.24843691289424896,0.11155073344707489
Retina,9,phase1_hard,ungood/img/9_79.png,1,0.8072185516357422,0.044727861881256104,0.019179293885827065
Retina,9,phase1_hard,ungood/img/9_80.png,1,0.8068896532058716,0.0010541480733081698,0.0006166145903989673
Retina,9,phase1_hard,ungood/img/9_81.png,1,0.8183631896972656,0.8938727974891663,0.8119558691978455
Retina,9,phase1_hard,ungood/img/9_82.png,1,0.8032060265541077,0.3235067129135132,0.20413781702518463
Retina,9,phase1_hard,ungood/img/9_83.png,1,0.8140065670013428,0.7611143589019775,0.5328689217567444
Retina,9,phase1_hard,ungood/img/9_84.png,1,0.8103159666061401,0.004285700153559446,0.002043419284746051
Retina,9,phase1_hard,ungood/img/9_85.png,1,0.809483528137207,0.07048970460891724,0.016655858606100082
Retina,9,phase1_hard,ungood/img/9_86.png,1,0.8018994331359863,0.0013742422452196479,0.0008431581663899124
Retina,9,phase1_hard,ungood/img/9_87.png,1,0.6484721899032593,4.953315510647371e-06,2.1044156710559037e-06
Retina,9,phase1_hard,ungood/img/9_89.png,1,0.7929060459136963,2.518763176340144e-05,8.956611054600216e-06
Retina,9,phase1_hard,ungood/img/9_90.png,1,0.532270610332489,8.753202678235539e-07,4.788547585121705e-07
Retina,9,phase1_hard,ungood/img/9_91.png,1,0.501992404460907,2.189965897514412e-07,1.5693046861997573e-07
Retina,9,phase1_hard,ungood/img/9_92.png,1,0.506463348865509,1.0372748420195421e-06,5.204117883295112e-07
Retina,9,phase1_hard,ungood/img/9_93.png,1,0.8073031306266785,0.0004481987562030554,0.00012762554979417473
Retina,9,phase1_hard,ungood/img/9_94.png,1,0.5059529542922974,1.038105096995423e-06,4.3885938794119284e-07
Retina,9,phase1_hard,ungood/img/9_95.png,1,0.7991219162940979,0.003360303584486246,0.0007184671703726053
Retina,9,phase1_hard,ungood/img/9_96.png,1,0.5173057913780212,4.058579463617207e-07,1.8122599954040197e-07
Retina,9,phase1_hard,ungood/img/9_97.png,1,0.5325862765312195,6.250218689274334e-07,3.127517516077205e-07
Retina,9,phase1_hard,ungood/img/9_98.png,1,0.5190731883049011,1.5627522316208342e-06,6.699307277813205e-07
Retina,9,phase1_hard,ungood/img/9_99.png,1,0.4864220917224884,6.59042456163661e-08,4.4655955377947976e-08
Colon_clinicDB,9,phase1_hard,images/1.png,1,0.8157786130905151,0.9766572713851929,0.9535490870475769
Colon_clinicDB,9,phase1_hard,images/10.png,1,0.8164047598838806,0.10593681782484055,0.06778610497713089
Colon_clinicDB,9,phase1_hard,images/100.png,1,0.8220873475074768,0.9221343398094177,0.8400840759277344
Colon_clinicDB,9,phase1_hard,images/101.png,1,0.8219491839408875,0.9860461354255676,0.9712069034576416
Colon_clinicDB,9,phase1_hard,images/102.png,1,0.8234358429908752,0.9180508852005005,0.8738149404525757
Colon_clinicDB,9,phase1_hard,images/103.png,1,0.821491539478302,0.668376088142395,0.5293434262275696
Colon_clinicDB,9,phase1_hard,images/104.png,1,0.8227061629295349,0.8822360038757324,0.7566287517547607
Colon_clinicDB,9,phase1_hard,images/105.png,1,0.8209225535392761,0.5206721425056458,0.346165269613266
Colon_clinicDB,9,phase1_hard,images/106.png,1,0.824169397354126,0.7387081980705261,0.6023797988891602
Colon_clinicDB,9,phase1_hard,images/107.png,1,0.8272749185562134,0.9297350645065308,0.7369973063468933
Colon_clinicDB,9,phase1_hard,images/108.png,1,0.8253094553947449,0.9359409213066101,0.7753280401229858
Colon_clinicDB,9,phase1_hard,images/109.png,1,0.822211742401123,0.81682950258255,0.6908090710639954
Colon_clinicDB,9,phase1_hard,images/11.png,1,0.8203473091125488,0.2217743694782257,0.09787267446517944
Colon_clinicDB,9,phase1_hard,images/110.png,1,0.8244563937187195,0.8842141032218933,0.817138671875
Colon_clinicDB,9,phase1_hard,images/111.png,1,0.8242720365524292,0.9285398125648499,0.887496829032898
Colon_clinicDB,9,phase1_hard,images/112.png,1,0.8224319219589233,0.7255157232284546,0.5384096503257751
Colon_clinicDB,9,phase1_hard,images/113.png,1,0.8223265409469604,0.9088708758354187,0.8598021864891052
Colon_clinicDB,9,phase1_hard,images/114.png,1,0.8248600363731384,0.14566557109355927,0.04833636060357094
Colon_clinicDB,9,phase1_hard,images/115.png,1,0.7892420887947083,0.21428032219409943,0.07258964329957962
Colon_clinicDB,9,phase1_hard,images/116.png,1,0.8099164962768555,0.07100652903318405,0.024791939184069633
Colon_clinicDB,9,phase1_hard,images/117.png,1,0.7913764715194702,0.12636782228946686,0.04850167781114578
Colon_clinicDB,9,phase1_hard,images/118.png,1,0.8088918328285217,0.04571185261011124,0.01825174316763878
Colon_clinicDB,9,phase1_hard,images/119.png,1,0.8026326894760132,0.13435760140419006,0.04927179962396622
Colon_clinicDB,9,phase1_hard,images/12.png,1,0.8124738335609436,0.8790097236633301,0.8012882471084595
Colon_clinicDB,9,phase1_hard,images/120.png,1,0.8113546371459961,0.35107967257499695,0.24872253835201263
Colon_clinicDB,9,phase1_hard,images/121.png,1,0.8194448947906494,0.669030487537384,0.41188207268714905
Colon_clinicDB,9,phase1_hard,images/122.png,1,0.8108559250831604,0.2917099893093109,0.19738562405109406
Colon_clinicDB,9,phase1_hard,images/123.png,1,0.8223140835762024,0.6061445474624634,0.4941577613353729
Colon_clinicDB,9,phase1_hard,images/124.png,1,0.8242701292037964,0.6714948415756226,0.4924370050430298
Colon_clinicDB,9,phase1_hard,images/125.png,1,0.8251705765724182,0.45986074209213257,0.23590071499347687
Colon_clinicDB,9,phase1_hard,images/126.png,1,0.8246821165084839,0.7298083305358887,0.486263632774353
Colon_clinicDB,9,phase1_hard,images/127.png,1,0.7811073064804077,0.4778992831707001,0.24993696808815002
Colon_clinicDB,9,phase1_hard,images/128.png,1,0.7937397360801697,0.24799466133117676,0.12734931707382202
Colon_clinicDB,9,phase1_hard,images/129.png,1,0.7985454201698303,0.012461449950933456,0.006828015204519033
Colon_clinicDB,9,phase1_hard,images/13.png,1,0.7838972210884094,0.3361712098121643,0.17364922165870667
Colon_clinicDB,9,phase1_hard,images/130.png,1,0.815173864364624,0.014821835793554783,0.00484323687851429
Colon_clinicDB,9,phase1_hard,images/131.png,1,0.8156560659408569,0.07222781330347061,0.019629258662462234
Colon_clinicDB,9,phase1_hard,images/132.png,1,0.8010620474815369,0.02298608049750328,0.008459536358714104
Colon_clinicDB,9,phase1_hard,images/133.png,1,0.7944536805152893,0.0072210426442325115,0.002637101337313652
Colon_clinicDB,9,phase1_hard,images/134.png,1,0.8083921670913696,0.22089889645576477,0.10096200555562973
Colon_clinicDB,9,phase1_hard,images/135.png,1,0.7986477613449097,0.010161180049180984,0.0023436695337295532
Colon_clinicDB,9,phase1_hard,images/136.png,1,0.7955663800239563,0.0015132338739931583,0.00038813723949715495
Colon_clinicDB,9,phase1_hard,images/137.png,1,0.8025161027908325,0.007250047754496336,0.004600539803504944
Colon_clinicDB,9,phase1_hard,images/138.png,1,0.8112919926643372,0.0014643024187535048,0.00038486195262521505
Colon_clinicDB,9,phase1_hard,images/139.png,1,0.8128796219825745,0.0017031641909852624,0.0005102676223032176
Colon_clinicDB,9,phase1_hard,images/14.png,1,0.8005605936050415,0.8284380435943604,0.635391891002655
Colon_clinicDB,9,phase1_hard,images/140.png,1,0.8053343892097473,0.007113631349056959,0.0024765455164015293
Colon_clinicDB,9,phase1_hard,images/141.png,1,0.8214324712753296,0.16611288487911224,0.07940399646759033
Colon_clinicDB,9,phase1_hard,images/142.png,1,0.821546196937561,0.34677404165267944,0.18289586901664734
Colon_clinicDB,9,phase1_hard,images/143.png,1,0.8065536618232727,0.025372030213475227,0.009146430529654026
Colon_clinicDB,9,phase1_hard,images/144.png,1,0.8051338791847229,0.00015825321315787733,3.7331166822696105e-05
Colon_clinicDB,9,phase1_hard,images/145.png,1,0.8193386793136597,0.2739677429199219,0.13238196074962616
Colon_clinicDB,9,phase1_hard,images/146.png,1,0.8225117325782776,0.37609416246414185,0.16893157362937927
Colon_clinicDB,9,phase1_hard,images/147.png,1,0.8097437024116516,0.11358568072319031,0.057476893067359924
Colon_clinicDB,9,phase1_hard,images/148.png,1,0.8095409870147705,0.01850481890141964,0.007822584360837936
Colon_clinicDB,9,phase1_hard,images/149.png,1,0.8106054663658142,0.010504604317247868,0.0033701052889227867
Colon_clinicDB,9,phase1_hard,images/15.png,1,0.8203616738319397,0.4460729956626892,0.2626740336418152
Colon_clinicDB,9,phase1_hard,images/150.png,1,0.8056803941726685,0.004683333449065685,0.0025177367497235537
Colon_clinicDB,9,phase1_hard,images/151.png,1,0.7853110432624817,0.05762460082769394,0.0344986617565155
Colon_clinicDB,9,phase1_hard,images/152.png,1,0.3785737156867981,1.4191890841175336e-05,7.644306606380269e-06
Colon_clinicDB,9,phase1_hard,images/153.png,1,0.7437083125114441,0.0980270728468895,0.04132995009422302
Colon_clinicDB,9,phase1_hard,images/154.png,1,0.8213779926300049,0.7984116673469543,0.7361130714416504
Colon_clinicDB,9,phase1_hard,images/155.png,1,0.8201292157173157,0.993474543094635,0.9815072417259216
Colon_clinicDB,9,phase1_hard,images/156.png,1,0.8229300379753113,0.9422174096107483,0.8796578049659729
Colon_clinicDB,9,phase1_hard,images/157.png,1,0.8206303119659424,0.9703319668769836,0.9344126582145691
Colon_clinicDB,9,phase1_hard,images/158.png,1,0.8216745853424072,0.6926023960113525,0.4521343410015106
Colon_clinicDB,9,phase1_hard,images/159.png,1,0.8190440535545349,0.9374035596847534,0.8380275368690491
Colon_clinicDB,9,phase1_hard,images/16.png,1,0.8148908615112305,0.9745464324951172,0.9384601712226868
Colon_clinicDB,9,phase1_hard,images/160.png,1,0.818873405456543,0.8197199106216431,0.6938927173614502
Colon_clinicDB,9,phase1_hard,images/161.png,1,0.8200284242630005,0.914330780506134,0.8093361854553223
Colon_clinicDB,9,phase1_hard,images/162.png,1,0.8210600018501282,0.9794193506240845,0.9422782063484192
Colon_clinicDB,9,phase1_hard,images/163.png,1,0.8214400410652161,0.9644626975059509,0.9206681251525879
Colon_clinicDB,9,phase1_hard,images/164.png,1,0.8208383321762085,0.17396576702594757,0.09319806098937988
Colon_clinicDB,9,phase1_hard,images/165.png,1,0.8074368238449097,0.9933388829231262,0.9875714182853699
Colon_clinicDB,9,phase1_hard,images/166.png,1,0.8208154439926147,0.7850861549377441,0.6262950897216797
Colon_clinicDB,9,phase1_hard,images/167.png,1,0.8188447952270508,0.7746391296386719,0.659205973148346
Colon_clinicDB,9,phase1_hard,images/168.png,1,0.810090184211731,0.845894992351532,0.7013105154037476
Colon_clinicDB,9,phase1_hard,images/169.png,1,0.8206244111061096,0.9611829519271851,0.8864590525627136
Colon_clinicDB,9,phase1_hard,images/17.png,1,0.8229926228523254,0.9133700728416443,0.8135722875595093
Colon_clinicDB,9,phase1_hard,images/170.png,1,0.8197842836380005,0.621832549571991,0.4311875104904175
Colon_clinicDB,9,phase1_hard,images/171.png,1,0.8204393982887268,0.9161791801452637,0.8138946294784546
Colon_clinicDB,9,phase1_hard,images/172.png,1,0.8172323107719421,0.5905262231826782,0.31483083963394165
Colon_clinicDB,9,phase1_hard,images/173.png,1,0.8175403475761414,0.35226649045944214,0.20866459608078003
Colon_clinicDB,9,phase1_hard,images/174.png,1,0.8183905482292175,0.7575031518936157,0.6202305555343628
Colon_clinicDB,9,phase1_hard,images/175.png,1,0.8192360997200012,0.7739379405975342,0.5666546821594238
Colon_clinicDB,9,phase1_hard,images/176.png,1,0.8206601738929749,0.7958879470825195,0.6930387616157532
Colon_clinicDB,9,phase1_hard,images/177.png,1,0.790766716003418,0.0498848594725132,0.026156648993492126
Colon_clinicDB,9,phase1_hard,images/178.png,1,0.8061375021934509,0.050203267484903336,0.018514780327677727
Colon_clinicDB,9,phase1_hard,images/179.png,1,0.7963789105415344,0.33876538276672363,0.08753606677055359
Colon_clinicDB,9,phase1_hard,images/18.png,1,0.8251535892486572,0.9793254733085632,0.9509748816490173
Colon_clinicDB,9,phase1_hard,images/180.png,1,0.783565104007721,0.012968873605132103,0.008907045237720013
Colon_clinicDB,9,phase1_hard,images/181.png,1,0.7906140685081482,0.06744159758090973,0.026315538212656975
Colon_clinicDB,9,phase1_hard,images/182.png,1,0.7926042079925537,0.03773307055234909,0.015539453364908695
Colon_clinicDB,9,phase1_hard,images/183.png,1,0.7913024425506592,0.046023327857255936,0.01976468786597252
Colon_clinicDB,9,phase1_hard,images/184.png,1,0.7991005778312683,0.064824178814888,0.023110732436180115
Colon_clinicDB,9,phase1_hard,images/185.png,1,0.8110200762748718,0.15642407536506653,0.028918862342834473
Colon_clinicDB,9,phase1_hard,images/186.png,1,0.8149171471595764,0.00795742031186819,0.0018452333752065897
Colon_clinicDB,9,phase1_hard,images/187.png,1,0.8080015182495117,0.000580536958295852,0.00025388647918589413
Colon_clinicDB,9,phase1_hard,images/188.png,1,0.812164843082428,0.13961412012577057,0.026194119825959206
Colon_clinicDB,9,phase1_hard,images/189.png,1,0.8137412667274475,0.007191785611212254,0.003084264462813735
Colon_clinicDB,9,phase1_hard,images/19.png,1,0.8239535093307495,0.958114743232727,0.8858183026313782
Colon_clinicDB,9,phase1_hard,images/190.png,1,0.7834108471870422,0.005406284239143133,0.002634770469740033
Colon_clinicDB,9,phase1_hard,images/191.png,1,0.7821320295333862,0.00456594442948699,0.000893268792424351
Colon_clinicDB,9,phase1_hard,images/192.png,1,0.7679471969604492,0.007552031893283129,0.0011367956176400185
Colon_clinicDB,9,phase1_hard,images/193.png,1,0.793562114238739,0.06137393042445183,0.018701329827308655
Colon_clinicDB,9,phase1_hard,images/194.png,1,0.7897486686706543,0.007026525214314461,0.0038614394143223763
Colon_clinicDB,9,phase1_hard,images/195.png,1,0.7910178899765015,0.02082851529121399,0.010157079435884953
Colon_clinicDB,9,phase1_hard,images/196.png,1,0.7918886542320251,0.02021254040300846,0.010730300098657608
Colon_clinicDB,9,phase1_hard,images/197.png,1,0.7953066229820251,0.07846087217330933,0.02233162336051464
Colon_clinicDB,9,phase1_hard,images/198.png,1,0.7907508611679077,0.017886459827423096,0.004897343460470438
Colon_clinicDB,9,phase1_hard,images/199.png,1,0.7876411080360413,0.013146042823791504,0.004836465697735548
Colon_clinicDB,9,phase1_hard,images/2.png,1,0.8064903616905212,0.9539039134979248,0.8953807353973389
Colon_clinicDB,9,phase1_hard,images/20.png,1,0.8201329708099365,0.7365607619285583,0.3520232141017914
Colon_clinicDB,9,phase1_hard,images/200.png,1,0.8110713958740234,0.6877201199531555,0.45656251907348633
Colon_clinicDB,9,phase1_hard,images/201.png,1,0.8115245699882507,0.7708322405815125,0.48008981347084045
Colon_clinicDB,9,phase1_hard,images/202.png,1,0.8152526617050171,0.7848644256591797,0.535580575466156
Colon_clinicDB,9,phase1_hard,images/203.png,1,0.8032844662666321,0.023799574002623558,0.00685814768075943
Colon_clinicDB,9,phase1_hard,images/204.png,1,0.7401294708251953,8.072957280091941e-05,5.687506927642971e-05
Colon_clinicDB,9,phase1_hard,images/205.png,1,0.8134278655052185,0.07030751556158066,0.0157720185816288
Colon_clinicDB,9,phase1_hard,images/206.png,1,0.8168900609016418,0.9947939515113831,0.9888150095939636
Colon_clinicDB,9,phase1_hard,images/207.png,1,0.8179914951324463,0.9960078001022339,0.9921167492866516
Colon_clinicDB,9,phase1_hard,images/208.png,1,0.8101987838745117,0.3064959645271301,0.1310558021068573
Colon_clinicDB,9,phase1_hard,images/209.png,1,0.8113474249839783,0.5211957693099976,0.319698303937912
Colon_clinicDB,9,phase1_hard,images/21.png,1,0.8189274668693542,0.414433091878891,0.2486284375190735
Colon_clinicDB,9,phase1_hard,images/210.png,1,0.8198964595794678,0.9425879120826721,0.7939473390579224
Colon_clinicDB,9,phase1_hard,images/211.png,1,0.819707453250885,0.9387437701225281,0.6804227232933044
Colon_clinicDB,9,phase1_hard,images/212.png,1,0.8205307722091675,0.8994120955467224,0.8062910437583923
Colon_clinicDB,9,phase1_hard,images/213.png,1,0.8207657933235168,0.6674726605415344,0.4614678621292114
Colon_clinicDB,9,phase1_hard,images/214.png,1,0.8187744617462158,0.9387699365615845,0.8309964537620544
Colon_clinicDB,9,phase1_hard,images/215.png,1,0.8136991858482361,0.9061829447746277,0.842242419719696
Colon_clinicDB,9,phase1_hard,images/216.png,1,0.8150044679641724,0.6308247447013855,0.528968334197998
Colon_clinicDB,9,phase1_hard,images/217.png,1,0.8060102462768555,0.49468520283699036,0.34135788679122925
Colon_clinicDB,9,phase1_hard,images/218.png,1,0.8127318620681763,0.5043091773986816,0.3903000056743622
Colon_clinicDB,9,phase1_hard,images/219.png,1,0.8091937899589539,0.1598801463842392,0.10863354057073593
Colon_clinicDB,9,phase1_hard,images/22.png,1,0.8245776295661926,0.9805405735969543,0.9248027205467224
Colon_clinicDB,9,phase1_hard,images/220.png,1,0.8113184571266174,0.06284355372190475,0.026559479534626007
Colon_clinicDB,9,phase1_hard,images/221.png,1,0.8017846941947937,0.025423668324947357,0.0100712850689888
Colon_clinicDB,9,phase1_hard,images/222.png,1,0.8102502822875977,0.019645674154162407,0.009217694401741028
Colon_clinicDB,9,phase1_hard,images/223.png,1,0.809704065322876,0.23568493127822876,0.07659958302974701
Colon_clinicDB,9,phase1_hard,images/224.png,1,0.8106191754341125,0.14451073110103607,0.044408489018678665
Colon_clinicDB,9,phase1_hard,images/225.png,1,0.8166195750236511,0.21811415255069733,0.07449323683977127
Colon_clinicDB,9,phase1_hard,images/226.png,1,0.7908650040626526,0.2795329988002777,0.07426441460847855
Colon_clinicDB,9,phase1_hard,images/227.png,1,0.7912504076957703,0.11826551705598831,0.05867847055196762
Colon_clinicDB,9,phase1_hard,images/228.png,1,0.8221293091773987,0.6286264657974243,0.25861459970474243
Colon_clinicDB,9,phase1_hard,images/229.png,1,0.8206295371055603,0.26913756132125854,0.09629164636135101
Colon_clinicDB,9,phase1_hard,images/23.png,1,0.8256697058677673,0.7591328024864197,0.6200360655784607
Colon_clinicDB,9,phase1_hard,images/230.png,1,0.8126100301742554,0.10048166662454605,0.01693272590637207
Colon_clinicDB,9,phase1_hard,images/231.png,1,0.8127180933952332,0.054842524230480194,0.025056201964616776
Colon_clinicDB,9,phase1_hard,images/232.png,1,0.8197572827339172,0.8516501188278198,0.6402694582939148
Colon_clinicDB,9,phase1_hard,images/233.png,1,0.8170889019966125,0.011910268105566502,0.008009670302271843
Colon_clinicDB,9,phase1_hard,images/234.png,1,0.8162925839424133,0.029325857758522034,0.008214394561946392
Colon_clinicDB,9,phase1_hard,images/235.png,1,0.8031719923019409,0.06739941239356995,0.018699515610933304
Colon_clinicDB,9,phase1_hard,images/236.png,1,0.815768837928772,0.7686984539031982,0.3550611138343811
Colon_clinicDB,9,phase1_hard,images/237.png,1,0.8068608641624451,0.270140677690506,0.10580310225486755
Colon_clinicDB,9,phase1_hard,images/238.png,1,0.8076950907707214,0.0015277853235602379,0.0007765151094645262
Colon_clinicDB,9,phase1_hard,images/239.png,1,0.8122910261154175,0.010645035654306412,0.001836631097830832
Colon_clinicDB,9,phase1_hard,images/24.png,1,0.824436604976654,0.9911222457885742,0.9835559725761414
Colon_clinicDB,9,phase1_hard,images/240.png,1,0.8147863745689392,0.014910944737493992,0.004910669755190611
Colon_clinicDB,9,phase1_hard,images/241.png,1,0.8161027431488037,0.0023994939401745796,0.0005368637503124774
Colon_clinicDB,9,phase1_hard,images/242.png,1,0.8116820454597473,0.0033302088268101215,0.00126552430447191
Colon_clinicDB,9,phase1_hard,images/243.png,1,0.8076672554016113,0.002017565304413438,0.0005321961943991482
Colon_clinicDB,9,phase1_hard,images/244.png,1,0.8119648098945618,0.009320896118879318,0.0025999045465141535
Colon_clinicDB,9,phase1_hard,images/245.png,1,0.8124639987945557,0.04028348997235298,0.00994103029370308
Colon_clinicDB,9,phase1_hard,images/246.png,1,0.7813355326652527,0.5741395354270935,0.3903200924396515
Colon_clinicDB,9,phase1_hard,images/247.png,1,0.7973652482032776,0.003133334219455719,0.0005560782155953348
Colon_clinicDB,9,phase1_hard,images/248.png,1,0.8015285134315491,0.0019586309790611267,0.0007936421316117048
Colon_clinicDB,9,phase1_hard,images/249.png,1,0.8196123838424683,0.10587223619222641,0.03147654980421066
Colon_clinicDB,9,phase1_hard,images/25.png,1,0.8145120739936829,0.8465296030044556,0.7128829956054688
Colon_clinicDB,9,phase1_hard,images/250.png,1,0.8069120645523071,0.000997012248262763,0.00020290742395445704
Colon_clinicDB,9,phase1_hard,images/251.png,1,0.8130099177360535,0.008295427076518536,0.0023466574493795633
Colon_clinicDB,9,phase1_hard,images/252.png,1,0.8184636235237122,0.0060373330488801,0.0019432198023423553
Colon_clinicDB,9,phase1_hard,images/253.png,1,0.8124691843986511,0.999313235282898,0.9981502294540405
Colon_clinicDB,9,phase1_hard,images/254.png,1,0.8134730458259583,0.9010846614837646,0.7817153930664062
Colon_clinicDB,9,phase1_hard,images/255.png,1,0.7996708750724792,0.8364751935005188,0.7959749698638916
Colon_clinicDB,9,phase1_hard,images/256.png,1,0.8081836104393005,0.2199220508337021,0.1256617158651352
Colon_clinicDB,9,phase1_hard,images/257.png,1,0.8168593645095825,0.9939746260643005,0.9912146925926208
Colon_clinicDB,9,phase1_hard,images/258.png,1,0.8181711435317993,0.9980722665786743,0.9971084594726562
Colon_clinicDB,9,phase1_hard,images/259.png,1,0.8092278242111206,0.998468816280365,0.9959718585014343
Colon_clinicDB,9,phase1_hard,images/26.png,1,0.8174536228179932,0.009280486963689327,0.004115577321499586
Colon_clinicDB,9,phase1_hard,images/260.png,1,0.8171413540840149,0.9978594183921814,0.9949200749397278
Colon_clinicDB,9,phase1_hard,images/261.png,1,0.8119966387748718,0.9765615463256836,0.9469083547592163
Colon_clinicDB,9,phase1_hard,images/262.png,1,0.8078724145889282,0.9970978498458862,0.9944695234298706
Colon_clinicDB,9,phase1_hard,images/263.png,1,0.8070052862167358,0.3550085425376892,0.19868646562099457
Colon_clinicDB,9,phase1_hard,images/264.png,1,0.8127720355987549,0.9952284097671509,0.9883376359939575
Colon_clinicDB,9,phase1_hard,images/265.png,1,0.812629759311676,0.9966859221458435,0.9944533705711365
Colon_clinicDB,9,phase1_hard,images/266.png,1,0.816372811794281,0.9970400929450989,0.9951763153076172
Colon_clinicDB,9,phase1_hard,images/267.png,1,0.8112233877182007,0.9983415603637695,0.9929057359695435
Colon_clinicDB,9,phase1_hard,images/268.png,1,0.8074242472648621,0.9912052750587463,0.9730861186981201
Colon_clinicDB,9,phase1_hard,images/269.png,1,0.8159324526786804,0.6558342576026917,0.3775973320007324
Colon_clinicDB,9,phase1_hard,images/27.png,1,0.821542501449585,0.30347567796707153,0.08216848224401474
Colon_clinicDB,9,phase1_hard,images/270.png,1,0.8195188641548157,0.9730070233345032,0.9586297273635864
Colon_clinicDB,9,phase1_hard,images/271.png,1,0.813232958316803,0.9309635162353516,0.8088173270225525
Colon_clinicDB,9,phase1_hard,images/272.png,1,0.813576877117157,0.9883793592453003,0.9808753728866577
Colon_clinicDB,9,phase1_hard,images/273.png,1,0.816926896572113,0.996382474899292,0.9950092434883118
Colon_clinicDB,9,phase1_hard,images/274.png,1,0.8128803968429565,0.9986472725868225,0.9967021346092224
Colon_clinicDB,9,phase1_hard,images/275.png,1,0.8203712701797485,0.9974965453147888,0.9957646727561951
Colon_clinicDB,9,phase1_hard,images/276.png,1,0.814732015132904,0.9973506927490234,0.9950053095817566
Colon_clinicDB,9,phase1_hard,images/277.png,1,0.8212746977806091,0.9979202151298523,0.9963652491569519
Colon_clinicDB,9,phase1_hard,images/278.png,1,0.8218658566474915,0.8757073879241943,0.4336211383342743
Colon_clinicDB,9,phase1_hard,images/279.png,1,0.8211885094642639,0.31494462490081787,0.16004657745361328
Colon_clinicDB,9,phase1_hard,images/28.png,1,0.8201940059661865,0.2965351343154907,0.18548159301280975
Colon_clinicDB,9,phase1_hard,images/280.png,1,0.8225110173225403,0.26587605476379395,0.12549473345279694
Colon_clinicDB,9,phase1_hard,images/281.png,1,0.8179944753646851,0.5452589988708496,0.30149397253990173
Colon_clinicDB,9,phase1_hard,images/282.png,1,0.8199689388275146,0.06987934559583664,0.017107399180531502
Colon_clinicDB,9,phase1_hard,images/283.png,1,0.823522686958313,0.8793557286262512,0.6611195802688599
Colon_clinicDB,9,phase1_hard,images/284.png,1,0.8222535848617554,0.9712669253349304,0.9054558277130127
Colon_clinicDB,9,phase1_hard,images/285.png,1,0.8216902613639832,0.8718003034591675,0.8322102427482605
Colon_clinicDB,9,phase1_hard,images/286.png,1,0.8217272162437439,0.6900457143783569,0.5340802669525146
Colon_clinicDB,9,phase1_hard,images/287.png,1,0.8172993659973145,0.0021611670963466167,0.0010488395346328616
Colon_clinicDB,9,phase1_hard,images/288.png,1,0.8136733174324036,0.38673028349876404,0.13947445154190063
Colon_clinicDB,9,phase1_hard,images/289.png,1,0.8143279552459717,0.0038766833022236824,0.0006473564426414669
Colon_clinicDB,9,phase1_hard,images/29.png,1,0.8168118000030518,0.11757498234510422,0.06423471868038177
Colon_clinicDB,9,phase1_hard,images/290.png,1,0.8196191787719727,0.0028688893653452396,0.0007295694667845964
Colon_clinicDB,9,phase1_hard,images/291.png,1,0.8245190978050232,0.2011711746454239,0.10737497359514236
Colon_clinicDB,9,phase1_hard,images/292.png,1,0.8247618079185486,0.9466115832328796,0.747850239276886
Colon_clinicDB,9,phase1_hard,images/293.png,1,0.8174390196800232,0.009320903569459915,0.003821328980848193
Colon_clinicDB,9,phase1_hard,images/294.png,1,0.8216206431388855,0.04977518320083618,0.01916101947426796
Colon_clinicDB,9,phase1_hard,images/295.png,1,0.8132047653198242,0.012313451617956161,0.004313598852604628
Colon_clinicDB,9,phase1_hard,images/296.png,1,0.824201226234436,0.1864970177412033,0.05771813169121742
Colon_clinicDB,9,phase1_hard,images/297.png,1,0.8191506266593933,0.4800187051296234,0.25950270891189575
Colon_clinicDB,9,phase1_hard,images/298.png,1,0.8156357407569885,0.9524414539337158,0.9307401180267334
Colon_clinicDB,9,phase1_hard,images/299.png,1,0.8198414444923401,0.8660832047462463,0.647936224937439
Colon_clinicDB,9,phase1_hard,images/3.png,1,0.8012629151344299,0.9148398041725159,0.7780865430831909
Colon_clinicDB,9,phase1_hard,images/30.png,1,0.8201779723167419,0.021112661808729172,0.008648231625556946
Colon_clinicDB,9,phase1_hard,images/300.png,1,0.8174956440925598,0.44697389006614685,0.2249698042869568
Colon_clinicDB,9,phase1_hard,images/301.png,1,0.8225240111351013,0.2548453211784363,0.12534251809120178
Colon_clinicDB,9,phase1_hard,images/302.png,1,0.8159748315811157,0.8686794638633728,0.7461414933204651
Colon_clinicDB,9,phase1_hard,images/303.png,1,0.7948401570320129,0.9007465839385986,0.8608320951461792
Colon_clinicDB,9,phase1_hard,images/304.png,1,0.814371645450592,0.9106547236442566,0.8835108876228333
Colon_clinicDB,9,phase1_hard,images/305.png,1,0.812947154045105,0.5295960307121277,0.41779619455337524
Colon_clinicDB,9,phase1_hard,images/306.png,1,0.8152637481689453,0.5538049936294556,0.3156500458717346
Colon_clinicDB,9,phase1_hard,images/307.png,1,0.8150436878204346,0.16168422996997833,0.059089694172143936
Colon_clinicDB,9,phase1_hard,images/308.png,1,0.8178950548171997,0.329196035861969,0.17474278807640076
Colon_clinicDB,9,phase1_hard,images/309.png,1,0.8140919208526611,0.39759892225265503,0.2754621207714081
Colon_clinicDB,9,phase1_hard,images/31.png,1,0.8195747137069702,0.02442358061671257,0.017148224636912346
Colon_clinicDB,9,phase1_hard,images/310.png,1,0.8190222978591919,0.633018970489502,0.3427284061908722
Colon_clinicDB,9,phase1_hard,images/311.png,1,0.8151896595954895,0.7938926815986633,0.4664786458015442
Colon_clinicDB,9,phase1_hard,images/312.png,1,0.8156798481941223,0.7087668180465698,0.4436945617198944
Colon_clinicDB,9,phase1_hard,images/313.png,1,0.8066585063934326,0.17156387865543365,0.050390247255563736
Colon_clinicDB,9,phase1_hard,images/314.png,1,0.8179551959037781,0.9228036403656006,0.8482356667518616
Colon_clinicDB,9,phase1_hard,images/315.png,1,0.8136852383613586,0.9677504301071167,0.9046685695648193
Colon_clinicDB,9,phase1_hard,images/316.png,1,0.8132002949714661,0.528667688369751,0.35529428720474243
Colon_clinicDB,9,phase1_hard,images/317.png,1,0.8131088018417358,0.9065550565719604,0.8548921346664429
Colon_clinicDB,9,phase1_hard,images/318.png,1,0.819711446762085,0.9533005356788635,0.7986944317817688
Colon_clinicDB,9,phase1_hard,images/319.png,1,0.8231515288352966,0.7773095965385437,0.5506183505058289
Colon_clinicDB,9,phase1_hard,images/32.png,1,0.8225057721138,0.5234113335609436,0.3608446419239044
Colon_clinicDB,9,phase1_hard,images/320.png,1,0.815641462802887,0.9826595783233643,0.9250351786613464
Colon_clinicDB,9,phase1_hard,images/321.png,1,0.818623423576355,0.022812195122241974,0.007811030372977257
Colon_clinicDB,9,phase1_hard,images/322.png,1,0.8212295174598694,0.04425663873553276,0.010835757479071617
Colon_clinicDB,9,phase1_hard,images/323.png,1,0.818261981010437,0.029344139620661736,0.011293984949588776
Colon_clinicDB,9,phase1_hard,images/324.png,1,0.8203780651092529,0.17591209709644318,0.04483363777399063
Colon_clinicDB,9,phase1_hard,images/325.png,1,0.8223563432693481,0.20782428979873657,0.11795847117900848
Colon_clinicDB,9,phase1_hard,images/326.png,1,0.8178773522377014,0.43693092465400696,0.24006640911102295
Colon_clinicDB,9,phase1_hard,images/327.png,1,0.8234925270080566,0.10225702822208405,0.056724436581134796
Colon_clinicDB,9,phase1_hard,images/328.png,1,0.8199666142463684,0.6809079647064209,0.4284980595111847
Colon_clinicDB,9,phase1_hard,images/329.png,1,0.8140288591384888,0.5726000666618347,0.23136253654956818
Colon_clinicDB,9,phase1_hard,images/33.png,1,0.8200536966323853,0.47217628359794617,0.3060316741466522
Colon_clinicDB,9,phase1_hard,images/330.png,1,0.8234723210334778,0.9243531227111816,0.49162963032722473
Colon_clinicDB,9,phase1_hard,images/331.png,1,0.8160977363586426,0.24634508788585663,0.15681234002113342
Colon_clinicDB,9,phase1_hard,images/332.png,1,0.8198889493942261,0.42290300130844116,0.22700494527816772
Colon_clinicDB,9,phase1_hard,images/333.png,1,0.8197630047798157,0.5181466937065125,0.35846492648124695
Colon_clinicDB,9,phase1_hard,images/334.png,1,0.8207911849021912,0.9774223566055298,0.9478034973144531
Colon_clinicDB,9,phase1_hard,images/335.png,1,0.8179512023925781,0.6627005934715271,0.4678424000740051
Colon_clinicDB,9,phase1_hard,images/336.png,1,0.8191202282905579,0.9912808537483215,0.9747858643531799
Colon_clinicDB,9,phase1_hard,images/337.png,1,0.8193091154098511,0.9721654057502747,0.8931702971458435
Colon_clinicDB,9,phase1_hard,images/338.png,1,0.8004447221755981,0.09201698750257492,0.03412606567144394
Colon_clinicDB,9,phase1_hard,images/339.png,1,0.8099061846733093,0.8591062426567078,0.6651516556739807
Colon_clinicDB,9,phase1_hard,images/34.png,1,0.81796795129776,0.9463173151016235,0.8932788968086243
Colon_clinicDB,9,phase1_hard,images/340.png,1,0.8210153579711914,0.9864773750305176,0.969586193561554
Colon_clinicDB,9,phase1_hard,images/341.png,1,0.8172471523284912,0.9972119927406311,0.9936118125915527
Colon_clinicDB,9,phase1_hard,images/342.png,1,0.8154295086860657,0.9561896920204163,0.9232223033905029
Colon_clinicDB,9,phase1_hard,images/343.png,1,0.809196949005127,0.09323668479919434,0.04389217495918274
Colon_clinicDB,9,phase1_hard,images/344.png,1,0.8058007955551147,0.967181384563446,0.9352380037307739
Colon_clinicDB,9,phase1_hard,images/345.png,1,0.7887852191925049,0.9619010090827942,0.9445482492446899
Colon_clinicDB,9,phase1_hard,images/346.png,1,0.824583113193512,0.5139191746711731,0.257621169090271
Colon_clinicDB,9,phase1_hard,images/347.png,1,0.8165346384048462,0.03301428258419037,0.00640619732439518
Colon_clinicDB,9,phase1_hard,images/348.png,1,0.8121519088745117,0.517037570476532,0.3965476453304291
Colon_clinicDB,9,phase1_hard,images/349.png,1,0.8119369745254517,0.014028549194335938,0.00481253070756793
Colon_clinicDB,9,phase1_hard,images/35.png,1,0.8216052055358887,0.5456177592277527,0.3230370581150055
Colon_clinicDB,9,phase1_hard,images/350.png,1,0.8186453580856323,0.8445228338241577,0.617885172367096
Colon_clinicDB,9,phase1_hard,images/351.png,1,0.8142101168632507,0.795766294002533,0.6444219946861267
Colon_clinicDB,9,phase1_hard,images/352.png,1,0.8080186247825623,0.001256562420167029,0.0007001424673944712
Colon_clinicDB,9,phase1_hard,images/353.png,1,0.8230873346328735,0.3046723008155823,0.21055079996585846
Colon_clinicDB,9,phase1_hard,images/354.png,1,0.8230462670326233,0.048374734818935394,0.021687818691134453
Colon_clinicDB,9,phase1_hard,images/355.png,1,0.813278079032898,0.6054526567459106,0.26872095465660095
Colon_clinicDB,9,phase1_hard,images/356.png,1,0.8153581023216248,0.8589973449707031,0.7072729468345642
Colon_clinicDB,9,phase1_hard,images/357.png,1,0.8052554130554199,0.33146798610687256,0.18209880590438843
Colon_clinicDB,9,phase1_hard,images/358.png,1,0.8098286986351013,0.5387150049209595,0.2641925811767578
Colon_clinicDB,9,phase1_hard,images/359.png,1,0.8156688809394836,0.06988971680402756,0.030132552608847618
Colon_clinicDB,9,phase1_hard,images/36.png,1,0.8165245056152344,0.25571149587631226,0.1260690540075302
Colon_clinicDB,9,phase1_hard,images/360.png,1,0.8087565302848816,0.8699830770492554,0.6838065385818481
Colon_clinicDB,9,phase1_hard,images/361.png,1,0.8052670955657959,0.9729288220405579,0.9420878291130066
Colon_clinicDB,9,phase1_hard,images/362.png,1,0.8080470561981201,0.9794948101043701,0.9715390801429749
Colon_clinicDB,9,phase1_hard,images/363.png,1,0.8160006999969482,0.8657007217407227,0.6200964450836182
Colon_clinicDB,9,phase1_hard,images/364.png,1,0.7907777428627014,0.5921076536178589,0.26155441999435425
Colon_clinicDB,9,phase1_hard,images/365.png,1,0.7946546673774719,0.38313010334968567,0.1396058052778244
Colon_clinicDB,9,phase1_hard,images/366.png,1,0.7710186839103699,0.4665661156177521,0.15358279645442963
Colon_clinicDB,9,phase1_hard,images/367.png,1,0.7779590487480164,0.6213927268981934,0.2730220556259155
Colon_clinicDB,9,phase1_hard,images/368.png,1,0.7956773042678833,0.005008193198591471,0.001229752553626895
Colon_clinicDB,9,phase1_hard,images/369.png,1,0.7988049387931824,0.042909227311611176,0.010727062821388245
Colon_clinicDB,9,phase1_hard,images/37.png,1,0.8200476765632629,0.30384179949760437,0.21672287583351135
Colon_clinicDB,9,phase1_hard,images/370.png,1,0.7925132513046265,0.024358130991458893,0.005311500746756792
Colon_clinicDB,9,phase1_hard,images/371.png,1,0.7627487182617188,0.0133743891492486,0.002264507580548525
Colon_clinicDB,9,phase1_hard,images/372.png,1,0.7732709050178528,0.008429102599620819,0.0017169690690934658
Colon_clinicDB,9,phase1_hard,images/373.png,1,0.7694889307022095,0.02654477022588253,0.004311621189117432
Colon_clinicDB,9,phase1_hard,images/374.png,1,0.7602865695953369,0.0022558995988219976,0.00046444401959888637
Colon_clinicDB,9,phase1_hard,images/375.png,1,0.7762741446495056,0.0026004668325185776,0.0004805393982678652
Colon_clinicDB,9,phase1_hard,images/376.png,1,0.7961629629135132,0.2364582121372223,0.06807621568441391
Colon_clinicDB,9,phase1_hard,images/377.png,1,0.7900629043579102,0.007078053429722786,0.001467962865717709
Colon_clinicDB,9,phase1_hard,images/378.png,1,0.7945689558982849,0.0008627688512206078,0.0002415937779005617
Colon_clinicDB,9,phase1_hard,images/379.png,1,0.7659419178962708,0.1422400027513504,0.0366051010787487
Colon_clinicDB,9,phase1_hard,images/38.png,1,0.8205139636993408,0.767182469367981,0.5686627626419067
Colon_clinicDB,9,phase1_hard,images/380.png,1,0.7746114730834961,0.5433389544487,0.18158623576164246
Colon_clinicDB,9,phase1_hard,images/381.png,1,0.7724305987358093,0.6222897171974182,0.26781153678894043
Colon_clinicDB,9,phase1_hard,images/382.png,1,0.7638388276100159,0.0017521599074825644,0.0004684758896473795
Colon_clinicDB,9,phase1_hard,images/383.png,1,0.7601079940795898,0.3679007887840271,0.18290771543979645
Colon_clinicDB,9,phase1_hard,images/384.png,1,0.8217664361000061,0.1645178347826004,0.10387695580720901
Colon_clinicDB,9,phase1_hard,images/385.png,1,0.8174253106117249,0.9762223362922668,0.9163264632225037
Colon_clinicDB,9,phase1_hard,images/386.png,1,0.8172277808189392,0.9306811690330505,0.756112277507782
Colon_clinicDB,9,phase1_hard,images/387.png,1,0.8144093155860901,0.8559842705726624,0.4365817606449127
Colon_clinicDB,9,phase1_hard,images/388.png,1,0.8182658553123474,0.6417950391769409,0.307913213968277
Colon_clinicDB,9,phase1_hard,images/389.png,1,0.8136589527130127,0.0006067253416404128,0.0004354884731583297
Colon_clinicDB,9,phase1_hard,images/39.png,1,0.8201186060905457,0.8353285193443298,0.6561996936798096
Colon_clinicDB,9,phase1_hard,images/390.png,1,0.8124984502792358,0.2748141288757324,0.13500024378299713
Colon_clinicDB,9,phase1_hard,images/391.png,1,0.8022508025169373,0.780842125415802,0.6676278114318848
Colon_clinicDB,9,phase1_hard,images/392.png,1,0.8158223032951355,0.9823929071426392,0.958540141582489
Colon_clinicDB,9,phase1_hard,images/393.png,1,0.8026453852653503,0.9657667875289917,0.9283682107925415
Colon_clinicDB,9,phase1_hard,images/394.png,1,0.8086029291152954,0.9554325342178345,0.9195092916488647
Colon_clinicDB,9,phase1_hard,images/395.png,1,0.8209328651428223,0.9795653820037842,0.9564381837844849
Colon_clinicDB,9,phase1_hard,images/396.png,1,0.8205487132072449,0.9775839447975159,0.9617184400558472
Colon_clinicDB,9,phase1_hard,images/397.png,1,0.8226107954978943,0.9343146681785583,0.8629221320152283
Colon_clinicDB,9,phase1_hard,images/398.png,1,0.806255042552948,0.9942373037338257,0.9864790439605713
Colon_clinicDB,9,phase1_hard,images/399.png,1,0.8190928101539612,0.970192551612854,0.9139407873153687
Colon_clinicDB,9,phase1_hard,images/4.png,1,0.8063311576843262,0.9502242207527161,0.9057533740997314
Colon_clinicDB,9,phase1_hard,images/40.png,1,0.8165855407714844,0.04369637742638588,0.02631453238427639
Colon_clinicDB,9,phase1_hard,images/400.png,1,0.8167357444763184,0.40746212005615234,0.2794262170791626
Colon_clinicDB,9,phase1_hard,images/401.png,1,0.8028917908668518,0.024443242698907852,0.013311096467077732
Colon_clinicDB,9,phase1_hard,images/402.png,1,0.8167579174041748,0.11853773891925812,0.06022714450955391
Colon_clinicDB,9,phase1_hard,images/403.png,1,0.8118022680282593,0.49539241194725037,0.2690599858760834
Colon_clinicDB,9,phase1_hard,images/404.png,1,0.7863354086875916,0.3906523585319519,0.241125226020813
Colon_clinicDB,9,phase1_hard,images/405.png,1,0.7899563312530518,0.6565741300582886,0.38381507992744446
Colon_clinicDB,9,phase1_hard,images/406.png,1,0.8105148077011108,0.17085540294647217,0.06008670851588249
Colon_clinicDB,9,phase1_hard,images/407.png,1,0.8038434982299805,0.008452585898339748,0.0035321584437042475
Colon_clinicDB,9,phase1_hard,images/408.png,1,0.8062952756881714,0.3487755358219147,0.1866447776556015
Colon_clinicDB,9,phase1_hard,images/409.png,1,0.8152914047241211,0.7230518460273743,0.3679097294807434
Colon_clinicDB,9,phase1_hard,images/41.png,1,0.8165125250816345,0.06587038189172745,0.04362723231315613
Colon_clinicDB,9,phase1_hard,images/410.png,1,0.8093655109405518,0.8909529447555542,0.6561064720153809
Colon_clinicDB,9,phase1_hard,images/411.png,1,0.8188117146492004,0.9118926525115967,0.7104713320732117
Colon_clinicDB,9,phase1_hard,images/412.png,1,0.8208979368209839,0.983245849609375,0.8753148913383484
Colon_clinicDB,9,phase1_hard,images/413.png,1,0.8247048854827881,0.9975329637527466,0.9843029379844666
Colon_clinicDB,9,phase1_hard,images/414.png,1,0.8149459958076477,0.9805850386619568,0.9554508924484253
Colon_clinicDB,9,phase1_hard,images/415.png,1,0.8195988535881042,0.9800986051559448,0.922578752040863
Colon_clinicDB,9,phase1_hard,images/416.png,1,0.8137971758842468,0.9777895212173462,0.9460281133651733
Colon_clinicDB,9,phase1_hard,images/417.png,1,0.821488618850708,0.9711498618125916,0.9409762620925903
Colon_clinicDB,9,phase1_hard,images/418.png,1,0.8189075589179993,0.9355037808418274,0.6940076351165771
Colon_clinicDB,9,phase1_hard,images/419.png,1,0.8203296065330505,0.9890608787536621,0.968428373336792
Colon_clinicDB,9,phase1_hard,images/42.png,1,0.8199299573898315,0.4797147810459137,0.3183084726333618
Colon_clinicDB,9,phase1_hard,images/420.png,1,0.8185818791389465,0.7892591953277588,0.6017159223556519
Colon_clinicDB,9,phase1_hard,images/421.png,1,0.8224984407424927,0.9849491715431213,0.9588441252708435
Colon_clinicDB,9,phase1_hard,images/422.png,1,0.8236904144287109,0.9018017053604126,0.6268249750137329
Colon_clinicDB,9,phase1_hard,images/423.png,1,0.8255122900009155,0.950984537601471,0.8952054381370544
Colon_clinicDB,9,phase1_hard,images/424.png,1,0.7657127380371094,7.983713294379413e-05,5.728358883061446e-05
Colon_clinicDB,9,phase1_hard,images/425.png,1,0.8203999400138855,0.854812741279602,0.48357003927230835
Colon_clinicDB,9,phase1_hard,images/426.png,1,0.8235639929771423,0.9936901330947876,0.973789393901825
Colon_clinicDB,9,phase1_hard,images/427.png,1,0.8213101625442505,0.9766361117362976,0.9491223096847534
Colon_clinicDB,9,phase1_hard,images/428.png,1,0.8237688541412354,0.9652543067932129,0.921238124370575
Colon_clinicDB,9,phase1_hard,images/429.png,1,0.8208238482475281,0.3250936269760132,0.14356699585914612
Colon_clinicDB,9,phase1_hard,images/43.png,1,0.8157774209976196,0.03955908119678497,0.02337547577917576
Colon_clinicDB,9,phase1_hard,images/430.png,1,0.8200267553329468,0.455740362405777,0.19327586889266968
Colon_clinicDB,9,phase1_hard,images/431.png,1,0.8183117508888245,0.183986634016037,0.0714987963438034
Colon_clinicDB,9,phase1_hard,images/432.png,1,0.8179791569709778,0.12993651628494263,0.06375349313020706
Colon_clinicDB,9,phase1_hard,images/433.png,1,0.8187713623046875,0.24896900355815887,0.1500253528356552
Colon_clinicDB,9,phase1_hard,images/434.png,1,0.8228996992111206,0.18673114478588104,0.10134891420602798
Colon_clinicDB,9,phase1_hard,images/435.png,1,0.8256263136863708,0.6548300981521606,0.30604124069213867
Colon_clinicDB,9,phase1_hard,images/436.png,1,0.8237711191177368,0.5404497385025024,0.29866254329681396
Colon_clinicDB,9,phase1_hard,images/437.png,1,0.8205723166465759,0.3528175950050354,0.1333685666322708
Colon_clinicDB,9,phase1_hard,images/438.png,1,0.8052294254302979,0.003899429691955447,0.002480774652212858
Colon_clinicDB,9,phase1_hard,images/439.png,1,0.788905143737793,0.7031190991401672,0.4065837264060974
Colon_clinicDB,9,phase1_hard,images/44.png,1,0.82405686378479,0.356290340423584,0.1631261259317398
Colon_clinicDB,9,phase1_hard,images/440.png,1,0.7973015904426575,0.8025779128074646,0.6874291300773621
Colon_clinicDB,9,phase1_hard,images/441.png,1,0.8214568495750427,0.7893344759941101,0.37180623412132263
Colon_clinicDB,9,phase1_hard,images/442.png,1,0.814191460609436,0.9363946318626404,0.8178663849830627
Colon_clinicDB,9,phase1_hard,images/443.png,1,0.8195209503173828,0.9677243232727051,0.957847535610199
Colon_clinicDB,9,phase1_hard,images/444.png,1,0.8247582316398621,0.9964485168457031,0.9903548955917358
Colon_clinicDB,9,phase1_hard,images/445.png,1,0.821742832660675,0.9369906187057495,0.9170215129852295
Colon_clinicDB,9,phase1_hard,images/446.png,1,0.8232331871986389,0.7104989886283875,0.5739063620567322
Colon_clinicDB,9,phase1_hard,images/447.png,1,0.8243995904922485,0.668820858001709,0.39014819264411926
Colon_clinicDB,9,phase1_hard,images/448.png,1,0.801825225353241,0.11752668768167496,0.06234230846166611
Colon_clinicDB,9,phase1_hard,images/449.png,1,0.8165954947471619,0.7282555103302002,0.5663695335388184
Colon_clinicDB,9,phase1_hard,images/45.png,1,0.8184624314308167,0.9761872291564941,0.926320493221283
Colon_clinicDB,9,phase1_hard,images/450.png,1,0.8123572468757629,0.937943696975708,0.7572368383407593
Colon_clinicDB,9,phase1_hard,images/451.png,1,0.8155515193939209,0.9414353370666504,0.868611216545105
Colon_clinicDB,9,phase1_hard,images/452.png,1,0.7918553352355957,0.9490804672241211,0.8627950549125671
Colon_clinicDB,9,phase1_hard,images/453.png,1,0.7991698980331421,0.9126295447349548,0.7183184027671814
Colon_clinicDB,9,phase1_hard,images/454.png,1,0.8160091042518616,0.5180971026420593,0.3699185848236084
Colon_clinicDB,9,phase1_hard,images/455.png,1,0.811631441116333,0.8732858300209045,0.6911009550094604
Colon_clinicDB,9,phase1_hard,images/456.png,1,0.8100523352622986,0.5596442818641663,0.44694462418556213
Colon_clinicDB,9,phase1_hard,images/457.png,1,0.8217648863792419,0.7399430274963379,0.6642334461212158
Colon_clinicDB,9,phase1_hard,images/458.png,1,0.8136658072471619,0.9482762217521667,0.826093316078186
Colon_clinicDB,9,phase1_hard,images/459.png,1,0.7937121987342834,0.3248744606971741,0.14528337121009827
Colon_clinicDB,9,phase1_hard,images/46.png,1,0.8231299519538879,0.016739806160330772,0.0035897092893719673
Colon_clinicDB,9,phase1_hard,images/460.png,1,0.8122668862342834,0.8023204207420349,0.5645511150360107
Colon_clinicDB,9,phase1_hard,images/461.png,1,0.7946509718894958,0.023473327979445457,0.011912857182323933
Colon_clinicDB,9,phase1_hard,images/462.png,1,0.8141143321990967,0.9421836733818054,0.8824440836906433
Colon_clinicDB,9,phase1_hard,images/463.png,1,0.8166387677192688,0.8770067095756531,0.7407928705215454
Colon_clinicDB,9,phase1_hard,images/464.png,1,0.8079986572265625,0.04922937974333763,0.01693512685596943
Colon_clinicDB,9,phase1_hard,images/465.png,1,0.8189530372619629,0.6287575364112854,0.3359983563423157
Colon_clinicDB,9,phase1_hard,images/466.png,1,0.8177096843719482,0.8487567901611328,0.7739203572273254
Colon_clinicDB,9,phase1_hard,images/467.png,1,0.8154687285423279,0.12188669294118881,0.048602789640426636
Colon_clinicDB,9,phase1_hard,images/468.png,1,0.8157791495323181,0.09208153933286667,0.04312766715884209
Colon_clinicDB,9,phase1_hard,images/469.png,1,0.8188583254814148,0.09497328847646713,0.045014239847660065
Colon_clinicDB,9,phase1_hard,images/47.png,1,0.8191788196563721,0.024602701887488365,0.007104082033038139
Colon_clinicDB,9,phase1_hard,images/470.png,1,0.8205183744430542,0.6795207262039185,0.5576900243759155
Colon_clinicDB,9,phase1_hard,images/471.png,1,0.8167418837547302,0.658536434173584,0.46708613634109497
Colon_clinicDB,9,phase1_hard,images/472.png,1,0.8172997236251831,0.29243937134742737,0.22330844402313232
Colon_clinicDB,9,phase1_hard,images/473.png,1,0.8214110136032104,0.09372107684612274,0.04858642816543579
Colon_clinicDB,9,phase1_hard,images/474.png,1,0.8188928961753845,0.1069832593202591,0.05024334788322449
Colon_clinicDB,9,phase1_hard,images/475.png,1,0.8180663585662842,0.6701512932777405,0.2462087720632553
Colon_clinicDB,9,phase1_hard,images/476.png,1,0.81540447473526,0.019596541300415993,0.01045193336904049
Colon_clinicDB,9,phase1_hard,images/477.png,1,0.8158815503120422,0.020728932693600655,0.005600905045866966
Colon_clinicDB,9,phase1_hard,images/478.png,1,0.8126928210258484,0.08657307922840118,0.03703576698899269
Colon_clinicDB,9,phase1_hard,images/479.png,1,0.8228922486305237,0.9742574691772461,0.9444456696510315
Colon_clinicDB,9,phase1_hard,images/48.png,1,0.8209047317504883,0.01702766865491867,0.008418669924139977
Colon_clinicDB,9,phase1_hard,images/480.png,1,0.823509693145752,0.9546499848365784,0.9121741652488708
Colon_clinicDB,9,phase1_hard,images/481.png,1,0.8231201767921448,0.8365036845207214,0.7310112714767456
Colon_clinicDB,9,phase1_hard,images/482.png,1,0.8216789960861206,0.9473772644996643,0.8844947218894958
Colon_clinicDB,9,phase1_hard,images/483.png,1,0.8229925036430359,0.9081501364707947,0.8470268845558167
Colon_clinicDB,9,phase1_hard,images/484.png,1,0.8224319815635681,0.878190815448761,0.7520462870597839
Colon_clinicDB,9,phase1_hard,images/485.png,1,0.823872447013855,0.9862739443778992,0.9785515666007996
Colon_clinicDB,9,phase1_hard,images/486.png,1,0.8198381066322327,0.9360617399215698,0.8424426913261414
Colon_clinicDB,9,phase1_hard,images/487.png,1,0.8240635991096497,0.0032669182401150465,0.0017410647124052048
Colon_clinicDB,9,phase1_hard,images/488.png,1,0.8228508234024048,0.07159484177827835,0.026749230921268463
Colon_clinicDB,9,phase1_hard,images/489.png,1,0.822096049785614,0.5303012132644653,0.30000898241996765
Colon_clinicDB,9,phase1_hard,images/49.png,1,0.8126206994056702,0.3391188085079193,0.2754599452018738
Colon_clinicDB,9,phase1_hard,images/490.png,1,0.809289813041687,0.4600399434566498,0.22977474331855774
Colon_clinicDB,9,phase1_hard,images/491.png,1,0.8212301135063171,0.4968208968639374,0.2809171676635742
Colon_clinicDB,9,phase1_hard,images/492.png,1,0.8206205368041992,0.8581566214561462,0.7085094451904297
Colon_clinicDB,9,phase1_hard,images/493.png,1,0.8219969272613525,0.8422571420669556,0.6966425776481628
Colon_clinicDB,9,phase1_hard,images/494.png,1,0.8086806535720825,0.9539576768875122,0.9156286716461182
Colon_clinicDB,9,phase1_hard,images/495.png,1,0.8183431625366211,0.5992608070373535,0.2808513045310974
Colon_clinicDB,9,phase1_hard,images/496.png,1,0.815280020236969,0.8145638108253479,0.5487176775932312
Colon_clinicDB,9,phase1_hard,images/497.png,1,0.8142331838607788,0.1075434759259224,0.046326737850904465
Colon_clinicDB,9,phase1_hard,images/498.png,1,0.822099506855011,0.8218732476234436,0.6510249972343445
Colon_clinicDB,9,phase1_hard,images/499.png,1,0.8229411840438843,0.9593262672424316,0.8215836882591248
Colon_clinicDB,9,phase1_hard,images/5.png,1,0.8043889403343201,0.9805102348327637,0.9608209133148193
Colon_clinicDB,9,phase1_hard,images/50.png,1,0.8197328448295593,0.26217570900917053,0.0848597064614296
Colon_clinicDB,9,phase1_hard,images/500.png,1,0.8189029693603516,0.9825981855392456,0.9441028833389282
Colon_clinicDB,9,phase1_hard,images/501.png,1,0.8201826810836792,0.785129964351654,0.6594567894935608
Colon_clinicDB,9,phase1_hard,images/502.png,1,0.8214831352233887,0.919400691986084,0.900193452835083
Colon_clinicDB,9,phase1_hard,images/503.png,1,0.8230804800987244,0.853145956993103,0.7115234136581421
Colon_clinicDB,9,phase1_hard,images/504.png,1,0.8094661831855774,0.9710379242897034,0.9010642170906067
Colon_clinicDB,9,phase1_hard,images/505.png,1,0.809547483921051,0.9905025959014893,0.9788126945495605
Colon_clinicDB,9,phase1_hard,images/506.png,1,0.8237875699996948,0.7510485053062439,0.3005164563655853
Colon_clinicDB,9,phase1_hard,images/507.png,1,0.8258702158927917,0.9873560667037964,0.969839334487915
Colon_clinicDB,9,phase1_hard,images/508.png,1,0.82477867603302,0.9636839032173157,0.8976556062698364
Colon_clinicDB,9,phase1_hard,images/509.png,1,0.815361499786377,0.9006800651550293,0.7961899042129517
Colon_clinicDB,9,phase1_hard,images/51.png,1,0.8105848431587219,0.6419679522514343,0.4012914299964905
Colon_clinicDB,9,phase1_hard,images/510.png,1,0.8163744211196899,0.9213175177574158,0.8309661149978638
Colon_clinicDB,9,phase1_hard,images/511.png,1,0.8085963129997253,0.9055867195129395,0.6571434736251831
Colon_clinicDB,9,phase1_hard,images/512.png,1,0.815193772315979,0.9380357265472412,0.8194372057914734
Colon_clinicDB,9,phase1_hard,images/513.png,1,0.815325140953064,0.3716995418071747,0.21949172019958496
Colon_clinicDB,9,phase1_hard,images/514.png,1,0.8211959004402161,0.9934816360473633,0.9870412945747375
Colon_clinicDB,9,phase1_hard,images/515.png,1,0.8159664273262024,0.9636864066123962,0.9214152097702026
Colon_clinicDB,9,phase1_hard,images/516.png,1,0.8117477893829346,0.9909749627113342,0.9758146405220032
Colon_clinicDB,9,phase1_hard,images/517.png,1,0.7855154871940613,0.7031834125518799,0.583202600479126
Colon_clinicDB,9,phase1_hard,images/518.png,1,0.7802227139472961,0.8199451565742493,0.6764940619468689
Colon_clinicDB,9,phase1_hard,images/519.png,1,0.8150543570518494,0.9632055163383484,0.8724771738052368
Colon_clinicDB,9,phase1_hard,images/52.png,1,0.799464225769043,0.009539762511849403,0.003888645675033331
Colon_clinicDB,9,phase1_hard,images/520.png,1,0.822897732257843,0.9956104159355164,0.9911350607872009
Colon_clinicDB,9,phase1_hard,images/521.png,1,0.7999414205551147,0.9012119770050049,0.8028512597084045
Colon_clinicDB,9,phase1_hard,images/522.png,1,0.7976140379905701,0.9919602274894714,0.9611355066299438
Colon_clinicDB,9,phase1_hard,images/523.png,1,0.7732195854187012,0.6835283041000366,0.3339777886867523
Colon_clinicDB,9,phase1_hard,images/524.png,1,0.8172601461410522,0.9952985644340515,0.9914872050285339
Colon_clinicDB,9,phase1_hard,images/525.png,1,0.7941897511482239,0.9772385358810425,0.9296093583106995
Colon_clinicDB,9,phase1_hard,images/526.png,1,0.7805030345916748,0.9125555157661438,0.8791893124580383
Colon_clinicDB,9,phase1_hard,images/527.png,1,0.7854701280593872,0.9189663529396057,0.801812469959259
Colon_clinicDB,9,phase1_hard,images/528.png,1,0.7867599725723267,0.8859459757804871,0.764324963092804
Colon_clinicDB,9,phase1_hard,images/529.png,1,0.8150030374526978,0.9178444147109985,0.43181055784225464
Colon_clinicDB,9,phase1_hard,images/53.png,1,0.8235776424407959,0.020335642620921135,0.003513835370540619
Colon_clinicDB,9,phase1_hard,images/530.png,1,0.816057562828064,0.7681487202644348,0.3260085880756378
Colon_clinicDB,9,phase1_hard,images/531.png,1,0.8160154819488525,0.9482423663139343,0.8090628385543823
Colon_clinicDB,9,phase1_hard,images/532.png,1,0.8203190565109253,0.9821640253067017,0.8773840069770813
Colon_clinicDB,9,phase1_hard,images/533.png,1,0.8238953948020935,0.11530491709709167,0.05269015207886696
Colon_clinicDB,9,phase1_hard,images/534.png,1,0.8182615637779236,0.9760514497756958,0.9597418904304504
Colon_clinicDB,9,phase1_hard,images/535.png,1,0.8239418268203735,0.8733422756195068,0.8142627477645874
Colon_clinicDB,9,phase1_hard,images/536.png,1,0.8169066905975342,0.9607784152030945,0.8848229646682739
Colon_clinicDB,9,phase1_hard,images/537.png,1,0.811750054359436,0.9960927367210388,0.9500037431716919
Colon_clinicDB,9,phase1_hard,images/538.png,1,0.8201220035552979,0.9641439914703369,0.8766642212867737
Colon_clinicDB,9,phase1_hard,images/539.png,1,0.8133574724197388,0.9162814617156982,0.8192586302757263
Colon_clinicDB,9,phase1_hard,images/54.png,1,0.8089941143989563,0.0003172909200657159,7.535670738434419e-05
Colon_clinicDB,9,phase1_hard,images/540.png,1,0.8227296471595764,0.9358452558517456,0.7984352707862854
Colon_clinicDB,9,phase1_hard,images/541.png,1,0.8206623792648315,0.9574840664863586,0.677895724773407
Colon_clinicDB,9,phase1_hard,images/542.png,1,0.8159981369972229,0.9896940588951111,0.9574755430221558
Colon_clinicDB,9,phase1_hard,images/543.png,1,0.8226872086524963,0.9938454031944275,0.9807147979736328
Colon_clinicDB,9,phase1_hard,images/544.png,1,0.8223199844360352,0.561802327632904,0.34904909133911133
Colon_clinicDB,9,phase1_hard,images/545.png,1,0.8195006847381592,0.9901295304298401,0.9507322907447815
Colon_clinicDB,9,phase1_hard,images/546.png,1,0.8187360763549805,0.9792829155921936,0.8715521097183228
Colon_clinicDB,9,phase1_hard,images/547.png,1,0.8073620796203613,0.7902070879936218,0.6031813621520996
Colon_clinicDB,9,phase1_hard,images/548.png,1,0.8137640953063965,0.832966148853302,0.6435492634773254
Colon_clinicDB,9,phase1_hard,images/549.png,1,0.7946711778640747,0.05588787794113159,0.018714673817157745
Colon_clinicDB,9,phase1_hard,images/55.png,1,0.7952419519424438,0.0019796337001025677,0.0004231526399962604
Colon_clinicDB,9,phase1_hard,images/550.png,1,0.8122288584709167,0.9744101166725159,0.9482214450836182
Colon_clinicDB,9,phase1_hard,images/551.png,1,0.8185735940933228,0.876227080821991,0.8174863457679749
Colon_clinicDB,9,phase1_hard,images/552.png,1,0.8126521110534668,0.10044106096029282,0.057537369430065155
Colon_clinicDB,9,phase1_hard,images/553.png,1,0.8093391060829163,0.9698553681373596,0.7898092865943909
Colon_clinicDB,9,phase1_hard,images/554.png,1,0.8154155611991882,0.9775141477584839,0.8180752396583557
Colon_clinicDB,9,phase1_hard,images/555.png,1,0.7794455885887146,0.5120643377304077,0.3389303684234619
Colon_clinicDB,9,phase1_hard,images/556.png,1,0.81868577003479,0.6358510851860046,0.39746204018592834
Colon_clinicDB,9,phase1_hard,images/557.png,1,0.8037887811660767,0.7968184351921082,0.5811447501182556
Colon_clinicDB,9,phase1_hard,images/558.png,1,0.8082695007324219,0.6438986659049988,0.5440753102302551
Colon_clinicDB,9,phase1_hard,images/559.png,1,0.7936930060386658,0.03294629603624344,0.0096572395414114
Colon_clinicDB,9,phase1_hard,images/56.png,1,0.8214506506919861,0.9115742444992065,0.7776628732681274
Colon_clinicDB,9,phase1_hard,images/560.png,1,0.8087581992149353,0.7846624255180359,0.6862744688987732
Colon_clinicDB,9,phase1_hard,images/561.png,1,0.8176665306091309,0.6550920605659485,0.5264550447463989
Colon_clinicDB,9,phase1_hard,images/562.png,1,0.8025224804878235,0.9924633502960205,0.9840936660766602
Colon_clinicDB,9,phase1_hard,images/563.png,1,0.8110920786857605,0.34445106983184814,0.12377101927995682
Colon_clinicDB,9,phase1_hard,images/564.png,1,0.817458987236023,0.7943594455718994,0.41045016050338745
Colon_clinicDB,9,phase1_hard,images/565.png,1,0.7930126190185547,0.8708314895629883,0.7702000141143799
Colon_clinicDB,9,phase1_hard,images/566.png,1,0.800567626953125,0.9478206634521484,0.8865699172019958
Colon_clinicDB,9,phase1_hard,images/567.png,1,0.814447283744812,0.9924197793006897,0.9871479868888855
Colon_clinicDB,9,phase1_hard,images/568.png,1,0.8090999722480774,0.9864501357078552,0.9667104482650757
Colon_clinicDB,9,phase1_hard,images/569.png,1,0.8045060038566589,0.9565608501434326,0.922356903553009
Colon_clinicDB,9,phase1_hard,images/57.png,1,0.8074653148651123,0.4008614420890808,0.15377677977085114
Colon_clinicDB,9,phase1_hard,images/570.png,1,0.8014205694198608,0.7023414373397827,0.5171939730644226
Colon_clinicDB,9,phase1_hard,images/571.png,1,0.8169953227043152,0.9927442073822021,0.9895268082618713
Colon_clinicDB,9,phase1_hard,images/572.png,1,0.8109452128410339,0.5464022755622864,0.25925788283348083
Colon_clinicDB,9,phase1_hard,images/573.png,1,0.8082776665687561,0.9438830614089966,0.9228786826133728
Colon_clinicDB,9,phase1_hard,images/574.png,1,0.8090306520462036,0.994356095790863,0.9899324178695679
Colon_clinicDB,9,phase1_hard,images/575.png,1,0.8116683959960938,0.866066575050354,0.7493825554847717
Colon_clinicDB,9,phase1_hard,images/576.png,1,0.7985111474990845,0.9100198745727539,0.8322175741195679
Colon_clinicDB,9,phase1_hard,images/577.png,1,0.7969197630882263,0.34836405515670776,0.24076859652996063
Colon_clinicDB,9,phase1_hard,images/578.png,1,0.8089482188224792,0.42484551668167114,0.3102530837059021
Colon_clinicDB,9,phase1_hard,images/579.png,1,0.8043147325515747,0.9698330760002136,0.9545747637748718
Colon_clinicDB,9,phase1_hard,images/58.png,1,0.8242793083190918,0.5361557006835938,0.3100031316280365
Colon_clinicDB,9,phase1_hard,images/580.png,1,0.8121309876441956,0.9711998701095581,0.9576497077941895
Colon_clinicDB,9,phase1_hard,images/581.png,1,0.8081187009811401,0.9876452088356018,0.9742006063461304
Colon_clinicDB,9,phase1_hard,images/582.png,1,0.8173381090164185,0.8674256205558777,0.7770307660102844
Colon_clinicDB,9,phase1_hard,images/583.png,1,0.8151968717575073,0.9476180672645569,0.9008476138114929
Colon_clinicDB,9,phase1_hard,images/584.png,1,0.8110060095787048,0.45639991760253906,0.30125170946121216
Colon_clinicDB,9,phase1_hard,images/585.png,1,0.8051164150238037,0.899463415145874,0.7633009552955627
Colon_clinicDB,9,phase1_hard,images/586.png,1,0.7905793190002441,0.07081739604473114,0.03322900831699371
Colon_clinicDB,9,phase1_hard,images/587.png,1,0.8057007193565369,0.018959935754537582,0.010833531618118286
Colon_clinicDB,9,phase1_hard,images/588.png,1,0.8168253302574158,0.004236503038555384,0.0022163584362715483
Colon_clinicDB,9,phase1_hard,images/589.png,1,0.8030750751495361,0.007978606969118118,0.004437372088432312
Colon_clinicDB,9,phase1_hard,images/59.png,1,0.8178830742835999,0.9698094129562378,0.9123613238334656
Colon_clinicDB,9,phase1_hard,images/590.png,1,0.8159810900688171,0.019254297018051147,0.00796265434473753
Colon_clinicDB,9,phase1_hard,images/591.png,1,0.8095932006835938,0.09898215532302856,0.030307602137327194
Colon_clinicDB,9,phase1_hard,images/592.png,1,0.8193789720535278,0.6230605244636536,0.26275792717933655
Colon_clinicDB,9,phase1_hard,images/593.png,1,0.8183521032333374,0.9276987910270691,0.7810160517692566
Colon_clinicDB,9,phase1_hard,images/594.png,1,0.8197516798973083,0.9995042085647583,0.9985832571983337
Colon_clinicDB,9,phase1_hard,images/595.png,1,0.8101987838745117,0.9303056597709656,0.8040207624435425
Colon_clinicDB,9,phase1_hard,images/596.png,1,0.8199740648269653,0.9815284013748169,0.9418150186538696
Colon_clinicDB,9,phase1_hard,images/597.png,1,0.8176816701889038,0.9742180705070496,0.9055108428001404
Colon_clinicDB,9,phase1_hard,images/598.png,1,0.8203499913215637,0.9984696507453918,0.9912911653518677
Colon_clinicDB,9,phase1_hard,images/599.png,1,0.8209848403930664,0.9996558427810669,0.9990181922912598
Colon_clinicDB,9,phase1_hard,images/6.png,1,0.8166137933731079,0.9178394079208374,0.8702244162559509
Colon_clinicDB,9,phase1_hard,images/60.png,1,0.8251055479049683,0.5428745150566101,0.40992358326911926
Colon_clinicDB,9,phase1_hard,images/600.png,1,0.8235679864883423,0.8679727911949158,0.8095086216926575
Colon_clinicDB,9,phase1_hard,images/601.png,1,0.8226248025894165,0.9213035702705383,0.8814070820808411
Colon_clinicDB,9,phase1_hard,images/602.png,1,0.8240348696708679,0.9932780861854553,0.9883353114128113
Colon_clinicDB,9,phase1_hard,images/603.png,1,0.8179755210876465,0.9329146146774292,0.698991060256958
Colon_clinicDB,9,phase1_hard,images/604.png,1,0.8114195466041565,0.9941872358322144,0.9903680682182312
Colon_clinicDB,9,phase1_hard,images/605.png,1,0.819055438041687,0.9437270164489746,0.8791581988334656
Colon_clinicDB,9,phase1_hard,images/606.png,1,0.8184297680854797,0.8851394057273865,0.6657028198242188
Colon_clinicDB,9,phase1_hard,images/607.png,1,0.8184826374053955,0.9276118278503418,0.8790023922920227
Colon_clinicDB,9,phase1_hard,images/608.png,1,0.8105242848396301,0.15637455880641937,0.0639597475528717
Colon_clinicDB,9,phase1_hard,images/609.png,1,0.8099268674850464,0.04413353279232979,0.022369688376784325
Colon_clinicDB,9,phase1_hard,images/61.png,1,0.8215100169181824,0.46554598212242126,0.21223406493663788
Colon_clinicDB,9,phase1_hard,images/610.png,1,0.8215672969818115,0.7800129652023315,0.6321514844894409
Colon_clinicDB,9,phase1_hard,images/611.png,1,0.8167899250984192,0.10902783274650574,0.057739805430173874
Colon_clinicDB,9,phase1_hard,images/612.png,1,0.8110887408256531,0.916942298412323,0.7615881562232971
Colon_clinicDB,9,phase1_hard,images/62.png,1,0.8216770887374878,0.037082646042108536,0.012739893980324268
Colon_clinicDB,9,phase1_hard,images/63.png,1,0.8221111297607422,0.1705355942249298,0.0797337219119072
Colon_clinicDB,9,phase1_hard,images/64.png,1,0.8069939017295837,0.051792390644550323,0.018115509301424026
Colon_clinicDB,9,phase1_hard,images/65.png,1,0.8174476623535156,0.05746714770793915,0.02951367385685444
Colon_clinicDB,9,phase1_hard,images/66.png,1,0.8182561993598938,0.1354133039712906,0.04260553419589996
Colon_clinicDB,9,phase1_hard,images/67.png,1,0.8138096332550049,0.32461899518966675,0.17378811538219452
Colon_clinicDB,9,phase1_hard,images/68.png,1,0.814674437046051,0.9308276176452637,0.9063668251037598
Colon_clinicDB,9,phase1_hard,images/69.png,1,0.8137387037277222,0.8994746804237366,0.8288074135780334
Colon_clinicDB,9,phase1_hard,images/7.png,1,0.8191035389900208,0.9744040966033936,0.9241719841957092
Colon_clinicDB,9,phase1_hard,images/70.png,1,0.8220759630203247,0.9621977210044861,0.9311463236808777
Colon_clinicDB,9,phase1_hard,images/71.png,1,0.8053674101829529,0.0018530752277001739,0.0009083091281354427
Colon_clinicDB,9,phase1_hard,images/72.png,1,0.8110194802284241,0.920228123664856,0.7756853699684143
Colon_clinicDB,9,phase1_hard,images/73.png,1,0.7977036833763123,0.03305232897400856,0.01346474140882492
Colon_clinicDB,9,phase1_hard,images/74.png,1,0.8194743394851685,0.10129363089799881,0.027609869837760925
Colon_clinicDB,9,phase1_hard,images/75.png,1,0.8098103404045105,0.4756402373313904,0.19294990599155426
Colon_clinicDB,9,phase1_hard,images/76.png,1,0.8039705753326416,0.9199637174606323,0.8451109528541565
Colon_clinicDB,9,phase1_hard,images/77.png,1,0.7997673749923706,0.9813866019248962,0.9455552101135254
Colon_clinicDB,9,phase1_hard,images/78.png,1,0.8275314569473267,0.7559352517127991,0.6490572094917297
Colon_clinicDB,9,phase1_hard,images/79.png,1,0.7753112316131592,0.5387927293777466,0.17208926379680634
Colon_clinicDB,9,phase1_hard,images/8.png,1,0.7849056124687195,0.9869235157966614,0.9759781956672668
Colon_clinicDB,9,phase1_hard,images/80.png,1,0.7909405827522278,0.4580775797367096,0.18563510477542877
Colon_clinicDB,9,phase1_hard,images/81.png,1,0.8179404735565186,0.9992947578430176,0.9985356330871582
Colon_clinicDB,9,phase1_hard,images/82.png,1,0.8058644533157349,0.7791853547096252,0.5772362947463989
Colon_clinicDB,9,phase1_hard,images/83.png,1,0.8196795582771301,0.9965890645980835,0.991862416267395
Colon_clinicDB,9,phase1_hard,images/84.png,1,0.8132809400558472,0.9989381432533264,0.9948390126228333
Colon_clinicDB,9,phase1_hard,images/85.png,1,0.806194007396698,0.7853066325187683,0.45554420351982117
Colon_clinicDB,9,phase1_hard,images/86.png,1,0.8190130591392517,0.9964380264282227,0.9919747710227966
Colon_clinicDB,9,phase1_hard,images/87.png,1,0.8165735006332397,0.9957796335220337,0.9809892177581787
Colon_clinicDB,9,phase1_hard,images/88.png,1,0.8163829445838928,0.9588583707809448,0.9081491231918335
Colon_clinicDB,9,phase1_hard,images/89.png,1,0.8157925605773926,0.8790164589881897,0.7907623648643494
Colon_clinicDB,9,phase1_hard,images/9.png,1,0.8082467317581177,0.5879324078559875,0.42974889278411865
Colon_clinicDB,9,phase1_hard,images/90.png,1,0.8146137595176697,0.9681980013847351,0.9177086353302002
Colon_clinicDB,9,phase1_hard,images/91.png,1,0.8152296543121338,0.5388157367706299,0.31817489862442017
Colon_clinicDB,9,phase1_hard,images/92.png,1,0.8170072436332703,0.8444162011146545,0.6666756272315979
Colon_clinicDB,9,phase1_hard,images/93.png,1,0.8154218792915344,0.9791265726089478,0.9400906562805176
Colon_clinicDB,9,phase1_hard,images/94.png,1,0.8146716356277466,0.9774492383003235,0.9280941486358643
Colon_clinicDB,9,phase1_hard,images/95.png,1,0.8162855505943298,0.9671387076377869,0.8945257067680359
Colon_clinicDB,9,phase1_hard,images/96.png,1,0.8095040321350098,0.5571061372756958,0.3468098044395447
Colon_clinicDB,9,phase1_hard,images/97.png,1,0.8042535781860352,0.997797966003418,0.9822345972061157
Colon_clinicDB,9,phase1_hard,images/98.png,1,0.8216403126716614,0.9801554083824158,0.9171100854873657
Colon_clinicDB,9,phase1_hard,images/99.png,1,0.8246741890907288,0.9876125454902649,0.9649410843849182
Colon_colonDB,9,phase1_hard,images/1.png,1,0.7523296475410461,0.30280953645706177,0.06908178329467773
Colon_colonDB,9,phase1_hard,images/10.png,1,0.7960959076881409,0.0062560043297708035,0.0040097604505717754
Colon_colonDB,9,phase1_hard,images/100.png,1,0.8032712340354919,0.5254327058792114,0.29569295048713684
Colon_colonDB,9,phase1_hard,images/101.png,1,0.7994357943534851,0.8762183785438538,0.5808359980583191
Colon_colonDB,9,phase1_hard,images/102.png,1,0.7844933867454529,0.21810467541217804,0.12448642402887344
Colon_colonDB,9,phase1_hard,images/103.png,1,0.7910095453262329,0.5382934808731079,0.15272332727909088
Colon_colonDB,9,phase1_hard,images/104.png,1,0.8088099360466003,0.03430286794900894,0.025745781138539314
Colon_colonDB,9,phase1_hard,images/105.png,1,0.8000932931900024,0.32967472076416016,0.18131613731384277
Colon_colonDB,9,phase1_hard,images/106.png,1,0.804016649723053,0.7711876034736633,0.48266175389289856
Colon_colonDB,9,phase1_hard,images/107.png,1,0.806037425994873,0.9106996059417725,0.6673855185508728
Colon_colonDB,9,phase1_hard,images/108.png,1,0.7829614281654358,0.09745784103870392,0.05194564908742905
Colon_colonDB,9,phase1_hard,images/109.png,1,0.7923962473869324,0.41796791553497314,0.2714806795120239
Colon_colonDB,9,phase1_hard,images/11.png,1,0.8088865280151367,0.8191096782684326,0.6030430197715759
Colon_colonDB,9,phase1_hard,images/110.png,1,0.7826249599456787,0.25458016991615295,0.12764982879161835
Colon_colonDB,9,phase1_hard,images/111.png,1,0.8007580637931824,0.18977127969264984,0.09850094467401505
Colon_colonDB,9,phase1_hard,images/112.png,1,0.8023486137390137,0.005251004826277494,0.0017272591358050704
Colon_colonDB,9,phase1_hard,images/113.png,1,0.7862383127212524,0.869259774684906,0.7166547179222107
Colon_colonDB,9,phase1_hard,images/114.png,1,0.7901929616928101,0.9737558960914612,0.9465348720550537
Colon_colonDB,9,phase1_hard,images/115.png,1,0.7710184454917908,0.3010154664516449,0.059715963900089264
Colon_colonDB,9,phase1_hard,images/116.png,1,0.7425603866577148,0.768283486366272,0.2133426070213318
Colon_colonDB,9,phase1_hard,images/117.png,1,0.7938628792762756,0.36193519830703735,0.1138576865196228
Colon_colonDB,9,phase1_hard,images/118.png,1,0.7896466851234436,0.7825058102607727,0.5259138345718384
Colon_colonDB,9,phase1_hard,images/119.png,1,0.7893767952919006,0.4991834759712219,0.3033709228038788
Colon_colonDB,9,phase1_hard,images/12.png,1,0.7953727841377258,0.5534462332725525,0.3363759517669678
Colon_colonDB,9,phase1_hard,images/120.png,1,0.8128470182418823,0.8888777494430542,0.7059130668640137
Colon_colonDB,9,phase1_hard,images/121.png,1,0.7986965179443359,0.02242671698331833,0.006284414790570736
Colon_colonDB,9,phase1_hard,images/122.png,1,0.7712002992630005,0.02513105235993862,0.008293201215565205
Colon_colonDB,9,phase1_hard,images/123.png,1,0.7885864973068237,0.010503323748707771,0.003067383309826255
Colon_colonDB,9,phase1_hard,images/124.png,1,0.7736451625823975,0.5517945885658264,0.2585214674472809
Colon_colonDB,9,phase1_hard,images/125.png,1,0.8073945641517639,0.8546507358551025,0.5310179591178894
Colon_colonDB,9,phase1_hard,images/126.png,1,0.7936157584190369,0.5174603462219238,0.35279136896133423
Colon_colonDB,9,phase1_hard,images/127.png,1,0.7928915023803711,0.4097025394439697,0.24155545234680176
Colon_colonDB,9,phase1_hard,images/128.png,1,0.7989190816879272,0.023037560284137726,0.011476689018309116
Colon_colonDB,9,phase1_hard,images/129.png,1,0.800402820110321,0.048748165369033813,0.027919432148337364
Colon_colonDB,9,phase1_hard,images/13.png,1,0.7991015315055847,0.981249988079071,0.935653567314148
Colon_colonDB,9,phase1_hard,images/130.png,1,0.8013448715209961,0.3074369430541992,0.10377288609743118
Colon_colonDB,9,phase1_hard,images/131.png,1,0.7647205591201782,0.8111603856086731,0.6137542724609375
Colon_colonDB,9,phase1_hard,images/132.png,1,0.7845137119293213,0.761786699295044,0.4651390016078949
Colon_colonDB,9,phase1_hard,images/133.png,1,0.745853066444397,0.32204335927963257,0.14189279079437256
Colon_colonDB,9,phase1_hard,images/134.png,1,0.7933657169342041,0.7308945655822754,0.43007326126098633
Colon_colonDB,9,phase1_hard,images/135.png,1,0.7945942878723145,0.8846186995506287,0.7261056303977966
Colon_colonDB,9,phase1_hard,images/136.png,1,0.7844963669776917,0.3798709809780121,0.2154656946659088
Colon_colonDB,9,phase1_hard,images/137.png,1,0.8078267574310303,0.10208464413881302,0.06258278340101242
Colon_colonDB,9,phase1_hard,images/138.png,1,0.8019672632217407,0.7115182280540466,0.4806535840034485
Colon_colonDB,9,phase1_hard,images/139.png,1,0.7829614281654358,0.09745784103870392,0.05194564908742905
Colon_colonDB,9,phase1_hard,images/14.png,1,0.8058514595031738,0.8923301100730896,0.7109255194664001
Colon_colonDB,9,phase1_hard,images/140.png,1,0.7968644499778748,0.10922838002443314,0.030205469578504562
Colon_colonDB,9,phase1_hard,images/141.png,1,0.7777833938598633,0.12684562802314758,0.04513179510831833
Colon_colonDB,9,phase1_hard,images/142.png,1,0.7843777537345886,0.037206314504146576,0.012038047425448895
Colon_colonDB,9,phase1_hard,images/143.png,1,0.7911641001701355,0.28220510482788086,0.13725601136684418
Colon_colonDB,9,phase1_hard,images/144.png,1,0.7799279093742371,0.1979544758796692,0.06425316631793976
Colon_colonDB,9,phase1_hard,images/145.png,1,0.7892147898674011,0.08178605139255524,0.02264956571161747
Colon_colonDB,9,phase1_hard,images/146.png,1,0.7838749289512634,0.2986105978488922,0.1606246531009674
Colon_colonDB,9,phase1_hard,images/147.png,1,0.7855227589607239,0.5699366331100464,0.3318077623844147
Colon_colonDB,9,phase1_hard,images/148.png,1,0.7862948179244995,0.07410779595375061,0.05103034898638725
Colon_colonDB,9,phase1_hard,images/149.png,1,0.8026355504989624,0.23960202932357788,0.12629525363445282
Colon_colonDB,9,phase1_hard,images/15.png,1,0.8048379421234131,0.49571093916893005,0.18940995633602142
Colon_colonDB,9,phase1_hard,images/150.png,1,0.7862007021903992,0.17925766110420227,0.09066679328680038
Colon_colonDB,9,phase1_hard,images/151.png,1,0.7848082184791565,0.9827988743782043,0.9696092009544373
Colon_colonDB,9,phase1_hard,images/152.png,1,0.7898424863815308,0.9565876722335815,0.9057757258415222
Colon_colonDB,9,phase1_hard,images/153.png,1,0.8002830147743225,0.9827423095703125,0.9131910800933838
Colon_colonDB,9,phase1_hard,images/154.png,1,0.7984553575515747,0.9543383121490479,0.8721857666969299
Colon_colonDB,9,phase1_hard,images/155.png,1,0.7849252223968506,0.31280517578125,0.1632525473833084
Colon_colonDB,9,phase1_hard,images/156.png,1,0.7530451416969299,0.41535717248916626,0.14111803472042084
Colon_colonDB,9,phase1_hard,images/157.png,1,0.7452484965324402,0.28047657012939453,0.06529071182012558
Colon_colonDB,9,phase1_hard,images/158.png,1,0.7564142942428589,0.2644542157649994,0.07240764796733856
Colon_colonDB,9,phase1_hard,images/159.png,1,0.7666182518005371,0.42907044291496277,0.10811757296323776
Colon_colonDB,9,phase1_hard,images/16.png,1,0.8040832281112671,0.8450636267662048,0.5850606560707092
Colon_colonDB,9,phase1_hard,images/160.png,1,0.782709538936615,0.158060222864151,0.03961501643061638
Colon_colonDB,9,phase1_hard,images/161.png,1,0.8047053813934326,0.2155023217201233,0.04138219356536865
Colon_colonDB,9,phase1_hard,images/162.png,1,0.8004874587059021,0.2068910449743271,0.038544513285160065
Colon_colonDB,9,phase1_hard,images/163.png,1,0.7574098706245422,0.12885823845863342,0.04621050879359245
Colon_colonDB,9,phase1_hard,images/164.png,1,0.7623209953308105,0.2936304211616516,0.1507345288991928
Colon_colonDB,9,phase1_hard,images/165.png,1,0.75816410779953,0.10038448870182037,0.05091503635048866
Colon_colonDB,9,phase1_hard,images/166.png,1,0.7484654188156128,0.00757245160639286,0.004217319656163454
Colon_colonDB,9,phase1_hard,images/167.png,1,0.7593313455581665,0.23125165700912476,0.08921048045158386
Colon_colonDB,9,phase1_hard,images/168.png,1,0.7530683279037476,0.14654801785945892,0.04752449318766594
Colon_colonDB,9,phase1_hard,images/169.png,1,0.7453989386558533,0.022268448024988174,0.005281615536659956
Colon_colonDB,9,phase1_hard,images/17.png,1,0.8080322742462158,0.575727105140686,0.3591638505458832
Colon_colonDB,9,phase1_hard,images/170.png,1,0.7681068181991577,0.02651425264775753,0.010651634074747562
Colon_colonDB,9,phase1_hard,images/171.png,1,0.7883920669555664,0.0223083533346653,0.004959297366440296
Colon_colonDB,9,phase1_hard,images/172.png,1,0.8009107708930969,0.9789929986000061,0.8222235441207886
Colon_colonDB,9,phase1_hard,images/173.png,1,0.7518121004104614,0.017640935257077217,0.003347840392962098
Colon_colonDB,9,phase1_hard,images/174.png,1,0.7502061128616333,0.131522536277771,0.041266683489084244
Colon_colonDB,9,phase1_hard,images/175.png,1,0.7440915107727051,0.0016061618225649,0.000531650788616389
Colon_colonDB,9,phase1_hard,images/176.png,1,0.7313560843467712,0.003278878517448902,0.0010567919816821814
Colon_colonDB,9,phase1_hard,images/177.png,1,0.6687741875648499,0.0004758661088999361,0.00016752121155150235
Colon_colonDB,9,phase1_hard,images/178.png,1,0.8033348917961121,0.42689236998558044,0.14320065081119537
Colon_colonDB,9,phase1_hard,images/179.png,1,0.7700294852256775,0.1589125096797943,0.06861943751573563
Colon_colonDB,9,phase1_hard,images/18.png,1,0.8186480402946472,0.052122753113508224,0.03189130872488022
Colon_colonDB,9,phase1_hard,images/180.png,1,0.7694807052612305,0.00024142951588146389,8.027082367334515e-05
Colon_colonDB,9,phase1_hard,images/181.png,1,0.7685990333557129,0.007570079993456602,0.004089660476893187
Colon_colonDB,9,phase1_hard,images/182.png,1,0.7508424520492554,0.030179381370544434,0.01734352484345436
Colon_colonDB,9,phase1_hard,images/183.png,1,0.739844024181366,0.0216498002409935,0.006531593389809132
Colon_colonDB,9,phase1_hard,images/184.png,1,0.7218372821807861,0.007281869649887085,0.0036874916404485703
Colon_colonDB,9,phase1_hard,images/185.png,1,0.687597930431366,0.015325525775551796,0.0037676161155104637
Colon_colonDB,9,phase1_hard,images/186.png,1,0.7362874746322632,0.037833936512470245,0.006293740123510361
Colon_colonDB,9,phase1_hard,images/187.png,1,0.721629798412323,0.005702645052224398,0.001621995703317225
Colon_colonDB,9,phase1_hard,images/188.png,1,0.7517184615135193,0.004136831499636173,0.0010507855331525207
Colon_colonDB,9,phase1_hard,images/189.png,1,0.7499309778213501,0.00822173710912466,0.004299257416278124
Colon_colonDB,9,phase1_hard,images/19.png,1,0.8067765831947327,0.6863803267478943,0.4011671543121338
Colon_colonDB,9,phase1_hard,images/190.png,1,0.744311511516571,0.009057904593646526,0.00324484845623374
Colon_colonDB,9,phase1_hard,images/191.png,1,0.803043007850647,0.12734636664390564,0.06241924315690994
Colon_colonDB,9,phase1_hard,images/192.png,1,0.7671047449111938,0.08357908576726913,0.03523336723446846
Colon_colonDB,9,phase1_hard,images/193.png,1,0.7508004903793335,0.04177609458565712,0.011109921149909496
Colon_colonDB,9,phase1_hard,images/194.png,1,0.7154948711395264,7.251492206705734e-05,3.689490768010728e-05
Colon_colonDB,9,phase1_hard,images/195.png,1,0.7677811980247498,0.0534617118537426,0.01677202805876732
Colon_colonDB,9,phase1_hard,images/196.png,1,0.7872717380523682,0.4223741292953491,0.15348924696445465
Colon_colonDB,9,phase1_hard,images/197.png,1,0.7823426723480225,0.0011131364153698087,0.0003233131719753146
Colon_colonDB,9,phase1_hard,images/198.png,1,0.739844024181366,0.0216498002409935,0.006531593389809132
Colon_colonDB,9,phase1_hard,images/199.png,1,0.7285581231117249,0.03650331124663353,0.010919956490397453
Colon_colonDB,9,phase1_hard,images/2.png,1,0.7762945890426636,0.0008409289875999093,0.0002903277054429054
Colon_colonDB,9,phase1_hard,images/20.png,1,0.8053169846534729,0.6124565601348877,0.2853858768939972
Colon_colonDB,9,phase1_hard,images/200.png,1,0.7288540005683899,0.029967259615659714,0.0067673539742827415
Colon_colonDB,9,phase1_hard,images/201.png,1,0.7498542070388794,0.15590780973434448,0.02478068880736828
Colon_colonDB,9,phase1_hard,images/202.png,1,0.7496688961982727,0.003462011693045497,0.0006694876356050372
Colon_colonDB,9,phase1_hard,images/203.png,1,0.744311511516571,0.009057904593646526,0.00324484845623374
Colon_colonDB,9,phase1_hard,images/204.png,1,0.7340405583381653,0.004670686088502407,0.0013347796630114317
Colon_colonDB,9,phase1_hard,images/205.png,1,0.7788842916488647,0.04338696599006653,0.014061522670090199
Colon_colonDB,9,phase1_hard,images/206.png,1,0.8029001951217651,0.14024268090724945,0.06335116922855377
Colon_colonDB,9,phase1_hard,images/207.png,1,0.7581437826156616,0.08081652969121933,0.02797079272568226
Colon_colonDB,9,phase1_hard,images/208.png,1,0.7958234548568726,0.059049271047115326,0.019149592146277428
Colon_colonDB,9,phase1_hard,images/209.png,1,0.7988008856773376,0.25750693678855896,0.14702624082565308
Colon_colonDB,9,phase1_hard,images/21.png,1,0.8214839696884155,0.8351450562477112,0.7550680041313171
Colon_colonDB,9,phase1_hard,images/210.png,1,0.7840938568115234,0.4296729564666748,0.19351282715797424
Colon_colonDB,9,phase1_hard,images/211.png,1,0.78817218542099,0.3037184774875641,0.09209242463111877
Colon_colonDB,9,phase1_hard,images/212.png,1,0.7656007409095764,0.7466827630996704,0.5269556045532227
Colon_colonDB,9,phase1_hard,images/213.png,1,0.766729474067688,0.40830594301223755,0.24409671127796173
Colon_colonDB,9,phase1_hard,images/214.png,1,0.7610492706298828,0.12983207404613495,0.04842257499694824
Colon_colonDB,9,phase1_hard,images/215.png,1,0.7573104500770569,0.5795977711677551,0.3297816514968872
Colon_colonDB,9,phase1_hard,images/216.png,1,0.7641829252243042,0.5803460478782654,0.30111244320869446
Colon_colonDB,9,phase1_hard,images/217.png,1,0.7838948965072632,0.005334666930139065,0.0022869757376611233
Colon_colonDB,9,phase1_hard,images/218.png,1,0.794808030128479,0.0057157794944942,0.0028438852168619633
Colon_colonDB,9,phase1_hard,images/219.png,1,0.7747020125389099,0.009136941283941269,0.001412725541740656
Colon_colonDB,9,phase1_hard,images/22.png,1,0.8189356923103333,0.5804563164710999,0.3118831515312195
Colon_colonDB,9,phase1_hard,images/220.png,1,0.7549509406089783,0.02262142300605774,0.003369735088199377
Colon_colonDB,9,phase1_hard,images/221.png,1,0.7929118871688843,0.15711833536624908,0.060082439333200455
Colon_colonDB,9,phase1_hard,images/222.png,1,0.7864128947257996,0.8865483999252319,0.555930495262146
Colon_colonDB,9,phase1_hard,images/223.png,1,0.7886177897453308,0.9065539240837097,0.7708218097686768
Colon_colonDB,9,phase1_hard,images/224.png,1,0.7775713801383972,0.8421111702919006,0.3922175168991089
Colon_colonDB,9,phase1_hard,images/225.png,1,0.7748515605926514,0.47854378819465637,0.11432212591171265
Colon_colonDB,9,phase1_hard,images/226.png,1,0.7613274455070496,0.6211155652999878,0.4152742922306061
Colon_colonDB,9,phase1_hard,images/227.png,1,0.7450317144393921,0.004906723275780678,0.001055365544743836
Colon_colonDB,9,phase1_hard,images/228.png,1,0.773640513420105,0.3155485987663269,0.0966256707906723
Colon_colonDB,9,phase1_hard,images/229.png,1,0.7533317804336548,0.26577112078666687,0.08074904978275299
Colon_colonDB,9,phase1_hard,images/23.png,1,0.8174373507499695,0.30020588636398315,0.11962112784385681
Colon_colonDB,9,phase1_hard,images/230.png,1,0.7639943957328796,0.5115983486175537,0.3659835755825043
Colon_colonDB,9,phase1_hard,images/231.png,1,0.7269002795219421,0.05082162097096443,0.01480923593044281
Colon_colonDB,9,phase1_hard,images/232.png,1,0.7589040398597717,0.05769377946853638,0.024044111371040344
Colon_colonDB,9,phase1_hard,images/233.png,1,0.7520924806594849,0.3158222734928131,0.1612345278263092
Colon_colonDB,9,phase1_hard,images/234.png,1,0.7367652654647827,0.02681674063205719,0.007025541737675667
Colon_colonDB,9,phase1_hard,images/235.png,1,0.8027803897857666,0.9872578978538513,0.9602245688438416
Colon_colonDB,9,phase1_hard,images/236.png,1,0.7238579988479614,0.07619667798280716,0.034535638988018036
Colon_colonDB,9,phase1_hard,images/237.png,1,0.7443642020225525,0.015935085713863373,0.005038825329393148
Colon_colonDB,9,phase1_hard,images/238.png,1,0.7510244846343994,0.1011076420545578,0.06425542384386063
Colon_colonDB,9,phase1_hard,images/239.png,1,0.7366787195205688,0.14833877980709076,0.06799208372831345
Colon_colonDB,9,phase1_hard,images/24.png,1,0.8143975138664246,0.12900876998901367,0.04471030458807945
Colon_colonDB,9,phase1_hard,images/240.png,1,0.7221912145614624,0.42155951261520386,0.22956933081150055
Colon_colonDB,9,phase1_hard,images/241.png,1,0.7553585171699524,0.04231683909893036,0.018970992416143417
Colon_colonDB,9,phase1_hard,images/242.png,1,0.7669915556907654,0.03471778333187103,0.024366501718759537
Colon_colonDB,9,phase1_hard,images/243.png,1,0.7650171518325806,0.3295786380767822,0.12790457904338837
Colon_colonDB,9,phase1_hard,images/244.png,1,0.7480558156967163,0.11552744358778,0.023598363623023033
Colon_colonDB,9,phase1_hard,images/245.png,1,0.7669915556907654,0.03471778333187103,0.024366501718759537
Colon_colonDB,9,phase1_hard,images/246.png,1,0.7650171518325806,0.3295786380767822,0.12790457904338837
Colon_colonDB,9,phase1_hard,images/247.png,1,0.7480558156967163,0.11552744358778,0.023598363623023033
Colon_colonDB,9,phase1_hard,images/248.png,1,0.7669915556907654,0.03471778333187103,0.024366501718759537
Colon_colonDB,9,phase1_hard,images/249.png,1,0.7650171518325806,0.3295786380767822,0.12790457904338837
Colon_colonDB,9,phase1_hard,images/25.png,1,0.8130456805229187,0.6777787804603577,0.406311959028244
Colon_colonDB,9,phase1_hard,images/250.png,1,0.7480558156967163,0.11552744358778,0.023598363623023033
Colon_colonDB,9,phase1_hard,images/251.png,1,0.7669915556907654,0.03471778333187103,0.024366501718759537
Colon_colonDB,9,phase1_hard,images/252.png,1,0.7650171518325806,0.3295786380767822,0.12790457904338837
Colon_colonDB,9,phase1_hard,images/253.png,1,0.7480558156967163,0.11552744358778,0.023598363623023033
Colon_colonDB,9,phase1_hard,images/254.png,1,0.7669915556907654,0.03471778333187103,0.024366501718759537
Colon_colonDB,9,phase1_hard,images/255.png,1,0.7650171518325806,0.3295786380767822,0.12790457904338837
Colon_colonDB,9,phase1_hard,images/256.png,1,0.7480558156967163,0.11552744358778,0.023598363623023033
Colon_colonDB,9,phase1_hard,images/257.png,1,0.7669915556907654,0.03471778333187103,0.024366501718759537
Colon_colonDB,9,phase1_hard,images/258.png,1,0.7650171518325806,0.3295786380767822,0.12790457904338837
Colon_colonDB,9,phase1_hard,images/259.png,1,0.7480558156967163,0.11552744358778,0.023598363623023033
Colon_colonDB,9,phase1_hard,images/26.png,1,0.7655261754989624,0.2611605226993561,0.09326171875
Colon_colonDB,9,phase1_hard,images/260.png,1,0.7669915556907654,0.03471778333187103,0.024366501718759537
Colon_colonDB,9,phase1_hard,images/261.png,1,0.7650171518325806,0.3295786380767822,0.12790457904338837
Colon_colonDB,9,phase1_hard,images/262.png,1,0.7480558156967163,0.11552744358778,0.023598363623023033
Colon_colonDB,9,phase1_hard,images/263.png,1,0.7669915556907654,0.03471778333187103,0.024366501718759537
Colon_colonDB,9,phase1_hard,images/264.png,1,0.8060746192932129,0.7021492719650269,0.2899850904941559
Colon_colonDB,9,phase1_hard,images/265.png,1,0.811390221118927,0.014431145042181015,0.004837969783693552
Colon_colonDB,9,phase1_hard,images/266.png,1,0.820976734161377,0.016275718808174133,0.00890576746314764
Colon_colonDB,9,phase1_hard,images/267.png,1,0.802274227142334,0.09559573233127594,0.01457185111939907
Colon_colonDB,9,phase1_hard,images/268.png,1,0.7935588955879211,0.9746125340461731,0.8757277131080627
Colon_colonDB,9,phase1_hard,images/269.png,1,0.7955538630485535,0.9109495282173157,0.608285129070282
Colon_colonDB,9,phase1_hard,images/27.png,1,0.8081108331680298,0.11746566742658615,0.038877733051776886
Colon_colonDB,9,phase1_hard,images/270.png,1,0.8020066022872925,0.011167621240019798,0.003737962106242776
Colon_colonDB,9,phase1_hard,images/271.png,1,0.8060746192932129,0.7021492719650269,0.2899850904941559
Colon_colonDB,9,phase1_hard,images/272.png,1,0.811390221118927,0.014431145042181015,0.004837969783693552
Colon_colonDB,9,phase1_hard,images/273.png,1,0.8173474669456482,0.9646503329277039,0.7485101222991943
Colon_colonDB,9,phase1_hard,images/274.png,1,0.7490522861480713,0.022420508787035942,0.005005087237805128
Colon_colonDB,9,phase1_hard,images/275.png,1,0.7643874883651733,0.04409480094909668,0.01973658613860607
Colon_colonDB,9,phase1_hard,images/276.png,1,0.7667880058288574,0.5755841135978699,0.3427702486515045
Colon_colonDB,9,phase1_hard,images/277.png,1,0.7801647782325745,0.11791762709617615,0.07058007270097733
Colon_colonDB,9,phase1_hard,images/278.png,1,0.5816337466239929,0.00029099415405653417,0.00013456406304612756
Colon_colonDB,9,phase1_hard,images/279.png,1,0.7493682503700256,0.8223158121109009,0.4783966541290283
Colon_colonDB,9,phase1_hard,images/28.png,1,0.8152897953987122,0.44276222586631775,0.17769597470760345
Colon_colonDB,9,phase1_hard,images/280.png,1,0.7595345377922058,0.7129534482955933,0.45631515979766846
Colon_colonDB,9,phase1_hard,images/281.png,1,0.7835375666618347,0.27631130814552307,0.07869352400302887
Colon_colonDB,9,phase1_hard,images/282.png,1,0.7894081473350525,0.460279256105423,0.2045726776123047
Colon_colonDB,9,phase1_hard,images/283.png,1,0.7683367133140564,0.3431060016155243,0.14476390182971954
Colon_colonDB,9,phase1_hard,images/284.png,1,0.7670957446098328,0.013062311336398125,0.003159778192639351
Colon_colonDB,9,phase1_hard,images/285.png,1,0.7889848351478577,0.002781315241008997,0.00036438630195334554
Colon_colonDB,9,phase1_hard,images/286.png,1,0.785280168056488,0.9386546015739441,0.6573941707611084
Colon_colonDB,9,phase1_hard,images/287.png,1,0.7491246461868286,0.6278048753738403,0.23193086683750153
Colon_colonDB,9,phase1_hard,images/288.png,1,0.775780975818634,0.043371427804231644,0.01430697925388813
Colon_colonDB,9,phase1_hard,images/289.png,1,0.7667880058288574,0.5755841135978699,0.3427702486515045
Colon_colonDB,9,phase1_hard,images/29.png,1,0.8062951564788818,0.036856263875961304,0.014006484299898148
Colon_colonDB,9,phase1_hard,images/290.png,1,0.7802218794822693,0.34200364351272583,0.17142832279205322
Colon_colonDB,9,phase1_hard,images/291.png,1,0.785598635673523,0.08554135262966156,0.04596835374832153
Colon_colonDB,9,phase1_hard,images/292.png,1,0.7912188172340393,0.0025175162591040134,0.0006088748923502862
Colon_colonDB,9,phase1_hard,images/293.png,1,0.7844916582107544,0.02341562882065773,0.005913705565035343
Colon_colonDB,9,phase1_hard,images/294.png,1,0.7490522861480713,0.022420508787035942,0.005005087237805128
Colon_colonDB,9,phase1_hard,images/295.png,1,0.7643874883651733,0.04409480094909668,0.01973658613860607
Colon_colonDB,9,phase1_hard,images/296.png,1,0.7667880058288574,0.5755841135978699,0.3427702486515045
Colon_colonDB,9,phase1_hard,images/297.png,1,0.7801647782325745,0.11791762709617615,0.07058007270097733
Colon_colonDB,9,phase1_hard,images/298.png,1,0.5816337466239929,0.00029099415405653417,0.00013456406304612756
Colon_colonDB,9,phase1_hard,images/299.png,1,0.7493682503700256,0.8223158121109009,0.4783966541290283
Colon_colonDB,9,phase1_hard,images/3.png,1,0.5994976162910461,0.0011721535120159388,0.0005595107795670629
Colon_colonDB,9,phase1_hard,images/30.png,1,0.7931021451950073,0.2521718144416809,0.14485955238342285
Colon_colonDB,9,phase1_hard,images/300.png,1,0.7595345377922058,0.7129534482955933,0.45631515979766846
Colon_colonDB,9,phase1_hard,images/301.png,1,0.7904877066612244,0.001071383710950613,0.0006994730210863054
Colon_colonDB,9,phase1_hard,images/302.png,1,0.814843475818634,0.18046219646930695,0.10948392748832703
Colon_colonDB,9,phase1_hard,images/303.png,1,0.809890866279602,0.06285501271486282,0.020141148939728737
Colon_colonDB,9,phase1_hard,images/304.png,1,0.8106927871704102,0.025867532938718796,0.006347278133034706
Colon_colonDB,9,phase1_hard,images/305.png,1,0.8050994277000427,0.03518248349428177,0.0124116325750947
Colon_colonDB,9,phase1_hard,images/306.png,1,0.8011194467544556,0.05968397855758667,0.029006509110331535
Colon_colonDB,9,phase1_hard,images/307.png,1,0.8098098635673523,0.6990348100662231,0.4729708135128021
Colon_colonDB,9,phase1_hard,images/308.png,1,0.7995686531066895,0.1621612161397934,0.0632803812623024
Colon_colonDB,9,phase1_hard,images/309.png,1,0.795171856880188,0.00355716235935688,0.0009269942529499531
Colon_colonDB,9,phase1_hard,images/31.png,1,0.8105077147483826,0.6942447423934937,0.4712629020214081
Colon_colonDB,9,phase1_hard,images/310.png,1,0.7999817728996277,0.141195610165596,0.08852140605449677
Colon_colonDB,9,phase1_hard,images/311.png,1,0.7819225192070007,0.13100799918174744,0.034887731075286865
Colon_colonDB,9,phase1_hard,images/312.png,1,0.8097231388092041,0.6551303267478943,0.3502902388572693
Colon_colonDB,9,phase1_hard,images/313.png,1,0.7908756732940674,0.039254575967788696,0.014985095709562302
Colon_colonDB,9,phase1_hard,images/314.png,1,0.7848880290985107,0.0006908196373842657,0.00018264120444655418
Colon_colonDB,9,phase1_hard,images/315.png,1,0.7757643461227417,0.01493526715785265,0.008528606966137886
Colon_colonDB,9,phase1_hard,images/316.png,1,0.7872958183288574,0.0025752102956175804,0.0012627022806555033
Colon_colonDB,9,phase1_hard,images/317.png,1,0.8060391545295715,0.07859630882740021,0.0350240021944046
Colon_colonDB,9,phase1_hard,images/318.png,1,0.7893748879432678,0.05297459661960602,0.01754792593419552
Colon_colonDB,9,phase1_hard,images/319.png,1,0.7948893308639526,0.00017491869220975786,4.932971569360234e-05
Colon_colonDB,9,phase1_hard,images/32.png,1,0.7626954317092896,0.23513464629650116,0.08687295764684677
Colon_colonDB,9,phase1_hard,images/320.png,1,0.8011645078659058,0.010002337396144867,0.0024671449791640043
Colon_colonDB,9,phase1_hard,images/321.png,1,0.8101760149002075,0.6525877118110657,0.5497655868530273
Colon_colonDB,9,phase1_hard,images/322.png,1,0.819094717502594,0.04354637861251831,0.025316627696156502
Colon_colonDB,9,phase1_hard,images/323.png,1,0.819346010684967,0.26643258333206177,0.16443975269794464
Colon_colonDB,9,phase1_hard,images/324.png,1,0.8104645013809204,0.2964208126068115,0.22728219628334045
Colon_colonDB,9,phase1_hard,images/325.png,1,0.6661500930786133,9.24992491491139e-05,3.922462201444432e-05
Colon_colonDB,9,phase1_hard,images/326.png,1,0.8173081278800964,0.9473043084144592,0.8825039863586426
Colon_colonDB,9,phase1_hard,images/327.png,1,0.7734638452529907,4.518881542026065e-05,1.089944544219179e-05
Colon_colonDB,9,phase1_hard,images/328.png,1,0.8154157996177673,0.011703870259225368,0.001255058916285634
Colon_colonDB,9,phase1_hard,images/329.png,1,0.8117019534111023,0.0017812516307458282,0.0006728582666255534
Colon_colonDB,9,phase1_hard,images/33.png,1,0.8157621026039124,0.12430363148450851,0.07054243981838226
Colon_colonDB,9,phase1_hard,images/330.png,1,0.8148137927055359,0.7665843367576599,0.4672517776489258
Colon_colonDB,9,phase1_hard,images/331.png,1,0.8055769205093384,0.28221020102500916,0.13876311480998993
Colon_colonDB,9,phase1_hard,images/332.png,1,0.8204586505889893,0.1712903082370758,0.052798621356487274
Colon_colonDB,9,phase1_hard,images/333.png,1,0.8164527416229248,0.7663828730583191,0.3278060555458069
Colon_colonDB,9,phase1_hard,images/334.png,1,0.8223610520362854,0.7385389804840088,0.40213194489479065
Colon_colonDB,9,phase1_hard,images/335.png,1,0.823806643486023,0.0661272332072258,0.032981328666210175
Colon_colonDB,9,phase1_hard,images/336.png,1,0.8245680928230286,0.5920985341072083,0.46390312910079956
Colon_colonDB,9,phase1_hard,images/337.png,1,0.8201229572296143,0.3098004460334778,0.1322435438632965
Colon_colonDB,9,phase1_hard,images/338.png,1,0.8237588405609131,0.11598115414381027,0.08209278434515
Colon_colonDB,9,phase1_hard,images/339.png,1,0.8224760890007019,0.2935202717781067,0.19692334532737732
Colon_colonDB,9,phase1_hard,images/34.png,1,0.8177730441093445,0.6325734257698059,0.3777288794517517
Colon_colonDB,9,phase1_hard,images/340.png,1,0.8090267181396484,0.802880048751831,0.5688068270683289
Colon_colonDB,9,phase1_hard,images/341.png,1,0.7558749318122864,0.0006010087090544403,0.0002478963288012892
Colon_colonDB,9,phase1_hard,images/342.png,1,0.8052073121070862,0.27522796392440796,0.07539471983909607
Colon_colonDB,9,phase1_hard,images/343.png,1,0.7930983304977417,0.7514985203742981,0.5793178677558899
Colon_colonDB,9,phase1_hard,images/344.png,1,0.7672425508499146,0.0011080127442255616,0.0006176026072353125
Colon_colonDB,9,phase1_hard,images/345.png,1,0.603993833065033,0.0003773003991227597,0.0002207710494985804
Colon_colonDB,9,phase1_hard,images/346.png,1,0.7959303259849548,0.018383875489234924,0.011733390390872955
Colon_colonDB,9,phase1_hard,images/347.png,1,0.8071975111961365,0.2666669487953186,0.1178283840417862
Colon_colonDB,9,phase1_hard,images/348.png,1,0.8143695592880249,0.06516942381858826,0.0323147252202034
Colon_colonDB,9,phase1_hard,images/349.png,1,0.6160803437232971,0.002610227093100548,0.001541554112918675
Colon_colonDB,9,phase1_hard,images/35.png,1,0.7981126308441162,0.15328751504421234,0.05661888048052788
Colon_colonDB,9,phase1_hard,images/350.png,1,0.7673115730285645,0.9228779673576355,0.568445086479187
Colon_colonDB,9,phase1_hard,images/351.png,1,0.8001670241355896,0.0008138988632708788,0.00024115106498356909
Colon_colonDB,9,phase1_hard,images/352.png,1,0.76189124584198,0.0008570410427637398,0.00022860930766910315
Colon_colonDB,9,phase1_hard,images/353.png,1,0.7747625708580017,2.1342306354199536e-05,5.759954547102097e-06
Colon_colonDB,9,phase1_hard,images/354.png,1,0.791293740272522,0.0004717617994174361,0.0002615467819850892
Colon_colonDB,9,phase1_hard,images/355.png,1,0.810614287853241,0.6831464171409607,0.46314987540245056
Colon_colonDB,9,phase1_hard,images/356.png,1,0.770343005657196,0.005671954248100519,0.0020289274398237467
Colon_colonDB,9,phase1_hard,images/357.png,1,0.7962833046913147,0.1107402816414833,0.04174255207180977
Colon_colonDB,9,phase1_hard,images/358.png,1,0.8025279641151428,0.7660506963729858,0.6001340746879578
Colon_colonDB,9,phase1_hard,images/359.png,1,0.8059947490692139,0.08366815745830536,0.04759636148810387
Colon_colonDB,9,phase1_hard,images/36.png,1,0.8120204210281372,0.9320479035377502,0.8116740584373474
Colon_colonDB,9,phase1_hard,images/360.png,1,0.7671643495559692,8.867665019351989e-05,3.21850529871881e-05
Colon_colonDB,9,phase1_hard,images/361.png,1,0.7709641456604004,0.2821318805217743,0.07818463444709778
Colon_colonDB,9,phase1_hard,images/362.png,1,0.7939951419830322,0.19076068699359894,0.07007917016744614
Colon_colonDB,9,phase1_hard,images/363.png,1,0.7751356363296509,0.005958416033536196,0.003157595871016383
Colon_colonDB,9,phase1_hard,images/364.png,1,0.7810587286949158,0.013878466561436653,0.0034059497993439436
Colon_colonDB,9,phase1_hard,images/365.png,1,0.784159779548645,0.01027322094887495,0.0038109109736979008
Colon_colonDB,9,phase1_hard,images/366.png,1,0.7860687971115112,0.0314154215157032,0.011765541508793831
Colon_colonDB,9,phase1_hard,images/367.png,1,0.7897745966911316,0.06347814202308655,0.012657557614147663
Colon_colonDB,9,phase1_hard,images/368.png,1,0.7735122442245483,0.009210075251758099,0.004624066408723593
Colon_colonDB,9,phase1_hard,images/369.png,1,0.7685253620147705,0.7026371359825134,0.35893017053604126
Colon_colonDB,9,phase1_hard,images/37.png,1,0.8165419101715088,0.0030783771071583033,0.0013854610733687878
Colon_colonDB,9,phase1_hard,images/370.png,1,0.7537349462509155,0.07745638489723206,0.024050256237387657
Colon_colonDB,9,phase1_hard,images/371.png,1,0.7772156596183777,0.09473051875829697,0.03723471984267235
Colon_colonDB,9,phase1_hard,images/372.png,1,0.7711365222930908,0.09866516292095184,0.03316211327910423
Colon_colonDB,9,phase1_hard,images/373.png,1,0.7647881507873535,0.0010151134338229895,0.0004460756608750671
Colon_colonDB,9,phase1_hard,images/374.png,1,0.7407074570655823,0.00011467075819382444,5.31331061210949e-05
Colon_colonDB,9,phase1_hard,images/375.png,1,0.6637901067733765,5.7910350733436644e-05,2.5703600840643048e-05
Colon_colonDB,9,phase1_hard,images/376.png,1,0.7226619720458984,0.00047832238487899303,0.00019254314247518778
Colon_colonDB,9,phase1_hard,images/377.png,1,0.7092979550361633,0.0009696882334537804,0.00020657559798564762
Colon_colonDB,9,phase1_hard,images/378.png,1,0.7399164438247681,0.007111886981874704,0.0010328388307243586
Colon_colonDB,9,phase1_hard,images/379.png,1,0.7414822578430176,0.0006019529537297785,0.00011654584523057565
Colon_colonDB,9,phase1_hard,images/38.png,1,0.8053687214851379,0.34405556321144104,0.1277451366186142
Colon_colonDB,9,phase1_hard,images/380.png,1,0.7773959040641785,0.5551066398620605,0.31926968693733215
Colon_colonDB,9,phase1_hard,images/39.png,1,0.7976610660552979,0.7047860026359558,0.3205964267253876
Colon_colonDB,9,phase1_hard,images/4.png,1,0.7931324243545532,0.0017093103379011154,0.0007228003814816475
Colon_colonDB,9,phase1_hard,images/40.png,1,0.7979127764701843,0.9330971837043762,0.6739463806152344
Colon_colonDB,9,phase1_hard,images/41.png,1,0.7873051166534424,0.9603632688522339,0.870367169380188
Colon_colonDB,9,phase1_hard,images/42.png,1,0.7939534187316895,0.7598742842674255,0.42313137650489807
Colon_colonDB,9,phase1_hard,images/43.png,1,0.7974686026573181,0.917694628238678,0.7351754903793335
Colon_colonDB,9,phase1_hard,images/44.png,1,0.8111693263053894,0.9540197849273682,0.8075079321861267
Colon_colonDB,9,phase1_hard,images/45.png,1,0.8109779357910156,0.9332571625709534,0.8167247176170349
Colon_colonDB,9,phase1_hard,images/46.png,1,0.8010455965995789,0.969575047492981,0.746831476688385
Colon_colonDB,9,phase1_hard,images/47.png,1,0.8044795393943787,0.9826875329017639,0.9136499166488647
Colon_colonDB,9,phase1_hard,images/48.png,1,0.7790272235870361,0.8155463933944702,0.5886204242706299
Colon_colonDB,9,phase1_hard,images/49.png,1,0.8008305430412292,0.7750704288482666,0.43882012367248535
Colon_colonDB,9,phase1_hard,images/5.png,1,0.7953425049781799,0.9402319192886353,0.8264357447624207
Colon_colonDB,9,phase1_hard,images/50.png,1,0.791333794593811,0.5408061742782593,0.28124165534973145
Colon_colonDB,9,phase1_hard,images/51.png,1,0.8051443099975586,0.7957546710968018,0.5149766802787781
Colon_colonDB,9,phase1_hard,images/52.png,1,0.808503270149231,0.9846231341362,0.911912202835083
Colon_colonDB,9,phase1_hard,images/53.png,1,0.7969012260437012,0.965913712978363,0.7978081107139587
Colon_colonDB,9,phase1_hard,images/54.png,1,0.8003420829772949,0.9843508005142212,0.9206684827804565
Colon_colonDB,9,phase1_hard,images/55.png,1,0.8110440969467163,0.942925214767456,0.8004907965660095
Colon_colonDB,9,phase1_hard,images/56.png,1,0.8055558800697327,0.8465172052383423,0.7118775248527527
Colon_colonDB,9,phase1_hard,images/57.png,1,0.8115710020065308,0.9915465712547302,0.9510518312454224
Colon_colonDB,9,phase1_hard,images/58.png,1,0.8050625920295715,0.4366828203201294,0.24770988523960114
Colon_colonDB,9,phase1_hard,images/59.png,1,0.803255558013916,0.9511517882347107,0.7825560569763184
Colon_colonDB,9,phase1_hard,images/6.png,1,0.7883864045143127,0.7424009442329407,0.4041213095188141
Colon_colonDB,9,phase1_hard,images/60.png,1,0.783653974533081,0.9223024249076843,0.7169182896614075
Colon_colonDB,9,phase1_hard,images/61.png,1,0.7956638336181641,0.4903586804866791,0.16966329514980316
Colon_colonDB,9,phase1_hard,images/62.png,1,0.8038129210472107,0.807166576385498,0.5954188108444214
Colon_colonDB,9,phase1_hard,images/63.png,1,0.8077539801597595,0.8433183431625366,0.7165495753288269
Colon_colonDB,9,phase1_hard,images/64.png,1,0.8005154132843018,0.007414775434881449,0.002702502068132162
Colon_colonDB,9,phase1_hard,images/65.png,1,0.7948586344718933,0.5752208232879639,0.3746585547924042
Colon_colonDB,9,phase1_hard,images/66.png,1,0.7944377660751343,0.31127598881721497,0.1864778846502304
Colon_colonDB,9,phase1_hard,images/67.png,1,0.7943101525306702,0.4642721116542816,0.14402057230472565
Colon_colonDB,9,phase1_hard,images/68.png,1,0.7907716631889343,0.44305241107940674,0.1006041094660759
Colon_colonDB,9,phase1_hard,images/69.png,1,0.793262243270874,0.9689792990684509,0.6264210343360901
Colon_colonDB,9,phase1_hard,images/7.png,1,0.7768985033035278,0.6623042821884155,0.4251992702484131
Colon_colonDB,9,phase1_hard,images/70.png,1,0.7846547961235046,0.7148417830467224,0.2238553911447525
Colon_colonDB,9,phase1_hard,images/71.png,1,0.7917013764381409,0.7683667540550232,0.23091042041778564
Colon_colonDB,9,phase1_hard,images/72.png,1,0.7949507236480713,0.9444652199745178,0.7732299566268921
Colon_colonDB,9,phase1_hard,images/73.png,1,0.7999202013015747,0.9237911105155945,0.7846910953521729
Colon_colonDB,9,phase1_hard,images/74.png,1,0.7931022047996521,0.8772125244140625,0.3796619176864624
Colon_colonDB,9,phase1_hard,images/75.png,1,0.7950414419174194,0.0002234632265754044,0.0001259838172700256
Colon_colonDB,9,phase1_hard,images/76.png,1,0.7922683954238892,0.21125610172748566,0.11108589917421341
Colon_colonDB,9,phase1_hard,images/77.png,1,0.7586864829063416,0.1665443629026413,0.03349980339407921
Colon_colonDB,9,phase1_hard,images/78.png,1,0.7837114930152893,0.18377920985221863,0.03849472850561142
Colon_colonDB,9,phase1_hard,images/79.png,1,0.7700385451316833,0.04402042552828789,0.007087257690727711
Colon_colonDB,9,phase1_hard,images/8.png,1,0.7701794505119324,0.551985502243042,0.3016890287399292
Colon_colonDB,9,phase1_hard,images/80.png,1,0.7613947987556458,0.03489108383655548,0.004830456338822842
Colon_colonDB,9,phase1_hard,images/81.png,1,0.7425687909126282,0.003012114204466343,0.0007173235062509775
Colon_colonDB,9,phase1_hard,images/82.png,1,0.7475278377532959,0.01193989533931017,0.0018882527947425842
Colon_colonDB,9,phase1_hard,images/83.png,1,0.7491927742958069,0.006268794648349285,0.001145728281699121
Colon_colonDB,9,phase1_hard,images/84.png,1,0.7467800378799438,0.04339634254574776,0.007979638874530792
Colon_colonDB,9,phase1_hard,images/85.png,1,0.7574295401573181,0.009741466492414474,0.0013322446029633284
Colon_colonDB,9,phase1_hard,images/86.png,1,0.7337045073509216,0.001547906780615449,0.0002804014948196709
Colon_colonDB,9,phase1_hard,images/87.png,1,0.7337151765823364,0.009874502196907997,0.0013207332231104374
Colon_colonDB,9,phase1_hard,images/88.png,1,0.7382489442825317,0.0002685166255105287,5.000005694455467e-05
Colon_colonDB,9,phase1_hard,images/89.png,1,0.7568219304084778,0.0008932455675676465,0.00022203089611139148
Colon_colonDB,9,phase1_hard,images/9.png,1,0.7794545292854309,0.08460716903209686,0.03853921592235565
Colon_colonDB,9,phase1_hard,images/90.png,1,0.7662354707717896,0.000490398146212101,0.0001231351780006662
Colon_colonDB,9,phase1_hard,images/91.png,1,0.7525897026062012,5.3057367040310055e-05,1.1484591595944948e-05
Colon_colonDB,9,phase1_hard,images/92.png,1,0.7395713329315186,9.388446778757498e-05,3.08649759972468e-05
Colon_colonDB,9,phase1_hard,images/93.png,1,0.7982587218284607,0.02227121591567993,0.003146951785311103
Colon_colonDB,9,phase1_hard,images/94.png,1,0.7511396408081055,0.014898473396897316,0.0024380842223763466
Colon_colonDB,9,phase1_hard,images/95.png,1,0.8007685542106628,0.051001228392124176,0.012628746218979359
Colon_colonDB,9,phase1_hard,images/96.png,1,0.7866290211677551,0.037084225565195084,0.008500895462930202
Colon_colonDB,9,phase1_hard,images/97.png,1,0.7764912843704224,0.07236337661743164,0.012728998437523842
Colon_colonDB,9,phase1_hard,images/98.png,1,0.7855226993560791,0.5699427127838135,0.3318127989768982
Colon_colonDB,9,phase1_hard,images/99.png,1,0.7862948179244995,0.07410747557878494,0.05102977529168129
Colon_Kvasir,9,phase1_hard,images/cju0qkwl35piu0993l0dewei2.png,1,0.8174892663955688,0.9939649701118469,0.9772194027900696
Colon_Kvasir,9,phase1_hard,images/cju0qoxqj9q6s0835b43399p4.png,1,0.79341059923172,0.49817508459091187,0.1327534168958664
Colon_Kvasir,9,phase1_hard,images/cju0qx73cjw570799j4n5cjze.png,1,0.8167892098426819,0.9442851543426514,0.8194853663444519
Colon_Kvasir,9,phase1_hard,images/cju0roawvklrq0799vmjorwfv.png,1,0.8125243782997131,0.9502671957015991,0.9015791416168213
Colon_Kvasir,9,phase1_hard,images/cju0rx1idathl0835detmsp84.png,1,0.8201730847358704,0.879966139793396,0.8300626873970032
Colon_Kvasir,9,phase1_hard,images/cju0s2a9ekvms080138tjjpxr.png,1,0.8010106682777405,0.07673943042755127,0.04861846938729286
Colon_Kvasir,9,phase1_hard,images/cju0s690hkp960855tjuaqvv0.png,1,0.816490113735199,0.9012588262557983,0.732495903968811
Colon_Kvasir,9,phase1_hard,images/cju0sr5ghl0nd08789uzf1raf.png,1,0.82305908203125,0.6670776009559631,0.47316792607307434
Colon_Kvasir,9,phase1_hard,images/cju0sxqiclckk08551ycbwhno.png,1,0.8205323815345764,0.991504967212677,0.982403576374054
Colon_Kvasir,9,phase1_hard,images/cju0t4oil7vzk099370nun5h9.png,1,0.8014169931411743,0.09572218358516693,0.02917216718196869
Colon_Kvasir,9,phase1_hard,images/cju0tl3uz8blh0993wxvn7ly3.png,1,0.8131939768791199,0.9958876967430115,0.9903263449668884
Colon_Kvasir,9,phase1_hard,images/cju0u2g7pmnux0801vkk47ivj.png,1,0.8171283006668091,0.983110785484314,0.9650128483772278
Colon_Kvasir,9,phase1_hard,images/cju0u82z3cuma0835wlxrnrjv.png,1,0.8199338316917419,0.9546542763710022,0.9207642674446106
Colon_Kvasir,9,phase1_hard,images/cju0ue769mxii08019zqgdbxn.png,1,0.7873215675354004,0.9910842180252075,0.9724935293197632
Colon_Kvasir,9,phase1_hard,images/cju0vtox5ain6099360pu62rp.png,1,0.8109323978424072,0.14907802641391754,0.083821602165699
Colon_Kvasir,9,phase1_hard,images/cju13cgqmnhwn0988yrainhcp.png,1,0.8152012228965759,0.8932352662086487,0.7604740858078003
Colon_Kvasir,9,phase1_hard,images/cju13fwthn9mq0835gacxgy01.png,1,0.8194847106933594,0.9900732040405273,0.9766227006912231
Colon_Kvasir,9,phase1_hard,images/cju13hp5rnbjx0835bf0jowgx.png,1,0.8149027228355408,0.5591553449630737,0.26020073890686035
Colon_Kvasir,9,phase1_hard,images/cju14g8o4xui30878gkgbrvqj.png,1,0.8127554059028625,0.177538201212883,0.060224104672670364
Colon_Kvasir,9,phase1_hard,images/cju14hjh2ob2o0835ouz3r5aa.png,1,0.8175666928291321,0.9795229434967041,0.9469652771949768
Colon_Kvasir,9,phase1_hard,images/cju14pxbaoksp0835qzorx6g6.png,1,0.8112834095954895,0.7848800420761108,0.678486704826355
Colon_Kvasir,9,phase1_hard,images/cju15czxqp3lv0835jvhgzurz.png,1,0.8107513189315796,0.9889640808105469,0.9791048765182495
Colon_Kvasir,9,phase1_hard,images/cju15jr8jz8sb0855ukmkswkz.png,1,0.8187819123268127,0.9891947507858276,0.979823112487793
Colon_Kvasir,9,phase1_hard,images/cju15l5ubz9yh0855b3ivdpse.png,1,0.8124159574508667,0.003702975809574127,0.0012513010296970606
Colon_Kvasir,9,phase1_hard,images/cju15mhjczc8z0801kit5c6di.png,1,0.8143520355224609,0.18196551501750946,0.10947337746620178
Colon_Kvasir,9,phase1_hard,images/cju15ptjtppz40988odsm9azx.png,1,0.8161808252334595,0.6423153877258301,0.5139619708061218
Colon_Kvasir,9,phase1_hard,images/cju15wdt3zla10801odjiw7sy.png,1,0.8085867166519165,0.026988836005330086,0.015715058892965317
Colon_Kvasir,9,phase1_hard,images/cju160wshltz10993i1gmqxbe.png,1,0.7703961730003357,0.006596236024051905,0.0014071512268856168
Colon_Kvasir,9,phase1_hard,images/cju16ach3m1da0993r1dq3sn2.png,1,0.8130764365196228,0.9978029131889343,0.9972274303436279
Colon_Kvasir,9,phase1_hard,images/cju16b6ynq8e40988m8vx0xnj.png,1,0.787684977054596,0.6365987658500671,0.24536524713039398
Colon_Kvasir,9,phase1_hard,images/cju16d65tzw9d0799ouslsw25.png,1,0.7880043983459473,0.6427568197250366,0.31849604845046997
Colon_Kvasir,9,phase1_hard,images/cju16fpvhzypl0799p9phnlx6.png,1,0.8144481182098389,0.9788265228271484,0.942430317401886
Colon_Kvasir,9,phase1_hard,images/cju16jgnyzp970878melv7r25.png,1,0.8103309273719788,0.7937802672386169,0.3090022802352905
Colon_Kvasir,9,phase1_hard,images/cju16whaj0e7n0855q7b6cjkm.png,1,0.8015961050987244,0.08585670590400696,0.030493183061480522
Colon_Kvasir,9,phase1_hard,images/cju171py4qiha0835u8sl59ds.png,1,0.8066807985305786,0.984234631061554,0.958413302898407
Colon_Kvasir,9,phase1_hard,images/cju175facms5f0993a5tjikvt.png,1,0.8222519755363464,0.999466598033905,0.9981589317321777
Colon_Kvasir,9,phase1_hard,images/cju17bz250pgd0799u1hqkj5u.png,1,0.8135767579078674,0.09033086150884628,0.04416291415691376
Colon_Kvasir,9,phase1_hard,images/cju17g6ykn1cs0993dww6qdi8.png,1,0.8211622834205627,0.9970964193344116,0.995348334312439
Colon_Kvasir,9,phase1_hard,images/cju17hw9hr9c5098800fu4u8e.png,1,0.8117696046829224,7.121050293790177e-05,3.864387690555304e-05
Colon_Kvasir,9,phase1_hard,images/cju17otoe119u0799nqcbl8n1.png,1,0.8121799826622009,0.998354434967041,0.9955874681472778
Colon_Kvasir,9,phase1_hard,images/cju17r8il13910799dr2wme2e.png,1,0.8121300339698792,0.671565055847168,0.43059074878692627
Colon_Kvasir,9,phase1_hard,images/cju17v6ih0u7808783zcbg1jy.png,1,0.8206762671470642,0.9932783246040344,0.9791418313980103
Colon_Kvasir,9,phase1_hard,images/cju17x0j4nfc10993y31pvlgs.png,1,0.8113626837730408,0.9329642653465271,0.8571746349334717
Colon_Kvasir,9,phase1_hard,images/cju17z0qongpa0993de4boim4.png,1,0.8021367192268372,0.9946393370628357,0.9876523613929749
Colon_Kvasir,9,phase1_hard,images/cju1819curo000988pd5xcqme.png,1,0.8186360597610474,0.9971932768821716,0.9955824613571167
Colon_Kvasir,9,phase1_hard,images/cju183od81ff608017ekzif89.png,1,0.8113565444946289,0.7696868181228638,0.6770830154418945
Colon_Kvasir,9,phase1_hard,images/cju1871y11d6r0799k6cw4yze.png,1,0.7975956201553345,0.37572523951530457,0.29532739520072937
Colon_Kvasir,9,phase1_hard,images/cju18849rrsgr0988p90hkygb.png,1,0.8062544465065002,0.2626561224460602,0.12785311043262482
Colon_Kvasir,9,phase1_hard,images/cju18gzrq18zw0878wbf4ftw6.png,1,0.796085000038147,0.005265385378152132,0.00215850118547678
Colon_Kvasir,9,phase1_hard,images/cju18ibp219ub08783i6o98g7.png,1,0.7842982411384583,0.9220575094223022,0.570003092288971
Colon_Kvasir,9,phase1_hard,images/cju18kevfrojc0835bn90f1in.png,1,0.8047575950622559,0.2673926055431366,0.1500706523656845
Colon_Kvasir,9,phase1_hard,images/cju1alwgo30z60855fm3y23sm.png,1,0.8232244849205017,0.982109785079956,0.9724667072296143
Colon_Kvasir,9,phase1_hard,images/cju1amqw6p8pw0993d9gc5crl.png,1,0.7858384847640991,0.2035190910100937,0.062436316162347794
Colon_Kvasir,9,phase1_hard,images/cju1aqqv02qwz0878a5cyhr67.png,1,0.8027113080024719,0.9860042929649353,0.9250333905220032
Colon_Kvasir,9,phase1_hard,images/cju1ats0y372e08011yazcsxm.png,1,0.817537248134613,0.056385427713394165,0.030399560928344727
Colon_Kvasir,9,phase1_hard,images/cju1b0y2e396p08558ois175d.png,1,0.783280611038208,0.6132029891014099,0.36793673038482666
Colon_Kvasir,9,phase1_hard,images/cju1b3zgj3d8e0801kpolea6c.png,1,0.8063254356384277,0.33831244707107544,0.22362381219863892
Colon_Kvasir,9,phase1_hard,images/cju1b75x63ddl0799sdp0i2j3.png,1,0.8014820218086243,0.3519982099533081,0.2343071848154068
Colon_Kvasir,9,phase1_hard,images/cju1bhnfitmge0835ynls0l6b.png,1,0.784419596195221,0.20665843784809113,0.06408532708883286
Colon_Kvasir,9,phase1_hard,images/cju1bm8063nmh07996rsjjemq.png,1,0.8204781413078308,0.9926332831382751,0.9466214179992676
Colon_Kvasir,9,phase1_hard,images/cju1brhsj3rls0855a1vgdlen.png,1,0.804790198802948,0.6740224361419678,0.2241913229227066
Colon_Kvasir,9,phase1_hard,images/cju1c0qb4tzi308355wtsnp0y.png,1,0.8172363042831421,0.13052313029766083,0.031255144625902176
Colon_Kvasir,9,phase1_hard,images/cju1c3218411b08014g9f6gig.png,1,0.8159229159355164,0.9865694642066956,0.9640478491783142
Colon_Kvasir,9,phase1_hard,images/cju1c4fcu40hl07992b8gj0c8.png,1,0.8190789818763733,0.9715592861175537,0.9482843279838562
Colon_Kvasir,9,phase1_hard,images/cju1c6yfz42md08550zgoz3pw.png,1,0.8205356001853943,0.9458332061767578,0.7960955500602722
Colon_Kvasir,9,phase1_hard,images/cju1c8ffau5770835g0g343o8.png,1,0.8055387735366821,0.9821349382400513,0.9479931592941284
Colon_Kvasir,9,phase1_hard,images/cju1cbokpuiw70988j4lq1fpi.png,1,0.817381739616394,0.9919191002845764,0.9876675605773926
Colon_Kvasir,9,phase1_hard,images/cju1cdxvz48hw0801i0fjwcnk.png,1,0.8159232139587402,0.11028805375099182,0.05517594516277313
Colon_Kvasir,9,phase1_hard,images/cju1cfhyg48bb0799cl5pr2jh.png,1,0.7949418425559998,0.9754811525344849,0.9307765960693359
Colon_Kvasir,9,phase1_hard,images/cju1cj3f0qi5n0993ut8f49rj.png,1,0.7973769307136536,0.9532285928726196,0.9194060564041138
Colon_Kvasir,9,phase1_hard,images/cju1cnnziug1l0835yh4ropyg.png,1,0.8145200610160828,0.8727492094039917,0.818141520023346
Colon_Kvasir,9,phase1_hard,images/cju1cqc7n4gpy0855jt246k68.png,1,0.7959831953048706,0.06618592143058777,0.03407434746623039
Colon_Kvasir,9,phase1_hard,images/cju1csmlc4ht10799b8ymmghg.png,1,0.7894367575645447,0.9377789497375488,0.840656042098999
Colon_Kvasir,9,phase1_hard,images/cju1cu1u2474n0878tt7v4tdr.png,1,0.7719835638999939,0.11118980497121811,0.038070183247327805
Colon_Kvasir,9,phase1_hard,images/cju1cvkfwqrec0993wbp1jlzm.png,1,0.8194134831428528,0.9706624746322632,0.9315202832221985
Colon_Kvasir,9,phase1_hard,images/cju1cyjb5qtie0993njqne9m3.png,1,0.8185402750968933,0.6006100177764893,0.4218483865261078
Colon_Kvasir,9,phase1_hard,images/cju1d31sp4d4k0878r3fr02ul.png,1,0.8163990378379822,0.23466011881828308,0.10689903050661087
Colon_Kvasir,9,phase1_hard,images/cju1d50a94qf50855wsowacrc.png,1,0.8141235709190369,0.18958888947963715,0.08602432161569595
Colon_Kvasir,9,phase1_hard,images/cju1d96gsv62d09881b3wecw2.png,1,0.8131105899810791,0.994126558303833,0.9694589376449585
Colon_Kvasir,9,phase1_hard,images/cju1ddr6p4k5z08780uuuzit2.png,1,0.7620642185211182,0.9591981768608093,0.8984971642494202
Colon_Kvasir,9,phase1_hard,images/cju1dfeupuzlw0835gnxip369.png,1,0.8152787089347839,0.010304816998541355,0.005340470466762781
Colon_Kvasir,9,phase1_hard,images/cju1dg44i4z3w0801nyz4p6zf.png,1,0.8142982125282288,0.06302350014448166,0.031567927449941635
Colon_Kvasir,9,phase1_hard,images/cju1dhfok4mhe0878jlgrag0h.png,1,0.8033522963523865,0.9166994690895081,0.78102707862854
Colon_Kvasir,9,phase1_hard,images/cju1dia8hvc6v098827mgffnm.png,1,0.8160232305526733,0.9655411243438721,0.9487083554267883
Colon_Kvasir,9,phase1_hard,images/cju1djtprvd7b0988thwwrg09.png,1,0.8022171258926392,0.9525845050811768,0.8573099970817566
Colon_Kvasir,9,phase1_hard,images/cju1dnz61vfp40988e78bkjga.png,1,0.8076201677322388,0.712517261505127,0.5430306196212769
Colon_Kvasir,9,phase1_hard,images/cju1dq3x1vgx109889c7wyirg.png,1,0.787919282913208,0.6577662825584412,0.4575422406196594
Colon_Kvasir,9,phase1_hard,images/cju1drnhbrb9409935wi7vkhg.png,1,0.8165179491043091,0.988057017326355,0.8911237716674805
Colon_Kvasir,9,phase1_hard,images/cju1efbr0rqxz09931z0lf4vf.png,1,0.811671257019043,0.9568848013877869,0.9029459953308105
Colon_Kvasir,9,phase1_hard,images/cju1egh885m1l0855ci1lt37c.png,1,0.7962490320205688,0.49127197265625,0.22236940264701843
Colon_Kvasir,9,phase1_hard,images/cju1egx9pvz2n0988eoy8jp23.png,1,0.8208616971969604,0.9994145631790161,0.9988837242126465
Colon_Kvasir,9,phase1_hard,images/cju1ejj7dvqfa0835ra184v5m.png,1,0.8019662499427795,0.7127281427383423,0.5661605596542358
Colon_Kvasir,9,phase1_hard,images/cju1erep75us208553i4ofwwe.png,1,0.8109011650085449,0.1030786782503128,0.04655618965625763
Colon_Kvasir,9,phase1_hard,images/cju1euant5l960878iqj5vvto.png,1,0.8174914121627808,0.990066647529602,0.9780431985855103
Colon_Kvasir,9,phase1_hard,images/cju1euuc65wm00799m4sjdnnn.png,1,0.8092483282089233,0.9084749817848206,0.5734636783599854
Colon_Kvasir,9,phase1_hard,images/cju1ewnoh5z030855vpex9uzt.png,1,0.8142397403717041,0.9019020199775696,0.8091497421264648
Colon_Kvasir,9,phase1_hard,images/cju1expq45zst0855rjqwwj4m.png,1,0.8136921525001526,0.8627403378486633,0.7655760049819946
Colon_Kvasir,9,phase1_hard,images/cju1f15k3w4ct0835cmde6ypo.png,1,0.8141614198684692,0.9902883768081665,0.9797297716140747
Colon_Kvasir,9,phase1_hard,images/cju1f320ewfyu0988ndz6blh5.png,1,0.812984824180603,0.9929459691047668,0.9890174865722656
Colon_Kvasir,9,phase1_hard,images/cju1f5x1164xv08555654c24r.png,1,0.5985069870948792,0.0006100162281654775,0.00023307125957217067
Colon_Kvasir,9,phase1_hard,images/cju1f79yhsb5w0993txub59ol.png,1,0.8039503693580627,0.009655987843871117,0.0032531351316720247
Colon_Kvasir,9,phase1_hard,images/cju1f8w0t65en0799m9oacq0q.png,1,0.8162901401519775,0.70857834815979,0.5492421388626099
Colon_Kvasir,9,phase1_hard,images/cju1fb9236a110801yvg0fwju.png,1,0.8204256892204285,0.9781920313835144,0.9514220952987671
Colon_Kvasir,9,phase1_hard,images/cju1ffnjn6ctm08015perkg37.png,1,0.8131864070892334,0.7414377331733704,0.6425759792327881
Colon_Kvasir,9,phase1_hard,images/cju1fj6axwfp30835ukhuzhw9.png,1,0.7994603514671326,0.3330305516719818,0.2212657630443573
Colon_Kvasir,9,phase1_hard,images/cju1fjsb4sipq09931lvd8e41.png,1,0.7920328974723816,0.7813356518745422,0.5580140352249146
Colon_Kvasir,9,phase1_hard,images/cju1fm3id6gl50801r3fok20c.png,1,0.8115252256393433,0.8762631416320801,0.521554172039032
Colon_Kvasir,9,phase1_hard,images/cju1fmsyf6gxb0801cimx2gle.png,1,0.8147058486938477,0.89299476146698,0.7931345701217651
Colon_Kvasir,9,phase1_hard,images/cju1fr4etsmrr09933u4t4aql.png,1,0.8137577772140503,0.9924435019493103,0.9760063886642456
Colon_Kvasir,9,phase1_hard,images/cju1ftaji6isw0855108yqcse.png,1,0.8143295049667358,0.6718687415122986,0.48998796939849854
Colon_Kvasir,9,phase1_hard,images/cju1fuoa4wmc50835qfd11sp9.png,1,0.8118895292282104,0.5045490264892578,0.32519420981407166
Colon_Kvasir,9,phase1_hard,images/cju1fyb1d69et0878muzdak9u.png,1,0.8030494451522827,0.8661457896232605,0.7584323287010193
Colon_Kvasir,9,phase1_hard,images/cju1g20bdwq6u0835e16xugcd.png,1,0.8144397139549255,0.006600937340408564,0.001778464182280004
Colon_Kvasir,9,phase1_hard,images/cju1g4nsb6ngy0799l4ezm8ab.png,1,0.8068810105323792,0.9451625943183899,0.902833104133606
Colon_Kvasir,9,phase1_hard,images/cju1gghyjwxt80835vx0wgxw0.png,1,0.8089607954025269,0.8921352028846741,0.8036532998085022
Colon_Kvasir,9,phase1_hard,images/cju1gi7jlwyld0835cdf6g6qz.png,1,0.8150807619094849,0.7835144400596619,0.48375579714775085
Colon_Kvasir,9,phase1_hard,images/cju1gkndf6yi10801o1qnje19.png,1,0.8164714574813843,0.9892603158950806,0.9164220690727234
Colon_Kvasir,9,phase1_hard,images/cju1gv7106qd008784gk603mg.png,1,0.8108037710189819,0.21380290389060974,0.13342130184173584
Colon_Kvasir,9,phase1_hard,images/cju1h5w4wxajx0835mc954kxy.png,1,0.8188108801841736,0.9989603757858276,0.9982361793518066
Colon_Kvasir,9,phase1_hard,images/cju1h89h6xbnx08352k2790o9.png,1,0.817152738571167,0.6777295470237732,0.4086931347846985
Colon_Kvasir,9,phase1_hard,images/cju1haab178i70799tk9z8y8x.png,1,0.8035034537315369,0.9266232252120972,0.7448769807815552
Colon_Kvasir,9,phase1_hard,images/cju1hhj6mxfp90835n3wofrap.png,1,0.8010438680648804,0.6925812363624573,0.2288082093000412
Colon_Kvasir,9,phase1_hard,images/cju1hirfi7ekp0855q0vgm9qq.png,1,0.8076211214065552,0.8149774074554443,0.44544440507888794
Colon_Kvasir,9,phase1_hard,images/cju1hmff8tkp809931jps6fbr.png,1,0.8074430823326111,0.9857681393623352,0.9784662127494812
Colon_Kvasir,9,phase1_hard,images/cju1hp9i2xu8e0988u2dazk7m.png,1,0.8161253333091736,0.9796797633171082,0.9646978378295898
Colon_Kvasir,9,phase1_hard,images/cju1hs0za7jha0855vj0mdrjt.png,1,0.8161962628364563,0.9812596440315247,0.9534687399864197
Colon_Kvasir,9,phase1_hard,images/cju1hyolc7aqu0878rrkfn1lr.png,1,0.7924633622169495,0.8967167139053345,0.8304799199104309
Colon_Kvasir,9,phase1_hard,images/cju2hdr06v2bq0799mbm3bks1.png,1,0.8134226202964783,0.31694746017456055,0.10480406135320663
Colon_Kvasir,9,phase1_hard,images/cju2hewssldzx0835ep795xu0.png,1,0.8094775676727295,0.9774221181869507,0.9470486640930176
Colon_Kvasir,9,phase1_hard,images/cju2hfqnmhisa0993gpleeldd.png,1,0.8147233724594116,0.01844733953475952,0.008939335122704506
Colon_Kvasir,9,phase1_hard,images/cju2hgsptlfam0835o3b59h1o.png,1,0.813086986541748,0.03626823052763939,0.017845818772912025
Colon_Kvasir,9,phase1_hard,images/cju2hjrqcvi2j0801bx1i6gxg.png,1,0.8176664113998413,0.13977621495723724,0.04867533966898918
Colon_Kvasir,9,phase1_hard,images/cju2hlm19vjjf0801o69qnber.png,1,0.8127574920654297,0.02340531535446644,0.008002261631190777
Colon_Kvasir,9,phase1_hard,images/cju2hos57llxm08359g92p6jj.png,1,0.8186643719673157,0.9734328389167786,0.9532585144042969
Colon_Kvasir,9,phase1_hard,images/cju2hqt33lmra0988fr5ijv8j.png,1,0.8050394654273987,0.06964520364999771,0.04749290645122528
Colon_Kvasir,9,phase1_hard,images/cju2htabevq9108015qjei0x7.png,1,0.8147762417793274,0.02282296121120453,0.010496186092495918
Colon_Kvasir,9,phase1_hard,images/cju2hugv9vget0799hhk7ksvg.png,1,0.8099370002746582,0.8231996893882751,0.5595318675041199
Colon_Kvasir,9,phase1_hard,images/cju2hw5gjlr5h0988so2qqres.png,1,0.8131676316261292,0.8237069845199585,0.6225258708000183
Colon_Kvasir,9,phase1_hard,images/cju2hx006vidl0799igm81vmh.png,1,0.8154187202453613,0.39866453409194946,0.2627401649951935
Colon_Kvasir,9,phase1_hard,images/cju2i03ptvkiu0799xbbd4det.png,1,0.8170456886291504,0.9902695417404175,0.985721230506897
Colon_Kvasir,9,phase1_hard,images/cju2i3hzclw3o0988rrgh911i.png,1,0.8126272559165955,0.9915608763694763,0.9797062277793884
Colon_Kvasir,9,phase1_hard,images/cju2i6acqvo6l0799u20fift8.png,1,0.8147452473640442,0.9886748790740967,0.9748058319091797
Colon_Kvasir,9,phase1_hard,images/cju2i8br1vqtd08784u6vmcjk.png,1,0.8136942386627197,0.9942235350608826,0.9881323575973511
Colon_Kvasir,9,phase1_hard,images/cju2iatlki5u309930zmgkv6h.png,1,0.7927287220954895,0.9698044657707214,0.9164855480194092
Colon_Kvasir,9,phase1_hard,images/cju2igw4gvxds0878808qj398.png,1,0.8165007829666138,0.99528568983078,0.987066388130188
Colon_Kvasir,9,phase1_hard,images/cju2ij9uiic2l09933ljiv6gm.png,1,0.8001351952552795,0.3095400035381317,0.1617613434791565
Colon_Kvasir,9,phase1_hard,images/cju2lberzkdzm09938cl40pog.png,1,0.8211740851402283,0.9992591738700867,0.9982379078865051
Colon_Kvasir,9,phase1_hard,images/cju2lcyfgkf5809932fn9gucn.png,1,0.8028272390365601,0.7038121223449707,0.5127947330474854
Colon_Kvasir,9,phase1_hard,images/cju2lejzcy4pc0878c9rlonot.png,1,0.8107820153236389,0.9945923686027527,0.9876521825790405
Colon_Kvasir,9,phase1_hard,images/cju2lyynuymli0855g7fxgbhe.png,1,0.813660740852356,0.9838437438011169,0.9655092358589172
Colon_Kvasir,9,phase1_hard,images/cju2lz8vqktne0993fuym6drw.png,1,0.8117012977600098,0.9106501936912537,0.813202977180481
Colon_Kvasir,9,phase1_hard,images/cju2m56cryvqd0801gtn2yp8t.png,1,0.7702993750572205,0.505016028881073,0.31091514229774475
Colon_Kvasir,9,phase1_hard,images/cju2m71z2ywwv080131bcrsd3.png,1,0.8161619305610657,0.7875320315361023,0.7135558128356934
Colon_Kvasir,9,phase1_hard,images/cju2ma647l0nj0993ot4deq2q.png,1,0.8156561851501465,0.9974071383476257,0.9944665431976318
Colon_Kvasir,9,phase1_hard,images/cju2mfjndoz700988b9lc3zeq.png,1,0.8112688660621643,0.9943777918815613,0.9861571192741394
Colon_Kvasir,9,phase1_hard,images/cju2mh8t6p07008350e01tx2a.png,1,0.8230154514312744,0.9952539205551147,0.987182080745697
Colon_Kvasir,9,phase1_hard,images/cju2nbdpmlmcj0993s1cht0dz.png,1,0.8087801337242126,0.09205948561429977,0.04829767346382141
Colon_Kvasir,9,phase1_hard,images/cju2nd7l7z98o0799gfjvyfmw.png,1,0.8212533593177795,0.0004634280630853027,9.16515855351463e-05
Colon_Kvasir,9,phase1_hard,images/cju2nfnvxzdkd0878399axlco.png,1,0.8100855350494385,0.9970781803131104,0.9935731291770935
Colon_Kvasir,9,phase1_hard,images/cju2nguelpmlj0835rojdn097.png,1,0.8140225410461426,0.755140483379364,0.5440245270729065
Colon_Kvasir,9,phase1_hard,images/cju2nnqrqzp580855z8mhzgd6.png,1,0.8137314915657043,0.9215344190597534,0.8132942914962769
Colon_Kvasir,9,phase1_hard,images/cju2np2k9zi3v079992ypxqkn.png,1,0.8185760974884033,0.9958304762840271,0.9908745884895325
Colon_Kvasir,9,phase1_hard,images/cju2nqapmzvk20801f9us40dx.png,1,0.8159321546554565,0.887969434261322,0.778693437576294
Colon_Kvasir,9,phase1_hard,images/cju2nsmwjlzyl0993jl80chvz.png,1,0.8158276081085205,0.6411577463150024,0.33985385298728943
Colon_Kvasir,9,phase1_hard,images/cju2ntxtdzlvu0799xl3j9pan.png,1,0.8111444711685181,0.9930325746536255,0.9730741381645203
Colon_Kvasir,9,phase1_hard,images/cju2nyc5f02m40801ojqbtiea.png,1,0.8164157271385193,0.9655025601387024,0.9394849538803101
Colon_Kvasir,9,phase1_hard,images/cju2oi8sq0i2y0801mektzvw8.png,1,0.8026078343391418,0.8962591290473938,0.7512480616569519
Colon_Kvasir,9,phase1_hard,images/cju2okvco06xc0799kxe5n1qh.png,1,0.8211864233016968,0.9180504679679871,0.8575262427330017
Colon_Kvasir,9,phase1_hard,images/cju2omjpeqj5a0988pjdlb8l1.png,1,0.8061568737030029,0.11806487292051315,0.028836848214268684
Colon_Kvasir,9,phase1_hard,images/cju2oo0wh0bqy0878biujeyhe.png,1,0.808896541595459,0.9654351472854614,0.8919461369514465
Colon_Kvasir,9,phase1_hard,images/cju2oq5570avm079959o20op1.png,1,0.7909572720527649,0.26906973123550415,0.11539268493652344
Colon_Kvasir,9,phase1_hard,images/cju2osuru0ki00855txo0n3uu.png,1,0.8057317137718201,0.9910716414451599,0.984375
Colon_Kvasir,9,phase1_hard,images/cju2otvvv0l7z0855x7we8cb0.png,1,0.8089866042137146,0.4092356562614441,0.1815585494041443
Colon_Kvasir,9,phase1_hard,images/cju2ouil2mssu0993hvxsed6d.png,1,0.7973514199256897,0.9500133991241455,0.8934639096260071
Colon_Kvasir,9,phase1_hard,images/cju2p0eveqtdc0835gpi3p93i.png,1,0.805120050907135,0.9166735410690308,0.7789807915687561
Colon_Kvasir,9,phase1_hard,images/cju2p4ddkmzxj0993p94o62av.png,1,0.8193170428276062,0.9871050119400024,0.9804889559745789
Colon_Kvasir,9,phase1_hard,images/cju2p91qir00k08350ddfif0w.png,1,0.7834257483482361,0.5608004331588745,0.43159019947052
Colon_Kvasir,9,phase1_hard,images/cju2pag1f0s4r0878h52uq83s.png,1,0.8188079595565796,0.995511531829834,0.9868276119232178
Colon_Kvasir,9,phase1_hard,images/cju2phaksnahz0993yxogjcpv.png,1,0.8145478367805481,0.09033293277025223,0.032863978296518326
Colon_Kvasir,9,phase1_hard,images/cju2pjb9v0ywn0878j5g5n69j.png,1,0.8119863867759705,0.25115737318992615,0.12593531608581543
Colon_Kvasir,9,phase1_hard,images/cju2pkwt3r8b90988v2ywq1px.png,1,0.8088017106056213,0.9932126998901367,0.9887031316757202
Colon_Kvasir,9,phase1_hard,images/cju2pmhtr17a00855cvpelzb0.png,1,0.8015232086181641,0.08532784134149551,0.04046499729156494
Colon_Kvasir,9,phase1_hard,images/cju2qdj95ru8g09886gfi9rsz.png,1,0.8119814395904541,0.9826059341430664,0.956896185874939
Colon_Kvasir,9,phase1_hard,images/cju2qfie4rvz508357kad9z5o.png,1,0.8128423690795898,0.5843027234077454,0.2749161124229431
Colon_Kvasir,9,phase1_hard,images/cju2qh5le1ock0878oahaql7d.png,1,0.8046671748161316,0.8835100531578064,0.7596625089645386
Colon_Kvasir,9,phase1_hard,images/cju2qn2fzs1vy0988l243cvzy.png,1,0.807385265827179,0.9285968542098999,0.8931363821029663
Colon_Kvasir,9,phase1_hard,images/cju2qozsk20cq0855ugrg3cri.png,1,0.8197193741798401,0.9924221634864807,0.9834434986114502
Colon_Kvasir,9,phase1_hard,images/cju2qqn5ys4uo0988ewrt2ip2.png,1,0.8195200562477112,0.9730902314186096,0.9277319312095642
Colon_Kvasir,9,phase1_hard,images/cju2qs32r1vys07999conmbvx.png,1,0.7904744148254395,0.18134775757789612,0.038620926439762115
Colon_Kvasir,9,phase1_hard,images/cju2qtee81yd708787bsjr75d.png,1,0.8168202638626099,0.7743051052093506,0.5980361104011536
Colon_Kvasir,9,phase1_hard,images/cju2qu37qobl50993aw7ghcfq.png,1,0.7914923429489136,0.10653570294380188,0.039636921137571335
Colon_Kvasir,9,phase1_hard,images/cju2qvuj1s9ok0835tp2k4ozh.png,1,0.8117295503616333,0.3085824251174927,0.18262197077274323
Colon_Kvasir,9,phase1_hard,images/cju2qxxko229x08786gvxxhur.png,1,0.8170526027679443,0.41383475065231323,0.21512791514396667
Colon_Kvasir,9,phase1_hard,images/cju2qz06823a40878ojcz9ccx.png,1,0.8043116927146912,0.9648237228393555,0.9419337511062622
Colon_Kvasir,9,phase1_hard,images/cju2r11x7sdgx0988o8ule0wl.png,1,0.8197452425956726,0.9359081983566284,0.81914222240448
Colon_Kvasir,9,phase1_hard,images/cju2r2obh2bjm08553kng0rh7.png,1,0.8031878471374512,0.60764080286026,0.27679505944252014
Colon_Kvasir,9,phase1_hard,images/cju2r6mt2om21099352pny5gw.png,1,0.8203054070472717,0.9985823631286621,0.997301459312439
Colon_Kvasir,9,phase1_hard,images/cju2r7h21sj9608354gzks3ae.png,1,0.8150274157524109,0.9694455862045288,0.8648859262466431
Colon_Kvasir,9,phase1_hard,images/cju2r91dg2k090801bh0xzbxk.png,1,0.7787346839904785,0.9986246824264526,0.9968534708023071
Colon_Kvasir,9,phase1_hard,images/cju2raxlosl630988jdbfy9b0.png,1,0.8200230002403259,0.98807692527771,0.9753926396369934
Colon_Kvasir,9,phase1_hard,images/cju2rga4psq9n09881z519xx0.png,1,0.8183507323265076,0.821822464466095,0.6951631307601929
Colon_Kvasir,9,phase1_hard,images/cju2ricdv2iys0878sv1adh0u.png,1,0.8128408193588257,0.7737323641777039,0.4727528691291809
Colon_Kvasir,9,phase1_hard,images/cju2rkjfwoxys0993x768l1j2.png,1,0.806582510471344,0.8910371661186218,0.6853026747703552
Colon_Kvasir,9,phase1_hard,images/cju2rlqdnoz9k0993cpjae3x0.png,1,0.807831346988678,0.9104862213134766,0.8526066541671753
Colon_Kvasir,9,phase1_hard,images/cju2rmd2rsw9g09888hh1efu0.png,1,0.8115935325622559,0.13480786979198456,0.07147599756717682
Colon_Kvasir,9,phase1_hard,images/cju2rn0hasxri0835nfy3buay.png,1,0.8043390512466431,0.020561719313263893,0.007835200987756252
Colon_Kvasir,9,phase1_hard,images/cju2rnkt22xep0801as160g9t.png,1,0.7726412415504456,0.4011843204498291,0.12238467484712601
Colon_Kvasir,9,phase1_hard,images/cju2ro5jqsy680988pi6qsujw.png,1,0.8164578676223755,0.027528515085577965,0.009895164519548416
Colon_Kvasir,9,phase1_hard,images/cju2rpa30t07b0835im0erql0.png,1,0.8167709112167358,0.9975960850715637,0.9957615733146667
Colon_Kvasir,9,phase1_hard,images/cju2rqo702wpx0855fn7d5cxh.png,1,0.8172997832298279,0.4506469666957855,0.2352403700351715
Colon_Kvasir,9,phase1_hard,images/cju2rxm8rpbaf0993o3qr2oph.png,1,0.8061569333076477,0.9467366337776184,0.8499788641929626
Colon_Kvasir,9,phase1_hard,images/cju2rz4k434s70855wwx3ddtx.png,1,0.7916238307952881,0.9957899451255798,0.9891471862792969
Colon_Kvasir,9,phase1_hard,images/cju2rzpsmtb0f0835jabkbao1.png,1,0.8160481452941895,0.9689334034919739,0.8046426773071289
Colon_Kvasir,9,phase1_hard,images/cju2s16zp317h0799gr67jqc2.png,1,0.8214269876480103,0.9338055849075317,0.8032134771347046
Colon_Kvasir,9,phase1_hard,images/cju2s2527pfyr0993l3h1149a.png,1,0.7813840508460999,0.7737928628921509,0.5914120078086853
Colon_Kvasir,9,phase1_hard,images/cju2s9g11pnra0993gn4eh793.png,1,0.8157690167427063,0.9645385146141052,0.9346907734870911
Colon_Kvasir,9,phase1_hard,images/cju2saez63gxl08559ucjq3kt.png,1,0.7955172061920166,0.9672307968139648,0.9386428594589233
Colon_Kvasir,9,phase1_hard,images/cju2sevf53lkx08558h5bpaig.png,1,0.8168173432350159,0.9835139513015747,0.9774002432823181
Colon_Kvasir,9,phase1_hard,images/cju2sggy13na70855tbeoqgha.png,1,0.816360592842102,0.6073436737060547,0.45672422647476196
Colon_Kvasir,9,phase1_hard,images/cju2spdagu1l50835da1f46fr.png,1,0.8200284242630005,0.9981628060340881,0.9954755902290344
Colon_Kvasir,9,phase1_hard,images/cju2srvy5440s0801y1ba9akr.png,1,0.8163169026374817,0.6503967642784119,0.5315119028091431
Colon_Kvasir,9,phase1_hard,images/cju2sszfq3uye0878sucelzk2.png,1,0.8073613047599792,0.8631624579429626,0.33234670758247375
Colon_Kvasir,9,phase1_hard,images/cju2suk42469908015ngmq6f2.png,1,0.8102489709854126,0.22280001640319824,0.18122340738773346
Colon_Kvasir,9,phase1_hard,images/cju2sxf3iqbpv09937iksn8ep.png,1,0.805472195148468,0.8153907060623169,0.5638457536697388
Colon_Kvasir,9,phase1_hard,images/cju2syxa93yw40799x2iuwabz.png,1,0.8086704015731812,0.25578826665878296,0.0654226616024971
Colon_Kvasir,9,phase1_hard,images/cju2t16vuucaq0835xcpsivn2.png,1,0.779803454875946,0.9465066194534302,0.9080333709716797
Colon_Kvasir,9,phase1_hard,images/cju2t2ivz43i10878zeg8r1br.png,1,0.8068523406982422,0.013789546675980091,0.00437311502173543
Colon_Kvasir,9,phase1_hard,images/cju2t3ibkuecr0835o7si16zv.png,1,0.8135507702827454,0.977568507194519,0.9551683664321899
Colon_Kvasir,9,phase1_hard,images/cju2t62nq45jl0799odpufwx6.png,1,0.8083499670028687,0.20850315690040588,0.1424928605556488
Colon_Kvasir,9,phase1_hard,images/cju2t9tdwuk700835kv0ljmtl.png,1,0.8160603046417236,0.07164642959833145,0.03616904467344284
Colon_Kvasir,9,phase1_hard,images/cju2ti1du4idn0878giuozonw.png,1,0.8004208207130432,0.0069876667112112045,0.002410289365798235
Colon_Kvasir,9,phase1_hard,images/cju2tjrog4jy30878pawyazqc.png,1,0.8127073645591736,0.9995083808898926,0.9990079998970032
Colon_Kvasir,9,phase1_hard,images/cju2top2ruxxy0988p1svx36g.png,1,0.8089494705200195,0.7041069865226746,0.3488862216472626
Colon_Kvasir,9,phase1_hard,images/cju2tpfa5uyx408359datxqqj.png,1,0.817024290561676,0.972668468952179,0.9359771013259888
Colon_Kvasir,9,phase1_hard,images/cju2tqfgw4oat0799rn0g5b2z.png,1,0.8148064017295837,0.6839091181755066,0.46940669417381287
Colon_Kvasir,9,phase1_hard,images/cju2trbpkv0c00988hxla5dzz.png,1,0.8152050971984863,0.14396238327026367,0.07696635276079178
Colon_Kvasir,9,phase1_hard,images/cju2trtjf4qjd0878a2zle9v9.png,1,0.8037281036376953,0.4642210602760315,0.2851448059082031
Colon_Kvasir,9,phase1_hard,images/cju2tvrvm53ws0801a0jfjdxg.png,1,0.8136610388755798,0.878980815410614,0.6719285845756531
Colon_Kvasir,9,phase1_hard,images/cju2txjfzv60w098839dcimys.png,1,0.8135430216789246,0.9579879641532898,0.9194030165672302
Colon_Kvasir,9,phase1_hard,images/cju2tzypl4wss0799ow05oxb9.png,1,0.8070278167724609,0.9889606833457947,0.8946895599365234
Colon_Kvasir,9,phase1_hard,images/cju2u2b9o4zvp08788qb9nqxj.png,1,0.7981046438217163,0.9890885353088379,0.968589186668396
Colon_Kvasir,9,phase1_hard,images/cju2u4pymvc720988wsxrmi84.png,1,0.8106103539466858,0.9094847440719604,0.8539473414421082
Colon_Kvasir,9,phase1_hard,images/cju2u73dj53oz0878486k8k4b.png,1,0.78379887342453,0.17254604399204254,0.04744213819503784
Colon_Kvasir,9,phase1_hard,images/cju2ueb6j5ado0878vf5md13o.png,1,0.8081291317939758,0.03369900584220886,0.020248036831617355
Colon_Kvasir,9,phase1_hard,images/cju2ulk385h170799rlklxob0.png,1,0.8184340000152588,0.9835266470909119,0.958329439163208
Colon_Kvasir,9,phase1_hard,images/cju2uokeg5jm20799xwgsyz89.png,1,0.8167473673820496,0.9997485280036926,0.9996019601821899
Colon_Kvasir,9,phase1_hard,images/cju2upu4evw7g08358guwozxv.png,1,0.811680793762207,0.416126012802124,0.3241739869117737
Colon_Kvasir,9,phase1_hard,images/cju2urqpwvxw70835rvndvtsi.png,1,0.8194334506988525,0.8040056824684143,0.7208063006401062
Colon_Kvasir,9,phase1_hard,images/cju2uwz9f5yf1085506cfamfx.png,1,0.8146734833717346,0.6656355261802673,0.5485847592353821
Colon_Kvasir,9,phase1_hard,images/cju2uy8ox62jo0801g88hh42z.png,1,0.8161593079566956,0.2825692296028137,0.12285535782575607
Colon_Kvasir,9,phase1_hard,images/cju2uzabhs6er0993x3aaf87p.png,1,0.8198842406272888,0.9657085537910461,0.9558561444282532
Colon_Kvasir,9,phase1_hard,images/cju2wtwj87kys0855kx6mddzw.png,1,0.814070463180542,0.979332447052002,0.9383878111839294
Colon_Kvasir,9,phase1_hard,images/cju2wve9v7esz0878mxsdcy04.png,1,0.8142786026000977,0.9750725030899048,0.9503370523452759
Colon_Kvasir,9,phase1_hard,images/cju2wx0gh7fpz0878wwyd9ep8.png,1,0.799156904220581,0.9737163186073303,0.9507653117179871
Colon_Kvasir,9,phase1_hard,images/cju2wxv0hxs2f09884w48v8fi.png,1,0.8102743029594421,0.9851897358894348,0.959532618522644
Colon_Kvasir,9,phase1_hard,images/cju2wzu8wxtgu09880ku9x1pg.png,1,0.8178701400756836,0.9666756987571716,0.939378559589386
Colon_Kvasir,9,phase1_hard,images/cju2x7vw87mu30878hye2ca0m.png,1,0.795866072177887,0.9927749633789062,0.9794036149978638
Colon_Kvasir,9,phase1_hard,images/cju2xa3i4y0160988i679zsqd.png,1,0.8144626617431641,0.9979987740516663,0.9942414164543152
Colon_Kvasir,9,phase1_hard,images/cju2xbk0080y80801eghyddi2.png,1,0.8195977807044983,0.9627096652984619,0.9206446409225464
Colon_Kvasir,9,phase1_hard,images/cju2xd75m82720801q4s4ik3n.png,1,0.8147838711738586,0.14657650887966156,0.07183308899402618
Colon_Kvasir,9,phase1_hard,images/cju2xf8e5y2wm08359vcgk09b.png,1,0.8208827972412109,0.9235504865646362,0.8295773267745972
Colon_Kvasir,9,phase1_hard,images/cju2xjz2ju8pe0993ysv9wg17.png,1,0.8094936609268188,0.9627487659454346,0.9337948560714722
Colon_Kvasir,9,phase1_hard,images/cju2xlcqxy9c60988vjacdznb.png,1,0.811338484287262,0.1207730770111084,0.03826445713639259
Colon_Kvasir,9,phase1_hard,images/cju2xs6na81t20878pt6nkfip.png,1,0.8127636313438416,0.8300763368606567,0.7053195238113403
Colon_Kvasir,9,phase1_hard,images/cju2xwm1s84l50799i60mq0pu.png,1,0.8126176595687866,0.022723199799656868,0.012006651610136032
Colon_Kvasir,9,phase1_hard,images/cju2xyd9vyi7m098831qcucse.png,1,0.8024128675460815,0.8647994995117188,0.6116849780082703
Colon_Kvasir,9,phase1_hard,images/cju2y0z6g87p10878fpk5d3rq.png,1,0.8200030326843262,0.9995995163917542,0.9994471669197083
Colon_Kvasir,9,phase1_hard,images/cju2y26c588bo07993ksd8eoz.png,1,0.8026959896087646,0.0014436953933909535,0.0008796625770628452
Colon_Kvasir,9,phase1_hard,images/cju2y40d8ulqo0993q0adtgtb.png,1,0.8225599527359009,0.9456878900527954,0.8779473304748535
Colon_Kvasir,9,phase1_hard,images/cju2y5zas8m7f0801d34g5owq.png,1,0.8194146752357483,0.8922228813171387,0.6668149828910828
Colon_Kvasir,9,phase1_hard,images/cju2y8s56ymqr083541ggdsml.png,1,0.8053200244903564,0.7722220420837402,0.5555989742279053
Colon_Kvasir,9,phase1_hard,images/cju2yb31a8e8u0878wdashg7o.png,1,0.8087597489356995,0.9896079897880554,0.9745968580245972
Colon_Kvasir,9,phase1_hard,images/cju2ycp1u8g2r0799jslnp7cz.png,1,0.8139241337776184,0.38799524307250977,0.307447224855423
Colon_Kvasir,9,phase1_hard,images/cju2yg5ht8i4p087800js8hp4.png,1,0.811368465423584,0.9962939620018005,0.9920912981033325
Colon_Kvasir,9,phase1_hard,images/cju2yi9tz8vky0801yqip0xyl.png,1,0.8210182785987854,0.9456766843795776,0.8536137938499451
Colon_Kvasir,9,phase1_hard,images/cju2yljr0yzhw0988ecf271ly.png,1,0.8282240629196167,0.47963646054267883,0.27223917841911316
Colon_Kvasir,9,phase1_hard,images/cju2yo1j1v0qz09934o0e683p.png,1,0.809674084186554,0.9907099008560181,0.9859330654144287
Colon_Kvasir,9,phase1_hard,images/cju2ysg748ru80878sp6j0gm0.png,1,0.8043864369392395,0.9966611862182617,0.9913226366043091
Colon_Kvasir,9,phase1_hard,images/cju2yv4imv6cz099314jveiib.png,1,0.8160461187362671,0.9673449993133545,0.9331762194633484
Colon_Kvasir,9,phase1_hard,images/cju2yw4s7z7p20988lmf2gdgd.png,1,0.8153750896453857,0.1387944519519806,0.048992618918418884
Colon_Kvasir,9,phase1_hard,images/cju2yyhsp933j0855hp32e012.png,1,0.8153281211853027,0.8546409010887146,0.7841818928718567
Colon_Kvasir,9,phase1_hard,images/cju2z1nxlzaj40835wj81s1iy.png,1,0.8118605613708496,0.8932198286056519,0.7823501825332642
Colon_Kvasir,9,phase1_hard,images/cju2z2x3nvd3c099350zgty7w.png,1,0.808125376701355,0.6021426916122437,0.507857084274292
Colon_Kvasir,9,phase1_hard,images/cju2z45kuzf6d0988nz2c819m.png,1,0.8188344836235046,0.9990293979644775,0.9973657727241516
Colon_Kvasir,9,phase1_hard,images/cju2z6ez69g4u0801qwt088lw.png,1,0.8188309669494629,0.9468268752098083,0.7596595883369446
Colon_Kvasir,9,phase1_hard,images/cju2z9vlp9j0w0801oag91sy9.png,1,0.8152531981468201,0.9631175994873047,0.9159080982208252
Colon_Kvasir,9,phase1_hard,images/cju2zblxw9848087853csbrx1.png,1,0.8103134632110596,0.9947037100791931,0.9911457896232605
Colon_Kvasir,9,phase1_hard,images/cju2zdhsczmn50988z64qwg2q.png,1,0.8183670043945312,0.3948351740837097,0.2269466519355774
Colon_Kvasir,9,phase1_hard,images/cju2zdvjn9h7r08553cp4eed5.png,1,0.8087106943130493,0.19832372665405273,0.040595006197690964
Colon_Kvasir,9,phase1_hard,images/cju2zgbj9zmrw0835nnlzxj4c.png,1,0.8198019862174988,0.9010039567947388,0.8260101675987244
Colon_Kvasir,9,phase1_hard,images/cju2zi4l09f5807991s8do2b2.png,1,0.7890578508377075,0.16971909999847412,0.08471854031085968
Colon_Kvasir,9,phase1_hard,images/cju2zjcvj9qma0801dk71hhi0.png,1,0.8192899227142334,0.9548256993293762,0.9087090492248535
Colon_Kvasir,9,phase1_hard,images/cju2zkpdl9h7t0799ix60teqg.png,1,0.7769662141799927,0.3375912010669708,0.14428505301475525
Colon_Kvasir,9,phase1_hard,images/cju2zm0axztpe0988r8s9twjr.png,1,0.8003631234169006,0.02239910326898098,0.0043351235799491405
Colon_Kvasir,9,phase1_hard,images/cju2zo0fwzv580988qlijd2xa.png,1,0.8066739439964294,0.8572492003440857,0.6998270153999329
Colon_Kvasir,9,phase1_hard,images/cju2zp89k9q1g0855k1x0f1xa.png,1,0.7856321930885315,0.47561508417129517,0.26727017760276794
Colon_Kvasir,9,phase1_hard,images/cju2zpw4q9vzr0801p0lysjdl.png,1,0.8140109181404114,0.4045521020889282,0.09902995079755783
Colon_Kvasir,9,phase1_hard,images/cju2zr3c3vwb00993jn06bbaz.png,1,0.8085835576057434,0.39026886224746704,0.25592923164367676
Colon_Kvasir,9,phase1_hard,images/cju2zrojo9kcd0878ld2epejq.png,1,0.8048651218414307,0.2823200225830078,0.16414044797420502
Colon_Kvasir,9,phase1_hard,images/cju2zwg05a0oy0801yr73ig7g.png,1,0.8014673590660095,0.9513163566589355,0.9388940930366516
Colon_Kvasir,9,phase1_hard,images/cju2zxja9w1eh09933609ho9z.png,1,0.8176283836364746,0.020691731944680214,0.006944150663912296
Colon_Kvasir,9,phase1_hard,images/cju2zy1e49pqk0878t6ncqn12.png,1,0.8085513710975647,0.15016727149486542,0.0503208190202713
Colon_Kvasir,9,phase1_hard,images/cju300m3s04fg0988uzupuf7z.png,1,0.8199744820594788,0.9695587754249573,0.9268067479133606
Colon_Kvasir,9,phase1_hard,images/cju302fqq9spc0878rrygyzzz.png,1,0.8126965761184692,0.942263662815094,0.8200721740722656
Colon_Kvasir,9,phase1_hard,images/cju303j5r062k098835zxfds5.png,1,0.8148536086082458,0.9553009867668152,0.9022557139396667
Colon_Kvasir,9,phase1_hard,images/cju30525w04r10835ygp257sb.png,1,0.8109175562858582,0.8489240407943726,0.7825168967247009
Colon_Kvasir,9,phase1_hard,images/cju306x7w05nb0835cunv799x.png,1,0.8061649799346924,0.5785530805587769,0.34231603145599365
Colon_Kvasir,9,phase1_hard,images/cju30ajhw09sx0988qyahx9s8.png,1,0.8162978291511536,0.9953985810279846,0.9922549724578857
Colon_Kvasir,9,phase1_hard,images/cju30bmab08bi0835mvlr6e0r.png,1,0.7975497245788574,0.4057454466819763,0.20525728166103363
Colon_Kvasir,9,phase1_hard,images/cju30df2j09dd08351ayx2t6w.png,1,0.8194139003753662,0.9938931465148926,0.9876823425292969
Colon_Kvasir,9,phase1_hard,images/cju30ftgja7170855xl9bkdm0.png,1,0.8199124336242676,0.775355875492096,0.7332582473754883
Colon_Kvasir,9,phase1_hard,images/cju30gxjq0djk0988jytm49rs.png,1,0.8108484148979187,0.2680472433567047,0.17558693885803223
Colon_Kvasir,9,phase1_hard,images/cju30ia8da2bq0799klnehml2.png,1,0.8086162805557251,0.761349081993103,0.673117995262146
Colon_Kvasir,9,phase1_hard,images/cju30j1rgadut0801vuyrsnt8.png,1,0.8090155124664307,0.10388284921646118,0.027638649567961693
Colon_Kvasir,9,phase1_hard,images/cju30k2z40ds308353kdew70n.png,1,0.8143471479415894,0.9974647760391235,0.9945914149284363
Colon_Kvasir,9,phase1_hard,images/cju30lncba3ny0878jwnous8n.png,1,0.8117601871490479,0.9969803690910339,0.9942317008972168
Colon_Kvasir,9,phase1_hard,images/cju30mm25a53s0799qa5wiqe8.png,1,0.8061531782150269,0.09985945373773575,0.02728843502700329
Colon_Kvasir,9,phase1_hard,images/cju30nyxe0gfb0835p256yoju.png,1,0.8136774301528931,0.39195382595062256,0.19297347962856293
Colon_Kvasir,9,phase1_hard,images/cju30ov1oah920801mi8thuyg.png,1,0.8018069267272949,0.582751452922821,0.34647640585899353
Colon_Kvasir,9,phase1_hard,images/cju30qbm1ad3x0855znuhpz9u.png,1,0.8186613917350769,0.5470977425575256,0.3886384963989258
Colon_Kvasir,9,phase1_hard,images/cju30u1hbakn808019g15nb8b.png,1,0.8131441473960876,0.9996762275695801,0.9989585280418396
Colon_Kvasir,9,phase1_hard,images/cju30xqmh0ni00835ix3batv1.png,1,0.8223351240158081,0.8904221057891846,0.826016366481781
Colon_Kvasir,9,phase1_hard,images/cju30ywtc0oar0835bp2en7ec.png,1,0.7889426350593567,0.11779659986495972,0.060172490775585175
Colon_Kvasir,9,phase1_hard,images/cju310f6val1v0855xo8tc3gu.png,1,0.8157002329826355,0.500052273273468,0.39330407977104187
Colon_Kvasir,9,phase1_hard,images/cju3128yi0rpu0988o4oo5n8n.png,1,0.7974413633346558,0.9606840014457703,0.8811488151550293
Colon_Kvasir,9,phase1_hard,images/cju31rb7vb6110801p9rhacuw.png,1,0.8127332329750061,0.9134864211082458,0.7822363972663879
Colon_Kvasir,9,phase1_hard,images/cju31t8xd17bk0835rnb893jk.png,1,0.7889350652694702,0.9638934135437012,0.7423356175422668
Colon_Kvasir,9,phase1_hard,images/cju31ugmfb3dz0855xtqshki6.png,1,0.8108209371566772,0.992339015007019,0.9829103350639343
Colon_Kvasir,9,phase1_hard,images/cju31w6goazci0799n014ly1q.png,1,0.8041328191757202,0.9041747450828552,0.6798915266990662
Colon_Kvasir,9,phase1_hard,images/cju31y80qbawn0801twwm2l5s.png,1,0.8069357872009277,0.7388672232627869,0.6697909235954285
Colon_Kvasir,9,phase1_hard,images/cju320gyvbch60801v2amdi2g.png,1,0.8132573962211609,0.7581366896629333,0.657418966293335
Colon_Kvasir,9,phase1_hard,images/cju323ypb1fbb0988gx5rzudb.png,1,0.8059638738632202,0.9473714828491211,0.9350202083587646
Colon_Kvasir,9,phase1_hard,images/cju324q101fhe08350wae9cif.png,1,0.8171439170837402,0.7384012341499329,0.5855368375778198
Colon_Kvasir,9,phase1_hard,images/cju326h4v1gxw08352px40p7r.png,1,0.8154906034469604,0.9179556965827942,0.8632827401161194
Colon_Kvasir,9,phase1_hard,images/cju3280wv1ir009882jze27tc.png,1,0.8090177774429321,0.9897496104240417,0.9847482442855835
Colon_Kvasir,9,phase1_hard,images/cju32a52lb9rc0799xi40qs00.png,1,0.8202123045921326,0.9977951049804688,0.9939665198326111
Colon_Kvasir,9,phase1_hard,images/cju32csyfblyh080170aa3x5p.png,1,0.790662944316864,0.30371057987213135,0.12124529480934143
Colon_Kvasir,9,phase1_hard,images/cju32fhnhbds40799broyoptc.png,1,0.8148536682128906,0.9934509992599487,0.987554132938385
Colon_Kvasir,9,phase1_hard,images/cju32gzs6xo8x0993r8tedbpb.png,1,0.8013564348220825,0.17070960998535156,0.10349472612142563
Colon_Kvasir,9,phase1_hard,images/cju32jcdabepz0878d0cznmfe.png,1,0.815987765789032,0.9952387809753418,0.9867017865180969
Colon_Kvasir,9,phase1_hard,images/cju32l161bi1v07990vm376in.png,1,0.7446096539497375,0.6954329013824463,0.433146208524704
Colon_Kvasir,9,phase1_hard,images/cju32phw2bv130801yj7bkouq.png,1,0.8229587078094482,0.9381354451179504,0.9012707471847534
Colon_Kvasir,9,phase1_hard,images/cju32pzh9bpw10855q4vaxfhe.png,1,0.7925654649734497,0.7122281193733215,0.5063210129737854
Colon_Kvasir,9,phase1_hard,images/cju32qr9tbvsj08013pkpjenq.png,1,0.8025609850883484,0.5091987252235413,0.170269176363945
Colon_Kvasir,9,phase1_hard,images/cju32srle1xfq083575i3fl75.png,1,0.7989400029182434,0.9542917609214783,0.9284502267837524
Colon_Kvasir,9,phase1_hard,images/cju32upim1z7u0988l883nqp6.png,1,0.8158714771270752,0.44915345311164856,0.27066999673843384
Colon_Kvasir,9,phase1_hard,images/cju32zhbnc1oy0801iyv1ix6p.png,1,0.8046637177467346,0.0879586860537529,0.03965693339705467
Colon_Kvasir,9,phase1_hard,images/cju330ofbc2l30801th5g3hw6.png,1,0.7949003577232361,0.8279020190238953,0.4097557067871094
Colon_Kvasir,9,phase1_hard,images/cju33231uy4gi0993qc7b1jch.png,1,0.8177059888839722,0.9871953725814819,0.9630265235900879
Colon_Kvasir,9,phase1_hard,images/cju334jzo261t0835yqudnfs1.png,1,0.8194602131843567,0.9922046661376953,0.987555205821991
Colon_Kvasir,9,phase1_hard,images/cju336l68y7if0993wf092166.png,1,0.8046377897262573,0.18127527832984924,0.07233193516731262
Colon_Kvasir,9,phase1_hard,images/cju3381d8bz3h07991xtl7ra0.png,1,0.7828480005264282,0.8511834740638733,0.734762966632843
Colon_Kvasir,9,phase1_hard,images/cju33belnbyhm0878yxl42233.png,1,0.8106279373168945,0.9040015935897827,0.7550846338272095
Colon_Kvasir,9,phase1_hard,images/cju33eqwbcch208012jikwdky.png,1,0.8146888017654419,0.9582864046096802,0.854042649269104
Colon_Kvasir,9,phase1_hard,images/cju33jon3ygbj0993pu22a4k6.png,1,0.8025320768356323,0.9973804354667664,0.9881702065467834
Colon_Kvasir,9,phase1_hard,images/cju33mirdc8mj0799k33wzoes.png,1,0.8064742684364319,0.9995477795600891,0.9979062676429749
Colon_Kvasir,9,phase1_hard,images/cju33o12x2jm50988944mxq0v.png,1,0.8108120560646057,0.7078657746315002,0.42455005645751953
Colon_Kvasir,9,phase1_hard,images/cju33qpdvc9g0087825jhf3s9.png,1,0.7821924686431885,0.0015371053013950586,0.0005851392634212971
Colon_Kvasir,9,phase1_hard,images/cju33w4sdcivk0855x879zht7.png,1,0.797136664390564,0.6124880909919739,0.3680424392223358
Colon_Kvasir,9,phase1_hard,images/cju33x0f22peh0988g0ln7w5v.png,1,0.8108354210853577,0.05154864862561226,0.01925882324576378
Colon_Kvasir,9,phase1_hard,images/cju33yemn2qb20988wfjxximx.png,1,0.8107750415802002,0.9936796426773071,0.9664697647094727
Colon_Kvasir,9,phase1_hard,images/cju33za6l2qy70988jhrlp2ev.png,1,0.8002048134803772,0.4778345823287964,0.14896342158317566
Colon_Kvasir,9,phase1_hard,images/cju34aozyyy830993bn16u32n.png,1,0.8095218539237976,0.905336856842041,0.8539447784423828
Colon_Kvasir,9,phase1_hard,images/cju34c1xfyz920993itxkkfad.png,1,0.8059161305427551,0.8645034432411194,0.6028262376785278
Colon_Kvasir,9,phase1_hard,images/cju34ds2531520988qjpqt6e3.png,1,0.8185113668441772,0.9843798875808716,0.972042977809906
Colon_Kvasir,9,phase1_hard,images/cju34eqjpcpm508788b3lhp97.png,1,0.8009440302848816,0.4262627065181732,0.12651291489601135
Colon_Kvasir,9,phase1_hard,images/cju34fojcctcf0799ebolbvkn.png,1,0.777066171169281,0.253752738237381,0.08086946606636047
Colon_Kvasir,9,phase1_hard,images/cju34i3qvcyog0855qiejxx5w.png,1,0.8188422322273254,0.9970073103904724,0.9928379058837891
Colon_Kvasir,9,phase1_hard,images/cju34m7h536wq0988xz7gx79v.png,1,0.8204188346862793,0.9798941016197205,0.9645349383354187
Colon_Kvasir,9,phase1_hard,images/cju34o6dbd2lo0855aqlcy1hs.png,1,0.7889372706413269,0.03226931020617485,0.015610315836966038
Colon_Kvasir,9,phase1_hard,images/cju34ouumcznz07996gg1xq7v.png,1,0.8008863925933838,0.011108370497822762,0.0036556448321789503
Colon_Kvasir,9,phase1_hard,images/cju34repocy5208780gswillm.png,1,0.8063822984695435,0.26923736929893494,0.03918071091175079
Colon_Kvasir,9,phase1_hard,images/cju34sh43d8zm08019xbwhc0o.png,1,0.8097093105316162,0.00040232972241938114,0.0002208778023486957
Colon_Kvasir,9,phase1_hard,images/cju34uhepd3dd0799hs8782ad.png,1,0.8256111741065979,0.9905589818954468,0.976442813873291
Colon_Kvasir,9,phase1_hard,images/cju34xspwzenf0993cyzajv9n.png,1,0.8143916726112366,0.7314037680625916,0.631436288356781
Colon_Kvasir,9,phase1_hard,images/cju34ymm8d6700799uop0cw33.png,1,0.8108412623405457,0.9338465332984924,0.7694650292396545
Colon_Kvasir,9,phase1_hard,images/cju34zivp3fq80988opxbaqyn.png,1,0.7929884195327759,0.05597123131155968,0.018885748460888863
Colon_Kvasir,9,phase1_hard,images/cju3518w2d838079939fqztbc.png,1,0.8163410425186157,0.9656615257263184,0.9437180161476135
Colon_Kvasir,9,phase1_hard,images/cju3521y5d5mq0878t3ezsu4p.png,1,0.8049241304397583,0.6655453443527222,0.5048892498016357
Colon_Kvasir,9,phase1_hard,images/cju353d1eda8c07992afde611.png,1,0.7974663972854614,0.16619271039962769,0.06596998870372772
Colon_Kvasir,9,phase1_hard,images/cju35740hzm0g0993zl5ic246.png,1,0.8057680726051331,0.9983285069465637,0.9932539463043213
Colon_Kvasir,9,phase1_hard,images/cju357rxxdaz30878y2esjpjt.png,1,0.8029851913452148,0.042035069316625595,0.011736826039850712
Colon_Kvasir,9,phase1_hard,images/cju358pwtdby20878cg7nm0np.png,1,0.8034080266952515,0.4214232861995697,0.22555343806743622
Colon_Kvasir,9,phase1_hard,images/cju35a77vdj4n08556jj2lgmc.png,1,0.8207720518112183,0.32460978627204895,0.1471688598394394
Colon_Kvasir,9,phase1_hard,images/cju35atpxdjot0855q46aqrd0.png,1,0.8057320713996887,0.7665930986404419,0.6622847318649292
Colon_Kvasir,9,phase1_hard,images/cju35c4wzdhow0799h6eq4sgs.png,1,0.8166539669036865,0.896918535232544,0.7909775972366333
Colon_Kvasir,9,phase1_hard,images/cju35eg0tdmjt085525sb4bua.png,1,0.7901813387870789,0.9888049364089966,0.9733179807662964
Colon_Kvasir,9,phase1_hard,images/cju35fxqyzt5p0993vusm54qz.png,1,0.8039219975471497,0.8643909096717834,0.5761315226554871
Colon_Kvasir,9,phase1_hard,images/cju35i2e63uxr0835h7zgkg9k.png,1,0.8045796155929565,0.7295998930931091,0.502513587474823
Colon_Kvasir,9,phase1_hard,images/cju35k2fr3vc50988c85qkrwg.png,1,0.8102954030036926,0.606593906879425,0.31698325276374817
Colon_Kvasir,9,phase1_hard,images/cju35ldepdtlm0801yv79y8vu.png,1,0.7678812146186829,0.19046425819396973,0.07454594224691391
Colon_Kvasir,9,phase1_hard,images/cju35mdz73x890835eynq1h9v.png,1,0.808434247970581,0.3990842401981354,0.22070471942424774
Colon_Kvasir,9,phase1_hard,images/cju35oyvd3y850988km12hdz1.png,1,0.8097963929176331,0.5572195649147034,0.4133841097354889
Colon_Kvasir,9,phase1_hard,images/cju3tp94kfstl08181awh6z49.png,1,0.8016307353973389,0.5839717984199524,0.25463730096817017
Colon_Kvasir,9,phase1_hard,images/cju3tsh4lfsok0987w6x3a0v1.png,1,0.8170703649520874,0.7437106966972351,0.5584626793861389
Colon_Kvasir,9,phase1_hard,images/cju3ttznuftyf09875t11850w.png,1,0.8039190769195557,0.024064328521490097,0.0076123373582959175
Colon_Kvasir,9,phase1_hard,images/cju3tvffffx5f0818t5ov22al.png,1,0.8128467798233032,0.04348675534129143,0.02116391435265541
Colon_Kvasir,9,phase1_hard,images/cju3tx1qyg0c907552fglumhc.png,1,0.8142383694648743,0.8955743908882141,0.8264000415802002
Colon_Kvasir,9,phase1_hard,images/cju3u1c8tfyqx08503iedc3mx.png,1,0.8200356364250183,0.9128991961479187,0.769338071346283
Colon_Kvasir,9,phase1_hard,images/cju3u39fog1bo0871lxjrabks.png,1,0.801852285861969,0.11697964370250702,0.05481282249093056
Colon_Kvasir,9,phase1_hard,images/cju3u4lxmg59o0755rz42b9en.png,1,0.810764729976654,0.2768188714981079,0.1449199765920639
Colon_Kvasir,9,phase1_hard,images/cju3u815rg4ek0850vvhtcvcm.png,1,0.8132725358009338,0.9123208522796631,0.8491436839103699
Colon_Kvasir,9,phase1_hard,images/cju3ua8u0g9rg0801uayhdxhu.png,1,0.7769511342048645,0.9836958646774292,0.9629784822463989
Colon_Kvasir,9,phase1_hard,images/cju3uhb79gcgr0871orbrbi3x.png,1,0.8023337721824646,0.07118456810712814,0.03741767257452011
Colon_Kvasir,9,phase1_hard,images/cju3ul8dogf1z09872y2ecowp.png,1,0.8000078797340393,0.11772432923316956,0.05676424130797386
Colon_Kvasir,9,phase1_hard,images/cju3umoh1geet0817cmpef5am.png,1,0.8150203227996826,0.46599337458610535,0.2659924626350403
Colon_Kvasir,9,phase1_hard,images/cju3uwz6ogsp10801h2r3bj5l.png,1,0.8203991651535034,0.8484266996383667,0.5654500722885132
Colon_Kvasir,9,phase1_hard,images/cju3uz4o6gr9z0850lhxyxvsj.png,1,0.8017738461494446,0.07451988756656647,0.030335865914821625
Colon_Kvasir,9,phase1_hard,images/cju3v0fl3gwce0755qkjhzmd4.png,1,0.8107318878173828,0.89780193567276,0.8171133995056152
Colon_Kvasir,9,phase1_hard,images/cju3v11mrgwwb0755u242ygye.png,1,0.799138069152832,0.9563632011413574,0.8619797825813293
Colon_Kvasir,9,phase1_hard,images/cju3v3ac9gyz30755hfqwyp1i.png,1,0.8155471086502075,0.8179927468299866,0.5414384007453918
Colon_Kvasir,9,phase1_hard,images/cju3v56bwgy8v0871w14pz8fx.png,1,0.8041499257087708,0.19391393661499023,0.05570721998810768
Colon_Kvasir,9,phase1_hard,images/cju3v664kh0px0818y4y7wolf.png,1,0.8010995984077454,0.5511476397514343,0.29700568318367004
Colon_Kvasir,9,phase1_hard,images/cju3v72v5h1qz0818fggilwtq.png,1,0.8154119253158569,0.9955762624740601,0.976685106754303
Colon_Kvasir,9,phase1_hard,images/cju3wstckialg0871xs0vevsj.png,1,0.803328275680542,0.9708281755447388,0.9239063858985901
Colon_Kvasir,9,phase1_hard,images/cju3x2s11ibzi0817kk284k0j.png,1,0.8107489943504333,0.7093172073364258,0.32739707827568054
Colon_Kvasir,9,phase1_hard,images/cju3x4blzieu30850x10uuvbm.png,1,0.7930091023445129,0.04839559271931648,0.01331853773444891
Colon_Kvasir,9,phase1_hard,images/cju3x5u2tiihx0818914gzxy1.png,1,0.8133037090301514,0.03329252451658249,0.01672993414103985
Colon_Kvasir,9,phase1_hard,images/cju3x7xsaijq80818f0psavav.png,1,0.8101828098297119,0.08715541660785675,0.05312575027346611
Colon_Kvasir,9,phase1_hard,images/cju3x9lttikfb0818a0g104zn.png,1,0.8051458597183228,0.7329516410827637,0.6783914566040039
Colon_Kvasir,9,phase1_hard,images/cju3xeexgii1j0817zs68tb4g.png,1,0.8184006810188293,0.9995095729827881,0.9988176822662354
Colon_Kvasir,9,phase1_hard,images/cju3xga12iixg0817dijbvjxw.png,1,0.8152303695678711,0.7342961430549622,0.33968037366867065
Colon_Kvasir,9,phase1_hard,images/cju3xhpvvimda0987ygrpzni2.png,1,0.8132187724113464,0.9963977336883545,0.9926030039787292
Colon_Kvasir,9,phase1_hard,images/cju3xiic0ilzp0850lusrb42j.png,1,0.7379337549209595,0.005045205820351839,0.001733521930873394
Colon_Kvasir,9,phase1_hard,images/cju3xjqtpikx50817tppy6g84.png,1,0.8168507814407349,0.7887585163116455,0.6668186187744141
Colon_Kvasir,9,phase1_hard,images/cju3xl264ingx0850rcf0rshj.png,1,0.8073089122772217,0.9332605600357056,0.867181122303009
Colon_Kvasir,9,phase1_hard,images/cju3xtufwiv9c0818djsc4cqd.png,1,0.8000101447105408,0.16579100489616394,0.07970112562179565
Colon_Kvasir,9,phase1_hard,images/cju3xuj20ivgp0818mij8bjrd.png,1,0.8218692541122437,0.869761049747467,0.7605225443840027
Colon_Kvasir,9,phase1_hard,images/cju3xvoo2iqlc0817eku2r3wl.png,1,0.7952753901481628,0.9725165963172913,0.9363207817077637
Colon_Kvasir,9,phase1_hard,images/cju3xwpgviwlx0871rwm15q7v.png,1,0.8154919147491455,0.678617537021637,0.3435189723968506
Colon_Kvasir,9,phase1_hard,images/cju3xzvnzj0hd0755xprz39nj.png,1,0.8105127811431885,0.04025175794959068,0.017520904541015625
Colon_Kvasir,9,phase1_hard,images/cju3y0pjrj1c30755nxekxccj.png,1,0.8069180846214294,0.7571762204170227,0.3964307904243469
Colon_Kvasir,9,phase1_hard,images/cju3y21quj0ir0818kgjagr15.png,1,0.8084580898284912,0.9732953906059265,0.9533250331878662
Colon_Kvasir,9,phase1_hard,images/cju3y54kwj3nr0801biidlb4e.png,1,0.8097106218338013,0.70013827085495,0.43842199444770813
Colon_Kvasir,9,phase1_hard,images/cju3y79ofj3va0871uqfb1mzo.png,1,0.8188126087188721,0.9899493455886841,0.979920506477356
Colon_Kvasir,9,phase1_hard,images/cju3y9difj6th0801kd1rqm3w.png,1,0.8065732717514038,0.5919201970100403,0.3706609308719635
Colon_Kvasir,9,phase1_hard,images/cju3ya7goj6at0818v2l5ay7f.png,1,0.761856198310852,0.9819948077201843,0.917142391204834
Colon_Kvasir,9,phase1_hard,images/cju3yb47cj1xq0817zfotbni4.png,1,0.8141786456108093,0.6476948261260986,0.4371587932109833
Colon_Kvasir,9,phase1_hard,images/cju3yht87j83m08507yk1u1fg.png,1,0.8126326203346252,0.9330031275749207,0.8719947934150696
Colon_Kvasir,9,phase1_hard,images/cju3ykamdj9u208503pygyuc8.png,1,0.8128441572189331,0.38942086696624756,0.1401723474264145
Colon_Kvasir,9,phase1_hard,images/cju40jl7skiuo0817p0smlgg8.png,1,0.8133068680763245,0.7844668626785278,0.44505348801612854
Colon_Kvasir,9,phase1_hard,images/cju40m0rjkpw80871z6n6yg1u.png,1,0.8143900036811829,0.969894289970398,0.952214777469635
Colon_Kvasir,9,phase1_hard,images/cju40poe4kt9s0755f9cnm3h5.png,1,0.78681480884552,0.10252276062965393,0.06291930377483368
Colon_Kvasir,9,phase1_hard,images/cju40r6jrksyk0871wg98zgho.png,1,0.8115925788879395,0.8736053705215454,0.8065219521522522
Colon_Kvasir,9,phase1_hard,images/cju40sdwukv3k0755y99ug1k8.png,1,0.815227210521698,0.725959062576294,0.5992687940597534
Colon_Kvasir,9,phase1_hard,images/cju40taxlkrho0987smigg0x0.png,1,0.8112084865570068,0.9981606602668762,0.9943560361862183
Colon_Kvasir,9,phase1_hard,images/cju40u30gkuzc0871rq7t666d.png,1,0.791953980922699,0.02642195299267769,0.013779988512396812
Colon_Kvasir,9,phase1_hard,images/cju40w3hbkwpn08015rbs3wko.png,1,0.8162301778793335,0.9704000949859619,0.9388949871063232
Colon_Kvasir,9,phase1_hard,images/cju40wto5kxwi0755it190f2k.png,1,0.7473329305648804,0.009271709248423576,0.003324305871501565
Colon_Kvasir,9,phase1_hard,images/cju410dnfl0960755y8lu8d79.png,1,0.8177749514579773,0.9951204657554626,0.9844808578491211
Colon_Kvasir,9,phase1_hard,images/cju412uwlkva50850d1ps1ww7.png,1,0.8108125925064087,0.9868102073669434,0.974915087223053
Colon_Kvasir,9,phase1_hard,images/cju414lf2l1lt0801rl3hjllj.png,1,0.7985478639602661,0.5520792603492737,0.3496735095977783
Colon_Kvasir,9,phase1_hard,images/cju418rckl3ur08012psrx1r1.png,1,0.7896766066551208,0.015031399205327034,0.010214296169579029
Colon_Kvasir,9,phase1_hard,images/cju41kd7yl4nm0850gil5qqwh.png,1,0.808792233467102,0.9089009761810303,0.8529727458953857
Colon_Kvasir,9,phase1_hard,images/cju41lojblbs307555jdci937.png,1,0.7835423350334167,0.0017441821983084083,0.0005323088844306767
Colon_Kvasir,9,phase1_hard,images/cju41nz76lcxu0755cya2qefx.png,1,0.8086925148963928,0.8976997137069702,0.7806349396705627
Colon_Kvasir,9,phase1_hard,images/cju41p90plcsx08018cnzpndc.png,1,0.7984722852706909,0.005754350684583187,0.0022635445930063725
Colon_Kvasir,9,phase1_hard,images/cju41r6v2lcww0871ps8k8pf5.png,1,0.811667799949646,0.8836209774017334,0.8047928214073181
Colon_Kvasir,9,phase1_hard,images/cju41s6nbleqy0755e2mslg0b.png,1,0.8105705380439758,0.8258906602859497,0.6315270662307739
Colon_Kvasir,9,phase1_hard,images/cju41z76wlgbz0801qdetlvby.png,1,0.7939934730529785,0.02002057619392872,0.013018169440329075
Colon_Kvasir,9,phase1_hard,images/cju422cm8lfxn0818ojicxejb.png,1,0.8040599822998047,0.9435724020004272,0.8941910862922668
Colon_Kvasir,9,phase1_hard,images/cju424hy5lckr085073fva1ok.png,1,0.7876019477844238,0.4446636438369751,0.23574456572532654
Colon_Kvasir,9,phase1_hard,images/cju426tomlhll0818fc0i7nvh.png,1,0.7894958257675171,0.0012164307991042733,0.0004381825856398791
Colon_Kvasir,9,phase1_hard,images/cju428k5fldt108177s6g6f45.png,1,0.8117235898971558,0.7394317984580994,0.3530021011829376
Colon_Kvasir,9,phase1_hard,images/cju42dwedlmk60871jbgu4ehi.png,1,0.8144209384918213,0.9937490224838257,0.9837378263473511
Colon_Kvasir,9,phase1_hard,images/cju42g865lorv07552ytz6xxa.png,1,0.8145991563796997,0.9648488163948059,0.9086208343505859
Colon_Kvasir,9,phase1_hard,images/cju42m60jlpcm08186kqppzqv.png,1,0.8099107146263123,0.9512494802474976,0.9049526453018188
Colon_Kvasir,9,phase1_hard,images/cju42nm68lpyo0818xvvqmupq.png,1,0.8195483684539795,0.9842310547828674,0.9748206734657288
Colon_Kvasir,9,phase1_hard,images/cju42py9mlqyd0818u3d1d7ga.png,1,0.8179474472999573,0.9952888488769531,0.9586859345436096
Colon_Kvasir,9,phase1_hard,images/cju42qet0lsq90871e50xbnuv.png,1,0.8093230128288269,0.9994736313819885,0.9990034103393555
Colon_Kvasir,9,phase1_hard,images/cju42romflni20817etb9a0fl.png,1,0.8136838674545288,0.9906676411628723,0.9841517806053162
Colon_Kvasir,9,phase1_hard,images/cju42tauqlo5p08171l3cuo4b.png,1,0.8062471151351929,0.9956372380256653,0.9902622103691101
Colon_Kvasir,9,phase1_hard,images/cju42u5bjlvi10801dc13sskp.png,1,0.8023226261138916,0.9911627769470215,0.9885674118995667
Colon_Kvasir,9,phase1_hard,images/cju42wamblrqn098798r2yyok.png,1,0.817981481552124,0.9609159827232361,0.9214596748352051
Colon_Kvasir,9,phase1_hard,images/cju42xpi8lw4w0871ve317a1p.png,1,0.7608283162117004,0.0022704387083649635,0.0010187755106016994
Colon_Kvasir,9,phase1_hard,images/cju430pm2lz0y0755jkhcc3d1.png,1,0.8182118535041809,0.9772319793701172,0.9685711860656738
Colon_Kvasir,9,phase1_hard,images/cju439oazm2fu0871ma0vvrft.png,1,0.8160365223884583,0.9893704652786255,0.9806450605392456
Colon_Kvasir,9,phase1_hard,images/cju43b8daly4408170e5ev06g.png,1,0.8082133531570435,0.9953887462615967,0.9864081740379333
Colon_Kvasir,9,phase1_hard,images/cju43c92lm5cj0755lorsorfg.png,1,0.8175638318061829,0.9511687159538269,0.9211243987083435
Colon_Kvasir,9,phase1_hard,images/cju43eigtm6ev0801mv0m96t1.png,1,0.8240963816642761,0.7547073364257812,0.5929117202758789
Colon_Kvasir,9,phase1_hard,images/cju43gfosm63n08714rpih8pe.png,1,0.8092315196990967,0.7994989156723022,0.49852392077445984
Colon_Kvasir,9,phase1_hard,images/cju43h43am1dy08176gwfhmnt.png,1,0.8111187815666199,0.8511682748794556,0.5720494389533997
Colon_Kvasir,9,phase1_hard,images/cju43in5fm22c08175rxziqrk.png,1,0.8134645223617554,0.9934364557266235,0.9874917268753052
Colon_Kvasir,9,phase1_hard,images/cju43jcqim2cp08172dvjvyui.png,1,0.812471330165863,0.4785163700580597,0.35928094387054443
Colon_Kvasir,9,phase1_hard,images/cju43kj2pm34f0850l28ahpni.png,1,0.8166095018386841,0.8969188928604126,0.8271211385726929
Colon_Kvasir,9,phase1_hard,images/cju43lcnum9y10755bjs7z87f.png,1,0.8222570419311523,0.9868755340576172,0.9765462279319763
Colon_Kvasir,9,phase1_hard,images/cju43mkj9m8wb0871qiadahub.png,1,0.7964721322059631,0.8124132752418518,0.7241309285163879
Colon_Kvasir,9,phase1_hard,images/cju43o6n7m9nk087191ijwqq9.png,1,0.8132419586181641,0.9630162119865417,0.9285663366317749
Colon_Kvasir,9,phase1_hard,images/cju45jpvfn6c809873pv1i34s.png,1,0.8090203404426575,0.4763595163822174,0.17198781669139862
Colon_Kvasir,9,phase1_hard,images/cju45lbgznahl08180xz1h7u6.png,1,0.8098217844963074,0.7178298234939575,0.5480788350105286
Colon_Kvasir,9,phase1_hard,images/cju45n0oxn5vu08500yfrt9jn.png,1,0.8000860810279846,0.9426190257072449,0.9182172417640686
Colon_Kvasir,9,phase1_hard,images/cju45ofd9ne1j0801ri8dup7t.png,1,0.8019471764564514,0.9130237102508545,0.729302704334259
Colon_Kvasir,9,phase1_hard,images/cju45pm27n80u08174kyow1gj.png,1,0.8118575215339661,0.9967659711837769,0.993942141532898
Colon_Kvasir,9,phase1_hard,images/cju45qbf3n9sa0987oonbkly9.png,1,0.7890334725379944,0.011291895993053913,0.004321403335779905
Colon_Kvasir,9,phase1_hard,images/cju45rj7ln8980850a7821fov.png,1,0.8145266771316528,0.984670877456665,0.8740401864051819
Colon_Kvasir,9,phase1_hard,images/cju45t5ddnbio0987qtqzx762.png,1,0.8149408102035522,0.992182195186615,0.9849161505699158
Colon_Kvasir,9,phase1_hard,images/cju45ty6zn9oz0850qy4qnck1.png,1,0.8006184101104736,0.5711441040039062,0.36039596796035767
Colon_Kvasir,9,phase1_hard,images/cju45v0pungu40871acnwtmu5.png,1,0.8093335032463074,0.9213685393333435,0.8405352234840393
Colon_Kvasir,9,phase1_hard,images/cju5b9oyda4yr0850g9viziyv.png,1,0.8189809322357178,0.9783729910850525,0.8591927289962769
Colon_Kvasir,9,phase1_hard,images/cju5bbtwsa8cl0987wgfsqpao.png,1,0.8064743876457214,0.9715207815170288,0.9544217586517334
Colon_Kvasir,9,phase1_hard,images/cju5bdwa3aatx0818b79i18zf.png,1,0.8101566433906555,0.5020565390586853,0.3718087673187256
Colon_Kvasir,9,phase1_hard,images/cju5bf6hxa6m50817rbwettgu.png,1,0.7907271981239319,0.6476377248764038,0.405951589345932
Colon_Kvasir,9,phase1_hard,images/cju5bhv81abur0850ean02atv.png,1,0.8129202723503113,0.6692841053009033,0.4085882604122162
Colon_Kvasir,9,phase1_hard,images/cju5bj926aiec07559rshy4wa.png,1,0.8164064288139343,0.9589629769325256,0.9297877550125122
Colon_Kvasir,9,phase1_hard,images/cju5bmhdcafs909878qfzrqzi.png,1,0.8209331631660461,0.4451523423194885,0.2342481166124344
Colon_Kvasir,9,phase1_hard,images/cju5boicjagt20871b1fotkh4.png,1,0.8179967403411865,0.5249778628349304,0.2703796327114105
Colon_Kvasir,9,phase1_hard,images/cju5buy2bal250818ipl6fqwv.png,1,0.797012209892273,0.0044578989036381245,0.002197332214564085
Colon_Kvasir,9,phase1_hard,images/cju5bwhapakm90987c1v4z46a.png,1,0.8131045699119568,0.03923597186803818,0.017885873094201088
Colon_Kvasir,9,phase1_hard,images/cju5bycdkalkb09875f7bfrvx.png,1,0.8174726366996765,0.8812026977539062,0.8208602666854858
Colon_Kvasir,9,phase1_hard,images/cju5c5xc7algd0817pb1ej5yo.png,1,0.8134327530860901,0.9808666706085205,0.9660506248474121
Colon_Kvasir,9,phase1_hard,images/cju5c7oijaqmq09878qwgqv8n.png,1,0.8005735874176025,0.3718727231025696,0.18382984399795532
Colon_Kvasir,9,phase1_hard,images/cju5ca9hcatkc0801jzwe7tfx.png,1,0.8133164644241333,0.9776000380516052,0.9568371176719666
Colon_Kvasir,9,phase1_hard,images/cju5ccpvqash50850kb4bs22k.png,1,0.8183342814445496,0.9688771367073059,0.9587770104408264
Colon_Kvasir,9,phase1_hard,images/cju5cetivauok0987ok3e5bre.png,1,0.8096808195114136,0.9693838953971863,0.9589536190032959
Colon_Kvasir,9,phase1_hard,images/cju5chrxxawka0871qcj171yz.png,1,0.8224650621414185,0.9948961138725281,0.9888030290603638
Colon_Kvasir,9,phase1_hard,images/cju5cjh3xattc0817j2vbulzi.png,1,0.8058823347091675,0.9774479866027832,0.9575285315513611
Colon_Kvasir,9,phase1_hard,images/cju5cky5xb0ay0801oxet697t.png,1,0.8197187185287476,0.9775564074516296,0.957455575466156
Colon_Kvasir,9,phase1_hard,images/cju5clr68b48r0755cmuvponm.png,1,0.7972930669784546,0.029169388115406036,0.01468083169311285
Colon_Kvasir,9,phase1_hard,images/cju5cu8qkb84x08186jwo8yin.png,1,0.808383047580719,0.7257470488548279,0.5069523453712463
Colon_Kvasir,9,phase1_hard,images/cju5ddda9bkkt0850enzwatb1.png,1,0.7886459827423096,0.003859743010252714,0.0010603171540424228
Colon_Kvasir,9,phase1_hard,images/cju5eftctcdbj08712gdp989f.png,1,0.8087555766105652,0.96803218126297,0.8462690711021423
Colon_Kvasir,9,phase1_hard,images/cju5ekty5ckzf07550c9u3ckk.png,1,0.7924032807350159,0.2878689765930176,0.18995220959186554
Colon_Kvasir,9,phase1_hard,images/cju5enq1tcn1i0755hnkon787.png,1,0.8038149476051331,0.9914541244506836,0.9823464751243591
Colon_Kvasir,9,phase1_hard,images/cju5eq8c8ck690850vix98hv3.png,1,0.8102664947509766,0.9908127188682556,0.9878360629081726
Colon_Kvasir,9,phase1_hard,images/cju5es375cnzy0801nkq35ffs.png,1,0.820812463760376,0.9734463691711426,0.9191128015518188
Colon_Kvasir,9,phase1_hard,images/cju5ew4h9cqaf0818rrczkmqh.png,1,0.7920089364051819,0.3795583248138428,0.23254099488258362
Colon_Kvasir,9,phase1_hard,images/cju5eyfe9cpk90987laa7tsl3.png,1,0.8192154169082642,0.9961785078048706,0.989804744720459
Colon_Kvasir,9,phase1_hard,images/cju5f0dezct4q08183ydw11dx.png,1,0.7916412949562073,0.9140802025794983,0.8239595890045166
Colon_Kvasir,9,phase1_hard,images/cju5f26ebcuai0818xlwh6116.png,1,0.7940792441368103,0.11567472666501999,0.03958688676357269
Colon_Kvasir,9,phase1_hard,images/cju5f8hxdcxxn08188obby0ea.png,1,0.7978294491767883,0.9860572814941406,0.9414311647415161
Colon_Kvasir,9,phase1_hard,images/cju5fb86jd1jp0755b1ukbhq5.png,1,0.8181290626525879,0.9950520396232605,0.992960512638092
Colon_Kvasir,9,phase1_hard,images/cju5fi0yxd3ei0801v7u0yudn.png,1,0.8171522617340088,0.939325749874115,0.9104360342025757
Colon_Kvasir,9,phase1_hard,images/cju5fs6j6d8350801vglraq4u.png,1,0.8206470608711243,0.9994213581085205,0.9990934729576111
Colon_Kvasir,9,phase1_hard,images/cju5ft6mcd5q40987rhjgbrr6.png,1,0.8064969778060913,0.4477926194667816,0.2663823962211609
Colon_Kvasir,9,phase1_hard,images/cju5fu081d8gc0818l3yylujk.png,1,0.8099079132080078,0.9389727711677551,0.8746590614318848
Colon_Kvasir,9,phase1_hard,images/cju5fw37edaae0801vkwvocn7.png,1,0.8146088123321533,0.029140468686819077,0.015546552836894989
Colon_Kvasir,9,phase1_hard,images/cju5fydrud94708507vo6oy21.png,1,0.8180859684944153,0.9454995393753052,0.7943055033683777
Colon_Kvasir,9,phase1_hard,images/cju5g163vd6mt0817uccuga6u.png,1,0.8163958787918091,0.7892299294471741,0.4528251588344574
Colon_Kvasir,9,phase1_hard,images/cju5gucasds9d0801019axylx.png,1,0.8173893094062805,0.8281969428062439,0.5175610184669495
Colon_Kvasir,9,phase1_hard,images/cju5h57xedz5h0755mjpc8694.png,1,0.823331356048584,0.9869692325592041,0.9803436994552612
Colon_Kvasir,9,phase1_hard,images/cju5hi52odyf90817prvcwg45.png,1,0.8097692131996155,0.5446892380714417,0.2979924976825714
Colon_Kvasir,9,phase1_hard,images/cju5hjxaae3i40850h5z2laf5.png,1,0.7762967944145203,0.20911943912506104,0.09626322239637375
Colon_Kvasir,9,phase1_hard,images/cju5hl8nee8a40755fm8qjj0o.png,1,0.7996946573257446,0.12078755348920822,0.03400939702987671
Colon_Kvasir,9,phase1_hard,images/cju5hqz50e7o90850e0prlpa0.png,1,0.819916844367981,0.9980452060699463,0.9977218508720398
Colon_Kvasir,9,phase1_hard,images/cju5ht88gedbu0755xrcuddcx.png,1,0.8061172962188721,0.9822889566421509,0.9587192535400391
Colon_Kvasir,9,phase1_hard,images/cju5huurrecm70801y680y13m.png,1,0.807323694229126,0.9937601685523987,0.9919626712799072
Colon_Kvasir,9,phase1_hard,images/cju5hwonqedw10801vsd3w6kk.png,1,0.818709671497345,0.44403597712516785,0.162172332406044
Colon_Kvasir,9,phase1_hard,images/cju5hyi9yegob0755ho3do8en.png,1,0.8122960329055786,0.6437851190567017,0.5489572286605835
Colon_Kvasir,9,phase1_hard,images/cju5i39mreass0817au8p22zy.png,1,0.8103084564208984,0.9035700559616089,0.7739554643630981
Colon_Kvasir,9,phase1_hard,images/cju5i5oh2efg60987ez6cpf72.png,1,0.8102878332138062,0.08501344174146652,0.05787913501262665
Colon_Kvasir,9,phase1_hard,images/cju5jx7jzf7c90871c2i9aiov.png,1,0.8190914392471313,0.999798595905304,0.9991852045059204
Colon_Kvasir,9,phase1_hard,images/cju5jz5fff8c50871hbe6108f.png,1,0.814723789691925,0.9497774243354797,0.9232438206672668
Colon_Kvasir,9,phase1_hard,images/cju5k3j3uf6de0817hszzfr7n.png,1,0.7967222929000854,0.9923604130744934,0.9725732803344727
Colon_Kvasir,9,phase1_hard,images/cju5k503sfa5f0871lx0rpu5y.png,1,0.8039819002151489,0.9525352120399475,0.9096026420593262
Colon_Kvasir,9,phase1_hard,images/cju5k7r0yf98c09878csbxb4d.png,1,0.8175406455993652,0.984408438205719,0.9041192531585693
Colon_Kvasir,9,phase1_hard,images/cju5klveuff6w0871wbibgh3m.png,1,0.7967949509620667,0.8966169357299805,0.8425855040550232
Colon_Kvasir,9,phase1_hard,images/cju5knbbqfipk080128cggukq.png,1,0.8076125979423523,0.04920557513833046,0.008371890522539616
Colon_Kvasir,9,phase1_hard,images/cju5kre09fhka0850h7b1898j.png,1,0.806110680103302,0.9631490111351013,0.9167826175689697
Colon_Kvasir,9,phase1_hard,images/cju5ktjwofed70817eg58ef7u.png,1,0.8035304546356201,0.7655507326126099,0.5869960188865662
Colon_Kvasir,9,phase1_hard,images/cju5nxkujgscq0817l9gss626.png,1,0.8176342844963074,0.9881040453910828,0.9775729179382324
Colon_Kvasir,9,phase1_hard,images/cju5nyu31gv8e0871zpk74a2n.png,1,0.8224913477897644,0.9116685390472412,0.8903570175170898
Colon_Kvasir,9,phase1_hard,images/cju5o1vu9gz8a0818eyy92bns.png,1,0.8118720650672913,0.9671952128410339,0.9040127396583557
Colon_Kvasir,9,phase1_hard,images/cju5o4pk9h0720755lgp9jq8m.png,1,0.8201054930686951,0.9546181559562683,0.9057340025901794
Colon_Kvasir,9,phase1_hard,images/cju5tenjojp1j0755ms4949h2.png,1,0.803137481212616,0.7200810313224792,0.6139702200889587
Colon_Kvasir,9,phase1_hard,images/cju5tgbzhjllu08174ca41eus.png,1,0.8197909593582153,0.553489089012146,0.34415051341056824
Colon_Kvasir,9,phase1_hard,images/cju5thdbrjp1108715xdfx356.png,1,0.7980246543884277,0.7369856238365173,0.37913262844085693
Colon_Kvasir,9,phase1_hard,images/cju5u4pywk81x0817vn9pe14z.png,1,0.8079992532730103,0.40520668029785156,0.2918778657913208
Colon_Kvasir,9,phase1_hard,images/cju5u6wf0kh1t0755bg1ssixv.png,1,0.8185825347900391,0.9832035303115845,0.966831386089325
Colon_Kvasir,9,phase1_hard,images/cju5u8gz4kj5b07552e2wpkwp.png,1,0.8109623193740845,0.8807406425476074,0.47843512892723083
Colon_Kvasir,9,phase1_hard,images/cju5udcufki0s09874ll1dbr5.png,1,0.8179585337638855,0.8936958312988281,0.7993804216384888
Colon_Kvasir,9,phase1_hard,images/cju5ufn3skquf0818dhapnhba.png,1,0.8084534406661987,0.9931758046150208,0.9756614565849304
Colon_Kvasir,9,phase1_hard,images/cju5uget8krjy0818kvywd0zu.png,1,0.7996053099632263,0.2702929675579071,0.11295755207538605
Colon_Kvasir,9,phase1_hard,images/cju5uhrdwkmsu0817ervv91l8.png,1,0.8016629815101624,0.9158526062965393,0.8316876888275146
Colon_Kvasir,9,phase1_hard,images/cju5ukkg6kv7u08011x2b6zl5.png,1,0.8082230091094971,0.21964097023010254,0.12923838198184967
Colon_Kvasir,9,phase1_hard,images/cju5uxjnol2r509871qv2yeia.png,1,0.8171365857124329,0.9960207343101501,0.9899163842201233
Colon_Kvasir,9,phase1_hard,images/cju5uzmaol56l0817flxh4w9p.png,1,0.8216037750244141,0.866465151309967,0.6713311672210693
Colon_Kvasir,9,phase1_hard,images/cju5v8pgplg6k0755rvi2t63h.png,1,0.8130424618721008,0.7754712104797363,0.6836304068565369
Colon_Kvasir,9,phase1_hard,images/cju5vbo6jldrt0871jf6f1700.png,1,0.7841504216194153,0.5888639092445374,0.3992520272731781
Colon_Kvasir,9,phase1_hard,images/cju5vcmrqla7i0817x4sp4pqw.png,1,0.8186857104301453,0.9866422414779663,0.9538339376449585
Colon_Kvasir,9,phase1_hard,images/cju5vgawslbe30987ndeepc1b.png,1,0.8076418042182922,0.8529447913169861,0.7443408966064453
Colon_Kvasir,9,phase1_hard,images/cju5vi4nxlc530817uoqm2m7a.png,1,0.8162134885787964,0.9437301754951477,0.8713302612304688
Colon_Kvasir,9,phase1_hard,images/cju5von04litr08718j8po40a.png,1,0.8033043146133423,0.9878616333007812,0.9619114995002747
Colon_Kvasir,9,phase1_hard,images/cju5vutu7ll8w0871dfp92n9p.png,1,0.8143802285194397,0.9771636724472046,0.9051494002342224
Colon_Kvasir,9,phase1_hard,images/cju5vwbr4lhqn0987a1pji0ux.png,1,0.7984976768493652,0.7679556012153625,0.5657958388328552
Colon_Kvasir,9,phase1_hard,images/cju5vxuc5loxw0818u8xgf45p.png,1,0.8150174617767334,0.9799379706382751,0.9702777862548828
Colon_Kvasir,9,phase1_hard,images/cju5vzjoslpj708186z2fusmz.png,1,0.820447564125061,0.3456498980522156,0.08679255098104477
Colon_Kvasir,9,phase1_hard,images/cju5w7xn0lrkq0801f9k0htgx.png,1,0.8114264607429504,0.39327317476272583,0.2826448082923889
Colon_Kvasir,9,phase1_hard,images/cju5waeduln160817w0agirve.png,1,0.818370521068573,0.994635283946991,0.9534748196601868
Colon_Kvasir,9,phase1_hard,images/cju5wcc90lu020850mjrxppv6.png,1,0.8064928650856018,0.9197337031364441,0.8510516881942749
Colon_Kvasir,9,phase1_hard,images/cju5wi6bqlxy90755bu227nvb.png,1,0.8160064220428467,0.786774754524231,0.6103513240814209
Colon_Kvasir,9,phase1_hard,images/cju5wj0faly5008187n6530af.png,1,0.7917234897613525,0.005189880263060331,0.0019253285136073828
Colon_Kvasir,9,phase1_hard,images/cju5wkonqlrl409877y8zvnub.png,1,0.8119975924491882,0.6747949123382568,0.20849163830280304
Colon_Kvasir,9,phase1_hard,images/cju5wmvsdlx1j0871npgj8j4b.png,1,0.8171423077583313,0.9902356266975403,0.9783660769462585
Colon_Kvasir,9,phase1_hard,images/cju5woy82m07m08505dmjg7g1.png,1,0.8006853461265564,0.752712070941925,0.23634086549282074
Colon_Kvasir,9,phase1_hard,images/cju5wphwwlu3m0987hh3ltg88.png,1,0.779448390007019,0.00738315936177969,0.004741942975670099
Colon_Kvasir,9,phase1_hard,images/cju5wqonpm0e60801z88ewmy1.png,1,0.8031753897666931,0.9881123900413513,0.9732091426849365
Colon_Kvasir,9,phase1_hard,images/cju5wrapcm2290818jsh26ppb.png,1,0.8120142221450806,0.03854059800505638,0.01570001244544983
Colon_Kvasir,9,phase1_hard,images/cju5wrrs0m2af0818vmnajbtw.png,1,0.7912198901176453,0.7954640984535217,0.3710550367832184
Colon_Kvasir,9,phase1_hard,images/cju5wtdu4m0im0871mix0yvc0.png,1,0.7877217531204224,0.8756987452507019,0.7342376708984375
Colon_Kvasir,9,phase1_hard,images/cju5wuhm1lwm40987vugqn3vv.png,1,0.7951027750968933,0.9847709536552429,0.9556177258491516
Colon_Kvasir,9,phase1_hard,images/cju5x00l6m5j608503k78ptee.png,1,0.7917436361312866,0.0006145117804408073,0.00015252137382049114
Colon_Kvasir,9,phase1_hard,images/cju5x15djm7ae0755h8czf6nt.png,1,0.7882833480834961,0.2766152322292328,0.24110247194766998
Colon_Kvasir,9,phase1_hard,images/cju5x28nzm7t907558ocq4bt7.png,1,0.7997166514396667,0.12818698585033417,0.02737872488796711
Colon_Kvasir,9,phase1_hard,images/cju5x7iskmad90818frchyfwd.png,1,0.8109931945800781,0.6921051740646362,0.3707481026649475
Colon_Kvasir,9,phase1_hard,images/cju5xjn5mm78b09871spyqhhr.png,1,0.8191702365875244,0.9723295569419861,0.9294144511222839
Colon_Kvasir,9,phase1_hard,images/cju5xkwzxmf0z0818gk4xabdm.png,1,0.8157742023468018,0.5321000218391418,0.28061163425445557
Colon_Kvasir,9,phase1_hard,images/cju5xneamme2p0801qdf7fdwv.png,1,0.8179585933685303,0.672715961933136,0.4943488836288452
Colon_Kvasir,9,phase1_hard,images/cju5xopi0md7q0871r1sjc1av.png,1,0.8079237341880798,0.4768650531768799,0.08978500962257385
Colon_Kvasir,9,phase1_hard,images/cju5xq3tdm9fn0987pbedxdg5.png,1,0.7832332253456116,0.016484856605529785,0.005516732577234507
Colon_Kvasir,9,phase1_hard,images/cju5y4hgqmk0i08180rjhbwvp.png,1,0.8128628730773926,0.9989711046218872,0.9968993067741394
Colon_Kvasir,9,phase1_hard,images/cju5y7buemcw80987p0r30g9f.png,1,0.8159798383712769,0.9856697916984558,0.9766247272491455
Colon_Kvasir,9,phase1_hard,images/cju5y84q3mdv50817eyp82xf3.png,1,0.8145208954811096,0.9423514604568481,0.8852551579475403
Colon_Kvasir,9,phase1_hard,images/cju5yclrymlgj0818k426ud6z.png,1,0.8159769177436829,0.9846365451812744,0.9645963311195374
Colon_Kvasir,9,phase1_hard,images/cju5yeqiwmkgl0801fzv2douc.png,1,0.8079714775085449,0.490047425031662,0.355586975812912
Colon_Kvasir,9,phase1_hard,images/cju5ygh1zmmdi0755uod5e17i.png,1,0.8121532201766968,0.9997745156288147,0.9994292259216309
Colon_Kvasir,9,phase1_hard,images/cju5yhgznmkzb0801cji2vi8j.png,1,0.8038907647132874,0.9949427247047424,0.9697347283363342
Colon_Kvasir,9,phase1_hard,images/cju5yimthmlv80850zhoc90c2.png,1,0.8033093214035034,0.11076806485652924,0.021550677716732025
Colon_Kvasir,9,phase1_hard,images/cju5yjq1pmlgc0801z0t24bly.png,1,0.8152269124984741,0.572218120098114,0.4562607705593109
Colon_Kvasir,9,phase1_hard,images/cju5ymyd8mmdc0801ry3by1xr.png,1,0.8064470887184143,0.14848634600639343,0.1081632450222969
Colon_Kvasir,9,phase1_hard,images/cju6ur9l9v9jq0755paud9uka.png,1,0.7972461581230164,0.303686261177063,0.12697447836399078
Colon_Kvasir,9,phase1_hard,images/cju6us80mv1b50871ebyq2wxa.png,1,0.8085902333259583,0.37370604276657104,0.18555602431297302
Colon_Kvasir,9,phase1_hard,images/cju6ut4l8va6y0755tyw3vfqq.png,1,0.8149313926696777,0.7974684238433838,0.2796279191970825
Colon_Kvasir,9,phase1_hard,images/cju6uy20suzbl0987rzuhz7z9.png,1,0.8057945370674133,0.7236729860305786,0.5205875039100647
Colon_Kvasir,9,phase1_hard,images/cju6uzxk0v83p0801rcwnexdu.png,1,0.8065544366836548,0.9922692179679871,0.9817857146263123
Colon_Kvasir,9,phase1_hard,images/cju6v1m1xv07w09870ah3njy1.png,1,0.8165397644042969,0.9942407608032227,0.96610027551651
Colon_Kvasir,9,phase1_hard,images/cju6v3bb2v7xo085090blubyw.png,1,0.8187380433082581,0.5972256660461426,0.34822121262550354
Colon_Kvasir,9,phase1_hard,images/cju6v4szov55u0871qmqz3v8n.png,1,0.7982983589172363,0.9093668460845947,0.839596688747406
Colon_Kvasir,9,phase1_hard,images/cju6v5ilsv8hk0850rb5sgh6o.png,1,0.7948421239852905,0.9346161484718323,0.4598129391670227
Colon_Kvasir,9,phase1_hard,images/cju6v6g6kvdw007552x6mb0po.png,1,0.7958560585975647,0.04690353199839592,0.018293699249625206
Colon_Kvasir,9,phase1_hard,images/cju6vgdmivcvb08018fra5lnv.png,1,0.8121460676193237,0.8669837713241577,0.7498736381530762
Colon_Kvasir,9,phase1_hard,images/cju6vifjlv55z0987un6y4zdo.png,1,0.8213053941726685,0.6930229663848877,0.5362225770950317
Colon_Kvasir,9,phase1_hard,images/cju6vqarjv7yo0987q4b1btk1.png,1,0.7906176447868347,0.8933098912239075,0.715562641620636
Colon_Kvasir,9,phase1_hard,images/cju6vrs1ov8cr098788h8gs6j.png,1,0.8172604441642761,0.9993166923522949,0.9977487325668335
Colon_Kvasir,9,phase1_hard,images/cju6vta3kvazg0817qbeppjtm.png,1,0.8171579837799072,0.9296579957008362,0.8912668228149414
Colon_Kvasir,9,phase1_hard,images/cju6vucxvvlda0755j7msqnya.png,1,0.8099009990692139,0.9266798496246338,0.8073954582214355
Colon_Kvasir,9,phase1_hard,images/cju6vvb8svhed0801jjcquh5e.png,1,0.8170685172080994,0.08944077789783478,0.04034065827727318
Colon_Kvasir,9,phase1_hard,images/cju6vvxsev9y30987kespucdg.png,1,0.801586389541626,0.38445523381233215,0.169369637966156
Colon_Kvasir,9,phase1_hard,images/cju6w733bveoz0817e600tw72.png,1,0.7625299096107483,0.021717887371778488,0.005185083951801062
Colon_Kvasir,9,phase1_hard,images/cju6wi3akvn8r0801px8eligc.png,1,0.8104208707809448,0.0031304401345551014,0.0016767506022006273
Colon_Kvasir,9,phase1_hard,images/cju6wjm81vgsc0987enk9n3pr.png,1,0.8183426856994629,0.9920780062675476,0.9827656149864197
Colon_Kvasir,9,phase1_hard,images/cju6wll7wvo3y08502pagos8m.png,1,0.8166801929473877,0.2810181975364685,0.15062858164310455
Colon_Kvasir,9,phase1_hard,images/cju6wn57mvooj0850rp78hhy7.png,1,0.8199997544288635,0.6278401017189026,0.3037784993648529
Colon_Kvasir,9,phase1_hard,images/cju6wt9jvvn500871hjn3t3g0.png,1,0.8203650712966919,0.9531979560852051,0.9109416007995605
Colon_Kvasir,9,phase1_hard,images/cju6wuojavt740818b5qcv3iw.png,1,0.8179562091827393,0.9991331696510315,0.9974978566169739
Colon_Kvasir,9,phase1_hard,images/cju6x0yqbvxqt0755dhxislgb.png,1,0.824455738067627,0.9903314113616943,0.9800816178321838
Colon_Kvasir,9,phase1_hard,images/cju6x35ervu2808015c7eoqe4.png,1,0.8147512674331665,0.9297221899032593,0.8880313038825989
Colon_Kvasir,9,phase1_hard,images/cju6x4t13vyw60755gtcf9ndu.png,1,0.8138064742088318,0.9892848134040833,0.9767748117446899
Colon_Kvasir,9,phase1_hard,images/cju6x97w4vwua0850x0997r0a.png,1,0.8188751935958862,0.8656749725341797,0.7782778143882751
Colon_Kvasir,9,phase1_hard,images/cju6xa0qmvzun0818xjukgncj.png,1,0.8113340735435486,0.9914675951004028,0.9692049026489258
Colon_Kvasir,9,phase1_hard,images/cju6xifswvwbo0987nibtdr50.png,1,0.808934211730957,0.7569943070411682,0.6577051877975464
Colon_Kvasir,9,phase1_hard,images/cju6xlygpw7bs0818n691jsq4.png,1,0.8126279711723328,0.4903051555156708,0.36524343490600586
Colon_Kvasir,9,phase1_hard,images/cju6xmqd9w0250817l5kxfnsk.png,1,0.8127363920211792,0.14756247401237488,0.0866519883275032
Colon_Kvasir,9,phase1_hard,images/cju6ywm40wdbo0987pbftsvtg.png,1,0.8141290545463562,0.600584864616394,0.38474488258361816
Colon_Kvasir,9,phase1_hard,images/cju6yxyt0wh080871sqpepu47.png,1,0.8017364740371704,0.31527936458587646,0.24434028565883636
Colon_Kvasir,9,phase1_hard,images/cju6yywx1whbb0871ksgfgf9f.png,1,0.8169155716896057,0.7218301296234131,0.6359672546386719
Colon_Kvasir,9,phase1_hard,images/cju6z1bzbwfq50817b2alatvr.png,1,0.8120613098144531,0.672515332698822,0.3041263818740845
Colon_Kvasir,9,phase1_hard,images/cju6z2616wqbk07555bvnuyr1.png,1,0.8020650744438171,0.017224129289388657,0.007590240798890591
Colon_Kvasir,9,phase1_hard,images/cju6z600qwh4z081700qimgl9.png,1,0.8028275966644287,0.0014360053464770317,0.0005292860441841185
Colon_Kvasir,9,phase1_hard,images/cju6z7e4bwgdd0987ogkzq9kt.png,1,0.8043316602706909,0.243825763463974,0.10264814645051956
Colon_Kvasir,9,phase1_hard,images/cju6z9a9kwsl007552s49rx6i.png,1,0.8160446882247925,0.7784571647644043,0.5621375441551208
Colon_Kvasir,9,phase1_hard,images/cju76erapykj30871x5eaxh4q.png,1,0.8118186593055725,0.888519823551178,0.7092657089233398
Colon_Kvasir,9,phase1_hard,images/cju76l27oyrw907551ri2a7fl.png,1,0.8167629241943359,0.9919277429580688,0.9677455425262451
Colon_Kvasir,9,phase1_hard,images/cju76lsehyia10987u54vn8rb.png,1,0.7846593856811523,0.010571007616817951,0.004637590143829584
Colon_Kvasir,9,phase1_hard,images/cju76o55nymqd0871h31sph9w.png,1,0.807856559753418,0.9299822449684143,0.88729327917099
Colon_Kvasir,9,phase1_hard,images/cju77196iyshb0850ycbto50a.png,1,0.81919264793396,0.9501833319664001,0.9337623715400696
Colon_Kvasir,9,phase1_hard,images/cju772304yw5t0818vbw8kkjf.png,1,0.7820372581481934,0.0034201203379780054,0.0016482119681313634
Colon_Kvasir,9,phase1_hard,images/cju773hsyyosz0817pk1e7sjq.png,1,0.790554940700531,0.24415411055088043,0.07933591306209564
Colon_Kvasir,9,phase1_hard,images/cju774fmayxif0818u2g79usw.png,1,0.8126025199890137,0.38039639592170715,0.16682209074497223
Colon_Kvasir,9,phase1_hard,images/cju7787c5yy3l080159mwqsnj.png,1,0.8118758201599121,0.8521363139152527,0.7168124318122864
Colon_Kvasir,9,phase1_hard,images/cju77afzlz3kp07550x5nafzs.png,1,0.8208236694335938,0.944902777671814,0.8639228940010071
Colon_Kvasir,9,phase1_hard,images/cju77b3wyz4160755qis4ljsb.png,1,0.811590850353241,0.07710383087396622,0.02152756229043007
Colon_Kvasir,9,phase1_hard,images/cju77bvg0yv4r0987yh60xmjo.png,1,0.8086514472961426,0.998522937297821,0.9946233034133911
Colon_Kvasir,9,phase1_hard,images/cju77g99iyxc00817zqi2ppor.png,1,0.8158096671104431,0.9266019463539124,0.8326721787452698
Colon_Kvasir,9,phase1_hard,images/cju77idwfz36d0871tzfzz51i.png,1,0.8184435963630676,0.8294346928596497,0.7014611959457397
Colon_Kvasir,9,phase1_hard,images/cju77j66ez52p08019xygi0co.png,1,0.809173583984375,0.18775925040245056,0.09544555842876434
Colon_Kvasir,9,phase1_hard,images/cju77k828z46w0871r0avuoo9.png,1,0.7978870868682861,0.5443968772888184,0.2867734134197235
Colon_Kvasir,9,phase1_hard,images/cju77q10sz9ug0801449wu1nu.png,1,0.7936569452285767,0.8670012950897217,0.7312756180763245
Colon_Kvasir,9,phase1_hard,images/cju77re6fz5bb0817vp9redjg.png,1,0.8172013759613037,0.9380283355712891,0.8738901019096375
Colon_Kvasir,9,phase1_hard,images/cju77t0razbvm080106o56289.png,1,0.8167747855186462,0.40069645643234253,0.2346542477607727
Colon_Kvasir,9,phase1_hard,images/cju77u1sjz77b0817ft44r3fk.png,1,0.8148131370544434,0.9649354219436646,0.9513654708862305
Colon_Kvasir,9,phase1_hard,images/cju77vvcwzcm50850lzoykuva.png,1,0.8019039630889893,0.3255925178527832,0.2130454033613205
Colon_Kvasir,9,phase1_hard,images/cju783tmkzkqu081803g7q5vk.png,1,0.7994535565376282,0.9837622046470642,0.9585042595863342
Colon_Kvasir,9,phase1_hard,images/cju784jpdzeae0987q5ypq883.png,1,0.817746639251709,0.003451751312240958,0.0019515593303367496
Colon_Kvasir,9,phase1_hard,images/cju785htizjzo08017tvlhtg4.png,1,0.7843143939971924,0.5588958859443665,0.30882808566093445
Colon_Kvasir,9,phase1_hard,images/cju787jnjzjuj0871p94nck9g.png,1,0.7991741299629211,0.8802226185798645,0.6885678768157959
Colon_Kvasir,9,phase1_hard,images/cju7adqyj1jcx08712r1ro5gx.png,1,0.8086377382278442,0.9652508497238159,0.8962481617927551
Colon_Kvasir,9,phase1_hard,images/cju7ae7bq1f820987toc8si1d.png,1,0.7989092469215393,0.9581828117370605,0.7921109795570374
Colon_Kvasir,9,phase1_hard,images/cju7aez2x1jtj0871ztezs3oi.png,1,0.8174402117729187,0.9695926308631897,0.9505398869514465
Colon_Kvasir,9,phase1_hard,images/cju7afqon1ip40850ue2308b6.png,1,0.80699622631073,0.8116462230682373,0.5470737814903259
Colon_Kvasir,9,phase1_hard,images/cju7agj961l2r0818z29iq8yn.png,1,0.7993651032447815,0.943412184715271,0.8715658187866211
Colon_Kvasir,9,phase1_hard,images/cju7ahtkb1jr90801jck4kbds.png,1,0.8081002235412598,0.4036222994327545,0.2289447784423828
Colon_Kvasir,9,phase1_hard,images/cju7aifyo1p3n07552nxjx51f.png,1,0.8080828785896301,0.017609866335988045,0.0026772678829729557
Colon_Kvasir,9,phase1_hard,images/cju7ajnbo1gvm098749rdouk0.png,1,0.8138310313224792,0.9782455563545227,0.9482787847518921
Colon_Kvasir,9,phase1_hard,images/cju7aklv31h4309871m29l4e7.png,1,0.8089553117752075,0.6091635823249817,0.5017288327217102
Colon_Kvasir,9,phase1_hard,images/cju7alcgr1lsr0871riqk84z7.png,1,0.8151870965957642,0.7668913006782532,0.6774615049362183
Colon_Kvasir,9,phase1_hard,images/cju7amjna1ly40871ugiokehb.png,1,0.8028720021247864,0.8755476474761963,0.734147846698761
Colon_Kvasir,9,phase1_hard,images/cju7ap09p1kz10850ldccjebj.png,1,0.8185153603553772,0.056143831461668015,0.03354744240641594
Colon_Kvasir,9,phase1_hard,images/cju7apr0c1qqm0755s7msqot4.png,1,0.8077414035797119,0.266165167093277,0.10276805609464645
Colon_Kvasir,9,phase1_hard,images/cju7aqkue1i2k09879uzcpt8r.png,1,0.7933582663536072,0.8246708512306213,0.7392669916152954
Colon_Kvasir,9,phase1_hard,images/cju7arvfe1ldu0850erdmphgj.png,1,0.8025813698768616,0.039216868579387665,0.01597585529088974
Colon_Kvasir,9,phase1_hard,images/cju7atnm31if40817pqclnjer.png,1,0.8197731971740723,0.896115243434906,0.6716582179069519
Colon_Kvasir,9,phase1_hard,images/cju7avvi51iox0817ym55y6tt.png,1,0.8173391819000244,0.9470016956329346,0.9160434603691101
Colon_Kvasir,9,phase1_hard,images/cju7awzmu1ncs0871hziy65zx.png,1,0.8005169034004211,0.6986733078956604,0.5221471190452576
Colon_Kvasir,9,phase1_hard,images/cju7azuu31mia0801pf9ib5ed.png,1,0.8143414855003357,0.9999290704727173,0.9997867941856384
Colon_Kvasir,9,phase1_hard,images/cju7b10ce1mnm08011c5bwyr4.png,1,0.8175345063209534,0.985870361328125,0.9741478562355042
Colon_Kvasir,9,phase1_hard,images/cju7b1ygu1msd0801hywhy0mc.png,1,0.80893474817276,0.6421495079994202,0.5301671028137207
Colon_Kvasir,9,phase1_hard,images/cju7b2l561oas0871decgslaf.png,1,0.7820006608963013,0.3237455487251282,0.18992364406585693
Colon_Kvasir,9,phase1_hard,images/cju7b3f5h1sm40755i572jden.png,1,0.8004335165023804,0.5875122547149658,0.3385199010372162
Colon_Kvasir,9,phase1_hard,images/cju7b4mtw1n9n080186209f3d.png,1,0.7972760200500488,0.9764967560768127,0.946881115436554
Colon_Kvasir,9,phase1_hard,images/cju7b5afm1nfw0801xqm8bf8q.png,1,0.7941014170646667,0.9860509037971497,0.9459270238876343
Colon_Kvasir,9,phase1_hard,images/cju7b9vcs1luz0987ta60j1dy.png,1,0.8007120490074158,0.5520328879356384,0.39451614022254944
Colon_Kvasir,9,phase1_hard,images/cju7bb3ss1uoo0755pmhyco7t.png,1,0.8192237615585327,0.8054656386375427,0.7204776406288147
Colon_Kvasir,9,phase1_hard,images/cju7bc95p1mdm0817yqj5jc6j.png,1,0.8209037184715271,0.3573535978794098,0.2042039930820465
Colon_Kvasir,9,phase1_hard,images/cju7bd1qu1mx409877xjxibox.png,1,0.8183820247650146,0.887321412563324,0.7284002304077148
Colon_Kvasir,9,phase1_hard,images/cju7bduyq1rjf08719giru9ho.png,1,0.8090553879737854,0.9745323657989502,0.9527940154075623
Colon_Kvasir,9,phase1_hard,images/cju7bf1lp1shi081835vs84lc.png,1,0.8121636509895325,0.9503300189971924,0.7914540767669678
Colon_Kvasir,9,phase1_hard,images/cju7bfx651qr80801cs7epotb.png,1,0.8218275308609009,0.9978766441345215,0.9961721897125244
Colon_Kvasir,9,phase1_hard,images/cju7bgnvb1sf808717qa799ir.png,1,0.8154470920562744,0.9817826151847839,0.9284505248069763
Colon_Kvasir,9,phase1_hard,images/cju7bmi1v1pnj0987pa52jjok.png,1,0.8162249326705933,0.7632067799568176,0.6466323733329773
Colon_Kvasir,9,phase1_hard,images/cju7cl8zm1xcu0817ado0jpas.png,1,0.8103099465370178,0.047234028577804565,0.028508204966783524
Colon_Kvasir,9,phase1_hard,images/cju7cp6dw244p0818gncdol4m.png,1,0.8098947405815125,0.5914893746376038,0.3304450809955597
Colon_Kvasir,9,phase1_hard,images/cju7cq6su27qv075574dir0r3.png,1,0.8167267441749573,0.9993723034858704,0.9984805583953857
Colon_Kvasir,9,phase1_hard,images/cju7crgxa28550755wbsgqkel.png,1,0.8164914846420288,0.16641898453235626,0.03625277429819107
Colon_Kvasir,9,phase1_hard,images/cju7csvlb22fr0850lvm45n3x.png,1,0.8197330832481384,0.9948103427886963,0.9889901280403137
Colon_Kvasir,9,phase1_hard,images/cju7ctvqn25dy08186g442m1r.png,1,0.8183097839355469,0.9979979395866394,0.995331346988678
Colon_Kvasir,9,phase1_hard,images/cju7cue9b232j0801qdzk1ykj.png,1,0.812275767326355,0.38472068309783936,0.12590265274047852
Colon_Kvasir,9,phase1_hard,images/cju7cufm7298k0755j09uf3of.png,1,0.8002893924713135,0.9276348948478699,0.7523019909858704
Colon_Kvasir,9,phase1_hard,images/cju7d1tvt25bu08019dvw3uff.png,1,0.8115403652191162,0.07706472277641296,0.03195624426007271
Colon_Kvasir,9,phase1_hard,images/cju7d2q1k27nf08715zshsckt.png,1,0.8056700229644775,0.11443209648132324,0.03796850144863129
Colon_Kvasir,9,phase1_hard,images/cju7d3oc82cho0755dajlwldz.png,1,0.8187124729156494,0.9957126379013062,0.9927390813827515
Colon_Kvasir,9,phase1_hard,images/cju7d4jk723eu0817bqz2n39m.png,1,0.8229150176048279,0.9880313873291016,0.9716967940330505
Colon_Kvasir,9,phase1_hard,images/cju7d5m0p23kn09871rk7pu3v.png,1,0.8209929466247559,0.7259336709976196,0.563798189163208
Colon_Kvasir,9,phase1_hard,images/cju7d6ux323ze0987xos3srkx.png,1,0.8216415047645569,0.9457175135612488,0.8708903789520264
Colon_Kvasir,9,phase1_hard,images/cju7d7aut2a2p0818z4uxc6cd.png,1,0.7800295948982239,0.431313693523407,0.15206430852413177
Colon_Kvasir,9,phase1_hard,images/cju7d7tly27h408016fyp5nr7.png,1,0.8201622366905212,0.9945211410522461,0.9882872700691223
Colon_Kvasir,9,phase1_hard,images/cju7d8m3b2e210755l8fj1yph.png,1,0.816135048866272,0.37068530917167664,0.2083437740802765
Colon_Kvasir,9,phase1_hard,images/cju7d9seq29zd0871nzl2uu5m.png,1,0.8181273341178894,0.9821239113807678,0.9605387449264526
Colon_Kvasir,9,phase1_hard,images/cju7da88w2eod0755wejzynvt.png,1,0.8088287711143494,0.0008169416105374694,0.0003320644609630108
Colon_Kvasir,9,phase1_hard,images/cju7db7lp2f400755tntd1ohf.png,1,0.8234673738479614,0.5036627650260925,0.24424651265144348
Colon_Kvasir,9,phase1_hard,images/cju7dbppn28nx085097654msi.png,1,0.8137362003326416,0.25389018654823303,0.09837602823972702
Colon_Kvasir,9,phase1_hard,images/cju7dda8w2br20818zhsuz8s7.png,1,0.8125843405723572,0.9029690027236938,0.7664381861686707
Colon_Kvasir,9,phase1_hard,images/cju7ddtz729960801uazp1knc.png,1,0.822455108165741,0.9986068606376648,0.996861457824707
Colon_Kvasir,9,phase1_hard,images/cju7deifq2fzn0755lc8idyh8.png,1,0.7981429100036621,0.819357693195343,0.6913445591926575
Colon_Kvasir,9,phase1_hard,images/cju7dff9529h208503w60lbil.png,1,0.8123313784599304,0.2181297242641449,0.11739630252122879
Colon_Kvasir,9,phase1_hard,images/cju7dglf226g50987ohbthl19.png,1,0.8122672438621521,0.6900172233581543,0.3717121183872223
Colon_Kvasir,9,phase1_hard,images/cju7dhpsc2dnn0818025m6857.png,1,0.8178865909576416,0.9688665270805359,0.934775173664093
Colon_Kvasir,9,phase1_hard,images/cju7dizi82h2i0755doucgnt3.png,1,0.8217374086380005,0.9968687891960144,0.9939786195755005
Colon_Kvasir,9,phase1_hard,images/cju7dlk532dsh0871zvr6qz0r.png,1,0.787541389465332,0.9859176278114319,0.973677396774292
Colon_Kvasir,9,phase1_hard,images/cju7dmlgf2ebw0871ieqas5fh.png,1,0.8139542937278748,0.988010823726654,0.9773473143577576
Colon_Kvasir,9,phase1_hard,images/cju7dn24o296i09871qfxb8s2.png,1,0.8157168030738831,0.9516222476959229,0.9221428036689758
Colon_Kvasir,9,phase1_hard,images/cju7do8c72dbo0801vxfzxdc4.png,1,0.8093007802963257,0.9893059134483337,0.9533202052116394
Colon_Kvasir,9,phase1_hard,images/cju7dp3dw2k4n0755zhe003ad.png,1,0.8164702653884888,0.9439632892608643,0.925801157951355
Colon_Kvasir,9,phase1_hard,images/cju7dqcwi2dz00850gcmr2ert.png,1,0.8173402547836304,0.8427695035934448,0.5426429510116577
Colon_Kvasir,9,phase1_hard,images/cju7druhp2gp308715i6km7be.png,1,0.8145459294319153,0.9324999451637268,0.895383358001709
Colon_Kvasir,9,phase1_hard,images/cju7dsrtb2f8i085064kwugfk.png,1,0.8044337034225464,0.49338802695274353,0.2975558936595917
Colon_Kvasir,9,phase1_hard,images/cju7dtb1e2j0t0818deq51ib3.png,1,0.8142805099487305,0.9101375937461853,0.8430690765380859
Colon_Kvasir,9,phase1_hard,images/cju7dubap2g0w0801fgl42mg9.png,1,0.8111379146575928,0.9897416830062866,0.9826424717903137
Colon_Kvasir,9,phase1_hard,images/cju7dvl5m2n4t0755hlnnjjet.png,1,0.8091030716896057,0.1935887634754181,0.09725301712751389
Colon_Kvasir,9,phase1_hard,images/cju7dwe282dc309876rco45ts.png,1,0.8136777281761169,0.9412424564361572,0.5798220634460449
Colon_Kvasir,9,phase1_hard,images/cju7dxffn2eam0817qxosfwch.png,1,0.8197846412658691,0.9685986638069153,0.9580718278884888
Colon_Kvasir,9,phase1_hard,images/cju7dymur2od30755eg8yv2ht.png,1,0.8155930042266846,0.9731463193893433,0.9337798357009888
Colon_Kvasir,9,phase1_hard,images/cju7dz5yy2i7z0801ausi7rna.png,1,0.811773955821991,0.8731595277786255,0.6478392481803894
Colon_Kvasir,9,phase1_hard,images/cju7ea4om2l910801bohqjccy.png,1,0.8126540184020996,0.9640430212020874,0.8970573544502258
Colon_Kvasir,9,phase1_hard,images/cju7ebe962hr409872ovibahw.png,1,0.8193857073783875,0.9094883799552917,0.7569341063499451
Colon_Kvasir,9,phase1_hard,images/cju7ecl9i2i060987xawjp4l0.png,1,0.8164445161819458,0.9935681223869324,0.9893444180488586
Colon_Kvasir,9,phase1_hard,images/cju7eea9b2m0z0801ynqv1fqu.png,1,0.815220057964325,0.9814224243164062,0.9516976475715637
Colon_Kvasir,9,phase1_hard,images/cju7efffp2ivf0817etg3jehl.png,1,0.8072786331176758,0.9149697422981262,0.8166453838348389
Colon_Kvasir,9,phase1_hard,images/cju7ehljc2or70871261br8ai.png,1,0.8139088153839111,0.38214221596717834,0.2563426196575165
Colon_Kvasir,9,phase1_hard,images/cju7ejm2l2ncl0801wq6y84nw.png,1,0.8221480250358582,0.07764722406864166,0.04340359568595886
Colon_Kvasir,9,phase1_hard,images/cju7ekbo32pft0871fv7kzwb9.png,1,0.8088341355323792,0.8345082402229309,0.49090954661369324
Colon_Kvasir,9,phase1_hard,images/cju7el6xv2k520817qxx9wdr5.png,1,0.8156241774559021,0.9816941618919373,0.9000810980796814
Colon_Kvasir,9,phase1_hard,images/cju7emdni2py40871ivhxjtut.png,1,0.8186646699905396,0.9925915002822876,0.9746943116188049
Colon_Kvasir,9,phase1_hard,images/cju7eotqi2qea0871y8yc7tqh.png,1,0.7976760864257812,0.6203051209449768,0.40642619132995605
Colon_Kvasir,9,phase1_hard,images/cju7epwj82koz098713apjnzo.png,1,0.7991508841514587,0.7694805264472961,0.6207939386367798
Colon_Kvasir,9,phase1_hard,images/cju7er4kc2opa0801anuxc0eb.png,1,0.8062648177146912,0.9886015057563782,0.9801691174507141
Colon_Kvasir,9,phase1_hard,images/cju7es23b2vcp0755gpbm9s7v.png,1,0.8119794130325317,0.8929443955421448,0.764731764793396
Colon_Kvasir,9,phase1_hard,images/cju7et17a2vjk0755e743npl1.png,1,0.8013033866882324,0.8587425947189331,0.6475804448127747
Colon_Kvasir,9,phase1_hard,images/cju7etr3y2p4t0801cdzjj8ab.png,1,0.8081347346305847,0.9706918001174927,0.8693751096725464
Colon_Kvasir,9,phase1_hard,images/cju7eueum2oqn0850rodmx8zo.png,1,0.8128538727760315,0.978260338306427,0.9656547904014587
Colon_Kvasir,9,phase1_hard,images/cju7ev2b12owa08500bpfpwyw.png,1,0.7975733280181885,0.8292415738105774,0.6690673232078552
Colon_Kvasir,9,phase1_hard,images/cju7evxt12m730987rxivne3x.png,1,0.8113394379615784,0.16963036358356476,0.04520699381828308
Colon_Kvasir,9,phase1_hard,images/cju7ey10f2rvf0871bwbi9x82.png,1,0.8013105988502502,0.7977365851402283,0.6824203729629517
Colon_Kvasir,9,phase1_hard,images/cju7ez7r22qbc08015xfoz2wb.png,1,0.8125408291816711,0.95782870054245,0.912651777267456
Colon_Kvasir,9,phase1_hard,images/cju7ezs7g2mxm098787atbran.png,1,0.8088424801826477,0.16047458350658417,0.0791940838098526
Colon_Kvasir,9,phase1_hard,images/cju7f0ec32txj08184asb8w5f.png,1,0.8187857866287231,0.7898433804512024,0.6409693956375122
Colon_Kvasir,9,phase1_hard,images/cju7f4sc62xqj075597xpmuoy.png,1,0.8099693059921265,0.9966663718223572,0.9810478091239929
Colon_Kvasir,9,phase1_hard,images/cju7f5ghb2r5s0801chwkxxh9.png,1,0.825438916683197,0.9993590712547302,0.9977335929870605
Colon_Kvasir,9,phase1_hard,images/cju7f6cqy2ur20818t1saazbm.png,1,0.8119557499885559,0.6809132099151611,0.4977922737598419
Colon_Kvasir,9,phase1_hard,images/cju7f900s2o0k08175gl1giid.png,1,0.8159589767456055,0.9033622145652771,0.8660454154014587
Colon_Kvasir,9,phase1_hard,images/cju7f9umg2olj0987fj5y285w.png,1,0.8171670436859131,0.6593764424324036,0.4531557559967041
Colon_Kvasir,9,phase1_hard,images/cju7fazv92ywx0755xov2erga.png,1,0.8195348381996155,0.9162356853485107,0.6696043014526367
Colon_Kvasir,9,phase1_hard,images/cju7fbndk2sl608015ravktum.png,1,0.7649219036102295,0.5161800980567932,0.2774756848812103
Colon_Kvasir,9,phase1_hard,images/cju7fcgbe2z3p07550vaflqdb.png,1,0.815631628036499,0.7907192707061768,0.5742700695991516
Colon_Kvasir,9,phase1_hard,images/cju7fd6yt2p740987wkr8exo1.png,1,0.8165006637573242,0.39494115114212036,0.2470768839120865
Colon_Kvasir,9,phase1_hard,images/cju7fen322ou10817ziqkob4k.png,1,0.804689884185791,0.9420573115348816,0.9017856121063232
Colon_Kvasir,9,phase1_hard,images/cju7ff97z2ow40817u2r83my5.png,1,0.8111039400100708,0.7579268217086792,0.5783160924911499
Colon_Kvasir,9,phase1_hard,images/cju7flevb2wii08188otgs9p2.png,1,0.8192639350891113,0.980370283126831,0.9615393280982971
Colon_Kvasir,9,phase1_hard,images/cju7fmvpk2q170987v6i3ola8.png,1,0.7879319787025452,0.9957708716392517,0.9921255707740784
Colon_Kvasir,9,phase1_hard,images/cju7fnfv02tt90801djnix9m8.png,1,0.8044049143791199,0.6001245379447937,0.19103075563907623
Colon_Kvasir,9,phase1_hard,images/cju7fob3x301u0755x985pmmq.png,1,0.808180570602417,0.21436169743537903,0.06279671937227249
Colon_Kvasir,9,phase1_hard,images/cju7fpfzq2wyf0818xxd1oziv.png,1,0.8174850344657898,0.5140787959098816,0.43368977308273315
Colon_Kvasir,9,phase1_hard,images/cju7fq7mm2pw508176uk5ugtx.png,1,0.8168758153915405,0.02428814209997654,0.006518540438264608
Colon_Kvasir,9,phase1_hard,images/cju7frtqu2xa20818wq8r9fzf.png,1,0.8209628462791443,0.7465723752975464,0.5013934373855591
Colon_Kvasir,9,phase1_hard,images/cju7g7ba42z310987bqzbi2bq.png,1,0.8121617436408997,0.9642916321754456,0.8832934498786926
Colon_Kvasir,9,phase1_hard,images/cju83h9ysjwe808716nt35oah.png,1,0.8079124093055725,0.9998575448989868,0.999482274055481
Colon_Kvasir,9,phase1_hard,images/cju83ipu3jwpx0801z5pvguf8.png,1,0.8020577430725098,0.950933039188385,0.7056611180305481
Colon_Kvasir,9,phase1_hard,images/cju83k8fyjsxr0817d6nxs6r4.png,1,0.8188496828079224,0.994959831237793,0.9886716604232788
Colon_Kvasir,9,phase1_hard,images/cju83kxitjv340987z09m0ezy.png,1,0.7639902830123901,0.013169527053833008,0.0054554566740989685
Colon_Kvasir,9,phase1_hard,images/cju83mki1jv5w0817kubxm31r.png,1,0.8164693117141724,0.9821979403495789,0.9662686586380005
Colon_Kvasir,9,phase1_hard,images/cju83nwu1jxte0987h1krpfmv.png,1,0.812599778175354,0.889846920967102,0.8582807183265686
Colon_Kvasir,9,phase1_hard,images/cju83qd0yjyht0817ktkfl268.png,1,0.8137144446372986,0.9919929504394531,0.9806592464447021
Colon_Kvasir,9,phase1_hard,images/cju83rcnzkbsj0755x5anfrcg.png,1,0.8080886006355286,0.26188424229621887,0.16323816776275635
Colon_Kvasir,9,phase1_hard,images/cju83syhdk6gs0801rf1rekdl.png,1,0.8088390231132507,0.9974313378334045,0.9924147129058838
Colon_Kvasir,9,phase1_hard,images/cju83u9ftk3ni0987qnhlcinv.png,1,0.8153773546218872,0.9920404553413391,0.9825392365455627
Colon_Kvasir,9,phase1_hard,images/cju83vvmik9wa08710yeh7cuk.png,1,0.8129032254219055,0.792881429195404,0.4096042513847351
Colon_Kvasir,9,phase1_hard,images/cju83wwn1k55e0850kw6i2d81.png,1,0.8205221891403198,0.9946957230567932,0.9886133670806885
Colon_Kvasir,9,phase1_hard,images/cju83yddek68q0850d2x7zfkm.png,1,0.8110446333885193,0.7900623679161072,0.7006330490112305
Colon_Kvasir,9,phase1_hard,images/cju8402x1kcy70801t6kz6bdi.png,1,0.8149197697639465,0.9783555269241333,0.9630849361419678
Colon_Kvasir,9,phase1_hard,images/cju8418jhkf7d0818ga2v0xq0.png,1,0.815292477607727,0.8147408962249756,0.7139579057693481
Colon_Kvasir,9,phase1_hard,images/cju8432cmkgq90871cxe4iptl.png,1,0.7995741963386536,0.8912991285324097,0.6837882995605469
Colon_Kvasir,9,phase1_hard,images/cju843yjskhq30818qre4rwm2.png,1,0.7972601056098938,0.018655965104699135,0.011113741435110569
Colon_Kvasir,9,phase1_hard,images/cju846ec0kj7z08012o10klrb.png,1,0.7990970611572266,0.734089195728302,0.6599377393722534
Colon_Kvasir,9,phase1_hard,images/cju847pxykriq0755268ktrk2.png,1,0.8214137554168701,0.9796372056007385,0.95561683177948
Colon_Kvasir,9,phase1_hard,images/cju849c23kgnk0817cgv2hw1e.png,1,0.8059406280517578,0.9967440366744995,0.9896793365478516
Colon_Kvasir,9,phase1_hard,images/cju84aoa3ktwn0755pfl4gfwd.png,1,0.8185714483261108,0.6239756345748901,0.4814019203186035
Colon_Kvasir,9,phase1_hard,images/cju84dsvaklpx098750hp83x4.png,1,0.807094395160675,0.9977020621299744,0.9963152408599854
Colon_Kvasir,9,phase1_hard,images/cju84ffdzkrjn08183jh1fxmb.png,1,0.8022313714027405,0.11763225495815277,0.07913029193878174
Colon_Kvasir,9,phase1_hard,images/cju84gpefknwm098714oq8q61.png,1,0.815457284450531,0.9167406558990479,0.8619086742401123
Colon_Kvasir,9,phase1_hard,images/cju84hibuktj80871u519o71q.png,1,0.8133863806724548,0.4851952791213989,0.29384592175483704
Colon_Kvasir,9,phase1_hard,images/cju84ih17kp5l09876bkooocl.png,1,0.8099349737167358,0.9722869396209717,0.927997350692749
Colon_Kvasir,9,phase1_hard,images/cju84jdl9kv0i0871eog9b3i9.png,1,0.8253551125526428,0.9939067959785461,0.9870858192443848
Colon_Kvasir,9,phase1_hard,images/cju84kplnl1y30755ropua1b0.png,1,0.8176846504211426,0.944176435470581,0.9146867990493774
Colon_Kvasir,9,phase1_hard,images/cju8567gdlcbq0801dwwyo2jt.png,1,0.7888473868370056,0.34525594115257263,0.3012925386428833
Colon_Kvasir,9,phase1_hard,images/cju857ad0l88m0817qx4cwxnf.png,1,0.8111714720726013,0.9896173477172852,0.9851279854774475
Colon_Kvasir,9,phase1_hard,images/cju858eswlepn0871pzvdrhj1.png,1,0.8040511012077332,0.9023473262786865,0.7184303402900696
Colon_Kvasir,9,phase1_hard,images/cju85a8h8llwm07559wxg4t5w.png,1,0.8161026239395142,0.9989448189735413,0.9959229230880737
Colon_Kvasir,9,phase1_hard,images/cju85bf1algsq0871y9gtlq97.png,1,0.8099609613418579,0.9980396628379822,0.9965343475341797
Colon_Kvasir,9,phase1_hard,images/cju85c2d4ln1b0755zz1z3onx.png,1,0.8044872879981995,0.7690038084983826,0.6924880146980286
Colon_Kvasir,9,phase1_hard,images/cju85citjlnfm0755i4rk5tqj.png,1,0.8016325235366821,0.5250470638275146,0.22765886783599854
Colon_Kvasir,9,phase1_hard,images/cju85dx63lic408017f0l0400.png,1,0.8232452273368835,0.6731162071228027,0.3183247148990631
Colon_Kvasir,9,phase1_hard,images/cju85fc11ljr40818edpb0inh.png,1,0.8197585940361023,0.9973568916320801,0.996426522731781
Colon_Kvasir,9,phase1_hard,images/cju85hguellg50818kwu3s8d1.png,1,0.8187342882156372,0.9240624904632568,0.7993845343589783
Colon_Kvasir,9,phase1_hard,images/cju85ia1slh220987y7c20sm2.png,1,0.812661349773407,0.20793592929840088,0.14896562695503235
Colon_Kvasir,9,phase1_hard,images/cju85je7vlht70817c9jcjwi4.png,1,0.8178809881210327,0.7351743578910828,0.4524429738521576
Colon_Kvasir,9,phase1_hard,images/cju85l4yjlops0801fvmnwptf.png,1,0.8138813972473145,0.9613581895828247,0.9291200041770935
Colon_Kvasir,9,phase1_hard,images/cju85mpuglq8k0818d2it6hzb.png,1,0.8159583210945129,0.5711013078689575,0.4394723176956177
Colon_Kvasir,9,phase1_hard,images/cju85nr8elly209872w9n5m0s.png,1,0.8153321743011475,0.9863052368164062,0.9786553382873535
Colon_Kvasir,9,phase1_hard,images/cju85omszllp30850b6rm9mi3.png,1,0.8043228387832642,0.7997472286224365,0.5102341771125793
Colon_Kvasir,9,phase1_hard,images/cju85plp7lmkw0850rx42jdpf.png,1,0.8160997033119202,0.23684082925319672,0.15776166319847107
Colon_Kvasir,9,phase1_hard,images/cju85qefyln6v0850szeb9byi.png,1,0.8006688356399536,0.011244201101362705,0.0027800225652754307
Colon_Kvasir,9,phase1_hard,images/cju85rkbnlo1c08503uxcpax1.png,1,0.8182072639465332,0.8772594332695007,0.8163313269615173
Colon_Kvasir,9,phase1_hard,images/cju87kbcen2av0987usezo8kn.png,1,0.8166390657424927,0.9926262497901917,0.9881764650344849
Colon_Kvasir,9,phase1_hard,images/cju87li0zn3yb0817kbwgjiz8.png,1,0.8162708878517151,0.12742595374584198,0.051638517528772354
Colon_Kvasir,9,phase1_hard,images/cju87mrypnb1e0818scv1mxxg.png,1,0.8204048871994019,0.9910878539085388,0.9642168283462524
Colon_Kvasir,9,phase1_hard,images/cju87nkyrnb970801q84m47yt.png,1,0.8210314512252808,0.4841022789478302,0.23068825900554657
Colon_Kvasir,9,phase1_hard,images/cju87ox0kncom0801b98hqnd2.png,1,0.8123675584793091,0.7692610025405884,0.6471324563026428
Colon_Kvasir,9,phase1_hard,images/cju87q6yoneim0871dl4phvkd.png,1,0.8105642199516296,0.9016528725624084,0.8157720565795898
Colon_Kvasir,9,phase1_hard,images/cju87r56lnkyp0755hz30leew.png,1,0.8079549074172974,0.09605667740106583,0.04349426180124283
Colon_Kvasir,9,phase1_hard,images/cju87tyddnnad0755bj0wxahe.png,1,0.8086398243904114,0.9976626634597778,0.9945860505104065
Colon_Kvasir,9,phase1_hard,images/cju87vqa0ndwg0850onjdz7ol.png,1,0.817283034324646,0.981448233127594,0.9714810252189636
Colon_Kvasir,9,phase1_hard,images/cju87xn2snfmv0987sc3d9xnq.png,1,0.8154028654098511,0.9352445006370544,0.8285092115402222
Colon_Kvasir,9,phase1_hard,images/cju87z6o6nh73085045bzsx6o.png,1,0.7951400279998779,0.9776195287704468,0.9510927200317383
Colon_Kvasir,9,phase1_hard,images/cju87zv8lni0o0850hbbecbq6.png,1,0.8229370713233948,0.8090829253196716,0.6235536336898804
Colon_Kvasir,9,phase1_hard,images/cju8828oxnool0801qno9luhr.png,1,0.8210409283638,0.9908303022384644,0.9843111634254456
Colon_Kvasir,9,phase1_hard,images/cju884985nlmx0817vzpax3y4.png,1,0.8181204795837402,0.2649132013320923,0.07384643703699112
Colon_Kvasir,9,phase1_hard,images/cju885ikhnmkn09878s2lqtuh.png,1,0.8140638470649719,0.9716385006904602,0.9550293684005737
Colon_Kvasir,9,phase1_hard,images/cju886ryxnsl50801r93jai7q.png,1,0.8178691864013672,0.9900143146514893,0.964445173740387
Colon_Kvasir,9,phase1_hard,images/cju887ftknop008177nnjt46y.png,1,0.8101842999458313,0.005658241920173168,0.0021701189689338207
Colon_Kvasir,9,phase1_hard,images/cju888fr7nveu0818r9uwtiit.png,1,0.8001223802566528,0.9851706624031067,0.972125232219696
Colon_Kvasir,9,phase1_hard,images/cju88aq6vo1ij0755c2ey7z7n.png,1,0.8120288252830505,0.4905507266521454,0.29112324118614197
Colon_Kvasir,9,phase1_hard,images/cju88cddensj00987788yotmg.png,1,0.8079203367233276,0.9043525457382202,0.8102361559867859
Colon_Kvasir,9,phase1_hard,images/cju88evxanv9r08176zkeovec.png,1,0.8066767454147339,0.9067631959915161,0.8054165840148926
Colon_Kvasir,9,phase1_hard,images/cju88fpm4o0tl0871w1i6a4ds.png,1,0.8017942309379578,0.22508755326271057,0.11544059962034225
Colon_Kvasir,9,phase1_hard,images/cju88gx09o2vk0818610zody3.png,1,0.8034792542457581,0.9573081731796265,0.9295436143875122
Colon_Kvasir,9,phase1_hard,images/cju88itqbny720987hxizbj5y.png,1,0.8205684423446655,0.9062915444374084,0.8633182048797607
Colon_Kvasir,9,phase1_hard,images/cju88k75inzyb0850ccv5x3vk.png,1,0.815632164478302,0.773747980594635,0.5945578217506409
Colon_Kvasir,9,phase1_hard,images/cju88l66no10s0850rsda7ej1.png,1,0.8137542009353638,0.49586623907089233,0.18239805102348328
Colon_Kvasir,9,phase1_hard,images/cju88msmoo3470817m441j4sg.png,1,0.8120211958885193,0.9977747797966003,0.9966973662376404
Colon_Kvasir,9,phase1_hard,images/cju88nroho44508500129f1nh.png,1,0.8186594843864441,0.9114252924919128,0.7478169202804565
Colon_Kvasir,9,phase1_hard,images/cju88oh0po9gq0801nge4tgr1.png,1,0.8145892024040222,0.9913502931594849,0.965053141117096
Colon_Kvasir,9,phase1_hard,images/cju88q6h6obpd0871ckmiabbo.png,1,0.8127089738845825,0.99273282289505,0.9604998230934143
Colon_Kvasir,9,phase1_hard,images/cju88rl5eo94l0850kf5wtrm1.png,1,0.8179045915603638,0.9995461106300354,0.9989819526672363
Colon_Kvasir,9,phase1_hard,images/cju88t4fvokxf07558ymyh281.png,1,0.7923914194107056,0.06760876625776291,0.024847574532032013
Colon_Kvasir,9,phase1_hard,images/cju88trl3ogi208716qvti51b.png,1,0.8045690059661865,0.07761659473180771,0.03108796291053295
Colon_Kvasir,9,phase1_hard,images/cju88v2f9oi8w0871hx9auh01.png,1,0.8018906116485596,0.7442911863327026,0.355238139629364
Colon_Kvasir,9,phase1_hard,images/cju88vx2uoocy075531lc63n3.png,1,0.8017429709434509,0.8616522550582886,0.6653717160224915
Colon_Kvasir,9,phase1_hard,images/cju88y1mwoln50871emyfny1g.png,1,0.8216429948806763,0.9984814524650574,0.9972982406616211
Colon_Kvasir,9,phase1_hard,images/cju88z8bson4h0871nnd7fdxo.png,1,0.819839358329773,0.958507239818573,0.9215399026870728
Colon_Kvasir,9,phase1_hard,images/cju890guyoiti098753yg6cdu.png,1,0.8145371675491333,0.9277728796005249,0.8628830313682556
Colon_Kvasir,9,phase1_hard,images/cju8914beokbf0850isxpocrk.png,1,0.8023489713668823,0.3662673234939575,0.12705156207084656
Colon_Kvasir,9,phase1_hard,images/cju892fesoq2g0801n0e0jyia.png,1,0.7865931987762451,0.11160247027873993,0.026181397959589958
Colon_Kvasir,9,phase1_hard,images/cju893jmdompz0817xn3g1w4h.png,1,0.7817662954330444,0.0005036739748902619,5.634625267703086e-05
Colon_Kvasir,9,phase1_hard,images/cju89y9h0puti0818i5yw29e6.png,1,0.7967362403869629,0.994978129863739,0.9912538528442383
Colon_Kvasir,9,phase1_hard,images/cju89z6pqpqfx0817mfv8ixjc.png,1,0.7833822965621948,0.006419021170586348,0.002079147845506668
Colon_Kvasir,9,phase1_hard,images/cju8a1jtvpt9m081712iwkca7.png,1,0.786309540271759,0.9939624667167664,0.990260124206543
Colon_Kvasir,9,phase1_hard,images/cju8a2itsq4dv0755ntlovpxe.png,1,0.8091952204704285,0.9863043427467346,0.9050806164741516
Colon_Kvasir,9,phase1_hard,images/cju8a3nhbpwnb0850d37fo2na.png,1,0.7659896016120911,0.9962601661682129,0.9896568655967712
Colon_Kvasir,9,phase1_hard,images/cju8a56vxpy780850r45yu4wk.png,1,0.810392439365387,0.8733408451080322,0.6873703002929688
Colon_Kvasir,9,phase1_hard,images/cju8a84g0q76m0818hwiggkod.png,1,0.8181960582733154,0.999115526676178,0.998786211013794
Colon_Kvasir,9,phase1_hard,images/cju8abobpqbir08189u01huru.png,1,0.7954266667366028,0.6009941697120667,0.4585345387458801
Colon_Kvasir,9,phase1_hard,images/cju8adb60qbiu080188mxpf8d.png,1,0.801525890827179,0.9651795625686646,0.9015209078788757
Colon_Kvasir,9,phase1_hard,images/cju8aeei7q8k308173n9y4klv.png,1,0.7990300059318542,0.5391928553581238,0.2812635600566864
Colon_Kvasir,9,phase1_hard,images/cju8aj01yqeqm0850lhdz3xdw.png,1,0.8014861345291138,0.9646594524383545,0.8601561188697815
Colon_Kvasir,9,phase1_hard,images/cju8alhigqn2h0801zksudldd.png,1,0.8157537579536438,0.9210814833641052,0.8722071051597595
Colon_Kvasir,9,phase1_hard,images/cju8amfdtqi4x09871tygrgqe.png,1,0.817600429058075,0.9832084774971008,0.9243364334106445
Colon_Kvasir,9,phase1_hard,images/cju8ando2qqdo0818ck7i1be1.png,1,0.809532880783081,0.9870806336402893,0.9788293838500977
Colon_Kvasir,9,phase1_hard,images/cju8apjewqrk00801k5d71gky.png,1,0.7978532314300537,0.30384668707847595,0.15340909361839294
Colon_Kvasir,9,phase1_hard,images/cju8aqq8uqmoq0987hphto9gg.png,1,0.8086603283882141,0.9835062623023987,0.9763875603675842
Colon_Kvasir,9,phase1_hard,images/cju8arof2qpf20850ifr1bnqj.png,1,0.7947614192962646,0.9621294140815735,0.8930522203445435
Colon_Kvasir,9,phase1_hard,images/cju8ashhnquqr0801rwduzt7d.png,1,0.7597365975379944,0.014270727522671223,0.009236610494554043
Colon_Kvasir,9,phase1_hard,images/cju8at3s1qqqx0850hcq8nmnq.png,1,0.7949197292327881,0.6775593757629395,0.33878740668296814
Colon_Kvasir,9,phase1_hard,images/cju8auylgqx0z0871u4o4db7o.png,1,0.8174043297767639,0.9599653482437134,0.8606852293014526
Colon_Kvasir,9,phase1_hard,images/cju8aw9n1qyg10801jkjlmors.png,1,0.8158301711082458,0.9875297546386719,0.9785301685333252
Colon_Kvasir,9,phase1_hard,images/cju8axq24r4an0755yhv9d4ly.png,1,0.8185651898384094,0.3439570367336273,0.20680534839630127
Colon_Kvasir,9,phase1_hard,images/cju8ayeq7r1fb0818z1junacy.png,1,0.8120886087417603,0.8933435678482056,0.7798881530761719
Colon_Kvasir,9,phase1_hard,images/cju8azmhcr66e0755t61atz72.png,1,0.7893720865249634,0.9962003827095032,0.9922595620155334
Colon_Kvasir,9,phase1_hard,images/cju8b0jr0r2oi0801jiquetd5.png,1,0.7959966063499451,0.6541717052459717,0.33829185366630554
Colon_Kvasir,9,phase1_hard,images/cju8b1v3br45u087189kku66u.png,1,0.818169116973877,0.9096419215202332,0.8495169878005981
Colon_Kvasir,9,phase1_hard,images/cju8b2rmgr52s0801p54eyflx.png,1,0.8173646926879883,0.738040566444397,0.47294989228248596
Colon_Kvasir,9,phase1_hard,images/cju8b3ka8r64u0801fh18hk7l.png,1,0.8175446391105652,0.9970625042915344,0.9905651211738586
Colon_Kvasir,9,phase1_hard,images/cju8b4ja9r2s808509d45ma86.png,1,0.8151034116744995,0.9998273253440857,0.9994279742240906
Colon_Kvasir,9,phase1_hard,images/cju8b542nr81x0871uxnkm9ih.png,1,0.7916979789733887,0.005989299155771732,0.0012722568353638053
Colon_Kvasir,9,phase1_hard,images/cju8b5p40r2c60987ofa0mu03.png,1,0.8063089847564697,0.046793729066848755,0.015449370257556438
Colon_Kvasir,9,phase1_hard,images/cju8b6rp0r5st0850184f79xt.png,1,0.8151405453681946,0.9858620166778564,0.9601903557777405
Colon_Kvasir,9,phase1_hard,images/cju8b7aqtr4a00987coba14b7.png,1,0.7731755375862122,0.10991867631673813,0.041578251868486404
Colon_Kvasir,9,phase1_hard,images/cju8b8yair65w09878pyqtr96.png,1,0.8206941485404968,0.86822909116745,0.7590935826301575
Colon_Kvasir,9,phase1_hard,images/cju8bafgqrf4x0818twisk3ea.png,1,0.8185272216796875,0.7126538753509521,0.5656211376190186
Colon_Kvasir,9,phase1_hard,images/cju8bbznkrf5g0871jncffynk.png,1,0.8134273886680603,0.9974983334541321,0.9951009750366211
Colon_Kvasir,9,phase1_hard,images/cju8bff9nrfi10850fmfzbf8v.png,1,0.8084708452224731,0.9426515698432922,0.9104695320129395
Colon_Kvasir,9,phase1_hard,images/cju8bgdmqrksy0801tozdmraa.png,1,0.8190644979476929,0.8993746042251587,0.7510351538658142
Colon_Kvasir,9,phase1_hard,images/cju8bh8surexp0987o5pzklk1.png,1,0.8113436102867126,0.8103618621826172,0.45486024022102356
Colon_Kvasir,9,phase1_hard,images/cju8bi8q7rlmn0871abc5ch8k.png,1,0.8162288069725037,0.3098255395889282,0.20329055190086365
Colon_Kvasir,9,phase1_hard,images/cju8bj2ssrmlm0871gc2ug2rs.png,1,0.8050459623336792,0.4087308943271637,0.06345020234584808
Colon_Kvasir,9,phase1_hard,images/cju8bk8oirjhw0817hgkua2w8.png,1,0.8047188520431519,0.9916818737983704,0.9777666330337524
Colon_Kvasir,9,phase1_hard,images/cju8bljw9rqk20801kr54akrl.png,1,0.8162457942962646,0.8163710236549377,0.3835597038269043
Colon_Kvasir,9,phase1_hard,images/cju8bm24yrrdp081829mbo8ic.png,1,0.8137744665145874,0.346552312374115,0.177190363407135
Colon_Kvasir,9,phase1_hard,images/cju8bn7m2rmm70817hgxpb1uq.png,1,0.8083282113075256,0.7146484851837158,0.4811497926712036
Colon_Kvasir,9,phase1_hard,images/cju8bop5jrsid08716i24fqda.png,1,0.8204315900802612,0.9790247082710266,0.9625123143196106
Colon_Kvasir,9,phase1_hard,images/cju8bpctzrqkr0850zeldv9kt.png,1,0.7927004098892212,0.8608752489089966,0.5763136148452759
Colon_Kvasir,9,phase1_hard,images/cju8bqxxurs6i0850mu7mtef9.png,1,0.8141564726829529,0.960936427116394,0.9245256185531616
Colon_Kvasir,9,phase1_hard,images/cju8brv16rx7f0818uf5n89pv.png,1,0.8154540061950684,0.903020977973938,0.8273757696151733
Colon_Kvasir,9,phase1_hard,images/cju8bssulrrcy0987h1vq5060.png,1,0.8095404505729675,0.31699100136756897,0.1392805129289627
Colon_Kvasir,9,phase1_hard,images/cju8buos5rz9b08715lfr0f4f.png,1,0.799561619758606,0.7288476824760437,0.6411007046699524
Colon_Kvasir,9,phase1_hard,images/cju8bw697rwg308177tg8huas.png,1,0.8189862370491028,0.9788007140159607,0.9614825248718262
Colon_Kvasir,9,phase1_hard,images/cju8bysfgrzkl081786jwac09.png,1,0.7861838936805725,0.01050734892487526,0.0039202929474413395
Colon_Kvasir,9,phase1_hard,images/cju8bzzy2s66m08016z6mouqt.png,1,0.7939388155937195,0.8576024770736694,0.7134358286857605
Colon_Kvasir,9,phase1_hard,images/cju8c1a0ws7o208181c6lbsom.png,1,0.8180006146430969,0.8772218823432922,0.6812393665313721
Colon_Kvasir,9,phase1_hard,images/cju8c2rqzs5t80850d0zky5dy.png,1,0.8215221762657166,0.9735233187675476,0.9581140875816345
Colon_Kvasir,9,phase1_hard,images/cju8c3xs7sauj0801ieyzezr5.png,1,0.8125483989715576,0.43185868859291077,0.2642449736595154
Colon_Kvasir,9,phase1_hard,images/cju8c5223s8j80850b4kealt4.png,1,0.7986542582511902,0.009115912020206451,0.0026186085306108
Colon_Kvasir,9,phase1_hard,images/cju8c5mxls96t0850wvkvsity.png,1,0.8048893809318542,0.5573682188987732,0.31434282660484314
Colon_Kvasir,9,phase1_hard,images/cju8c5zcbsdfz0801o5t6jag1.png,1,0.7889298796653748,0.1196519061923027,0.06855921447277069
Colon_Kvasir,9,phase1_hard,images/cju8c6hnxsdvr0801wn0vrsa6.png,1,0.7977248430252075,0.805331826210022,0.41124486923217773
Colon_Kvasir,9,phase1_hard,images/cju8c82iosagu0817l74s4m5g.png,1,0.8171314597129822,0.9860088229179382,0.9600346088409424
Colon_Kvasir,9,phase1_hard,images/cju8c9akjsdjj0850s67uzlxq.png,1,0.7894330024719238,0.96273273229599,0.5893189311027527
Colon_Kvasir,9,phase1_hard,images/cju8ca4geseia0850i2ru11hw.png,1,0.811049222946167,0.9852744340896606,0.9566956162452698
Colon_Kvasir,9,phase1_hard,images/cju8cattbsivm0818p446wgel.png,1,0.8153320550918579,0.9717342853546143,0.8510411381721497
Colon_Kvasir,9,phase1_hard,images/cju8cbsyssiqj0871gr4jedjp.png,1,0.7849178910255432,0.1297064572572708,0.03929249569773674
Colon_Kvasir,9,phase1_hard,images/cju8cdeazsm8h0801jxifmzur.png,1,0.8214188814163208,0.9940317273139954,0.9769479036331177
Colon_Kvasir,9,phase1_hard,images/cju8ceacrsqkr0755hdz145es.png,1,0.8140838146209717,0.07419625669717789,0.04276930168271065
Colon_Kvasir,9,phase1_hard,images/cju8cgi2kspp308011nxdtjp6.png,1,0.8112428188323975,0.9267672896385193,0.6237100958824158
Colon_Kvasir,9,phase1_hard,images/cju8chdlqsu620755azjty1tj.png,1,0.8172879815101624,0.6932455897331238,0.5797333717346191
Colon_Kvasir,9,phase1_hard,images/cju8chxndsre008015uisl4si.png,1,0.8027423024177551,0.02747577428817749,0.012592131271958351
Colon_Kvasir,9,phase1_hard,images/cju8cj10qsrau0871o2dr6ai1.png,1,0.8104715943336487,0.022032106295228004,0.005428678821772337
Colon_Kvasir,9,phase1_hard,images/cju8clorgsuwn08714toqb7v6.png,1,0.8123775124549866,0.9917194843292236,0.9821195006370544
Colon_Kvasir,9,phase1_hard,images/cju8cwy02t9eq08185qn12c02.png,1,0.8033589720726013,0.9186570048332214,0.8800207376480103
Colon_Kvasir,9,phase1_hard,images/cju8czvnztbf40871b4m7t78w.png,1,0.810344398021698,0.7120112776756287,0.37218227982521057
Colon_Kvasir,9,phase1_hard,images/cju8d2q30tfhs0801n7lx77xl.png,1,0.8112645745277405,0.8801248073577881,0.7821871042251587
Colon_Kvasir,9,phase1_hard,images/cju8d4jgatgpj0871q2ophhkm.png,1,0.8091568946838379,0.660853922367096,0.43992066383361816
Colon_Kvasir,9,phase1_hard,images/cju8dic9mtppa0987swn23wbc.png,1,0.805759608745575,0.4209109842777252,0.14102095365524292
Colon_Kvasir,9,phase1_hard,images/cju8djdqztu6408506pzhlo18.png,1,0.8084418177604675,0.9879590272903442,0.9680161476135254
Colon_Kvasir,9,phase1_hard,images/cju8dk7eztzup08182yxko5zh.png,1,0.7814421653747559,0.9887686967849731,0.9752546548843384
Colon_Kvasir,9,phase1_hard,images/cju8dm2cau2km0818jsv9eeq2.png,1,0.8129602074623108,0.7156957387924194,0.37572333216667175
Colon_Kvasir,9,phase1_hard,images/cju8dn0c3u2v50801k8rvq02f.png,1,0.825555145740509,0.8158400058746338,0.6720500588417053
Colon_Kvasir,9,phase1_hard,images/cju8doa16u5gh0818w1ywda3q.png,1,0.8151682019233704,0.7611696720123291,0.5347313284873962
Colon_Kvasir,9,phase1_hard,images/cju8dpa89u6l80818dj6lldh9.png,1,0.8164645433425903,0.6184443831443787,0.5001533627510071
Colon_Kvasir,9,phase1_hard,images/cju8dqkrqu83i0818ev74qpxq.png,1,0.7883204817771912,0.003744342364370823,0.0020757627207785845
Colon_Kvasir,9,phase1_hard,images/cjyzjzssvd8pq0838f4nolj5l.png,1,0.7718799710273743,0.23315389454364777,0.06915618479251862
Colon_Kvasir,9,phase1_hard,images/cjyzk8qieoboa0848ogj51wwm.png,1,0.7944459319114685,0.8714893460273743,0.7251437902450562
Colon_Kvasir,9,phase1_hard,images/cjyzkmjy8evns070165gf9dmq.png,1,0.7932734489440918,0.7253726720809937,0.5295279026031494
Colon_Kvasir,9,phase1_hard,images/cjyzkpsbjdsjq07211dfi4sru.png,1,0.7738600969314575,0.0004506574186962098,0.00015614931180607527
Colon_Kvasir,9,phase1_hard,images/cjyzl833ndne80838pzuq6ila.png,1,0.8062852621078491,0.999610960483551,0.9992142915725708
Colon_Kvasir,9,phase1_hard,images/cjyzlw7f9faqr070129au64sq.png,1,0.8042827248573303,0.997787594795227,0.9943036437034607
Colon_Kvasir,9,phase1_hard,images/cjyztzaqtrv430848l8xgcerw.png,1,0.8030571937561035,0.9848839044570923,0.9660136103630066
Colon_Kvasir,9,phase1_hard,images/cjyzu3reghjya0794w7pwoi50.png,1,0.796877920627594,0.9654461145401001,0.9298214912414551
Colon_Kvasir,9,phase1_hard,images/cjyzu9th0qt4r0a46pyl4zik0.png,1,0.8074407577514648,0.5204655528068542,0.35704177618026733
Colon_Kvasir,9,phase1_hard,images/cjyzufihqquiw0a46jatrbwln.png,1,0.7951740026473999,0.8777857422828674,0.8061432838439941
Colon_Kvasir,9,phase1_hard,images/cjyzuio1qgh040763k56deohv.png,1,0.785733163356781,0.25783780217170715,0.07012473046779633
Colon_Kvasir,9,phase1_hard,images/cjyzul1qggwwj07216mhiv5sy.png,1,0.8205592632293701,0.026180241256952286,0.01188692543655634
Colon_Kvasir,9,phase1_hard,images/cjyzurzvohqnr0794es1itzek.png,1,0.796405017375946,0.1028466746211052,0.03887578472495079
Colon_Kvasir,9,phase1_hard,images/cjz14qsk2wci60794un9ozwmw.png,1,0.804854154586792,0.8564443588256836,0.7115525603294373
Colon_Kvasir,9,phase1_hard,images/ck2395w2mb4vu07480otsu6tw.png,1,0.7899770140647888,0.9848959445953369,0.9615365862846375
Colon_Kvasir,9,phase1_hard,images/ck2bxiswtxuw80838qkisqjwz.png,1,0.8158586621284485,0.9192928671836853,0.7225948572158813
Colon_Kvasir,9,phase1_hard,images/ck2bxknhjvs1x0794iogrq49k.png,1,0.8240676522254944,0.8742445111274719,0.6297065615653992
Colon_Kvasir,9,phase1_hard,images/ck2bxlujamu330725szlc2jdu.png,1,0.7848855257034302,0.9992250204086304,0.9972537159919739
Colon_Kvasir,9,phase1_hard,images/ck2bxpfgxu2mk0748gsh7xelu.png,1,0.791402280330658,0.996593177318573,0.992408275604248
Colon_Kvasir,9,phase1_hard,images/ck2bxqz3evvg20794iiyv5v2m.png,1,0.7993351221084595,0.9666323065757751,0.8140350580215454
Colon_Kvasir,9,phase1_hard,images/ck2bxskgxxzfv08386xkqtqdy.png,1,0.7744818925857544,0.5500394701957703,0.3355221450328827
Colon_Kvasir,9,phase1_hard,images/ck2bxw18mmz1k0725litqq2mc.png,1,0.8154392838478088,0.06793451309204102,0.028406012803316116
Colon_Kvasir,9,phase1_hard,images/ck2da7fwcjfis07218r1rvm95.png,1,0.7836679816246033,0.003974768798798323,0.0018217304022982717
