sample_id,group_id,image_path,mask_path,label,class_name,defect_type,grouping_method
47923109cc149931cfda,phash:47923109cc149931cfda,candle/Data/Images/Normal/0011.JPG,,0,candle,Normal,perceptual_hash
7657c8a7769aadd58e8f,phash:7657c8a7769aadd58e8f,candle/Data/Images/Normal/0013.JPG,,0,candle,Normal,perceptual_hash
2f8a0620f87f221426c0,phash:2f8a0620f87f221426c0,candle/Data/Images/Normal/0016.JPG,,0,candle,Normal,perceptual_hash
5f583633556107d34ef9,phash:5f583633556107d34ef9,candle/Data/Images/Normal/0024.JPG,,0,candle,Normal,perceptual_hash
ed2beab2480d1d12a3ca,phash:ed2beab2480d1d12a3ca,candle/Data/Images/Normal/0026.JPG,,0,candle,Normal,perceptual_hash
eb983b6e10ada689118c,phash:eb983b6e10ada689118c,candle/Data/Images/Normal/0027.JPG,,0,candle,Normal,perceptual_hash
2385c90a0d16d60137e6,phash:2385c90a0d16d60137e6,candle/Data/Images/Normal/0046.JPG,,0,candle,Normal,perceptual_hash
53e98011985fb2432c25,phash:53e98011985fb2432c25,candle/Data/Images/Normal/0100.JPG,,0,candle,Normal,perceptual_hash
c17818b220ca6b153a3c,phash:c17818b220ca6b153a3c,candle/Data/Images/Normal/0107.JPG,,0,candle,Normal,perceptual_hash
9d83e87459859a655525,phash:9d83e87459859a655525,candle/Data/Images/Normal/0159.JPG,,0,candle,Normal,perceptual_hash
5674d3461179e229c6a0,phash:5674d3461179e229c6a0,candle/Data/Images/Normal/0168.JPG,,0,candle,Normal,perceptual_hash
d004dfa46c7ab367330c,phash:d004dfa46c7ab367330c,candle/Data/Images/Normal/0172.JPG,,0,candle,Normal,perceptual_hash
07d7ae2222e9eb9bef06,phash:07d7ae2222e9eb9bef06,candle/Data/Images/Normal/0174.JPG,,0,candle,Normal,perceptual_hash
1cdac8069cec1cb6907d,phash:1cdac8069cec1cb6907d,candle/Data/Images/Normal/0196.JPG,,0,candle,Normal,perceptual_hash
b61fb70d9d4d01205750,phash:b61fb70d9d4d01205750,candle/Data/Images/Normal/0237.JPG,,0,candle,Normal,perceptual_hash
f3a452f57c129ec64ca9,phash:f3a452f57c129ec64ca9,candle/Data/Images/Normal/0261.JPG,,0,candle,Normal,perceptual_hash
cbb65cfea143bf9d10bb,phash:cbb65cfea143bf9d10bb,candle/Data/Images/Normal/0286.JPG,,0,candle,Normal,perceptual_hash
914110108c66d51c4685,phash:914110108c66d51c4685,candle/Data/Images/Normal/0294.JPG,,0,candle,Normal,perceptual_hash
6a26ad6415aad2d6a442,phash:53229b64fc667b985644,candle/Data/Images/Normal/0297.JPG,,0,candle,Normal,perceptual_hash
899c1b8903535428abb1,phash:899c1b8903535428abb1,candle/Data/Images/Normal/0303.JPG,,0,candle,Normal,perceptual_hash
f4e386b5f43b9abfe01c,phash:f4e386b5f43b9abfe01c,candle/Data/Images/Normal/0306.JPG,,0,candle,Normal,perceptual_hash
a7f43497018ad7ccab83,phash:a7f43497018ad7ccab83,candle/Data/Images/Normal/0320.JPG,,0,candle,Normal,perceptual_hash
320b109431cea6072c1f,phash:320b109431cea6072c1f,candle/Data/Images/Normal/0333.JPG,,0,candle,Normal,perceptual_hash
53229b64fc667b985644,phash:53229b64fc667b985644,candle/Data/Images/Normal/0363.JPG,,0,candle,Normal,perceptual_hash
95598c8db15e3b0ec26d,phash:95598c8db15e3b0ec26d,candle/Data/Images/Normal/0377.JPG,,0,candle,Normal,perceptual_hash
76d11823f60c8ec3a2a3,phash:76d11823f60c8ec3a2a3,candle/Data/Images/Normal/0394.JPG,,0,candle,Normal,perceptual_hash
214a657e83e94d2a2827,phash:214a657e83e94d2a2827,candle/Data/Images/Normal/0400.JPG,,0,candle,Normal,perceptual_hash
0c013a2b53302f22b5cd,phash:0c013a2b53302f22b5cd,candle/Data/Images/Normal/0417.JPG,,0,candle,Normal,perceptual_hash
f91305ca087bde8183f6,phash:f91305ca087bde8183f6,candle/Data/Images/Normal/0427.JPG,,0,candle,Normal,perceptual_hash
e0e23bfab582147d442d,phash:e0e23bfab582147d442d,candle/Data/Images/Normal/0469.JPG,,0,candle,Normal,perceptual_hash
f7cf8ba9f04171e55aa9,phash:f7cf8ba9f04171e55aa9,candle/Data/Images/Normal/0479.JPG,,0,candle,Normal,perceptual_hash
21abdca6aa39e7d0115f,phash:21abdca6aa39e7d0115f,candle/Data/Images/Normal/0483.JPG,,0,candle,Normal,perceptual_hash
e485388a04184c0a98bc,phash:e485388a04184c0a98bc,candle/Data/Images/Normal/0484.JPG,,0,candle,Normal,perceptual_hash
c47c28ada14f607c79dd,phash:c47c28ada14f607c79dd,candle/Data/Images/Normal/0488.JPG,,0,candle,Normal,perceptual_hash
807ca67df72e938d480e,phash:807ca67df72e938d480e,candle/Data/Images/Normal/0490.JPG,,0,candle,Normal,perceptual_hash
63c7a0a22e8d8e9abaab,phash:63c7a0a22e8d8e9abaab,candle/Data/Images/Normal/0514.JPG,,0,candle,Normal,perceptual_hash
909a286f9807fad38e93,phash:909a286f9807fad38e93,candle/Data/Images/Normal/0518.JPG,,0,candle,Normal,perceptual_hash
c46ad9cbd0e6bcf97e8c,phash:c46ad9cbd0e6bcf97e8c,candle/Data/Images/Normal/0520.JPG,,0,candle,Normal,perceptual_hash
05aa07aaf5f03fba64c3,phash:05aa07aaf5f03fba64c3,candle/Data/Images/Normal/0525.JPG,,0,candle,Normal,perceptual_hash
5a6470ffecae8626c7e0,phash:5a6470ffecae8626c7e0,candle/Data/Images/Normal/0545.JPG,,0,candle,Normal,perceptual_hash
e25f87fdfec5855e67c5,phash:e25f87fdfec5855e67c5,candle/Data/Images/Normal/0552.JPG,,0,candle,Normal,perceptual_hash
bbf220d8e1ee556d27a5,phash:bbf220d8e1ee556d27a5,candle/Data/Images/Normal/0569.JPG,,0,candle,Normal,perceptual_hash
923428e403cbde5875c2,phash:923428e403cbde5875c2,candle/Data/Images/Normal/0615.JPG,,0,candle,Normal,perceptual_hash
839fc7b516c6e70028bf,phash:839fc7b516c6e70028bf,candle/Data/Images/Normal/0621.JPG,,0,candle,Normal,perceptual_hash
0e49b50e4302357513f5,phash:0e49b50e4302357513f5,candle/Data/Images/Normal/0629.JPG,,0,candle,Normal,perceptual_hash
b7382902c3b00578be7c,phash:b7382902c3b00578be7c,candle/Data/Images/Normal/0648.JPG,,0,candle,Normal,perceptual_hash
b8caeb4357b174eca2ab,phash:b8caeb4357b174eca2ab,candle/Data/Images/Normal/0654.JPG,,0,candle,Normal,perceptual_hash
823ffa6ba2cecdad90cb,phash:823ffa6ba2cecdad90cb,candle/Data/Images/Normal/0657.JPG,,0,candle,Normal,perceptual_hash
1bc8c66055ac061375f1,phash:1bc8c66055ac061375f1,candle/Data/Images/Normal/0674.JPG,,0,candle,Normal,perceptual_hash
4a8661aa178373954ad5,phash:4a8661aa178373954ad5,candle/Data/Images/Normal/0684.JPG,,0,candle,Normal,perceptual_hash
883abca84f2debee7ed7,phash:883abca84f2debee7ed7,candle/Data/Images/Normal/0685.JPG,,0,candle,Normal,perceptual_hash
bc53494e231a2f338681,phash:bc53494e231a2f338681,candle/Data/Images/Normal/0688.JPG,,0,candle,Normal,perceptual_hash
5416660b42a1dcf09144,phash:5416660b42a1dcf09144,candle/Data/Images/Normal/0690.JPG,,0,candle,Normal,perceptual_hash
0ee03944f84ed5d72b42,phash:0ee03944f84ed5d72b42,candle/Data/Images/Normal/0694.JPG,,0,candle,Normal,perceptual_hash
0eebca93a415c26e5378,phash:0eebca93a415c26e5378,candle/Data/Images/Normal/0705.JPG,,0,candle,Normal,perceptual_hash
f7bc3f73a7fe94404d8a,phash:f7bc3f73a7fe94404d8a,candle/Data/Images/Normal/0725.JPG,,0,candle,Normal,perceptual_hash
bfe7c118b07b24329311,phash:bfe7c118b07b24329311,candle/Data/Images/Normal/0730.JPG,,0,candle,Normal,perceptual_hash
db228cc9fcb7838b71b5,phash:db228cc9fcb7838b71b5,candle/Data/Images/Normal/0739.JPG,,0,candle,Normal,perceptual_hash
885f34332b3228cdd65b,phash:885f34332b3228cdd65b,candle/Data/Images/Normal/0751.JPG,,0,candle,Normal,perceptual_hash
be07c6593e383a133232,phash:be07c6593e383a133232,candle/Data/Images/Normal/0755.JPG,,0,candle,Normal,perceptual_hash
855fffe34d760f1d2e60,phash:855fffe34d760f1d2e60,candle/Data/Images/Normal/0768.JPG,,0,candle,Normal,perceptual_hash
9e3eb588e827994b5b67,phash:9e3eb588e827994b5b67,candle/Data/Images/Normal/0779.JPG,,0,candle,Normal,perceptual_hash
d08c5f2518906814b31a,phash:d08c5f2518906814b31a,candle/Data/Images/Normal/0784.JPG,,0,candle,Normal,perceptual_hash
489e64781200a40c6e42,phash:489e64781200a40c6e42,candle/Data/Images/Normal/0790.JPG,,0,candle,Normal,perceptual_hash
8a51cec7f3dd98420077,phash:8a51cec7f3dd98420077,candle/Data/Images/Normal/0796.JPG,,0,candle,Normal,perceptual_hash
9114c650933dfbfcb18e,phash:9114c650933dfbfcb18e,candle/Data/Images/Normal/0797.JPG,,0,candle,Normal,perceptual_hash
5e81db39ac9f3532dfaf,phash:5e81db39ac9f3532dfaf,candle/Data/Images/Normal/0804.JPG,,0,candle,Normal,perceptual_hash
32c67a4f87fcc3d9507e,phash:32c67a4f87fcc3d9507e,candle/Data/Images/Normal/0811.JPG,,0,candle,Normal,perceptual_hash
ebc168ccb15ae012b4c3,phash:ebc168ccb15ae012b4c3,candle/Data/Images/Normal/0844.JPG,,0,candle,Normal,perceptual_hash
45727a431509fb255332,phash:45727a431509fb255332,candle/Data/Images/Normal/0869.JPG,,0,candle,Normal,perceptual_hash
00db0608abfb2f1bb0f7,phash:00db0608abfb2f1bb0f7,candle/Data/Images/Normal/0871.JPG,,0,candle,Normal,perceptual_hash
4e61783ad63bc6e3b881,phash:4e61783ad63bc6e3b881,candle/Data/Images/Normal/0900.JPG,,0,candle,Normal,perceptual_hash
d54e2d25bae963243f67,phash:d54e2d25bae963243f67,candle/Data/Images/Normal/0920.JPG,,0,candle,Normal,perceptual_hash
008b462ab742197f1212,phash:008b462ab742197f1212,candle/Data/Images/Normal/0923.JPG,,0,candle,Normal,perceptual_hash
1073011fa871850622af,phash:1073011fa871850622af,candle/Data/Images/Normal/0935.JPG,,0,candle,Normal,perceptual_hash
31ccd3fb38128c2ae81c,phash:31ccd3fb38128c2ae81c,candle/Data/Images/Normal/0952.JPG,,0,candle,Normal,perceptual_hash
dcb190e8892c03d657f7,phash:dcb190e8892c03d657f7,candle/Data/Images/Normal/0953.JPG,,0,candle,Normal,perceptual_hash
5631dace46141bbefa4a,phash:5631dace46141bbefa4a,candle/Data/Images/Normal/0964.JPG,,0,candle,Normal,perceptual_hash
7471e6d6eafabf32788d,phash:7471e6d6eafabf32788d,candle/Data/Images/Normal/0974.JPG,,0,candle,Normal,perceptual_hash
01365ca8c5b3fc5b00e8,phash:01365ca8c5b3fc5b00e8,candle/Data/Images/Normal/0994.JPG,,0,candle,Normal,perceptual_hash
5918b873b7a418f8214f,phash:5918b873b7a418f8214f,candle/Data/Images/Anomaly/001.JPG,candle/Data/Masks/Anomaly/001.png,1,candle,Anomaly,perceptual_hash
11e979f3236f5f88a7ac,phash:11e979f3236f5f88a7ac,candle/Data/Images/Anomaly/002.JPG,candle/Data/Masks/Anomaly/002.png,1,candle,Anomaly,perceptual_hash
f1d9653e749175dc91a1,phash:f1d9653e749175dc91a1,candle/Data/Images/Anomaly/003.JPG,candle/Data/Masks/Anomaly/003.png,1,candle,Anomaly,perceptual_hash
6386c82dddf97a3d85ea,phash:6386c82dddf97a3d85ea,candle/Data/Images/Anomaly/004.JPG,candle/Data/Masks/Anomaly/004.png,1,candle,Anomaly,perceptual_hash
43a401dea0d7dbc4b485,phash:43a401dea0d7dbc4b485,candle/Data/Images/Anomaly/006.JPG,candle/Data/Masks/Anomaly/006.png,1,candle,Anomaly,perceptual_hash
7f9322f1ddcec2a657bc,phash:7f9322f1ddcec2a657bc,candle/Data/Images/Anomaly/008.JPG,candle/Data/Masks/Anomaly/008.png,1,candle,Anomaly,perceptual_hash
01e85bad7f82afb76158,phash:01e85bad7f82afb76158,candle/Data/Images/Anomaly/009.JPG,candle/Data/Masks/Anomaly/009.png,1,candle,Anomaly,perceptual_hash
46ef3aca59cb3aedffb8,phash:46ef3aca59cb3aedffb8,candle/Data/Images/Anomaly/010.JPG,candle/Data/Masks/Anomaly/010.png,1,candle,Anomaly,perceptual_hash
c3b7e506857aa9c43a80,phash:c3b7e506857aa9c43a80,candle/Data/Images/Anomaly/011.JPG,candle/Data/Masks/Anomaly/011.png,1,candle,Anomaly,perceptual_hash
7584c458e127f42ffce7,phash:7584c458e127f42ffce7,candle/Data/Images/Anomaly/012.JPG,candle/Data/Masks/Anomaly/012.png,1,candle,Anomaly,perceptual_hash
be2e3e0c6b86f5df6ddf,phash:be2e3e0c6b86f5df6ddf,candle/Data/Images/Anomaly/013.JPG,candle/Data/Masks/Anomaly/013.png,1,candle,Anomaly,perceptual_hash
3e72b7b5482a0991015e,phash:3e72b7b5482a0991015e,candle/Data/Images/Anomaly/014.JPG,candle/Data/Masks/Anomaly/014.png,1,candle,Anomaly,perceptual_hash
70a627868ea2c5b1adb0,phash:70a627868ea2c5b1adb0,candle/Data/Images/Anomaly/015.JPG,candle/Data/Masks/Anomaly/015.png,1,candle,Anomaly,perceptual_hash
74669eb6c633dfcbe25f,phash:70a627868ea2c5b1adb0,candle/Data/Images/Anomaly/016.JPG,candle/Data/Masks/Anomaly/016.png,1,candle,Anomaly,perceptual_hash
7f310605fa35fccd03f2,phash:7f310605fa35fccd03f2,candle/Data/Images/Anomaly/018.JPG,candle/Data/Masks/Anomaly/018.png,1,candle,Anomaly,perceptual_hash
2dd9a8084324011845c0,phash:2dd9a8084324011845c0,candle/Data/Images/Anomaly/021.JPG,candle/Data/Masks/Anomaly/021.png,1,candle,Anomaly,perceptual_hash
17378f80e9bfcba97979,phash:17378f80e9bfcba97979,candle/Data/Images/Anomaly/022.JPG,candle/Data/Masks/Anomaly/022.png,1,candle,Anomaly,perceptual_hash
75e38d4ed398888a4618,phash:75e38d4ed398888a4618,candle/Data/Images/Anomaly/025.JPG,candle/Data/Masks/Anomaly/025.png,1,candle,Anomaly,perceptual_hash
cbc85dd5ef69786b2b02,phash:cbc85dd5ef69786b2b02,candle/Data/Images/Anomaly/027.JPG,candle/Data/Masks/Anomaly/027.png,1,candle,Anomaly,perceptual_hash
3e5fb31f49b98873d8c2,phash:3e5fb31f49b98873d8c2,candle/Data/Images/Anomaly/029.JPG,candle/Data/Masks/Anomaly/029.png,1,candle,Anomaly,perceptual_hash
1cc8cc1026775d83ceb3,phash:1cc8cc1026775d83ceb3,candle/Data/Images/Anomaly/030.JPG,candle/Data/Masks/Anomaly/030.png,1,candle,Anomaly,perceptual_hash
f7ab50d54472a1bfbf0b,phash:f7ab50d54472a1bfbf0b,candle/Data/Images/Anomaly/031.JPG,candle/Data/Masks/Anomaly/031.png,1,candle,Anomaly,perceptual_hash
f00fd61171196b021aae,phash:f00fd61171196b021aae,candle/Data/Images/Anomaly/032.JPG,candle/Data/Masks/Anomaly/032.png,1,candle,Anomaly,perceptual_hash
e015674386ae4c766935,phash:e015674386ae4c766935,candle/Data/Images/Anomaly/033.JPG,candle/Data/Masks/Anomaly/033.png,1,candle,Anomaly,perceptual_hash
d6f86da501b6376ed2f9,phash:d6f86da501b6376ed2f9,candle/Data/Images/Anomaly/034.JPG,candle/Data/Masks/Anomaly/034.png,1,candle,Anomaly,perceptual_hash
b509f6f22cf5d64e85e7,phash:b509f6f22cf5d64e85e7,candle/Data/Images/Anomaly/035.JPG,candle/Data/Masks/Anomaly/035.png,1,candle,Anomaly,perceptual_hash
90626e2d7e85edf17495,phash:90626e2d7e85edf17495,candle/Data/Images/Anomaly/036.JPG,candle/Data/Masks/Anomaly/036.png,1,candle,Anomaly,perceptual_hash
0b5ef0efae569335e755,phash:0b5ef0efae569335e755,candle/Data/Images/Anomaly/037.JPG,candle/Data/Masks/Anomaly/037.png,1,candle,Anomaly,perceptual_hash
f66820df3b8f0f51a92a,phash:f66820df3b8f0f51a92a,candle/Data/Images/Anomaly/038.JPG,candle/Data/Masks/Anomaly/038.png,1,candle,Anomaly,perceptual_hash
c6630dad39e2cd80daf6,phash:c6630dad39e2cd80daf6,candle/Data/Images/Anomaly/039.JPG,candle/Data/Masks/Anomaly/039.png,1,candle,Anomaly,perceptual_hash
c9067f41d421e5c009f5,phash:c9067f41d421e5c009f5,candle/Data/Images/Anomaly/040.JPG,candle/Data/Masks/Anomaly/040.png,1,candle,Anomaly,perceptual_hash
afa0dbadb6c9905569ad,phash:afa0dbadb6c9905569ad,candle/Data/Images/Anomaly/041.JPG,candle/Data/Masks/Anomaly/041.png,1,candle,Anomaly,perceptual_hash
15b594e6d94210a0ba75,phash:15b594e6d94210a0ba75,candle/Data/Images/Anomaly/043.JPG,candle/Data/Masks/Anomaly/043.png,1,candle,Anomaly,perceptual_hash
8cb58274abcdd0c3c4a9,phash:8cb58274abcdd0c3c4a9,candle/Data/Images/Anomaly/044.JPG,candle/Data/Masks/Anomaly/044.png,1,candle,Anomaly,perceptual_hash
2ede214f0a526534674b,phash:2ede214f0a526534674b,candle/Data/Images/Anomaly/045.JPG,candle/Data/Masks/Anomaly/045.png,1,candle,Anomaly,perceptual_hash
aff67648db8a6fe7e37e,phash:aff67648db8a6fe7e37e,candle/Data/Images/Anomaly/046.JPG,candle/Data/Masks/Anomaly/046.png,1,candle,Anomaly,perceptual_hash
c328af98e4e97ecfc650,phash:c328af98e4e97ecfc650,candle/Data/Images/Anomaly/047.JPG,candle/Data/Masks/Anomaly/047.png,1,candle,Anomaly,perceptual_hash
de7e819e9b3535b171ac,phash:de7e819e9b3535b171ac,candle/Data/Images/Anomaly/048.JPG,candle/Data/Masks/Anomaly/048.png,1,candle,Anomaly,perceptual_hash
344c8b55c06678508eeb,phash:344c8b55c06678508eeb,candle/Data/Images/Anomaly/049.JPG,candle/Data/Masks/Anomaly/049.png,1,candle,Anomaly,perceptual_hash
8f9a1bb7f86518965a6d,phash:8f9a1bb7f86518965a6d,candle/Data/Images/Anomaly/050.JPG,candle/Data/Masks/Anomaly/050.png,1,candle,Anomaly,perceptual_hash
07eeedb2856249b6d620,phash:07eeedb2856249b6d620,candle/Data/Images/Anomaly/051.JPG,candle/Data/Masks/Anomaly/051.png,1,candle,Anomaly,perceptual_hash
625a00edfdab26325e6f,phash:625a00edfdab26325e6f,candle/Data/Images/Anomaly/052.JPG,candle/Data/Masks/Anomaly/052.png,1,candle,Anomaly,perceptual_hash
65e0fd8fa7782abc376b,phash:65e0fd8fa7782abc376b,candle/Data/Images/Anomaly/053.JPG,candle/Data/Masks/Anomaly/053.png,1,candle,Anomaly,perceptual_hash
bf9d21881463dcc0c7a2,phash:bf9d21881463dcc0c7a2,candle/Data/Images/Anomaly/054.JPG,candle/Data/Masks/Anomaly/054.png,1,candle,Anomaly,perceptual_hash
b5ff2efeb7a51e638b10,phash:b5ff2efeb7a51e638b10,candle/Data/Images/Anomaly/055.JPG,candle/Data/Masks/Anomaly/055.png,1,candle,Anomaly,perceptual_hash
b6b9e45f5722d4eb027b,phash:b6b9e45f5722d4eb027b,candle/Data/Images/Anomaly/056.JPG,candle/Data/Masks/Anomaly/056.png,1,candle,Anomaly,perceptual_hash
b924364480d1c78e456b,phash:b924364480d1c78e456b,candle/Data/Images/Anomaly/057.JPG,candle/Data/Masks/Anomaly/057.png,1,candle,Anomaly,perceptual_hash
49dad877250e4ae68fa8,phash:49dad877250e4ae68fa8,candle/Data/Images/Anomaly/058.JPG,candle/Data/Masks/Anomaly/058.png,1,candle,Anomaly,perceptual_hash
c389d935055c0ac43ff5,phash:c389d935055c0ac43ff5,candle/Data/Images/Anomaly/059.JPG,candle/Data/Masks/Anomaly/059.png,1,candle,Anomaly,perceptual_hash
8ea47d82557c717ac4ec,phash:8ea47d82557c717ac4ec,candle/Data/Images/Anomaly/060.JPG,candle/Data/Masks/Anomaly/060.png,1,candle,Anomaly,perceptual_hash
ef0b6f2954ebb8d8651c,phash:ef0b6f2954ebb8d8651c,candle/Data/Images/Anomaly/061.JPG,candle/Data/Masks/Anomaly/061.png,1,candle,Anomaly,perceptual_hash
a71014a91b1e3555e2c8,phash:a71014a91b1e3555e2c8,candle/Data/Images/Anomaly/063.JPG,candle/Data/Masks/Anomaly/063.png,1,candle,Anomaly,perceptual_hash
9d81dd0f5536d6ebbda4,phash:9d81dd0f5536d6ebbda4,candle/Data/Images/Anomaly/064.JPG,candle/Data/Masks/Anomaly/064.png,1,candle,Anomaly,perceptual_hash
2e96b00792c63b2168e4,phash:2e96b00792c63b2168e4,candle/Data/Images/Anomaly/065.JPG,candle/Data/Masks/Anomaly/065.png,1,candle,Anomaly,perceptual_hash
33640732651f17ce9e15,phash:33640732651f17ce9e15,candle/Data/Images/Anomaly/067.JPG,candle/Data/Masks/Anomaly/067.png,1,candle,Anomaly,perceptual_hash
800da61380694f8f78c0,phash:800da61380694f8f78c0,candle/Data/Images/Anomaly/068.JPG,candle/Data/Masks/Anomaly/068.png,1,candle,Anomaly,perceptual_hash
ab7b44d2860e057e71ea,phash:ab7b44d2860e057e71ea,candle/Data/Images/Anomaly/069.JPG,candle/Data/Masks/Anomaly/069.png,1,candle,Anomaly,perceptual_hash
5cf1ce29dc3e4d6bdf9c,phash:5cf1ce29dc3e4d6bdf9c,candle/Data/Images/Anomaly/070.JPG,candle/Data/Masks/Anomaly/070.png,1,candle,Anomaly,perceptual_hash
15ca5ed7c01f33397deb,phash:15ca5ed7c01f33397deb,candle/Data/Images/Anomaly/071.JPG,candle/Data/Masks/Anomaly/071.png,1,candle,Anomaly,perceptual_hash
8bf75a710264cbc2638c,phash:8bf75a710264cbc2638c,candle/Data/Images/Anomaly/072.JPG,candle/Data/Masks/Anomaly/072.png,1,candle,Anomaly,perceptual_hash
d95ec6f35326891f8d83,phash:d95ec6f35326891f8d83,candle/Data/Images/Anomaly/073.JPG,candle/Data/Masks/Anomaly/073.png,1,candle,Anomaly,perceptual_hash
97355f0e4ee3be5dbc5d,phash:97355f0e4ee3be5dbc5d,candle/Data/Images/Anomaly/074.JPG,candle/Data/Masks/Anomaly/074.png,1,candle,Anomaly,perceptual_hash
90464d71ec73c4e40af7,phash:90464d71ec73c4e40af7,candle/Data/Images/Anomaly/076.JPG,candle/Data/Masks/Anomaly/076.png,1,candle,Anomaly,perceptual_hash
e9607e054b9b36a57157,phash:e9607e054b9b36a57157,candle/Data/Images/Anomaly/079.JPG,candle/Data/Masks/Anomaly/079.png,1,candle,Anomaly,perceptual_hash
5aca787218089ef0e514,phash:5aca787218089ef0e514,candle/Data/Images/Anomaly/081.JPG,candle/Data/Masks/Anomaly/081.png,1,candle,Anomaly,perceptual_hash
caa1fdffda9678ec2ee4,phash:caa1fdffda9678ec2ee4,candle/Data/Images/Anomaly/083.JPG,candle/Data/Masks/Anomaly/083.png,1,candle,Anomaly,perceptual_hash
aa4a48cb6b03b9d9eb1d,phash:aa4a48cb6b03b9d9eb1d,candle/Data/Images/Anomaly/084.JPG,candle/Data/Masks/Anomaly/084.png,1,candle,Anomaly,perceptual_hash
800400d70efe003f0790,phash:800400d70efe003f0790,candle/Data/Images/Anomaly/085.JPG,candle/Data/Masks/Anomaly/085.png,1,candle,Anomaly,perceptual_hash
944402c27728e5ca2050,phash:944402c27728e5ca2050,candle/Data/Images/Anomaly/086.JPG,candle/Data/Masks/Anomaly/086.png,1,candle,Anomaly,perceptual_hash
b8983ced24cf81838c0c,phash:b8983ced24cf81838c0c,candle/Data/Images/Anomaly/087.JPG,candle/Data/Masks/Anomaly/087.png,1,candle,Anomaly,perceptual_hash
621e8c982c388a637bad,phash:621e8c982c388a637bad,candle/Data/Images/Anomaly/088.JPG,candle/Data/Masks/Anomaly/088.png,1,candle,Anomaly,perceptual_hash
e45a89b3366dfdc5544e,phash:e45a89b3366dfdc5544e,candle/Data/Images/Anomaly/090.JPG,candle/Data/Masks/Anomaly/090.png,1,candle,Anomaly,perceptual_hash
70b5dac447ad04075112,phash:70b5dac447ad04075112,candle/Data/Images/Anomaly/091.JPG,candle/Data/Masks/Anomaly/091.png,1,candle,Anomaly,perceptual_hash
8fd20086abcda0b66e2f,phash:8fd20086abcda0b66e2f,candle/Data/Images/Anomaly/093.JPG,candle/Data/Masks/Anomaly/093.png,1,candle,Anomaly,perceptual_hash
d17d264e32ce744d5fba,phash:d17d264e32ce744d5fba,candle/Data/Images/Anomaly/094.JPG,candle/Data/Masks/Anomaly/094.png,1,candle,Anomaly,perceptual_hash
0d4c03e5ff61bf9daddd,phash:0d4c03e5ff61bf9daddd,candle/Data/Images/Anomaly/095.JPG,candle/Data/Masks/Anomaly/095.png,1,candle,Anomaly,perceptual_hash
c12b98e10477687f9251,phash:c12b98e10477687f9251,candle/Data/Images/Anomaly/096.JPG,candle/Data/Masks/Anomaly/096.png,1,candle,Anomaly,perceptual_hash
0532dd6374d77a80adce,phash:0532dd6374d77a80adce,candle/Data/Images/Anomaly/097.JPG,candle/Data/Masks/Anomaly/097.png,1,candle,Anomaly,perceptual_hash
9b1a3f04ac0dd1c0f81b,phash:9b1a3f04ac0dd1c0f81b,candle/Data/Images/Anomaly/098.JPG,candle/Data/Masks/Anomaly/098.png,1,candle,Anomaly,perceptual_hash
31ebdb393d960e9782a4,phash:31ebdb393d960e9782a4,candle/Data/Images/Anomaly/099.JPG,candle/Data/Masks/Anomaly/099.png,1,candle,Anomaly,perceptual_hash
e0f539d10bd7b0cf778f,phash:e0f539d10bd7b0cf778f,capsules/Data/Images/Normal/013.JPG,,0,capsules,Normal,perceptual_hash
600b63dafae039d88006,phash:600b63dafae039d88006,capsules/Data/Images/Normal/026.JPG,,0,capsules,Normal,perceptual_hash
c0c5d35c207eb337674f,phash:c0c5d35c207eb337674f,capsules/Data/Images/Normal/027.JPG,,0,capsules,Normal,perceptual_hash
ddebd600ac194f71b8ac,phash:ddebd600ac194f71b8ac,capsules/Data/Images/Normal/046.JPG,,0,capsules,Normal,perceptual_hash
fabb8d29e0d86a739a3f,phash:fabb8d29e0d86a739a3f,capsules/Data/Images/Normal/062.JPG,,0,capsules,Normal,perceptual_hash
b087b17855f026d8812a,phash:b087b17855f026d8812a,capsules/Data/Images/Normal/100.JPG,,0,capsules,Normal,perceptual_hash
83fe730d5d3a1e1a5336,phash:83fe730d5d3a1e1a5336,capsules/Data/Images/Normal/159.JPG,,0,capsules,Normal,perceptual_hash
e08b3205af17810a8cb8,phash:e08b3205af17810a8cb8,capsules/Data/Images/Normal/168.JPG,,0,capsules,Normal,perceptual_hash
d7107eaa5ee3840356b0,phash:d7107eaa5ee3840356b0,capsules/Data/Images/Normal/170.JPG,,0,capsules,Normal,perceptual_hash
38ca40250f36c4f0f5c3,phash:38ca40250f36c4f0f5c3,capsules/Data/Images/Normal/172.JPG,,0,capsules,Normal,perceptual_hash
32114b2d1ede62b76158,phash:32114b2d1ede62b76158,capsules/Data/Images/Normal/174.JPG,,0,capsules,Normal,perceptual_hash
18866051d812fed0f092,phash:18866051d812fed0f092,capsules/Data/Images/Normal/179.JPG,,0,capsules,Normal,perceptual_hash
691c8530780e0b63d71b,phash:691c8530780e0b63d71b,capsules/Data/Images/Normal/187.JPG,,0,capsules,Normal,perceptual_hash
6c0d29b9266649729b02,phash:6c0d29b9266649729b02,capsules/Data/Images/Normal/196.JPG,,0,capsules,Normal,perceptual_hash
21c0fd74eb86fe921492,phash:21c0fd74eb86fe921492,capsules/Data/Images/Normal/208.JPG,,0,capsules,Normal,perceptual_hash
4425401318f1a7a4743e,phash:4425401318f1a7a4743e,capsules/Data/Images/Normal/214.JPG,,0,capsules,Normal,perceptual_hash
47bd121cd5f741004842,phash:47bd121cd5f741004842,capsules/Data/Images/Normal/215.JPG,,0,capsules,Normal,perceptual_hash
449b0974fc15e3f4e95e,phash:449b0974fc15e3f4e95e,capsules/Data/Images/Normal/237.JPG,,0,capsules,Normal,perceptual_hash
2466c896c4cfe8230b0d,phash:2466c896c4cfe8230b0d,capsules/Data/Images/Normal/240.JPG,,0,capsules,Normal,perceptual_hash
2519e8682e97d349db37,phash:2519e8682e97d349db37,capsules/Data/Images/Normal/261.JPG,,0,capsules,Normal,perceptual_hash
fb08728b8066a0e3fd3a,phash:fb08728b8066a0e3fd3a,capsules/Data/Images/Normal/286.JPG,,0,capsules,Normal,perceptual_hash
762c616b16d0bf9d9c03,phash:762c616b16d0bf9d9c03,capsules/Data/Images/Normal/288.JPG,,0,capsules,Normal,perceptual_hash
65eeba638db2280f336f,phash:65eeba638db2280f336f,capsules/Data/Images/Normal/294.JPG,,0,capsules,Normal,perceptual_hash
93e25398cbed949f8bcd,phash:93e25398cbed949f8bcd,capsules/Data/Images/Normal/297.JPG,,0,capsules,Normal,perceptual_hash
3d0c4e5fe021060ff441,phash:3d0c4e5fe021060ff441,capsules/Data/Images/Normal/303.JPG,,0,capsules,Normal,perceptual_hash
e072550b6099ddeab6e1,phash:e072550b6099ddeab6e1,capsules/Data/Images/Normal/306.JPG,,0,capsules,Normal,perceptual_hash
9e0633bc8e18b55b9d67,phash:9e0633bc8e18b55b9d67,capsules/Data/Images/Normal/324.JPG,,0,capsules,Normal,perceptual_hash
6af6ecfd5fc0730c1965,phash:6af6ecfd5fc0730c1965,capsules/Data/Images/Normal/333.JPG,,0,capsules,Normal,perceptual_hash
d7eb7b72bb8c53bf9658,phash:d7eb7b72bb8c53bf9658,capsules/Data/Images/Normal/363.JPG,,0,capsules,Normal,perceptual_hash
6a71ce8a6df394f15f65,phash:6a71ce8a6df394f15f65,capsules/Data/Images/Normal/377.JPG,,0,capsules,Normal,perceptual_hash
1910a8da94ab64412c9a,phash:1910a8da94ab64412c9a,capsules/Data/Images/Normal/394.JPG,,0,capsules,Normal,perceptual_hash
46d66563025bcf793145,phash:46d66563025bcf793145,capsules/Data/Images/Normal/400.JPG,,0,capsules,Normal,perceptual_hash
0fb1fa46666a9a99d6b5,phash:0fb1fa46666a9a99d6b5,capsules/Data/Images/Normal/423.JPG,,0,capsules,Normal,perceptual_hash
c46640d95684fbd633aa,phash:c46640d95684fbd633aa,capsules/Data/Images/Normal/427.JPG,,0,capsules,Normal,perceptual_hash
0211f9fad05c2a9c33d6,phash:0211f9fad05c2a9c33d6,capsules/Data/Images/Normal/457.JPG,,0,capsules,Normal,perceptual_hash
eea9308334103f542855,phash:eea9308334103f542855,capsules/Data/Images/Normal/469.JPG,,0,capsules,Normal,perceptual_hash
f9ce75944776ec94e558,phash:f9ce75944776ec94e558,capsules/Data/Images/Normal/479.JPG,,0,capsules,Normal,perceptual_hash
26a592a47169b667a570,phash:26a592a47169b667a570,capsules/Data/Images/Normal/484.JPG,,0,capsules,Normal,perceptual_hash
172b052484173821dc8e,phash:172b052484173821dc8e,capsules/Data/Images/Normal/488.JPG,,0,capsules,Normal,perceptual_hash
154b0f25d82c861ee76e,phash:154b0f25d82c861ee76e,capsules/Data/Images/Normal/490.JPG,,0,capsules,Normal,perceptual_hash
91ae24edd5058cddb853,phash:91ae24edd5058cddb853,capsules/Data/Images/Normal/514.JPG,,0,capsules,Normal,perceptual_hash
ef834d5c556802cd6d99,phash:ef834d5c556802cd6d99,capsules/Data/Images/Normal/518.JPG,,0,capsules,Normal,perceptual_hash
6949be3d6260239dc208,phash:6949be3d6260239dc208,capsules/Data/Images/Normal/520.JPG,,0,capsules,Normal,perceptual_hash
299a17091a8ec7ca6a58,phash:299a17091a8ec7ca6a58,capsules/Data/Images/Normal/525.JPG,,0,capsules,Normal,perceptual_hash
ec7b1767048d851c7dc2,phash:ec7b1767048d851c7dc2,capsules/Data/Images/Normal/545.JPG,,0,capsules,Normal,perceptual_hash
0d1689badd415f270eeb,phash:0d1689badd415f270eeb,capsules/Data/Images/Normal/552.JPG,,0,capsules,Normal,perceptual_hash
c445f675a921d98fb060,phash:c445f675a921d98fb060,capsules/Data/Images/Normal/569.JPG,,0,capsules,Normal,perceptual_hash
7aaaa31b56659b5ab2b6,phash:7aaaa31b56659b5ab2b6,capsules/Data/Images/Normal/580.JPG,,0,capsules,Normal,perceptual_hash
e02c1521fb47fc00b1e6,phash:e02c1521fb47fc00b1e6,capsules/Data/Images/Anomaly/000.JPG,capsules/Data/Masks/Anomaly/000.png,1,capsules,Anomaly,perceptual_hash
7670113c1be2b119692b,phash:7670113c1be2b119692b,capsules/Data/Images/Anomaly/002.JPG,capsules/Data/Masks/Anomaly/002.png,1,capsules,Anomaly,perceptual_hash
17948ceed9922eac3807,phash:17948ceed9922eac3807,capsules/Data/Images/Anomaly/004.JPG,capsules/Data/Masks/Anomaly/004.png,1,capsules,Anomaly,perceptual_hash
913fb67a9ec482dc69e9,phash:913fb67a9ec482dc69e9,capsules/Data/Images/Anomaly/005.JPG,capsules/Data/Masks/Anomaly/005.png,1,capsules,Anomaly,perceptual_hash
f783b1fa0972a5aa1743,phash:f783b1fa0972a5aa1743,capsules/Data/Images/Anomaly/006.JPG,capsules/Data/Masks/Anomaly/006.png,1,capsules,Anomaly,perceptual_hash
1f28800f8333fd2ca918,phash:1f28800f8333fd2ca918,capsules/Data/Images/Anomaly/007.JPG,capsules/Data/Masks/Anomaly/007.png,1,capsules,Anomaly,perceptual_hash
cba4fcc745628d2940aa,phash:cba4fcc745628d2940aa,capsules/Data/Images/Anomaly/008.JPG,capsules/Data/Masks/Anomaly/008.png,1,capsules,Anomaly,perceptual_hash
9635579cdfa28de0aa70,phash:9635579cdfa28de0aa70,capsules/Data/Images/Anomaly/009.JPG,capsules/Data/Masks/Anomaly/009.png,1,capsules,Anomaly,perceptual_hash
cd921da335ec8b9b2590,phash:cd921da335ec8b9b2590,capsules/Data/Images/Anomaly/012.JPG,capsules/Data/Masks/Anomaly/012.png,1,capsules,Anomaly,perceptual_hash
aefd47f74df394f6f6e9,phash:aefd47f74df394f6f6e9,capsules/Data/Images/Anomaly/013.JPG,capsules/Data/Masks/Anomaly/013.png,1,capsules,Anomaly,perceptual_hash
7aa94b4310c337ce8bf8,phash:7aa94b4310c337ce8bf8,capsules/Data/Images/Anomaly/014.JPG,capsules/Data/Masks/Anomaly/014.png,1,capsules,Anomaly,perceptual_hash
c5bb64f257217d3445e9,phash:c5bb64f257217d3445e9,capsules/Data/Images/Anomaly/015.JPG,capsules/Data/Masks/Anomaly/015.png,1,capsules,Anomaly,perceptual_hash
ee20e1581114db5e7932,phash:ee20e1581114db5e7932,capsules/Data/Images/Anomaly/016.JPG,capsules/Data/Masks/Anomaly/016.png,1,capsules,Anomaly,perceptual_hash
867ecbc91e3765516dc7,phash:867ecbc91e3765516dc7,capsules/Data/Images/Anomaly/017.JPG,capsules/Data/Masks/Anomaly/017.png,1,capsules,Anomaly,perceptual_hash
88d0f5f56ec6b73e281f,phash:88d0f5f56ec6b73e281f,capsules/Data/Images/Anomaly/018.JPG,capsules/Data/Masks/Anomaly/018.png,1,capsules,Anomaly,perceptual_hash
fc8870c9295457b2980d,phash:fc8870c9295457b2980d,capsules/Data/Images/Anomaly/019.JPG,capsules/Data/Masks/Anomaly/019.png,1,capsules,Anomaly,perceptual_hash
66a7d86f7698f403c01c,phash:66a7d86f7698f403c01c,capsules/Data/Images/Anomaly/020.JPG,capsules/Data/Masks/Anomaly/020.png,1,capsules,Anomaly,perceptual_hash
b6992a8d8dcf312d7f7d,phash:b6992a8d8dcf312d7f7d,capsules/Data/Images/Anomaly/021.JPG,capsules/Data/Masks/Anomaly/021.png,1,capsules,Anomaly,perceptual_hash
aa3f4b5896b203b6e1c3,phash:aa3f4b5896b203b6e1c3,capsules/Data/Images/Anomaly/022.JPG,capsules/Data/Masks/Anomaly/022.png,1,capsules,Anomaly,perceptual_hash
82846d5465284d082884,phash:82846d5465284d082884,capsules/Data/Images/Anomaly/023.JPG,capsules/Data/Masks/Anomaly/023.png,1,capsules,Anomaly,perceptual_hash
bee86aa1224a8e2cee3f,phash:bee86aa1224a8e2cee3f,capsules/Data/Images/Anomaly/024.JPG,capsules/Data/Masks/Anomaly/024.png,1,capsules,Anomaly,perceptual_hash
08fd91272f450d07e3eb,phash:08fd91272f450d07e3eb,capsules/Data/Images/Anomaly/025.JPG,capsules/Data/Masks/Anomaly/025.png,1,capsules,Anomaly,perceptual_hash
5efa1bd657900a5c046b,phash:5efa1bd657900a5c046b,capsules/Data/Images/Anomaly/026.JPG,capsules/Data/Masks/Anomaly/026.png,1,capsules,Anomaly,perceptual_hash
ddc0181ebab863ed0752,phash:ddc0181ebab863ed0752,capsules/Data/Images/Anomaly/028.JPG,capsules/Data/Masks/Anomaly/028.png,1,capsules,Anomaly,perceptual_hash
33718221c32a96e63975,phash:33718221c32a96e63975,capsules/Data/Images/Anomaly/029.JPG,capsules/Data/Masks/Anomaly/029.png,1,capsules,Anomaly,perceptual_hash
2f0c898c3955cd27c5a1,phash:2f0c898c3955cd27c5a1,capsules/Data/Images/Anomaly/030.JPG,capsules/Data/Masks/Anomaly/030.png,1,capsules,Anomaly,perceptual_hash
249dee5cff034fd1af49,phash:249dee5cff034fd1af49,capsules/Data/Images/Anomaly/031.JPG,capsules/Data/Masks/Anomaly/031.png,1,capsules,Anomaly,perceptual_hash
929f586e6fd345b5d8d3,phash:929f586e6fd345b5d8d3,capsules/Data/Images/Anomaly/032.JPG,capsules/Data/Masks/Anomaly/032.png,1,capsules,Anomaly,perceptual_hash
e77c65dc5337e72b9dab,phash:e77c65dc5337e72b9dab,capsules/Data/Images/Anomaly/033.JPG,capsules/Data/Masks/Anomaly/033.png,1,capsules,Anomaly,perceptual_hash
6c519075472b180c044a,phash:6c519075472b180c044a,capsules/Data/Images/Anomaly/034.JPG,capsules/Data/Masks/Anomaly/034.png,1,capsules,Anomaly,perceptual_hash
69f640fdca0fa1373499,phash:69f640fdca0fa1373499,capsules/Data/Images/Anomaly/035.JPG,capsules/Data/Masks/Anomaly/035.png,1,capsules,Anomaly,perceptual_hash
685e81fe84e19a28949e,phash:685e81fe84e19a28949e,capsules/Data/Images/Anomaly/036.JPG,capsules/Data/Masks/Anomaly/036.png,1,capsules,Anomaly,perceptual_hash
0209731ed191855f1781,phash:0209731ed191855f1781,capsules/Data/Images/Anomaly/038.JPG,capsules/Data/Masks/Anomaly/038.png,1,capsules,Anomaly,perceptual_hash
ca6f44dca9205b91caf5,phash:ca6f44dca9205b91caf5,capsules/Data/Images/Anomaly/039.JPG,capsules/Data/Masks/Anomaly/039.png,1,capsules,Anomaly,perceptual_hash
cd730c901c7d2087ba88,phash:cd730c901c7d2087ba88,capsules/Data/Images/Anomaly/040.JPG,capsules/Data/Masks/Anomaly/040.png,1,capsules,Anomaly,perceptual_hash
300c2b9da541ec0049a2,phash:300c2b9da541ec0049a2,capsules/Data/Images/Anomaly/042.JPG,capsules/Data/Masks/Anomaly/042.png,1,capsules,Anomaly,perceptual_hash
ccc65b1ea3dcb39e5a18,phash:ccc65b1ea3dcb39e5a18,capsules/Data/Images/Anomaly/043.JPG,capsules/Data/Masks/Anomaly/043.png,1,capsules,Anomaly,perceptual_hash
c9b20cb1da1fa02050b3,phash:c9b20cb1da1fa02050b3,capsules/Data/Images/Anomaly/045.JPG,capsules/Data/Masks/Anomaly/045.png,1,capsules,Anomaly,perceptual_hash
afd28cf51ae092ca8a3e,phash:afd28cf51ae092ca8a3e,capsules/Data/Images/Anomaly/046.JPG,capsules/Data/Masks/Anomaly/046.png,1,capsules,Anomaly,perceptual_hash
2bbb233dd575dc7445cc,phash:2bbb233dd575dc7445cc,capsules/Data/Images/Anomaly/047.JPG,capsules/Data/Masks/Anomaly/047.png,1,capsules,Anomaly,perceptual_hash
32dcef87c49b26000403,phash:32dcef87c49b26000403,capsules/Data/Images/Anomaly/048.JPG,capsules/Data/Masks/Anomaly/048.png,1,capsules,Anomaly,perceptual_hash
a769d532c340ad138759,phash:a769d532c340ad138759,capsules/Data/Images/Anomaly/049.JPG,capsules/Data/Masks/Anomaly/049.png,1,capsules,Anomaly,perceptual_hash
bc45cf4bc5d15429a1b3,phash:bc45cf4bc5d15429a1b3,capsules/Data/Images/Anomaly/050.JPG,capsules/Data/Masks/Anomaly/050.png,1,capsules,Anomaly,perceptual_hash
27ed7ae8475ed3150899,phash:27ed7ae8475ed3150899,capsules/Data/Images/Anomaly/051.JPG,capsules/Data/Masks/Anomaly/051.png,1,capsules,Anomaly,perceptual_hash
60ae93523c8fe09c5512,phash:60ae93523c8fe09c5512,capsules/Data/Images/Anomaly/052.JPG,capsules/Data/Masks/Anomaly/052.png,1,capsules,Anomaly,perceptual_hash
9bbb84658c19cf788012,phash:9bbb84658c19cf788012,capsules/Data/Images/Anomaly/054.JPG,capsules/Data/Masks/Anomaly/054.png,1,capsules,Anomaly,perceptual_hash
590da83e7bd1ef8c355d,phash:590da83e7bd1ef8c355d,capsules/Data/Images/Anomaly/055.JPG,capsules/Data/Masks/Anomaly/055.png,1,capsules,Anomaly,perceptual_hash
1d13f3246417428dde81,phash:1d13f3246417428dde81,capsules/Data/Images/Anomaly/056.JPG,capsules/Data/Masks/Anomaly/056.png,1,capsules,Anomaly,perceptual_hash
6b6ff6b388aeadb36e02,phash:6b6ff6b388aeadb36e02,capsules/Data/Images/Anomaly/057.JPG,capsules/Data/Masks/Anomaly/057.png,1,capsules,Anomaly,perceptual_hash
d5ddaceb8e8cf321c7d1,phash:d5ddaceb8e8cf321c7d1,capsules/Data/Images/Anomaly/058.JPG,capsules/Data/Masks/Anomaly/058.png,1,capsules,Anomaly,perceptual_hash
9c3a4d1e76a44eb637c9,phash:9c3a4d1e76a44eb637c9,capsules/Data/Images/Anomaly/059.JPG,capsules/Data/Masks/Anomaly/059.png,1,capsules,Anomaly,perceptual_hash
a1ed3461c998bc979fc9,phash:a1ed3461c998bc979fc9,capsules/Data/Images/Anomaly/060.JPG,capsules/Data/Masks/Anomaly/060.png,1,capsules,Anomaly,perceptual_hash
5e471f8430dc40b30276,phash:5e471f8430dc40b30276,capsules/Data/Images/Anomaly/061.JPG,capsules/Data/Masks/Anomaly/061.png,1,capsules,Anomaly,perceptual_hash
3d40484ef82a8a5e9200,phash:3d40484ef82a8a5e9200,capsules/Data/Images/Anomaly/063.JPG,capsules/Data/Masks/Anomaly/063.png,1,capsules,Anomaly,perceptual_hash
ee225812daa9bb8b7494,phash:ee225812daa9bb8b7494,capsules/Data/Images/Anomaly/064.JPG,capsules/Data/Masks/Anomaly/064.png,1,capsules,Anomaly,perceptual_hash
f071f319e8a82a52db1d,phash:f071f319e8a82a52db1d,capsules/Data/Images/Anomaly/065.JPG,capsules/Data/Masks/Anomaly/065.png,1,capsules,Anomaly,perceptual_hash
534d7d75937d437dae91,phash:534d7d75937d437dae91,capsules/Data/Images/Anomaly/066.JPG,capsules/Data/Masks/Anomaly/066.png,1,capsules,Anomaly,perceptual_hash
c6a3aa99f497374e2846,phash:c6a3aa99f497374e2846,capsules/Data/Images/Anomaly/067.JPG,capsules/Data/Masks/Anomaly/067.png,1,capsules,Anomaly,perceptual_hash
27b69c7aed47ce4d5645,phash:27b69c7aed47ce4d5645,capsules/Data/Images/Anomaly/069.JPG,capsules/Data/Masks/Anomaly/069.png,1,capsules,Anomaly,perceptual_hash
3648412a5f3f173f733d,phash:3648412a5f3f173f733d,capsules/Data/Images/Anomaly/070.JPG,capsules/Data/Masks/Anomaly/070.png,1,capsules,Anomaly,perceptual_hash
f967f4eae4b2b21c3171,phash:f967f4eae4b2b21c3171,capsules/Data/Images/Anomaly/071.JPG,capsules/Data/Masks/Anomaly/071.png,1,capsules,Anomaly,perceptual_hash
193fa721a2c84204eb9e,phash:193fa721a2c84204eb9e,capsules/Data/Images/Anomaly/072.JPG,capsules/Data/Masks/Anomaly/072.png,1,capsules,Anomaly,perceptual_hash
420019392379b3336a09,phash:420019392379b3336a09,capsules/Data/Images/Anomaly/074.JPG,capsules/Data/Masks/Anomaly/074.png,1,capsules,Anomaly,perceptual_hash
b39dc55d43cf686e6591,phash:b39dc55d43cf686e6591,capsules/Data/Images/Anomaly/075.JPG,capsules/Data/Masks/Anomaly/075.png,1,capsules,Anomaly,perceptual_hash
7eec6b86f4bf11933e79,phash:7eec6b86f4bf11933e79,capsules/Data/Images/Anomaly/077.JPG,capsules/Data/Masks/Anomaly/077.png,1,capsules,Anomaly,perceptual_hash
dbf37b62ed6d3601391d,phash:dbf37b62ed6d3601391d,capsules/Data/Images/Anomaly/081.JPG,capsules/Data/Masks/Anomaly/081.png,1,capsules,Anomaly,perceptual_hash
761d12a468360c869736,phash:761d12a468360c869736,capsules/Data/Images/Anomaly/082.JPG,capsules/Data/Masks/Anomaly/082.png,1,capsules,Anomaly,perceptual_hash
b4a10292ba09590be7d1,phash:b4a10292ba09590be7d1,capsules/Data/Images/Anomaly/083.JPG,capsules/Data/Masks/Anomaly/083.png,1,capsules,Anomaly,perceptual_hash
6d1983dff832cbb3790c,phash:6d1983dff832cbb3790c,capsules/Data/Images/Anomaly/084.JPG,capsules/Data/Masks/Anomaly/084.png,1,capsules,Anomaly,perceptual_hash
aa93501e66d0ca979d8c,phash:aa93501e66d0ca979d8c,capsules/Data/Images/Anomaly/085.JPG,capsules/Data/Masks/Anomaly/085.png,1,capsules,Anomaly,perceptual_hash
80f77b4726efab025fd3,phash:80f77b4726efab025fd3,capsules/Data/Images/Anomaly/086.JPG,capsules/Data/Masks/Anomaly/086.png,1,capsules,Anomaly,perceptual_hash
8eaffb47498fc3ed2c90,phash:8eaffb47498fc3ed2c90,capsules/Data/Images/Anomaly/088.JPG,capsules/Data/Masks/Anomaly/088.png,1,capsules,Anomaly,perceptual_hash
198127467278847a32ad,phash:198127467278847a32ad,capsules/Data/Images/Anomaly/089.JPG,capsules/Data/Masks/Anomaly/089.png,1,capsules,Anomaly,perceptual_hash
c2a61cee3df339630df2,phash:c2a61cee3df339630df2,capsules/Data/Images/Anomaly/091.JPG,capsules/Data/Masks/Anomaly/091.png,1,capsules,Anomaly,perceptual_hash
552c93b6f2ac46e17b49,phash:552c93b6f2ac46e17b49,capsules/Data/Images/Anomaly/094.JPG,capsules/Data/Masks/Anomaly/094.png,1,capsules,Anomaly,perceptual_hash
4c08616263870e991e5f,phash:4c08616263870e991e5f,capsules/Data/Images/Anomaly/095.JPG,capsules/Data/Masks/Anomaly/095.png,1,capsules,Anomaly,perceptual_hash
f59507c3a31c48b36432,phash:f59507c3a31c48b36432,capsules/Data/Images/Anomaly/096.JPG,capsules/Data/Masks/Anomaly/096.png,1,capsules,Anomaly,perceptual_hash
4d1863708e901a9f4a42,phash:4d1863708e901a9f4a42,capsules/Data/Images/Anomaly/097.JPG,capsules/Data/Masks/Anomaly/097.png,1,capsules,Anomaly,perceptual_hash
5442766a195046264137,phash:5442766a195046264137,capsules/Data/Images/Anomaly/098.JPG,capsules/Data/Masks/Anomaly/098.png,1,capsules,Anomaly,perceptual_hash
afbf687dacf6a0e92a25,phash:afbf687dacf6a0e92a25,capsules/Data/Images/Anomaly/099.JPG,capsules/Data/Masks/Anomaly/099.png,1,capsules,Anomaly,perceptual_hash
236ab0bf3b1b4b8591aa,phash:236ab0bf3b1b4b8591aa,cashew/Data/Images/Normal/006.JPG,,0,cashew,Normal,perceptual_hash
acbbf1378136814412b3,phash:acbbf1378136814412b3,cashew/Data/Images/Normal/012.JPG,,0,cashew,Normal,perceptual_hash
29a74fb5c203fe1c8255,phash:29a74fb5c203fe1c8255,cashew/Data/Images/Normal/013.JPG,,0,cashew,Normal,perceptual_hash
8df685a698e9259da337,phash:8df685a698e9259da337,cashew/Data/Images/Normal/023.JPG,,0,cashew,Normal,perceptual_hash
cb60c3722303053d37fa,phash:cb60c3722303053d37fa,cashew/Data/Images/Normal/050.JPG,,0,cashew,Normal,perceptual_hash
6e84e28319814e5e6cf4,phash:6e84e28319814e5e6cf4,cashew/Data/Images/Normal/087.JPG,,0,cashew,Normal,perceptual_hash
b972914b1e77712a22b3,phash:b972914b1e77712a22b3,cashew/Data/Images/Normal/089.JPG,,0,cashew,Normal,perceptual_hash
93ffce08077ecac4c2b7,phash:93ffce08077ecac4c2b7,cashew/Data/Images/Normal/093.JPG,,0,cashew,Normal,perceptual_hash
5e719298e1c2e4d8c9cb,phash:5e719298e1c2e4d8c9cb,cashew/Data/Images/Normal/098.JPG,,0,cashew,Normal,perceptual_hash
53ef8fd61556bb280ac1,phash:53ef8fd61556bb280ac1,cashew/Data/Images/Normal/104.JPG,,0,cashew,Normal,perceptual_hash
a328d668e2161ac7fb3f,phash:a328d668e2161ac7fb3f,cashew/Data/Images/Normal/130.JPG,,0,cashew,Normal,perceptual_hash
539843fca2651de0404f,phash:539843fca2651de0404f,cashew/Data/Images/Normal/143.JPG,,0,cashew,Normal,perceptual_hash
05a60f297059d6588730,phash:05a60f297059d6588730,cashew/Data/Images/Normal/148.JPG,,0,cashew,Normal,perceptual_hash
c51d979c184539a33e25,phash:c51d979c184539a33e25,cashew/Data/Images/Normal/166.JPG,,0,cashew,Normal,perceptual_hash
fbc0e268a534cd4800b7,phash:fbc0e268a534cd4800b7,cashew/Data/Images/Normal/181.JPG,,0,cashew,Normal,perceptual_hash
39edf7bd88f554d5f3b4,phash:39edf7bd88f554d5f3b4,cashew/Data/Images/Normal/228.JPG,,0,cashew,Normal,perceptual_hash
0ea22149dbdcc688390b,phash:0ea22149dbdcc688390b,cashew/Data/Images/Normal/244.JPG,,0,cashew,Normal,perceptual_hash
e002682cf60d516dfc9b,phash:e002682cf60d516dfc9b,cashew/Data/Images/Normal/272.JPG,,0,cashew,Normal,perceptual_hash
352060b851243e32f20f,phash:352060b851243e32f20f,cashew/Data/Images/Normal/276.JPG,,0,cashew,Normal,perceptual_hash
8faf0bb80061072c51c9,phash:8faf0bb80061072c51c9,cashew/Data/Images/Normal/284.JPG,,0,cashew,Normal,perceptual_hash
8c3dee8de24e409d493d,phash:8c3dee8de24e409d493d,cashew/Data/Images/Normal/309.JPG,,0,cashew,Normal,perceptual_hash
139d20a5b4474b2e4b34,phash:139d20a5b4474b2e4b34,cashew/Data/Images/Normal/324.JPG,,0,cashew,Normal,perceptual_hash
3c4f8bdb301246150124,phash:3c4f8bdb301246150124,cashew/Data/Images/Normal/337.JPG,,0,cashew,Normal,perceptual_hash
deac82fbe53e78ebe86e,phash:deac82fbe53e78ebe86e,cashew/Data/Images/Normal/342.JPG,,0,cashew,Normal,perceptual_hash
c36f9f8614eff6e5dd4e,phash:c36f9f8614eff6e5dd4e,cashew/Data/Images/Normal/344.JPG,,0,cashew,Normal,perceptual_hash
108ded7f6fee85431be7,phash:108ded7f6fee85431be7,cashew/Data/Images/Normal/352.JPG,,0,cashew,Normal,perceptual_hash
d1b6289e61761118fadb,phash:d1b6289e61761118fadb,cashew/Data/Images/Normal/367.JPG,,0,cashew,Normal,perceptual_hash
19c99a54344cf32391e8,phash:19c99a54344cf32391e8,cashew/Data/Images/Normal/369.JPG,,0,cashew,Normal,perceptual_hash
9641e7a97673c8428162,phash:9641e7a97673c8428162,cashew/Data/Images/Normal/377.JPG,,0,cashew,Normal,perceptual_hash
cb53ae45c3eb69e33901,phash:cb53ae45c3eb69e33901,cashew/Data/Images/Normal/384.JPG,,0,cashew,Normal,perceptual_hash
528c2e421fdbffe76de7,phash:528c2e421fdbffe76de7,cashew/Data/Images/Normal/389.JPG,,0,cashew,Normal,perceptual_hash
a79e2d08117f14581f48,phash:a79e2d08117f14581f48,cashew/Data/Images/Normal/392.JPG,,0,cashew,Normal,perceptual_hash
e61254fe721dda960864,phash:e61254fe721dda960864,cashew/Data/Images/Normal/398.JPG,,0,cashew,Normal,perceptual_hash
c5892d4fbf5bdc335155,phash:c5892d4fbf5bdc335155,cashew/Data/Images/Normal/405.JPG,,0,cashew,Normal,perceptual_hash
95681258567b025d1c2d,phash:95681258567b025d1c2d,cashew/Data/Images/Normal/435.JPG,,0,cashew,Normal,perceptual_hash
519b1d6365f7832d93ea,phash:519b1d6365f7832d93ea,cashew/Data/Images/Normal/446.JPG,,0,cashew,Normal,perceptual_hash
81aa9bc6a48af024fe37,phash:81aa9bc6a48af024fe37,cashew/Data/Images/Normal/460.JPG,,0,cashew,Normal,perceptual_hash
3347523b4f6c9ac323c5,phash:3347523b4f6c9ac323c5,cashew/Data/Images/Normal/461.JPG,,0,cashew,Normal,perceptual_hash
41526f8e4a5410f2ab41,phash:41526f8e4a5410f2ab41,cashew/Data/Images/Normal/467.JPG,,0,cashew,Normal,perceptual_hash
dd7fca32390fc63ef06d,phash:dd7fca32390fc63ef06d,cashew/Data/Images/Normal/487.JPG,,0,cashew,Normal,perceptual_hash
9c9f7426bde00dbfd611,phash:9c9f7426bde00dbfd611,cashew/Data/Images/Anomaly/000.JPG,cashew/Data/Masks/Anomaly/000.png,1,cashew,Anomaly,perceptual_hash
d5bf6c144d134b0b1015,phash:d5bf6c144d134b0b1015,cashew/Data/Images/Anomaly/001.JPG,cashew/Data/Masks/Anomaly/001.png,1,cashew,Anomaly,perceptual_hash
2a9a7a196dd91a896e65,phash:2a9a7a196dd91a896e65,cashew/Data/Images/Anomaly/002.JPG,cashew/Data/Masks/Anomaly/002.png,1,cashew,Anomaly,perceptual_hash
1071a4aa6220c7cb8099,phash:1071a4aa6220c7cb8099,cashew/Data/Images/Anomaly/003.JPG,cashew/Data/Masks/Anomaly/003.png,1,cashew,Anomaly,perceptual_hash
60ccd137c42697ba9755,phash:60ccd137c42697ba9755,cashew/Data/Images/Anomaly/005.JPG,cashew/Data/Masks/Anomaly/005.png,1,cashew,Anomaly,perceptual_hash
4731d6a7f2d039e283f5,phash:4731d6a7f2d039e283f5,cashew/Data/Images/Anomaly/006.JPG,cashew/Data/Masks/Anomaly/006.png,1,cashew,Anomaly,perceptual_hash
9ae44e40f79f798720ce,phash:9ae44e40f79f798720ce,cashew/Data/Images/Anomaly/007.JPG,cashew/Data/Masks/Anomaly/007.png,1,cashew,Anomaly,perceptual_hash
44a72b109b4c273de3bc,phash:44a72b109b4c273de3bc,cashew/Data/Images/Anomaly/008.JPG,cashew/Data/Masks/Anomaly/008.png,1,cashew,Anomaly,perceptual_hash
add9f4b99f8a6249ec70,phash:add9f4b99f8a6249ec70,cashew/Data/Images/Anomaly/009.JPG,cashew/Data/Masks/Anomaly/009.png,1,cashew,Anomaly,perceptual_hash
9ed168f199ab0194d0a7,phash:9ed168f199ab0194d0a7,cashew/Data/Images/Anomaly/010.JPG,cashew/Data/Masks/Anomaly/010.png,1,cashew,Anomaly,perceptual_hash
78a743eebc773e393002,phash:78a743eebc773e393002,cashew/Data/Images/Anomaly/011.JPG,cashew/Data/Masks/Anomaly/011.png,1,cashew,Anomaly,perceptual_hash
330678566ab2fc560cfc,phash:330678566ab2fc560cfc,cashew/Data/Images/Anomaly/012.JPG,cashew/Data/Masks/Anomaly/012.png,1,cashew,Anomaly,perceptual_hash
44e07610b4ca40f11837,phash:44e07610b4ca40f11837,cashew/Data/Images/Anomaly/013.JPG,cashew/Data/Masks/Anomaly/013.png,1,cashew,Anomaly,perceptual_hash
a076c124ef9e724b16cc,phash:a076c124ef9e724b16cc,cashew/Data/Images/Anomaly/014.JPG,cashew/Data/Masks/Anomaly/014.png,1,cashew,Anomaly,perceptual_hash
6670bd0e5898d9b8bcfb,phash:6670bd0e5898d9b8bcfb,cashew/Data/Images/Anomaly/015.JPG,cashew/Data/Masks/Anomaly/015.png,1,cashew,Anomaly,perceptual_hash
07421ed208e11a8da42a,phash:07421ed208e11a8da42a,cashew/Data/Images/Anomaly/017.JPG,cashew/Data/Masks/Anomaly/017.png,1,cashew,Anomaly,perceptual_hash
58bd758f162e47263929,phash:58bd758f162e47263929,cashew/Data/Images/Anomaly/019.JPG,cashew/Data/Masks/Anomaly/019.png,1,cashew,Anomaly,perceptual_hash
05d4dd4cdb6cd72e5dba,phash:05d4dd4cdb6cd72e5dba,cashew/Data/Images/Anomaly/020.JPG,cashew/Data/Masks/Anomaly/020.png,1,cashew,Anomaly,perceptual_hash
4c062d2392daff298479,phash:4c062d2392daff298479,cashew/Data/Images/Anomaly/022.JPG,cashew/Data/Masks/Anomaly/022.png,1,cashew,Anomaly,perceptual_hash
1a57b6d4cbb561e080c2,phash:1a57b6d4cbb561e080c2,cashew/Data/Images/Anomaly/024.JPG,cashew/Data/Masks/Anomaly/024.png,1,cashew,Anomaly,perceptual_hash
dd4ebcb7ec2c17f33556,phash:dd4ebcb7ec2c17f33556,cashew/Data/Images/Anomaly/025.JPG,cashew/Data/Masks/Anomaly/025.png,1,cashew,Anomaly,perceptual_hash
11f41e848ea9cf041122,phash:11f41e848ea9cf041122,cashew/Data/Images/Anomaly/026.JPG,cashew/Data/Masks/Anomaly/026.png,1,cashew,Anomaly,perceptual_hash
384ec0707fc4c1867600,phash:384ec0707fc4c1867600,cashew/Data/Images/Anomaly/027.JPG,cashew/Data/Masks/Anomaly/027.png,1,cashew,Anomaly,perceptual_hash
eb237ef54c9992686fb7,phash:eb237ef54c9992686fb7,cashew/Data/Images/Anomaly/028.JPG,cashew/Data/Masks/Anomaly/028.png,1,cashew,Anomaly,perceptual_hash
65cd40bfa98877e99462,phash:65cd40bfa98877e99462,cashew/Data/Images/Anomaly/029.JPG,cashew/Data/Masks/Anomaly/029.png,1,cashew,Anomaly,perceptual_hash
f4170fab522c7f728681,phash:f4170fab522c7f728681,cashew/Data/Images/Anomaly/030.JPG,cashew/Data/Masks/Anomaly/030.png,1,cashew,Anomaly,perceptual_hash
1f436d42a774477091be,phash:1f436d42a774477091be,cashew/Data/Images/Anomaly/031.JPG,cashew/Data/Masks/Anomaly/031.png,1,cashew,Anomaly,perceptual_hash
f262157a7c8a4ade8e71,phash:f262157a7c8a4ade8e71,cashew/Data/Images/Anomaly/032.JPG,cashew/Data/Masks/Anomaly/032.png,1,cashew,Anomaly,perceptual_hash
f46dffdfa476813d5fe7,phash:f46dffdfa476813d5fe7,cashew/Data/Images/Anomaly/034.JPG,cashew/Data/Masks/Anomaly/034.png,1,cashew,Anomaly,perceptual_hash
27580a0359724ad9d512,phash:27580a0359724ad9d512,cashew/Data/Images/Anomaly/035.JPG,cashew/Data/Masks/Anomaly/035.png,1,cashew,Anomaly,perceptual_hash
3a1a8f182bfb9eabf264,phash:3a1a8f182bfb9eabf264,cashew/Data/Images/Anomaly/036.JPG,cashew/Data/Masks/Anomaly/036.png,1,cashew,Anomaly,perceptual_hash
9acb45c1e985f53315e8,phash:9acb45c1e985f53315e8,cashew/Data/Images/Anomaly/037.JPG,cashew/Data/Masks/Anomaly/037.png,1,cashew,Anomaly,perceptual_hash
b020bbf738c049fa6624,phash:b020bbf738c049fa6624,cashew/Data/Images/Anomaly/038.JPG,cashew/Data/Masks/Anomaly/038.png,1,cashew,Anomaly,perceptual_hash
bc7fce3e480441c71ca1,phash:bc7fce3e480441c71ca1,cashew/Data/Images/Anomaly/039.JPG,cashew/Data/Masks/Anomaly/039.png,1,cashew,Anomaly,perceptual_hash
f61e9f8f673dcca17be9,phash:f61e9f8f673dcca17be9,cashew/Data/Images/Anomaly/040.JPG,cashew/Data/Masks/Anomaly/040.png,1,cashew,Anomaly,perceptual_hash
1c8a15209dc3c79729df,phash:1c8a15209dc3c79729df,cashew/Data/Images/Anomaly/041.JPG,cashew/Data/Masks/Anomaly/041.png,1,cashew,Anomaly,perceptual_hash
71d299b53e66c5ca2707,phash:71d299b53e66c5ca2707,cashew/Data/Images/Anomaly/042.JPG,cashew/Data/Masks/Anomaly/042.png,1,cashew,Anomaly,perceptual_hash
8269461c7353eb5bbfb7,phash:8269461c7353eb5bbfb7,cashew/Data/Images/Anomaly/043.JPG,cashew/Data/Masks/Anomaly/043.png,1,cashew,Anomaly,perceptual_hash
ff76665e2008e34f5d6f,phash:ff76665e2008e34f5d6f,cashew/Data/Images/Anomaly/044.JPG,cashew/Data/Masks/Anomaly/044.png,1,cashew,Anomaly,perceptual_hash
a90d28e7e4e429666245,phash:a90d28e7e4e429666245,cashew/Data/Images/Anomaly/045.JPG,cashew/Data/Masks/Anomaly/045.png,1,cashew,Anomaly,perceptual_hash
a3c6de84a2694987cd42,phash:a3c6de84a2694987cd42,cashew/Data/Images/Anomaly/046.JPG,cashew/Data/Masks/Anomaly/046.png,1,cashew,Anomaly,perceptual_hash
19e12aebf03f08c4d1ee,phash:19e12aebf03f08c4d1ee,cashew/Data/Images/Anomaly/048.JPG,cashew/Data/Masks/Anomaly/048.png,1,cashew,Anomaly,perceptual_hash
cd4086cbf0e84789b79c,phash:cd4086cbf0e84789b79c,cashew/Data/Images/Anomaly/049.JPG,cashew/Data/Masks/Anomaly/049.png,1,cashew,Anomaly,perceptual_hash
6d7615583047add53d06,phash:6d7615583047add53d06,cashew/Data/Images/Anomaly/050.JPG,cashew/Data/Masks/Anomaly/050.png,1,cashew,Anomaly,perceptual_hash
6c3fce0b5da860e7341e,phash:6c3fce0b5da860e7341e,cashew/Data/Images/Anomaly/051.JPG,cashew/Data/Masks/Anomaly/051.png,1,cashew,Anomaly,perceptual_hash
233a4a5ab71cfb6b69e0,phash:233a4a5ab71cfb6b69e0,cashew/Data/Images/Anomaly/052.JPG,cashew/Data/Masks/Anomaly/052.png,1,cashew,Anomaly,perceptual_hash
a5bd93748edeb8864a87,phash:a5bd93748edeb8864a87,cashew/Data/Images/Anomaly/053.JPG,cashew/Data/Masks/Anomaly/053.png,1,cashew,Anomaly,perceptual_hash
a3dc59825936ee60d1de,phash:a3dc59825936ee60d1de,cashew/Data/Images/Anomaly/054.JPG,cashew/Data/Masks/Anomaly/054.png,1,cashew,Anomaly,perceptual_hash
544ba697f56803f14603,phash:544ba697f56803f14603,cashew/Data/Images/Anomaly/055.JPG,cashew/Data/Masks/Anomaly/055.png,1,cashew,Anomaly,perceptual_hash
c3b02b3eed29027a8266,phash:c3b02b3eed29027a8266,cashew/Data/Images/Anomaly/057.JPG,cashew/Data/Masks/Anomaly/057.png,1,cashew,Anomaly,perceptual_hash
ff1eb372aabc24917c1c,phash:ff1eb372aabc24917c1c,cashew/Data/Images/Anomaly/058.JPG,cashew/Data/Masks/Anomaly/058.png,1,cashew,Anomaly,perceptual_hash
fb7b76493ada1824a0ca,phash:fb7b76493ada1824a0ca,cashew/Data/Images/Anomaly/059.JPG,cashew/Data/Masks/Anomaly/059.png,1,cashew,Anomaly,perceptual_hash
0b5b19c577a347c9e888,phash:0b5b19c577a347c9e888,cashew/Data/Images/Anomaly/060.JPG,cashew/Data/Masks/Anomaly/060.png,1,cashew,Anomaly,perceptual_hash
4514a7a888687197f0c4,phash:4514a7a888687197f0c4,cashew/Data/Images/Anomaly/062.JPG,cashew/Data/Masks/Anomaly/062.png,1,cashew,Anomaly,perceptual_hash
51a51d8f77c3e677a826,phash:51a51d8f77c3e677a826,cashew/Data/Images/Anomaly/063.JPG,cashew/Data/Masks/Anomaly/063.png,1,cashew,Anomaly,perceptual_hash
f7966b26167fba7c8c86,phash:f7966b26167fba7c8c86,cashew/Data/Images/Anomaly/064.JPG,cashew/Data/Masks/Anomaly/064.png,1,cashew,Anomaly,perceptual_hash
7b1bf596215dcb3e21ea,phash:7b1bf596215dcb3e21ea,cashew/Data/Images/Anomaly/066.JPG,cashew/Data/Masks/Anomaly/066.png,1,cashew,Anomaly,perceptual_hash
5ab65fd4eb54fa372021,phash:5ab65fd4eb54fa372021,cashew/Data/Images/Anomaly/067.JPG,cashew/Data/Masks/Anomaly/067.png,1,cashew,Anomaly,perceptual_hash
1c687f8056336c685c1e,phash:1c687f8056336c685c1e,cashew/Data/Images/Anomaly/068.JPG,cashew/Data/Masks/Anomaly/068.png,1,cashew,Anomaly,perceptual_hash
aa214852f12902111b4a,phash:aa214852f12902111b4a,cashew/Data/Images/Anomaly/069.JPG,cashew/Data/Masks/Anomaly/069.png,1,cashew,Anomaly,perceptual_hash
cf8771a0f2a488a9b0d7,phash:cf8771a0f2a488a9b0d7,cashew/Data/Images/Anomaly/070.JPG,cashew/Data/Masks/Anomaly/070.png,1,cashew,Anomaly,perceptual_hash
2aa498ae75b154d2bc52,phash:2aa498ae75b154d2bc52,cashew/Data/Images/Anomaly/071.JPG,cashew/Data/Masks/Anomaly/071.png,1,cashew,Anomaly,perceptual_hash
111683aa52e9fd2e74e0,phash:111683aa52e9fd2e74e0,cashew/Data/Images/Anomaly/073.JPG,cashew/Data/Masks/Anomaly/073.png,1,cashew,Anomaly,perceptual_hash
d883b44dff3e007bc212,phash:d883b44dff3e007bc212,cashew/Data/Images/Anomaly/077.JPG,cashew/Data/Masks/Anomaly/077.png,1,cashew,Anomaly,perceptual_hash
da40a68adbbfa0b9868c,phash:da40a68adbbfa0b9868c,cashew/Data/Images/Anomaly/078.JPG,cashew/Data/Masks/Anomaly/078.png,1,cashew,Anomaly,perceptual_hash
9da15297c8d8ef1b4d89,phash:9da15297c8d8ef1b4d89,cashew/Data/Images/Anomaly/079.JPG,cashew/Data/Masks/Anomaly/079.png,1,cashew,Anomaly,perceptual_hash
71728127a5049963b169,phash:71728127a5049963b169,cashew/Data/Images/Anomaly/082.JPG,cashew/Data/Masks/Anomaly/082.png,1,cashew,Anomaly,perceptual_hash
31fb61d9a80ef743175b,phash:31fb61d9a80ef743175b,cashew/Data/Images/Anomaly/083.JPG,cashew/Data/Masks/Anomaly/083.png,1,cashew,Anomaly,perceptual_hash
344b47f3c7ed71f14e15,phash:344b47f3c7ed71f14e15,cashew/Data/Images/Anomaly/084.JPG,cashew/Data/Masks/Anomaly/084.png,1,cashew,Anomaly,perceptual_hash
9e6021ef1856f01201d0,phash:9e6021ef1856f01201d0,cashew/Data/Images/Anomaly/086.JPG,cashew/Data/Masks/Anomaly/086.png,1,cashew,Anomaly,perceptual_hash
263cd54848ae34f33436,phash:263cd54848ae34f33436,cashew/Data/Images/Anomaly/087.JPG,cashew/Data/Masks/Anomaly/087.png,1,cashew,Anomaly,perceptual_hash
fcd2e7ea068eb450b384,phash:fcd2e7ea068eb450b384,cashew/Data/Images/Anomaly/088.JPG,cashew/Data/Masks/Anomaly/088.png,1,cashew,Anomaly,perceptual_hash
7f22f7a2ff626ab915a3,phash:7f22f7a2ff626ab915a3,cashew/Data/Images/Anomaly/089.JPG,cashew/Data/Masks/Anomaly/089.png,1,cashew,Anomaly,perceptual_hash
51fc8465cdb470657be7,phash:51fc8465cdb470657be7,cashew/Data/Images/Anomaly/091.JPG,cashew/Data/Masks/Anomaly/091.png,1,cashew,Anomaly,perceptual_hash
858bed87d3e53ae91d52,phash:858bed87d3e53ae91d52,cashew/Data/Images/Anomaly/092.JPG,cashew/Data/Masks/Anomaly/092.png,1,cashew,Anomaly,perceptual_hash
4b34f31c3e3594e46591,phash:4b34f31c3e3594e46591,cashew/Data/Images/Anomaly/094.JPG,cashew/Data/Masks/Anomaly/094.png,1,cashew,Anomaly,perceptual_hash
de90cab9b40c9bd355b8,phash:de90cab9b40c9bd355b8,cashew/Data/Images/Anomaly/095.JPG,cashew/Data/Masks/Anomaly/095.png,1,cashew,Anomaly,perceptual_hash
c7555cb808f83eca6fb7,phash:c7555cb808f83eca6fb7,cashew/Data/Images/Anomaly/097.JPG,cashew/Data/Masks/Anomaly/097.png,1,cashew,Anomaly,perceptual_hash
e544e206e17ed9174b77,phash:e544e206e17ed9174b77,cashew/Data/Images/Anomaly/098.JPG,cashew/Data/Masks/Anomaly/098.png,1,cashew,Anomaly,perceptual_hash
3b41c044cc2fdc1bfe7e,phash:3b41c044cc2fdc1bfe7e,cashew/Data/Images/Anomaly/099.JPG,cashew/Data/Masks/Anomaly/099.png,1,cashew,Anomaly,perceptual_hash
7630c3364ea70dff4a34,phash:7630c3364ea70dff4a34,chewinggum/Data/Images/Normal/006.JPG,,0,chewinggum,Normal,perceptual_hash
38f710f0d1f258dc7ec0,phash:38f710f0d1f258dc7ec0,chewinggum/Data/Images/Normal/012.JPG,,0,chewinggum,Normal,perceptual_hash
3f5563202893ed1c5a18,phash:3f5563202893ed1c5a18,chewinggum/Data/Images/Normal/013.JPG,,0,chewinggum,Normal,perceptual_hash
568df1ae8018cab4fcc1,phash:568df1ae8018cab4fcc1,chewinggum/Data/Images/Normal/050.JPG,,0,chewinggum,Normal,perceptual_hash
7057d8c013fb118ff899,phash:7057d8c013fb118ff899,chewinggum/Data/Images/Normal/084.JPG,,0,chewinggum,Normal,perceptual_hash
b7f64adc545cfef2ca8d,phash:b7f64adc545cfef2ca8d,chewinggum/Data/Images/Normal/093.JPG,,0,chewinggum,Normal,perceptual_hash
b7b715aa3c14c087951e,phash:b7b715aa3c14c087951e,chewinggum/Data/Images/Normal/098.JPG,,0,chewinggum,Normal,perceptual_hash
fa4bc8994afc84103a2c,phash:fa4bc8994afc84103a2c,chewinggum/Data/Images/Normal/130.JPG,,0,chewinggum,Normal,perceptual_hash
2097e83c627c26034779,phash:2097e83c627c26034779,chewinggum/Data/Images/Normal/143.JPG,,0,chewinggum,Normal,perceptual_hash
bb972efe4578f9b11e56,phash:bb972efe4578f9b11e56,chewinggum/Data/Images/Normal/148.JPG,,0,chewinggum,Normal,perceptual_hash
31ea00ffa3a73cf13947,phash:31ea00ffa3a73cf13947,chewinggum/Data/Images/Normal/166.JPG,,0,chewinggum,Normal,perceptual_hash
eb2aa43d97d7ef9a8856,phash:eb2aa43d97d7ef9a8856,chewinggum/Data/Images/Normal/181.JPG,,0,chewinggum,Normal,perceptual_hash
92d7447aa7ad14201bb3,phash:92d7447aa7ad14201bb3,chewinggum/Data/Images/Normal/213.JPG,,0,chewinggum,Normal,perceptual_hash
963649c8bdaea6b0c2c1,phash:963649c8bdaea6b0c2c1,chewinggum/Data/Images/Normal/228.JPG,,0,chewinggum,Normal,perceptual_hash
e87c464ee666fafff4b1,phash:e87c464ee666fafff4b1,chewinggum/Data/Images/Normal/239.JPG,,0,chewinggum,Normal,perceptual_hash
a3a6fbb88b9bb0701b9c,phash:a3a6fbb88b9bb0701b9c,chewinggum/Data/Images/Normal/244.JPG,,0,chewinggum,Normal,perceptual_hash
7e42a5162ec6906f69ba,phash:7e42a5162ec6906f69ba,chewinggum/Data/Images/Normal/245.JPG,,0,chewinggum,Normal,perceptual_hash
ba08463f4215545c402a,phash:ba08463f4215545c402a,chewinggum/Data/Images/Normal/260.JPG,,0,chewinggum,Normal,perceptual_hash
9b460827c0e4f0c2008b,phash:9b460827c0e4f0c2008b,chewinggum/Data/Images/Normal/272.JPG,,0,chewinggum,Normal,perceptual_hash
e4bec4d3cf782b70b3fb,phash:e4bec4d3cf782b70b3fb,chewinggum/Data/Images/Normal/284.JPG,,0,chewinggum,Normal,perceptual_hash
b7bf2b4f83b31d46b1b3,phash:b7bf2b4f83b31d46b1b3,chewinggum/Data/Images/Normal/309.JPG,,0,chewinggum,Normal,perceptual_hash
feb501b4fbed8759ba8f,phash:feb501b4fbed8759ba8f,chewinggum/Data/Images/Normal/324.JPG,,0,chewinggum,Normal,perceptual_hash
b3e68dd0dc52b98fb5ab,phash:b3e68dd0dc52b98fb5ab,chewinggum/Data/Images/Normal/337.JPG,,0,chewinggum,Normal,perceptual_hash
777eda4016192f39ed30,phash:777eda4016192f39ed30,chewinggum/Data/Images/Normal/344.JPG,,0,chewinggum,Normal,perceptual_hash
36a73018ab2202f86c91,phash:36a73018ab2202f86c91,chewinggum/Data/Images/Normal/352.JPG,,0,chewinggum,Normal,perceptual_hash
0eb30c674cb4cb245269,phash:0eb30c674cb4cb245269,chewinggum/Data/Images/Normal/367.JPG,,0,chewinggum,Normal,perceptual_hash
d96a4d62aff35f037cd1,phash:d96a4d62aff35f037cd1,chewinggum/Data/Images/Normal/369.JPG,,0,chewinggum,Normal,perceptual_hash
745bbbf6b20f44147456,phash:745bbbf6b20f44147456,chewinggum/Data/Images/Normal/377.JPG,,0,chewinggum,Normal,perceptual_hash
7b84ef6d14feb7392077,phash:7b84ef6d14feb7392077,chewinggum/Data/Images/Normal/384.JPG,,0,chewinggum,Normal,perceptual_hash
a37e0216cb5ffb28848f,phash:a37e0216cb5ffb28848f,chewinggum/Data/Images/Normal/389.JPG,,0,chewinggum,Normal,perceptual_hash
c957dc7c3d9342c39a9a,phash:c957dc7c3d9342c39a9a,chewinggum/Data/Images/Normal/392.JPG,,0,chewinggum,Normal,perceptual_hash
1c81396694d012e95b21,phash:1c81396694d012e95b21,chewinggum/Data/Images/Normal/402.JPG,,0,chewinggum,Normal,perceptual_hash
637d0cd54b861fd0c02c,phash:637d0cd54b861fd0c02c,chewinggum/Data/Images/Normal/405.JPG,,0,chewinggum,Normal,perceptual_hash
7770e2f8ddba86fbdec7,phash:7770e2f8ddba86fbdec7,chewinggum/Data/Images/Normal/446.JPG,,0,chewinggum,Normal,perceptual_hash
fa5e951edf4f75162772,phash:fa5e951edf4f75162772,chewinggum/Data/Images/Normal/460.JPG,,0,chewinggum,Normal,perceptual_hash
3f5ffad74e5abafb39cc,phash:3f5ffad74e5abafb39cc,chewinggum/Data/Images/Normal/461.JPG,,0,chewinggum,Normal,perceptual_hash
820e654af3d19d81f967,phash:820e654af3d19d81f967,chewinggum/Data/Images/Normal/467.JPG,,0,chewinggum,Normal,perceptual_hash
377ea0d4bed05d41d115,phash:377ea0d4bed05d41d115,chewinggum/Data/Images/Normal/482.JPG,,0,chewinggum,Normal,perceptual_hash
4c409e4ff9f31d5c4080,phash:4c409e4ff9f31d5c4080,chewinggum/Data/Images/Normal/486.JPG,,0,chewinggum,Normal,perceptual_hash
a8431d1326468dd8bcfb,phash:a8431d1326468dd8bcfb,chewinggum/Data/Images/Normal/487.JPG,,0,chewinggum,Normal,perceptual_hash
8e5401f052d744e999e5,phash:8e5401f052d744e999e5,chewinggum/Data/Images/Anomaly/001.JPG,chewinggum/Data/Masks/Anomaly/001.png,1,chewinggum,Anomaly,perceptual_hash
5d7ab020e0ffc81e7ad4,phash:5d7ab020e0ffc81e7ad4,chewinggum/Data/Images/Anomaly/002.JPG,chewinggum/Data/Masks/Anomaly/002.png,1,chewinggum,Anomaly,perceptual_hash
4744cb9e4c4bb326e87f,phash:4744cb9e4c4bb326e87f,chewinggum/Data/Images/Anomaly/003.JPG,chewinggum/Data/Masks/Anomaly/003.png,1,chewinggum,Anomaly,perceptual_hash
b9d57ebc9fa9c5911828,phash:b9d57ebc9fa9c5911828,chewinggum/Data/Images/Anomaly/004.JPG,chewinggum/Data/Masks/Anomaly/004.png,1,chewinggum,Anomaly,perceptual_hash
7214dc2d00fc733dfc5a,phash:7214dc2d00fc733dfc5a,chewinggum/Data/Images/Anomaly/005.JPG,chewinggum/Data/Masks/Anomaly/005.png,1,chewinggum,Anomaly,perceptual_hash
94fd45955d1918e7c194,phash:94fd45955d1918e7c194,chewinggum/Data/Images/Anomaly/006.JPG,chewinggum/Data/Masks/Anomaly/006.png,1,chewinggum,Anomaly,perceptual_hash
21101cfc83565468aac4,phash:21101cfc83565468aac4,chewinggum/Data/Images/Anomaly/008.JPG,chewinggum/Data/Masks/Anomaly/008.png,1,chewinggum,Anomaly,perceptual_hash
f4ed1ccd6abe72e57db5,phash:f4ed1ccd6abe72e57db5,chewinggum/Data/Images/Anomaly/010.JPG,chewinggum/Data/Masks/Anomaly/010.png,1,chewinggum,Anomaly,perceptual_hash
14c1fc78ec610b36009a,phash:14c1fc78ec610b36009a,chewinggum/Data/Images/Anomaly/011.JPG,chewinggum/Data/Masks/Anomaly/011.png,1,chewinggum,Anomaly,perceptual_hash
654dd9d885e250903e58,phash:654dd9d885e250903e58,chewinggum/Data/Images/Anomaly/012.JPG,chewinggum/Data/Masks/Anomaly/012.png,1,chewinggum,Anomaly,perceptual_hash
7e23cdf79b93a39c4e8e,phash:7e23cdf79b93a39c4e8e,chewinggum/Data/Images/Anomaly/014.JPG,chewinggum/Data/Masks/Anomaly/014.png,1,chewinggum,Anomaly,perceptual_hash
ba8127768885a5193ade,phash:ba8127768885a5193ade,chewinggum/Data/Images/Anomaly/015.JPG,chewinggum/Data/Masks/Anomaly/015.png,1,chewinggum,Anomaly,perceptual_hash
382117ead4e23298e489,phash:382117ead4e23298e489,chewinggum/Data/Images/Anomaly/016.JPG,chewinggum/Data/Masks/Anomaly/016.png,1,chewinggum,Anomaly,perceptual_hash
4f657f7982e104c7731c,phash:4f657f7982e104c7731c,chewinggum/Data/Images/Anomaly/017.JPG,chewinggum/Data/Masks/Anomaly/017.png,1,chewinggum,Anomaly,perceptual_hash
3fbadeb957a4d9996139,phash:3fbadeb957a4d9996139,chewinggum/Data/Images/Anomaly/019.JPG,chewinggum/Data/Masks/Anomaly/019.png,1,chewinggum,Anomaly,perceptual_hash
b18a3dca2bb6201cdc53,phash:b18a3dca2bb6201cdc53,chewinggum/Data/Images/Anomaly/020.JPG,chewinggum/Data/Masks/Anomaly/020.png,1,chewinggum,Anomaly,perceptual_hash
869bb180c6aad7150b4f,phash:869bb180c6aad7150b4f,chewinggum/Data/Images/Anomaly/022.JPG,chewinggum/Data/Masks/Anomaly/022.png,1,chewinggum,Anomaly,perceptual_hash
595200f67854c279adae,phash:595200f67854c279adae,chewinggum/Data/Images/Anomaly/023.JPG,chewinggum/Data/Masks/Anomaly/023.png,1,chewinggum,Anomaly,perceptual_hash
8e8fbbb759fb7ef61f0e,phash:8e8fbbb759fb7ef61f0e,chewinggum/Data/Images/Anomaly/024.JPG,chewinggum/Data/Masks/Anomaly/024.png,1,chewinggum,Anomaly,perceptual_hash
5921c6fe5e504217ddf5,phash:5921c6fe5e504217ddf5,chewinggum/Data/Images/Anomaly/026.JPG,chewinggum/Data/Masks/Anomaly/026.png,1,chewinggum,Anomaly,perceptual_hash
fa4f06f26552f0491972,phash:fa4f06f26552f0491972,chewinggum/Data/Images/Anomaly/027.JPG,chewinggum/Data/Masks/Anomaly/027.png,1,chewinggum,Anomaly,perceptual_hash
5725ee3780e605ea48ac,phash:5725ee3780e605ea48ac,chewinggum/Data/Images/Anomaly/028.JPG,chewinggum/Data/Masks/Anomaly/028.png,1,chewinggum,Anomaly,perceptual_hash
541a14e03c301223981b,phash:541a14e03c301223981b,chewinggum/Data/Images/Anomaly/029.JPG,chewinggum/Data/Masks/Anomaly/029.png,1,chewinggum,Anomaly,perceptual_hash
3cc1b6042697c2326435,phash:3cc1b6042697c2326435,chewinggum/Data/Images/Anomaly/030.JPG,chewinggum/Data/Masks/Anomaly/030.png,1,chewinggum,Anomaly,perceptual_hash
966e8e050ab94adf18cc,phash:966e8e050ab94adf18cc,chewinggum/Data/Images/Anomaly/031.JPG,chewinggum/Data/Masks/Anomaly/031.png,1,chewinggum,Anomaly,perceptual_hash
df944e0104d0c44770ed,phash:df944e0104d0c44770ed,chewinggum/Data/Images/Anomaly/032.JPG,chewinggum/Data/Masks/Anomaly/032.png,1,chewinggum,Anomaly,perceptual_hash
06e30b1f7c3160cfa23c,phash:06e30b1f7c3160cfa23c,chewinggum/Data/Images/Anomaly/033.JPG,chewinggum/Data/Masks/Anomaly/033.png,1,chewinggum,Anomaly,perceptual_hash
e81cb5412cc948fee8d9,phash:e81cb5412cc948fee8d9,chewinggum/Data/Images/Anomaly/034.JPG,chewinggum/Data/Masks/Anomaly/034.png,1,chewinggum,Anomaly,perceptual_hash
ac2f0c9ba45fdfc929cc,phash:ac2f0c9ba45fdfc929cc,chewinggum/Data/Images/Anomaly/035.JPG,chewinggum/Data/Masks/Anomaly/035.png,1,chewinggum,Anomaly,perceptual_hash
4754c588ade830cf425a,phash:4754c588ade830cf425a,chewinggum/Data/Images/Anomaly/036.JPG,chewinggum/Data/Masks/Anomaly/036.png,1,chewinggum,Anomaly,perceptual_hash
3f9265505c0543cb6c2b,phash:3f9265505c0543cb6c2b,chewinggum/Data/Images/Anomaly/037.JPG,chewinggum/Data/Masks/Anomaly/037.png,1,chewinggum,Anomaly,perceptual_hash
d5cca1e37db900a8c121,phash:d5cca1e37db900a8c121,chewinggum/Data/Images/Anomaly/038.JPG,chewinggum/Data/Masks/Anomaly/038.png,1,chewinggum,Anomaly,perceptual_hash
1f13d5fb516ee3596d4b,phash:1f13d5fb516ee3596d4b,chewinggum/Data/Images/Anomaly/039.JPG,chewinggum/Data/Masks/Anomaly/039.png,1,chewinggum,Anomaly,perceptual_hash
84a7afc22a1cf05d30b6,phash:84a7afc22a1cf05d30b6,chewinggum/Data/Images/Anomaly/040.JPG,chewinggum/Data/Masks/Anomaly/040.png,1,chewinggum,Anomaly,perceptual_hash
098c993f278e6d1acdca,phash:098c993f278e6d1acdca,chewinggum/Data/Images/Anomaly/042.JPG,chewinggum/Data/Masks/Anomaly/042.png,1,chewinggum,Anomaly,perceptual_hash
ef32e682a4d7fad54bbb,phash:ef32e682a4d7fad54bbb,chewinggum/Data/Images/Anomaly/043.JPG,chewinggum/Data/Masks/Anomaly/043.png,1,chewinggum,Anomaly,perceptual_hash
0ea892eaa730a30a580e,phash:0ea892eaa730a30a580e,chewinggum/Data/Images/Anomaly/044.JPG,chewinggum/Data/Masks/Anomaly/044.png,1,chewinggum,Anomaly,perceptual_hash
94686fd1ea89ae932d80,phash:94686fd1ea89ae932d80,chewinggum/Data/Images/Anomaly/045.JPG,chewinggum/Data/Masks/Anomaly/045.png,1,chewinggum,Anomaly,perceptual_hash
99f9700d3573f1c380c3,phash:99f9700d3573f1c380c3,chewinggum/Data/Images/Anomaly/047.JPG,chewinggum/Data/Masks/Anomaly/047.png,1,chewinggum,Anomaly,perceptual_hash
a86f1c44eb002eb9da33,phash:a86f1c44eb002eb9da33,chewinggum/Data/Images/Anomaly/048.JPG,chewinggum/Data/Masks/Anomaly/048.png,1,chewinggum,Anomaly,perceptual_hash
9af3a99256defa06cf7b,phash:9af3a99256defa06cf7b,chewinggum/Data/Images/Anomaly/049.JPG,chewinggum/Data/Masks/Anomaly/049.png,1,chewinggum,Anomaly,perceptual_hash
b55d92af9d28b09b936e,phash:b55d92af9d28b09b936e,chewinggum/Data/Images/Anomaly/050.JPG,chewinggum/Data/Masks/Anomaly/050.png,1,chewinggum,Anomaly,perceptual_hash
3bd58ee0411a72640239,phash:3bd58ee0411a72640239,chewinggum/Data/Images/Anomaly/051.JPG,chewinggum/Data/Masks/Anomaly/051.png,1,chewinggum,Anomaly,perceptual_hash
1bfeee34531218ad228f,phash:1bfeee34531218ad228f,chewinggum/Data/Images/Anomaly/052.JPG,chewinggum/Data/Masks/Anomaly/052.png,1,chewinggum,Anomaly,perceptual_hash
b6027b4e99aa6f16f555,phash:b6027b4e99aa6f16f555,chewinggum/Data/Images/Anomaly/054.JPG,chewinggum/Data/Masks/Anomaly/054.png,1,chewinggum,Anomaly,perceptual_hash
a5d21af8fa8b39cd6260,phash:a5d21af8fa8b39cd6260,chewinggum/Data/Images/Anomaly/056.JPG,chewinggum/Data/Masks/Anomaly/056.png,1,chewinggum,Anomaly,perceptual_hash
76dc0141bfece5b642c7,phash:76dc0141bfece5b642c7,chewinggum/Data/Images/Anomaly/057.JPG,chewinggum/Data/Masks/Anomaly/057.png,1,chewinggum,Anomaly,perceptual_hash
c77f1445fc13060cc618,phash:c77f1445fc13060cc618,chewinggum/Data/Images/Anomaly/058.JPG,chewinggum/Data/Masks/Anomaly/058.png,1,chewinggum,Anomaly,perceptual_hash
32301d0fe6bbac9d8e6c,phash:32301d0fe6bbac9d8e6c,chewinggum/Data/Images/Anomaly/059.JPG,chewinggum/Data/Masks/Anomaly/059.png,1,chewinggum,Anomaly,perceptual_hash
51231a71a6ab462fe94b,phash:51231a71a6ab462fe94b,chewinggum/Data/Images/Anomaly/060.JPG,chewinggum/Data/Masks/Anomaly/060.png,1,chewinggum,Anomaly,perceptual_hash
ef2624029924ba2e6aae,phash:ef2624029924ba2e6aae,chewinggum/Data/Images/Anomaly/061.JPG,chewinggum/Data/Masks/Anomaly/061.png,1,chewinggum,Anomaly,perceptual_hash
e8b369025cd2a4623446,phash:e8b369025cd2a4623446,chewinggum/Data/Images/Anomaly/062.JPG,chewinggum/Data/Masks/Anomaly/062.png,1,chewinggum,Anomaly,perceptual_hash
2d5868cbfd2aff8b0e51,phash:2d5868cbfd2aff8b0e51,chewinggum/Data/Images/Anomaly/063.JPG,chewinggum/Data/Masks/Anomaly/063.png,1,chewinggum,Anomaly,perceptual_hash
308e405a1bf333f72160,phash:308e405a1bf333f72160,chewinggum/Data/Images/Anomaly/064.JPG,chewinggum/Data/Masks/Anomaly/064.png,1,chewinggum,Anomaly,perceptual_hash
3cacdf22e94f5766079a,phash:3cacdf22e94f5766079a,chewinggum/Data/Images/Anomaly/066.JPG,chewinggum/Data/Masks/Anomaly/066.png,1,chewinggum,Anomaly,perceptual_hash
e9885e4aa4d9e078b263,phash:e9885e4aa4d9e078b263,chewinggum/Data/Images/Anomaly/067.JPG,chewinggum/Data/Masks/Anomaly/067.png,1,chewinggum,Anomaly,perceptual_hash
7d949b7ae290dc87423b,phash:7d949b7ae290dc87423b,chewinggum/Data/Images/Anomaly/069.JPG,chewinggum/Data/Masks/Anomaly/069.png,1,chewinggum,Anomaly,perceptual_hash
bab184d57219b3b6cb7a,phash:bab184d57219b3b6cb7a,chewinggum/Data/Images/Anomaly/070.JPG,chewinggum/Data/Masks/Anomaly/070.png,1,chewinggum,Anomaly,perceptual_hash
5a18822c9cf218f0929e,phash:5a18822c9cf218f0929e,chewinggum/Data/Images/Anomaly/072.JPG,chewinggum/Data/Masks/Anomaly/072.png,1,chewinggum,Anomaly,perceptual_hash
53088689c08baa77f836,phash:53088689c08baa77f836,chewinggum/Data/Images/Anomaly/073.JPG,chewinggum/Data/Masks/Anomaly/073.png,1,chewinggum,Anomaly,perceptual_hash
d1d47f0277b9a0a1de5d,phash:d1d47f0277b9a0a1de5d,chewinggum/Data/Images/Anomaly/074.JPG,chewinggum/Data/Masks/Anomaly/074.png,1,chewinggum,Anomaly,perceptual_hash
9ae00c031163320960c1,phash:9ae00c031163320960c1,chewinggum/Data/Images/Anomaly/076.JPG,chewinggum/Data/Masks/Anomaly/076.png,1,chewinggum,Anomaly,perceptual_hash
737dc4347b1a85222e57,phash:737dc4347b1a85222e57,chewinggum/Data/Images/Anomaly/077.JPG,chewinggum/Data/Masks/Anomaly/077.png,1,chewinggum,Anomaly,perceptual_hash
18e6e5c37424be871563,phash:18e6e5c37424be871563,chewinggum/Data/Images/Anomaly/080.JPG,chewinggum/Data/Masks/Anomaly/080.png,1,chewinggum,Anomaly,perceptual_hash
491d41da210d3ded667d,phash:491d41da210d3ded667d,chewinggum/Data/Images/Anomaly/081.JPG,chewinggum/Data/Masks/Anomaly/081.png,1,chewinggum,Anomaly,perceptual_hash
cf2be764fe03e27fa653,phash:cf2be764fe03e27fa653,chewinggum/Data/Images/Anomaly/082.JPG,chewinggum/Data/Masks/Anomaly/082.png,1,chewinggum,Anomaly,perceptual_hash
9111183a8947eeb16f4b,phash:9111183a8947eeb16f4b,chewinggum/Data/Images/Anomaly/083.JPG,chewinggum/Data/Masks/Anomaly/083.png,1,chewinggum,Anomaly,perceptual_hash
7caefe018cc221713618,phash:7caefe018cc221713618,chewinggum/Data/Images/Anomaly/084.JPG,chewinggum/Data/Masks/Anomaly/084.png,1,chewinggum,Anomaly,perceptual_hash
51b3ecae1ca66ad2fe58,phash:51b3ecae1ca66ad2fe58,chewinggum/Data/Images/Anomaly/085.JPG,chewinggum/Data/Masks/Anomaly/085.png,1,chewinggum,Anomaly,perceptual_hash
6ef935f7ce2d7b16dee8,phash:6ef935f7ce2d7b16dee8,chewinggum/Data/Images/Anomaly/086.JPG,chewinggum/Data/Masks/Anomaly/086.png,1,chewinggum,Anomaly,perceptual_hash
33322676a6e063fab51d,phash:33322676a6e063fab51d,chewinggum/Data/Images/Anomaly/087.JPG,chewinggum/Data/Masks/Anomaly/087.png,1,chewinggum,Anomaly,perceptual_hash
c1d5ed18820117674a94,phash:c1d5ed18820117674a94,chewinggum/Data/Images/Anomaly/088.JPG,chewinggum/Data/Masks/Anomaly/088.png,1,chewinggum,Anomaly,perceptual_hash
b4c612d4bd3eb7d18f3e,phash:b4c612d4bd3eb7d18f3e,chewinggum/Data/Images/Anomaly/090.JPG,chewinggum/Data/Masks/Anomaly/090.png,1,chewinggum,Anomaly,perceptual_hash
91244abe834ef2140260,phash:91244abe834ef2140260,chewinggum/Data/Images/Anomaly/091.JPG,chewinggum/Data/Masks/Anomaly/091.png,1,chewinggum,Anomaly,perceptual_hash
bd42c9ad26587f64f4aa,phash:bd42c9ad26587f64f4aa,chewinggum/Data/Images/Anomaly/092.JPG,chewinggum/Data/Masks/Anomaly/092.png,1,chewinggum,Anomaly,perceptual_hash
ef95f204efbddc67eaee,phash:ef95f204efbddc67eaee,chewinggum/Data/Images/Anomaly/093.JPG,chewinggum/Data/Masks/Anomaly/093.png,1,chewinggum,Anomaly,perceptual_hash
0fb2591cea594959be54,phash:0fb2591cea594959be54,chewinggum/Data/Images/Anomaly/095.JPG,chewinggum/Data/Masks/Anomaly/095.png,1,chewinggum,Anomaly,perceptual_hash
d36a31e5ccf1dfb01c0c,phash:d36a31e5ccf1dfb01c0c,chewinggum/Data/Images/Anomaly/096.JPG,chewinggum/Data/Masks/Anomaly/096.png,1,chewinggum,Anomaly,perceptual_hash
883983e69716718fff00,phash:883983e69716718fff00,chewinggum/Data/Images/Anomaly/097.JPG,chewinggum/Data/Masks/Anomaly/097.png,1,chewinggum,Anomaly,perceptual_hash
127eef71560e05b4b393,phash:127eef71560e05b4b393,chewinggum/Data/Images/Anomaly/098.JPG,chewinggum/Data/Masks/Anomaly/098.png,1,chewinggum,Anomaly,perceptual_hash
a0bc689705f4bd7a497e,phash:a0bc689705f4bd7a497e,fryum/Data/Images/Normal/006.JPG,,0,fryum,Normal,perceptual_hash
8e4589570fec0a9f2c0d,phash:8e4589570fec0a9f2c0d,fryum/Data/Images/Normal/013.JPG,,0,fryum,Normal,perceptual_hash
68b9d09a43f18d607b90,phash:68b9d09a43f18d607b90,fryum/Data/Images/Normal/023.JPG,,0,fryum,Normal,perceptual_hash
c3154c82a55cc8dd51f6,phash:c3154c82a55cc8dd51f6,fryum/Data/Images/Normal/050.JPG,,0,fryum,Normal,perceptual_hash
231ef241b23262396298,phash:231ef241b23262396298,fryum/Data/Images/Normal/087.JPG,,0,fryum,Normal,perceptual_hash
1d0788319f9b96c0e8ab,phash:1d0788319f9b96c0e8ab,fryum/Data/Images/Normal/093.JPG,,0,fryum,Normal,perceptual_hash
135c0e9d311087389e85,phash:135c0e9d311087389e85,fryum/Data/Images/Normal/098.JPG,,0,fryum,Normal,perceptual_hash
b0edf101d1abd4bb1090,phash:b0edf101d1abd4bb1090,fryum/Data/Images/Normal/104.JPG,,0,fryum,Normal,perceptual_hash
8f9e9ff25736a683193c,phash:8f9e9ff25736a683193c,fryum/Data/Images/Normal/130.JPG,,0,fryum,Normal,perceptual_hash
5734f7fd7c74f2d3d8b5,phash:5734f7fd7c74f2d3d8b5,fryum/Data/Images/Normal/143.JPG,,0,fryum,Normal,perceptual_hash
f98834e9cf0d79990210,phash:f98834e9cf0d79990210,fryum/Data/Images/Normal/148.JPG,,0,fryum,Normal,perceptual_hash
a4c652df2fecc65c752f,phash:a4c652df2fecc65c752f,fryum/Data/Images/Normal/181.JPG,,0,fryum,Normal,perceptual_hash
b45d6e96600a5b31b271,phash:b45d6e96600a5b31b271,fryum/Data/Images/Normal/213.JPG,,0,fryum,Normal,perceptual_hash
2a1197a20097d78a58aa,phash:2a1197a20097d78a58aa,fryum/Data/Images/Normal/239.JPG,,0,fryum,Normal,perceptual_hash
61db7ebe870fa111b404,phash:61db7ebe870fa111b404,fryum/Data/Images/Normal/244.JPG,,0,fryum,Normal,perceptual_hash
dbcae0927715cfe2f94c,phash:dbcae0927715cfe2f94c,fryum/Data/Images/Normal/260.JPG,,0,fryum,Normal,perceptual_hash
a06f0668c59de05ad84b,phash:a06f0668c59de05ad84b,fryum/Data/Images/Normal/272.JPG,,0,fryum,Normal,perceptual_hash
f112694254347989515e,phash:f112694254347989515e,fryum/Data/Images/Normal/276.JPG,,0,fryum,Normal,perceptual_hash
ff9ab3c0b43c0156c159,phash:ff9ab3c0b43c0156c159,fryum/Data/Images/Normal/307.JPG,,0,fryum,Normal,perceptual_hash
a3cd0e1a9415d018786c,phash:a3cd0e1a9415d018786c,fryum/Data/Images/Normal/309.JPG,,0,fryum,Normal,perceptual_hash
f91f786390eb96812385,phash:f91f786390eb96812385,fryum/Data/Images/Normal/324.JPG,,0,fryum,Normal,perceptual_hash
1b2c3a546f5c3fcfa374,phash:1b2c3a546f5c3fcfa374,fryum/Data/Images/Normal/337.JPG,,0,fryum,Normal,perceptual_hash
d694feb655a4ff7fcd6b,phash:d694feb655a4ff7fcd6b,fryum/Data/Images/Normal/344.JPG,,0,fryum,Normal,perceptual_hash
9c73e8c42716957a62ff,phash:9c73e8c42716957a62ff,fryum/Data/Images/Normal/352.JPG,,0,fryum,Normal,perceptual_hash
5f4f5832f978b9e2e258,phash:5f4f5832f978b9e2e258,fryum/Data/Images/Normal/367.JPG,,0,fryum,Normal,perceptual_hash
05388a9a7a36d24946d8,phash:05388a9a7a36d24946d8,fryum/Data/Images/Normal/377.JPG,,0,fryum,Normal,perceptual_hash
b849246d4c9fc8632c4a,phash:b849246d4c9fc8632c4a,fryum/Data/Images/Normal/389.JPG,,0,fryum,Normal,perceptual_hash
dd1baafef878e2b6f6ba,phash:dd1baafef878e2b6f6ba,fryum/Data/Images/Normal/392.JPG,,0,fryum,Normal,perceptual_hash
78fa18ec79258142f9e0,phash:78fa18ec79258142f9e0,fryum/Data/Images/Normal/398.JPG,,0,fryum,Normal,perceptual_hash
1dd62bf039a9209202bd,phash:1dd62bf039a9209202bd,fryum/Data/Images/Normal/400.JPG,,0,fryum,Normal,perceptual_hash
f00b687f76e6e358a9dc,phash:f00b687f76e6e358a9dc,fryum/Data/Images/Normal/402.JPG,,0,fryum,Normal,perceptual_hash
2f3696e530c0d19aa76a,phash:2f3696e530c0d19aa76a,fryum/Data/Images/Normal/405.JPG,,0,fryum,Normal,perceptual_hash
1b940a745d4d975b07cd,phash:1b940a745d4d975b07cd,fryum/Data/Images/Normal/435.JPG,,0,fryum,Normal,perceptual_hash
0fe253a15847e6036308,phash:0fe253a15847e6036308,fryum/Data/Images/Normal/446.JPG,,0,fryum,Normal,perceptual_hash
8e2bfbef3802d41fc0cb,phash:8e2bfbef3802d41fc0cb,fryum/Data/Images/Normal/460.JPG,,0,fryum,Normal,perceptual_hash
f3b756f1542a388039ba,phash:f3b756f1542a388039ba,fryum/Data/Images/Normal/461.JPG,,0,fryum,Normal,perceptual_hash
55cb550ba1ecd477c1f1,phash:55cb550ba1ecd477c1f1,fryum/Data/Images/Normal/467.JPG,,0,fryum,Normal,perceptual_hash
5159b54470ea6280d51b,phash:5159b54470ea6280d51b,fryum/Data/Images/Normal/482.JPG,,0,fryum,Normal,perceptual_hash
91d5ff4da4913c2719d3,phash:91d5ff4da4913c2719d3,fryum/Data/Images/Normal/484.JPG,,0,fryum,Normal,perceptual_hash
cceac71095402f01b3ed,phash:cceac71095402f01b3ed,fryum/Data/Images/Normal/487.JPG,,0,fryum,Normal,perceptual_hash
ae40b6b5058d1e4a0e24,phash:ae40b6b5058d1e4a0e24,fryum/Data/Images/Anomaly/002.JPG,fryum/Data/Masks/Anomaly/002.png,1,fryum,Anomaly,perceptual_hash
403a5393baf3ca5c1acf,phash:403a5393baf3ca5c1acf,fryum/Data/Images/Anomaly/006.JPG,fryum/Data/Masks/Anomaly/006.png,1,fryum,Anomaly,perceptual_hash
c2aed72e54a29bb1a332,phash:c2aed72e54a29bb1a332,fryum/Data/Images/Anomaly/007.JPG,fryum/Data/Masks/Anomaly/007.png,1,fryum,Anomaly,perceptual_hash
4698be66a99cef69c57b,phash:4698be66a99cef69c57b,fryum/Data/Images/Anomaly/008.JPG,fryum/Data/Masks/Anomaly/008.png,1,fryum,Anomaly,perceptual_hash
faf6c0d7710201de8235,phash:faf6c0d7710201de8235,fryum/Data/Images/Anomaly/009.JPG,fryum/Data/Masks/Anomaly/009.png,1,fryum,Anomaly,perceptual_hash
c261f4aa7269dbff03fb,phash:c261f4aa7269dbff03fb,fryum/Data/Images/Anomaly/010.JPG,fryum/Data/Masks/Anomaly/010.png,1,fryum,Anomaly,perceptual_hash
2cad4a1a059a81da6d22,phash:2cad4a1a059a81da6d22,fryum/Data/Images/Anomaly/011.JPG,fryum/Data/Masks/Anomaly/011.png,1,fryum,Anomaly,perceptual_hash
5341d2efdd60fe24a35d,phash:5341d2efdd60fe24a35d,fryum/Data/Images/Anomaly/013.JPG,fryum/Data/Masks/Anomaly/013.png,1,fryum,Anomaly,perceptual_hash
c69db600da57fd84cc14,phash:c69db600da57fd84cc14,fryum/Data/Images/Anomaly/014.JPG,fryum/Data/Masks/Anomaly/014.png,1,fryum,Anomaly,perceptual_hash
89c77973d9599c802172,phash:89c77973d9599c802172,fryum/Data/Images/Anomaly/015.JPG,fryum/Data/Masks/Anomaly/015.png,1,fryum,Anomaly,perceptual_hash
a30c40f3cf99c2f53c07,phash:a30c40f3cf99c2f53c07,fryum/Data/Images/Anomaly/016.JPG,fryum/Data/Masks/Anomaly/016.png,1,fryum,Anomaly,perceptual_hash
66cbea2e1c8264af452a,phash:66cbea2e1c8264af452a,fryum/Data/Images/Anomaly/017.JPG,fryum/Data/Masks/Anomaly/017.png,1,fryum,Anomaly,perceptual_hash
6ae010230e021f27639a,phash:6ae010230e021f27639a,fryum/Data/Images/Anomaly/018.JPG,fryum/Data/Masks/Anomaly/018.png,1,fryum,Anomaly,perceptual_hash
3f915d8c485e7bd58ff5,phash:3f915d8c485e7bd58ff5,fryum/Data/Images/Anomaly/019.JPG,fryum/Data/Masks/Anomaly/019.png,1,fryum,Anomaly,perceptual_hash
079cc50329d657863051,phash:079cc50329d657863051,fryum/Data/Images/Anomaly/020.JPG,fryum/Data/Masks/Anomaly/020.png,1,fryum,Anomaly,perceptual_hash
f3ffda4c0f3929da64c2,phash:f3ffda4c0f3929da64c2,fryum/Data/Images/Anomaly/021.JPG,fryum/Data/Masks/Anomaly/021.png,1,fryum,Anomaly,perceptual_hash
79b520df72ac7e0db524,phash:79b520df72ac7e0db524,fryum/Data/Images/Anomaly/022.JPG,fryum/Data/Masks/Anomaly/022.png,1,fryum,Anomaly,perceptual_hash
e0377d2905c251496bca,phash:e0377d2905c251496bca,fryum/Data/Images/Anomaly/023.JPG,fryum/Data/Masks/Anomaly/023.png,1,fryum,Anomaly,perceptual_hash
e4c78947450c5d6d0dfb,phash:e4c78947450c5d6d0dfb,fryum/Data/Images/Anomaly/024.JPG,fryum/Data/Masks/Anomaly/024.png,1,fryum,Anomaly,perceptual_hash
d469a52e1e58cd302f22,phash:d469a52e1e58cd302f22,fryum/Data/Images/Anomaly/025.JPG,fryum/Data/Masks/Anomaly/025.png,1,fryum,Anomaly,perceptual_hash
d328d6c4024f135cdb25,phash:d328d6c4024f135cdb25,fryum/Data/Images/Anomaly/026.JPG,fryum/Data/Masks/Anomaly/026.png,1,fryum,Anomaly,perceptual_hash
6c878aa1d6f40f62f07f,phash:6c878aa1d6f40f62f07f,fryum/Data/Images/Anomaly/027.JPG,fryum/Data/Masks/Anomaly/027.png,1,fryum,Anomaly,perceptual_hash
6ba60e4188f051ef213d,phash:6ba60e4188f051ef213d,fryum/Data/Images/Anomaly/028.JPG,fryum/Data/Masks/Anomaly/028.png,1,fryum,Anomaly,perceptual_hash
de5688c0b93f6665b1d9,phash:de5688c0b93f6665b1d9,fryum/Data/Images/Anomaly/029.JPG,fryum/Data/Masks/Anomaly/029.png,1,fryum,Anomaly,perceptual_hash
067370639556c29d9e1a,phash:067370639556c29d9e1a,fryum/Data/Images/Anomaly/031.JPG,fryum/Data/Masks/Anomaly/031.png,1,fryum,Anomaly,perceptual_hash
5b85ee2d2242654a89f7,phash:5b85ee2d2242654a89f7,fryum/Data/Images/Anomaly/032.JPG,fryum/Data/Masks/Anomaly/032.png,1,fryum,Anomaly,perceptual_hash
a24ac669ce147dd9a36d,phash:a24ac669ce147dd9a36d,fryum/Data/Images/Anomaly/033.JPG,fryum/Data/Masks/Anomaly/033.png,1,fryum,Anomaly,perceptual_hash
f85221926ac7238a8ac6,phash:f85221926ac7238a8ac6,fryum/Data/Images/Anomaly/034.JPG,fryum/Data/Masks/Anomaly/034.png,1,fryum,Anomaly,perceptual_hash
f85b94bd4a3d9c9c07d2,phash:f85b94bd4a3d9c9c07d2,fryum/Data/Images/Anomaly/035.JPG,fryum/Data/Masks/Anomaly/035.png,1,fryum,Anomaly,perceptual_hash
3a2ec7ad3b2f0edf9963,phash:3a2ec7ad3b2f0edf9963,fryum/Data/Images/Anomaly/037.JPG,fryum/Data/Masks/Anomaly/037.png,1,fryum,Anomaly,perceptual_hash
25d894daaa319f205f0b,phash:25d894daaa319f205f0b,fryum/Data/Images/Anomaly/038.JPG,fryum/Data/Masks/Anomaly/038.png,1,fryum,Anomaly,perceptual_hash
6379f5c19efceb30ef13,phash:6379f5c19efceb30ef13,fryum/Data/Images/Anomaly/039.JPG,fryum/Data/Masks/Anomaly/039.png,1,fryum,Anomaly,perceptual_hash
5e2d69b32e37c162ea4a,phash:5e2d69b32e37c162ea4a,fryum/Data/Images/Anomaly/040.JPG,fryum/Data/Masks/Anomaly/040.png,1,fryum,Anomaly,perceptual_hash
c9fe48626ed28f6a26f5,phash:c9fe48626ed28f6a26f5,fryum/Data/Images/Anomaly/042.JPG,fryum/Data/Masks/Anomaly/042.png,1,fryum,Anomaly,perceptual_hash
65760ccd24bba797c73b,phash:65760ccd24bba797c73b,fryum/Data/Images/Anomaly/043.JPG,fryum/Data/Masks/Anomaly/043.png,1,fryum,Anomaly,perceptual_hash
be6ed16bfdab2d00bc3d,phash:be6ed16bfdab2d00bc3d,fryum/Data/Images/Anomaly/046.JPG,fryum/Data/Masks/Anomaly/046.png,1,fryum,Anomaly,perceptual_hash
82a301f8c081ef49bea6,phash:82a301f8c081ef49bea6,fryum/Data/Images/Anomaly/047.JPG,fryum/Data/Masks/Anomaly/047.png,1,fryum,Anomaly,perceptual_hash
ae409c46adf89f652df7,phash:ae409c46adf89f652df7,fryum/Data/Images/Anomaly/048.JPG,fryum/Data/Masks/Anomaly/048.png,1,fryum,Anomaly,perceptual_hash
782c4d13988fc6821bf8,phash:782c4d13988fc6821bf8,fryum/Data/Images/Anomaly/049.JPG,fryum/Data/Masks/Anomaly/049.png,1,fryum,Anomaly,perceptual_hash
ebac25ff448024453380,phash:ebac25ff448024453380,fryum/Data/Images/Anomaly/050.JPG,fryum/Data/Masks/Anomaly/050.png,1,fryum,Anomaly,perceptual_hash
8c1a472a7f1f96f0544b,phash:8c1a472a7f1f96f0544b,fryum/Data/Images/Anomaly/052.JPG,fryum/Data/Masks/Anomaly/052.png,1,fryum,Anomaly,perceptual_hash
b6d7208c87ae3bc0a8b7,phash:b6d7208c87ae3bc0a8b7,fryum/Data/Images/Anomaly/053.JPG,fryum/Data/Masks/Anomaly/053.png,1,fryum,Anomaly,perceptual_hash
3f9e52808c84f7300a8c,phash:3f9e52808c84f7300a8c,fryum/Data/Images/Anomaly/054.JPG,fryum/Data/Masks/Anomaly/054.png,1,fryum,Anomaly,perceptual_hash
97d8dce465daeef72c79,phash:97d8dce465daeef72c79,fryum/Data/Images/Anomaly/055.JPG,fryum/Data/Masks/Anomaly/055.png,1,fryum,Anomaly,perceptual_hash
41039478a385e7c0a17d,phash:41039478a385e7c0a17d,fryum/Data/Images/Anomaly/056.JPG,fryum/Data/Masks/Anomaly/056.png,1,fryum,Anomaly,perceptual_hash
9871beb53e08f9e49698,phash:9871beb53e08f9e49698,fryum/Data/Images/Anomaly/057.JPG,fryum/Data/Masks/Anomaly/057.png,1,fryum,Anomaly,perceptual_hash
d82848ffee5cd3b707dd,phash:d82848ffee5cd3b707dd,fryum/Data/Images/Anomaly/058.JPG,fryum/Data/Masks/Anomaly/058.png,1,fryum,Anomaly,perceptual_hash
acf32cc006e940405ce3,phash:acf32cc006e940405ce3,fryum/Data/Images/Anomaly/059.JPG,fryum/Data/Masks/Anomaly/059.png,1,fryum,Anomaly,perceptual_hash
4ec1d5177b77d0044d1d,phash:4ec1d5177b77d0044d1d,fryum/Data/Images/Anomaly/060.JPG,fryum/Data/Masks/Anomaly/060.png,1,fryum,Anomaly,perceptual_hash
9f96dd302e961894df09,phash:9f96dd302e961894df09,fryum/Data/Images/Anomaly/061.JPG,fryum/Data/Masks/Anomaly/061.png,1,fryum,Anomaly,perceptual_hash
d06256a7517fc533a48c,phash:d06256a7517fc533a48c,fryum/Data/Images/Anomaly/062.JPG,fryum/Data/Masks/Anomaly/062.png,1,fryum,Anomaly,perceptual_hash
16a3d4f30e37afbbeb38,phash:16a3d4f30e37afbbeb38,fryum/Data/Images/Anomaly/063.JPG,fryum/Data/Masks/Anomaly/063.png,1,fryum,Anomaly,perceptual_hash
99f1bd7b98c1d53c3c90,phash:99f1bd7b98c1d53c3c90,fryum/Data/Images/Anomaly/064.JPG,fryum/Data/Masks/Anomaly/064.png,1,fryum,Anomaly,perceptual_hash
ce873dac0bdfd07baebb,phash:ce873dac0bdfd07baebb,fryum/Data/Images/Anomaly/065.JPG,fryum/Data/Masks/Anomaly/065.png,1,fryum,Anomaly,perceptual_hash
1b8cfc903176d4dd7b34,phash:1b8cfc903176d4dd7b34,fryum/Data/Images/Anomaly/066.JPG,fryum/Data/Masks/Anomaly/066.png,1,fryum,Anomaly,perceptual_hash
efd093f362dfbbb0b102,phash:efd093f362dfbbb0b102,fryum/Data/Images/Anomaly/068.JPG,fryum/Data/Masks/Anomaly/068.png,1,fryum,Anomaly,perceptual_hash
9de1fe976e8e4579ad73,phash:9de1fe976e8e4579ad73,fryum/Data/Images/Anomaly/069.JPG,fryum/Data/Masks/Anomaly/069.png,1,fryum,Anomaly,perceptual_hash
1824091f0e78656b4641,phash:1824091f0e78656b4641,fryum/Data/Images/Anomaly/070.JPG,fryum/Data/Masks/Anomaly/070.png,1,fryum,Anomaly,perceptual_hash
ce224ee401db2d945251,phash:ce224ee401db2d945251,fryum/Data/Images/Anomaly/071.JPG,fryum/Data/Masks/Anomaly/071.png,1,fryum,Anomaly,perceptual_hash
97f05a618896a368ffe7,phash:97f05a618896a368ffe7,fryum/Data/Images/Anomaly/072.JPG,fryum/Data/Masks/Anomaly/072.png,1,fryum,Anomaly,perceptual_hash
38f30b40a69f5e483cff,phash:38f30b40a69f5e483cff,fryum/Data/Images/Anomaly/073.JPG,fryum/Data/Masks/Anomaly/073.png,1,fryum,Anomaly,perceptual_hash
d7356ca56cf184d8d4b8,phash:d7356ca56cf184d8d4b8,fryum/Data/Images/Anomaly/074.JPG,fryum/Data/Masks/Anomaly/074.png,1,fryum,Anomaly,perceptual_hash
8027d751b3344450170d,phash:8027d751b3344450170d,fryum/Data/Images/Anomaly/075.JPG,fryum/Data/Masks/Anomaly/075.png,1,fryum,Anomaly,perceptual_hash
286b9b9bd4179bcac530,phash:286b9b9bd4179bcac530,fryum/Data/Images/Anomaly/076.JPG,fryum/Data/Masks/Anomaly/076.png,1,fryum,Anomaly,perceptual_hash
4f7a405daecff2bac10b,phash:4f7a405daecff2bac10b,fryum/Data/Images/Anomaly/077.JPG,fryum/Data/Masks/Anomaly/077.png,1,fryum,Anomaly,perceptual_hash
d277136d75f91737cd49,phash:d277136d75f91737cd49,fryum/Data/Images/Anomaly/079.JPG,fryum/Data/Masks/Anomaly/079.png,1,fryum,Anomaly,perceptual_hash
b3b0e8f01f6df65bbd1f,phash:b3b0e8f01f6df65bbd1f,fryum/Data/Images/Anomaly/080.JPG,fryum/Data/Masks/Anomaly/080.png,1,fryum,Anomaly,perceptual_hash
bd24dbac034f3f14b469,phash:bd24dbac034f3f14b469,fryum/Data/Images/Anomaly/081.JPG,fryum/Data/Masks/Anomaly/081.png,1,fryum,Anomaly,perceptual_hash
7a8925d66cde8af678fe,phash:7a8925d66cde8af678fe,fryum/Data/Images/Anomaly/082.JPG,fryum/Data/Masks/Anomaly/082.png,1,fryum,Anomaly,perceptual_hash
6256a55d460ca223e3ac,phash:6256a55d460ca223e3ac,fryum/Data/Images/Anomaly/083.JPG,fryum/Data/Masks/Anomaly/083.png,1,fryum,Anomaly,perceptual_hash
b02885df03190cc2154f,phash:b02885df03190cc2154f,fryum/Data/Images/Anomaly/085.JPG,fryum/Data/Masks/Anomaly/085.png,1,fryum,Anomaly,perceptual_hash
402bd31cec768a57dba3,phash:402bd31cec768a57dba3,fryum/Data/Images/Anomaly/087.JPG,fryum/Data/Masks/Anomaly/087.png,1,fryum,Anomaly,perceptual_hash
8ad771579d68722eefba,phash:8ad771579d68722eefba,fryum/Data/Images/Anomaly/088.JPG,fryum/Data/Masks/Anomaly/088.png,1,fryum,Anomaly,perceptual_hash
12b6518317f1d0a87f81,phash:12b6518317f1d0a87f81,fryum/Data/Images/Anomaly/089.JPG,fryum/Data/Masks/Anomaly/089.png,1,fryum,Anomaly,perceptual_hash
b0ee5c4126264cb78adf,phash:b0ee5c4126264cb78adf,fryum/Data/Images/Anomaly/090.JPG,fryum/Data/Masks/Anomaly/090.png,1,fryum,Anomaly,perceptual_hash
f15c81ce68a54c0dec4b,phash:f15c81ce68a54c0dec4b,fryum/Data/Images/Anomaly/091.JPG,fryum/Data/Masks/Anomaly/091.png,1,fryum,Anomaly,perceptual_hash
a2c054efd19284dc8e45,phash:a2c054efd19284dc8e45,fryum/Data/Images/Anomaly/093.JPG,fryum/Data/Masks/Anomaly/093.png,1,fryum,Anomaly,perceptual_hash
b163012e118c42b866b7,phash:b163012e118c42b866b7,fryum/Data/Images/Anomaly/094.JPG,fryum/Data/Masks/Anomaly/094.png,1,fryum,Anomaly,perceptual_hash
603831dc2dcc42c28cd8,phash:603831dc2dcc42c28cd8,fryum/Data/Images/Anomaly/095.JPG,fryum/Data/Masks/Anomaly/095.png,1,fryum,Anomaly,perceptual_hash
ff4977b8b80f338ccdcc,phash:ff4977b8b80f338ccdcc,fryum/Data/Images/Anomaly/098.JPG,fryum/Data/Masks/Anomaly/098.png,1,fryum,Anomaly,perceptual_hash
013a7ca9d0558f88bdd0,phash:013a7ca9d0558f88bdd0,macaroni1/Data/Images/Normal/0011.JPG,,0,macaroni1,Normal,perceptual_hash
9c414700160e39a53847,phash:9c414700160e39a53847,macaroni1/Data/Images/Normal/0013.JPG,,0,macaroni1,Normal,perceptual_hash
7278bbf41dd1dab01447,phash:7278bbf41dd1dab01447,macaroni1/Data/Images/Normal/0016.JPG,,0,macaroni1,Normal,perceptual_hash
946035d1b183aa410d1d,phash:946035d1b183aa410d1d,macaroni1/Data/Images/Normal/0024.JPG,,0,macaroni1,Normal,perceptual_hash
033269697fe637bf1c7e,phash:033269697fe637bf1c7e,macaroni1/Data/Images/Normal/0026.JPG,,0,macaroni1,Normal,perceptual_hash
2338908b34ab85f69319,phash:2338908b34ab85f69319,macaroni1/Data/Images/Normal/0046.JPG,,0,macaroni1,Normal,perceptual_hash
f126a9c4c4604aa18f03,phash:f126a9c4c4604aa18f03,macaroni1/Data/Images/Normal/0100.JPG,,0,macaroni1,Normal,perceptual_hash
ba60e721e45b1357dc06,phash:ba60e721e45b1357dc06,macaroni1/Data/Images/Normal/0168.JPG,,0,macaroni1,Normal,perceptual_hash
a2569d9fafc43e2f7f3e,phash:a2569d9fafc43e2f7f3e,macaroni1/Data/Images/Normal/0170.JPG,,0,macaroni1,Normal,perceptual_hash
62f3187bd20f80f8f751,phash:62f3187bd20f80f8f751,macaroni1/Data/Images/Normal/0172.JPG,,0,macaroni1,Normal,perceptual_hash
a3c912fef901d56e7e56,phash:a3c912fef901d56e7e56,macaroni1/Data/Images/Normal/0178.JPG,,0,macaroni1,Normal,perceptual_hash
d647cdc0a8600c7327ce,phash:d647cdc0a8600c7327ce,macaroni1/Data/Images/Normal/0187.JPG,,0,macaroni1,Normal,perceptual_hash
9716cdd5d843e743c7a7,phash:9716cdd5d843e743c7a7,macaroni1/Data/Images/Normal/0196.JPG,,0,macaroni1,Normal,perceptual_hash
6ed421edbce797e1ca4b,phash:6ed421edbce797e1ca4b,macaroni1/Data/Images/Normal/0208.JPG,,0,macaroni1,Normal,perceptual_hash
2402ded07083bd331294,phash:2402ded07083bd331294,macaroni1/Data/Images/Normal/0215.JPG,,0,macaroni1,Normal,perceptual_hash
1dd345300455f739240d,phash:1dd345300455f739240d,macaroni1/Data/Images/Normal/0237.JPG,,0,macaroni1,Normal,perceptual_hash
e442ae96e2fe971f5ac3,phash:e442ae96e2fe971f5ac3,macaroni1/Data/Images/Normal/0261.JPG,,0,macaroni1,Normal,perceptual_hash
270d0914977325bfd148,phash:270d0914977325bfd148,macaroni1/Data/Images/Normal/0286.JPG,,0,macaroni1,Normal,perceptual_hash
aded81f5831d554dc318,phash:aded81f5831d554dc318,macaroni1/Data/Images/Normal/0294.JPG,,0,macaroni1,Normal,perceptual_hash
48d9a7cb0991848383a9,phash:48d9a7cb0991848383a9,macaroni1/Data/Images/Normal/0297.JPG,,0,macaroni1,Normal,perceptual_hash
c166fe817b3daa591763,phash:c166fe817b3daa591763,macaroni1/Data/Images/Normal/0303.JPG,,0,macaroni1,Normal,perceptual_hash
f9bb077a9dd53e1c56da,phash:f9bb077a9dd53e1c56da,macaroni1/Data/Images/Normal/0306.JPG,,0,macaroni1,Normal,perceptual_hash
4edf3b466f2f085e9273,phash:4edf3b466f2f085e9273,macaroni1/Data/Images/Normal/0320.JPG,,0,macaroni1,Normal,perceptual_hash
485518a94f865bb3e1df,phash:485518a94f865bb3e1df,macaroni1/Data/Images/Normal/0363.JPG,,0,macaroni1,Normal,perceptual_hash
d3832d8d4f1d1177d2e9,phash:d3832d8d4f1d1177d2e9,macaroni1/Data/Images/Normal/0377.JPG,,0,macaroni1,Normal,perceptual_hash
f718c9f57f6ef461e1dc,phash:f718c9f57f6ef461e1dc,macaroni1/Data/Images/Normal/0400.JPG,,0,macaroni1,Normal,perceptual_hash
6181027f4e38599c5088,phash:6181027f4e38599c5088,macaroni1/Data/Images/Normal/0402.JPG,,0,macaroni1,Normal,perceptual_hash
ca2d297ebeb948498909,phash:ca2d297ebeb948498909,macaroni1/Data/Images/Normal/0417.JPG,,0,macaroni1,Normal,perceptual_hash
a7fc305f9097c121b089,phash:a7fc305f9097c121b089,macaroni1/Data/Images/Normal/0423.JPG,,0,macaroni1,Normal,perceptual_hash
431593c9b767d5dc327c,phash:431593c9b767d5dc327c,macaroni1/Data/Images/Normal/0427.JPG,,0,macaroni1,Normal,perceptual_hash
9afa5762966da964246d,phash:9afa5762966da964246d,macaroni1/Data/Images/Normal/0457.JPG,,0,macaroni1,Normal,perceptual_hash
c4605b315b6c2737f8eb,phash:c4605b315b6c2737f8eb,macaroni1/Data/Images/Normal/0469.JPG,,0,macaroni1,Normal,perceptual_hash
1cc7a3071b06bf9182b2,phash:1cc7a3071b06bf9182b2,macaroni1/Data/Images/Normal/0479.JPG,,0,macaroni1,Normal,perceptual_hash
19693bfb18c3f1fbcef2,phash:19693bfb18c3f1fbcef2,macaroni1/Data/Images/Normal/0483.JPG,,0,macaroni1,Normal,perceptual_hash
9401310c33a006900bdc,phash:9401310c33a006900bdc,macaroni1/Data/Images/Normal/0484.JPG,,0,macaroni1,Normal,perceptual_hash
c7d9bfb54337e833903b,phash:c7d9bfb54337e833903b,macaroni1/Data/Images/Normal/0488.JPG,,0,macaroni1,Normal,perceptual_hash
276e78cdd77292d9714c,phash:276e78cdd77292d9714c,macaroni1/Data/Images/Normal/0490.JPG,,0,macaroni1,Normal,perceptual_hash
771065b6491345120f56,phash:771065b6491345120f56,macaroni1/Data/Images/Normal/0525.JPG,,0,macaroni1,Normal,perceptual_hash
6210d2c20de7399b9fd9,phash:6210d2c20de7399b9fd9,macaroni1/Data/Images/Normal/0545.JPG,,0,macaroni1,Normal,perceptual_hash
c966b6a3e124ef515a2b,phash:c966b6a3e124ef515a2b,macaroni1/Data/Images/Normal/0552.JPG,,0,macaroni1,Normal,perceptual_hash
9394d73b03d85bf81e4d,phash:9394d73b03d85bf81e4d,macaroni1/Data/Images/Normal/0615.JPG,,0,macaroni1,Normal,perceptual_hash
fab653043b520ed267ad,phash:fab653043b520ed267ad,macaroni1/Data/Images/Normal/0617.JPG,,0,macaroni1,Normal,perceptual_hash
52be088ea01941bd5ca6,phash:52be088ea01941bd5ca6,macaroni1/Data/Images/Normal/0619.JPG,,0,macaroni1,Normal,perceptual_hash
b4aa58bb50fdeba15db9,phash:b4aa58bb50fdeba15db9,macaroni1/Data/Images/Normal/0629.JPG,,0,macaroni1,Normal,perceptual_hash
c4e05d4f29eea84512b2,phash:c4e05d4f29eea84512b2,macaroni1/Data/Images/Normal/0648.JPG,,0,macaroni1,Normal,perceptual_hash
18bb6aaa589bd718b8da,phash:18bb6aaa589bd718b8da,macaroni1/Data/Images/Normal/0654.JPG,,0,macaroni1,Normal,perceptual_hash
61e15c9013bfffe23b7d,phash:61e15c9013bfffe23b7d,macaroni1/Data/Images/Normal/0659.JPG,,0,macaroni1,Normal,perceptual_hash
0e761fffa2694ea22a8d,phash:0e761fffa2694ea22a8d,macaroni1/Data/Images/Normal/0674.JPG,,0,macaroni1,Normal,perceptual_hash
4f0578c30b56e0310aeb,phash:4f0578c30b56e0310aeb,macaroni1/Data/Images/Normal/0684.JPG,,0,macaroni1,Normal,perceptual_hash
0e1727b48b623e7c486b,phash:0e1727b48b623e7c486b,macaroni1/Data/Images/Normal/0685.JPG,,0,macaroni1,Normal,perceptual_hash
36e50636cc6306278e02,phash:36e50636cc6306278e02,macaroni1/Data/Images/Normal/0688.JPG,,0,macaroni1,Normal,perceptual_hash
2b79c1834b9894796264,phash:2b79c1834b9894796264,macaroni1/Data/Images/Normal/0690.JPG,,0,macaroni1,Normal,perceptual_hash
d2c3cc89bc40bfa669be,phash:d2c3cc89bc40bfa669be,macaroni1/Data/Images/Normal/0694.JPG,,0,macaroni1,Normal,perceptual_hash
d0869ec80da58594c9b1,phash:d0869ec80da58594c9b1,macaroni1/Data/Images/Normal/0705.JPG,,0,macaroni1,Normal,perceptual_hash
2bba6706e1ff9ee8481a,phash:2bba6706e1ff9ee8481a,macaroni1/Data/Images/Normal/0725.JPG,,0,macaroni1,Normal,perceptual_hash
463e7b7fdaf29dfec866,phash:463e7b7fdaf29dfec866,macaroni1/Data/Images/Normal/0730.JPG,,0,macaroni1,Normal,perceptual_hash
05e84a05fc20c24d742e,phash:05e84a05fc20c24d742e,macaroni1/Data/Images/Normal/0735.JPG,,0,macaroni1,Normal,perceptual_hash
f70a66b6cead14e21267,phash:f70a66b6cead14e21267,macaroni1/Data/Images/Normal/0739.JPG,,0,macaroni1,Normal,perceptual_hash
cb7821860e214e388844,phash:cb7821860e214e388844,macaroni1/Data/Images/Normal/0751.JPG,,0,macaroni1,Normal,perceptual_hash
4c7d8940b4011557376a,phash:4c7d8940b4011557376a,macaroni1/Data/Images/Normal/0755.JPG,,0,macaroni1,Normal,perceptual_hash
a826196fb44bfd8729b2,phash:a826196fb44bfd8729b2,macaroni1/Data/Images/Normal/0764.JPG,,0,macaroni1,Normal,perceptual_hash
a78b2406ce39c06c8eb2,phash:a78b2406ce39c06c8eb2,macaroni1/Data/Images/Normal/0768.JPG,,0,macaroni1,Normal,perceptual_hash
098259f843feb04ea1f2,phash:098259f843feb04ea1f2,macaroni1/Data/Images/Normal/0779.JPG,,0,macaroni1,Normal,perceptual_hash
17a1154f6f38833c89b6,phash:17a1154f6f38833c89b6,macaroni1/Data/Images/Normal/0796.JPG,,0,macaroni1,Normal,perceptual_hash
3e280d1d4c8b04c893ad,phash:3e280d1d4c8b04c893ad,macaroni1/Data/Images/Normal/0797.JPG,,0,macaroni1,Normal,perceptual_hash
50507347a0c880ec53ef,phash:50507347a0c880ec53ef,macaroni1/Data/Images/Normal/0800.JPG,,0,macaroni1,Normal,perceptual_hash
61f4c579a29154248d13,phash:61f4c579a29154248d13,macaroni1/Data/Images/Normal/0804.JPG,,0,macaroni1,Normal,perceptual_hash
54cae70721be19de6126,phash:54cae70721be19de6126,macaroni1/Data/Images/Normal/0811.JPG,,0,macaroni1,Normal,perceptual_hash
bac9ed63e944e29ab757,phash:bac9ed63e944e29ab757,macaroni1/Data/Images/Normal/0869.JPG,,0,macaroni1,Normal,perceptual_hash
4ff829dbb85bedcfc8ed,phash:4ff829dbb85bedcfc8ed,macaroni1/Data/Images/Normal/0871.JPG,,0,macaroni1,Normal,perceptual_hash
019d359e87f27474dbcb,phash:019d359e87f27474dbcb,macaroni1/Data/Images/Normal/0900.JPG,,0,macaroni1,Normal,perceptual_hash
4b35072ccc74d44a0614,phash:4b35072ccc74d44a0614,macaroni1/Data/Images/Normal/0920.JPG,,0,macaroni1,Normal,perceptual_hash
b85c686a39bc6e54e67d,phash:b85c686a39bc6e54e67d,macaroni1/Data/Images/Normal/0923.JPG,,0,macaroni1,Normal,perceptual_hash
4fd26df7af2110b146d3,phash:4fd26df7af2110b146d3,macaroni1/Data/Images/Normal/0952.JPG,,0,macaroni1,Normal,perceptual_hash
c276f44b399d2e5232b2,phash:c276f44b399d2e5232b2,macaroni1/Data/Images/Normal/0953.JPG,,0,macaroni1,Normal,perceptual_hash
6703bb66241174c3fe3e,phash:6703bb66241174c3fe3e,macaroni1/Data/Images/Normal/0967.JPG,,0,macaroni1,Normal,perceptual_hash
11bb00983dba08fbd68f,phash:11bb00983dba08fbd68f,macaroni1/Data/Images/Normal/0974.JPG,,0,macaroni1,Normal,perceptual_hash
0a0b95026bc4f85a38ba,phash:0a0b95026bc4f85a38ba,macaroni1/Data/Images/Normal/0985.JPG,,0,macaroni1,Normal,perceptual_hash
23e6b708c88b7c07925c,phash:23e6b708c88b7c07925c,macaroni1/Data/Images/Normal/0994.JPG,,0,macaroni1,Normal,perceptual_hash
8bee0841815612d6244f,phash:8bee0841815612d6244f,macaroni1/Data/Images/Normal/0996.JPG,,0,macaroni1,Normal,perceptual_hash
1f1dc3f4bdee63642f66,phash:1f1dc3f4bdee63642f66,macaroni1/Data/Images/Anomaly/001.JPG,macaroni1/Data/Masks/Anomaly/001.png,1,macaroni1,Anomaly,perceptual_hash
607b7da2fd17b2662266,phash:607b7da2fd17b2662266,macaroni1/Data/Images/Anomaly/002.JPG,macaroni1/Data/Masks/Anomaly/002.png,1,macaroni1,Anomaly,perceptual_hash
e03168f5b37d0f1a5679,phash:e03168f5b37d0f1a5679,macaroni1/Data/Images/Anomaly/003.JPG,macaroni1/Data/Masks/Anomaly/003.png,1,macaroni1,Anomaly,perceptual_hash
c95d514f8629089f95be,phash:c95d514f8629089f95be,macaroni1/Data/Images/Anomaly/004.JPG,macaroni1/Data/Masks/Anomaly/004.png,1,macaroni1,Anomaly,perceptual_hash
a51df2819b4e9a263f49,phash:a51df2819b4e9a263f49,macaroni1/Data/Images/Anomaly/005.JPG,macaroni1/Data/Masks/Anomaly/005.png,1,macaroni1,Anomaly,perceptual_hash
5625e6d629365fad04df,phash:5625e6d629365fad04df,macaroni1/Data/Images/Anomaly/006.JPG,macaroni1/Data/Masks/Anomaly/006.png,1,macaroni1,Anomaly,perceptual_hash
fcb30b8599d230456586,phash:fcb30b8599d230456586,macaroni1/Data/Images/Anomaly/007.JPG,macaroni1/Data/Masks/Anomaly/007.png,1,macaroni1,Anomaly,perceptual_hash
6b8d2c27db6163ca7ba4,phash:6b8d2c27db6163ca7ba4,macaroni1/Data/Images/Anomaly/008.JPG,macaroni1/Data/Masks/Anomaly/008.png,1,macaroni1,Anomaly,perceptual_hash
3ba0ff4eceb8b6b70013,phash:3ba0ff4eceb8b6b70013,macaroni1/Data/Images/Anomaly/009.JPG,macaroni1/Data/Masks/Anomaly/009.png,1,macaroni1,Anomaly,perceptual_hash
21e16f1193c93aa970cc,phash:21e16f1193c93aa970cc,macaroni1/Data/Images/Anomaly/010.JPG,macaroni1/Data/Masks/Anomaly/010.png,1,macaroni1,Anomaly,perceptual_hash
5145933a482335caabc1,phash:5145933a482335caabc1,macaroni1/Data/Images/Anomaly/011.JPG,macaroni1/Data/Masks/Anomaly/011.png,1,macaroni1,Anomaly,perceptual_hash
221c2e7780ff3125de3e,phash:221c2e7780ff3125de3e,macaroni1/Data/Images/Anomaly/012.JPG,macaroni1/Data/Masks/Anomaly/012.png,1,macaroni1,Anomaly,perceptual_hash
a15d6050692746b174bc,phash:a15d6050692746b174bc,macaroni1/Data/Images/Anomaly/013.JPG,macaroni1/Data/Masks/Anomaly/013.png,1,macaroni1,Anomaly,perceptual_hash
7c8af1378ecac8fb6b0b,phash:7c8af1378ecac8fb6b0b,macaroni1/Data/Images/Anomaly/014.JPG,macaroni1/Data/Masks/Anomaly/014.png,1,macaroni1,Anomaly,perceptual_hash
871603f2ee49be3a0a80,phash:871603f2ee49be3a0a80,macaroni1/Data/Images/Anomaly/015.JPG,macaroni1/Data/Masks/Anomaly/015.png,1,macaroni1,Anomaly,perceptual_hash
11d6641dc8e81d74a455,phash:11d6641dc8e81d74a455,macaroni1/Data/Images/Anomaly/016.JPG,macaroni1/Data/Masks/Anomaly/016.png,1,macaroni1,Anomaly,perceptual_hash
4e17c8b2fa78bee8e17b,phash:4e17c8b2fa78bee8e17b,macaroni1/Data/Images/Anomaly/020.JPG,macaroni1/Data/Masks/Anomaly/020.png,1,macaroni1,Anomaly,perceptual_hash
0f16b4178be182d2d274,phash:0f16b4178be182d2d274,macaroni1/Data/Images/Anomaly/021.JPG,macaroni1/Data/Masks/Anomaly/021.png,1,macaroni1,Anomaly,perceptual_hash
f87712358c0f7eaaee99,phash:f87712358c0f7eaaee99,macaroni1/Data/Images/Anomaly/023.JPG,macaroni1/Data/Masks/Anomaly/023.png,1,macaroni1,Anomaly,perceptual_hash
74001a8229d948be3974,phash:74001a8229d948be3974,macaroni1/Data/Images/Anomaly/025.JPG,macaroni1/Data/Masks/Anomaly/025.png,1,macaroni1,Anomaly,perceptual_hash
a7abb816580e8a68dbdf,phash:a7abb816580e8a68dbdf,macaroni1/Data/Images/Anomaly/026.JPG,macaroni1/Data/Masks/Anomaly/026.png,1,macaroni1,Anomaly,perceptual_hash
6024d1835a5a04e6d36a,phash:6024d1835a5a04e6d36a,macaroni1/Data/Images/Anomaly/027.JPG,macaroni1/Data/Masks/Anomaly/027.png,1,macaroni1,Anomaly,perceptual_hash
05a3d028f9c0638e83ba,phash:05a3d028f9c0638e83ba,macaroni1/Data/Images/Anomaly/028.JPG,macaroni1/Data/Masks/Anomaly/028.png,1,macaroni1,Anomaly,perceptual_hash
f2d8945a35d4598e6039,phash:f2d8945a35d4598e6039,macaroni1/Data/Images/Anomaly/029.JPG,macaroni1/Data/Masks/Anomaly/029.png,1,macaroni1,Anomaly,perceptual_hash
4f64ff89e6b13d5f270a,phash:4f64ff89e6b13d5f270a,macaroni1/Data/Images/Anomaly/030.JPG,macaroni1/Data/Masks/Anomaly/030.png,1,macaroni1,Anomaly,perceptual_hash
a83979e53f1bfb8e3c0c,phash:a83979e53f1bfb8e3c0c,macaroni1/Data/Images/Anomaly/031.JPG,macaroni1/Data/Masks/Anomaly/031.png,1,macaroni1,Anomaly,perceptual_hash
60bb7cf813c3457757ec,phash:60bb7cf813c3457757ec,macaroni1/Data/Images/Anomaly/032.JPG,macaroni1/Data/Masks/Anomaly/032.png,1,macaroni1,Anomaly,perceptual_hash
a827c5fe76ad830053b2,phash:a827c5fe76ad830053b2,macaroni1/Data/Images/Anomaly/033.JPG,macaroni1/Data/Masks/Anomaly/033.png,1,macaroni1,Anomaly,perceptual_hash
4e4bed3b2dd190dfa47f,phash:4e4bed3b2dd190dfa47f,macaroni1/Data/Images/Anomaly/034.JPG,macaroni1/Data/Masks/Anomaly/034.png,1,macaroni1,Anomaly,perceptual_hash
247de37b3843ff5432f0,phash:247de37b3843ff5432f0,macaroni1/Data/Images/Anomaly/035.JPG,macaroni1/Data/Masks/Anomaly/035.png,1,macaroni1,Anomaly,perceptual_hash
8dcac8f7d7370bd7d3b5,phash:8dcac8f7d7370bd7d3b5,macaroni1/Data/Images/Anomaly/036.JPG,macaroni1/Data/Masks/Anomaly/036.png,1,macaroni1,Anomaly,perceptual_hash
eff85477eff3b5871c91,phash:eff85477eff3b5871c91,macaroni1/Data/Images/Anomaly/037.JPG,macaroni1/Data/Masks/Anomaly/037.png,1,macaroni1,Anomaly,perceptual_hash
50a6841f1ae1c3dd59d3,phash:50a6841f1ae1c3dd59d3,macaroni1/Data/Images/Anomaly/038.JPG,macaroni1/Data/Masks/Anomaly/038.png,1,macaroni1,Anomaly,perceptual_hash
800391e62f1fd954691d,phash:800391e62f1fd954691d,macaroni1/Data/Images/Anomaly/039.JPG,macaroni1/Data/Masks/Anomaly/039.png,1,macaroni1,Anomaly,perceptual_hash
98ed4d3b7fdaa8617b82,phash:98ed4d3b7fdaa8617b82,macaroni1/Data/Images/Anomaly/040.JPG,macaroni1/Data/Masks/Anomaly/040.png,1,macaroni1,Anomaly,perceptual_hash
bbb4c5a83b743be14d31,phash:bbb4c5a83b743be14d31,macaroni1/Data/Images/Anomaly/041.JPG,macaroni1/Data/Masks/Anomaly/041.png,1,macaroni1,Anomaly,perceptual_hash
891e0127d70970ed9865,phash:891e0127d70970ed9865,macaroni1/Data/Images/Anomaly/042.JPG,macaroni1/Data/Masks/Anomaly/042.png,1,macaroni1,Anomaly,perceptual_hash
fba2e04e040942e3e060,phash:fba2e04e040942e3e060,macaroni1/Data/Images/Anomaly/046.JPG,macaroni1/Data/Masks/Anomaly/046.png,1,macaroni1,Anomaly,perceptual_hash
a176d488948d08781eee,phash:a176d488948d08781eee,macaroni1/Data/Images/Anomaly/048.JPG,macaroni1/Data/Masks/Anomaly/048.png,1,macaroni1,Anomaly,perceptual_hash
36fde13ddb40e33088e3,phash:36fde13ddb40e33088e3,macaroni1/Data/Images/Anomaly/049.JPG,macaroni1/Data/Masks/Anomaly/049.png,1,macaroni1,Anomaly,perceptual_hash
dc75ad76737fd0e02b74,phash:dc75ad76737fd0e02b74,macaroni1/Data/Images/Anomaly/050.JPG,macaroni1/Data/Masks/Anomaly/050.png,1,macaroni1,Anomaly,perceptual_hash
98790a6173fadc2f9f96,phash:98790a6173fadc2f9f96,macaroni1/Data/Images/Anomaly/051.JPG,macaroni1/Data/Masks/Anomaly/051.png,1,macaroni1,Anomaly,perceptual_hash
6462c3bb94565e549d96,phash:6462c3bb94565e549d96,macaroni1/Data/Images/Anomaly/052.JPG,macaroni1/Data/Masks/Anomaly/052.png,1,macaroni1,Anomaly,perceptual_hash
8a8514facbed64b177b5,phash:8a8514facbed64b177b5,macaroni1/Data/Images/Anomaly/054.JPG,macaroni1/Data/Masks/Anomaly/054.png,1,macaroni1,Anomaly,perceptual_hash
da988ef89b3c358537e3,phash:da988ef89b3c358537e3,macaroni1/Data/Images/Anomaly/055.JPG,macaroni1/Data/Masks/Anomaly/055.png,1,macaroni1,Anomaly,perceptual_hash
625333b45e1a8b9a56ce,phash:625333b45e1a8b9a56ce,macaroni1/Data/Images/Anomaly/056.JPG,macaroni1/Data/Masks/Anomaly/056.png,1,macaroni1,Anomaly,perceptual_hash
bb4b51f978dd2a90a704,phash:bb4b51f978dd2a90a704,macaroni1/Data/Images/Anomaly/057.JPG,macaroni1/Data/Masks/Anomaly/057.png,1,macaroni1,Anomaly,perceptual_hash
1f51a087c07dc8a332fb,phash:1f51a087c07dc8a332fb,macaroni1/Data/Images/Anomaly/058.JPG,macaroni1/Data/Masks/Anomaly/058.png,1,macaroni1,Anomaly,perceptual_hash
e783018560678cbd0c92,phash:e783018560678cbd0c92,macaroni1/Data/Images/Anomaly/059.JPG,macaroni1/Data/Masks/Anomaly/059.png,1,macaroni1,Anomaly,perceptual_hash
95bb8a2103b09538c181,phash:95bb8a2103b09538c181,macaroni1/Data/Images/Anomaly/060.JPG,macaroni1/Data/Masks/Anomaly/060.png,1,macaroni1,Anomaly,perceptual_hash
ddf23d41e67d03cc9986,phash:ddf23d41e67d03cc9986,macaroni1/Data/Images/Anomaly/061.JPG,macaroni1/Data/Masks/Anomaly/061.png,1,macaroni1,Anomaly,perceptual_hash
1af6b86744088e9ca748,phash:1af6b86744088e9ca748,macaroni1/Data/Images/Anomaly/062.JPG,macaroni1/Data/Masks/Anomaly/062.png,1,macaroni1,Anomaly,perceptual_hash
a8a5cfbe3c1c7eacc281,phash:a8a5cfbe3c1c7eacc281,macaroni1/Data/Images/Anomaly/063.JPG,macaroni1/Data/Masks/Anomaly/063.png,1,macaroni1,Anomaly,perceptual_hash
84b88c28825c65aec272,phash:84b88c28825c65aec272,macaroni1/Data/Images/Anomaly/065.JPG,macaroni1/Data/Masks/Anomaly/065.png,1,macaroni1,Anomaly,perceptual_hash
9e89e0ff03d058d8581d,phash:9e89e0ff03d058d8581d,macaroni1/Data/Images/Anomaly/066.JPG,macaroni1/Data/Masks/Anomaly/066.png,1,macaroni1,Anomaly,perceptual_hash
9724abec9a25d4398c97,phash:9724abec9a25d4398c97,macaroni1/Data/Images/Anomaly/067.JPG,macaroni1/Data/Masks/Anomaly/067.png,1,macaroni1,Anomaly,perceptual_hash
f0ff7280f2ffaa4d22e6,phash:f0ff7280f2ffaa4d22e6,macaroni1/Data/Images/Anomaly/068.JPG,macaroni1/Data/Masks/Anomaly/068.png,1,macaroni1,Anomaly,perceptual_hash
a576526c0a97ae06415b,phash:a576526c0a97ae06415b,macaroni1/Data/Images/Anomaly/069.JPG,macaroni1/Data/Masks/Anomaly/069.png,1,macaroni1,Anomaly,perceptual_hash
435fe9f12468d4cb02d1,phash:435fe9f12468d4cb02d1,macaroni1/Data/Images/Anomaly/070.JPG,macaroni1/Data/Masks/Anomaly/070.png,1,macaroni1,Anomaly,perceptual_hash
31e256b567cf18bb25af,phash:31e256b567cf18bb25af,macaroni1/Data/Images/Anomaly/072.JPG,macaroni1/Data/Masks/Anomaly/072.png,1,macaroni1,Anomaly,perceptual_hash
1645e05f1d1a169cf4b0,phash:1645e05f1d1a169cf4b0,macaroni1/Data/Images/Anomaly/074.JPG,macaroni1/Data/Masks/Anomaly/074.png,1,macaroni1,Anomaly,perceptual_hash
b343fb6b6c10d8cf313d,phash:b343fb6b6c10d8cf313d,macaroni1/Data/Images/Anomaly/075.JPG,macaroni1/Data/Masks/Anomaly/075.png,1,macaroni1,Anomaly,perceptual_hash
0fe4119c64ab0ba7b1bf,phash:0fe4119c64ab0ba7b1bf,macaroni1/Data/Images/Anomaly/077.JPG,macaroni1/Data/Masks/Anomaly/077.png,1,macaroni1,Anomaly,perceptual_hash
40da2872aa25d346070f,phash:40da2872aa25d346070f,macaroni1/Data/Images/Anomaly/078.JPG,macaroni1/Data/Masks/Anomaly/078.png,1,macaroni1,Anomaly,perceptual_hash
52c651a78e79414239a2,phash:52c651a78e79414239a2,macaroni1/Data/Images/Anomaly/079.JPG,macaroni1/Data/Masks/Anomaly/079.png,1,macaroni1,Anomaly,perceptual_hash
05b16d5f58c99e434702,phash:05b16d5f58c99e434702,macaroni1/Data/Images/Anomaly/080.JPG,macaroni1/Data/Masks/Anomaly/080.png,1,macaroni1,Anomaly,perceptual_hash
d35e67aa61ae19fcb07c,phash:d35e67aa61ae19fcb07c,macaroni1/Data/Images/Anomaly/081.JPG,macaroni1/Data/Masks/Anomaly/081.png,1,macaroni1,Anomaly,perceptual_hash
f2167961dc38fcc4772b,phash:f2167961dc38fcc4772b,macaroni1/Data/Images/Anomaly/082.JPG,macaroni1/Data/Masks/Anomaly/082.png,1,macaroni1,Anomaly,perceptual_hash
e44c2ae56c73db5f83d0,phash:e44c2ae56c73db5f83d0,macaroni1/Data/Images/Anomaly/083.JPG,macaroni1/Data/Masks/Anomaly/083.png,1,macaroni1,Anomaly,perceptual_hash
ea18148374aba2244d91,phash:ea18148374aba2244d91,macaroni1/Data/Images/Anomaly/084.JPG,macaroni1/Data/Masks/Anomaly/084.png,1,macaroni1,Anomaly,perceptual_hash
a0dd4799f9c439380286,phash:a0dd4799f9c439380286,macaroni1/Data/Images/Anomaly/086.JPG,macaroni1/Data/Masks/Anomaly/086.png,1,macaroni1,Anomaly,perceptual_hash
5d12c7fd25dc8e1979e8,phash:5d12c7fd25dc8e1979e8,macaroni1/Data/Images/Anomaly/087.JPG,macaroni1/Data/Masks/Anomaly/087.png,1,macaroni1,Anomaly,perceptual_hash
8517c131bf9612c792ac,phash:8517c131bf9612c792ac,macaroni1/Data/Images/Anomaly/088.JPG,macaroni1/Data/Masks/Anomaly/088.png,1,macaroni1,Anomaly,perceptual_hash
a388391ba0840c789beb,phash:a388391ba0840c789beb,macaroni1/Data/Images/Anomaly/089.JPG,macaroni1/Data/Masks/Anomaly/089.png,1,macaroni1,Anomaly,perceptual_hash
cab9062809d66dd29b94,phash:cab9062809d66dd29b94,macaroni1/Data/Images/Anomaly/090.JPG,macaroni1/Data/Masks/Anomaly/090.png,1,macaroni1,Anomaly,perceptual_hash
14bb09e09085efc9837d,phash:14bb09e09085efc9837d,macaroni1/Data/Images/Anomaly/091.JPG,macaroni1/Data/Masks/Anomaly/091.png,1,macaroni1,Anomaly,perceptual_hash
3d7fe81e02c530e7415d,phash:3d7fe81e02c530e7415d,macaroni1/Data/Images/Anomaly/092.JPG,macaroni1/Data/Masks/Anomaly/092.png,1,macaroni1,Anomaly,perceptual_hash
e57e0fdd4dec36a1150b,phash:e57e0fdd4dec36a1150b,macaroni1/Data/Images/Anomaly/094.JPG,macaroni1/Data/Masks/Anomaly/094.png,1,macaroni1,Anomaly,perceptual_hash
7f2711e8ed9767241796,phash:7f2711e8ed9767241796,macaroni1/Data/Images/Anomaly/096.JPG,macaroni1/Data/Masks/Anomaly/096.png,1,macaroni1,Anomaly,perceptual_hash
cfad4be252ec767982b4,phash:cfad4be252ec767982b4,macaroni1/Data/Images/Anomaly/098.JPG,macaroni1/Data/Masks/Anomaly/098.png,1,macaroni1,Anomaly,perceptual_hash
9d13e03216a6cefe8090,phash:9d13e03216a6cefe8090,macaroni2/Data/Images/Normal/0011.JPG,,0,macaroni2,Normal,perceptual_hash
50d109741014f0c818d3,phash:50d109741014f0c818d3,macaroni2/Data/Images/Normal/0013.JPG,,0,macaroni2,Normal,perceptual_hash
717d8cb6d4b120ba4e8b,phash:717d8cb6d4b120ba4e8b,macaroni2/Data/Images/Normal/0016.JPG,,0,macaroni2,Normal,perceptual_hash
ec733357de4442223abb,phash:ec733357de4442223abb,macaroni2/Data/Images/Normal/0024.JPG,,0,macaroni2,Normal,perceptual_hash
d441965f258bc44300be,phash:d441965f258bc44300be,macaroni2/Data/Images/Normal/0026.JPG,,0,macaroni2,Normal,perceptual_hash
8054d58bbcf01958a8c1,phash:8054d58bbcf01958a8c1,macaroni2/Data/Images/Normal/0027.JPG,,0,macaroni2,Normal,perceptual_hash
9f5121f28ddde8441d78,phash:9f5121f28ddde8441d78,macaroni2/Data/Images/Normal/0046.JPG,,0,macaroni2,Normal,perceptual_hash
f53de1cef40ae05b0d3f,phash:f53de1cef40ae05b0d3f,macaroni2/Data/Images/Normal/0100.JPG,,0,macaroni2,Normal,perceptual_hash
05eae12bcf27841f59be,phash:05eae12bcf27841f59be,macaroni2/Data/Images/Normal/0107.JPG,,0,macaroni2,Normal,perceptual_hash
b016a3541776e9c54e09,phash:b016a3541776e9c54e09,macaroni2/Data/Images/Normal/0159.JPG,,0,macaroni2,Normal,perceptual_hash
e6aedcfe08bf9262f11f,phash:e6aedcfe08bf9262f11f,macaroni2/Data/Images/Normal/0168.JPG,,0,macaroni2,Normal,perceptual_hash
e5d7ec63d766e405c101,phash:e5d7ec63d766e405c101,macaroni2/Data/Images/Normal/0172.JPG,,0,macaroni2,Normal,perceptual_hash
893f71768c9ce59d334e,phash:893f71768c9ce59d334e,macaroni2/Data/Images/Normal/0174.JPG,,0,macaroni2,Normal,perceptual_hash
441ffca64722d836986d,phash:441ffca64722d836986d,macaroni2/Data/Images/Normal/0178.JPG,,0,macaroni2,Normal,perceptual_hash
079716229b1f5ebcd84d,phash:079716229b1f5ebcd84d,macaroni2/Data/Images/Normal/0187.JPG,,0,macaroni2,Normal,perceptual_hash
8fbef3360ab6170e358a,phash:8fbef3360ab6170e358a,macaroni2/Data/Images/Normal/0208.JPG,,0,macaroni2,Normal,perceptual_hash
a93d7d8825401218d1d9,phash:a93d7d8825401218d1d9,macaroni2/Data/Images/Normal/0214.JPG,,0,macaroni2,Normal,perceptual_hash
600a4bfe3829c8b7260a,phash:600a4bfe3829c8b7260a,macaroni2/Data/Images/Normal/0237.JPG,,0,macaroni2,Normal,perceptual_hash
fcd0c141a0e34f849345,phash:fcd0c141a0e34f849345,macaroni2/Data/Images/Normal/0261.JPG,,0,macaroni2,Normal,perceptual_hash
44b8d4f03ce4e1f65953,phash:44b8d4f03ce4e1f65953,macaroni2/Data/Images/Normal/0286.JPG,,0,macaroni2,Normal,perceptual_hash
e36235839adb9d8d8aa1,phash:e36235839adb9d8d8aa1,macaroni2/Data/Images/Normal/0303.JPG,,0,macaroni2,Normal,perceptual_hash
6a6f12a0594bfc918135,phash:6a6f12a0594bfc918135,macaroni2/Data/Images/Normal/0306.JPG,,0,macaroni2,Normal,perceptual_hash
f5f7ba59dc15dce2ce44,phash:f5f7ba59dc15dce2ce44,macaroni2/Data/Images/Normal/0320.JPG,,0,macaroni2,Normal,perceptual_hash
8e5e33ebab7f77ec08c8,phash:8e5e33ebab7f77ec08c8,macaroni2/Data/Images/Normal/0333.JPG,,0,macaroni2,Normal,perceptual_hash
dc97db7f5e17b7375ce1,phash:dc97db7f5e17b7375ce1,macaroni2/Data/Images/Normal/0363.JPG,,0,macaroni2,Normal,perceptual_hash
33e36ef42a066c6d9da5,phash:33e36ef42a066c6d9da5,macaroni2/Data/Images/Normal/0377.JPG,,0,macaroni2,Normal,perceptual_hash
ad41e1c4a522a8de2f33,phash:ad41e1c4a522a8de2f33,macaroni2/Data/Images/Normal/0394.JPG,,0,macaroni2,Normal,perceptual_hash
46704701291783663499,phash:46704701291783663499,macaroni2/Data/Images/Normal/0400.JPG,,0,macaroni2,Normal,perceptual_hash
4fd3d48fb3d19503babd,phash:4fd3d48fb3d19503babd,macaroni2/Data/Images/Normal/0402.JPG,,0,macaroni2,Normal,perceptual_hash
354ab5c2cbabaaddc6ce,phash:354ab5c2cbabaaddc6ce,macaroni2/Data/Images/Normal/0417.JPG,,0,macaroni2,Normal,perceptual_hash
92e635baba9ee409d0f5,phash:92e635baba9ee409d0f5,macaroni2/Data/Images/Normal/0423.JPG,,0,macaroni2,Normal,perceptual_hash
9c789ffea33d680ceab0,phash:9c789ffea33d680ceab0,macaroni2/Data/Images/Normal/0427.JPG,,0,macaroni2,Normal,perceptual_hash
0cabd36a9252fe90e000,phash:0cabd36a9252fe90e000,macaroni2/Data/Images/Normal/0457.JPG,,0,macaroni2,Normal,perceptual_hash
f0ff6c4087882f925b67,phash:f0ff6c4087882f925b67,macaroni2/Data/Images/Normal/0469.JPG,,0,macaroni2,Normal,perceptual_hash
a0455affbbd5a77be460,phash:a0455affbbd5a77be460,macaroni2/Data/Images/Normal/0479.JPG,,0,macaroni2,Normal,perceptual_hash
0464b863a0df61336053,phash:0464b863a0df61336053,macaroni2/Data/Images/Normal/0484.JPG,,0,macaroni2,Normal,perceptual_hash
6bb00868f1ddf2f55660,phash:6bb00868f1ddf2f55660,macaroni2/Data/Images/Normal/0488.JPG,,0,macaroni2,Normal,perceptual_hash
f594ba1f3c2c224a2b57,phash:f594ba1f3c2c224a2b57,macaroni2/Data/Images/Normal/0490.JPG,,0,macaroni2,Normal,perceptual_hash
398df7826d1dfccd0783,phash:398df7826d1dfccd0783,macaroni2/Data/Images/Normal/0514.JPG,,0,macaroni2,Normal,perceptual_hash
a6aa820d19d4a16e5e7d,phash:a6aa820d19d4a16e5e7d,macaroni2/Data/Images/Normal/0518.JPG,,0,macaroni2,Normal,perceptual_hash
dbc25331758a1f9bec5e,phash:dbc25331758a1f9bec5e,macaroni2/Data/Images/Normal/0552.JPG,,0,macaroni2,Normal,perceptual_hash
ce8b1d09b98295964afc,phash:ce8b1d09b98295964afc,macaroni2/Data/Images/Normal/0569.JPG,,0,macaroni2,Normal,perceptual_hash
d9ca0ed9c8e30b0e4e5c,phash:d9ca0ed9c8e30b0e4e5c,macaroni2/Data/Images/Normal/0615.JPG,,0,macaroni2,Normal,perceptual_hash
5ea78280cde8766a63e4,phash:5ea78280cde8766a63e4,macaroni2/Data/Images/Normal/0617.JPG,,0,macaroni2,Normal,perceptual_hash
6edd05acdb1c60f89626,phash:6edd05acdb1c60f89626,macaroni2/Data/Images/Normal/0621.JPG,,0,macaroni2,Normal,perceptual_hash
7d94389e5f991ff33125,phash:7d94389e5f991ff33125,macaroni2/Data/Images/Normal/0629.JPG,,0,macaroni2,Normal,perceptual_hash
af7ffe3ed273290159f2,phash:af7ffe3ed273290159f2,macaroni2/Data/Images/Normal/0631.JPG,,0,macaroni2,Normal,perceptual_hash
f70964e8fae3eb2e0e6e,phash:f70964e8fae3eb2e0e6e,macaroni2/Data/Images/Normal/0648.JPG,,0,macaroni2,Normal,perceptual_hash
31d9250a9ad91506e4f6,phash:31d9250a9ad91506e4f6,macaroni2/Data/Images/Normal/0654.JPG,,0,macaroni2,Normal,perceptual_hash
82520dbfe556649280b6,phash:82520dbfe556649280b6,macaroni2/Data/Images/Normal/0657.JPG,,0,macaroni2,Normal,perceptual_hash
8aada914dab3ae3e1d6b,phash:8aada914dab3ae3e1d6b,macaroni2/Data/Images/Normal/0659.JPG,,0,macaroni2,Normal,perceptual_hash
e2872c1772b43b4dd3ae,phash:e2872c1772b43b4dd3ae,macaroni2/Data/Images/Normal/0674.JPG,,0,macaroni2,Normal,perceptual_hash
a473a0a90505ca3cc1e4,phash:a473a0a90505ca3cc1e4,macaroni2/Data/Images/Normal/0684.JPG,,0,macaroni2,Normal,perceptual_hash
7383730737b40a647e87,phash:7383730737b40a647e87,macaroni2/Data/Images/Normal/0685.JPG,,0,macaroni2,Normal,perceptual_hash
f3a7fcffb34407bdf9c0,phash:f3a7fcffb34407bdf9c0,macaroni2/Data/Images/Normal/0688.JPG,,0,macaroni2,Normal,perceptual_hash
47c016f51104fbcd9882,phash:47c016f51104fbcd9882,macaroni2/Data/Images/Normal/0694.JPG,,0,macaroni2,Normal,perceptual_hash
adb6aa41da9fe03c519f,phash:adb6aa41da9fe03c519f,macaroni2/Data/Images/Normal/0705.JPG,,0,macaroni2,Normal,perceptual_hash
2c4e8e6a975a0a1a7a4a,phash:2c4e8e6a975a0a1a7a4a,macaroni2/Data/Images/Normal/0725.JPG,,0,macaroni2,Normal,perceptual_hash
05281d979e43e19747c5,phash:05281d979e43e19747c5,macaroni2/Data/Images/Normal/0735.JPG,,0,macaroni2,Normal,perceptual_hash
d487d8c7f8c1bb0fce95,phash:d487d8c7f8c1bb0fce95,macaroni2/Data/Images/Normal/0739.JPG,,0,macaroni2,Normal,perceptual_hash
323ec701b787a6ad147e,phash:323ec701b787a6ad147e,macaroni2/Data/Images/Normal/0751.JPG,,0,macaroni2,Normal,perceptual_hash
800b15c163fcc3066990,phash:800b15c163fcc3066990,macaroni2/Data/Images/Normal/0755.JPG,,0,macaroni2,Normal,perceptual_hash
97b25408810ce685aad9,phash:97b25408810ce685aad9,macaroni2/Data/Images/Normal/0764.JPG,,0,macaroni2,Normal,perceptual_hash
eb1a5d921b6709f7a4cf,phash:eb1a5d921b6709f7a4cf,macaroni2/Data/Images/Normal/0768.JPG,,0,macaroni2,Normal,perceptual_hash
b02e4bfd2c0eab218b9b,phash:b02e4bfd2c0eab218b9b,macaroni2/Data/Images/Normal/0784.JPG,,0,macaroni2,Normal,perceptual_hash
6f62eb5ac9667c6246f1,phash:6f62eb5ac9667c6246f1,macaroni2/Data/Images/Normal/0790.JPG,,0,macaroni2,Normal,perceptual_hash
a3023b3f32a77f662dca,phash:a3023b3f32a77f662dca,macaroni2/Data/Images/Normal/0800.JPG,,0,macaroni2,Normal,perceptual_hash
2f9d4361f002e19c1b8b,phash:2f9d4361f002e19c1b8b,macaroni2/Data/Images/Normal/0804.JPG,,0,macaroni2,Normal,perceptual_hash
e645cd641e4f26d59c06,phash:e645cd641e4f26d59c06,macaroni2/Data/Images/Normal/0844.JPG,,0,macaroni2,Normal,perceptual_hash
8ce0473067bc06663952,phash:8ce0473067bc06663952,macaroni2/Data/Images/Normal/0869.JPG,,0,macaroni2,Normal,perceptual_hash
939c480618837bee6e8a,phash:939c480618837bee6e8a,macaroni2/Data/Images/Normal/0871.JPG,,0,macaroni2,Normal,perceptual_hash
a5d17e9666f580377ab0,phash:a5d17e9666f580377ab0,macaroni2/Data/Images/Normal/0892.JPG,,0,macaroni2,Normal,perceptual_hash
1e3312fb46e709f4acbb,phash:1e3312fb46e709f4acbb,macaroni2/Data/Images/Normal/0900.JPG,,0,macaroni2,Normal,perceptual_hash
51a3bfe1894fc0de8ddc,phash:51a3bfe1894fc0de8ddc,macaroni2/Data/Images/Normal/0920.JPG,,0,macaroni2,Normal,perceptual_hash
e2f902b2274fc3a60017,phash:e2f902b2274fc3a60017,macaroni2/Data/Images/Normal/0935.JPG,,0,macaroni2,Normal,perceptual_hash
24c0e5932e4d3725b5a2,phash:24c0e5932e4d3725b5a2,macaroni2/Data/Images/Normal/0953.JPG,,0,macaroni2,Normal,perceptual_hash
801d89d621a19e4a21ad,phash:801d89d621a19e4a21ad,macaroni2/Data/Images/Normal/0964.JPG,,0,macaroni2,Normal,perceptual_hash
7a0f43e5db1894375326,phash:7a0f43e5db1894375326,macaroni2/Data/Images/Normal/0967.JPG,,0,macaroni2,Normal,perceptual_hash
304f974c774071bff63b,phash:304f974c774071bff63b,macaroni2/Data/Images/Normal/0974.JPG,,0,macaroni2,Normal,perceptual_hash
b35a47d60004bc62cfde,phash:b35a47d60004bc62cfde,macaroni2/Data/Images/Normal/0985.JPG,,0,macaroni2,Normal,perceptual_hash
5c0e252b4b71d1f7539b,phash:5c0e252b4b71d1f7539b,macaroni2/Data/Images/Anomaly/000.JPG,macaroni2/Data/Masks/Anomaly/000.png,1,macaroni2,Anomaly,perceptual_hash
63a21f8f653b2732602c,phash:63a21f8f653b2732602c,macaroni2/Data/Images/Anomaly/002.JPG,macaroni2/Data/Masks/Anomaly/002.png,1,macaroni2,Anomaly,perceptual_hash
325912bf0080caf86f91,phash:325912bf0080caf86f91,macaroni2/Data/Images/Anomaly/003.JPG,macaroni2/Data/Masks/Anomaly/003.png,1,macaroni2,Anomaly,perceptual_hash
1c989c615d8ebcec10bf,phash:1c989c615d8ebcec10bf,macaroni2/Data/Images/Anomaly/004.JPG,macaroni2/Data/Masks/Anomaly/004.png,1,macaroni2,Anomaly,perceptual_hash
b40c0cc28eae9b601fec,phash:b40c0cc28eae9b601fec,macaroni2/Data/Images/Anomaly/005.JPG,macaroni2/Data/Masks/Anomaly/005.png,1,macaroni2,Anomaly,perceptual_hash
239fc9d0e5d3bdfe5ad4,phash:239fc9d0e5d3bdfe5ad4,macaroni2/Data/Images/Anomaly/006.JPG,macaroni2/Data/Masks/Anomaly/006.png,1,macaroni2,Anomaly,perceptual_hash
a3453b02b0fb2b3213bc,phash:a3453b02b0fb2b3213bc,macaroni2/Data/Images/Anomaly/007.JPG,macaroni2/Data/Masks/Anomaly/007.png,1,macaroni2,Anomaly,perceptual_hash
c197266a424cf0293746,phash:c197266a424cf0293746,macaroni2/Data/Images/Anomaly/009.JPG,macaroni2/Data/Masks/Anomaly/009.png,1,macaroni2,Anomaly,perceptual_hash
36695d209f3b50ced670,phash:36695d209f3b50ced670,macaroni2/Data/Images/Anomaly/011.JPG,macaroni2/Data/Masks/Anomaly/011.png,1,macaroni2,Anomaly,perceptual_hash
90741ce6f9abf2280710,phash:90741ce6f9abf2280710,macaroni2/Data/Images/Anomaly/012.JPG,macaroni2/Data/Masks/Anomaly/012.png,1,macaroni2,Anomaly,perceptual_hash
c9683bdc321c630c784d,phash:c9683bdc321c630c784d,macaroni2/Data/Images/Anomaly/013.JPG,macaroni2/Data/Masks/Anomaly/013.png,1,macaroni2,Anomaly,perceptual_hash
e416c42dbc0203bf145f,phash:e416c42dbc0203bf145f,macaroni2/Data/Images/Anomaly/017.JPG,macaroni2/Data/Masks/Anomaly/017.png,1,macaroni2,Anomaly,perceptual_hash
d320e4f7a63dd7afe5fe,phash:d320e4f7a63dd7afe5fe,macaroni2/Data/Images/Anomaly/018.JPG,macaroni2/Data/Masks/Anomaly/018.png,1,macaroni2,Anomaly,perceptual_hash
24859fe4d868f8b955db,phash:24859fe4d868f8b955db,macaroni2/Data/Images/Anomaly/019.JPG,macaroni2/Data/Masks/Anomaly/019.png,1,macaroni2,Anomaly,perceptual_hash
84b3e820b91521721179,phash:84b3e820b91521721179,macaroni2/Data/Images/Anomaly/022.JPG,macaroni2/Data/Masks/Anomaly/022.png,1,macaroni2,Anomaly,perceptual_hash
8d633094073075baa731,phash:8d633094073075baa731,macaroni2/Data/Images/Anomaly/023.JPG,macaroni2/Data/Masks/Anomaly/023.png,1,macaroni2,Anomaly,perceptual_hash
5784a988362304d367cb,phash:5784a988362304d367cb,macaroni2/Data/Images/Anomaly/024.JPG,macaroni2/Data/Masks/Anomaly/024.png,1,macaroni2,Anomaly,perceptual_hash
ac63a13b5949cf2b1008,phash:ac63a13b5949cf2b1008,macaroni2/Data/Images/Anomaly/025.JPG,macaroni2/Data/Masks/Anomaly/025.png,1,macaroni2,Anomaly,perceptual_hash
05e8f5dcd69273de248e,phash:05e8f5dcd69273de248e,macaroni2/Data/Images/Anomaly/026.JPG,macaroni2/Data/Masks/Anomaly/026.png,1,macaroni2,Anomaly,perceptual_hash
755d558b8c5e7a63e13c,phash:755d558b8c5e7a63e13c,macaroni2/Data/Images/Anomaly/027.JPG,macaroni2/Data/Masks/Anomaly/027.png,1,macaroni2,Anomaly,perceptual_hash
97fbececca63face9007,phash:97fbececca63face9007,macaroni2/Data/Images/Anomaly/028.JPG,macaroni2/Data/Masks/Anomaly/028.png,1,macaroni2,Anomaly,perceptual_hash
79c93088b285c5328342,phash:79c93088b285c5328342,macaroni2/Data/Images/Anomaly/029.JPG,macaroni2/Data/Masks/Anomaly/029.png,1,macaroni2,Anomaly,perceptual_hash
335023d9157c6181bc7e,phash:335023d9157c6181bc7e,macaroni2/Data/Images/Anomaly/030.JPG,macaroni2/Data/Masks/Anomaly/030.png,1,macaroni2,Anomaly,perceptual_hash
e26bf71a48e1232a15e7,phash:e26bf71a48e1232a15e7,macaroni2/Data/Images/Anomaly/032.JPG,macaroni2/Data/Masks/Anomaly/032.png,1,macaroni2,Anomaly,perceptual_hash
9234f79d116e2364a575,phash:9234f79d116e2364a575,macaroni2/Data/Images/Anomaly/033.JPG,macaroni2/Data/Masks/Anomaly/033.png,1,macaroni2,Anomaly,perceptual_hash
02ad01dc56a6c7e955ef,phash:02ad01dc56a6c7e955ef,macaroni2/Data/Images/Anomaly/034.JPG,macaroni2/Data/Masks/Anomaly/034.png,1,macaroni2,Anomaly,perceptual_hash
d10ffec6c95fe86e4cc4,phash:d10ffec6c95fe86e4cc4,macaroni2/Data/Images/Anomaly/035.JPG,macaroni2/Data/Masks/Anomaly/035.png,1,macaroni2,Anomaly,perceptual_hash
ca42a90692e3b38f447a,phash:ca42a90692e3b38f447a,macaroni2/Data/Images/Anomaly/036.JPG,macaroni2/Data/Masks/Anomaly/036.png,1,macaroni2,Anomaly,perceptual_hash
91cc4871a5b582b5a9eb,phash:91cc4871a5b582b5a9eb,macaroni2/Data/Images/Anomaly/038.JPG,macaroni2/Data/Masks/Anomaly/038.png,1,macaroni2,Anomaly,perceptual_hash
df5727c3b05e51340141,phash:df5727c3b05e51340141,macaroni2/Data/Images/Anomaly/039.JPG,macaroni2/Data/Masks/Anomaly/039.png,1,macaroni2,Anomaly,perceptual_hash
72926b43a72951e23dac,phash:72926b43a72951e23dac,macaroni2/Data/Images/Anomaly/040.JPG,macaroni2/Data/Masks/Anomaly/040.png,1,macaroni2,Anomaly,perceptual_hash
422f9c05a742ead754e6,phash:422f9c05a742ead754e6,macaroni2/Data/Images/Anomaly/041.JPG,macaroni2/Data/Masks/Anomaly/041.png,1,macaroni2,Anomaly,perceptual_hash
6377494b95ada5f95151,phash:6377494b95ada5f95151,macaroni2/Data/Images/Anomaly/043.JPG,macaroni2/Data/Masks/Anomaly/043.png,1,macaroni2,Anomaly,perceptual_hash
9ace1840f5223480c536,phash:9ace1840f5223480c536,macaroni2/Data/Images/Anomaly/044.JPG,macaroni2/Data/Masks/Anomaly/044.png,1,macaroni2,Anomaly,perceptual_hash
c308132b306d85e77346,phash:c308132b306d85e77346,macaroni2/Data/Images/Anomaly/045.JPG,macaroni2/Data/Masks/Anomaly/045.png,1,macaroni2,Anomaly,perceptual_hash
52b80fbf84560beef0fb,phash:52b80fbf84560beef0fb,macaroni2/Data/Images/Anomaly/046.JPG,macaroni2/Data/Masks/Anomaly/046.png,1,macaroni2,Anomaly,perceptual_hash
29fc6bef8dad560c9f42,phash:29fc6bef8dad560c9f42,macaroni2/Data/Images/Anomaly/047.JPG,macaroni2/Data/Masks/Anomaly/047.png,1,macaroni2,Anomaly,perceptual_hash
cf84d9e73e2c9f4c531d,phash:cf84d9e73e2c9f4c531d,macaroni2/Data/Images/Anomaly/048.JPG,macaroni2/Data/Masks/Anomaly/048.png,1,macaroni2,Anomaly,perceptual_hash
e918b635a6614ee9b9c0,phash:e918b635a6614ee9b9c0,macaroni2/Data/Images/Anomaly/049.JPG,macaroni2/Data/Masks/Anomaly/049.png,1,macaroni2,Anomaly,perceptual_hash
b16f9d8c6dc3b2b13d84,phash:b16f9d8c6dc3b2b13d84,macaroni2/Data/Images/Anomaly/050.JPG,macaroni2/Data/Masks/Anomaly/050.png,1,macaroni2,Anomaly,perceptual_hash
5453d905fbe839ebd0d1,phash:5453d905fbe839ebd0d1,macaroni2/Data/Images/Anomaly/052.JPG,macaroni2/Data/Masks/Anomaly/052.png,1,macaroni2,Anomaly,perceptual_hash
2c364b596f15c03b8b4d,phash:2c364b596f15c03b8b4d,macaroni2/Data/Images/Anomaly/053.JPG,macaroni2/Data/Masks/Anomaly/053.png,1,macaroni2,Anomaly,perceptual_hash
e49ace29f7b31899900c,phash:e49ace29f7b31899900c,macaroni2/Data/Images/Anomaly/054.JPG,macaroni2/Data/Masks/Anomaly/054.png,1,macaroni2,Anomaly,perceptual_hash
22103952c52819776415,phash:22103952c52819776415,macaroni2/Data/Images/Anomaly/055.JPG,macaroni2/Data/Masks/Anomaly/055.png,1,macaroni2,Anomaly,perceptual_hash
38f62bdf880dc779f63a,phash:38f62bdf880dc779f63a,macaroni2/Data/Images/Anomaly/056.JPG,macaroni2/Data/Masks/Anomaly/056.png,1,macaroni2,Anomaly,perceptual_hash
3bd68622fbae32f29e16,phash:3bd68622fbae32f29e16,macaroni2/Data/Images/Anomaly/057.JPG,macaroni2/Data/Masks/Anomaly/057.png,1,macaroni2,Anomaly,perceptual_hash
142f884e30275f7ccd3b,phash:142f884e30275f7ccd3b,macaroni2/Data/Images/Anomaly/059.JPG,macaroni2/Data/Masks/Anomaly/059.png,1,macaroni2,Anomaly,perceptual_hash
ddd6500446b5daa4eee7,phash:ddd6500446b5daa4eee7,macaroni2/Data/Images/Anomaly/061.JPG,macaroni2/Data/Masks/Anomaly/061.png,1,macaroni2,Anomaly,perceptual_hash
96b65ca4a55335b965c3,phash:96b65ca4a55335b965c3,macaroni2/Data/Images/Anomaly/063.JPG,macaroni2/Data/Masks/Anomaly/063.png,1,macaroni2,Anomaly,perceptual_hash
5fa1766d552a1aff207d,phash:5fa1766d552a1aff207d,macaroni2/Data/Images/Anomaly/064.JPG,macaroni2/Data/Masks/Anomaly/064.png,1,macaroni2,Anomaly,perceptual_hash
1d11d69d1ce191e9c45f,phash:1d11d69d1ce191e9c45f,macaroni2/Data/Images/Anomaly/065.JPG,macaroni2/Data/Masks/Anomaly/065.png,1,macaroni2,Anomaly,perceptual_hash
dde98240584805ccb53d,phash:dde98240584805ccb53d,macaroni2/Data/Images/Anomaly/066.JPG,macaroni2/Data/Masks/Anomaly/066.png,1,macaroni2,Anomaly,perceptual_hash
399b3dca3c866aab2d25,phash:399b3dca3c866aab2d25,macaroni2/Data/Images/Anomaly/067.JPG,macaroni2/Data/Masks/Anomaly/067.png,1,macaroni2,Anomaly,perceptual_hash
37a47708170ffe3a9225,phash:37a47708170ffe3a9225,macaroni2/Data/Images/Anomaly/068.JPG,macaroni2/Data/Masks/Anomaly/068.png,1,macaroni2,Anomaly,perceptual_hash
72fa1dac8b8e9c647816,phash:72fa1dac8b8e9c647816,macaroni2/Data/Images/Anomaly/069.JPG,macaroni2/Data/Masks/Anomaly/069.png,1,macaroni2,Anomaly,perceptual_hash
47640a718e643fa6ee0f,phash:47640a718e643fa6ee0f,macaroni2/Data/Images/Anomaly/070.JPG,macaroni2/Data/Masks/Anomaly/070.png,1,macaroni2,Anomaly,perceptual_hash
008a5366245762e73a2e,phash:008a5366245762e73a2e,macaroni2/Data/Images/Anomaly/071.JPG,macaroni2/Data/Masks/Anomaly/071.png,1,macaroni2,Anomaly,perceptual_hash
846efa7f17c677327153,phash:846efa7f17c677327153,macaroni2/Data/Images/Anomaly/072.JPG,macaroni2/Data/Masks/Anomaly/072.png,1,macaroni2,Anomaly,perceptual_hash
21f1e87ca6dabbbc23b7,phash:21f1e87ca6dabbbc23b7,macaroni2/Data/Images/Anomaly/073.JPG,macaroni2/Data/Masks/Anomaly/073.png,1,macaroni2,Anomaly,perceptual_hash
8a178a6f487b9ca9152f,phash:8a178a6f487b9ca9152f,macaroni2/Data/Images/Anomaly/074.JPG,macaroni2/Data/Masks/Anomaly/074.png,1,macaroni2,Anomaly,perceptual_hash
a96f8ad8f21df79669cb,phash:a96f8ad8f21df79669cb,macaroni2/Data/Images/Anomaly/075.JPG,macaroni2/Data/Masks/Anomaly/075.png,1,macaroni2,Anomaly,perceptual_hash
18d822de5d115b298392,phash:18d822de5d115b298392,macaroni2/Data/Images/Anomaly/076.JPG,macaroni2/Data/Masks/Anomaly/076.png,1,macaroni2,Anomaly,perceptual_hash
e1a9bda6077dc4db06f4,phash:e1a9bda6077dc4db06f4,macaroni2/Data/Images/Anomaly/078.JPG,macaroni2/Data/Masks/Anomaly/078.png,1,macaroni2,Anomaly,perceptual_hash
968660d8380422de2a71,phash:968660d8380422de2a71,macaroni2/Data/Images/Anomaly/080.JPG,macaroni2/Data/Masks/Anomaly/080.png,1,macaroni2,Anomaly,perceptual_hash
45b854f4f9ac7113f4d8,phash:45b854f4f9ac7113f4d8,macaroni2/Data/Images/Anomaly/081.JPG,macaroni2/Data/Masks/Anomaly/081.png,1,macaroni2,Anomaly,perceptual_hash
1b4cbc9c0536a7f13ebf,phash:1b4cbc9c0536a7f13ebf,macaroni2/Data/Images/Anomaly/084.JPG,macaroni2/Data/Masks/Anomaly/084.png,1,macaroni2,Anomaly,perceptual_hash
a179ce30e870c266573e,phash:a179ce30e870c266573e,macaroni2/Data/Images/Anomaly/085.JPG,macaroni2/Data/Masks/Anomaly/085.png,1,macaroni2,Anomaly,perceptual_hash
43f5a0a35b21a57e6cfb,phash:43f5a0a35b21a57e6cfb,macaroni2/Data/Images/Anomaly/086.JPG,macaroni2/Data/Masks/Anomaly/086.png,1,macaroni2,Anomaly,perceptual_hash
ea6692e8d6a09fe5e6d0,phash:ea6692e8d6a09fe5e6d0,macaroni2/Data/Images/Anomaly/087.JPG,macaroni2/Data/Masks/Anomaly/087.png,1,macaroni2,Anomaly,perceptual_hash
a442cb1fe60af77b11d7,phash:a442cb1fe60af77b11d7,macaroni2/Data/Images/Anomaly/088.JPG,macaroni2/Data/Masks/Anomaly/088.png,1,macaroni2,Anomaly,perceptual_hash
ac782974f9d40fb0ce5e,phash:ac782974f9d40fb0ce5e,macaroni2/Data/Images/Anomaly/089.JPG,macaroni2/Data/Masks/Anomaly/089.png,1,macaroni2,Anomaly,perceptual_hash
56899f192f4eca8ead62,phash:56899f192f4eca8ead62,macaroni2/Data/Images/Anomaly/090.JPG,macaroni2/Data/Masks/Anomaly/090.png,1,macaroni2,Anomaly,perceptual_hash
cb983ac085b3d5ea740e,phash:cb983ac085b3d5ea740e,macaroni2/Data/Images/Anomaly/091.JPG,macaroni2/Data/Masks/Anomaly/091.png,1,macaroni2,Anomaly,perceptual_hash
72e3965597971163db84,phash:72e3965597971163db84,macaroni2/Data/Images/Anomaly/092.JPG,macaroni2/Data/Masks/Anomaly/092.png,1,macaroni2,Anomaly,perceptual_hash
d30b030579c36b7d41e9,phash:d30b030579c36b7d41e9,macaroni2/Data/Images/Anomaly/094.JPG,macaroni2/Data/Masks/Anomaly/094.png,1,macaroni2,Anomaly,perceptual_hash
0ed1c03c53273d3c2024,phash:0ed1c03c53273d3c2024,macaroni2/Data/Images/Anomaly/095.JPG,macaroni2/Data/Masks/Anomaly/095.png,1,macaroni2,Anomaly,perceptual_hash
0457a075d9a2f6248401,phash:0457a075d9a2f6248401,macaroni2/Data/Images/Anomaly/096.JPG,macaroni2/Data/Masks/Anomaly/096.png,1,macaroni2,Anomaly,perceptual_hash
dd0b812adf08b16f3a4a,phash:dd0b812adf08b16f3a4a,macaroni2/Data/Images/Anomaly/097.JPG,macaroni2/Data/Masks/Anomaly/097.png,1,macaroni2,Anomaly,perceptual_hash
d1e99dd95c04040abef6,phash:d1e99dd95c04040abef6,macaroni2/Data/Images/Anomaly/098.JPG,macaroni2/Data/Masks/Anomaly/098.png,1,macaroni2,Anomaly,perceptual_hash
98211ee64234e2756c52,phash:98211ee64234e2756c52,macaroni2/Data/Images/Anomaly/099.JPG,macaroni2/Data/Masks/Anomaly/099.png,1,macaroni2,Anomaly,perceptual_hash
d7cadb0055dddde3f701,phash:d7cadb0055dddde3f701,pcb1/Data/Images/Normal/0013.JPG,,0,pcb1,Normal,perceptual_hash
33b134feb7723f986579,phash:33b134feb7723f986579,pcb1/Data/Images/Normal/0016.JPG,,0,pcb1,Normal,perceptual_hash
6759ec5f6d924a0cd02c,phash:6759ec5f6d924a0cd02c,pcb1/Data/Images/Normal/0024.JPG,,0,pcb1,Normal,perceptual_hash
f548275c08cd4fd09780,phash:f548275c08cd4fd09780,pcb1/Data/Images/Normal/0026.JPG,,0,pcb1,Normal,perceptual_hash
7259435defe5cb256ee8,phash:7259435defe5cb256ee8,pcb1/Data/Images/Normal/0046.JPG,,0,pcb1,Normal,perceptual_hash
bb843f553456e0add459,phash:bb843f553456e0add459,pcb1/Data/Images/Normal/0107.JPG,,0,pcb1,Normal,perceptual_hash
a74be271d7c29c99d741,phash:a74be271d7c29c99d741,pcb1/Data/Images/Normal/0168.JPG,,0,pcb1,Normal,perceptual_hash
0744db32187e47cbf688,phash:0744db32187e47cbf688,pcb1/Data/Images/Normal/0172.JPG,,0,pcb1,Normal,perceptual_hash
6f69bbb60bdacb9a27a2,phash:6f69bbb60bdacb9a27a2,pcb1/Data/Images/Normal/0178.JPG,,0,pcb1,Normal,perceptual_hash
c65cb602e93e55a148ff,phash:c65cb602e93e55a148ff,pcb1/Data/Images/Normal/0187.JPG,,0,pcb1,Normal,perceptual_hash
1f24684d01b906f6cef2,phash:1f24684d01b906f6cef2,pcb1/Data/Images/Normal/0196.JPG,,0,pcb1,Normal,perceptual_hash
02d2765366a8087bbbab,phash:02d2765366a8087bbbab,pcb1/Data/Images/Normal/0208.JPG,,0,pcb1,Normal,perceptual_hash
bc77267e804b097a941b,phash:bc77267e804b097a941b,pcb1/Data/Images/Normal/0214.JPG,,0,pcb1,Normal,perceptual_hash
a058df35b35586d69528,phash:a058df35b35586d69528,pcb1/Data/Images/Normal/0237.JPG,,0,pcb1,Normal,perceptual_hash
5781484aa19b075ac086,phash:5781484aa19b075ac086,pcb1/Data/Images/Normal/0261.JPG,,0,pcb1,Normal,perceptual_hash
3c8c832588f0a4cd1188,phash:3c8c832588f0a4cd1188,pcb1/Data/Images/Normal/0286.JPG,,0,pcb1,Normal,perceptual_hash
1a967c02117dd9c1bce4,phash:1a967c02117dd9c1bce4,pcb1/Data/Images/Normal/0294.JPG,,0,pcb1,Normal,perceptual_hash
815fa70b3227d25de04e,phash:815fa70b3227d25de04e,pcb1/Data/Images/Normal/0297.JPG,,0,pcb1,Normal,perceptual_hash
b84419ecd20e98282116,phash:b84419ecd20e98282116,pcb1/Data/Images/Normal/0303.JPG,,0,pcb1,Normal,perceptual_hash
9347fde7ed975ba71b34,phash:9347fde7ed975ba71b34,pcb1/Data/Images/Normal/0306.JPG,,0,pcb1,Normal,perceptual_hash
ddbbaccf32243cecea7f,phash:ddbbaccf32243cecea7f,pcb1/Data/Images/Normal/0333.JPG,,0,pcb1,Normal,perceptual_hash
be6c2c8fbec726233c03,phash:be6c2c8fbec726233c03,pcb1/Data/Images/Normal/0394.JPG,,0,pcb1,Normal,perceptual_hash
3a80e81bc5223c90a686,phash:3a80e81bc5223c90a686,pcb1/Data/Images/Normal/0402.JPG,,0,pcb1,Normal,perceptual_hash
4ae57ba03a178b090c4e,phash:4ae57ba03a178b090c4e,pcb1/Data/Images/Normal/0417.JPG,,0,pcb1,Normal,perceptual_hash
f369b10cf6d363652fde,phash:f369b10cf6d363652fde,pcb1/Data/Images/Normal/0423.JPG,,0,pcb1,Normal,perceptual_hash
76baf6621572c9811c43,phash:76baf6621572c9811c43,pcb1/Data/Images/Normal/0427.JPG,,0,pcb1,Normal,perceptual_hash
31d1b8adfc280fd8e1f7,phash:31d1b8adfc280fd8e1f7,pcb1/Data/Images/Normal/0457.JPG,,0,pcb1,Normal,perceptual_hash
2e0788da5c868b79cc9c,phash:2e0788da5c868b79cc9c,pcb1/Data/Images/Normal/0479.JPG,,0,pcb1,Normal,perceptual_hash
9e3ab89c9cf23f68557d,phash:9e3ab89c9cf23f68557d,pcb1/Data/Images/Normal/0483.JPG,,0,pcb1,Normal,perceptual_hash
97f5252c8178bb9f6a7f,phash:97f5252c8178bb9f6a7f,pcb1/Data/Images/Normal/0484.JPG,,0,pcb1,Normal,perceptual_hash
6185e7cb7ef8af4e3650,phash:6185e7cb7ef8af4e3650,pcb1/Data/Images/Normal/0488.JPG,,0,pcb1,Normal,perceptual_hash
569267abb4e8664a3774,phash:569267abb4e8664a3774,pcb1/Data/Images/Normal/0490.JPG,,0,pcb1,Normal,perceptual_hash
00e84f7f04fa10d7f377,phash:00e84f7f04fa10d7f377,pcb1/Data/Images/Normal/0514.JPG,,0,pcb1,Normal,perceptual_hash
83e3726be2e7f407d6ba,phash:83e3726be2e7f407d6ba,pcb1/Data/Images/Normal/0520.JPG,,0,pcb1,Normal,perceptual_hash
f24d5e7d7500435d7565,phash:f24d5e7d7500435d7565,pcb1/Data/Images/Normal/0525.JPG,,0,pcb1,Normal,perceptual_hash
e76074887f87716dd8de,phash:e76074887f87716dd8de,pcb1/Data/Images/Normal/0569.JPG,,0,pcb1,Normal,perceptual_hash
d6a571eb47ae9caaa7ae,phash:d6a571eb47ae9caaa7ae,pcb1/Data/Images/Normal/0615.JPG,,0,pcb1,Normal,perceptual_hash
8dbc6943d251383297ba,phash:8dbc6943d251383297ba,pcb1/Data/Images/Normal/0617.JPG,,0,pcb1,Normal,perceptual_hash
c7a72b3592d2442cf0c2,phash:c7a72b3592d2442cf0c2,pcb1/Data/Images/Normal/0619.JPG,,0,pcb1,Normal,perceptual_hash
7ce7b24acb7b10b5280d,phash:7ce7b24acb7b10b5280d,pcb1/Data/Images/Normal/0629.JPG,,0,pcb1,Normal,perceptual_hash
f643352cc1fa2d6f03d5,phash:f643352cc1fa2d6f03d5,pcb1/Data/Images/Normal/0631.JPG,,0,pcb1,Normal,perceptual_hash
b32f6518c3732c57e0a7,phash:b32f6518c3732c57e0a7,pcb1/Data/Images/Normal/0648.JPG,,0,pcb1,Normal,perceptual_hash
a6b06d2da883980b938a,phash:a6b06d2da883980b938a,pcb1/Data/Images/Normal/0654.JPG,,0,pcb1,Normal,perceptual_hash
531e1e2cda9c8d85e208,phash:531e1e2cda9c8d85e208,pcb1/Data/Images/Normal/0657.JPG,,0,pcb1,Normal,perceptual_hash
687520169f30a3fdf81d,phash:687520169f30a3fdf81d,pcb1/Data/Images/Normal/0659.JPG,,0,pcb1,Normal,perceptual_hash
bb0e682b268ed3e79cec,phash:bb0e682b268ed3e79cec,pcb1/Data/Images/Normal/0684.JPG,,0,pcb1,Normal,perceptual_hash
5fc5aea6949e86d6142b,phash:5fc5aea6949e86d6142b,pcb1/Data/Images/Normal/0685.JPG,,0,pcb1,Normal,perceptual_hash
42ef7dfe4120b98187dd,phash:42ef7dfe4120b98187dd,pcb1/Data/Images/Normal/0688.JPG,,0,pcb1,Normal,perceptual_hash
5cd8d64ce992071a1147,phash:5cd8d64ce992071a1147,pcb1/Data/Images/Normal/0690.JPG,,0,pcb1,Normal,perceptual_hash
d0d723170af4caaeff4b,phash:d0d723170af4caaeff4b,pcb1/Data/Images/Normal/0694.JPG,,0,pcb1,Normal,perceptual_hash
190ce3d170dc542b9413,phash:190ce3d170dc542b9413,pcb1/Data/Images/Normal/0705.JPG,,0,pcb1,Normal,perceptual_hash
0933f30b296be3689851,phash:0933f30b296be3689851,pcb1/Data/Images/Normal/0725.JPG,,0,pcb1,Normal,perceptual_hash
4ca53fe7ddef68b58098,phash:4ca53fe7ddef68b58098,pcb1/Data/Images/Normal/0730.JPG,,0,pcb1,Normal,perceptual_hash
05b6d68f2743a48d27ba,phash:05b6d68f2743a48d27ba,pcb1/Data/Images/Normal/0735.JPG,,0,pcb1,Normal,perceptual_hash
54009ec18deef8c6cb35,phash:54009ec18deef8c6cb35,pcb1/Data/Images/Normal/0739.JPG,,0,pcb1,Normal,perceptual_hash
d67c97fe34930327713c,phash:d67c97fe34930327713c,pcb1/Data/Images/Normal/0751.JPG,,0,pcb1,Normal,perceptual_hash
576874a0e0c117f0f1ba,phash:576874a0e0c117f0f1ba,pcb1/Data/Images/Normal/0755.JPG,,0,pcb1,Normal,perceptual_hash
61d5d277e63868833bf8,phash:61d5d277e63868833bf8,pcb1/Data/Images/Normal/0764.JPG,,0,pcb1,Normal,perceptual_hash
e5f98dc7dd20140479db,phash:e5f98dc7dd20140479db,pcb1/Data/Images/Normal/0768.JPG,,0,pcb1,Normal,perceptual_hash
a5c1315669f6e6d9f068,phash:a5c1315669f6e6d9f068,pcb1/Data/Images/Normal/0779.JPG,,0,pcb1,Normal,perceptual_hash
5cc23ed080333e1e0105,phash:5cc23ed080333e1e0105,pcb1/Data/Images/Normal/0784.JPG,,0,pcb1,Normal,perceptual_hash
cb6169f0b24c3ba4cc0d,phash:cb6169f0b24c3ba4cc0d,pcb1/Data/Images/Normal/0796.JPG,,0,pcb1,Normal,perceptual_hash
7e289399b841fc94e377,phash:7e289399b841fc94e377,pcb1/Data/Images/Normal/0797.JPG,,0,pcb1,Normal,perceptual_hash
7ac78791af80ee09535d,phash:7ac78791af80ee09535d,pcb1/Data/Images/Normal/0800.JPG,,0,pcb1,Normal,perceptual_hash
332e6d45673c340e6831,phash:332e6d45673c340e6831,pcb1/Data/Images/Normal/0804.JPG,,0,pcb1,Normal,perceptual_hash
ee8c3aae7806f11d2323,phash:ee8c3aae7806f11d2323,pcb1/Data/Images/Normal/0811.JPG,,0,pcb1,Normal,perceptual_hash
55a9700d578973525770,phash:55a9700d578973525770,pcb1/Data/Images/Normal/0844.JPG,,0,pcb1,Normal,perceptual_hash
a0229d674fd0cebc010a,phash:a0229d674fd0cebc010a,pcb1/Data/Images/Normal/0892.JPG,,0,pcb1,Normal,perceptual_hash
21667499d93e3c1efb73,phash:21667499d93e3c1efb73,pcb1/Data/Images/Normal/0900.JPG,,0,pcb1,Normal,perceptual_hash
799c037fd6ae1a00d21a,phash:799c037fd6ae1a00d21a,pcb1/Data/Images/Normal/0920.JPG,,0,pcb1,Normal,perceptual_hash
1c94c4ade21d98819cd9,phash:1c94c4ade21d98819cd9,pcb1/Data/Images/Normal/0935.JPG,,0,pcb1,Normal,perceptual_hash
cdcf07696db353ee7a7f,phash:cdcf07696db353ee7a7f,pcb1/Data/Images/Normal/0940.JPG,,0,pcb1,Normal,perceptual_hash
0ea2392a5a9d1b533a53,phash:0ea2392a5a9d1b533a53,pcb1/Data/Images/Normal/0952.JPG,,0,pcb1,Normal,perceptual_hash
82bdbddb8cc2a5a77d12,phash:82bdbddb8cc2a5a77d12,pcb1/Data/Images/Normal/0957.JPG,,0,pcb1,Normal,perceptual_hash
d582ff9826209e4467c3,phash:d582ff9826209e4467c3,pcb1/Data/Images/Normal/0964.JPG,,0,pcb1,Normal,perceptual_hash
390f55b0ca0663202e24,phash:390f55b0ca0663202e24,pcb1/Data/Images/Normal/0971.JPG,,0,pcb1,Normal,perceptual_hash
5ff7d622fdcbcb8b1e39,phash:5ff7d622fdcbcb8b1e39,pcb1/Data/Images/Normal/0974.JPG,,0,pcb1,Normal,perceptual_hash
57c99a5a384bbf6b87c5,phash:57c99a5a384bbf6b87c5,pcb1/Data/Images/Normal/0989.JPG,,0,pcb1,Normal,perceptual_hash
7b16e35645e3b8f8a0fd,phash:7b16e35645e3b8f8a0fd,pcb1/Data/Images/Normal/0994.JPG,,0,pcb1,Normal,perceptual_hash
8595776179f616a129b6,phash:8595776179f616a129b6,pcb1/Data/Images/Normal/1000.JPG,,0,pcb1,Normal,perceptual_hash
06392a20c46ed91b5152,phash:06392a20c46ed91b5152,pcb1/Data/Images/Anomaly/002.JPG,pcb1/Data/Masks/Anomaly/002.png,1,pcb1,Anomaly,perceptual_hash
111ff03680f17e438bc8,phash:111ff03680f17e438bc8,pcb1/Data/Images/Anomaly/004.JPG,pcb1/Data/Masks/Anomaly/004.png,1,pcb1,Anomaly,perceptual_hash
7e0f8b7265c577c2f651,phash:7e0f8b7265c577c2f651,pcb1/Data/Images/Anomaly/005.JPG,pcb1/Data/Masks/Anomaly/005.png,1,pcb1,Anomaly,perceptual_hash
1cf3d757232b20b8cc88,phash:1cf3d757232b20b8cc88,pcb1/Data/Images/Anomaly/007.JPG,pcb1/Data/Masks/Anomaly/007.png,1,pcb1,Anomaly,perceptual_hash
5c243557bbd1e4bb3383,phash:5c243557bbd1e4bb3383,pcb1/Data/Images/Anomaly/009.JPG,pcb1/Data/Masks/Anomaly/009.png,1,pcb1,Anomaly,perceptual_hash
994631e91c61c96ad898,phash:994631e91c61c96ad898,pcb1/Data/Images/Anomaly/010.JPG,pcb1/Data/Masks/Anomaly/010.png,1,pcb1,Anomaly,perceptual_hash
68183fd57d6b40261c0c,phash:68183fd57d6b40261c0c,pcb1/Data/Images/Anomaly/011.JPG,pcb1/Data/Masks/Anomaly/011.png,1,pcb1,Anomaly,perceptual_hash
01d1224cf42d71295ea1,phash:01d1224cf42d71295ea1,pcb1/Data/Images/Anomaly/012.JPG,pcb1/Data/Masks/Anomaly/012.png,1,pcb1,Anomaly,perceptual_hash
019f83de40bfa74c9de7,phash:019f83de40bfa74c9de7,pcb1/Data/Images/Anomaly/013.JPG,pcb1/Data/Masks/Anomaly/013.png,1,pcb1,Anomaly,perceptual_hash
da361cbe1fc85009ab2f,phash:da361cbe1fc85009ab2f,pcb1/Data/Images/Anomaly/015.JPG,pcb1/Data/Masks/Anomaly/015.png,1,pcb1,Anomaly,perceptual_hash
d70dbe58a450d1b44285,phash:d70dbe58a450d1b44285,pcb1/Data/Images/Anomaly/016.JPG,pcb1/Data/Masks/Anomaly/016.png,1,pcb1,Anomaly,perceptual_hash
dbffb1e43097866f727d,phash:dbffb1e43097866f727d,pcb1/Data/Images/Anomaly/019.JPG,pcb1/Data/Masks/Anomaly/019.png,1,pcb1,Anomaly,perceptual_hash
ab061514bd56e18d79a1,phash:ab061514bd56e18d79a1,pcb1/Data/Images/Anomaly/020.JPG,pcb1/Data/Masks/Anomaly/020.png,1,pcb1,Anomaly,perceptual_hash
6c2a48b2f095de0755e5,phash:6c2a48b2f095de0755e5,pcb1/Data/Images/Anomaly/021.JPG,pcb1/Data/Masks/Anomaly/021.png,1,pcb1,Anomaly,perceptual_hash
51b770ab6ba0f03d0fcf,phash:51b770ab6ba0f03d0fcf,pcb1/Data/Images/Anomaly/022.JPG,pcb1/Data/Masks/Anomaly/022.png,1,pcb1,Anomaly,perceptual_hash
e86dd7eea4ec60a5eeef,phash:e86dd7eea4ec60a5eeef,pcb1/Data/Images/Anomaly/023.JPG,pcb1/Data/Masks/Anomaly/023.png,1,pcb1,Anomaly,perceptual_hash
21e260f5b2f9be7c3bdc,phash:21e260f5b2f9be7c3bdc,pcb1/Data/Images/Anomaly/024.JPG,pcb1/Data/Masks/Anomaly/024.png,1,pcb1,Anomaly,perceptual_hash
626a9a303efe0d91d4f1,phash:626a9a303efe0d91d4f1,pcb1/Data/Images/Anomaly/025.JPG,pcb1/Data/Masks/Anomaly/025.png,1,pcb1,Anomaly,perceptual_hash
8ff052ff473a7ad6a1e8,phash:8ff052ff473a7ad6a1e8,pcb1/Data/Images/Anomaly/026.JPG,pcb1/Data/Masks/Anomaly/026.png,1,pcb1,Anomaly,perceptual_hash
8872680cfa447e708499,phash:8872680cfa447e708499,pcb1/Data/Images/Anomaly/027.JPG,pcb1/Data/Masks/Anomaly/027.png,1,pcb1,Anomaly,perceptual_hash
980a30ebcda5166f4826,phash:980a30ebcda5166f4826,pcb1/Data/Images/Anomaly/030.JPG,pcb1/Data/Masks/Anomaly/030.png,1,pcb1,Anomaly,perceptual_hash
c40cf4325c80c1306e12,phash:c40cf4325c80c1306e12,pcb1/Data/Images/Anomaly/031.JPG,pcb1/Data/Masks/Anomaly/031.png,1,pcb1,Anomaly,perceptual_hash
5b3c7960cffdb3d98f0d,phash:5b3c7960cffdb3d98f0d,pcb1/Data/Images/Anomaly/032.JPG,pcb1/Data/Masks/Anomaly/032.png,1,pcb1,Anomaly,perceptual_hash
dc300031a0ac5fb0daa5,phash:dc300031a0ac5fb0daa5,pcb1/Data/Images/Anomaly/033.JPG,pcb1/Data/Masks/Anomaly/033.png,1,pcb1,Anomaly,perceptual_hash
72bb46b04f4b4c6d5b3a,phash:72bb46b04f4b4c6d5b3a,pcb1/Data/Images/Anomaly/034.JPG,pcb1/Data/Masks/Anomaly/034.png,1,pcb1,Anomaly,perceptual_hash
16d1d90421cd9531e49b,phash:16d1d90421cd9531e49b,pcb1/Data/Images/Anomaly/035.JPG,pcb1/Data/Masks/Anomaly/035.png,1,pcb1,Anomaly,perceptual_hash
c947cc0db3bcf4a8feb9,phash:c947cc0db3bcf4a8feb9,pcb1/Data/Images/Anomaly/036.JPG,pcb1/Data/Masks/Anomaly/036.png,1,pcb1,Anomaly,perceptual_hash
926e45a9ebabed4e7c5a,phash:926e45a9ebabed4e7c5a,pcb1/Data/Images/Anomaly/037.JPG,pcb1/Data/Masks/Anomaly/037.png,1,pcb1,Anomaly,perceptual_hash
a7a30828d8dc7f1c70a0,phash:a7a30828d8dc7f1c70a0,pcb1/Data/Images/Anomaly/038.JPG,pcb1/Data/Masks/Anomaly/038.png,1,pcb1,Anomaly,perceptual_hash
852c1d795847979550aa,phash:852c1d795847979550aa,pcb1/Data/Images/Anomaly/040.JPG,pcb1/Data/Masks/Anomaly/040.png,1,pcb1,Anomaly,perceptual_hash
f7863ddf1adc606762c9,phash:f7863ddf1adc606762c9,pcb1/Data/Images/Anomaly/041.JPG,pcb1/Data/Masks/Anomaly/041.png,1,pcb1,Anomaly,perceptual_hash
3d32efd7126e7e98dd98,phash:3d32efd7126e7e98dd98,pcb1/Data/Images/Anomaly/042.JPG,pcb1/Data/Masks/Anomaly/042.png,1,pcb1,Anomaly,perceptual_hash
ec551a1565f4be465b4a,phash:ec551a1565f4be465b4a,pcb1/Data/Images/Anomaly/043.JPG,pcb1/Data/Masks/Anomaly/043.png,1,pcb1,Anomaly,perceptual_hash
b89c1d7d5f2741b13995,phash:b89c1d7d5f2741b13995,pcb1/Data/Images/Anomaly/044.JPG,pcb1/Data/Masks/Anomaly/044.png,1,pcb1,Anomaly,perceptual_hash
87e6ee9d31a77a1f0f56,phash:87e6ee9d31a77a1f0f56,pcb1/Data/Images/Anomaly/045.JPG,pcb1/Data/Masks/Anomaly/045.png,1,pcb1,Anomaly,perceptual_hash
190a9cc1de7628a765ce,phash:190a9cc1de7628a765ce,pcb1/Data/Images/Anomaly/046.JPG,pcb1/Data/Masks/Anomaly/046.png,1,pcb1,Anomaly,perceptual_hash
f022528ab0161c8ce7b5,phash:f022528ab0161c8ce7b5,pcb1/Data/Images/Anomaly/047.JPG,pcb1/Data/Masks/Anomaly/047.png,1,pcb1,Anomaly,perceptual_hash
ba604710240cf0696ad5,phash:ba604710240cf0696ad5,pcb1/Data/Images/Anomaly/049.JPG,pcb1/Data/Masks/Anomaly/049.png,1,pcb1,Anomaly,perceptual_hash
b2a5aba46c4787e773c1,phash:b2a5aba46c4787e773c1,pcb1/Data/Images/Anomaly/050.JPG,pcb1/Data/Masks/Anomaly/050.png,1,pcb1,Anomaly,perceptual_hash
a25fdc0f32dbe6056d22,phash:a25fdc0f32dbe6056d22,pcb1/Data/Images/Anomaly/051.JPG,pcb1/Data/Masks/Anomaly/051.png,1,pcb1,Anomaly,perceptual_hash
e08d23069bc575ba4dcc,phash:e08d23069bc575ba4dcc,pcb1/Data/Images/Anomaly/052.JPG,pcb1/Data/Masks/Anomaly/052.png,1,pcb1,Anomaly,perceptual_hash
a36eb863e8c758696cea,phash:a36eb863e8c758696cea,pcb1/Data/Images/Anomaly/053.JPG,pcb1/Data/Masks/Anomaly/053.png,1,pcb1,Anomaly,perceptual_hash
b9647074c3e9db1e694a,phash:b9647074c3e9db1e694a,pcb1/Data/Images/Anomaly/054.JPG,pcb1/Data/Masks/Anomaly/054.png,1,pcb1,Anomaly,perceptual_hash
684ed06c21c42783134b,phash:684ed06c21c42783134b,pcb1/Data/Images/Anomaly/055.JPG,pcb1/Data/Masks/Anomaly/055.png,1,pcb1,Anomaly,perceptual_hash
833fffd4435013d770ae,phash:833fffd4435013d770ae,pcb1/Data/Images/Anomaly/056.JPG,pcb1/Data/Masks/Anomaly/056.png,1,pcb1,Anomaly,perceptual_hash
527a4399fe977c6d5155,phash:527a4399fe977c6d5155,pcb1/Data/Images/Anomaly/057.JPG,pcb1/Data/Masks/Anomaly/057.png,1,pcb1,Anomaly,perceptual_hash
ae3534747e5017cd2559,phash:ae3534747e5017cd2559,pcb1/Data/Images/Anomaly/059.JPG,pcb1/Data/Masks/Anomaly/059.png,1,pcb1,Anomaly,perceptual_hash
c74b84560921a28422db,phash:c74b84560921a28422db,pcb1/Data/Images/Anomaly/060.JPG,pcb1/Data/Masks/Anomaly/060.png,1,pcb1,Anomaly,perceptual_hash
f546efd149ae7a2cfdf1,phash:f546efd149ae7a2cfdf1,pcb1/Data/Images/Anomaly/061.JPG,pcb1/Data/Masks/Anomaly/061.png,1,pcb1,Anomaly,perceptual_hash
461ee27fae4954498556,phash:461ee27fae4954498556,pcb1/Data/Images/Anomaly/063.JPG,pcb1/Data/Masks/Anomaly/063.png,1,pcb1,Anomaly,perceptual_hash
af09bbca4f29b27ea538,phash:af09bbca4f29b27ea538,pcb1/Data/Images/Anomaly/064.JPG,pcb1/Data/Masks/Anomaly/064.png,1,pcb1,Anomaly,perceptual_hash
20a6db15074c3213ded8,phash:20a6db15074c3213ded8,pcb1/Data/Images/Anomaly/065.JPG,pcb1/Data/Masks/Anomaly/065.png,1,pcb1,Anomaly,perceptual_hash
da7254a3b8560ac596d9,phash:da7254a3b8560ac596d9,pcb1/Data/Images/Anomaly/067.JPG,pcb1/Data/Masks/Anomaly/067.png,1,pcb1,Anomaly,perceptual_hash
289f0fc15ffba5fb87fc,phash:289f0fc15ffba5fb87fc,pcb1/Data/Images/Anomaly/068.JPG,pcb1/Data/Masks/Anomaly/068.png,1,pcb1,Anomaly,perceptual_hash
705031a606d8fbb359dd,phash:705031a606d8fbb359dd,pcb1/Data/Images/Anomaly/070.JPG,pcb1/Data/Masks/Anomaly/070.png,1,pcb1,Anomaly,perceptual_hash
c8f8311e9cb3b0818974,phash:c8f8311e9cb3b0818974,pcb1/Data/Images/Anomaly/071.JPG,pcb1/Data/Masks/Anomaly/071.png,1,pcb1,Anomaly,perceptual_hash
06056b012e847db61388,phash:06056b012e847db61388,pcb1/Data/Images/Anomaly/073.JPG,pcb1/Data/Masks/Anomaly/073.png,1,pcb1,Anomaly,perceptual_hash
bae41b7134772dfda375,phash:bae41b7134772dfda375,pcb1/Data/Images/Anomaly/074.JPG,pcb1/Data/Masks/Anomaly/074.png,1,pcb1,Anomaly,perceptual_hash
103dad4726c6461cb075,phash:103dad4726c6461cb075,pcb1/Data/Images/Anomaly/075.JPG,pcb1/Data/Masks/Anomaly/075.png,1,pcb1,Anomaly,perceptual_hash
38a9a206e1864f91692c,phash:38a9a206e1864f91692c,pcb1/Data/Images/Anomaly/076.JPG,pcb1/Data/Masks/Anomaly/076.png,1,pcb1,Anomaly,perceptual_hash
18d238c3712c98870c8a,phash:18d238c3712c98870c8a,pcb1/Data/Images/Anomaly/077.JPG,pcb1/Data/Masks/Anomaly/077.png,1,pcb1,Anomaly,perceptual_hash
e22d2b440d4dc09847cc,phash:e22d2b440d4dc09847cc,pcb1/Data/Images/Anomaly/078.JPG,pcb1/Data/Masks/Anomaly/078.png,1,pcb1,Anomaly,perceptual_hash
ae581cb83c11da77d660,phash:ae581cb83c11da77d660,pcb1/Data/Images/Anomaly/079.JPG,pcb1/Data/Masks/Anomaly/079.png,1,pcb1,Anomaly,perceptual_hash
5a39934eadd9a9950a8a,phash:5a39934eadd9a9950a8a,pcb1/Data/Images/Anomaly/080.JPG,pcb1/Data/Masks/Anomaly/080.png,1,pcb1,Anomaly,perceptual_hash
e58d778ed4144ccb1999,phash:e58d778ed4144ccb1999,pcb1/Data/Images/Anomaly/081.JPG,pcb1/Data/Masks/Anomaly/081.png,1,pcb1,Anomaly,perceptual_hash
7feeb72112a1c29de9bd,phash:7feeb72112a1c29de9bd,pcb1/Data/Images/Anomaly/082.JPG,pcb1/Data/Masks/Anomaly/082.png,1,pcb1,Anomaly,perceptual_hash
484bab951694e2aaeeaa,phash:484bab951694e2aaeeaa,pcb1/Data/Images/Anomaly/083.JPG,pcb1/Data/Masks/Anomaly/083.png,1,pcb1,Anomaly,perceptual_hash
e06f6c1531d9390ce391,phash:e06f6c1531d9390ce391,pcb1/Data/Images/Anomaly/084.JPG,pcb1/Data/Masks/Anomaly/084.png,1,pcb1,Anomaly,perceptual_hash
d1c56c21bccfaac49ffa,phash:d1c56c21bccfaac49ffa,pcb1/Data/Images/Anomaly/085.JPG,pcb1/Data/Masks/Anomaly/085.png,1,pcb1,Anomaly,perceptual_hash
19943d597335f2865bf2,phash:19943d597335f2865bf2,pcb1/Data/Images/Anomaly/086.JPG,pcb1/Data/Masks/Anomaly/086.png,1,pcb1,Anomaly,perceptual_hash
cb9bb323b00a01602547,phash:cb9bb323b00a01602547,pcb1/Data/Images/Anomaly/087.JPG,pcb1/Data/Masks/Anomaly/087.png,1,pcb1,Anomaly,perceptual_hash
6c852b88511dcbd8cf96,phash:6c852b88511dcbd8cf96,pcb1/Data/Images/Anomaly/088.JPG,pcb1/Data/Masks/Anomaly/088.png,1,pcb1,Anomaly,perceptual_hash
83cbf70fa08ce2c9f54f,phash:83cbf70fa08ce2c9f54f,pcb1/Data/Images/Anomaly/089.JPG,pcb1/Data/Masks/Anomaly/089.png,1,pcb1,Anomaly,perceptual_hash
f03dc359b4fa1c6567eb,phash:f03dc359b4fa1c6567eb,pcb1/Data/Images/Anomaly/090.JPG,pcb1/Data/Masks/Anomaly/090.png,1,pcb1,Anomaly,perceptual_hash
5695a1c474d3ebe584e8,phash:5695a1c474d3ebe584e8,pcb1/Data/Images/Anomaly/092.JPG,pcb1/Data/Masks/Anomaly/092.png,1,pcb1,Anomaly,perceptual_hash
a5a1a890c9b1129a322f,phash:a5a1a890c9b1129a322f,pcb1/Data/Images/Anomaly/095.JPG,pcb1/Data/Masks/Anomaly/095.png,1,pcb1,Anomaly,perceptual_hash
239d552dcea1b0aeb29b,phash:239d552dcea1b0aeb29b,pcb1/Data/Images/Anomaly/096.JPG,pcb1/Data/Masks/Anomaly/096.png,1,pcb1,Anomaly,perceptual_hash
a49b5e40e0be2efa83bb,phash:a49b5e40e0be2efa83bb,pcb1/Data/Images/Anomaly/097.JPG,pcb1/Data/Masks/Anomaly/097.png,1,pcb1,Anomaly,perceptual_hash
8f14cc6060d08883f340,phash:8f14cc6060d08883f340,pcb1/Data/Images/Anomaly/098.JPG,pcb1/Data/Masks/Anomaly/098.png,1,pcb1,Anomaly,perceptual_hash
51dec97f5e3db9070952,phash:51dec97f5e3db9070952,pcb1/Data/Images/Anomaly/099.JPG,pcb1/Data/Masks/Anomaly/099.png,1,pcb1,Anomaly,perceptual_hash
16e587f9d48ac26b3603,phash:16e587f9d48ac26b3603,pcb2/Data/Images/Normal/0011.JPG,,0,pcb2,Normal,perceptual_hash
b8dfd09bd0030de860ee,phash:b8dfd09bd0030de860ee,pcb2/Data/Images/Normal/0013.JPG,,0,pcb2,Normal,perceptual_hash
9e247048328828d32cc0,phash:9e247048328828d32cc0,pcb2/Data/Images/Normal/0016.JPG,,0,pcb2,Normal,perceptual_hash
a28185a9005d081e7738,phash:a28185a9005d081e7738,pcb2/Data/Images/Normal/0024.JPG,,0,pcb2,Normal,perceptual_hash
75a3394d4dca2fd4964b,phash:75a3394d4dca2fd4964b,pcb2/Data/Images/Normal/0026.JPG,,0,pcb2,Normal,perceptual_hash
22bf02e98667c261cc0d,phash:22bf02e98667c261cc0d,pcb2/Data/Images/Normal/0046.JPG,,0,pcb2,Normal,perceptual_hash
8cbc9d307b18712a3ae2,phash:8cbc9d307b18712a3ae2,pcb2/Data/Images/Normal/0100.JPG,,0,pcb2,Normal,perceptual_hash
c18dfd19106d854fc121,phash:c18dfd19106d854fc121,pcb2/Data/Images/Normal/0107.JPG,,0,pcb2,Normal,perceptual_hash
105751854f13ac87c6bf,phash:105751854f13ac87c6bf,pcb2/Data/Images/Normal/0168.JPG,,0,pcb2,Normal,perceptual_hash
df5b1923c4bdf525f141,phash:df5b1923c4bdf525f141,pcb2/Data/Images/Normal/0172.JPG,,0,pcb2,Normal,perceptual_hash
015d8ce374cc4ecf40ca,phash:015d8ce374cc4ecf40ca,pcb2/Data/Images/Normal/0174.JPG,,0,pcb2,Normal,perceptual_hash
03241950d2637dd2db5d,phash:03241950d2637dd2db5d,pcb2/Data/Images/Normal/0178.JPG,,0,pcb2,Normal,perceptual_hash
c6aed4b3d73779a360f6,phash:c6aed4b3d73779a360f6,pcb2/Data/Images/Normal/0196.JPG,,0,pcb2,Normal,perceptual_hash
fb65d9bd720e47d45e85,phash:fb65d9bd720e47d45e85,pcb2/Data/Images/Normal/0208.JPG,,0,pcb2,Normal,perceptual_hash
28a1aabb8b9207a3485b,phash:28a1aabb8b9207a3485b,pcb2/Data/Images/Normal/0214.JPG,,0,pcb2,Normal,perceptual_hash
05af3efea7d7589e1ade,phash:05af3efea7d7589e1ade,pcb2/Data/Images/Normal/0237.JPG,,0,pcb2,Normal,perceptual_hash
87d754090bd4dc449179,phash:87d754090bd4dc449179,pcb2/Data/Images/Normal/0261.JPG,,0,pcb2,Normal,perceptual_hash
bf3426db18574eac777a,phash:bf3426db18574eac777a,pcb2/Data/Images/Normal/0286.JPG,,0,pcb2,Normal,perceptual_hash
c73077044dfa818ae51e,phash:c73077044dfa818ae51e,pcb2/Data/Images/Normal/0294.JPG,,0,pcb2,Normal,perceptual_hash
76ec24e605ff2b801513,phash:76ec24e605ff2b801513,pcb2/Data/Images/Normal/0297.JPG,,0,pcb2,Normal,perceptual_hash
69ac365f44864dd2eef9,phash:69ac365f44864dd2eef9,pcb2/Data/Images/Normal/0303.JPG,,0,pcb2,Normal,perceptual_hash
5f73d4f33336cf46adc7,phash:5f73d4f33336cf46adc7,pcb2/Data/Images/Normal/0306.JPG,,0,pcb2,Normal,perceptual_hash
dc092544ee41e174c7fd,phash:dc092544ee41e174c7fd,pcb2/Data/Images/Normal/0320.JPG,,0,pcb2,Normal,perceptual_hash
ceaff69490ec9bea607b,phash:ceaff69490ec9bea607b,pcb2/Data/Images/Normal/0394.JPG,,0,pcb2,Normal,perceptual_hash
7fdfe971e12f5590f3c3,phash:7fdfe971e12f5590f3c3,pcb2/Data/Images/Normal/0400.JPG,,0,pcb2,Normal,perceptual_hash
55656be9e91cc90aacf0,phash:55656be9e91cc90aacf0,pcb2/Data/Images/Normal/0402.JPG,,0,pcb2,Normal,perceptual_hash
cc1351c87aa2d9f46ae8,phash:cc1351c87aa2d9f46ae8,pcb2/Data/Images/Normal/0417.JPG,,0,pcb2,Normal,perceptual_hash
4a6e5b512a3abd992902,phash:4a6e5b512a3abd992902,pcb2/Data/Images/Normal/0423.JPG,,0,pcb2,Normal,perceptual_hash
e2d27acf5501a608c66a,phash:e2d27acf5501a608c66a,pcb2/Data/Images/Normal/0427.JPG,,0,pcb2,Normal,perceptual_hash
37d7c2a51ddeff798353,phash:37d7c2a51ddeff798353,pcb2/Data/Images/Normal/0469.JPG,,0,pcb2,Normal,perceptual_hash
0e75788bee70433bcb80,phash:0e75788bee70433bcb80,pcb2/Data/Images/Normal/0479.JPG,,0,pcb2,Normal,perceptual_hash
18d3655be83a5defe630,phash:18d3655be83a5defe630,pcb2/Data/Images/Normal/0483.JPG,,0,pcb2,Normal,perceptual_hash
5754908b1143dd6a8249,phash:5754908b1143dd6a8249,pcb2/Data/Images/Normal/0488.JPG,,0,pcb2,Normal,perceptual_hash
a393c46e52a0903a95b5,phash:a393c46e52a0903a95b5,pcb2/Data/Images/Normal/0490.JPG,,0,pcb2,Normal,perceptual_hash
5bf3ee781cc15cf22115,phash:5bf3ee781cc15cf22115,pcb2/Data/Images/Normal/0514.JPG,,0,pcb2,Normal,perceptual_hash
cc51cb106057625253b0,phash:cc51cb106057625253b0,pcb2/Data/Images/Normal/0518.JPG,,0,pcb2,Normal,perceptual_hash
16cf47d913a5f9334962,phash:16cf47d913a5f9334962,pcb2/Data/Images/Normal/0520.JPG,,0,pcb2,Normal,perceptual_hash
740bc26ef34ec49b647f,phash:740bc26ef34ec49b647f,pcb2/Data/Images/Normal/0525.JPG,,0,pcb2,Normal,perceptual_hash
4826c1ef571af19e0a00,phash:4826c1ef571af19e0a00,pcb2/Data/Images/Normal/0545.JPG,,0,pcb2,Normal,perceptual_hash
352993a18eb56955ed2f,phash:352993a18eb56955ed2f,pcb2/Data/Images/Normal/0552.JPG,,0,pcb2,Normal,perceptual_hash
0cb77ba87d1eb948b9de,phash:0cb77ba87d1eb948b9de,pcb2/Data/Images/Normal/0569.JPG,,0,pcb2,Normal,perceptual_hash
c9ee196dd3cb63b5a3a1,phash:c9ee196dd3cb63b5a3a1,pcb2/Data/Images/Normal/0615.JPG,,0,pcb2,Normal,perceptual_hash
19147edebca9dd5135b7,phash:19147edebca9dd5135b7,pcb2/Data/Images/Normal/0619.JPG,,0,pcb2,Normal,perceptual_hash
ccbfe4dc582f2a60ad53,phash:ccbfe4dc582f2a60ad53,pcb2/Data/Images/Normal/0629.JPG,,0,pcb2,Normal,perceptual_hash
406be6deac5d045e016e,phash:406be6deac5d045e016e,pcb2/Data/Images/Normal/0648.JPG,,0,pcb2,Normal,perceptual_hash
d3f67582f3d3e513248f,phash:d3f67582f3d3e513248f,pcb2/Data/Images/Normal/0654.JPG,,0,pcb2,Normal,perceptual_hash
f3967f1dbd9e71e1c674,phash:f3967f1dbd9e71e1c674,pcb2/Data/Images/Normal/0657.JPG,,0,pcb2,Normal,perceptual_hash
a5183f5fdd0df8809f12,phash:a5183f5fdd0df8809f12,pcb2/Data/Images/Normal/0659.JPG,,0,pcb2,Normal,perceptual_hash
9e746c584c7eb05f1591,phash:9e746c584c7eb05f1591,pcb2/Data/Images/Normal/0674.JPG,,0,pcb2,Normal,perceptual_hash
98d99d935f949a877587,phash:98d99d935f949a877587,pcb2/Data/Images/Normal/0684.JPG,,0,pcb2,Normal,perceptual_hash
5a0452cdf78fd9e9f209,phash:5a0452cdf78fd9e9f209,pcb2/Data/Images/Normal/0690.JPG,,0,pcb2,Normal,perceptual_hash
50a0f869075c4f297094,phash:50a0f869075c4f297094,pcb2/Data/Images/Normal/0694.JPG,,0,pcb2,Normal,perceptual_hash
aa13abd430391c143127,phash:aa13abd430391c143127,pcb2/Data/Images/Normal/0705.JPG,,0,pcb2,Normal,perceptual_hash
792c13b6d8cf83a382ab,phash:792c13b6d8cf83a382ab,pcb2/Data/Images/Normal/0725.JPG,,0,pcb2,Normal,perceptual_hash
c063584838e6db983d12,phash:c063584838e6db983d12,pcb2/Data/Images/Normal/0730.JPG,,0,pcb2,Normal,perceptual_hash
81911fd6651d824d282f,phash:81911fd6651d824d282f,pcb2/Data/Images/Normal/0735.JPG,,0,pcb2,Normal,perceptual_hash
5dc6dc3faab69dbdd60b,phash:5dc6dc3faab69dbdd60b,pcb2/Data/Images/Normal/0755.JPG,,0,pcb2,Normal,perceptual_hash
51a98e03fed56455ecaf,phash:51a98e03fed56455ecaf,pcb2/Data/Images/Normal/0764.JPG,,0,pcb2,Normal,perceptual_hash
47ec33c5c55db9e3bf28,phash:47ec33c5c55db9e3bf28,pcb2/Data/Images/Normal/0768.JPG,,0,pcb2,Normal,perceptual_hash
f976afb3962d00a0fc26,phash:f976afb3962d00a0fc26,pcb2/Data/Images/Normal/0779.JPG,,0,pcb2,Normal,perceptual_hash
5808d691fcb8bbb72f3e,phash:5808d691fcb8bbb72f3e,pcb2/Data/Images/Normal/0784.JPG,,0,pcb2,Normal,perceptual_hash
b0a846b741c789b82776,phash:b0a846b741c789b82776,pcb2/Data/Images/Normal/0796.JPG,,0,pcb2,Normal,perceptual_hash
d5ee1141ddb78cabfee5,phash:d5ee1141ddb78cabfee5,pcb2/Data/Images/Normal/0797.JPG,,0,pcb2,Normal,perceptual_hash
2537cf26879fe9c2db1e,phash:2537cf26879fe9c2db1e,pcb2/Data/Images/Normal/0800.JPG,,0,pcb2,Normal,perceptual_hash
b3e99dffea90a73dee2f,phash:b3e99dffea90a73dee2f,pcb2/Data/Images/Normal/0804.JPG,,0,pcb2,Normal,perceptual_hash
e54cd05fa450383d26fa,phash:e54cd05fa450383d26fa,pcb2/Data/Images/Normal/0869.JPG,,0,pcb2,Normal,perceptual_hash
42672ff0a065fc3a2f82,phash:42672ff0a065fc3a2f82,pcb2/Data/Images/Normal/0871.JPG,,0,pcb2,Normal,perceptual_hash
fba97e0bc1f26db745a2,phash:fba97e0bc1f26db745a2,pcb2/Data/Images/Normal/0892.JPG,,0,pcb2,Normal,perceptual_hash
fe9a5e059c9dcd520f04,phash:fe9a5e059c9dcd520f04,pcb2/Data/Images/Normal/0900.JPG,,0,pcb2,Normal,perceptual_hash
6e68f603fb4285ca57de,phash:6e68f603fb4285ca57de,pcb2/Data/Images/Normal/0920.JPG,,0,pcb2,Normal,perceptual_hash
4fc3ae26d2145d6ea0d1,phash:4fc3ae26d2145d6ea0d1,pcb2/Data/Images/Normal/0923.JPG,,0,pcb2,Normal,perceptual_hash
329fe2d87f75621b7725,phash:329fe2d87f75621b7725,pcb2/Data/Images/Normal/0935.JPG,,0,pcb2,Normal,perceptual_hash
2557a813d8585b43a0a8,phash:2557a813d8585b43a0a8,pcb2/Data/Images/Normal/0940.JPG,,0,pcb2,Normal,perceptual_hash
72e006ba0e8587e21153,phash:72e006ba0e8587e21153,pcb2/Data/Images/Normal/0952.JPG,,0,pcb2,Normal,perceptual_hash
bf4bcfc3bab580e1d033,phash:bf4bcfc3bab580e1d033,pcb2/Data/Images/Normal/0964.JPG,,0,pcb2,Normal,perceptual_hash
795493feee90dd859764,phash:795493feee90dd859764,pcb2/Data/Images/Normal/0968.JPG,,0,pcb2,Normal,perceptual_hash
880c44872fa58d724601,phash:880c44872fa58d724601,pcb2/Data/Images/Normal/0974.JPG,,0,pcb2,Normal,perceptual_hash
500317ab25ec8e540bc5,phash:500317ab25ec8e540bc5,pcb2/Data/Images/Normal/0986.JPG,,0,pcb2,Normal,perceptual_hash
eca4ab91fc420a9aa857,phash:eca4ab91fc420a9aa857,pcb2/Data/Images/Normal/0994.JPG,,0,pcb2,Normal,perceptual_hash
cc383c0b10519af4f711,phash:cc383c0b10519af4f711,pcb2/Data/Images/Normal/0997.JPG,,0,pcb2,Normal,perceptual_hash
cd9f75210c2de162ee6e,phash:cd9f75210c2de162ee6e,pcb2/Data/Images/Anomaly/000.JPG,pcb2/Data/Masks/Anomaly/000.png,1,pcb2,Anomaly,perceptual_hash
7e0951148ab5b8336621,phash:7e0951148ab5b8336621,pcb2/Data/Images/Anomaly/001.JPG,pcb2/Data/Masks/Anomaly/001.png,1,pcb2,Anomaly,perceptual_hash
68fec8beeade17c266da,phash:68fec8beeade17c266da,pcb2/Data/Images/Anomaly/002.JPG,pcb2/Data/Masks/Anomaly/002.png,1,pcb2,Anomaly,perceptual_hash
6d6181a67701e4ca05c5,phash:6d6181a67701e4ca05c5,pcb2/Data/Images/Anomaly/004.JPG,pcb2/Data/Masks/Anomaly/004.png,1,pcb2,Anomaly,perceptual_hash
698bcf2e188a98c14a9c,phash:698bcf2e188a98c14a9c,pcb2/Data/Images/Anomaly/005.JPG,pcb2/Data/Masks/Anomaly/005.png,1,pcb2,Anomaly,perceptual_hash
81db1d1405a10c9bc777,phash:81db1d1405a10c9bc777,pcb2/Data/Images/Anomaly/006.JPG,pcb2/Data/Masks/Anomaly/006.png,1,pcb2,Anomaly,perceptual_hash
c366c50e9eb5f0588f5b,phash:c366c50e9eb5f0588f5b,pcb2/Data/Images/Anomaly/007.JPG,pcb2/Data/Masks/Anomaly/007.png,1,pcb2,Anomaly,perceptual_hash
43b078f62238e09508e9,phash:43b078f62238e09508e9,pcb2/Data/Images/Anomaly/009.JPG,pcb2/Data/Masks/Anomaly/009.png,1,pcb2,Anomaly,perceptual_hash
ba5899edabf9a1bbeb48,phash:ba5899edabf9a1bbeb48,pcb2/Data/Images/Anomaly/010.JPG,pcb2/Data/Masks/Anomaly/010.png,1,pcb2,Anomaly,perceptual_hash
5b0d16124654f854b6a1,phash:5b0d16124654f854b6a1,pcb2/Data/Images/Anomaly/013.JPG,pcb2/Data/Masks/Anomaly/013.png,1,pcb2,Anomaly,perceptual_hash
3425f20de7a510dacfde,phash:3425f20de7a510dacfde,pcb2/Data/Images/Anomaly/014.JPG,pcb2/Data/Masks/Anomaly/014.png,1,pcb2,Anomaly,perceptual_hash
5282cc17b2d64c1b0a96,phash:5282cc17b2d64c1b0a96,pcb2/Data/Images/Anomaly/015.JPG,pcb2/Data/Masks/Anomaly/015.png,1,pcb2,Anomaly,perceptual_hash
d8f098c3a804cb4fc6d9,phash:d8f098c3a804cb4fc6d9,pcb2/Data/Images/Anomaly/016.JPG,pcb2/Data/Masks/Anomaly/016.png,1,pcb2,Anomaly,perceptual_hash
a736112155696f3bb889,phash:a736112155696f3bb889,pcb2/Data/Images/Anomaly/017.JPG,pcb2/Data/Masks/Anomaly/017.png,1,pcb2,Anomaly,perceptual_hash
26f66f042ba76d341aa4,phash:26f66f042ba76d341aa4,pcb2/Data/Images/Anomaly/018.JPG,pcb2/Data/Masks/Anomaly/018.png,1,pcb2,Anomaly,perceptual_hash
9a456b98af5f0fdf728a,phash:9a456b98af5f0fdf728a,pcb2/Data/Images/Anomaly/019.JPG,pcb2/Data/Masks/Anomaly/019.png,1,pcb2,Anomaly,perceptual_hash
9356fcf8946228b2e9f0,phash:9356fcf8946228b2e9f0,pcb2/Data/Images/Anomaly/022.JPG,pcb2/Data/Masks/Anomaly/022.png,1,pcb2,Anomaly,perceptual_hash
a7e85e82f6e48b8fba2b,phash:a7e85e82f6e48b8fba2b,pcb2/Data/Images/Anomaly/023.JPG,pcb2/Data/Masks/Anomaly/023.png,1,pcb2,Anomaly,perceptual_hash
9bcfc3103dc24246a8bd,phash:9bcfc3103dc24246a8bd,pcb2/Data/Images/Anomaly/024.JPG,pcb2/Data/Masks/Anomaly/024.png,1,pcb2,Anomaly,perceptual_hash
2245b55fd85337596e94,phash:2245b55fd85337596e94,pcb2/Data/Images/Anomaly/026.JPG,pcb2/Data/Masks/Anomaly/026.png,1,pcb2,Anomaly,perceptual_hash
b3bf935b505f7d142dda,phash:b3bf935b505f7d142dda,pcb2/Data/Images/Anomaly/027.JPG,pcb2/Data/Masks/Anomaly/027.png,1,pcb2,Anomaly,perceptual_hash
05958aea5461bd9f9963,phash:05958aea5461bd9f9963,pcb2/Data/Images/Anomaly/028.JPG,pcb2/Data/Masks/Anomaly/028.png,1,pcb2,Anomaly,perceptual_hash
1e43e5405c80bb8979f3,phash:1e43e5405c80bb8979f3,pcb2/Data/Images/Anomaly/029.JPG,pcb2/Data/Masks/Anomaly/029.png,1,pcb2,Anomaly,perceptual_hash
7ed59f95b31911892148,phash:7ed59f95b31911892148,pcb2/Data/Images/Anomaly/030.JPG,pcb2/Data/Masks/Anomaly/030.png,1,pcb2,Anomaly,perceptual_hash
b6795cbdca5c16891690,phash:b6795cbdca5c16891690,pcb2/Data/Images/Anomaly/031.JPG,pcb2/Data/Masks/Anomaly/031.png,1,pcb2,Anomaly,perceptual_hash
9ba78d6925bcd57c2c3c,phash:9ba78d6925bcd57c2c3c,pcb2/Data/Images/Anomaly/032.JPG,pcb2/Data/Masks/Anomaly/032.png,1,pcb2,Anomaly,perceptual_hash
5cb2b0eb8fce05b09ace,phash:5cb2b0eb8fce05b09ace,pcb2/Data/Images/Anomaly/033.JPG,pcb2/Data/Masks/Anomaly/033.png,1,pcb2,Anomaly,perceptual_hash
b7c99c50bab3a785e5f2,phash:b7c99c50bab3a785e5f2,pcb2/Data/Images/Anomaly/035.JPG,pcb2/Data/Masks/Anomaly/035.png,1,pcb2,Anomaly,perceptual_hash
7488c352e64b06760011,phash:7488c352e64b06760011,pcb2/Data/Images/Anomaly/036.JPG,pcb2/Data/Masks/Anomaly/036.png,1,pcb2,Anomaly,perceptual_hash
b46e21c8e7bb2006222c,phash:b46e21c8e7bb2006222c,pcb2/Data/Images/Anomaly/037.JPG,pcb2/Data/Masks/Anomaly/037.png,1,pcb2,Anomaly,perceptual_hash
c4a91026363eaac6549a,phash:c4a91026363eaac6549a,pcb2/Data/Images/Anomaly/038.JPG,pcb2/Data/Masks/Anomaly/038.png,1,pcb2,Anomaly,perceptual_hash
6b77f91052cd3485f9b7,phash:6b77f91052cd3485f9b7,pcb2/Data/Images/Anomaly/039.JPG,pcb2/Data/Masks/Anomaly/039.png,1,pcb2,Anomaly,perceptual_hash
b9d4b843c94f779b370f,phash:b9d4b843c94f779b370f,pcb2/Data/Images/Anomaly/040.JPG,pcb2/Data/Masks/Anomaly/040.png,1,pcb2,Anomaly,perceptual_hash
206642ca8b503819c966,phash:206642ca8b503819c966,pcb2/Data/Images/Anomaly/041.JPG,pcb2/Data/Masks/Anomaly/041.png,1,pcb2,Anomaly,perceptual_hash
2c4ae82c8c6ec23b2b31,phash:2c4ae82c8c6ec23b2b31,pcb2/Data/Images/Anomaly/043.JPG,pcb2/Data/Masks/Anomaly/043.png,1,pcb2,Anomaly,perceptual_hash
a2d6d868c5fa24eb428b,phash:a2d6d868c5fa24eb428b,pcb2/Data/Images/Anomaly/045.JPG,pcb2/Data/Masks/Anomaly/045.png,1,pcb2,Anomaly,perceptual_hash
a69dea43aec8125afac7,phash:a69dea43aec8125afac7,pcb2/Data/Images/Anomaly/046.JPG,pcb2/Data/Masks/Anomaly/046.png,1,pcb2,Anomaly,perceptual_hash
79b92466f64364b94297,phash:79b92466f64364b94297,pcb2/Data/Images/Anomaly/048.JPG,pcb2/Data/Masks/Anomaly/048.png,1,pcb2,Anomaly,perceptual_hash
58e7ac2c8c58e9a4459b,phash:58e7ac2c8c58e9a4459b,pcb2/Data/Images/Anomaly/050.JPG,pcb2/Data/Masks/Anomaly/050.png,1,pcb2,Anomaly,perceptual_hash
403ae723589cd3d219db,phash:403ae723589cd3d219db,pcb2/Data/Images/Anomaly/051.JPG,pcb2/Data/Masks/Anomaly/051.png,1,pcb2,Anomaly,perceptual_hash
66267737e29f306a355b,phash:66267737e29f306a355b,pcb2/Data/Images/Anomaly/052.JPG,pcb2/Data/Masks/Anomaly/052.png,1,pcb2,Anomaly,perceptual_hash
31f0b414bafb978c932d,phash:31f0b414bafb978c932d,pcb2/Data/Images/Anomaly/053.JPG,pcb2/Data/Masks/Anomaly/053.png,1,pcb2,Anomaly,perceptual_hash
f0e3e3562355b946723b,phash:f0e3e3562355b946723b,pcb2/Data/Images/Anomaly/054.JPG,pcb2/Data/Masks/Anomaly/054.png,1,pcb2,Anomaly,perceptual_hash
ac435d800642123015b4,phash:ac435d800642123015b4,pcb2/Data/Images/Anomaly/055.JPG,pcb2/Data/Masks/Anomaly/055.png,1,pcb2,Anomaly,perceptual_hash
45315fe2c43a1cc9c10a,phash:45315fe2c43a1cc9c10a,pcb2/Data/Images/Anomaly/058.JPG,pcb2/Data/Masks/Anomaly/058.png,1,pcb2,Anomaly,perceptual_hash
cff8335a71f1310b1e77,phash:cff8335a71f1310b1e77,pcb2/Data/Images/Anomaly/059.JPG,pcb2/Data/Masks/Anomaly/059.png,1,pcb2,Anomaly,perceptual_hash
de68cb5a22f0b9400a4b,phash:de68cb5a22f0b9400a4b,pcb2/Data/Images/Anomaly/060.JPG,pcb2/Data/Masks/Anomaly/060.png,1,pcb2,Anomaly,perceptual_hash
9449aa9f18ab6249da7e,phash:9449aa9f18ab6249da7e,pcb2/Data/Images/Anomaly/061.JPG,pcb2/Data/Masks/Anomaly/061.png,1,pcb2,Anomaly,perceptual_hash
a7907779fd5bcc5d462b,phash:a7907779fd5bcc5d462b,pcb2/Data/Images/Anomaly/062.JPG,pcb2/Data/Masks/Anomaly/062.png,1,pcb2,Anomaly,perceptual_hash
f5e038612abe57be7162,phash:f5e038612abe57be7162,pcb2/Data/Images/Anomaly/063.JPG,pcb2/Data/Masks/Anomaly/063.png,1,pcb2,Anomaly,perceptual_hash
8fd31f461f59da641146,phash:8fd31f461f59da641146,pcb2/Data/Images/Anomaly/064.JPG,pcb2/Data/Masks/Anomaly/064.png,1,pcb2,Anomaly,perceptual_hash
b21faa84ff94106b286f,phash:b21faa84ff94106b286f,pcb2/Data/Images/Anomaly/065.JPG,pcb2/Data/Masks/Anomaly/065.png,1,pcb2,Anomaly,perceptual_hash
9fed9e4b412165320ac2,phash:9fed9e4b412165320ac2,pcb2/Data/Images/Anomaly/066.JPG,pcb2/Data/Masks/Anomaly/066.png,1,pcb2,Anomaly,perceptual_hash
fa48585031cdb8cbebc8,phash:fa48585031cdb8cbebc8,pcb2/Data/Images/Anomaly/067.JPG,pcb2/Data/Masks/Anomaly/067.png,1,pcb2,Anomaly,perceptual_hash
f69640d8bcbc8ca630ab,phash:f69640d8bcbc8ca630ab,pcb2/Data/Images/Anomaly/068.JPG,pcb2/Data/Masks/Anomaly/068.png,1,pcb2,Anomaly,perceptual_hash
4c0ce5c87e1d1e226317,phash:4c0ce5c87e1d1e226317,pcb2/Data/Images/Anomaly/069.JPG,pcb2/Data/Masks/Anomaly/069.png,1,pcb2,Anomaly,perceptual_hash
9c02fcf8cde3b5ab5ce1,phash:9c02fcf8cde3b5ab5ce1,pcb2/Data/Images/Anomaly/070.JPG,pcb2/Data/Masks/Anomaly/070.png,1,pcb2,Anomaly,perceptual_hash
0c4826b3f09ed10b6c84,phash:0c4826b3f09ed10b6c84,pcb2/Data/Images/Anomaly/071.JPG,pcb2/Data/Masks/Anomaly/071.png,1,pcb2,Anomaly,perceptual_hash
62623cf7e7f1cb2e4522,phash:62623cf7e7f1cb2e4522,pcb2/Data/Images/Anomaly/072.JPG,pcb2/Data/Masks/Anomaly/072.png,1,pcb2,Anomaly,perceptual_hash
c7fad7825e65736a69fd,phash:c7fad7825e65736a69fd,pcb2/Data/Images/Anomaly/073.JPG,pcb2/Data/Masks/Anomaly/073.png,1,pcb2,Anomaly,perceptual_hash
abc921a5e48645456c3f,phash:abc921a5e48645456c3f,pcb2/Data/Images/Anomaly/074.JPG,pcb2/Data/Masks/Anomaly/074.png,1,pcb2,Anomaly,perceptual_hash
327c4456a8282c7b1839,phash:327c4456a8282c7b1839,pcb2/Data/Images/Anomaly/075.JPG,pcb2/Data/Masks/Anomaly/075.png,1,pcb2,Anomaly,perceptual_hash
d9ef3c546592d8d6934f,phash:d9ef3c546592d8d6934f,pcb2/Data/Images/Anomaly/076.JPG,pcb2/Data/Masks/Anomaly/076.png,1,pcb2,Anomaly,perceptual_hash
5d2ff439b2515c7913a1,phash:5d2ff439b2515c7913a1,pcb2/Data/Images/Anomaly/078.JPG,pcb2/Data/Masks/Anomaly/078.png,1,pcb2,Anomaly,perceptual_hash
456254531f91a4484c3e,phash:456254531f91a4484c3e,pcb2/Data/Images/Anomaly/079.JPG,pcb2/Data/Masks/Anomaly/079.png,1,pcb2,Anomaly,perceptual_hash
446220293b2bd4eb7190,phash:446220293b2bd4eb7190,pcb2/Data/Images/Anomaly/080.JPG,pcb2/Data/Masks/Anomaly/080.png,1,pcb2,Anomaly,perceptual_hash
71d954df1c85521e929e,phash:71d954df1c85521e929e,pcb2/Data/Images/Anomaly/081.JPG,pcb2/Data/Masks/Anomaly/081.png,1,pcb2,Anomaly,perceptual_hash
82732068f28dcbace52e,phash:82732068f28dcbace52e,pcb2/Data/Images/Anomaly/082.JPG,pcb2/Data/Masks/Anomaly/082.png,1,pcb2,Anomaly,perceptual_hash
65609526a04ec755a16f,phash:65609526a04ec755a16f,pcb2/Data/Images/Anomaly/083.JPG,pcb2/Data/Masks/Anomaly/083.png,1,pcb2,Anomaly,perceptual_hash
473f7cc5e2281fb06f83,phash:473f7cc5e2281fb06f83,pcb2/Data/Images/Anomaly/085.JPG,pcb2/Data/Masks/Anomaly/085.png,1,pcb2,Anomaly,perceptual_hash
e4f7249090b817e9042a,phash:e4f7249090b817e9042a,pcb2/Data/Images/Anomaly/086.JPG,pcb2/Data/Masks/Anomaly/086.png,1,pcb2,Anomaly,perceptual_hash
98a90ac1a904d51a15d9,phash:98a90ac1a904d51a15d9,pcb2/Data/Images/Anomaly/088.JPG,pcb2/Data/Masks/Anomaly/088.png,1,pcb2,Anomaly,perceptual_hash
c563a70e3d36f00b143a,phash:c563a70e3d36f00b143a,pcb2/Data/Images/Anomaly/090.JPG,pcb2/Data/Masks/Anomaly/090.png,1,pcb2,Anomaly,perceptual_hash
0f320282a89983c95143,phash:0f320282a89983c95143,pcb2/Data/Images/Anomaly/092.JPG,pcb2/Data/Masks/Anomaly/092.png,1,pcb2,Anomaly,perceptual_hash
4c57cfd2255812948f41,phash:4c57cfd2255812948f41,pcb2/Data/Images/Anomaly/093.JPG,pcb2/Data/Masks/Anomaly/093.png,1,pcb2,Anomaly,perceptual_hash
2dc957992f739a5a5036,phash:2dc957992f739a5a5036,pcb2/Data/Images/Anomaly/094.JPG,pcb2/Data/Masks/Anomaly/094.png,1,pcb2,Anomaly,perceptual_hash
c5873d38cf605cdb4fb1,phash:c5873d38cf605cdb4fb1,pcb2/Data/Images/Anomaly/095.JPG,pcb2/Data/Masks/Anomaly/095.png,1,pcb2,Anomaly,perceptual_hash
1cf13c171af3ce49c713,phash:1cf13c171af3ce49c713,pcb2/Data/Images/Anomaly/096.JPG,pcb2/Data/Masks/Anomaly/096.png,1,pcb2,Anomaly,perceptual_hash
30df319528fc3f940c3b,phash:30df319528fc3f940c3b,pcb2/Data/Images/Anomaly/097.JPG,pcb2/Data/Masks/Anomaly/097.png,1,pcb2,Anomaly,perceptual_hash
b929df1e194e0943e817,phash:b929df1e194e0943e817,pcb2/Data/Images/Anomaly/098.JPG,pcb2/Data/Masks/Anomaly/098.png,1,pcb2,Anomaly,perceptual_hash
a5b97d7687785b1a03bc,phash:a5b97d7687785b1a03bc,pcb3/Data/Images/Normal/0011.JPG,,0,pcb3,Normal,perceptual_hash
38f91620d626ac60abde,phash:38f91620d626ac60abde,pcb3/Data/Images/Normal/0013.JPG,,0,pcb3,Normal,perceptual_hash
b25d998abf751357cf47,phash:b25d998abf751357cf47,pcb3/Data/Images/Normal/0016.JPG,,0,pcb3,Normal,perceptual_hash
a9b8a0e21c82ceaa05b5,phash:a9b8a0e21c82ceaa05b5,pcb3/Data/Images/Normal/0024.JPG,,0,pcb3,Normal,perceptual_hash
3bd1e5e47c0aa40293a2,phash:3bd1e5e47c0aa40293a2,pcb3/Data/Images/Normal/0026.JPG,,0,pcb3,Normal,perceptual_hash
9c0b4285748264d1feda,phash:9c0b4285748264d1feda,pcb3/Data/Images/Normal/0046.JPG,,0,pcb3,Normal,perceptual_hash
5b799e3eda81f1c25370,phash:5b799e3eda81f1c25370,pcb3/Data/Images/Normal/0159.JPG,,0,pcb3,Normal,perceptual_hash
b1f23161297c3a27c5cf,phash:b1f23161297c3a27c5cf,pcb3/Data/Images/Normal/0168.JPG,,0,pcb3,Normal,perceptual_hash
7319abaea76857e0f589,phash:7319abaea76857e0f589,pcb3/Data/Images/Normal/0170.JPG,,0,pcb3,Normal,perceptual_hash
4fffd5a4b0bc9d5ad637,phash:4fffd5a4b0bc9d5ad637,pcb3/Data/Images/Normal/0178.JPG,,0,pcb3,Normal,perceptual_hash
7e7479dd090ac7bd1b97,phash:7e7479dd090ac7bd1b97,pcb3/Data/Images/Normal/0187.JPG,,0,pcb3,Normal,perceptual_hash
d6bafa6a228b6812440e,phash:d6bafa6a228b6812440e,pcb3/Data/Images/Normal/0196.JPG,,0,pcb3,Normal,perceptual_hash
d155a5951071e365be4d,phash:d155a5951071e365be4d,pcb3/Data/Images/Normal/0208.JPG,,0,pcb3,Normal,perceptual_hash
75bc5d39ee86621ffe39,phash:75bc5d39ee86621ffe39,pcb3/Data/Images/Normal/0214.JPG,,0,pcb3,Normal,perceptual_hash
219da428509dee0ce9b2,phash:219da428509dee0ce9b2,pcb3/Data/Images/Normal/0215.JPG,,0,pcb3,Normal,perceptual_hash
9c506c8838907e74caa4,phash:9c506c8838907e74caa4,pcb3/Data/Images/Normal/0237.JPG,,0,pcb3,Normal,perceptual_hash
255fda5c0363ab9954c0,phash:255fda5c0363ab9954c0,pcb3/Data/Images/Normal/0261.JPG,,0,pcb3,Normal,perceptual_hash
4a34c46906f81d99d28b,phash:4a34c46906f81d99d28b,pcb3/Data/Images/Normal/0286.JPG,,0,pcb3,Normal,perceptual_hash
ae978bda29304fc947b0,phash:ae978bda29304fc947b0,pcb3/Data/Images/Normal/0294.JPG,,0,pcb3,Normal,perceptual_hash
6f8116b0a42d6b8b2489,phash:6f8116b0a42d6b8b2489,pcb3/Data/Images/Normal/0297.JPG,,0,pcb3,Normal,perceptual_hash
4fa4eca32854f79c4cd3,phash:4fa4eca32854f79c4cd3,pcb3/Data/Images/Normal/0303.JPG,,0,pcb3,Normal,perceptual_hash
b9c94abdf8ce1e4823d6,phash:b9c94abdf8ce1e4823d6,pcb3/Data/Images/Normal/0306.JPG,,0,pcb3,Normal,perceptual_hash
ee4d87305bcccf7d9c3d,phash:ee4d87305bcccf7d9c3d,pcb3/Data/Images/Normal/0320.JPG,,0,pcb3,Normal,perceptual_hash
590e01216f32cd952a4c,phash:590e01216f32cd952a4c,pcb3/Data/Images/Normal/0333.JPG,,0,pcb3,Normal,perceptual_hash
a7c02bc110077045293a,phash:a7c02bc110077045293a,pcb3/Data/Images/Normal/0363.JPG,,0,pcb3,Normal,perceptual_hash
b35bf48b6ab3ead8c7bb,phash:b35bf48b6ab3ead8c7bb,pcb3/Data/Images/Normal/0377.JPG,,0,pcb3,Normal,perceptual_hash
4e653a1bddb4080e12f1,phash:4e653a1bddb4080e12f1,pcb3/Data/Images/Normal/0394.JPG,,0,pcb3,Normal,perceptual_hash
cfa9855275a2149b3259,phash:cfa9855275a2149b3259,pcb3/Data/Images/Normal/0400.JPG,,0,pcb3,Normal,perceptual_hash
e257c06d6abc3aea1403,phash:e257c06d6abc3aea1403,pcb3/Data/Images/Normal/0402.JPG,,0,pcb3,Normal,perceptual_hash
cc1aea257e89ccf2026d,phash:cc1aea257e89ccf2026d,pcb3/Data/Images/Normal/0423.JPG,,0,pcb3,Normal,perceptual_hash
453dc721798c9cb993a0,phash:453dc721798c9cb993a0,pcb3/Data/Images/Normal/0427.JPG,,0,pcb3,Normal,perceptual_hash
6c7a3ea3c8625eafac76,phash:6c7a3ea3c8625eafac76,pcb3/Data/Images/Normal/0469.JPG,,0,pcb3,Normal,perceptual_hash
0bf43b2e806c0d050e0e,phash:0bf43b2e806c0d050e0e,pcb3/Data/Images/Normal/0483.JPG,,0,pcb3,Normal,perceptual_hash
ad718758c59e0954612b,phash:ad718758c59e0954612b,pcb3/Data/Images/Normal/0484.JPG,,0,pcb3,Normal,perceptual_hash
1e2110168ecc64272307,phash:1e2110168ecc64272307,pcb3/Data/Images/Normal/0488.JPG,,0,pcb3,Normal,perceptual_hash
2ac8061f33a8a88a1935,phash:2ac8061f33a8a88a1935,pcb3/Data/Images/Normal/0514.JPG,,0,pcb3,Normal,perceptual_hash
492447de012ac0397c2f,phash:492447de012ac0397c2f,pcb3/Data/Images/Normal/0545.JPG,,0,pcb3,Normal,perceptual_hash
15e8fa5c304a43a0c992,phash:15e8fa5c304a43a0c992,pcb3/Data/Images/Normal/0552.JPG,,0,pcb3,Normal,perceptual_hash
e81bcfc3e2cbd9ba9c7e,phash:e81bcfc3e2cbd9ba9c7e,pcb3/Data/Images/Normal/0569.JPG,,0,pcb3,Normal,perceptual_hash
abf39ab66639fef5ca88,phash:abf39ab66639fef5ca88,pcb3/Data/Images/Normal/0617.JPG,,0,pcb3,Normal,perceptual_hash
890c9f897693d2959b7d,phash:890c9f897693d2959b7d,pcb3/Data/Images/Normal/0621.JPG,,0,pcb3,Normal,perceptual_hash
5e40ce2f292f21789b45,phash:5e40ce2f292f21789b45,pcb3/Data/Images/Normal/0629.JPG,,0,pcb3,Normal,perceptual_hash
2c8930a690afaddbaad5,phash:2c8930a690afaddbaad5,pcb3/Data/Images/Normal/0648.JPG,,0,pcb3,Normal,perceptual_hash
afe174a34bc1a1964fb7,phash:afe174a34bc1a1964fb7,pcb3/Data/Images/Normal/0654.JPG,,0,pcb3,Normal,perceptual_hash
f2a9b3d10902f206c6a3,phash:f2a9b3d10902f206c6a3,pcb3/Data/Images/Normal/0657.JPG,,0,pcb3,Normal,perceptual_hash
c8ddb18ae6cd7d400e2c,phash:c8ddb18ae6cd7d400e2c,pcb3/Data/Images/Normal/0659.JPG,,0,pcb3,Normal,perceptual_hash
877ac3de2aa6ad7febff,phash:877ac3de2aa6ad7febff,pcb3/Data/Images/Normal/0674.JPG,,0,pcb3,Normal,perceptual_hash
65351c45528a1a20283c,phash:65351c45528a1a20283c,pcb3/Data/Images/Normal/0685.JPG,,0,pcb3,Normal,perceptual_hash
513b6ab987a7751b5a3c,phash:513b6ab987a7751b5a3c,pcb3/Data/Images/Normal/0688.JPG,,0,pcb3,Normal,perceptual_hash
638eb08bb8cc86be2e66,phash:638eb08bb8cc86be2e66,pcb3/Data/Images/Normal/0690.JPG,,0,pcb3,Normal,perceptual_hash
cb5a1fc291c784532d06,phash:cb5a1fc291c784532d06,pcb3/Data/Images/Normal/0694.JPG,,0,pcb3,Normal,perceptual_hash
fae0c009b88777a9258b,phash:fae0c009b88777a9258b,pcb3/Data/Images/Normal/0705.JPG,,0,pcb3,Normal,perceptual_hash
08293ff4ebb481ee6fc8,phash:08293ff4ebb481ee6fc8,pcb3/Data/Images/Normal/0725.JPG,,0,pcb3,Normal,perceptual_hash
3e5c20f3b3b4cf7f9dc5,phash:3e5c20f3b3b4cf7f9dc5,pcb3/Data/Images/Normal/0730.JPG,,0,pcb3,Normal,perceptual_hash
d37a20c7d0fdae0b6653,phash:d37a20c7d0fdae0b6653,pcb3/Data/Images/Normal/0735.JPG,,0,pcb3,Normal,perceptual_hash
d506131fcb59fdcf49da,phash:d506131fcb59fdcf49da,pcb3/Data/Images/Normal/0739.JPG,,0,pcb3,Normal,perceptual_hash
f8b5d5539b92fbfabfbe,phash:f8b5d5539b92fbfabfbe,pcb3/Data/Images/Normal/0751.JPG,,0,pcb3,Normal,perceptual_hash
14ba226c2a5e6e7c08b1,phash:14ba226c2a5e6e7c08b1,pcb3/Data/Images/Normal/0755.JPG,,0,pcb3,Normal,perceptual_hash
4967b21296905104bc32,phash:4967b21296905104bc32,pcb3/Data/Images/Normal/0768.JPG,,0,pcb3,Normal,perceptual_hash
6e7712ea223fc5942fdc,phash:6e7712ea223fc5942fdc,pcb3/Data/Images/Normal/0779.JPG,,0,pcb3,Normal,perceptual_hash
e00289ce18f8d6e489a6,phash:e00289ce18f8d6e489a6,pcb3/Data/Images/Normal/0784.JPG,,0,pcb3,Normal,perceptual_hash
0e342d6b137cbd537ff3,phash:0e342d6b137cbd537ff3,pcb3/Data/Images/Normal/0796.JPG,,0,pcb3,Normal,perceptual_hash
92d2afaf0a173fae3094,phash:92d2afaf0a173fae3094,pcb3/Data/Images/Normal/0797.JPG,,0,pcb3,Normal,perceptual_hash
6c67a308b843c9b9109f,phash:6c67a308b843c9b9109f,pcb3/Data/Images/Normal/0800.JPG,,0,pcb3,Normal,perceptual_hash
a384612e09493a173c80,phash:a384612e09493a173c80,pcb3/Data/Images/Normal/0804.JPG,,0,pcb3,Normal,perceptual_hash
8eb7d204d0a27e947344,phash:8eb7d204d0a27e947344,pcb3/Data/Images/Normal/0844.JPG,,0,pcb3,Normal,perceptual_hash
19b58528e4a47c1c2004,phash:19b58528e4a47c1c2004,pcb3/Data/Images/Normal/0869.JPG,,0,pcb3,Normal,perceptual_hash
074a33738379b92da964,phash:074a33738379b92da964,pcb3/Data/Images/Normal/0871.JPG,,0,pcb3,Normal,perceptual_hash
a513d926887edc18a803,phash:a513d926887edc18a803,pcb3/Data/Images/Normal/0892.JPG,,0,pcb3,Normal,perceptual_hash
cdda96be39cfda4b322b,phash:cdda96be39cfda4b322b,pcb3/Data/Images/Normal/0900.JPG,,0,pcb3,Normal,perceptual_hash
f00b3329d27003f72b6e,phash:f00b3329d27003f72b6e,pcb3/Data/Images/Normal/0920.JPG,,0,pcb3,Normal,perceptual_hash
ca031cc19acb9ded0c65,phash:ca031cc19acb9ded0c65,pcb3/Data/Images/Normal/0923.JPG,,0,pcb3,Normal,perceptual_hash
680cc09369b3b93ea873,phash:680cc09369b3b93ea873,pcb3/Data/Images/Normal/0940.JPG,,0,pcb3,Normal,perceptual_hash
6eeeb4b1392db16dc5c9,phash:6eeeb4b1392db16dc5c9,pcb3/Data/Images/Normal/0952.JPG,,0,pcb3,Normal,perceptual_hash
283d56ac8f86f644cae6,phash:283d56ac8f86f644cae6,pcb3/Data/Images/Normal/0958.JPG,,0,pcb3,Normal,perceptual_hash
0ecf9f270b31d186bc26,phash:0ecf9f270b31d186bc26,pcb3/Data/Images/Normal/0964.JPG,,0,pcb3,Normal,perceptual_hash
1ae57953d104a05a3c89,phash:1ae57953d104a05a3c89,pcb3/Data/Images/Normal/0974.JPG,,0,pcb3,Normal,perceptual_hash
82e5a35cd8fddd414d82,phash:82e5a35cd8fddd414d82,pcb3/Data/Images/Normal/0977.JPG,,0,pcb3,Normal,perceptual_hash
0437efc2b994db1a5f31,phash:0437efc2b994db1a5f31,pcb3/Data/Images/Normal/0991.JPG,,0,pcb3,Normal,perceptual_hash
b8312ee5fd09edd69188,phash:b8312ee5fd09edd69188,pcb3/Data/Images/Normal/0994.JPG,,0,pcb3,Normal,perceptual_hash
68ce143face169a8e9ea,phash:68ce143face169a8e9ea,pcb3/Data/Images/Normal/1002.JPG,,0,pcb3,Normal,perceptual_hash
676528f90912fc6ff009,phash:676528f90912fc6ff009,pcb3/Data/Images/Anomaly/000.JPG,pcb3/Data/Masks/Anomaly/000.png,1,pcb3,Anomaly,perceptual_hash
4a109428d911a7ad618a,phash:4a109428d911a7ad618a,pcb3/Data/Images/Anomaly/001.JPG,pcb3/Data/Masks/Anomaly/001.png,1,pcb3,Anomaly,perceptual_hash
13a9269f7f9f855f1979,phash:13a9269f7f9f855f1979,pcb3/Data/Images/Anomaly/003.JPG,pcb3/Data/Masks/Anomaly/003.png,1,pcb3,Anomaly,perceptual_hash
b031c4178b857ef9e528,phash:b031c4178b857ef9e528,pcb3/Data/Images/Anomaly/004.JPG,pcb3/Data/Masks/Anomaly/004.png,1,pcb3,Anomaly,perceptual_hash
8a2e0f48a3d6a5237ad5,phash:8a2e0f48a3d6a5237ad5,pcb3/Data/Images/Anomaly/005.JPG,pcb3/Data/Masks/Anomaly/005.png,1,pcb3,Anomaly,perceptual_hash
ca34f14be346440e6544,phash:ca34f14be346440e6544,pcb3/Data/Images/Anomaly/006.JPG,pcb3/Data/Masks/Anomaly/006.png,1,pcb3,Anomaly,perceptual_hash
2eff30fdcc9ce6162baf,phash:2eff30fdcc9ce6162baf,pcb3/Data/Images/Anomaly/007.JPG,pcb3/Data/Masks/Anomaly/007.png,1,pcb3,Anomaly,perceptual_hash
2580817ebbdd222a9515,phash:2580817ebbdd222a9515,pcb3/Data/Images/Anomaly/008.JPG,pcb3/Data/Masks/Anomaly/008.png,1,pcb3,Anomaly,perceptual_hash
860398a97d5691bc88a3,phash:860398a97d5691bc88a3,pcb3/Data/Images/Anomaly/009.JPG,pcb3/Data/Masks/Anomaly/009.png,1,pcb3,Anomaly,perceptual_hash
beb6d2fcb88f0ca7aa8f,phash:beb6d2fcb88f0ca7aa8f,pcb3/Data/Images/Anomaly/010.JPG,pcb3/Data/Masks/Anomaly/010.png,1,pcb3,Anomaly,perceptual_hash
84c28b85990dde157b77,phash:84c28b85990dde157b77,pcb3/Data/Images/Anomaly/011.JPG,pcb3/Data/Masks/Anomaly/011.png,1,pcb3,Anomaly,perceptual_hash
233623d9ac3c67fbdfe1,phash:233623d9ac3c67fbdfe1,pcb3/Data/Images/Anomaly/012.JPG,pcb3/Data/Masks/Anomaly/012.png,1,pcb3,Anomaly,perceptual_hash
f72776201b2e6dd729af,phash:f72776201b2e6dd729af,pcb3/Data/Images/Anomaly/013.JPG,pcb3/Data/Masks/Anomaly/013.png,1,pcb3,Anomaly,perceptual_hash
375d66d324af03454dd9,phash:375d66d324af03454dd9,pcb3/Data/Images/Anomaly/014.JPG,pcb3/Data/Masks/Anomaly/014.png,1,pcb3,Anomaly,perceptual_hash
d337307afa257fcb5c04,phash:d337307afa257fcb5c04,pcb3/Data/Images/Anomaly/015.JPG,pcb3/Data/Masks/Anomaly/015.png,1,pcb3,Anomaly,perceptual_hash
bc8b18b603757bd95050,phash:bc8b18b603757bd95050,pcb3/Data/Images/Anomaly/016.JPG,pcb3/Data/Masks/Anomaly/016.png,1,pcb3,Anomaly,perceptual_hash
8b52a68f07377648cd9e,phash:8b52a68f07377648cd9e,pcb3/Data/Images/Anomaly/017.JPG,pcb3/Data/Masks/Anomaly/017.png,1,pcb3,Anomaly,perceptual_hash
2f5da308451f781b9928,phash:2f5da308451f781b9928,pcb3/Data/Images/Anomaly/018.JPG,pcb3/Data/Masks/Anomaly/018.png,1,pcb3,Anomaly,perceptual_hash
de56b314950dc0148880,phash:de56b314950dc0148880,pcb3/Data/Images/Anomaly/020.JPG,pcb3/Data/Masks/Anomaly/020.png,1,pcb3,Anomaly,perceptual_hash
257f9ed1b4c37ef88410,phash:257f9ed1b4c37ef88410,pcb3/Data/Images/Anomaly/022.JPG,pcb3/Data/Masks/Anomaly/022.png,1,pcb3,Anomaly,perceptual_hash
8dfda8b48c131f605443,phash:8dfda8b48c131f605443,pcb3/Data/Images/Anomaly/024.JPG,pcb3/Data/Masks/Anomaly/024.png,1,pcb3,Anomaly,perceptual_hash
dd9966cb357c080d4e8f,phash:dd9966cb357c080d4e8f,pcb3/Data/Images/Anomaly/027.JPG,pcb3/Data/Masks/Anomaly/027.png,1,pcb3,Anomaly,perceptual_hash
2f18e47f3c6db0320e51,phash:2f18e47f3c6db0320e51,pcb3/Data/Images/Anomaly/028.JPG,pcb3/Data/Masks/Anomaly/028.png,1,pcb3,Anomaly,perceptual_hash
54c6293c3c7fe62feff5,phash:54c6293c3c7fe62feff5,pcb3/Data/Images/Anomaly/029.JPG,pcb3/Data/Masks/Anomaly/029.png,1,pcb3,Anomaly,perceptual_hash
46f9b3fd5314d02565da,phash:46f9b3fd5314d02565da,pcb3/Data/Images/Anomaly/031.JPG,pcb3/Data/Masks/Anomaly/031.png,1,pcb3,Anomaly,perceptual_hash
99d2017c5e19c90885d5,phash:99d2017c5e19c90885d5,pcb3/Data/Images/Anomaly/032.JPG,pcb3/Data/Masks/Anomaly/032.png,1,pcb3,Anomaly,perceptual_hash
edcbc34357b15bf8ec8f,phash:edcbc34357b15bf8ec8f,pcb3/Data/Images/Anomaly/033.JPG,pcb3/Data/Masks/Anomaly/033.png,1,pcb3,Anomaly,perceptual_hash
3f5e06eae8410a65170d,phash:3f5e06eae8410a65170d,pcb3/Data/Images/Anomaly/034.JPG,pcb3/Data/Masks/Anomaly/034.png,1,pcb3,Anomaly,perceptual_hash
f85ac65ed36b556748d0,phash:f85ac65ed36b556748d0,pcb3/Data/Images/Anomaly/035.JPG,pcb3/Data/Masks/Anomaly/035.png,1,pcb3,Anomaly,perceptual_hash
ff11f7c44dc392c7f465,phash:ff11f7c44dc392c7f465,pcb3/Data/Images/Anomaly/036.JPG,pcb3/Data/Masks/Anomaly/036.png,1,pcb3,Anomaly,perceptual_hash
30078e37ee8a00746bcb,phash:30078e37ee8a00746bcb,pcb3/Data/Images/Anomaly/037.JPG,pcb3/Data/Masks/Anomaly/037.png,1,pcb3,Anomaly,perceptual_hash
7eca5881bb83d992b2b7,phash:7eca5881bb83d992b2b7,pcb3/Data/Images/Anomaly/038.JPG,pcb3/Data/Masks/Anomaly/038.png,1,pcb3,Anomaly,perceptual_hash
9aa494262a72aa2117ff,phash:9aa494262a72aa2117ff,pcb3/Data/Images/Anomaly/039.JPG,pcb3/Data/Masks/Anomaly/039.png,1,pcb3,Anomaly,perceptual_hash
7a6c4fadda48553175e3,phash:7a6c4fadda48553175e3,pcb3/Data/Images/Anomaly/040.JPG,pcb3/Data/Masks/Anomaly/040.png,1,pcb3,Anomaly,perceptual_hash
d1a04d8d8f5b4b5b0e35,phash:d1a04d8d8f5b4b5b0e35,pcb3/Data/Images/Anomaly/041.JPG,pcb3/Data/Masks/Anomaly/041.png,1,pcb3,Anomaly,perceptual_hash
e5e7a9f06b48c6424ad6,phash:e5e7a9f06b48c6424ad6,pcb3/Data/Images/Anomaly/042.JPG,pcb3/Data/Masks/Anomaly/042.png,1,pcb3,Anomaly,perceptual_hash
dd2544ea32e130d50559,phash:dd2544ea32e130d50559,pcb3/Data/Images/Anomaly/043.JPG,pcb3/Data/Masks/Anomaly/043.png,1,pcb3,Anomaly,perceptual_hash
581b49f85030ab4fd5d7,phash:581b49f85030ab4fd5d7,pcb3/Data/Images/Anomaly/045.JPG,pcb3/Data/Masks/Anomaly/045.png,1,pcb3,Anomaly,perceptual_hash
df648cf56d2bd4fb7359,phash:df648cf56d2bd4fb7359,pcb3/Data/Images/Anomaly/048.JPG,pcb3/Data/Masks/Anomaly/048.png,1,pcb3,Anomaly,perceptual_hash
ccaf9c9c1331d7b37a8a,phash:ccaf9c9c1331d7b37a8a,pcb3/Data/Images/Anomaly/050.JPG,pcb3/Data/Masks/Anomaly/050.png,1,pcb3,Anomaly,perceptual_hash
493b199222eb6a8bce5e,phash:493b199222eb6a8bce5e,pcb3/Data/Images/Anomaly/051.JPG,pcb3/Data/Masks/Anomaly/051.png,1,pcb3,Anomaly,perceptual_hash
6c94c669390e72ef2a50,phash:6c94c669390e72ef2a50,pcb3/Data/Images/Anomaly/052.JPG,pcb3/Data/Masks/Anomaly/052.png,1,pcb3,Anomaly,perceptual_hash
da08bc4a45df9c849ed0,phash:da08bc4a45df9c849ed0,pcb3/Data/Images/Anomaly/053.JPG,pcb3/Data/Masks/Anomaly/053.png,1,pcb3,Anomaly,perceptual_hash
bfcf3d848a3f7fa0d15a,phash:bfcf3d848a3f7fa0d15a,pcb3/Data/Images/Anomaly/054.JPG,pcb3/Data/Masks/Anomaly/054.png,1,pcb3,Anomaly,perceptual_hash
3e610b5f12ea557187c7,phash:3e610b5f12ea557187c7,pcb3/Data/Images/Anomaly/055.JPG,pcb3/Data/Masks/Anomaly/055.png,1,pcb3,Anomaly,perceptual_hash
e10f448598150e1d96f4,phash:e10f448598150e1d96f4,pcb3/Data/Images/Anomaly/056.JPG,pcb3/Data/Masks/Anomaly/056.png,1,pcb3,Anomaly,perceptual_hash
be20aa4bcf06f26491ab,phash:be20aa4bcf06f26491ab,pcb3/Data/Images/Anomaly/057.JPG,pcb3/Data/Masks/Anomaly/057.png,1,pcb3,Anomaly,perceptual_hash
24cc4361e8b4133d2f6e,phash:24cc4361e8b4133d2f6e,pcb3/Data/Images/Anomaly/058.JPG,pcb3/Data/Masks/Anomaly/058.png,1,pcb3,Anomaly,perceptual_hash
25861e6af4984ca668c0,phash:25861e6af4984ca668c0,pcb3/Data/Images/Anomaly/059.JPG,pcb3/Data/Masks/Anomaly/059.png,1,pcb3,Anomaly,perceptual_hash
0e7b2a99eb8197be5d21,phash:0e7b2a99eb8197be5d21,pcb3/Data/Images/Anomaly/060.JPG,pcb3/Data/Masks/Anomaly/060.png,1,pcb3,Anomaly,perceptual_hash
897f45716dc070c5757a,phash:897f45716dc070c5757a,pcb3/Data/Images/Anomaly/061.JPG,pcb3/Data/Masks/Anomaly/061.png,1,pcb3,Anomaly,perceptual_hash
af79e861992edc958856,phash:af79e861992edc958856,pcb3/Data/Images/Anomaly/062.JPG,pcb3/Data/Masks/Anomaly/062.png,1,pcb3,Anomaly,perceptual_hash
f06272bf28eb7f90d6c5,phash:f06272bf28eb7f90d6c5,pcb3/Data/Images/Anomaly/063.JPG,pcb3/Data/Masks/Anomaly/063.png,1,pcb3,Anomaly,perceptual_hash
cf05186e0a65c47e5da2,phash:cf05186e0a65c47e5da2,pcb3/Data/Images/Anomaly/065.JPG,pcb3/Data/Masks/Anomaly/065.png,1,pcb3,Anomaly,perceptual_hash
c0a210bc763544fc4724,phash:c0a210bc763544fc4724,pcb3/Data/Images/Anomaly/066.JPG,pcb3/Data/Masks/Anomaly/066.png,1,pcb3,Anomaly,perceptual_hash
d5adda9d20fb473309af,phash:d5adda9d20fb473309af,pcb3/Data/Images/Anomaly/067.JPG,pcb3/Data/Masks/Anomaly/067.png,1,pcb3,Anomaly,perceptual_hash
e756bd9dc57546b32be8,phash:e756bd9dc57546b32be8,pcb3/Data/Images/Anomaly/068.JPG,pcb3/Data/Masks/Anomaly/068.png,1,pcb3,Anomaly,perceptual_hash
8f92a3f7f465d84af6fb,phash:8f92a3f7f465d84af6fb,pcb3/Data/Images/Anomaly/069.JPG,pcb3/Data/Masks/Anomaly/069.png,1,pcb3,Anomaly,perceptual_hash
1c8220a17cb73e25c2a3,phash:1c8220a17cb73e25c2a3,pcb3/Data/Images/Anomaly/070.JPG,pcb3/Data/Masks/Anomaly/070.png,1,pcb3,Anomaly,perceptual_hash
0a1e706426c69b44f91d,phash:0a1e706426c69b44f91d,pcb3/Data/Images/Anomaly/071.JPG,pcb3/Data/Masks/Anomaly/071.png,1,pcb3,Anomaly,perceptual_hash
5b0d8334f93a9657a873,phash:5b0d8334f93a9657a873,pcb3/Data/Images/Anomaly/073.JPG,pcb3/Data/Masks/Anomaly/073.png,1,pcb3,Anomaly,perceptual_hash
f74d17ee3a199494590a,phash:f74d17ee3a199494590a,pcb3/Data/Images/Anomaly/074.JPG,pcb3/Data/Masks/Anomaly/074.png,1,pcb3,Anomaly,perceptual_hash
9729ecda87729c42d147,phash:9729ecda87729c42d147,pcb3/Data/Images/Anomaly/075.JPG,pcb3/Data/Masks/Anomaly/075.png,1,pcb3,Anomaly,perceptual_hash
f0259c0fbe2fb92fbfa8,phash:f0259c0fbe2fb92fbfa8,pcb3/Data/Images/Anomaly/077.JPG,pcb3/Data/Masks/Anomaly/077.png,1,pcb3,Anomaly,perceptual_hash
d87a884c4660f26eaa75,phash:d87a884c4660f26eaa75,pcb3/Data/Images/Anomaly/078.JPG,pcb3/Data/Masks/Anomaly/078.png,1,pcb3,Anomaly,perceptual_hash
9f4946192dc50793eb84,phash:9f4946192dc50793eb84,pcb3/Data/Images/Anomaly/080.JPG,pcb3/Data/Masks/Anomaly/080.png,1,pcb3,Anomaly,perceptual_hash
e530ff70a0bd1cbee9f8,phash:e530ff70a0bd1cbee9f8,pcb3/Data/Images/Anomaly/081.JPG,pcb3/Data/Masks/Anomaly/081.png,1,pcb3,Anomaly,perceptual_hash
66063ea34ec7bca56f30,phash:66063ea34ec7bca56f30,pcb3/Data/Images/Anomaly/082.JPG,pcb3/Data/Masks/Anomaly/082.png,1,pcb3,Anomaly,perceptual_hash
22954397e2028bbc2fbd,phash:22954397e2028bbc2fbd,pcb3/Data/Images/Anomaly/084.JPG,pcb3/Data/Masks/Anomaly/084.png,1,pcb3,Anomaly,perceptual_hash
62c780df0c2ad94d25b1,phash:62c780df0c2ad94d25b1,pcb3/Data/Images/Anomaly/086.JPG,pcb3/Data/Masks/Anomaly/086.png,1,pcb3,Anomaly,perceptual_hash
746b6b63eff1ef3370ef,phash:746b6b63eff1ef3370ef,pcb3/Data/Images/Anomaly/087.JPG,pcb3/Data/Masks/Anomaly/087.png,1,pcb3,Anomaly,perceptual_hash
969b869a86b16fa78f4a,phash:969b869a86b16fa78f4a,pcb3/Data/Images/Anomaly/088.JPG,pcb3/Data/Masks/Anomaly/088.png,1,pcb3,Anomaly,perceptual_hash
980cb9f4c0c560e912a8,phash:980cb9f4c0c560e912a8,pcb3/Data/Images/Anomaly/089.JPG,pcb3/Data/Masks/Anomaly/089.png,1,pcb3,Anomaly,perceptual_hash
ad1815b1a29039477b5c,phash:ad1815b1a29039477b5c,pcb3/Data/Images/Anomaly/090.JPG,pcb3/Data/Masks/Anomaly/090.png,1,pcb3,Anomaly,perceptual_hash
e7c5a2cb97632fc36c94,phash:e7c5a2cb97632fc36c94,pcb3/Data/Images/Anomaly/093.JPG,pcb3/Data/Masks/Anomaly/093.png,1,pcb3,Anomaly,perceptual_hash
de45d8e4c59d404a510f,phash:de45d8e4c59d404a510f,pcb3/Data/Images/Anomaly/095.JPG,pcb3/Data/Masks/Anomaly/095.png,1,pcb3,Anomaly,perceptual_hash
c2b375afaa97fafa8922,phash:c2b375afaa97fafa8922,pcb3/Data/Images/Anomaly/096.JPG,pcb3/Data/Masks/Anomaly/096.png,1,pcb3,Anomaly,perceptual_hash
c09ad221a83dda07ccfb,phash:c09ad221a83dda07ccfb,pcb3/Data/Images/Anomaly/097.JPG,pcb3/Data/Masks/Anomaly/097.png,1,pcb3,Anomaly,perceptual_hash
b7fd834d76c620209698,phash:b7fd834d76c620209698,pcb3/Data/Images/Anomaly/098.JPG,pcb3/Data/Masks/Anomaly/098.png,1,pcb3,Anomaly,perceptual_hash
881cb2d0cc6cf47a1674,phash:881cb2d0cc6cf47a1674,pcb3/Data/Images/Anomaly/099.JPG,pcb3/Data/Masks/Anomaly/099.png,1,pcb3,Anomaly,perceptual_hash
48468fd7d3ce39dedf3c,phash:48468fd7d3ce39dedf3c,pcb4/Data/Images/Normal/0013.JPG,,0,pcb4,Normal,perceptual_hash
a24ab9fb7ecfcbcbae1a,phash:a24ab9fb7ecfcbcbae1a,pcb4/Data/Images/Normal/0016.JPG,,0,pcb4,Normal,perceptual_hash
aeb2d7b0dcb14cbf1132,phash:aeb2d7b0dcb14cbf1132,pcb4/Data/Images/Normal/0024.JPG,,0,pcb4,Normal,perceptual_hash
384eee5efa8dfeeaf1f5,phash:384eee5efa8dfeeaf1f5,pcb4/Data/Images/Normal/0027.JPG,,0,pcb4,Normal,perceptual_hash
7494113e949730e57efd,phash:7494113e949730e57efd,pcb4/Data/Images/Normal/0046.JPG,,0,pcb4,Normal,perceptual_hash
3aa271a7f831cf699053,phash:3aa271a7f831cf699053,pcb4/Data/Images/Normal/0100.JPG,,0,pcb4,Normal,perceptual_hash
ccc974be5fee3e4120fb,phash:ccc974be5fee3e4120fb,pcb4/Data/Images/Normal/0107.JPG,,0,pcb4,Normal,perceptual_hash
749d0ed37842fd01ecb9,phash:749d0ed37842fd01ecb9,pcb4/Data/Images/Normal/0168.JPG,,0,pcb4,Normal,perceptual_hash
88209448719a6be45e32,phash:88209448719a6be45e32,pcb4/Data/Images/Normal/0170.JPG,,0,pcb4,Normal,perceptual_hash
d9a6858d9146d9fcb0c3,phash:d9a6858d9146d9fcb0c3,pcb4/Data/Images/Normal/0174.JPG,,0,pcb4,Normal,perceptual_hash
e4694453b2d08fe14b08,phash:e4694453b2d08fe14b08,pcb4/Data/Images/Normal/0178.JPG,,0,pcb4,Normal,perceptual_hash
ed689899499bd7cc07df,phash:ed689899499bd7cc07df,pcb4/Data/Images/Normal/0208.JPG,,0,pcb4,Normal,perceptual_hash
98a8508273fa3d0d9a67,phash:98a8508273fa3d0d9a67,pcb4/Data/Images/Normal/0214.JPG,,0,pcb4,Normal,perceptual_hash
e7ee36cbf033ec57ef27,phash:e7ee36cbf033ec57ef27,pcb4/Data/Images/Normal/0215.JPG,,0,pcb4,Normal,perceptual_hash
7d24edddebb18b6cfd17,phash:7d24edddebb18b6cfd17,pcb4/Data/Images/Normal/0237.JPG,,0,pcb4,Normal,perceptual_hash
f873887801dea6b3e218,phash:f873887801dea6b3e218,pcb4/Data/Images/Normal/0261.JPG,,0,pcb4,Normal,perceptual_hash
c304f9fc959dae94dbf0,phash:c304f9fc959dae94dbf0,pcb4/Data/Images/Normal/0286.JPG,,0,pcb4,Normal,perceptual_hash
82318d859fd6f62a5f24,phash:82318d859fd6f62a5f24,pcb4/Data/Images/Normal/0294.JPG,,0,pcb4,Normal,perceptual_hash
3724278b5ec42bae1f44,phash:3724278b5ec42bae1f44,pcb4/Data/Images/Normal/0297.JPG,,0,pcb4,Normal,perceptual_hash
b86f79700c5553fd612f,phash:b86f79700c5553fd612f,pcb4/Data/Images/Normal/0303.JPG,,0,pcb4,Normal,perceptual_hash
0d6a327893385477159a,phash:0d6a327893385477159a,pcb4/Data/Images/Normal/0320.JPG,,0,pcb4,Normal,perceptual_hash
1778f8718929b17a310a,phash:1778f8718929b17a310a,pcb4/Data/Images/Normal/0333.JPG,,0,pcb4,Normal,perceptual_hash
7cfc2dd5cc4e6cd93ff1,phash:7cfc2dd5cc4e6cd93ff1,pcb4/Data/Images/Normal/0363.JPG,,0,pcb4,Normal,perceptual_hash
344f01c269bdc4e7b47c,phash:344f01c269bdc4e7b47c,pcb4/Data/Images/Normal/0377.JPG,,0,pcb4,Normal,perceptual_hash
49bea0afc41462df5d4e,phash:49bea0afc41462df5d4e,pcb4/Data/Images/Normal/0394.JPG,,0,pcb4,Normal,perceptual_hash
24ee9b5bdb88298a9982,phash:24ee9b5bdb88298a9982,pcb4/Data/Images/Normal/0400.JPG,,0,pcb4,Normal,perceptual_hash
291b13cbc6e03ee086c7,phash:291b13cbc6e03ee086c7,pcb4/Data/Images/Normal/0402.JPG,,0,pcb4,Normal,perceptual_hash
24610bd4a78a5ced78ff,phash:24610bd4a78a5ced78ff,pcb4/Data/Images/Normal/0417.JPG,,0,pcb4,Normal,perceptual_hash
c9248f0cde9f698096b5,phash:c9248f0cde9f698096b5,pcb4/Data/Images/Normal/0423.JPG,,0,pcb4,Normal,perceptual_hash
dfdcc537bb3ed4353e75,phash:dfdcc537bb3ed4353e75,pcb4/Data/Images/Normal/0427.JPG,,0,pcb4,Normal,perceptual_hash
807c0ac318429110ad87,phash:807c0ac318429110ad87,pcb4/Data/Images/Normal/0457.JPG,,0,pcb4,Normal,perceptual_hash
cda76e42cc31b6456568,phash:cda76e42cc31b6456568,pcb4/Data/Images/Normal/0479.JPG,,0,pcb4,Normal,perceptual_hash
1f42a4d73a0e3d9abe49,phash:1f42a4d73a0e3d9abe49,pcb4/Data/Images/Normal/0483.JPG,,0,pcb4,Normal,perceptual_hash
152c86c731b6a084132c,phash:152c86c731b6a084132c,pcb4/Data/Images/Normal/0484.JPG,,0,pcb4,Normal,perceptual_hash
2fb947cad2b5588742ef,phash:2fb947cad2b5588742ef,pcb4/Data/Images/Normal/0488.JPG,,0,pcb4,Normal,perceptual_hash
4d2dc91251aa80f50e54,phash:4d2dc91251aa80f50e54,pcb4/Data/Images/Normal/0490.JPG,,0,pcb4,Normal,perceptual_hash
dfd5d753202972a7c50a,phash:dfd5d753202972a7c50a,pcb4/Data/Images/Normal/0518.JPG,,0,pcb4,Normal,perceptual_hash
cd2160d16406f9efe153,phash:cd2160d16406f9efe153,pcb4/Data/Images/Normal/0520.JPG,,0,pcb4,Normal,perceptual_hash
5336378ca2b88bcc4ec2,phash:5336378ca2b88bcc4ec2,pcb4/Data/Images/Normal/0525.JPG,,0,pcb4,Normal,perceptual_hash
23778f9de6db61c8fdfc,phash:23778f9de6db61c8fdfc,pcb4/Data/Images/Normal/0545.JPG,,0,pcb4,Normal,perceptual_hash
f434c16cbe37d51ff624,phash:f434c16cbe37d51ff624,pcb4/Data/Images/Normal/0552.JPG,,0,pcb4,Normal,perceptual_hash
e31732cc316f9f4597b5,phash:e31732cc316f9f4597b5,pcb4/Data/Images/Normal/0615.JPG,,0,pcb4,Normal,perceptual_hash
4e1553f90e3009abeabf,phash:4e1553f90e3009abeabf,pcb4/Data/Images/Normal/0619.JPG,,0,pcb4,Normal,perceptual_hash
80a8b6b6f739d934a97c,phash:80a8b6b6f739d934a97c,pcb4/Data/Images/Normal/0621.JPG,,0,pcb4,Normal,perceptual_hash
2637ae2983ad522d9f75,phash:2637ae2983ad522d9f75,pcb4/Data/Images/Normal/0629.JPG,,0,pcb4,Normal,perceptual_hash
67fc0dee6df3e55d24dc,phash:67fc0dee6df3e55d24dc,pcb4/Data/Images/Normal/0631.JPG,,0,pcb4,Normal,perceptual_hash
9cd1e23793fb72ac1e07,phash:9cd1e23793fb72ac1e07,pcb4/Data/Images/Normal/0648.JPG,,0,pcb4,Normal,perceptual_hash
0993505d765d6d73bcf7,phash:0993505d765d6d73bcf7,pcb4/Data/Images/Normal/0654.JPG,,0,pcb4,Normal,perceptual_hash
9ce4359ef0df71a4eb66,phash:9ce4359ef0df71a4eb66,pcb4/Data/Images/Normal/0657.JPG,,0,pcb4,Normal,perceptual_hash
4d72122ba298b25e06b4,phash:4d72122ba298b25e06b4,pcb4/Data/Images/Normal/0684.JPG,,0,pcb4,Normal,perceptual_hash
bd7094aace36995d000c,phash:bd7094aace36995d000c,pcb4/Data/Images/Normal/0690.JPG,,0,pcb4,Normal,perceptual_hash
da66de106b6a950c46c3,phash:da66de106b6a950c46c3,pcb4/Data/Images/Normal/0694.JPG,,0,pcb4,Normal,perceptual_hash
d9c880b66e75e0287858,phash:d9c880b66e75e0287858,pcb4/Data/Images/Normal/0705.JPG,,0,pcb4,Normal,perceptual_hash
bdd04ce91861592e0eac,phash:bdd04ce91861592e0eac,pcb4/Data/Images/Normal/0730.JPG,,0,pcb4,Normal,perceptual_hash
6267e192826959de0e16,phash:6267e192826959de0e16,pcb4/Data/Images/Normal/0735.JPG,,0,pcb4,Normal,perceptual_hash
5d952f7d894c7d812a80,phash:5d952f7d894c7d812a80,pcb4/Data/Images/Normal/0739.JPG,,0,pcb4,Normal,perceptual_hash
b1b7f6855d9c119644ad,phash:b1b7f6855d9c119644ad,pcb4/Data/Images/Normal/0751.JPG,,0,pcb4,Normal,perceptual_hash
2e3d3ef385b18aa6fbba,phash:2e3d3ef385b18aa6fbba,pcb4/Data/Images/Normal/0755.JPG,,0,pcb4,Normal,perceptual_hash
999da579416e42a5ebe7,phash:999da579416e42a5ebe7,pcb4/Data/Images/Normal/0764.JPG,,0,pcb4,Normal,perceptual_hash
4d4ffa4bb4df4473a773,phash:4d4ffa4bb4df4473a773,pcb4/Data/Images/Normal/0768.JPG,,0,pcb4,Normal,perceptual_hash
a9be0c8152c6e6fead06,phash:a9be0c8152c6e6fead06,pcb4/Data/Images/Normal/0784.JPG,,0,pcb4,Normal,perceptual_hash
1697a456b25765b0eac5,phash:1697a456b25765b0eac5,pcb4/Data/Images/Normal/0796.JPG,,0,pcb4,Normal,perceptual_hash
64397c9a61cbbe893e2c,phash:64397c9a61cbbe893e2c,pcb4/Data/Images/Normal/0797.JPG,,0,pcb4,Normal,perceptual_hash
f4fcd839feb0a32146ab,phash:f4fcd839feb0a32146ab,pcb4/Data/Images/Normal/0800.JPG,,0,pcb4,Normal,perceptual_hash
905bd6ba16ce3fbd7dd7,phash:905bd6ba16ce3fbd7dd7,pcb4/Data/Images/Normal/0804.JPG,,0,pcb4,Normal,perceptual_hash
08555255d4f6caffee8c,phash:08555255d4f6caffee8c,pcb4/Data/Images/Normal/0844.JPG,,0,pcb4,Normal,perceptual_hash
287cf9a58d98c3223fa9,phash:287cf9a58d98c3223fa9,pcb4/Data/Images/Normal/0869.JPG,,0,pcb4,Normal,perceptual_hash
b856782e28c9801306e3,phash:b856782e28c9801306e3,pcb4/Data/Images/Normal/0871.JPG,,0,pcb4,Normal,perceptual_hash
6df6179c1116e39a7391,phash:6df6179c1116e39a7391,pcb4/Data/Images/Normal/0892.JPG,,0,pcb4,Normal,perceptual_hash
de20e32b52a0683ff92e,phash:de20e32b52a0683ff92e,pcb4/Data/Images/Normal/0900.JPG,,0,pcb4,Normal,perceptual_hash
426a2852cf1ff9c720be,phash:426a2852cf1ff9c720be,pcb4/Data/Images/Normal/0923.JPG,,0,pcb4,Normal,perceptual_hash
dd40280b8afa1f6d55b8,phash:dd40280b8afa1f6d55b8,pcb4/Data/Images/Normal/0935.JPG,,0,pcb4,Normal,perceptual_hash
aa39341a742c56dc5b1c,phash:aa39341a742c56dc5b1c,pcb4/Data/Images/Normal/0940.JPG,,0,pcb4,Normal,perceptual_hash
77057bfe557937f6212e,phash:77057bfe557937f6212e,pcb4/Data/Images/Normal/0952.JPG,,0,pcb4,Normal,perceptual_hash
4b91e2c7e781bc908ce0,phash:4b91e2c7e781bc908ce0,pcb4/Data/Images/Normal/0957.JPG,,0,pcb4,Normal,perceptual_hash
f9ad48f05f31eb9c2a4b,phash:f9ad48f05f31eb9c2a4b,pcb4/Data/Images/Normal/0964.JPG,,0,pcb4,Normal,perceptual_hash
9691591d78b7fd94bc30,phash:9691591d78b7fd94bc30,pcb4/Data/Images/Normal/0971.JPG,,0,pcb4,Normal,perceptual_hash
703a56c73af6b805787b,phash:703a56c73af6b805787b,pcb4/Data/Images/Normal/0974.JPG,,0,pcb4,Normal,perceptual_hash
1147f8e07abc3913d1e6,phash:1147f8e07abc3913d1e6,pcb4/Data/Images/Normal/0977.JPG,,0,pcb4,Normal,perceptual_hash
f08a66468d5bdae90bea,phash:f08a66468d5bdae90bea,pcb4/Data/Images/Normal/0990.JPG,,0,pcb4,Normal,perceptual_hash
814b52bc099c8951131c,phash:814b52bc099c8951131c,pcb4/Data/Images/Normal/1001.JPG,,0,pcb4,Normal,perceptual_hash
44568dade456c9941b3f,phash:44568dade456c9941b3f,pcb4/Data/Images/Anomaly/000.JPG,pcb4/Data/Masks/Anomaly/000.png,1,pcb4,Anomaly,perceptual_hash
9595a22a8e6086dc78ec,phash:9595a22a8e6086dc78ec,pcb4/Data/Images/Anomaly/001.JPG,pcb4/Data/Masks/Anomaly/001.png,1,pcb4,Anomaly,perceptual_hash
c3c27e7906051255833c,phash:c3c27e7906051255833c,pcb4/Data/Images/Anomaly/003.JPG,pcb4/Data/Masks/Anomaly/003.png,1,pcb4,Anomaly,perceptual_hash
767951398d7418b2ec9a,phash:767951398d7418b2ec9a,pcb4/Data/Images/Anomaly/004.JPG,pcb4/Data/Masks/Anomaly/004.png,1,pcb4,Anomaly,perceptual_hash
701620db9c1168a5f7ca,phash:701620db9c1168a5f7ca,pcb4/Data/Images/Anomaly/005.JPG,pcb4/Data/Masks/Anomaly/005.png,1,pcb4,Anomaly,perceptual_hash
fecc1a0987ddd3337c44,phash:fecc1a0987ddd3337c44,pcb4/Data/Images/Anomaly/006.JPG,pcb4/Data/Masks/Anomaly/006.png,1,pcb4,Anomaly,perceptual_hash
ceba4c05a02455f8227d,phash:ceba4c05a02455f8227d,pcb4/Data/Images/Anomaly/008.JPG,pcb4/Data/Masks/Anomaly/008.png,1,pcb4,Anomaly,perceptual_hash
23340a3426cc901ec83e,phash:23340a3426cc901ec83e,pcb4/Data/Images/Anomaly/011.JPG,pcb4/Data/Masks/Anomaly/011.png,1,pcb4,Anomaly,perceptual_hash
f5c4a136585bf0ccd010,phash:f5c4a136585bf0ccd010,pcb4/Data/Images/Anomaly/012.JPG,pcb4/Data/Masks/Anomaly/012.png,1,pcb4,Anomaly,perceptual_hash
0a695044f331a94fc6d4,phash:0a695044f331a94fc6d4,pcb4/Data/Images/Anomaly/014.JPG,pcb4/Data/Masks/Anomaly/014.png,1,pcb4,Anomaly,perceptual_hash
ec1ce58c907a29d43035,phash:ec1ce58c907a29d43035,pcb4/Data/Images/Anomaly/015.JPG,pcb4/Data/Masks/Anomaly/015.png,1,pcb4,Anomaly,perceptual_hash
e7de53ac5bd110e3525b,phash:e7de53ac5bd110e3525b,pcb4/Data/Images/Anomaly/016.JPG,pcb4/Data/Masks/Anomaly/016.png,1,pcb4,Anomaly,perceptual_hash
b48ce08c2c0785987c2b,phash:b48ce08c2c0785987c2b,pcb4/Data/Images/Anomaly/017.JPG,pcb4/Data/Masks/Anomaly/017.png,1,pcb4,Anomaly,perceptual_hash
d9382d1a6658d9b80554,phash:d9382d1a6658d9b80554,pcb4/Data/Images/Anomaly/018.JPG,pcb4/Data/Masks/Anomaly/018.png,1,pcb4,Anomaly,perceptual_hash
b60857b07b692ea89116,phash:b60857b07b692ea89116,pcb4/Data/Images/Anomaly/022.JPG,pcb4/Data/Masks/Anomaly/022.png,1,pcb4,Anomaly,perceptual_hash
747dfb7c5fb733b2c702,phash:747dfb7c5fb733b2c702,pcb4/Data/Images/Anomaly/023.JPG,pcb4/Data/Masks/Anomaly/023.png,1,pcb4,Anomaly,perceptual_hash
60f40dcd8538e5954861,phash:60f40dcd8538e5954861,pcb4/Data/Images/Anomaly/024.JPG,pcb4/Data/Masks/Anomaly/024.png,1,pcb4,Anomaly,perceptual_hash
25097bef7fda08f52202,phash:25097bef7fda08f52202,pcb4/Data/Images/Anomaly/025.JPG,pcb4/Data/Masks/Anomaly/025.png,1,pcb4,Anomaly,perceptual_hash
d2198201755bc24e44de,phash:d2198201755bc24e44de,pcb4/Data/Images/Anomaly/026.JPG,pcb4/Data/Masks/Anomaly/026.png,1,pcb4,Anomaly,perceptual_hash
7daf50abc35cb769e066,phash:7daf50abc35cb769e066,pcb4/Data/Images/Anomaly/027.JPG,pcb4/Data/Masks/Anomaly/027.png,1,pcb4,Anomaly,perceptual_hash
afdd06849885a80a38d4,phash:afdd06849885a80a38d4,pcb4/Data/Images/Anomaly/029.JPG,pcb4/Data/Masks/Anomaly/029.png,1,pcb4,Anomaly,perceptual_hash
38c95fe8fbb05309a8d2,phash:38c95fe8fbb05309a8d2,pcb4/Data/Images/Anomaly/030.JPG,pcb4/Data/Masks/Anomaly/030.png,1,pcb4,Anomaly,perceptual_hash
1615be05e6a5b5725057,phash:1615be05e6a5b5725057,pcb4/Data/Images/Anomaly/031.JPG,pcb4/Data/Masks/Anomaly/031.png,1,pcb4,Anomaly,perceptual_hash
cbbbe922cbd6cea6643b,phash:cbbbe922cbd6cea6643b,pcb4/Data/Images/Anomaly/032.JPG,pcb4/Data/Masks/Anomaly/032.png,1,pcb4,Anomaly,perceptual_hash
0354b76376b8e824b0f6,phash:0354b76376b8e824b0f6,pcb4/Data/Images/Anomaly/033.JPG,pcb4/Data/Masks/Anomaly/033.png,1,pcb4,Anomaly,perceptual_hash
5975883a58c9dfd6f7c2,phash:5975883a58c9dfd6f7c2,pcb4/Data/Images/Anomaly/034.JPG,pcb4/Data/Masks/Anomaly/034.png,1,pcb4,Anomaly,perceptual_hash
4c8a43b5a9fac64066be,phash:4c8a43b5a9fac64066be,pcb4/Data/Images/Anomaly/035.JPG,pcb4/Data/Masks/Anomaly/035.png,1,pcb4,Anomaly,perceptual_hash
66ff76c0b103ac205f27,phash:66ff76c0b103ac205f27,pcb4/Data/Images/Anomaly/036.JPG,pcb4/Data/Masks/Anomaly/036.png,1,pcb4,Anomaly,perceptual_hash
04ac6eac7602ce4509bb,phash:04ac6eac7602ce4509bb,pcb4/Data/Images/Anomaly/037.JPG,pcb4/Data/Masks/Anomaly/037.png,1,pcb4,Anomaly,perceptual_hash
d3163d4e68bd8d88d3af,phash:d3163d4e68bd8d88d3af,pcb4/Data/Images/Anomaly/038.JPG,pcb4/Data/Masks/Anomaly/038.png,1,pcb4,Anomaly,perceptual_hash
bbf1ae7146776664a5eb,phash:bbf1ae7146776664a5eb,pcb4/Data/Images/Anomaly/039.JPG,pcb4/Data/Masks/Anomaly/039.png,1,pcb4,Anomaly,perceptual_hash
dc2c051d9a1fa6f7dd2e,phash:dc2c051d9a1fa6f7dd2e,pcb4/Data/Images/Anomaly/040.JPG,pcb4/Data/Masks/Anomaly/040.png,1,pcb4,Anomaly,perceptual_hash
7198bed55d9445f02fc9,phash:7198bed55d9445f02fc9,pcb4/Data/Images/Anomaly/041.JPG,pcb4/Data/Masks/Anomaly/041.png,1,pcb4,Anomaly,perceptual_hash
f9d4eff57badb0c04096,phash:f9d4eff57badb0c04096,pcb4/Data/Images/Anomaly/042.JPG,pcb4/Data/Masks/Anomaly/042.png,1,pcb4,Anomaly,perceptual_hash
54e5b78f8faeb2cd62e7,phash:54e5b78f8faeb2cd62e7,pcb4/Data/Images/Anomaly/043.JPG,pcb4/Data/Masks/Anomaly/043.png,1,pcb4,Anomaly,perceptual_hash
82e4b0f791562c2f00bd,phash:82e4b0f791562c2f00bd,pcb4/Data/Images/Anomaly/044.JPG,pcb4/Data/Masks/Anomaly/044.png,1,pcb4,Anomaly,perceptual_hash
bd6b2e144d05cae07268,phash:bd6b2e144d05cae07268,pcb4/Data/Images/Anomaly/045.JPG,pcb4/Data/Masks/Anomaly/045.png,1,pcb4,Anomaly,perceptual_hash
096172f3febd1c70392e,phash:096172f3febd1c70392e,pcb4/Data/Images/Anomaly/046.JPG,pcb4/Data/Masks/Anomaly/046.png,1,pcb4,Anomaly,perceptual_hash
58f1f61c28e8430e1f05,phash:58f1f61c28e8430e1f05,pcb4/Data/Images/Anomaly/047.JPG,pcb4/Data/Masks/Anomaly/047.png,1,pcb4,Anomaly,perceptual_hash
0cc4996b378e3b92ea49,phash:0cc4996b378e3b92ea49,pcb4/Data/Images/Anomaly/050.JPG,pcb4/Data/Masks/Anomaly/050.png,1,pcb4,Anomaly,perceptual_hash
5548cf6c79123c104077,phash:5548cf6c79123c104077,pcb4/Data/Images/Anomaly/051.JPG,pcb4/Data/Masks/Anomaly/051.png,1,pcb4,Anomaly,perceptual_hash
323962b3aea02c724c11,phash:323962b3aea02c724c11,pcb4/Data/Images/Anomaly/053.JPG,pcb4/Data/Masks/Anomaly/053.png,1,pcb4,Anomaly,perceptual_hash
77798aff558dcc097a25,phash:77798aff558dcc097a25,pcb4/Data/Images/Anomaly/054.JPG,pcb4/Data/Masks/Anomaly/054.png,1,pcb4,Anomaly,perceptual_hash
4ec27fbc18d5cbbea409,phash:4ec27fbc18d5cbbea409,pcb4/Data/Images/Anomaly/055.JPG,pcb4/Data/Masks/Anomaly/055.png,1,pcb4,Anomaly,perceptual_hash
5df1a62ab0e766c919f3,phash:5df1a62ab0e766c919f3,pcb4/Data/Images/Anomaly/056.JPG,pcb4/Data/Masks/Anomaly/056.png,1,pcb4,Anomaly,perceptual_hash
858c6207c78d0e9c9993,phash:858c6207c78d0e9c9993,pcb4/Data/Images/Anomaly/058.JPG,pcb4/Data/Masks/Anomaly/058.png,1,pcb4,Anomaly,perceptual_hash
3201c4c008bdbe979f60,phash:3201c4c008bdbe979f60,pcb4/Data/Images/Anomaly/059.JPG,pcb4/Data/Masks/Anomaly/059.png,1,pcb4,Anomaly,perceptual_hash
78cf36b2c48ea612793b,phash:78cf36b2c48ea612793b,pcb4/Data/Images/Anomaly/061.JPG,pcb4/Data/Masks/Anomaly/061.png,1,pcb4,Anomaly,perceptual_hash
e9becc0c1f1b379f633a,phash:e9becc0c1f1b379f633a,pcb4/Data/Images/Anomaly/062.JPG,pcb4/Data/Masks/Anomaly/062.png,1,pcb4,Anomaly,perceptual_hash
357ae0eb37c95594ea46,phash:357ae0eb37c95594ea46,pcb4/Data/Images/Anomaly/063.JPG,pcb4/Data/Masks/Anomaly/063.png,1,pcb4,Anomaly,perceptual_hash
0b10f40a9658d6b3f6f3,phash:0b10f40a9658d6b3f6f3,pcb4/Data/Images/Anomaly/064.JPG,pcb4/Data/Masks/Anomaly/064.png,1,pcb4,Anomaly,perceptual_hash
0ab6f42ea62d5658c4c9,phash:0ab6f42ea62d5658c4c9,pcb4/Data/Images/Anomaly/066.JPG,pcb4/Data/Masks/Anomaly/066.png,1,pcb4,Anomaly,perceptual_hash
671e1afd88ea12adc91d,phash:671e1afd88ea12adc91d,pcb4/Data/Images/Anomaly/067.JPG,pcb4/Data/Masks/Anomaly/067.png,1,pcb4,Anomaly,perceptual_hash
1894fdc9415507d35811,phash:1894fdc9415507d35811,pcb4/Data/Images/Anomaly/068.JPG,pcb4/Data/Masks/Anomaly/068.png,1,pcb4,Anomaly,perceptual_hash
4335a6e346a659396a7a,phash:4335a6e346a659396a7a,pcb4/Data/Images/Anomaly/072.JPG,pcb4/Data/Masks/Anomaly/072.png,1,pcb4,Anomaly,perceptual_hash
e6ff16c8d78232ffefa9,phash:e6ff16c8d78232ffefa9,pcb4/Data/Images/Anomaly/073.JPG,pcb4/Data/Masks/Anomaly/073.png,1,pcb4,Anomaly,perceptual_hash
9c23f526fa71798be00d,phash:9c23f526fa71798be00d,pcb4/Data/Images/Anomaly/074.JPG,pcb4/Data/Masks/Anomaly/074.png,1,pcb4,Anomaly,perceptual_hash
d885c162e79e57f26977,phash:d885c162e79e57f26977,pcb4/Data/Images/Anomaly/075.JPG,pcb4/Data/Masks/Anomaly/075.png,1,pcb4,Anomaly,perceptual_hash
76e3f36716ac1a49cbe0,phash:76e3f36716ac1a49cbe0,pcb4/Data/Images/Anomaly/077.JPG,pcb4/Data/Masks/Anomaly/077.png,1,pcb4,Anomaly,perceptual_hash
4a8ca01da66fa8a39848,phash:4a8ca01da66fa8a39848,pcb4/Data/Images/Anomaly/078.JPG,pcb4/Data/Masks/Anomaly/078.png,1,pcb4,Anomaly,perceptual_hash
e985588c1d38e93d6978,phash:e985588c1d38e93d6978,pcb4/Data/Images/Anomaly/079.JPG,pcb4/Data/Masks/Anomaly/079.png,1,pcb4,Anomaly,perceptual_hash
1d0b687b9356805243bf,phash:1d0b687b9356805243bf,pcb4/Data/Images/Anomaly/080.JPG,pcb4/Data/Masks/Anomaly/080.png,1,pcb4,Anomaly,perceptual_hash
b9c64e1e61b256806db6,phash:b9c64e1e61b256806db6,pcb4/Data/Images/Anomaly/081.JPG,pcb4/Data/Masks/Anomaly/081.png,1,pcb4,Anomaly,perceptual_hash
6b04c2bdec258cde3a5d,phash:6b04c2bdec258cde3a5d,pcb4/Data/Images/Anomaly/082.JPG,pcb4/Data/Masks/Anomaly/082.png,1,pcb4,Anomaly,perceptual_hash
adcd93ebd8b8e7e01bef,phash:adcd93ebd8b8e7e01bef,pcb4/Data/Images/Anomaly/083.JPG,pcb4/Data/Masks/Anomaly/083.png,1,pcb4,Anomaly,perceptual_hash
89f7b596ebb6dc46cedf,phash:89f7b596ebb6dc46cedf,pcb4/Data/Images/Anomaly/084.JPG,pcb4/Data/Masks/Anomaly/084.png,1,pcb4,Anomaly,perceptual_hash
eda697550facd39bdaac,phash:eda697550facd39bdaac,pcb4/Data/Images/Anomaly/085.JPG,pcb4/Data/Masks/Anomaly/085.png,1,pcb4,Anomaly,perceptual_hash
d7247b7cf05d130e744c,phash:d7247b7cf05d130e744c,pcb4/Data/Images/Anomaly/086.JPG,pcb4/Data/Masks/Anomaly/086.png,1,pcb4,Anomaly,perceptual_hash
8bafc61494434bb03757,phash:8bafc61494434bb03757,pcb4/Data/Images/Anomaly/087.JPG,pcb4/Data/Masks/Anomaly/087.png,1,pcb4,Anomaly,perceptual_hash
e6fc5533793449c9d03d,phash:e6fc5533793449c9d03d,pcb4/Data/Images/Anomaly/088.JPG,pcb4/Data/Masks/Anomaly/088.png,1,pcb4,Anomaly,perceptual_hash
37006dd5baace04c66cd,phash:37006dd5baace04c66cd,pcb4/Data/Images/Anomaly/089.JPG,pcb4/Data/Masks/Anomaly/089.png,1,pcb4,Anomaly,perceptual_hash
012007d9ae7169cf2c4d,phash:012007d9ae7169cf2c4d,pcb4/Data/Images/Anomaly/090.JPG,pcb4/Data/Masks/Anomaly/090.png,1,pcb4,Anomaly,perceptual_hash
871fbfdffec9eeeff2e8,phash:871fbfdffec9eeeff2e8,pcb4/Data/Images/Anomaly/091.JPG,pcb4/Data/Masks/Anomaly/091.png,1,pcb4,Anomaly,perceptual_hash
be093a8489fcf5773d0e,phash:be093a8489fcf5773d0e,pcb4/Data/Images/Anomaly/092.JPG,pcb4/Data/Masks/Anomaly/092.png,1,pcb4,Anomaly,perceptual_hash
a057948f5b361f03bc81,phash:a057948f5b361f03bc81,pcb4/Data/Images/Anomaly/093.JPG,pcb4/Data/Masks/Anomaly/093.png,1,pcb4,Anomaly,perceptual_hash
5a4b59606105dd481751,phash:5a4b59606105dd481751,pcb4/Data/Images/Anomaly/094.JPG,pcb4/Data/Masks/Anomaly/094.png,1,pcb4,Anomaly,perceptual_hash
eb6ee1cf7930cd7dc93b,phash:eb6ee1cf7930cd7dc93b,pcb4/Data/Images/Anomaly/095.JPG,pcb4/Data/Masks/Anomaly/095.png,1,pcb4,Anomaly,perceptual_hash
e07d7490ebef93d597b7,phash:e07d7490ebef93d597b7,pcb4/Data/Images/Anomaly/097.JPG,pcb4/Data/Masks/Anomaly/097.png,1,pcb4,Anomaly,perceptual_hash
5400e4d9621b00c7f1f2,phash:5400e4d9621b00c7f1f2,pcb4/Data/Images/Anomaly/098.JPG,pcb4/Data/Masks/Anomaly/098.png,1,pcb4,Anomaly,perceptual_hash
fe6e21dc35a48e419364,phash:fe6e21dc35a48e419364,pcb4/Data/Images/Anomaly/099.JPG,pcb4/Data/Masks/Anomaly/099.png,1,pcb4,Anomaly,perceptual_hash
ed2b2d6750f47d2b625d,phash:ed2b2d6750f47d2b625d,pipe_fryum/Data/Images/Normal/006.JPG,,0,pipe_fryum,Normal,perceptual_hash
3034d4149b5b192bb294,phash:3034d4149b5b192bb294,pipe_fryum/Data/Images/Normal/012.JPG,,0,pipe_fryum,Normal,perceptual_hash
22238c42d5e127b5b331,phash:22238c42d5e127b5b331,pipe_fryum/Data/Images/Normal/013.JPG,,0,pipe_fryum,Normal,perceptual_hash
687bae400cb20661e33d,phash:687bae400cb20661e33d,pipe_fryum/Data/Images/Normal/023.JPG,,0,pipe_fryum,Normal,perceptual_hash
c0bc75cbfd7d1dce88d2,phash:c0bc75cbfd7d1dce88d2,pipe_fryum/Data/Images/Normal/084.JPG,,0,pipe_fryum,Normal,perceptual_hash
d265cd55b27cdeaed831,phash:d265cd55b27cdeaed831,pipe_fryum/Data/Images/Normal/087.JPG,,0,pipe_fryum,Normal,perceptual_hash
9f6409570e12292c2576,phash:9f6409570e12292c2576,pipe_fryum/Data/Images/Normal/093.JPG,,0,pipe_fryum,Normal,perceptual_hash
b49c4ec85ca42e79a384,phash:b49c4ec85ca42e79a384,pipe_fryum/Data/Images/Normal/098.JPG,,0,pipe_fryum,Normal,perceptual_hash
0f62570044966d3e5a33,phash:0f62570044966d3e5a33,pipe_fryum/Data/Images/Normal/130.JPG,,0,pipe_fryum,Normal,perceptual_hash
0d33b6ed13eb9ac6da41,phash:0d33b6ed13eb9ac6da41,pipe_fryum/Data/Images/Normal/143.JPG,,0,pipe_fryum,Normal,perceptual_hash
20fe0c5d3fa72361233b,phash:20fe0c5d3fa72361233b,pipe_fryum/Data/Images/Normal/148.JPG,,0,pipe_fryum,Normal,perceptual_hash
b4c0d439e19b46fabfff,phash:b4c0d439e19b46fabfff,pipe_fryum/Data/Images/Normal/166.JPG,,0,pipe_fryum,Normal,perceptual_hash
2068c59d6367d400180b,phash:2068c59d6367d400180b,pipe_fryum/Data/Images/Normal/181.JPG,,0,pipe_fryum,Normal,perceptual_hash
799650aea4786453522f,phash:799650aea4786453522f,pipe_fryum/Data/Images/Normal/213.JPG,,0,pipe_fryum,Normal,perceptual_hash
a0b3cbeaa9c9e07b4af1,phash:a0b3cbeaa9c9e07b4af1,pipe_fryum/Data/Images/Normal/228.JPG,,0,pipe_fryum,Normal,perceptual_hash
6eb6c54901267d97b1ce,phash:6eb6c54901267d97b1ce,pipe_fryum/Data/Images/Normal/244.JPG,,0,pipe_fryum,Normal,perceptual_hash
86c8bdd58b72a0bbc741,phash:86c8bdd58b72a0bbc741,pipe_fryum/Data/Images/Normal/245.JPG,,0,pipe_fryum,Normal,perceptual_hash
fe9895a8b421f7a62f1b,phash:fe9895a8b421f7a62f1b,pipe_fryum/Data/Images/Normal/260.JPG,,0,pipe_fryum,Normal,perceptual_hash
4986e9de98b642fcb9cc,phash:4986e9de98b642fcb9cc,pipe_fryum/Data/Images/Normal/272.JPG,,0,pipe_fryum,Normal,perceptual_hash
67901c97817337c53f04,phash:67901c97817337c53f04,pipe_fryum/Data/Images/Normal/276.JPG,,0,pipe_fryum,Normal,perceptual_hash
0cf86187c296656e853a,phash:0cf86187c296656e853a,pipe_fryum/Data/Images/Normal/284.JPG,,0,pipe_fryum,Normal,perceptual_hash
d7fb28cbfef0eee51ad2,phash:d7fb28cbfef0eee51ad2,pipe_fryum/Data/Images/Normal/307.JPG,,0,pipe_fryum,Normal,perceptual_hash
5338bee117e2565b0746,phash:5338bee117e2565b0746,pipe_fryum/Data/Images/Normal/309.JPG,,0,pipe_fryum,Normal,perceptual_hash
732c3a6995af2c7897dd,phash:732c3a6995af2c7897dd,pipe_fryum/Data/Images/Normal/324.JPG,,0,pipe_fryum,Normal,perceptual_hash
5952d970a61995d4a624,phash:5952d970a61995d4a624,pipe_fryum/Data/Images/Normal/337.JPG,,0,pipe_fryum,Normal,perceptual_hash
c994d0de463a6e78c5ca,phash:c994d0de463a6e78c5ca,pipe_fryum/Data/Images/Normal/342.JPG,,0,pipe_fryum,Normal,perceptual_hash
a1c959574fe58e948887,phash:a1c959574fe58e948887,pipe_fryum/Data/Images/Normal/352.JPG,,0,pipe_fryum,Normal,perceptual_hash
55846cf42d526e8f6761,phash:55846cf42d526e8f6761,pipe_fryum/Data/Images/Normal/367.JPG,,0,pipe_fryum,Normal,perceptual_hash
d589dcfbdaba6398680d,phash:d589dcfbdaba6398680d,pipe_fryum/Data/Images/Normal/389.JPG,,0,pipe_fryum,Normal,perceptual_hash
960d1ee0ebc86cd2eb0f,phash:960d1ee0ebc86cd2eb0f,pipe_fryum/Data/Images/Normal/392.JPG,,0,pipe_fryum,Normal,perceptual_hash
c184857d4f9c2a7f978a,phash:c184857d4f9c2a7f978a,pipe_fryum/Data/Images/Normal/400.JPG,,0,pipe_fryum,Normal,perceptual_hash
b2cd6d077b1c67cacafe,phash:b2cd6d077b1c67cacafe,pipe_fryum/Data/Images/Normal/405.JPG,,0,pipe_fryum,Normal,perceptual_hash
8d4ac2dfc696e442e2ae,phash:8d4ac2dfc696e442e2ae,pipe_fryum/Data/Images/Normal/435.JPG,,0,pipe_fryum,Normal,perceptual_hash
7f3bf815664e96913b33,phash:7f3bf815664e96913b33,pipe_fryum/Data/Images/Normal/446.JPG,,0,pipe_fryum,Normal,perceptual_hash
fc6407adb9c5782270c1,phash:fc6407adb9c5782270c1,pipe_fryum/Data/Images/Normal/460.JPG,,0,pipe_fryum,Normal,perceptual_hash
fdbd93a58c994ba3b650,phash:fdbd93a58c994ba3b650,pipe_fryum/Data/Images/Normal/461.JPG,,0,pipe_fryum,Normal,perceptual_hash
c5c66183108db44b150f,phash:c5c66183108db44b150f,pipe_fryum/Data/Images/Normal/467.JPG,,0,pipe_fryum,Normal,perceptual_hash
71234d57038a0113a4c1,phash:71234d57038a0113a4c1,pipe_fryum/Data/Images/Normal/482.JPG,,0,pipe_fryum,Normal,perceptual_hash
d9a860ea6b6ad344712b,phash:d9a860ea6b6ad344712b,pipe_fryum/Data/Images/Normal/484.JPG,,0,pipe_fryum,Normal,perceptual_hash
e11defff956122f3e67b,phash:e11defff956122f3e67b,pipe_fryum/Data/Images/Normal/487.JPG,,0,pipe_fryum,Normal,perceptual_hash
cde71abffe5c2b3722d0,phash:cde71abffe5c2b3722d0,pipe_fryum/Data/Images/Anomaly/000.JPG,pipe_fryum/Data/Masks/Anomaly/000.png,1,pipe_fryum,Anomaly,perceptual_hash
cc23b7ab669e459689d0,phash:cc23b7ab669e459689d0,pipe_fryum/Data/Images/Anomaly/001.JPG,pipe_fryum/Data/Masks/Anomaly/001.png,1,pipe_fryum,Anomaly,perceptual_hash
616577637e9acb411a35,phash:616577637e9acb411a35,pipe_fryum/Data/Images/Anomaly/002.JPG,pipe_fryum/Data/Masks/Anomaly/002.png,1,pipe_fryum,Anomaly,perceptual_hash
7b4dbbafa5b87ff8b107,phash:7b4dbbafa5b87ff8b107,pipe_fryum/Data/Images/Anomaly/005.JPG,pipe_fryum/Data/Masks/Anomaly/005.png,1,pipe_fryum,Anomaly,perceptual_hash
df81e305dc513fbb8652,phash:df81e305dc513fbb8652,pipe_fryum/Data/Images/Anomaly/006.JPG,pipe_fryum/Data/Masks/Anomaly/006.png,1,pipe_fryum,Anomaly,perceptual_hash
1f99552047a176cac031,phash:1f99552047a176cac031,pipe_fryum/Data/Images/Anomaly/007.JPG,pipe_fryum/Data/Masks/Anomaly/007.png,1,pipe_fryum,Anomaly,perceptual_hash
4d71257e0f55b7da96c4,phash:4d71257e0f55b7da96c4,pipe_fryum/Data/Images/Anomaly/008.JPG,pipe_fryum/Data/Masks/Anomaly/008.png,1,pipe_fryum,Anomaly,perceptual_hash
5c63a521bc213868d18d,phash:5c63a521bc213868d18d,pipe_fryum/Data/Images/Anomaly/011.JPG,pipe_fryum/Data/Masks/Anomaly/011.png,1,pipe_fryum,Anomaly,perceptual_hash
4ca1170f4d0df6c9fd1e,phash:4ca1170f4d0df6c9fd1e,pipe_fryum/Data/Images/Anomaly/012.JPG,pipe_fryum/Data/Masks/Anomaly/012.png,1,pipe_fryum,Anomaly,perceptual_hash
c2211e7a34241fa12238,phash:c2211e7a34241fa12238,pipe_fryum/Data/Images/Anomaly/013.JPG,pipe_fryum/Data/Masks/Anomaly/013.png,1,pipe_fryum,Anomaly,perceptual_hash
2dcc621c428df9bfdadc,phash:2dcc621c428df9bfdadc,pipe_fryum/Data/Images/Anomaly/014.JPG,pipe_fryum/Data/Masks/Anomaly/014.png,1,pipe_fryum,Anomaly,perceptual_hash
e00c4905fe9c55430944,phash:e00c4905fe9c55430944,pipe_fryum/Data/Images/Anomaly/015.JPG,pipe_fryum/Data/Masks/Anomaly/015.png,1,pipe_fryum,Anomaly,perceptual_hash
dac15eca5a79c69ae754,phash:dac15eca5a79c69ae754,pipe_fryum/Data/Images/Anomaly/016.JPG,pipe_fryum/Data/Masks/Anomaly/016.png,1,pipe_fryum,Anomaly,perceptual_hash
d895fccff405a0757339,phash:d895fccff405a0757339,pipe_fryum/Data/Images/Anomaly/017.JPG,pipe_fryum/Data/Masks/Anomaly/017.png,1,pipe_fryum,Anomaly,perceptual_hash
2d295f7598bbf1129889,phash:2d295f7598bbf1129889,pipe_fryum/Data/Images/Anomaly/018.JPG,pipe_fryum/Data/Masks/Anomaly/018.png,1,pipe_fryum,Anomaly,perceptual_hash
9f31a7d5fe674f915a4d,phash:9f31a7d5fe674f915a4d,pipe_fryum/Data/Images/Anomaly/019.JPG,pipe_fryum/Data/Masks/Anomaly/019.png,1,pipe_fryum,Anomaly,perceptual_hash
054a732aab43c5900c1c,phash:054a732aab43c5900c1c,pipe_fryum/Data/Images/Anomaly/022.JPG,pipe_fryum/Data/Masks/Anomaly/022.png,1,pipe_fryum,Anomaly,perceptual_hash
382801b183761149671a,phash:382801b183761149671a,pipe_fryum/Data/Images/Anomaly/023.JPG,pipe_fryum/Data/Masks/Anomaly/023.png,1,pipe_fryum,Anomaly,perceptual_hash
fd4d9354dfaa75ee9863,phash:fd4d9354dfaa75ee9863,pipe_fryum/Data/Images/Anomaly/024.JPG,pipe_fryum/Data/Masks/Anomaly/024.png,1,pipe_fryum,Anomaly,perceptual_hash
5b5e259f3386d8d9ee65,phash:5b5e259f3386d8d9ee65,pipe_fryum/Data/Images/Anomaly/027.JPG,pipe_fryum/Data/Masks/Anomaly/027.png,1,pipe_fryum,Anomaly,perceptual_hash
4a60c755a2f5b45237be,phash:4a60c755a2f5b45237be,pipe_fryum/Data/Images/Anomaly/028.JPG,pipe_fryum/Data/Masks/Anomaly/028.png,1,pipe_fryum,Anomaly,perceptual_hash
741d338fd0276307d7a1,phash:741d338fd0276307d7a1,pipe_fryum/Data/Images/Anomaly/031.JPG,pipe_fryum/Data/Masks/Anomaly/031.png,1,pipe_fryum,Anomaly,perceptual_hash
b0817bd89d6b9d546a57,phash:b0817bd89d6b9d546a57,pipe_fryum/Data/Images/Anomaly/033.JPG,pipe_fryum/Data/Masks/Anomaly/033.png,1,pipe_fryum,Anomaly,perceptual_hash
51d75187300c38739206,phash:51d75187300c38739206,pipe_fryum/Data/Images/Anomaly/034.JPG,pipe_fryum/Data/Masks/Anomaly/034.png,1,pipe_fryum,Anomaly,perceptual_hash
5e2b2853ab09b9716b91,phash:5e2b2853ab09b9716b91,pipe_fryum/Data/Images/Anomaly/035.JPG,pipe_fryum/Data/Masks/Anomaly/035.png,1,pipe_fryum,Anomaly,perceptual_hash
94d5c4a18b7a940fdaa0,phash:94d5c4a18b7a940fdaa0,pipe_fryum/Data/Images/Anomaly/036.JPG,pipe_fryum/Data/Masks/Anomaly/036.png,1,pipe_fryum,Anomaly,perceptual_hash
23d4803d3bc34cdace75,phash:23d4803d3bc34cdace75,pipe_fryum/Data/Images/Anomaly/037.JPG,pipe_fryum/Data/Masks/Anomaly/037.png,1,pipe_fryum,Anomaly,perceptual_hash
e4428edca4b5ac41e5da,phash:e4428edca4b5ac41e5da,pipe_fryum/Data/Images/Anomaly/038.JPG,pipe_fryum/Data/Masks/Anomaly/038.png,1,pipe_fryum,Anomaly,perceptual_hash
b8c1c1714602d6b4ba08,phash:b8c1c1714602d6b4ba08,pipe_fryum/Data/Images/Anomaly/039.JPG,pipe_fryum/Data/Masks/Anomaly/039.png,1,pipe_fryum,Anomaly,perceptual_hash
fecbf5ebd5ec073a75ad,phash:fecbf5ebd5ec073a75ad,pipe_fryum/Data/Images/Anomaly/040.JPG,pipe_fryum/Data/Masks/Anomaly/040.png,1,pipe_fryum,Anomaly,perceptual_hash
1e1a64c742083d2c6960,phash:1e1a64c742083d2c6960,pipe_fryum/Data/Images/Anomaly/041.JPG,pipe_fryum/Data/Masks/Anomaly/041.png,1,pipe_fryum,Anomaly,perceptual_hash
06bf0ffa898e9f2d3446,phash:06bf0ffa898e9f2d3446,pipe_fryum/Data/Images/Anomaly/042.JPG,pipe_fryum/Data/Masks/Anomaly/042.png,1,pipe_fryum,Anomaly,perceptual_hash
8ebc63e68c99e0710dff,phash:8ebc63e68c99e0710dff,pipe_fryum/Data/Images/Anomaly/043.JPG,pipe_fryum/Data/Masks/Anomaly/043.png,1,pipe_fryum,Anomaly,perceptual_hash
97623f38b1c8ce30ece7,phash:97623f38b1c8ce30ece7,pipe_fryum/Data/Images/Anomaly/044.JPG,pipe_fryum/Data/Masks/Anomaly/044.png,1,pipe_fryum,Anomaly,perceptual_hash
c15febcd7fda06f80493,phash:c15febcd7fda06f80493,pipe_fryum/Data/Images/Anomaly/045.JPG,pipe_fryum/Data/Masks/Anomaly/045.png,1,pipe_fryum,Anomaly,perceptual_hash
242e4855961cb63cb851,phash:242e4855961cb63cb851,pipe_fryum/Data/Images/Anomaly/046.JPG,pipe_fryum/Data/Masks/Anomaly/046.png,1,pipe_fryum,Anomaly,perceptual_hash
b1e2da372796486b53f9,phash:b1e2da372796486b53f9,pipe_fryum/Data/Images/Anomaly/047.JPG,pipe_fryum/Data/Masks/Anomaly/047.png,1,pipe_fryum,Anomaly,perceptual_hash
62d06cdc9210ad7f13de,phash:62d06cdc9210ad7f13de,pipe_fryum/Data/Images/Anomaly/048.JPG,pipe_fryum/Data/Masks/Anomaly/048.png,1,pipe_fryum,Anomaly,perceptual_hash
52d28109f59ba1578eeb,phash:52d28109f59ba1578eeb,pipe_fryum/Data/Images/Anomaly/049.JPG,pipe_fryum/Data/Masks/Anomaly/049.png,1,pipe_fryum,Anomaly,perceptual_hash
f986fb86fed4086eda58,phash:f986fb86fed4086eda58,pipe_fryum/Data/Images/Anomaly/050.JPG,pipe_fryum/Data/Masks/Anomaly/050.png,1,pipe_fryum,Anomaly,perceptual_hash
fba61068b35df79928e9,phash:fba61068b35df79928e9,pipe_fryum/Data/Images/Anomaly/051.JPG,pipe_fryum/Data/Masks/Anomaly/051.png,1,pipe_fryum,Anomaly,perceptual_hash
50b4b3102c02a0f0648d,phash:50b4b3102c02a0f0648d,pipe_fryum/Data/Images/Anomaly/052.JPG,pipe_fryum/Data/Masks/Anomaly/052.png,1,pipe_fryum,Anomaly,perceptual_hash
4a2face7cf7dbb919f3b,phash:4a2face7cf7dbb919f3b,pipe_fryum/Data/Images/Anomaly/053.JPG,pipe_fryum/Data/Masks/Anomaly/053.png,1,pipe_fryum,Anomaly,perceptual_hash
47c299450e7b471be523,phash:47c299450e7b471be523,pipe_fryum/Data/Images/Anomaly/055.JPG,pipe_fryum/Data/Masks/Anomaly/055.png,1,pipe_fryum,Anomaly,perceptual_hash
e49231a8df7a4e6fa86c,phash:e49231a8df7a4e6fa86c,pipe_fryum/Data/Images/Anomaly/056.JPG,pipe_fryum/Data/Masks/Anomaly/056.png,1,pipe_fryum,Anomaly,perceptual_hash
9785fd2fd336e5d8f25f,phash:9785fd2fd336e5d8f25f,pipe_fryum/Data/Images/Anomaly/057.JPG,pipe_fryum/Data/Masks/Anomaly/057.png,1,pipe_fryum,Anomaly,perceptual_hash
99f8881013878b035742,phash:99f8881013878b035742,pipe_fryum/Data/Images/Anomaly/058.JPG,pipe_fryum/Data/Masks/Anomaly/058.png,1,pipe_fryum,Anomaly,perceptual_hash
df2b24b95f00dfc11f70,phash:df2b24b95f00dfc11f70,pipe_fryum/Data/Images/Anomaly/059.JPG,pipe_fryum/Data/Masks/Anomaly/059.png,1,pipe_fryum,Anomaly,perceptual_hash
06b5eb3f093d612f8480,phash:06b5eb3f093d612f8480,pipe_fryum/Data/Images/Anomaly/061.JPG,pipe_fryum/Data/Masks/Anomaly/061.png,1,pipe_fryum,Anomaly,perceptual_hash
49ce5e965d2c54caeea9,phash:49ce5e965d2c54caeea9,pipe_fryum/Data/Images/Anomaly/062.JPG,pipe_fryum/Data/Masks/Anomaly/062.png,1,pipe_fryum,Anomaly,perceptual_hash
a91808657b288d4ac814,phash:a91808657b288d4ac814,pipe_fryum/Data/Images/Anomaly/063.JPG,pipe_fryum/Data/Masks/Anomaly/063.png,1,pipe_fryum,Anomaly,perceptual_hash
19ff215327617d7e717a,phash:19ff215327617d7e717a,pipe_fryum/Data/Images/Anomaly/064.JPG,pipe_fryum/Data/Masks/Anomaly/064.png,1,pipe_fryum,Anomaly,perceptual_hash
f5e6f7eab905d2162c45,phash:f5e6f7eab905d2162c45,pipe_fryum/Data/Images/Anomaly/065.JPG,pipe_fryum/Data/Masks/Anomaly/065.png,1,pipe_fryum,Anomaly,perceptual_hash
2de7a8ee34c7d5d9fab9,phash:2de7a8ee34c7d5d9fab9,pipe_fryum/Data/Images/Anomaly/066.JPG,pipe_fryum/Data/Masks/Anomaly/066.png,1,pipe_fryum,Anomaly,perceptual_hash
ba35d00882352feed565,phash:ba35d00882352feed565,pipe_fryum/Data/Images/Anomaly/067.JPG,pipe_fryum/Data/Masks/Anomaly/067.png,1,pipe_fryum,Anomaly,perceptual_hash
375d61461f58b3959692,phash:375d61461f58b3959692,pipe_fryum/Data/Images/Anomaly/068.JPG,pipe_fryum/Data/Masks/Anomaly/068.png,1,pipe_fryum,Anomaly,perceptual_hash
54171a261457d38976b3,phash:54171a261457d38976b3,pipe_fryum/Data/Images/Anomaly/069.JPG,pipe_fryum/Data/Masks/Anomaly/069.png,1,pipe_fryum,Anomaly,perceptual_hash
41ea44986a3661bf4644,phash:41ea44986a3661bf4644,pipe_fryum/Data/Images/Anomaly/070.JPG,pipe_fryum/Data/Masks/Anomaly/070.png,1,pipe_fryum,Anomaly,perceptual_hash
9bd3c4beebfcb6c6b57b,phash:9bd3c4beebfcb6c6b57b,pipe_fryum/Data/Images/Anomaly/071.JPG,pipe_fryum/Data/Masks/Anomaly/071.png,1,pipe_fryum,Anomaly,perceptual_hash
1f76fcd4b4f560e596c5,phash:1f76fcd4b4f560e596c5,pipe_fryum/Data/Images/Anomaly/072.JPG,pipe_fryum/Data/Masks/Anomaly/072.png,1,pipe_fryum,Anomaly,perceptual_hash
c12d3a4dc04ba8d09c73,phash:c12d3a4dc04ba8d09c73,pipe_fryum/Data/Images/Anomaly/073.JPG,pipe_fryum/Data/Masks/Anomaly/073.png,1,pipe_fryum,Anomaly,perceptual_hash
9daf703dfbe06751e9eb,phash:9daf703dfbe06751e9eb,pipe_fryum/Data/Images/Anomaly/074.JPG,pipe_fryum/Data/Masks/Anomaly/074.png,1,pipe_fryum,Anomaly,perceptual_hash
27322c458a484f155918,phash:27322c458a484f155918,pipe_fryum/Data/Images/Anomaly/076.JPG,pipe_fryum/Data/Masks/Anomaly/076.png,1,pipe_fryum,Anomaly,perceptual_hash
25b97707dd54dc4cec0d,phash:25b97707dd54dc4cec0d,pipe_fryum/Data/Images/Anomaly/077.JPG,pipe_fryum/Data/Masks/Anomaly/077.png,1,pipe_fryum,Anomaly,perceptual_hash
9eca39c99b7b6e9486d0,phash:9eca39c99b7b6e9486d0,pipe_fryum/Data/Images/Anomaly/078.JPG,pipe_fryum/Data/Masks/Anomaly/078.png,1,pipe_fryum,Anomaly,perceptual_hash
47827ef449808e9dbf90,phash:47827ef449808e9dbf90,pipe_fryum/Data/Images/Anomaly/079.JPG,pipe_fryum/Data/Masks/Anomaly/079.png,1,pipe_fryum,Anomaly,perceptual_hash
13b46a5dd19252f1d3b9,phash:13b46a5dd19252f1d3b9,pipe_fryum/Data/Images/Anomaly/081.JPG,pipe_fryum/Data/Masks/Anomaly/081.png,1,pipe_fryum,Anomaly,perceptual_hash
2506106df2a96d1cddbc,phash:2506106df2a96d1cddbc,pipe_fryum/Data/Images/Anomaly/082.JPG,pipe_fryum/Data/Masks/Anomaly/082.png,1,pipe_fryum,Anomaly,perceptual_hash
62f8d2a9cd89510abab6,phash:62f8d2a9cd89510abab6,pipe_fryum/Data/Images/Anomaly/083.JPG,pipe_fryum/Data/Masks/Anomaly/083.png,1,pipe_fryum,Anomaly,perceptual_hash
bcf44269b692d6f3dc5a,phash:bcf44269b692d6f3dc5a,pipe_fryum/Data/Images/Anomaly/084.JPG,pipe_fryum/Data/Masks/Anomaly/084.png,1,pipe_fryum,Anomaly,perceptual_hash
b2d3f86b24c656125e85,phash:b2d3f86b24c656125e85,pipe_fryum/Data/Images/Anomaly/086.JPG,pipe_fryum/Data/Masks/Anomaly/086.png,1,pipe_fryum,Anomaly,perceptual_hash
9b8e3ac302fe3a93bc24,phash:9b8e3ac302fe3a93bc24,pipe_fryum/Data/Images/Anomaly/089.JPG,pipe_fryum/Data/Masks/Anomaly/089.png,1,pipe_fryum,Anomaly,perceptual_hash
4add6deee97d13ecd2fd,phash:4add6deee97d13ecd2fd,pipe_fryum/Data/Images/Anomaly/090.JPG,pipe_fryum/Data/Masks/Anomaly/090.png,1,pipe_fryum,Anomaly,perceptual_hash
7ed935de01204bbaa680,phash:7ed935de01204bbaa680,pipe_fryum/Data/Images/Anomaly/091.JPG,pipe_fryum/Data/Masks/Anomaly/091.png,1,pipe_fryum,Anomaly,perceptual_hash
87b33dbea7470a96cccf,phash:87b33dbea7470a96cccf,pipe_fryum/Data/Images/Anomaly/092.JPG,pipe_fryum/Data/Masks/Anomaly/092.png,1,pipe_fryum,Anomaly,perceptual_hash
7d1ca4225a305410f52e,phash:7d1ca4225a305410f52e,pipe_fryum/Data/Images/Anomaly/094.JPG,pipe_fryum/Data/Masks/Anomaly/094.png,1,pipe_fryum,Anomaly,perceptual_hash
277eff62f78047b3fa6c,phash:277eff62f78047b3fa6c,pipe_fryum/Data/Images/Anomaly/095.JPG,pipe_fryum/Data/Masks/Anomaly/095.png,1,pipe_fryum,Anomaly,perceptual_hash
906bc8ccc32590e7dae9,phash:906bc8ccc32590e7dae9,pipe_fryum/Data/Images/Anomaly/096.JPG,pipe_fryum/Data/Masks/Anomaly/096.png,1,pipe_fryum,Anomaly,perceptual_hash
ec77bad02ee0e087be9b,phash:ec77bad02ee0e087be9b,pipe_fryum/Data/Images/Anomaly/097.JPG,pipe_fryum/Data/Masks/Anomaly/097.png,1,pipe_fryum,Anomaly,perceptual_hash
ea0bbdc75c0eb4818317,phash:ea0bbdc75c0eb4818317,pipe_fryum/Data/Images/Anomaly/099.JPG,pipe_fryum/Data/Masks/Anomaly/099.png,1,pipe_fryum,Anomaly,perceptual_hash
