dataset,epoch,prompt_config,file_name,label,cls_score,max_pixel,top1pct_pixel
Brain,15,current_shared,good/img/00000_96.png,0,0.4899865984916687,1.4076267689233646e-05,6.226600817171857e-06
Brain,15,current_shared,good/img/00000_97.png,0,0.4614655077457428,3.939866473956499e-06,1.690469503046188e-06
Brain,15,current_shared,good/img/00000_98.png,0,0.4716833531856537,1.1946808626817074e-05,5.766429239884019e-06
Brain,15,current_shared,good/img/00000_99.png,0,0.48192736506462097,6.2475528466166e-06,3.2241832741419785e-06
Brain,15,current_shared,good/img/00011_60.png,0,0.8172129392623901,0.9996127486228943,0.9992437362670898
Brain,15,current_shared,good/img/00011_61.png,0,0.7682057023048401,0.999603807926178,0.9993927478790283
Brain,15,current_shared,good/img/00011_62.png,0,0.7782228589057922,0.9993888139724731,0.9989604949951172
Brain,15,current_shared,good/img/00011_63.png,0,0.8123528361320496,0.9986823201179504,0.9982806444168091
Brain,15,current_shared,good/img/00018_60.png,0,0.8029001951217651,0.9957082271575928,0.990658700466156
Brain,15,current_shared,good/img/00018_61.png,0,0.8064494132995605,0.9987276196479797,0.9969627857208252
Brain,15,current_shared,good/img/00018_62.png,0,0.8118329048156738,0.9992727637290955,0.9987574815750122
Brain,15,current_shared,good/img/00018_63.png,0,0.8058655261993408,0.9971375465393066,0.996064305305481
Brain,15,current_shared,good/img/00020_94.png,0,0.519715428352356,2.485827644704841e-05,1.3935886272520293e-05
Brain,15,current_shared,good/img/00020_95.png,0,0.5333936810493469,0.009125280193984509,0.003735872684046626
Brain,15,current_shared,good/img/00020_96.png,0,0.5310783982276917,0.00022674418869428337,8.832648018142208e-05
Brain,15,current_shared,good/img/00020_97.png,0,0.5113481879234314,5.687178418156691e-05,3.8526388379978016e-05
Brain,15,current_shared,good/img/00020_98.png,0,0.5073245167732239,0.00038547004805877805,0.00025637331418693066
Brain,15,current_shared,good/img/00020_99.png,0,0.5539853572845459,0.00017877566278912127,9.444078750675544e-05
Brain,15,current_shared,good/img/00021_96.png,0,0.4800238609313965,3.1282027066481533e-06,1.8158892771680257e-06
Brain,15,current_shared,good/img/00021_97.png,0,0.4742446541786194,7.514762728533242e-06,5.070035967946751e-06
Brain,15,current_shared,good/img/00021_98.png,0,0.49920958280563354,3.0440569389611483e-05,1.6719914128771052e-05
Brain,15,current_shared,good/img/00021_99.png,0,0.48805490136146545,2.0807619875995442e-05,1.2248413440829609e-05
Brain,15,current_shared,good/img/00026_95.png,0,0.7874996662139893,0.0016079976921901107,0.0008093179203569889
Brain,15,current_shared,good/img/00026_96.png,0,0.5142166614532471,0.00011452574108261615,5.213066469877958e-05
Brain,15,current_shared,good/img/00026_97.png,0,0.5193729400634766,1.2524071280495264e-05,7.530358743679244e-06
Brain,15,current_shared,good/img/00026_98.png,0,0.5051814317703247,4.7116325731622055e-05,3.0497880288749002e-05
Brain,15,current_shared,good/img/00026_99.png,0,0.4788752794265747,4.976658601663075e-06,2.796658691295306e-06
Brain,15,current_shared,good/img/00028_98.png,0,0.7926117181777954,2.3621854779776186e-05,1.2287115168874152e-05
Brain,15,current_shared,good/img/00028_99.png,0,0.5069416165351868,1.0613015547278337e-05,7.61782166591729e-06
Brain,15,current_shared,good/img/00056_97.png,0,0.6547410488128662,0.00428898585960269,0.0020266082137823105
Brain,15,current_shared,good/img/00056_98.png,0,0.5152348875999451,0.00143332255538553,0.00056651042541489
Brain,15,current_shared,good/img/00056_99.png,0,0.6968553066253662,0.0004604426503647119,0.0002918180252891034
Brain,15,current_shared,good/img/00066_60.png,0,0.8005185723304749,0.9337342977523804,0.8438812494277954
Brain,15,current_shared,good/img/00066_61.png,0,0.7984138131141663,0.959202229976654,0.8878865838050842
Brain,15,current_shared,good/img/00066_62.png,0,0.7865802049636841,0.1357625424861908,0.08382335305213928
Brain,15,current_shared,good/img/00066_63.png,0,0.7973809838294983,0.16578026115894318,0.04660854488611221
Brain,15,current_shared,good/img/00066_64.png,0,0.8000952005386353,0.7831488251686096,0.35919490456581116
Brain,15,current_shared,good/img/00072_96.png,0,0.7829923629760742,0.00019016819715034217,0.00010573568579275161
Brain,15,current_shared,good/img/00072_97.png,0,0.7928773164749146,0.001842099823988974,0.0010391906835138798
Brain,15,current_shared,good/img/00072_98.png,0,0.7996951937675476,0.016452590003609657,0.009179296903312206
Brain,15,current_shared,good/img/00072_99.png,0,0.7961657643318176,0.026017803698778152,0.012630749493837357
Brain,15,current_shared,good/img/00078_60.png,0,0.7973542213439941,0.9977068901062012,0.9938185214996338
Brain,15,current_shared,good/img/00078_61.png,0,0.7977927923202515,0.9966771602630615,0.9888575673103333
Brain,15,current_shared,good/img/00078_62.png,0,0.8017458319664001,0.7230272889137268,0.33246758580207825
Brain,15,current_shared,good/img/00078_63.png,0,0.803110659122467,0.28279903531074524,0.05915731191635132
Brain,15,current_shared,good/img/00078_64.png,0,0.8103951811790466,0.16726791858673096,0.04304543510079384
Brain,15,current_shared,good/img/00078_65.png,0,0.8082844018936157,0.07570739090442657,0.01474809180945158
Brain,15,current_shared,good/img/00085_60.png,0,0.7967094779014587,0.2884080410003662,0.14667803049087524
Brain,15,current_shared,good/img/00085_61.png,0,0.7893672585487366,0.3083549737930298,0.15336500108242035
Brain,15,current_shared,good/img/00085_62.png,0,0.7879073023796082,0.08123565465211868,0.04691879451274872
Brain,15,current_shared,good/img/00085_63.png,0,0.7820894122123718,0.06538510322570801,0.01861392892897129
Brain,15,current_shared,good/img/00085_64.png,0,0.7813122868537903,0.08703316003084183,0.02197360433638096
Brain,15,current_shared,good/img/00089_60.png,0,0.5469182729721069,0.04236278310418129,0.018124619498848915
Brain,15,current_shared,good/img/00089_61.png,0,0.7669504284858704,0.0317121297121048,0.012706216424703598
Brain,15,current_shared,good/img/00118_62.png,0,0.67906254529953,0.9951501488685608,0.9909831881523132
Brain,15,current_shared,good/img/00118_63.png,0,0.6927223205566406,0.9936809539794922,0.9902488589286804
Brain,15,current_shared,good/img/00118_64.png,0,0.7043302655220032,0.9305886626243591,0.8959594368934631
Brain,15,current_shared,good/img/00118_65.png,0,0.7163792848587036,0.9420122504234314,0.9119442105293274
Brain,15,current_shared,good/img/00118_68.png,0,0.8032917380332947,0.9840377569198608,0.9787039160728455
Brain,15,current_shared,good/img/00139_95.png,0,0.8078813552856445,0.9984277486801147,0.9965769648551941
Brain,15,current_shared,good/img/00139_96.png,0,0.8076893091201782,0.9946423768997192,0.9879150390625
Brain,15,current_shared,good/img/00139_97.png,0,0.8060036301612854,0.9754888415336609,0.9176276326179504
Brain,15,current_shared,good/img/00139_98.png,0,0.8065563440322876,0.9421201944351196,0.7957509160041809
Brain,15,current_shared,good/img/00139_99.png,0,0.8002915978431702,0.34622249007225037,0.23004864156246185
Brain,15,current_shared,good/img/00140_60.png,0,0.5411420464515686,0.1671510487794876,0.09144938737154007
Brain,15,current_shared,good/img/00140_61.png,0,0.5229823589324951,0.0124208964407444,0.0056288656778633595
Brain,15,current_shared,good/img/00146_60.png,0,0.8132243752479553,0.9991642236709595,0.9983508586883545
Brain,15,current_shared,good/img/00146_61.png,0,0.7972708344459534,0.9989805817604065,0.9970327615737915
Brain,15,current_shared,good/img/00146_62.png,0,0.8109170794487,0.9987435936927795,0.9978724122047424
Brain,15,current_shared,good/img/00146_63.png,0,0.8057992458343506,0.9991744160652161,0.9984798431396484
Brain,15,current_shared,good/img/00166_60.png,0,0.8082560300827026,0.9994804263114929,0.9988678097724915
Brain,15,current_shared,good/img/00166_61.png,0,0.8060876727104187,0.9986420273780823,0.997772753238678
Brain,15,current_shared,good/img/00166_62.png,0,0.8070234060287476,0.9968239068984985,0.9943363070487976
Brain,15,current_shared,good/img/00166_63.png,0,0.8112397193908691,0.9969671368598938,0.995079517364502
Brain,15,current_shared,good/img/00166_64.png,0,0.8058583736419678,0.9994068145751953,0.9990049004554749
Brain,15,current_shared,good/img/00166_65.png,0,0.7881114482879639,0.9995200634002686,0.9991832375526428
Brain,15,current_shared,good/img/00186_60.png,0,0.8179798722267151,0.996297299861908,0.9939879179000854
Brain,15,current_shared,good/img/00186_61.png,0,0.8181641101837158,0.9885104298591614,0.9861778616905212
Brain,15,current_shared,good/img/00186_62.png,0,0.8169407248497009,0.9957711100578308,0.9920479655265808
Brain,15,current_shared,good/img/00186_63.png,0,0.7997097969055176,0.9882235527038574,0.9679701328277588
Brain,15,current_shared,good/img/00204_60.png,0,0.7229833602905273,0.9939769506454468,0.9923053979873657
Brain,15,current_shared,good/img/00204_61.png,0,0.7233172655105591,0.9990389347076416,0.9977665543556213
Brain,15,current_shared,good/img/00204_62.png,0,0.7203752398490906,0.9996144771575928,0.9989997744560242
Brain,15,current_shared,good/img/00204_63.png,0,0.7633428573608398,0.9986500144004822,0.9960981011390686
Brain,15,current_shared,good/img/00204_64.png,0,0.787004292011261,0.9822384119033813,0.9342814087867737
Brain,15,current_shared,good/img/00210_97.png,0,0.8047370314598083,0.03663410246372223,0.02156149223446846
Brain,15,current_shared,good/img/00210_98.png,0,0.8013460040092468,0.058655016124248505,0.030451398342847824
Brain,15,current_shared,good/img/00210_99.png,0,0.7618811726570129,0.07002975046634674,0.041100066155195236
Brain,15,current_shared,good/img/00219_60.png,0,0.8101657032966614,0.9988179802894592,0.9981706142425537
Brain,15,current_shared,good/img/00219_61.png,0,0.795932948589325,0.9986528158187866,0.9978613257408142
Brain,15,current_shared,good/img/00219_98.png,0,0.4994630813598633,3.9949941310624126e-07,2.2267467159053922e-07
Brain,15,current_shared,good/img/00219_99.png,0,0.502415120601654,2.308673629158875e-06,1.1454034165581106e-06
Brain,15,current_shared,good/img/00230_60.png,0,0.8086654543876648,0.9998595714569092,0.999761164188385
Brain,15,current_shared,good/img/00230_61.png,0,0.7425506711006165,0.999788224697113,0.9995912909507751
Brain,15,current_shared,good/img/00230_62.png,0,0.7622877955436707,0.9995477795600891,0.9992668628692627
Brain,15,current_shared,good/img/00231_60.png,0,0.8165010809898376,0.9995961785316467,0.9993814826011658
Brain,15,current_shared,good/img/00231_61.png,0,0.8001928925514221,0.9990957975387573,0.9986673593521118
Brain,15,current_shared,good/img/00231_62.png,0,0.790976345539093,0.9975818395614624,0.9961141347885132
Brain,15,current_shared,good/img/00249_96.png,0,0.8100024461746216,0.023275226354599,0.011409925296902657
Brain,15,current_shared,good/img/00249_97.png,0,0.8018770217895508,0.14633654057979584,0.09465207159519196
Brain,15,current_shared,good/img/00249_98.png,0,0.7467719912528992,0.22948314249515533,0.1338520646095276
Brain,15,current_shared,good/img/00249_99.png,0,0.7756774425506592,0.5262244343757629,0.4001097083091736
Brain,15,current_shared,good/img/00254_95.png,0,0.7767999172210693,0.2635531425476074,0.15543539822101593
Brain,15,current_shared,good/img/00254_96.png,0,0.7840959429740906,0.3112069070339203,0.18752895295619965
Brain,15,current_shared,good/img/00254_97.png,0,0.6476456522941589,0.016456440091133118,0.008573899045586586
Brain,15,current_shared,good/img/00254_98.png,0,0.7763294577598572,0.11900466680526733,0.07834895700216293
Brain,15,current_shared,good/img/00254_99.png,0,0.497094988822937,0.0005164782633073628,0.00029214416281320155
Brain,15,current_shared,good/img/00261_98.png,0,0.8040685057640076,0.08379409462213516,0.023343456909060478
Brain,15,current_shared,good/img/00261_99.png,0,0.8057613968849182,0.03416559845209122,0.007657132111489773
Brain,15,current_shared,good/img/00269_60.png,0,0.7639212012290955,0.9999113082885742,0.999799370765686
Brain,15,current_shared,good/img/00269_61.png,0,0.7897387146949768,0.9997496008872986,0.9995172023773193
Brain,15,current_shared,good/img/00273_98.png,0,0.8032893538475037,0.2208973616361618,0.12966276705265045
Brain,15,current_shared,good/img/00273_99.png,0,0.7896084189414978,0.39116331934928894,0.23927007615566254
Brain,15,current_shared,good/img/00283_60.png,0,0.808351457118988,0.9957356452941895,0.9928926229476929
Brain,15,current_shared,good/img/00283_61.png,0,0.8018741011619568,0.9923598170280457,0.989862322807312
Brain,15,current_shared,good/img/00283_62.png,0,0.8046859502792358,0.9956278800964355,0.9939830899238586
Brain,15,current_shared,good/img/00283_63.png,0,0.8081077933311462,0.9969576597213745,0.9947274923324585
Brain,15,current_shared,good/img/00283_64.png,0,0.8077384829521179,0.9928010702133179,0.9909140467643738
Brain,15,current_shared,good/img/00291_62.png,0,0.5310231447219849,0.021482912823557854,0.013240396045148373
Brain,15,current_shared,good/img/00291_63.png,0,0.5235255360603333,0.0033031394705176353,0.0013587072025984526
Brain,15,current_shared,good/img/00291_64.png,0,0.7177327871322632,0.19702942669391632,0.10166671872138977
Brain,15,current_shared,good/img/00291_65.png,0,0.723449170589447,0.4399331510066986,0.23965449631214142
Brain,15,current_shared,good/img/00291_66.png,0,0.7929205894470215,0.6779012084007263,0.5525018572807312
Brain,15,current_shared,good/img/00291_67.png,0,0.7804263830184937,0.3798113763332367,0.21624453365802765
Brain,15,current_shared,good/img/00305_60.png,0,0.816968560218811,0.9988922476768494,0.9970990419387817
Brain,15,current_shared,good/img/00305_61.png,0,0.8140091300010681,0.9926907420158386,0.9861512780189514
Brain,15,current_shared,good/img/00305_62.png,0,0.8175758123397827,0.9957098960876465,0.9928588271141052
Brain,15,current_shared,good/img/00305_63.png,0,0.8128980398178101,0.9992682337760925,0.9988391399383545
Brain,15,current_shared,good/img/00305_64.png,0,0.8024020791053772,0.9994342923164368,0.9989025592803955
Brain,15,current_shared,good/img/00314_60.png,0,0.7408158779144287,0.896828830242157,0.8480848670005798
Brain,15,current_shared,good/img/00314_61.png,0,0.6468347907066345,0.47165805101394653,0.367504745721817
Brain,15,current_shared,good/img/00314_62.png,0,0.5477295517921448,0.34366416931152344,0.22909969091415405
Brain,15,current_shared,good/img/00331_96.png,0,0.4881308674812317,0.00012517829600255936,5.6826833315426484e-05
Brain,15,current_shared,good/img/00331_97.png,0,0.4653826951980591,0.00023704896739218384,0.00012992431584279984
Brain,15,current_shared,good/img/00331_98.png,0,0.46820446848869324,0.004023314919322729,0.001587415928952396
Brain,15,current_shared,good/img/00331_99.png,0,0.7086086273193359,0.11064380407333374,0.04215362295508385
Brain,15,current_shared,good/img/00356_98.png,0,0.79322350025177,0.16849644482135773,0.07742371410131454
Brain,15,current_shared,good/img/00356_99.png,0,0.7955824136734009,0.311167448759079,0.167159765958786
Brain,15,current_shared,good/img/00383_60.png,0,0.8187219500541687,0.9996495246887207,0.999502420425415
Brain,15,current_shared,good/img/00383_61.png,0,0.812911868095398,0.9993281364440918,0.9991291165351868
Brain,15,current_shared,good/img/00383_62.png,0,0.7123603820800781,0.9991996884346008,0.9989455938339233
Brain,15,current_shared,good/img/00383_63.png,0,0.7987461090087891,0.9999465942382812,0.9999059438705444
Brain,15,current_shared,good/img/00421_60.png,0,0.8100005388259888,0.9983993172645569,0.9964081048965454
Brain,15,current_shared,good/img/00421_61.png,0,0.8158526420593262,0.9984367489814758,0.997856616973877
Brain,15,current_shared,good/img/00421_62.png,0,0.8162922263145447,0.9980801343917847,0.9968820214271545
Brain,15,current_shared,good/img/00431_60.png,0,0.809877336025238,0.9997835755348206,0.9996707439422607
Brain,15,current_shared,good/img/00431_61.png,0,0.8139302134513855,0.9995369911193848,0.999180793762207
Brain,15,current_shared,good/img/00431_62.png,0,0.8090920448303223,0.9987561702728271,0.9979164600372314
Brain,15,current_shared,good/img/00431_63.png,0,0.8067082166671753,0.9970889687538147,0.9948799014091492
Brain,15,current_shared,good/img/00431_64.png,0,0.8060312867164612,0.9977279305458069,0.9945937991142273
Brain,15,current_shared,good/img/00453_60.png,0,0.7865738272666931,0.9987587928771973,0.9982484579086304
Brain,15,current_shared,good/img/00453_61.png,0,0.7296417355537415,0.9825310111045837,0.9705179333686829
Brain,15,current_shared,good/img/00453_62.png,0,0.6633898019790649,0.8320637345314026,0.6996831893920898
Brain,15,current_shared,good/img/00453_63.png,0,0.5482990145683289,0.7674000263214111,0.5861887335777283
Brain,15,current_shared,good/img/00453_64.png,0,0.7119069695472717,0.9721730351448059,0.9582069516181946
Brain,15,current_shared,good/img/00453_65.png,0,0.7550877928733826,0.9984266757965088,0.9970803260803223
Brain,15,current_shared,good/img/00457_94.png,0,0.8081163167953491,0.9946658611297607,0.9858151078224182
Brain,15,current_shared,good/img/00457_95.png,0,0.8099152445793152,0.9959509372711182,0.9856330156326294
Brain,15,current_shared,good/img/00457_96.png,0,0.7964481711387634,0.9836934208869934,0.9494941830635071
Brain,15,current_shared,good/img/00457_97.png,0,0.7238177061080933,0.9343799352645874,0.8034522533416748
Brain,15,current_shared,good/img/00457_98.png,0,0.6548101902008057,0.5792444944381714,0.34522131085395813
Brain,15,current_shared,good/img/00457_99.png,0,0.5311442613601685,0.04211331158876419,0.022327372804284096
Brain,15,current_shared,good/img/00478_60.png,0,0.8026654124259949,0.8848201036453247,0.6062151193618774
Brain,15,current_shared,good/img/00478_61.png,0,0.8035609126091003,0.7158006429672241,0.3750361502170563
Brain,15,current_shared,good/img/00478_62.png,0,0.8007515668869019,0.9918940663337708,0.9552491307258606
Brain,15,current_shared,good/img/00478_63.png,0,0.792938232421875,0.9946675300598145,0.9798320531845093
Brain,15,current_shared,good/img/00478_64.png,0,0.8051320314407349,0.9968910813331604,0.9921534657478333
Brain,15,current_shared,good/img/00485_94.png,0,0.5030649900436401,1.7111065972130746e-05,8.966950190369971e-06
Brain,15,current_shared,good/img/00485_95.png,0,0.5012896656990051,0.0016229570610448718,0.000506361189763993
Brain,15,current_shared,good/img/00485_96.png,0,0.5202646255493164,3.400379864615388e-05,1.8938735593110323e-05
Brain,15,current_shared,good/img/00485_97.png,0,0.5032309889793396,7.988533070601989e-06,4.987854936189251e-06
Brain,15,current_shared,good/img/00485_98.png,0,0.4890945255756378,8.437342330580577e-06,6.111467882874422e-06
Brain,15,current_shared,good/img/00485_99.png,0,0.6855283975601196,0.000468152022222057,0.0002728774561546743
Brain,15,current_shared,good/img/00488_60.png,0,0.5324447154998779,0.9141818881034851,0.8713845610618591
Brain,15,current_shared,good/img/00488_61.png,0,0.7821651101112366,0.998524010181427,0.9980916380882263
Brain,15,current_shared,good/img/00488_62.png,0,0.7953725457191467,0.9990043044090271,0.9987170696258545
Brain,15,current_shared,good/img/00488_63.png,0,0.6303735971450806,0.9431713819503784,0.8923872709274292
Brain,15,current_shared,good/img/00488_64.png,0,0.7494045495986938,0.931647777557373,0.8485928177833557
Brain,15,current_shared,good/img/00491_60.png,0,0.8090986013412476,0.802155077457428,0.5299288034439087
Brain,15,current_shared,good/img/00491_61.png,0,0.8073165416717529,0.9747700691223145,0.9577347636222839
Brain,15,current_shared,good/img/00491_62.png,0,0.8053805828094482,0.7612494826316833,0.470747709274292
Brain,15,current_shared,good/img/00495_60.png,0,0.7974868416786194,0.9988641738891602,0.9985818266868591
Brain,15,current_shared,good/img/00495_61.png,0,0.7922289967536926,0.998706579208374,0.9979678392410278
Brain,15,current_shared,good/img/00495_62.png,0,0.7962218523025513,0.9736183285713196,0.9673048257827759
Brain,15,current_shared,good/img/00495_63.png,0,0.7951563000679016,0.9956964254379272,0.9908984303474426
Brain,15,current_shared,good/img/00495_64.png,0,0.797024130821228,0.9944398403167725,0.9835723638534546
Brain,15,current_shared,good/img/00495_65.png,0,0.7997463941574097,0.9866102337837219,0.9766091704368591
Brain,15,current_shared,good/img/00500_60.png,0,0.766616940498352,0.06802468001842499,0.05305828899145126
Brain,15,current_shared,good/img/00500_61.png,0,0.7832263708114624,0.03755360096693039,0.021943628787994385
Brain,15,current_shared,good/img/00516_60.png,0,0.7394817471504211,0.9998835325241089,0.999836266040802
Brain,15,current_shared,good/img/00516_61.png,0,0.8002191781997681,0.9998044371604919,0.9997202157974243
Brain,15,current_shared,good/img/00516_62.png,0,0.7922725677490234,0.9996232986450195,0.9994550347328186
Brain,15,current_shared,good/img/00516_63.png,0,0.7971923351287842,0.9995715022087097,0.9994314312934875
Brain,15,current_shared,good/img/00524_96.png,0,0.49140122532844543,0.00015055161202326417,5.5620737839490175e-05
Brain,15,current_shared,good/img/00524_97.png,0,0.5046201348304749,7.252128852996975e-05,4.261628782842308e-05
Brain,15,current_shared,good/img/00524_98.png,0,0.7048971056938171,0.07826787233352661,0.03145483508706093
Brain,15,current_shared,good/img/00524_99.png,0,0.5968526601791382,0.009466449730098248,0.0030848635360598564
Brain,15,current_shared,good/img/00537_60.png,0,0.8045985698699951,0.35790520906448364,0.208866149187088
Brain,15,current_shared,good/img/00537_61.png,0,0.805235743522644,0.5878962874412537,0.4776855707168579
Brain,15,current_shared,good/img/00537_62.png,0,0.8051372766494751,0.6772462129592896,0.5598524808883667
Brain,15,current_shared,good/img/00537_63.png,0,0.8054623603820801,0.6555115580558777,0.49344587326049805
Brain,15,current_shared,good/img/00537_64.png,0,0.8093159794807434,0.9163290858268738,0.7801440954208374
Brain,15,current_shared,good/img/00537_65.png,0,0.812497079372406,0.975897490978241,0.9697849750518799
Brain,15,current_shared,good/img/00542_95.png,0,0.4981602728366852,7.54492575651966e-05,4.263276787241921e-05
Brain,15,current_shared,good/img/00542_96.png,0,0.5006565451622009,2.063613101199735e-05,1.1115361303382087e-05
Brain,15,current_shared,good/img/00542_97.png,0,0.492000013589859,3.831366484519094e-06,2.5076012661884306e-06
Brain,15,current_shared,good/img/00542_98.png,0,0.48097455501556396,1.8853132814911078e-06,1.263979243049107e-06
Brain,15,current_shared,good/img/00542_99.png,0,0.4863833785057068,3.3625670766923577e-05,1.29747004393721e-05
Brain,15,current_shared,good/img/00554_96.png,0,0.7823271751403809,0.9077255725860596,0.726755678653717
Brain,15,current_shared,good/img/00554_97.png,0,0.7220371961593628,0.44368070363998413,0.24788114428520203
Brain,15,current_shared,good/img/00554_98.png,0,0.7536893486976624,0.16995172202587128,0.07330477982759476
Brain,15,current_shared,good/img/00554_99.png,0,0.7866014838218689,0.12931746244430542,0.06685665249824524
Brain,15,current_shared,good/img/00556_60.png,0,0.8076305389404297,0.9982597231864929,0.9960959553718567
Brain,15,current_shared,good/img/00556_61.png,0,0.8097891807556152,0.9989718198776245,0.9984495043754578
Brain,15,current_shared,good/img/00556_62.png,0,0.7971628308296204,0.9946618676185608,0.9901350736618042
Brain,15,current_shared,good/img/00556_63.png,0,0.8095002770423889,0.9338184595108032,0.9179936647415161
Brain,15,current_shared,good/img/00570_60.png,0,0.8188331127166748,0.9980505704879761,0.9971294403076172
Brain,15,current_shared,good/img/00570_61.png,0,0.8162091374397278,0.9990455508232117,0.9982702732086182
Brain,15,current_shared,good/img/00570_62.png,0,0.8202466368675232,0.9981821775436401,0.9976948499679565
Brain,15,current_shared,good/img/00570_63.png,0,0.8158536553382874,0.9966138005256653,0.9944726228713989
Brain,15,current_shared,good/img/00570_64.png,0,0.8167538046836853,0.9933920502662659,0.9904603362083435
Brain,15,current_shared,good/img/00570_65.png,0,0.8212987184524536,0.9981289505958557,0.9972586035728455
Brain,15,current_shared,good/img/00578_60.png,0,0.7912473082542419,0.8569718599319458,0.763256847858429
Brain,15,current_shared,good/img/00578_61.png,0,0.8029040098190308,0.9722338914871216,0.9554057121276855
Brain,15,current_shared,good/img/00578_62.png,0,0.8020039200782776,0.861228346824646,0.7701701521873474
Brain,15,current_shared,good/img/00580_98.png,0,0.7405444979667664,0.04384560510516167,0.029291583225131035
Brain,15,current_shared,good/img/00580_99.png,0,0.5974039435386658,0.011569312773644924,0.008363277651369572
Brain,15,current_shared,good/img/00593_60.png,0,0.8069681525230408,0.9977343082427979,0.994843602180481
Brain,15,current_shared,good/img/00593_61.png,0,0.7998857498168945,0.9967954754829407,0.9912302494049072
Brain,15,current_shared,good/img/00594_60.png,0,0.7778735160827637,0.9985210299491882,0.9979648590087891
Brain,15,current_shared,good/img/00594_61.png,0,0.8018563389778137,0.9980762004852295,0.9972382187843323
Brain,15,current_shared,good/img/00594_62.png,0,0.7955775856971741,0.9956176280975342,0.993613064289093
Brain,15,current_shared,good/img/00594_63.png,0,0.8065003156661987,0.9959393739700317,0.9912506937980652
Brain,15,current_shared,good/img/00596_64.png,0,0.5064770579338074,0.0481644868850708,0.034879084676504135
Brain,15,current_shared,good/img/00596_65.png,0,0.6053118109703064,0.05172060802578926,0.03640982136130333
Brain,15,current_shared,good/img/00596_66.png,0,0.7814980745315552,0.6117514371871948,0.4800899922847748
Brain,15,current_shared,good/img/00596_67.png,0,0.5317755341529846,0.41663333773612976,0.14682045578956604
Brain,15,current_shared,good/img/00596_68.png,0,0.7478687167167664,0.949264645576477,0.8663510084152222
Brain,15,current_shared,good/img/00598_96.png,0,0.7904402017593384,0.19127972424030304,0.1168297827243805
Brain,15,current_shared,good/img/00598_97.png,0,0.6683546900749207,0.004852598067373037,0.0021472806110978127
Brain,15,current_shared,good/img/00598_98.png,0,0.728313148021698,0.25934112071990967,0.09573651850223541
Brain,15,current_shared,good/img/00598_99.png,0,0.5154880881309509,0.0005723757785744965,0.0002465025754645467
Brain,15,current_shared,good/img/00612_98.png,0,0.7448387742042542,0.01663321815431118,0.008099742233753204
Brain,15,current_shared,good/img/00612_99.png,0,0.7265014052391052,0.013045700266957283,0.008206489495933056
Brain,15,current_shared,good/img/00618_94.png,0,0.507084846496582,2.2463400455308147e-05,1.5257583982020151e-05
Brain,15,current_shared,good/img/00618_95.png,0,0.49783357977867126,1.3531406693800818e-05,8.543124749849085e-06
Brain,15,current_shared,good/img/00618_96.png,0,0.7960475087165833,0.019961221143603325,0.011738082394003868
Brain,15,current_shared,good/img/00618_97.png,0,0.7410463690757751,0.5770618915557861,0.34097036719322205
Brain,15,current_shared,good/img/00618_98.png,0,0.7839251160621643,0.9813987612724304,0.9078767895698547
Brain,15,current_shared,good/img/00618_99.png,0,0.7999168634414673,0.9910456538200378,0.9770023226737976
Brain,15,current_shared,good/img/00621_96.png,0,0.7726054191589355,0.00453121867030859,0.00197782414034009
Brain,15,current_shared,good/img/00621_97.png,0,0.5658959746360779,0.0003603558288887143,0.00023582209541928023
Brain,15,current_shared,good/img/00621_98.png,0,0.6530747413635254,0.0002962094731628895,0.00019127434643451124
Brain,15,current_shared,good/img/00621_99.png,0,0.7222797274589539,0.0009034674731083214,0.000493289262522012
Brain,15,current_shared,good/img/00624_60.png,0,0.8083050847053528,0.9997565150260925,0.9997109174728394
Brain,15,current_shared,good/img/00624_61.png,0,0.8087334632873535,0.9992774128913879,0.998987078666687
Brain,15,current_shared,good/img/00624_62.png,0,0.8076368570327759,0.9987963438034058,0.9978179335594177
Brain,15,current_shared,good/img/00624_63.png,0,0.8061173558235168,0.998776376247406,0.9984094500541687
Brain,15,current_shared,good/img/00624_64.png,0,0.796764075756073,0.9977445602416992,0.9945034980773926
Brain,15,current_shared,good/img/00628_60.png,0,0.7515860795974731,0.9971083998680115,0.9964756369590759
Brain,15,current_shared,good/img/00628_61.png,0,0.7603294253349304,0.9890887141227722,0.9852917194366455
Brain,15,current_shared,good/img/00628_62.png,0,0.4988507926464081,0.13680997490882874,0.08125052601099014
Brain,15,current_shared,good/img/00642_60.png,0,0.8073559999465942,0.9636728167533875,0.9474554657936096
Brain,15,current_shared,good/img/00642_61.png,0,0.8067253828048706,0.9985052347183228,0.9979147911071777
Brain,15,current_shared,good/img/00642_62.png,0,0.8052368760108948,0.9977391958236694,0.9959137439727783
Brain,15,current_shared,good/img/00642_63.png,0,0.7941824793815613,0.9987459182739258,0.9971479773521423
Brain,15,current_shared,good/img/00642_64.png,0,0.7829424738883972,0.9882717728614807,0.9736492037773132
Brain,15,current_shared,good/img/00642_65.png,0,0.5059086680412292,0.27540382742881775,0.18245892226696014
Brain,15,current_shared,good/img/00646_60.png,0,0.8059680461883545,0.9972221851348877,0.9951391816139221
Brain,15,current_shared,good/img/00646_61.png,0,0.6326176524162292,0.9973178505897522,0.9923918843269348
Brain,15,current_shared,good/img/00649_60.png,0,0.8029571175575256,0.49683845043182373,0.2795584797859192
Brain,15,current_shared,good/img/00649_61.png,0,0.799899160861969,0.5859661102294922,0.3197696805000305
Brain,15,current_shared,good/img/00649_62.png,0,0.7971120476722717,0.7612641453742981,0.5114246010780334
Brain,15,current_shared,good/img/00649_63.png,0,0.8011214733123779,0.8989496231079102,0.8359686136245728
Brain,15,current_shared,good/img/00649_64.png,0,0.800487756729126,0.9807469248771667,0.9701269865036011
Brain,15,current_shared,good/img/00649_65.png,0,0.8075734376907349,0.9897708892822266,0.9799078702926636
Brain,15,current_shared,good/img/00652_94.png,0,0.7762706875801086,0.014088192023336887,0.010049487464129925
Brain,15,current_shared,good/img/00652_95.png,0,0.7818341851234436,0.01535453088581562,0.009978152811527252
Brain,15,current_shared,good/img/00652_96.png,0,0.7756500244140625,0.011776800267398357,0.00622970424592495
Brain,15,current_shared,good/img/00652_97.png,0,0.7946286201477051,0.009904000908136368,0.005099330563098192
Brain,15,current_shared,good/img/00652_98.png,0,0.7529528141021729,0.00029379635816439986,0.00020963442511856556
Brain,15,current_shared,good/img/00652_99.png,0,0.48441439867019653,1.8448152331984602e-05,1.4164547792461235e-05
Brain,15,current_shared,good/img/00656_83.png,0,0.8106493949890137,0.8683208227157593,0.6413575410842896
Brain,15,current_shared,good/img/00656_84.png,0,0.807094931602478,0.38562625646591187,0.24462322890758514
Brain,15,current_shared,good/img/00656_85.png,0,0.8062031269073486,0.18658411502838135,0.09075998514890671
Brain,15,current_shared,good/img/00656_88.png,0,0.8032169938087463,0.006317725405097008,0.003821520833298564
Brain,15,current_shared,good/img/00682_60.png,0,0.7335804104804993,0.3909570872783661,0.28963667154312134
Brain,15,current_shared,good/img/00682_61.png,0,0.8010214567184448,0.8869062066078186,0.8350834846496582
Brain,15,current_shared,good/img/00682_62.png,0,0.769963800907135,0.9276135563850403,0.8709933161735535
Brain,15,current_shared,good/img/00694_60.png,0,0.8114978075027466,0.9995216131210327,0.9991853833198547
Brain,15,current_shared,good/img/00694_61.png,0,0.8101111054420471,0.9998061060905457,0.9996081590652466
Brain,15,current_shared,good/img/00723_95.png,0,0.545845091342926,0.0011863235849887133,0.0005227249930612743
Brain,15,current_shared,good/img/00723_96.png,0,0.526198148727417,0.00020884425612166524,9.494644473306835e-05
Brain,15,current_shared,good/img/00723_97.png,0,0.5210669636726379,0.0002910624607466161,9.952976688509807e-05
Brain,15,current_shared,good/img/00723_98.png,0,0.5231832265853882,0.0008762989891692996,0.00045805764966644347
Brain,15,current_shared,good/img/00723_99.png,0,0.5253117084503174,0.0027488688938319683,0.000963543716352433
Brain,15,current_shared,good/img/00728_95.png,0,0.8066999912261963,0.002516699954867363,0.001911093364469707
Brain,15,current_shared,good/img/00728_96.png,0,0.5210837125778198,0.00017156600370071828,6.826260505476967e-05
Brain,15,current_shared,good/img/00728_97.png,0,0.5173144340515137,1.4451179595198482e-05,8.288040589832235e-06
Brain,15,current_shared,good/img/00728_98.png,0,0.5190761685371399,5.5420179705834016e-05,3.4380704164505005e-05
Brain,15,current_shared,good/img/00728_99.png,0,0.515123188495636,2.050556031463202e-05,1.7802805814426392e-05
Brain,15,current_shared,good/img/00750_60.png,0,0.6390482187271118,0.10867052525281906,0.04409748688340187
Brain,15,current_shared,good/img/00750_61.png,0,0.5307247042655945,0.005633608438074589,0.002590676536783576
Brain,15,current_shared,good/img/00750_62.png,0,0.5182540416717529,3.0827555747237056e-05,2.0864112229901366e-05
Brain,15,current_shared,good/img/00750_63.png,0,0.5214846730232239,0.0012118448503315449,0.0006273266044445336
Brain,15,current_shared,good/img/00750_64.png,0,0.5189895033836365,0.0005705641815438867,0.00020057331130374223
Brain,15,current_shared,good/img/00768_60.png,0,0.7871931195259094,0.9984295964241028,0.9978336691856384
Brain,15,current_shared,good/img/00768_61.png,0,0.7542593479156494,0.9913986921310425,0.9885784983634949
Brain,15,current_shared,good/img/00777_60.png,0,0.7999667525291443,0.9981042146682739,0.996269702911377
Brain,15,current_shared,good/img/00777_61.png,0,0.7997637391090393,0.9938222169876099,0.9881537556648254
Brain,15,current_shared,good/img/00777_62.png,0,0.8057753443717957,0.9969257712364197,0.9945275187492371
Brain,15,current_shared,good/img/00777_63.png,0,0.7990186810493469,0.9352995157241821,0.9022835493087769
Brain,15,current_shared,good/img/00777_64.png,0,0.794036328792572,0.7035467624664307,0.6152518391609192
Brain,15,current_shared,good/img/00796_60.png,0,0.8051677346229553,0.9993417859077454,0.998460590839386
Brain,15,current_shared,good/img/00796_61.png,0,0.8038761615753174,0.9991707801818848,0.9980282187461853
Brain,15,current_shared,good/img/00796_62.png,0,0.7729114890098572,0.9960076808929443,0.9869491457939148
Brain,15,current_shared,good/img/00799_60.png,0,0.8222363591194153,0.9990941286087036,0.9983335137367249
Brain,15,current_shared,good/img/00799_61.png,0,0.8203373551368713,0.9996863603591919,0.9994109272956848
Brain,15,current_shared,good/img/00805_60.png,0,0.7632794976234436,0.9925697445869446,0.9898568987846375
Brain,15,current_shared,good/img/00805_61.png,0,0.7895710468292236,0.993034839630127,0.9872517585754395
Brain,15,current_shared,good/img/00805_62.png,0,0.7909454107284546,0.9675194025039673,0.9232151508331299
Brain,15,current_shared,good/img/00805_63.png,0,0.7829706072807312,0.9809607267379761,0.9593964219093323
Brain,15,current_shared,good/img/00805_64.png,0,0.7670025825500488,0.9839141368865967,0.9744123816490173
Brain,15,current_shared,good/img/00806_60.png,0,0.786961019039154,0.9389612078666687,0.8873396515846252
Brain,15,current_shared,good/img/00806_61.png,0,0.7697908282279968,0.9801007509231567,0.9579364061355591
Brain,15,current_shared,good/img/00806_62.png,0,0.7664251923561096,0.9722434878349304,0.9444096088409424
Brain,15,current_shared,good/img/00806_63.png,0,0.7860368490219116,0.9743091464042664,0.9589411020278931
Brain,15,current_shared,good/img/00806_64.png,0,0.8058955073356628,0.9855256676673889,0.9763496518135071
Brain,15,current_shared,good/img/00831_60.png,0,0.6398711800575256,0.15360257029533386,0.12324108183383942
Brain,15,current_shared,good/img/00831_61.png,0,0.5229088068008423,0.002013668417930603,0.0011927112936973572
Brain,15,current_shared,good/img/00839_97.png,0,0.7800109386444092,0.4316421449184418,0.28926897048950195
Brain,15,current_shared,good/img/00839_98.png,0,0.7674515843391418,0.011197390966117382,0.006590760312974453
Brain,15,current_shared,good/img/00839_99.png,0,0.7652027010917664,0.004524081014096737,0.002550282282754779
Brain,15,current_shared,good/img/01008_60.png,0,0.7344091534614563,0.9972944855690002,0.9966909885406494
Brain,15,current_shared,good/img/01008_61.png,0,0.7294563055038452,0.9904178977012634,0.9867196083068848
Brain,15,current_shared,good/img/01011_60.png,0,0.8068737387657166,0.9989703893661499,0.998129665851593
Brain,15,current_shared,good/img/01011_61.png,0,0.7937188148498535,0.998766303062439,0.9979692101478577
Brain,15,current_shared,good/img/01011_62.png,0,0.8049976825714111,0.9988124370574951,0.9980581402778625
Brain,15,current_shared,good/img/01014_96.png,0,0.711493968963623,0.060992658138275146,0.02847183123230934
Brain,15,current_shared,good/img/01014_97.png,0,0.7546908855438232,0.0052171554416418076,0.002020927844569087
Brain,15,current_shared,good/img/01014_98.png,0,0.7523737549781799,0.0002307252725586295,0.00011803904635598883
Brain,15,current_shared,good/img/01014_99.png,0,0.7672292590141296,0.0007010277477093041,0.00039032319909892976
Brain,15,current_shared,good/img/01020_96.png,0,0.7980918884277344,0.00951674859970808,0.004431756213307381
Brain,15,current_shared,good/img/01020_97.png,0,0.7999671697616577,0.006873909384012222,0.003276695730164647
Brain,15,current_shared,good/img/01020_98.png,0,0.8005494475364685,0.008049729280173779,0.0051627797074615955
Brain,15,current_shared,good/img/01020_99.png,0,0.8002384305000305,0.09332643449306488,0.046831630170345306
Brain,15,current_shared,good/img/01023_60.png,0,0.6822108626365662,0.99991774559021,0.9998664855957031
Brain,15,current_shared,good/img/01023_61.png,0,0.5193691253662109,0.936829686164856,0.8744651675224304
Brain,15,current_shared,good/img/01023_62.png,0,0.6146277785301208,0.9556109309196472,0.9004634022712708
Brain,15,current_shared,good/img/01023_63.png,0,0.566474437713623,0.930343747138977,0.8176133036613464
Brain,15,current_shared,good/img/01027_60.png,0,0.8016166687011719,0.9997150301933289,0.9994816184043884
Brain,15,current_shared,good/img/01027_61.png,0,0.7621279358863831,0.998557984828949,0.9979842901229858
Brain,15,current_shared,good/img/01027_62.png,0,0.7887598276138306,0.9993839263916016,0.9991680979728699
Brain,15,current_shared,good/img/01027_63.png,0,0.6498912572860718,0.9856449365615845,0.9784417748451233
Brain,15,current_shared,good/img/01027_64.png,0,0.5073050856590271,0.02464207448065281,0.014263336546719074
Brain,15,current_shared,good/img/01027_65.png,0,0.6878232955932617,0.7061110734939575,0.43129897117614746
Brain,15,current_shared,good/img/01028_94.png,0,0.7981137633323669,0.06623949110507965,0.017751596868038177
Brain,15,current_shared,good/img/01028_95.png,0,0.7946559190750122,0.16034333407878876,0.06485676020383835
Brain,15,current_shared,good/img/01028_96.png,0,0.7972785830497742,0.422628790140152,0.1305287480354309
Brain,15,current_shared,good/img/01028_97.png,0,0.7942598462104797,0.03959798812866211,0.015110655687749386
Brain,15,current_shared,good/img/01028_98.png,0,0.7761224508285522,0.0069449422881007195,0.0049602878279984
Brain,15,current_shared,good/img/01028_99.png,0,0.7773222327232361,0.0015219829510897398,0.0006628617993555963
Brain,15,current_shared,good/img/01030_96.png,0,0.5268201231956482,0.01145918294787407,0.004801217932254076
Brain,15,current_shared,good/img/01030_97.png,0,0.5055097341537476,0.0010514705209061503,0.0005292688147164881
Brain,15,current_shared,good/img/01030_98.png,0,0.5027262568473816,0.0006464675534516573,0.0003496157005429268
Brain,15,current_shared,good/img/01030_99.png,0,0.46513617038726807,4.771260137204081e-06,2.568388254076126e-06
Brain,15,current_shared,good/img/01043_98.png,0,0.7933616042137146,0.11137282848358154,0.05788935720920563
Brain,15,current_shared,good/img/01043_99.png,0,0.49712425470352173,3.510751184876426e-06,2.239249170088442e-06
Brain,15,current_shared,good/img/01048_95.png,0,0.7935836315155029,0.5429421067237854,0.4206559360027313
Brain,15,current_shared,good/img/01048_96.png,0,0.5401275157928467,4.6322191337822005e-05,2.8112954169046134e-05
Brain,15,current_shared,good/img/01048_97.png,0,0.5129251480102539,1.5804489521542564e-05,8.577895641792566e-06
Brain,15,current_shared,good/img/01048_98.png,0,0.5673224925994873,0.0008127703913487494,0.0002885255962610245
Brain,15,current_shared,good/img/01048_99.png,0,0.5374755263328552,0.00020665189367718995,9.282999235438183e-05
Brain,15,current_shared,good/img/01052_60.png,0,0.731192409992218,0.9955326318740845,0.9920032024383545
Brain,15,current_shared,good/img/01052_61.png,0,0.757475733757019,0.9989280104637146,0.9984059929847717
Brain,15,current_shared,good/img/01052_62.png,0,0.7968094348907471,0.9988992214202881,0.9981633424758911
Brain,15,current_shared,good/img/01052_63.png,0,0.7934224605560303,0.9945789575576782,0.9889631271362305
Brain,15,current_shared,good/img/01052_64.png,0,0.8006221055984497,0.992846667766571,0.9708585739135742
Brain,15,current_shared,good/img/01056_96.png,0,0.7988694906234741,0.9692395925521851,0.922160267829895
Brain,15,current_shared,good/img/01056_97.png,0,0.7953989505767822,0.9577491879463196,0.8988633155822754
Brain,15,current_shared,good/img/01056_98.png,0,0.7784988284111023,0.9878151416778564,0.9672305583953857
Brain,15,current_shared,good/img/01056_99.png,0,0.79630047082901,0.9975576400756836,0.9923999309539795
Brain,15,current_shared,good/img/01057_98.png,0,0.7933067679405212,0.9556565284729004,0.9074941873550415
Brain,15,current_shared,good/img/01057_99.png,0,0.6502900719642639,0.5231826901435852,0.3194485902786255
Brain,15,current_shared,good/img/01062_60.png,0,0.8162335753440857,0.9997617602348328,0.9996736645698547
Brain,15,current_shared,good/img/01062_61.png,0,0.8178959488868713,0.9994651675224304,0.9992973208427429
Brain,15,current_shared,good/img/01062_62.png,0,0.8022326231002808,0.999461829662323,0.999293863773346
Brain,15,current_shared,good/img/01062_63.png,0,0.8041146993637085,0.9992200136184692,0.9987936615943909
Brain,15,current_shared,good/img/01075_60.png,0,0.808742880821228,0.999298095703125,0.9991333484649658
Brain,15,current_shared,good/img/01075_61.png,0,0.8077188730239868,0.9995689988136292,0.9993880391120911
Brain,15,current_shared,good/img/01075_62.png,0,0.7953593134880066,0.999329686164856,0.9987614750862122
Brain,15,current_shared,good/img/01075_63.png,0,0.7611304521560669,0.9994320273399353,0.9988890886306763
Brain,15,current_shared,good/img/01081_95.png,0,0.801307201385498,0.04924478009343147,0.024639762938022614
Brain,15,current_shared,good/img/01081_96.png,0,0.7886518836021423,0.035766854882240295,0.018463611602783203
Brain,15,current_shared,good/img/01081_97.png,0,0.5070245862007141,5.98233709752094e-05,2.075680276902858e-05
Brain,15,current_shared,good/img/01081_98.png,0,0.512514591217041,4.69188989882241e-06,3.0720868835487636e-06
Brain,15,current_shared,good/img/01081_99.png,0,0.5121815800666809,9.655532267061062e-06,6.615774964302545e-06
Brain,15,current_shared,good/img/01082_95.png,0,0.8017133474349976,0.9950318336486816,0.9904807209968567
Brain,15,current_shared,good/img/01082_96.png,0,0.800630509853363,0.9988376498222351,0.9970110058784485
Brain,15,current_shared,good/img/01082_97.png,0,0.8001495003700256,0.9969804883003235,0.9872479438781738
Brain,15,current_shared,good/img/01082_98.png,0,0.8049390316009521,0.9856380820274353,0.949666440486908
Brain,15,current_shared,good/img/01082_99.png,0,0.8084386587142944,0.9892728328704834,0.9727348685264587
Brain,15,current_shared,good/img/01083_60.png,0,0.8185232877731323,0.9950124621391296,0.990018367767334
Brain,15,current_shared,good/img/01083_61.png,0,0.8068602681159973,0.9964109063148499,0.9926444888114929
Brain,15,current_shared,good/img/01083_62.png,0,0.792474627494812,0.9810034036636353,0.965656042098999
Brain,15,current_shared,good/img/01094_60.png,0,0.7910828590393066,0.9917792677879333,0.9832794666290283
Brain,15,current_shared,good/img/01094_61.png,0,0.6647500991821289,0.9767827987670898,0.9634453058242798
Brain,15,current_shared,good/img/01097_60.png,0,0.8025079965591431,0.9972423315048218,0.9899129271507263
Brain,15,current_shared,good/img/01097_61.png,0,0.8051396012306213,0.9944474697113037,0.9855914115905762
Brain,15,current_shared,good/img/01097_62.png,0,0.8037734627723694,0.9947733283042908,0.9847821593284607
Brain,15,current_shared,good/img/01103_60.png,0,0.8104050755500793,0.9996211528778076,0.9988187551498413
Brain,15,current_shared,good/img/01103_61.png,0,0.7258285880088806,0.9992159605026245,0.9966618418693542
Brain,15,current_shared,good/img/01103_62.png,0,0.7991007566452026,0.9986351132392883,0.9912151098251343
Brain,15,current_shared,good/img/01103_63.png,0,0.8105071783065796,0.9994275569915771,0.9981836080551147
Brain,15,current_shared,good/img/01103_64.png,0,0.8151282668113708,0.9998422861099243,0.9994750618934631
Brain,15,current_shared,good/img/01103_65.png,0,0.8123169541358948,0.9995995163917542,0.998980700969696
Brain,15,current_shared,good/img/01106_77.png,0,0.5301125049591064,0.0010066302493214607,0.0003673614701256156
Brain,15,current_shared,good/img/01106_78.png,0,0.5337332487106323,0.006755444221198559,0.002526442753151059
Brain,15,current_shared,good/img/01109_60.png,0,0.8165399432182312,0.9997801184654236,0.9996801018714905
Brain,15,current_shared,good/img/01109_61.png,0,0.8137715458869934,0.9968128800392151,0.9940491318702698
Brain,15,current_shared,good/img/01109_62.png,0,0.8059239983558655,0.9980899691581726,0.9966174960136414
Brain,15,current_shared,good/img/01109_63.png,0,0.8075186014175415,0.9959068298339844,0.9923584461212158
Brain,15,current_shared,good/img/01112_60.png,0,0.8053484559059143,0.9967251420021057,0.9906229972839355
Brain,15,current_shared,good/img/01112_61.png,0,0.8129733800888062,0.9973344802856445,0.9926356673240662
Brain,15,current_shared,good/img/01112_62.png,0,0.8096095323562622,0.9989480376243591,0.9971335530281067
Brain,15,current_shared,good/img/01115_94.png,0,0.5290849208831787,0.8259584903717041,0.6137078404426575
Brain,15,current_shared,good/img/01115_95.png,0,0.5388886332511902,0.9505338072776794,0.8951201438903809
Brain,15,current_shared,good/img/01115_97.png,0,0.5542817711830139,0.9895724654197693,0.9677021503448486
Brain,15,current_shared,good/img/01115_98.png,0,0.7716957926750183,0.9987022876739502,0.9956957101821899
Brain,15,current_shared,good/img/01115_99.png,0,0.7503559589385986,0.996147871017456,0.9871587753295898
Brain,15,current_shared,good/img/01118_77.png,0,0.7949391603469849,0.3248383104801178,0.22639119625091553
Brain,15,current_shared,good/img/01118_78.png,0,0.7908437848091125,0.021463213488459587,0.014464124105870724
Brain,15,current_shared,good/img/01118_79.png,0,0.7838738560676575,0.24699708819389343,0.15403957664966583
Brain,15,current_shared,good/img/01118_80.png,0,0.7924049496650696,0.6642618775367737,0.5435277819633484
Brain,15,current_shared,good/img/01118_81.png,0,0.7859917879104614,0.7997000217437744,0.722119927406311
Brain,15,current_shared,good/img/01122_60.png,0,0.8146573305130005,0.9997183680534363,0.9995879530906677
Brain,15,current_shared,good/img/01122_61.png,0,0.8159715533256531,0.9993451237678528,0.9988887310028076
Brain,15,current_shared,good/img/01122_62.png,0,0.8175060749053955,0.9978545308113098,0.9960817694664001
Brain,15,current_shared,good/img/01127_94.png,0,0.5279807448387146,0.0015160157345235348,0.0009413143852725625
Brain,15,current_shared,good/img/01127_95.png,0,0.5219717621803284,0.007849127985537052,0.0035154258366674185
Brain,15,current_shared,good/img/01127_96.png,0,0.7948787808418274,0.7638059854507446,0.4070848524570465
Brain,15,current_shared,good/img/01127_97.png,0,0.5103916525840759,0.00032745316275395453,0.00017047746223397553
Brain,15,current_shared,good/img/01127_98.png,0,0.49996480345726013,0.00023094932839740068,8.076559606706724e-05
Brain,15,current_shared,good/img/01127_99.png,0,0.5044585466384888,0.0011634223628789186,0.00034197012428194284
Brain,15,current_shared,good/img/01135_60.png,0,0.7531883120536804,0.9945806860923767,0.9910146594047546
Brain,15,current_shared,good/img/01135_61.png,0,0.7570050358772278,0.9985668063163757,0.9976521134376526
Brain,15,current_shared,good/img/01135_62.png,0,0.751539945602417,0.9895596504211426,0.9813348650932312
Brain,15,current_shared,good/img/01135_63.png,0,0.7593594789505005,0.9769246578216553,0.9624972939491272
Brain,15,current_shared,good/img/01135_64.png,0,0.7340705990791321,0.998060405254364,0.995833694934845
Brain,15,current_shared,good/img/01146_60.png,0,0.8253958821296692,0.99964439868927,0.9993764758110046
Brain,15,current_shared,good/img/01146_61.png,0,0.8158645033836365,0.9994750618934631,0.9992316365242004
Brain,15,current_shared,good/img/01146_62.png,0,0.8168556690216064,0.9994375109672546,0.9990118145942688
Brain,15,current_shared,good/img/01146_63.png,0,0.7954483032226562,0.9992184638977051,0.9986943602561951
Brain,15,current_shared,good/img/01146_64.png,0,0.8000534176826477,0.998863697052002,0.9977912902832031
Brain,15,current_shared,good/img/01150_97.png,0,0.4868696630001068,0.0001838034950196743,7.758908759569749e-05
Brain,15,current_shared,good/img/01150_98.png,0,0.48032933473587036,8.783154044067487e-05,3.9490732888225466e-05
Brain,15,current_shared,good/img/01150_99.png,0,0.48224321007728577,0.00031107221730053425,0.00015223525406327099
Brain,15,current_shared,good/img/01161_98.png,0,0.8018400073051453,0.26697859168052673,0.15085874497890472
Brain,15,current_shared,good/img/01161_99.png,0,0.8058859705924988,0.22007718682289124,0.15526172518730164
Brain,15,current_shared,good/img/01165_60.png,0,0.700438916683197,0.919353723526001,0.9014381170272827
Brain,15,current_shared,good/img/01165_61.png,0,0.7165345549583435,0.8464983105659485,0.7643551826477051
Brain,15,current_shared,good/img/01165_62.png,0,0.7074171304702759,0.8463035225868225,0.7891665697097778
Brain,15,current_shared,good/img/01166_96.png,0,0.4596731662750244,0.011824660934507847,0.004923852626234293
Brain,15,current_shared,good/img/01166_97.png,0,0.4644969403743744,7.220405677799135e-05,4.4888758566230536e-05
Brain,15,current_shared,good/img/01166_98.png,0,0.46475550532341003,1.4756434211449232e-05,4.977167463948717e-06
Brain,15,current_shared,good/img/01166_99.png,0,0.46120911836624146,1.7242995227206848e-06,7.621346753694525e-07
Brain,15,current_shared,good/img/01187_60.png,0,0.8054639101028442,0.9985633492469788,0.9963693618774414
Brain,15,current_shared,good/img/01187_61.png,0,0.7878395915031433,0.9997132420539856,0.9994392395019531
Brain,15,current_shared,good/img/01187_62.png,0,0.7396779656410217,0.9995384216308594,0.9993221759796143
Brain,15,current_shared,good/img/01187_63.png,0,0.7878082990646362,0.9991909861564636,0.9988548159599304
Brain,15,current_shared,good/img/01187_64.png,0,0.8039075136184692,0.998012900352478,0.9968433976173401
Brain,15,current_shared,good/img/01221_95.png,0,0.7906081080436707,0.7942886352539062,0.6256043314933777
Brain,15,current_shared,good/img/01221_96.png,0,0.7953010201454163,0.9368906617164612,0.8355558514595032
Brain,15,current_shared,good/img/01221_97.png,0,0.7945915460586548,0.9784491062164307,0.9536629319190979
Brain,15,current_shared,good/img/01221_98.png,0,0.757461667060852,0.93354731798172,0.8675616979598999
Brain,15,current_shared,good/img/01221_99.png,0,0.7368954420089722,0.8906639814376831,0.7390867471694946
Brain,15,current_shared,good/img/01244_60.png,0,0.7950741648674011,0.9994311928749084,0.9988422393798828
Brain,15,current_shared,good/img/01244_61.png,0,0.8121575713157654,0.9986397624015808,0.9975413084030151
Brain,15,current_shared,good/img/01244_62.png,0,0.806458055973053,0.9974008798599243,0.9954337477684021
Brain,15,current_shared,good/img/01244_63.png,0,0.7926945686340332,0.9971818923950195,0.9928613305091858
Brain,15,current_shared,good/img/01244_64.png,0,0.7871047258377075,0.9950844645500183,0.9878671765327454
Brain,15,current_shared,good/img/01244_65.png,0,0.7569512724876404,0.9961473941802979,0.9894381165504456
Brain,15,current_shared,good/img/01245_98.png,0,0.7700809240341187,0.7704267501831055,0.5750213265419006
Brain,15,current_shared,good/img/01245_99.png,0,0.8022382855415344,0.7679362297058105,0.5814602971076965
Brain,15,current_shared,good/img/01248_94.png,0,0.8042482137680054,0.4005662798881531,0.32076311111450195
Brain,15,current_shared,good/img/01248_95.png,0,0.8047186136245728,0.06518418341875076,0.04873793572187424
Brain,15,current_shared,good/img/01248_96.png,0,0.8080811500549316,0.00019179836090188473,5.635933484882116e-05
Brain,15,current_shared,good/img/01248_97.png,0,0.8104922771453857,0.0001571438042446971,4.199778049951419e-05
Brain,15,current_shared,good/img/01248_98.png,0,0.810965359210968,0.0011725862277671695,0.0004484191595111042
Brain,15,current_shared,good/img/01248_99.png,0,0.8108272552490234,0.0014630458317697048,0.000567913637496531
Brain,15,current_shared,good/img/01263_84.png,0,0.8053613901138306,0.9901692867279053,0.9754455089569092
Brain,15,current_shared,good/img/01263_85.png,0,0.8088963627815247,0.9974215030670166,0.9952318072319031
Brain,15,current_shared,good/img/01268_60.png,0,0.7838632464408875,0.9996030926704407,0.9991661906242371
Brain,15,current_shared,good/img/01268_61.png,0,0.8013257384300232,0.9994328618049622,0.9985941052436829
Brain,15,current_shared,good/img/01268_62.png,0,0.8012936115264893,0.9996542930603027,0.9994183778762817
Brain,15,current_shared,good/img/01271_60.png,0,0.8170235753059387,0.9987602233886719,0.998492419719696
Brain,15,current_shared,good/img/01271_61.png,0,0.8217913508415222,0.9994679093360901,0.9990549087524414
Brain,15,current_shared,good/img/01277_96.png,0,0.701525866985321,0.006054230034351349,0.0030213966965675354
Brain,15,current_shared,good/img/01277_97.png,0,0.7724526524543762,0.007587740197777748,0.0038932079914957285
Brain,15,current_shared,good/img/01277_98.png,0,0.7168078422546387,0.003736312733963132,0.0018039833521470428
Brain,15,current_shared,good/img/01277_99.png,0,0.7556279301643372,0.007344928570091724,0.003687523305416107
Brain,15,current_shared,good/img/01287_60.png,0,0.6951470971107483,0.9969262480735779,0.9945845007896423
Brain,15,current_shared,good/img/01287_61.png,0,0.6986854672431946,0.9986323714256287,0.9970594048500061
Brain,15,current_shared,good/img/01287_62.png,0,0.6912067532539368,0.9975165128707886,0.9945971965789795
Brain,15,current_shared,good/img/01287_63.png,0,0.7160568833351135,0.9972054362297058,0.9942225813865662
Brain,15,current_shared,good/img/01287_64.png,0,0.705723226070404,0.9865670800209045,0.9701277017593384
Brain,15,current_shared,good/img/01287_65.png,0,0.7781388759613037,0.9794961810112,0.9676362872123718
Brain,15,current_shared,good/img/01295_60.png,0,0.7933558821678162,0.9998788833618164,0.9997840523719788
Brain,15,current_shared,good/img/01295_61.png,0,0.7799279093742371,0.9998310804367065,0.9996964931488037
Brain,15,current_shared,good/img/01305_60.png,0,0.7836640477180481,0.9989172220230103,0.9979588389396667
Brain,15,current_shared,good/img/01305_61.png,0,0.7787187695503235,0.999651312828064,0.9994345903396606
Brain,15,current_shared,good/img/01305_62.png,0,0.7597840428352356,0.999160647392273,0.9988230466842651
Brain,15,current_shared,good/img/01305_63.png,0,0.7628618478775024,0.9994089603424072,0.9991471767425537
Brain,15,current_shared,good/img/01328_60.png,0,0.8209964036941528,0.9740896821022034,0.9679530262947083
Brain,15,current_shared,good/img/01328_61.png,0,0.822260856628418,0.9851919412612915,0.9722151160240173
Brain,15,current_shared,good/img/01328_62.png,0,0.8209310173988342,0.9843206405639648,0.9706529378890991
Brain,15,current_shared,good/img/01328_63.png,0,0.8191606402397156,0.9866373538970947,0.9727290272712708
Brain,15,current_shared,good/img/01328_64.png,0,0.8174452781677246,0.9814960360527039,0.9760112762451172
Brain,15,current_shared,good/img/01328_66.png,0,0.8189024329185486,0.9420068860054016,0.891049861907959
Brain,15,current_shared,good/img/01336_60.png,0,0.797956109046936,0.9992210865020752,0.9987667798995972
Brain,15,current_shared,good/img/01336_61.png,0,0.8052077889442444,0.999269425868988,0.9988113045692444
Brain,15,current_shared,good/img/01356_95.png,0,0.698471188545227,0.6357463598251343,0.46134546399116516
Brain,15,current_shared,good/img/01356_96.png,0,0.7244431972503662,0.657835066318512,0.474143922328949
Brain,15,current_shared,good/img/01356_97.png,0,0.6598808169364929,0.6973497867584229,0.5336690545082092
Brain,15,current_shared,good/img/01356_98.png,0,0.5388734340667725,0.49361085891723633,0.29119646549224854
Brain,15,current_shared,good/img/01356_99.png,0,0.5469875931739807,0.789188027381897,0.6922112703323364
Brain,15,current_shared,good/img/01361_98.png,0,0.7899208664894104,0.3593001067638397,0.2647869884967804
Brain,15,current_shared,good/img/01361_99.png,0,0.7965483069419861,0.13408112525939941,0.07054397463798523
Brain,15,current_shared,good/img/01364_60.png,0,0.7913365960121155,0.9970977306365967,0.9934472441673279
Brain,15,current_shared,good/img/01364_61.png,0,0.7724788784980774,0.9987359642982483,0.9965922236442566
Brain,15,current_shared,good/img/01364_62.png,0,0.7422038912773132,0.9984598159790039,0.9966421723365784
Brain,15,current_shared,good/img/01364_63.png,0,0.7921131253242493,0.9980270266532898,0.9971667528152466
Brain,15,current_shared,good/img/01364_64.png,0,0.8062134385108948,0.9984450936317444,0.9976177215576172
Brain,15,current_shared,good/img/01372_60.png,0,0.8113514184951782,0.8397554755210876,0.6722496747970581
Brain,15,current_shared,good/img/01372_61.png,0,0.8105840682983398,0.9732745885848999,0.9366389513015747
Brain,15,current_shared,good/img/01372_62.png,0,0.8110672235488892,0.993680477142334,0.9921000003814697
Brain,15,current_shared,good/img/01372_64.png,0,0.7691686749458313,0.9995934367179871,0.9990811944007874
Brain,15,current_shared,good/img/01381_60.png,0,0.8088902831077576,0.9532484412193298,0.9073295593261719
Brain,15,current_shared,good/img/01381_61.png,0,0.5570186376571655,0.1537814885377884,0.0813976600766182
Brain,15,current_shared,good/img/01381_62.png,0,0.7113038301467896,0.9298717975616455,0.8702937364578247
Brain,15,current_shared,good/img/01382_97.png,0,0.8044177293777466,0.7472884058952332,0.5870562195777893
Brain,15,current_shared,good/img/01382_98.png,0,0.752373993396759,0.10205361247062683,0.04772098734974861
Brain,15,current_shared,good/img/01382_99.png,0,0.785897433757782,0.0408676452934742,0.01564575731754303
Brain,15,current_shared,good/img/01383_95.png,0,0.7912123203277588,0.844916045665741,0.7729469537734985
Brain,15,current_shared,good/img/01383_96.png,0,0.7910951972007751,0.843829870223999,0.6862069964408875
Brain,15,current_shared,good/img/01383_97.png,0,0.7870751619338989,0.8630356192588806,0.6555836200714111
Brain,15,current_shared,good/img/01390_60.png,0,0.7791117429733276,0.9996417760848999,0.9991620779037476
Brain,15,current_shared,good/img/01390_61.png,0,0.7703141570091248,0.9994221925735474,0.9990243315696716
Brain,15,current_shared,good/img/01390_62.png,0,0.7257683873176575,0.9986715316772461,0.9977053999900818
Brain,15,current_shared,good/img/01390_63.png,0,0.7477067112922668,0.9973914623260498,0.9961408972740173
Brain,15,current_shared,good/img/01394_95.png,0,0.7947654724121094,0.12378072738647461,0.07630673795938492
Brain,15,current_shared,good/img/01394_96.png,0,0.6335589289665222,0.0073335180059075356,0.0048451051115989685
Brain,15,current_shared,good/img/01394_97.png,0,0.7612258791923523,0.02146984450519085,0.012748576700687408
Brain,15,current_shared,good/img/01394_98.png,0,0.7912049293518066,0.009902440011501312,0.006836172193288803
Brain,15,current_shared,good/img/01394_99.png,0,0.7878655791282654,0.028011569753289223,0.017674215137958527
Brain,15,current_shared,good/img/01398_60.png,0,0.8156304955482483,0.9949198365211487,0.9906251430511475
Brain,15,current_shared,good/img/01398_61.png,0,0.8119058012962341,0.9969742298126221,0.9956136345863342
Brain,15,current_shared,good/img/01398_62.png,0,0.8131133913993835,0.9987320303916931,0.9980583190917969
Brain,15,current_shared,good/img/01398_63.png,0,0.8120113015174866,0.9976068735122681,0.9946931600570679
Brain,15,current_shared,good/img/01398_64.png,0,0.8126959800720215,0.9753154516220093,0.9657925963401794
Brain,15,current_shared,good/img/01398_65.png,0,0.811253547668457,0.9072494506835938,0.8589707016944885
Brain,15,current_shared,good/img/01441_60.png,0,0.8103272914886475,0.998565137386322,0.9982216954231262
Brain,15,current_shared,good/img/01441_61.png,0,0.8127056360244751,0.998547375202179,0.998139500617981
Brain,15,current_shared,good/img/01441_62.png,0,0.8174843788146973,0.997873067855835,0.997276782989502
Brain,15,current_shared,good/img/01441_63.png,0,0.8152227401733398,0.9974210262298584,0.9962109327316284
Brain,15,current_shared,good/img/01442_98.png,0,0.6391379833221436,0.08094050735235214,0.0345098115503788
Brain,15,current_shared,good/img/01442_99.png,0,0.5157421231269836,0.02138996124267578,0.011137206107378006
Brain,15,current_shared,good/img/01450_98.png,0,0.648503839969635,0.30704689025878906,0.14519229531288147
Brain,15,current_shared,good/img/01450_99.png,0,0.6158112287521362,0.013764222152531147,0.011285625398159027
Brain,15,current_shared,good/img/01453_94.png,0,0.8044610619544983,0.9824540019035339,0.9626255631446838
Brain,15,current_shared,good/img/01453_95.png,0,0.7993831038475037,0.9976902008056641,0.9923321604728699
Brain,15,current_shared,good/img/01453_96.png,0,0.5245633721351624,0.021362846717238426,0.009257770143449306
Brain,15,current_shared,good/img/01453_97.png,0,0.5140026211738586,4.0154074667952955e-05,2.3532573322881944e-05
Brain,15,current_shared,good/img/01453_98.png,0,0.5111372470855713,4.372297553345561e-06,2.7098722057417035e-06
Brain,15,current_shared,good/img/01453_99.png,0,0.5077672004699707,1.2285419870750047e-05,5.7871343415172305e-06
Brain,15,current_shared,good/img/01460_98.png,0,0.7916257381439209,0.9896127581596375,0.977721631526947
Brain,15,current_shared,good/img/01460_99.png,0,0.7892405986785889,0.993398904800415,0.9838668704032898
Brain,15,current_shared,good/img/01474_95.png,0,0.8010490536689758,0.9969342947006226,0.9914367198944092
Brain,15,current_shared,good/img/01474_96.png,0,0.8035002946853638,0.9966059923171997,0.9904577732086182
Brain,15,current_shared,good/img/01474_97.png,0,0.8050134181976318,0.9976898431777954,0.9926892518997192
Brain,15,current_shared,good/img/01474_98.png,0,0.8016554713249207,0.9948775172233582,0.9848185181617737
Brain,15,current_shared,good/img/01474_99.png,0,0.8012138605117798,0.9809957146644592,0.9502720832824707
Brain,15,current_shared,good/img/01487_95.png,0,0.8046149611473083,0.9761266708374023,0.9157775044441223
Brain,15,current_shared,good/img/01487_96.png,0,0.8017711639404297,0.5027911067008972,0.19042858481407166
Brain,15,current_shared,good/img/01487_97.png,0,0.7936089038848877,0.04381315037608147,0.027118125930428505
Brain,15,current_shared,good/img/01487_98.png,0,0.7993631958961487,0.4335715174674988,0.3130253851413727
Brain,15,current_shared,good/img/01487_99.png,0,0.6766079664230347,0.5210331678390503,0.36590293049812317
Brain,15,current_shared,good/img/01501_97.png,0,0.8073639869689941,0.7174776792526245,0.5415157079696655
Brain,15,current_shared,good/img/01501_98.png,0,0.77879399061203,0.004612667020410299,0.0012705507688224316
Brain,15,current_shared,good/img/01501_99.png,0,0.7782720327377319,0.53236323595047,0.33826392889022827
Brain,15,current_shared,good/img/01518_60.png,0,0.7779077887535095,0.9981038570404053,0.9965745806694031
Brain,15,current_shared,good/img/01518_61.png,0,0.8053189516067505,0.9952438473701477,0.9936327338218689
Brain,15,current_shared,good/img/01534_97.png,0,0.5669252872467041,0.0002162904420401901,9.392428182763979e-05
Brain,15,current_shared,good/img/01534_98.png,0,0.5053340196609497,0.00010865346121136099,6.179857155075297e-05
Brain,15,current_shared,good/img/01534_99.png,0,0.4973728656768799,3.7636909837601706e-05,2.30089935939759e-05
Brain,15,current_shared,good/img/01545_60.png,0,0.7254546880722046,0.9995960593223572,0.9994631409645081
Brain,15,current_shared,good/img/01545_61.png,0,0.7288804054260254,0.9994367957115173,0.9988968372344971
Brain,15,current_shared,good/img/01545_62.png,0,0.688713788986206,0.9972358345985413,0.9944267868995667
Brain,15,current_shared,good/img/01545_63.png,0,0.7077569961547852,0.9975132942199707,0.9954622983932495
Brain,15,current_shared,good/img/01545_64.png,0,0.8015477061271667,0.997728168964386,0.9934549927711487
Brain,15,current_shared,good/img/01550_96.png,0,0.5000499486923218,9.977097761293408e-07,7.183768957474967e-07
Brain,15,current_shared,good/img/01550_97.png,0,0.491136759519577,9.090222192753572e-07,6.693755381093069e-07
Brain,15,current_shared,good/img/01550_98.png,0,0.4927871823310852,4.474709385249298e-07,3.39168934715417e-07
Brain,15,current_shared,good/img/01550_99.png,0,0.4938977360725403,2.391707312199287e-07,2.012482553936934e-07
Brain,15,current_shared,good/img/01563_97.png,0,0.47665879130363464,3.4388395420137385e-07,2.0805372002996592e-07
Brain,15,current_shared,good/img/01563_98.png,0,0.4955791234970093,3.2034179184847744e-06,1.8525215637055226e-06
Brain,15,current_shared,good/img/01563_99.png,0,0.601020872592926,0.0008139624260365963,0.000252009165706113
Brain,15,current_shared,good/img/01577_98.png,0,0.5002686977386475,0.07166271656751633,0.029860643669962883
Brain,15,current_shared,good/img/01577_99.png,0,0.49559900164604187,0.02934693545103073,0.011807773262262344
Brain,15,current_shared,good/img/01579_96.png,0,0.7619297504425049,0.5504294633865356,0.4080238342285156
Brain,15,current_shared,good/img/01579_97.png,0,0.6871610283851624,0.6005684733390808,0.5279999375343323
Brain,15,current_shared,good/img/01579_98.png,0,0.7059701085090637,0.8575137853622437,0.7954794764518738
Brain,15,current_shared,good/img/01579_99.png,0,0.6388025283813477,0.4676833748817444,0.2953026294708252
Brain,15,current_shared,good/img/01586_60.png,0,0.7422059178352356,0.9994716048240662,0.9991548657417297
Brain,15,current_shared,good/img/01586_61.png,0,0.756135106086731,0.9995843768119812,0.9991520643234253
Brain,15,current_shared,good/img/01586_62.png,0,0.7410628199577332,0.9994503855705261,0.9988129734992981
Brain,15,current_shared,good/img/01586_63.png,0,0.7467698454856873,0.9979972243309021,0.9961580634117126
Brain,15,current_shared,good/img/01586_64.png,0,0.7502087354660034,0.9928382039070129,0.9890329837799072
Brain,15,current_shared,good/img/01586_65.png,0,0.7270511984825134,0.9933561086654663,0.9815097451210022
Brain,15,current_shared,good/img/01589_60.png,0,0.7876361012458801,0.9948685169219971,0.9893008470535278
Brain,15,current_shared,good/img/01589_61.png,0,0.7914849519729614,0.994036078453064,0.9920292496681213
Brain,15,current_shared,good/img/01589_62.png,0,0.7854559421539307,0.9956455826759338,0.9942345023155212
Brain,15,current_shared,good/img/01589_63.png,0,0.7763904333114624,0.9986642599105835,0.9981234669685364
Brain,15,current_shared,good/img/01589_64.png,0,0.7931168079376221,0.998301088809967,0.9974337816238403
Brain,15,current_shared,good/img/01589_65.png,0,0.7926791310310364,0.9917795062065125,0.9888101816177368
Brain,15,current_shared,good/img/01599_97.png,0,0.4989169239997864,1.0454397852299735e-05,5.031529326515738e-06
Brain,15,current_shared,good/img/01599_98.png,0,0.5184058547019958,0.0053046392276883125,0.002128607127815485
Brain,15,current_shared,good/img/01599_99.png,0,0.5171724557876587,0.0005588015774264932,0.0002847043506335467
Brain,15,current_shared,good/img/01604_60.png,0,0.7332302331924438,0.9983276724815369,0.9976896643638611
Brain,15,current_shared,good/img/01604_61.png,0,0.7745751142501831,0.998502254486084,0.9980710744857788
Brain,15,current_shared,good/img/01633_98.png,0,0.7943679094314575,0.3558315336704254,0.23389609158039093
Brain,15,current_shared,good/img/01633_99.png,0,0.7992396354675293,0.27342647314071655,0.14260371029376984
Brain,15,current_shared,good/img/01649_95.png,0,0.7416890263557434,0.9628280997276306,0.9519592523574829
Brain,15,current_shared,good/img/01649_96.png,0,0.48541373014450073,0.017008524388074875,0.010899030603468418
Brain,15,current_shared,good/img/01649_97.png,0,0.4619012475013733,0.00028604106046259403,0.00014624278992414474
Brain,15,current_shared,good/img/01649_98.png,0,0.46862003207206726,0.0005166257033124566,0.00024672099971212447
Brain,15,current_shared,good/img/01649_99.png,0,0.47116583585739136,0.00013720868446398526,8.397629426326603e-05
Brain,15,current_shared,good/img/01652_60.png,0,0.7945389747619629,0.9987632036209106,0.9981151223182678
Brain,15,current_shared,good/img/01652_61.png,0,0.7968807816505432,0.9989686012268066,0.9983199238777161
Brain,15,current_shared,good/img/01652_62.png,0,0.7939051985740662,0.9975972771644592,0.9969005584716797
Brain,15,current_shared,Ungood/img/00002_60.png,1,0.7403205037117004,0.9995927214622498,0.9994701743125916
Brain,15,current_shared,Ungood/img/00002_68.png,1,0.8089108467102051,0.9963499307632446,0.9942961931228638
Brain,15,current_shared,Ungood/img/00002_76.png,1,0.8091176152229309,0.9994932413101196,0.9991635084152222
Brain,15,current_shared,Ungood/img/00002_84.png,1,0.8068764805793762,0.9981362819671631,0.996232271194458
Brain,15,current_shared,Ungood/img/00002_92.png,1,0.8036959171295166,0.9975782036781311,0.9946243762969971
Brain,15,current_shared,Ungood/img/00006_60.png,1,0.8141552805900574,0.9990680813789368,0.9985511898994446
Brain,15,current_shared,Ungood/img/00006_68.png,1,0.8090276718139648,0.9975224137306213,0.9971789121627808
Brain,15,current_shared,Ungood/img/00006_76.png,1,0.811752438545227,0.9977231621742249,0.995840311050415
Brain,15,current_shared,Ungood/img/00006_84.png,1,0.8101891279220581,0.9969493746757507,0.9927976727485657
Brain,15,current_shared,Ungood/img/00006_92.png,1,0.8045037984848022,0.9884287714958191,0.9803082942962646
Brain,15,current_shared,Ungood/img/00009_60.png,1,0.8023881912231445,0.1417604386806488,0.03661952540278435
Brain,15,current_shared,Ungood/img/00009_68.png,1,0.7893867492675781,0.9924945831298828,0.9874911904335022
Brain,15,current_shared,Ungood/img/00009_76.png,1,0.5143107771873474,0.0004683499282691628,0.00024145882343873382
Brain,15,current_shared,Ungood/img/00009_84.png,1,0.7996891736984253,0.9654068350791931,0.729050874710083
Brain,15,current_shared,Ungood/img/00009_92.png,1,0.7936394810676575,0.4608291983604431,0.1613387018442154
Brain,15,current_shared,Ungood/img/00012_60.png,1,0.7981007099151611,0.9892638325691223,0.9854035973548889
Brain,15,current_shared,Ungood/img/00012_68.png,1,0.7939646244049072,0.997904896736145,0.9950476884841919
Brain,15,current_shared,Ungood/img/00012_76.png,1,0.813130259513855,0.9988853335380554,0.9965688586235046
Brain,15,current_shared,Ungood/img/00012_84.png,1,0.8128510117530823,0.9952775239944458,0.9922774434089661
Brain,15,current_shared,Ungood/img/00012_92.png,1,0.7947948575019836,0.9982459545135498,0.9951441287994385
Brain,15,current_shared,Ungood/img/00016_60.png,1,0.7714582681655884,0.9986976385116577,0.9978869557380676
Brain,15,current_shared,Ungood/img/00016_68.png,1,0.8059040904045105,0.9830899238586426,0.9505367875099182
Brain,15,current_shared,Ungood/img/00016_76.png,1,0.8062943816184998,0.9828445911407471,0.9546838998794556
Brain,15,current_shared,Ungood/img/00016_84.png,1,0.8024530410766602,0.9345551133155823,0.6429362297058105
Brain,15,current_shared,Ungood/img/00016_92.png,1,0.5758083462715149,0.028754960745573044,0.0075468383729457855
Brain,15,current_shared,Ungood/img/00017_60.png,1,0.7480610609054565,0.9968730807304382,0.9922801852226257
Brain,15,current_shared,Ungood/img/00017_68.png,1,0.8029358386993408,0.2793680727481842,0.16467250883579254
Brain,15,current_shared,Ungood/img/00017_76.png,1,0.7835140228271484,0.98954176902771,0.9779987931251526
Brain,15,current_shared,Ungood/img/00017_84.png,1,0.8156557083129883,0.9896634221076965,0.9794100522994995
Brain,15,current_shared,Ungood/img/00017_92.png,1,0.8098978996276855,0.9168334603309631,0.87374347448349
Brain,15,current_shared,Ungood/img/00019_60.png,1,0.8173550367355347,0.9912904500961304,0.9880385994911194
Brain,15,current_shared,Ungood/img/00019_68.png,1,0.8051877021789551,0.9953944683074951,0.99071204662323
Brain,15,current_shared,Ungood/img/00019_76.png,1,0.8190585970878601,0.30449411273002625,0.08621034771203995
Brain,15,current_shared,Ungood/img/00019_84.png,1,0.8153948783874512,0.3172247111797333,0.12667037546634674
Brain,15,current_shared,Ungood/img/00019_92.png,1,0.8067299723625183,0.25246480107307434,0.06416257470846176
Brain,15,current_shared,Ungood/img/00022_60.png,1,0.7183445692062378,0.9989345669746399,0.9986770749092102
Brain,15,current_shared,Ungood/img/00022_68.png,1,0.8175849318504333,0.9990159273147583,0.9979888200759888
Brain,15,current_shared,Ungood/img/00022_76.png,1,0.8144490718841553,0.9897215962409973,0.9759652614593506
Brain,15,current_shared,Ungood/img/00022_84.png,1,0.8092765808105469,0.9967674016952515,0.9924991130828857
Brain,15,current_shared,Ungood/img/00022_92.png,1,0.812313437461853,0.9938270449638367,0.9865419864654541
Brain,15,current_shared,Ungood/img/00030_60.png,1,0.8069984316825867,0.9525303244590759,0.819692850112915
Brain,15,current_shared,Ungood/img/00030_68.png,1,0.8082687854766846,0.996980607509613,0.9952490925788879
Brain,15,current_shared,Ungood/img/00030_76.png,1,0.8047813773155212,0.9890215992927551,0.9778041243553162
Brain,15,current_shared,Ungood/img/00030_84.png,1,0.8021209239959717,0.7021358609199524,0.32780346274375916
Brain,15,current_shared,Ungood/img/00030_92.png,1,0.802399218082428,0.9690619111061096,0.7854987978935242
Brain,15,current_shared,Ungood/img/00031_60.png,1,0.8193197846412659,0.9989902377128601,0.9983803629875183
Brain,15,current_shared,Ungood/img/00031_68.png,1,0.782185435295105,0.9948844313621521,0.9925564527511597
Brain,15,current_shared,Ungood/img/00031_76.png,1,0.5250788331031799,0.027595749124884605,0.014758726581931114
Brain,15,current_shared,Ungood/img/00031_84.png,1,0.7928633093833923,0.11880580335855484,0.07828285545110703
Brain,15,current_shared,Ungood/img/00031_92.png,1,0.8153249025344849,0.7200303673744202,0.5479902029037476
Brain,15,current_shared,Ungood/img/00032_60.png,1,0.8045427799224854,0.8326722979545593,0.7706279754638672
Brain,15,current_shared,Ungood/img/00032_68.png,1,0.7889012694358826,0.9790965914726257,0.9667202830314636
Brain,15,current_shared,Ungood/img/00032_76.png,1,0.801476240158081,0.14907293021678925,0.04525158926844597
Brain,15,current_shared,Ungood/img/00032_84.png,1,0.8046179413795471,0.9899123311042786,0.9767666459083557
Brain,15,current_shared,Ungood/img/00032_92.png,1,0.8049086928367615,0.934733510017395,0.8614282011985779
Brain,15,current_shared,Ungood/img/00036_60.png,1,0.812513530254364,0.9953765869140625,0.9934344291687012
Brain,15,current_shared,Ungood/img/00036_68.png,1,0.8182319402694702,0.9942867159843445,0.9914137125015259
Brain,15,current_shared,Ungood/img/00036_76.png,1,0.8120800852775574,0.9799312949180603,0.9686246514320374
Brain,15,current_shared,Ungood/img/00036_84.png,1,0.5678799748420715,0.36944136023521423,0.1997883915901184
Brain,15,current_shared,Ungood/img/00036_92.png,1,0.8109881281852722,0.16371667385101318,0.1271141767501831
Brain,15,current_shared,Ungood/img/00048_60.png,1,0.7949920296669006,0.9152317643165588,0.8348432183265686
Brain,15,current_shared,Ungood/img/00048_68.png,1,0.8106820583343506,0.9884225726127625,0.972970724105835
Brain,15,current_shared,Ungood/img/00048_76.png,1,0.8147614002227783,0.9665637016296387,0.8689070343971252
Brain,15,current_shared,Ungood/img/00048_84.png,1,0.8009006977081299,0.7820199728012085,0.44090142846107483
Brain,15,current_shared,Ungood/img/00048_92.png,1,0.8031962513923645,0.9457037448883057,0.6084234714508057
Brain,15,current_shared,Ungood/img/00051_60.png,1,0.6345812082290649,0.9912633895874023,0.984117865562439
Brain,15,current_shared,Ungood/img/00051_68.png,1,0.8126431703567505,0.9835460186004639,0.9678522944450378
Brain,15,current_shared,Ungood/img/00051_76.png,1,0.7446610331535339,0.639012336730957,0.4458969235420227
Brain,15,current_shared,Ungood/img/00051_84.png,1,0.7026854157447815,0.9804161190986633,0.9407766461372375
Brain,15,current_shared,Ungood/img/00051_92.png,1,0.5392599701881409,0.00560727110132575,0.0022311438806355
Brain,15,current_shared,Ungood/img/00052_60.png,1,0.8081798553466797,0.999882698059082,0.9997600317001343
Brain,15,current_shared,Ungood/img/00052_68.png,1,0.8054476380348206,0.9940675497055054,0.9897061586380005
Brain,15,current_shared,Ungood/img/00052_76.png,1,0.8135367631912231,0.9979707598686218,0.9973255395889282
Brain,15,current_shared,Ungood/img/00052_84.png,1,0.7991990447044373,0.9990193843841553,0.998636782169342
Brain,15,current_shared,Ungood/img/00052_92.png,1,0.8096986413002014,0.9868616461753845,0.9788967370986938
Brain,15,current_shared,Ungood/img/00053_60.png,1,0.7961747050285339,0.7912737727165222,0.2630215585231781
Brain,15,current_shared,Ungood/img/00053_68.png,1,0.8159894943237305,0.9844372272491455,0.9764236807823181
Brain,15,current_shared,Ungood/img/00053_76.png,1,0.8085164427757263,0.9936133027076721,0.9896414875984192
Brain,15,current_shared,Ungood/img/00053_84.png,1,0.8147764205932617,0.9192115664482117,0.8599217534065247
Brain,15,current_shared,Ungood/img/00053_92.png,1,0.808398425579071,0.9932008385658264,0.9851025342941284
Brain,15,current_shared,Ungood/img/00059_60.png,1,0.8111369013786316,0.9993458390235901,0.9988888502120972
Brain,15,current_shared,Ungood/img/00059_68.png,1,0.7723445296287537,0.9977400302886963,0.996049165725708
Brain,15,current_shared,Ungood/img/00059_76.png,1,0.7418035268783569,0.9977113008499146,0.9958994388580322
Brain,15,current_shared,Ungood/img/00059_84.png,1,0.7892758250236511,0.99930739402771,0.9990541934967041
Brain,15,current_shared,Ungood/img/00059_92.png,1,0.798181414604187,0.995539128780365,0.992820143699646
Brain,15,current_shared,Ungood/img/00060_60.png,1,0.8011119961738586,0.9960275888442993,0.993761420249939
Brain,15,current_shared,Ungood/img/00060_68.png,1,0.8016902804374695,0.9978899359703064,0.9964715838432312
Brain,15,current_shared,Ungood/img/00060_76.png,1,0.8172532916069031,0.9770212769508362,0.9665355682373047
Brain,15,current_shared,Ungood/img/00060_84.png,1,0.8191010355949402,0.9959595799446106,0.9932728409767151
Brain,15,current_shared,Ungood/img/00060_92.png,1,0.807734489440918,0.9920482039451599,0.9880099296569824
Brain,15,current_shared,Ungood/img/00062_60.png,1,0.8096510767936707,0.9996522665023804,0.9995245337486267
Brain,15,current_shared,Ungood/img/00062_68.png,1,0.8131751418113708,0.9913255572319031,0.9790191054344177
Brain,15,current_shared,Ungood/img/00062_76.png,1,0.802391529083252,0.9540275931358337,0.9187418222427368
Brain,15,current_shared,Ungood/img/00062_84.png,1,0.8036923408508301,0.9936287999153137,0.990564227104187
Brain,15,current_shared,Ungood/img/00062_92.png,1,0.8041710257530212,0.9979186654090881,0.9951126575469971
Brain,15,current_shared,Ungood/img/00064_60.png,1,0.7814956307411194,0.9963240623474121,0.9929017424583435
Brain,15,current_shared,Ungood/img/00064_68.png,1,0.8217059373855591,0.9982072114944458,0.9969494342803955
Brain,15,current_shared,Ungood/img/00064_76.png,1,0.8197042346000671,0.9988036155700684,0.9982467889785767
Brain,15,current_shared,Ungood/img/00064_84.png,1,0.8111152052879333,0.9975202679634094,0.9965643882751465
Brain,15,current_shared,Ungood/img/00064_92.png,1,0.8130969405174255,0.9840111136436462,0.9753991961479187
Brain,15,current_shared,Ungood/img/00068_60.png,1,0.7996935844421387,0.9979288578033447,0.9961119294166565
Brain,15,current_shared,Ungood/img/00068_68.png,1,0.8111246228218079,0.9979871511459351,0.9964660406112671
Brain,15,current_shared,Ungood/img/00068_76.png,1,0.8057940602302551,0.9980663657188416,0.9964314103126526
Brain,15,current_shared,Ungood/img/00068_84.png,1,0.788084089756012,0.9497857093811035,0.9008683562278748
Brain,15,current_shared,Ungood/img/00068_92.png,1,0.49422961473464966,0.0018268539570271969,0.001106594572775066
Brain,15,current_shared,Ungood/img/00071_60.png,1,0.8060553073883057,0.9990473389625549,0.9983950853347778
Brain,15,current_shared,Ungood/img/00071_68.png,1,0.8083295226097107,0.9984843134880066,0.9968262910842896
Brain,15,current_shared,Ungood/img/00071_76.png,1,0.8093395233154297,0.9825555086135864,0.9671165347099304
Brain,15,current_shared,Ungood/img/00071_84.png,1,0.556548535823822,0.0664827823638916,0.041059769690036774
Brain,15,current_shared,Ungood/img/00071_92.png,1,0.8116912245750427,0.4170084595680237,0.3069590926170349
Brain,15,current_shared,Ungood/img/00077_60.png,1,0.8081477880477905,0.791325569152832,0.7078660130500793
Brain,15,current_shared,Ungood/img/00077_68.png,1,0.5318803787231445,0.8508895635604858,0.6913958191871643
Brain,15,current_shared,Ungood/img/00077_76.png,1,0.5118403434753418,0.005787271074950695,0.0032623494043946266
Brain,15,current_shared,Ungood/img/00077_84.png,1,0.8113576173782349,0.9987416863441467,0.9979531168937683
Brain,15,current_shared,Ungood/img/00077_92.png,1,0.8089193105697632,0.9985985159873962,0.9975293278694153
Brain,15,current_shared,Ungood/img/00081_60.png,1,0.816428542137146,0.9986869692802429,0.99798983335495
Brain,15,current_shared,Ungood/img/00081_68.png,1,0.8162873387336731,0.9941983222961426,0.992035984992981
Brain,15,current_shared,Ungood/img/00081_76.png,1,0.8137378692626953,0.9993606209754944,0.9984402656555176
Brain,15,current_shared,Ungood/img/00081_84.png,1,0.8152981400489807,0.9943360686302185,0.9896697998046875
Brain,15,current_shared,Ungood/img/00081_92.png,1,0.8125889301300049,0.9501529932022095,0.8633884191513062
Brain,15,current_shared,Ungood/img/00084_60.png,1,0.8015594482421875,0.7511647343635559,0.418354332447052
Brain,15,current_shared,Ungood/img/00084_68.png,1,0.797182023525238,0.9963059425354004,0.9946261048316956
Brain,15,current_shared,Ungood/img/00084_76.png,1,0.8052247762680054,0.8389917612075806,0.7135103344917297
Brain,15,current_shared,Ungood/img/00084_84.png,1,0.8024827837944031,0.40358227491378784,0.14837579429149628
Brain,15,current_shared,Ungood/img/00084_92.png,1,0.8030374646186829,0.9797249436378479,0.9336068630218506
Brain,15,current_shared,Ungood/img/00087_60.png,1,0.8001911640167236,0.9996306896209717,0.9988641738891602
Brain,15,current_shared,Ungood/img/00087_68.png,1,0.810452401638031,0.999380350112915,0.9986720681190491
Brain,15,current_shared,Ungood/img/00087_76.png,1,0.7324169874191284,0.5452976822853088,0.3188212215900421
Brain,15,current_shared,Ungood/img/00087_84.png,1,0.8085442185401917,0.9802833199501038,0.9551500082015991
Brain,15,current_shared,Ungood/img/00087_92.png,1,0.8098076581954956,0.12949015200138092,0.032858509570360184
Brain,15,current_shared,Ungood/img/00088_60.png,1,0.5389313101768494,0.5715371370315552,0.4306406080722809
Brain,15,current_shared,Ungood/img/00088_68.png,1,0.8062387704849243,0.9908368587493896,0.9882723689079285
Brain,15,current_shared,Ungood/img/00088_76.png,1,0.8151419758796692,0.9914714694023132,0.9894483089447021
Brain,15,current_shared,Ungood/img/00088_84.png,1,0.8050733804702759,0.9946664571762085,0.9913673996925354
Brain,15,current_shared,Ungood/img/00088_92.png,1,0.805789589881897,0.9604730010032654,0.9156940579414368
Brain,15,current_shared,Ungood/img/00095_60.png,1,0.7868556380271912,0.9992998838424683,0.9991361498832703
Brain,15,current_shared,Ungood/img/00095_68.png,1,0.7922086119651794,0.9991171956062317,0.9984242916107178
Brain,15,current_shared,Ungood/img/00095_76.png,1,0.7837714552879333,0.9971154928207397,0.9953444004058838
Brain,15,current_shared,Ungood/img/00095_84.png,1,0.806040346622467,0.9906941056251526,0.9842103719711304
Brain,15,current_shared,Ungood/img/00095_92.png,1,0.7995531558990479,0.9948180317878723,0.9898529052734375
Brain,15,current_shared,Ungood/img/00096_60.png,1,0.7785239219665527,0.9987890124320984,0.9978203773498535
Brain,15,current_shared,Ungood/img/00096_68.png,1,0.8025784492492676,0.9632678031921387,0.9236181974411011
Brain,15,current_shared,Ungood/img/00096_76.png,1,0.8086246848106384,0.9851660132408142,0.9663824439048767
Brain,15,current_shared,Ungood/img/00096_84.png,1,0.8091703057289124,0.9530424475669861,0.8976010084152222
Brain,15,current_shared,Ungood/img/00096_92.png,1,0.8155383467674255,0.8153931498527527,0.5750595331192017
Brain,15,current_shared,Ungood/img/00099_60.png,1,0.8075120449066162,0.9716606736183167,0.9506445527076721
Brain,15,current_shared,Ungood/img/00099_68.png,1,0.8015036582946777,0.8334569334983826,0.6145452857017517
Brain,15,current_shared,Ungood/img/00099_76.png,1,0.8097163438796997,0.9643223285675049,0.9236243963241577
Brain,15,current_shared,Ungood/img/00099_84.png,1,0.8087703585624695,0.9955750703811646,0.9863858222961426
Brain,15,current_shared,Ungood/img/00099_92.png,1,0.80829918384552,0.8847444653511047,0.700387179851532
Brain,15,current_shared,Ungood/img/00103_60.png,1,0.8076199889183044,0.9998268485069275,0.9997254610061646
Brain,15,current_shared,Ungood/img/00103_68.png,1,0.7981158494949341,0.9996017813682556,0.9993078112602234
Brain,15,current_shared,Ungood/img/00103_76.png,1,0.8060915470123291,0.9991723299026489,0.998818039894104
Brain,15,current_shared,Ungood/img/00103_84.png,1,0.8144444823265076,0.9992703795433044,0.9985978603363037
Brain,15,current_shared,Ungood/img/00103_92.png,1,0.8173223733901978,0.9802556037902832,0.9663958549499512
Brain,15,current_shared,Ungood/img/00105_60.png,1,0.8059127330780029,0.9992011189460754,0.9990130662918091
Brain,15,current_shared,Ungood/img/00105_68.png,1,0.8173884749412537,0.9996768236160278,0.9995445013046265
Brain,15,current_shared,Ungood/img/00105_76.png,1,0.8163841366767883,0.9995225667953491,0.9985029697418213
Brain,15,current_shared,Ungood/img/00105_84.png,1,0.8172605037689209,0.9986590147018433,0.997894823551178
Brain,15,current_shared,Ungood/img/00105_92.png,1,0.8155022859573364,0.9993354678153992,0.9989397525787354
Brain,15,current_shared,Ungood/img/00106_60.png,1,0.819833517074585,0.9989211559295654,0.9983183145523071
Brain,15,current_shared,Ungood/img/00106_68.png,1,0.8141646385192871,0.9953057169914246,0.9929835796356201
Brain,15,current_shared,Ungood/img/00106_76.png,1,0.8088759183883667,0.9979082345962524,0.9964072108268738
Brain,15,current_shared,Ungood/img/00106_84.png,1,0.8126094341278076,0.9979608058929443,0.997377872467041
Brain,15,current_shared,Ungood/img/00106_92.png,1,0.8103373050689697,0.998082160949707,0.9976148009300232
Brain,15,current_shared,Ungood/img/00107_60.png,1,0.8017259240150452,0.9993177652359009,0.99722820520401
Brain,15,current_shared,Ungood/img/00107_68.png,1,0.8102182149887085,0.9993118047714233,0.9988111257553101
Brain,15,current_shared,Ungood/img/00107_76.png,1,0.8148102760314941,0.9989093542098999,0.9973746538162231
Brain,15,current_shared,Ungood/img/00107_84.png,1,0.8111140727996826,0.9981778860092163,0.9973230361938477
Brain,15,current_shared,Ungood/img/00107_92.png,1,0.7962635159492493,0.9684886336326599,0.9543140530586243
Brain,15,current_shared,Ungood/img/00109_60.png,1,0.8183798789978027,0.9997878670692444,0.9997216463088989
Brain,15,current_shared,Ungood/img/00109_68.png,1,0.790946364402771,0.99813312292099,0.9966038465499878
Brain,15,current_shared,Ungood/img/00109_76.png,1,0.8150500655174255,0.9984839558601379,0.9981825351715088
Brain,15,current_shared,Ungood/img/00109_84.png,1,0.8068367838859558,0.998863697052002,0.9932555556297302
Brain,15,current_shared,Ungood/img/00109_92.png,1,0.813177227973938,0.9907062649726868,0.9860215783119202
Brain,15,current_shared,Ungood/img/00111_60.png,1,0.7947401404380798,0.9996329545974731,0.9993929266929626
Brain,15,current_shared,Ungood/img/00111_68.png,1,0.8140191435813904,0.9981544613838196,0.9965181946754456
Brain,15,current_shared,Ungood/img/00111_76.png,1,0.8097733855247498,0.9910723567008972,0.9766907691955566
Brain,15,current_shared,Ungood/img/00111_84.png,1,0.8139374852180481,0.9961596727371216,0.9934800863265991
Brain,15,current_shared,Ungood/img/00111_92.png,1,0.8124319911003113,0.9339127540588379,0.900840163230896
Brain,15,current_shared,Ungood/img/00112_60.png,1,0.8201536536216736,0.9902011752128601,0.9806099534034729
Brain,15,current_shared,Ungood/img/00112_68.png,1,0.8144148588180542,0.9946063160896301,0.9887550473213196
Brain,15,current_shared,Ungood/img/00112_76.png,1,0.8111572861671448,0.9862685799598694,0.9584333300590515
Brain,15,current_shared,Ungood/img/00112_84.png,1,0.8129218220710754,0.9926593899726868,0.9886581301689148
Brain,15,current_shared,Ungood/img/00112_92.png,1,0.5066425800323486,0.00011557783727766946,5.9643047279678285e-05
Brain,15,current_shared,Ungood/img/00115_60.png,1,0.805867612361908,0.999627947807312,0.9995313882827759
Brain,15,current_shared,Ungood/img/00115_68.png,1,0.7745113968849182,0.999255359172821,0.9990780353546143
Brain,15,current_shared,Ungood/img/00115_76.png,1,0.8070570826530457,0.998801589012146,0.9982908368110657
Brain,15,current_shared,Ungood/img/00115_84.png,1,0.8151925206184387,0.9904340505599976,0.9814731478691101
Brain,15,current_shared,Ungood/img/00115_92.png,1,0.8118687868118286,0.9876341819763184,0.9784947037696838
Brain,15,current_shared,Ungood/img/00116_60.png,1,0.8186638951301575,0.9985326528549194,0.9941242337226868
Brain,15,current_shared,Ungood/img/00116_68.png,1,0.8168343901634216,0.9920632243156433,0.9688366055488586
Brain,15,current_shared,Ungood/img/00116_76.png,1,0.8228076696395874,0.9797511696815491,0.9215827584266663
Brain,15,current_shared,Ungood/img/00116_84.png,1,0.8237342238426208,0.9336835741996765,0.8069369792938232
Brain,15,current_shared,Ungood/img/00116_92.png,1,0.8098987340927124,0.994918167591095,0.9813346862792969
Brain,15,current_shared,Ungood/img/00117_60.png,1,0.749525785446167,0.9991926550865173,0.9987993836402893
Brain,15,current_shared,Ungood/img/00117_68.png,1,0.7945113182067871,0.9987088441848755,0.9976579546928406
Brain,15,current_shared,Ungood/img/00117_76.png,1,0.681547999382019,0.9608879089355469,0.9027224183082581
Brain,15,current_shared,Ungood/img/00117_84.png,1,0.8126618266105652,0.9991494417190552,0.9980567097663879
Brain,15,current_shared,Ungood/img/00117_92.png,1,0.8119342923164368,0.9952294826507568,0.9899604320526123
Brain,15,current_shared,Ungood/img/00121_60.png,1,0.7798516154289246,0.9996004700660706,0.9992469549179077
Brain,15,current_shared,Ungood/img/00121_68.png,1,0.5305275917053223,0.25954943895339966,0.1758131980895996
Brain,15,current_shared,Ungood/img/00121_76.png,1,0.7988855242729187,0.9958308339118958,0.9912069439888
Brain,15,current_shared,Ungood/img/00121_84.png,1,0.7918739914894104,0.8167816996574402,0.7402506470680237
Brain,15,current_shared,Ungood/img/00121_92.png,1,0.5285425186157227,0.0011237094877287745,0.0007842894410714507
Brain,15,current_shared,Ungood/img/00123_60.png,1,0.7797513008117676,0.9998006224632263,0.9996652603149414
Brain,15,current_shared,Ungood/img/00123_68.png,1,0.8165489435195923,0.9986163377761841,0.996861457824707
Brain,15,current_shared,Ungood/img/00123_76.png,1,0.771558940410614,0.9802347421646118,0.9605818390846252
Brain,15,current_shared,Ungood/img/00123_84.png,1,0.8148781061172485,0.994125485420227,0.9861345887184143
Brain,15,current_shared,Ungood/img/00123_92.png,1,0.776808500289917,0.9940974712371826,0.9915411472320557
Brain,15,current_shared,Ungood/img/00124_60.png,1,0.802731454372406,0.9989782571792603,0.9986855387687683
Brain,15,current_shared,Ungood/img/00124_68.png,1,0.788881778717041,0.9564713835716248,0.8644948601722717
Brain,15,current_shared,Ungood/img/00124_76.png,1,0.815264105796814,0.9519977569580078,0.867314875125885
Brain,15,current_shared,Ungood/img/00124_84.png,1,0.806175708770752,0.9904789328575134,0.9483955502510071
Brain,15,current_shared,Ungood/img/00124_92.png,1,0.8151906728744507,0.9778771996498108,0.936772882938385
Brain,15,current_shared,Ungood/img/00126_60.png,1,0.7933973670005798,0.9998881816864014,0.9998305439949036
Brain,15,current_shared,Ungood/img/00126_68.png,1,0.8012390732765198,0.9990571141242981,0.9985560774803162
Brain,15,current_shared,Ungood/img/00126_76.png,1,0.8074048757553101,0.9927701354026794,0.9806061387062073
Brain,15,current_shared,Ungood/img/00126_84.png,1,0.7995448112487793,0.9911020994186401,0.985393226146698
Brain,15,current_shared,Ungood/img/00126_92.png,1,0.7991721630096436,0.994648277759552,0.9871910810470581
Brain,15,current_shared,Ungood/img/00128_60.png,1,0.8107101321220398,0.9997079968452454,0.9996237754821777
Brain,15,current_shared,Ungood/img/00128_68.png,1,0.7928198575973511,0.9992396831512451,0.9987097382545471
Brain,15,current_shared,Ungood/img/00128_76.png,1,0.7743149995803833,0.9973913431167603,0.9955833554267883
Brain,15,current_shared,Ungood/img/00128_84.png,1,0.7528700232505798,0.9945865869522095,0.9914327263832092
Brain,15,current_shared,Ungood/img/00128_92.png,1,0.8008018732070923,0.9847930669784546,0.9811500310897827
Brain,15,current_shared,Ungood/img/00130_60.png,1,0.8119529485702515,0.9947920441627502,0.9869896173477173
Brain,15,current_shared,Ungood/img/00130_68.png,1,0.8168784379959106,0.9974163770675659,0.9905713200569153
Brain,15,current_shared,Ungood/img/00130_76.png,1,0.7950708270072937,0.9990703463554382,0.9965991377830505
Brain,15,current_shared,Ungood/img/00130_84.png,1,0.8124086260795593,0.9905705451965332,0.9695418477058411
Brain,15,current_shared,Ungood/img/00130_92.png,1,0.8041780591011047,0.9914172291755676,0.9887036085128784
Brain,15,current_shared,Ungood/img/00131_60.png,1,0.8150572180747986,0.9627954959869385,0.8995614051818848
Brain,15,current_shared,Ungood/img/00131_68.png,1,0.8091551065444946,0.9526709914207458,0.9177890419960022
Brain,15,current_shared,Ungood/img/00131_76.png,1,0.8163448572158813,0.9576206803321838,0.920007050037384
Brain,15,current_shared,Ungood/img/00131_84.png,1,0.8191159963607788,0.9986613988876343,0.9917750954627991
Brain,15,current_shared,Ungood/img/00131_92.png,1,0.8012357354164124,0.9728602170944214,0.9070992469787598
Brain,15,current_shared,Ungood/img/00132_60.png,1,0.7691618204116821,0.9999059438705444,0.999844491481781
Brain,15,current_shared,Ungood/img/00132_68.png,1,0.7952747941017151,0.9980944991111755,0.9972651600837708
Brain,15,current_shared,Ungood/img/00132_76.png,1,0.7837566137313843,0.9928281903266907,0.9902454614639282
Brain,15,current_shared,Ungood/img/00132_84.png,1,0.7656884789466858,0.9981051683425903,0.9945133924484253
Brain,15,current_shared,Ungood/img/00132_92.png,1,0.7966121435165405,0.9981665015220642,0.996425211429596
Brain,15,current_shared,Ungood/img/00133_60.png,1,0.7859421968460083,0.9997528195381165,0.9996414184570312
Brain,15,current_shared,Ungood/img/00133_68.png,1,0.8036605715751648,0.9995725750923157,0.9994550347328186
Brain,15,current_shared,Ungood/img/00133_76.png,1,0.803626298904419,0.9988604784011841,0.9983366131782532
Brain,15,current_shared,Ungood/img/00133_84.png,1,0.8090890645980835,0.9991645812988281,0.9981128573417664
Brain,15,current_shared,Ungood/img/00133_92.png,1,0.8132902979850769,0.7917157411575317,0.7109120488166809
Brain,15,current_shared,Ungood/img/00134_60.png,1,0.8122193813323975,0.9977428913116455,0.9964360594749451
Brain,15,current_shared,Ungood/img/00134_68.png,1,0.7886842489242554,0.9983372688293457,0.9970123767852783
Brain,15,current_shared,Ungood/img/00134_76.png,1,0.7876343131065369,0.9986762404441833,0.997786283493042
Brain,15,current_shared,Ungood/img/00134_84.png,1,0.8095378875732422,0.9984219074249268,0.997671365737915
Brain,15,current_shared,Ungood/img/00134_92.png,1,0.8050665259361267,0.9949748516082764,0.9902742505073547
Brain,15,current_shared,Ungood/img/00137_60.png,1,0.733633279800415,0.9991700649261475,0.998245894908905
Brain,15,current_shared,Ungood/img/00137_68.png,1,0.7533856630325317,0.9955170750617981,0.9944984912872314
Brain,15,current_shared,Ungood/img/00137_76.png,1,0.8156660199165344,0.9685901999473572,0.9406485557556152
Brain,15,current_shared,Ungood/img/00137_84.png,1,0.7907529473304749,0.7520590424537659,0.6947683095932007
Brain,15,current_shared,Ungood/img/00137_92.png,1,0.8048804998397827,0.8728622794151306,0.8152759671211243
Brain,15,current_shared,Ungood/img/00138_60.png,1,0.7467654943466187,0.9996155500411987,0.9992386698722839
Brain,15,current_shared,Ungood/img/00138_68.png,1,0.8108073472976685,0.9813830256462097,0.9722383618354797
Brain,15,current_shared,Ungood/img/00138_76.png,1,0.804329514503479,0.9985608458518982,0.9966915845870972
Brain,15,current_shared,Ungood/img/00138_84.png,1,0.7957992553710938,0.9983094930648804,0.9977990388870239
Brain,15,current_shared,Ungood/img/00138_92.png,1,0.7855449318885803,0.9818892478942871,0.9718649983406067
Brain,15,current_shared,Ungood/img/00142_60.png,1,0.8135259747505188,0.9992530941963196,0.9988000392913818
Brain,15,current_shared,Ungood/img/00142_68.png,1,0.8194517493247986,0.997204601764679,0.9957379102706909
Brain,15,current_shared,Ungood/img/00142_76.png,1,0.8092073798179626,0.9254624247550964,0.8859095573425293
Brain,15,current_shared,Ungood/img/00142_84.png,1,0.8126952052116394,0.9981847405433655,0.9954768419265747
Brain,15,current_shared,Ungood/img/00142_92.png,1,0.8165605068206787,0.9854519963264465,0.9007325768470764
Brain,15,current_shared,Ungood/img/00143_60.png,1,0.8134129047393799,0.9993177652359009,0.9991081953048706
Brain,15,current_shared,Ungood/img/00143_68.png,1,0.6929128170013428,0.9936984777450562,0.9904026389122009
Brain,15,current_shared,Ungood/img/00143_76.png,1,0.7501595616340637,0.994312047958374,0.9895467162132263
Brain,15,current_shared,Ungood/img/00143_84.png,1,0.7976316213607788,0.9972042441368103,0.9958290457725525
Brain,15,current_shared,Ungood/img/00143_92.png,1,0.5060928463935852,0.006424789782613516,0.004136817529797554
Brain,15,current_shared,Ungood/img/00147_60.png,1,0.8135699033737183,0.9765264391899109,0.958335816860199
Brain,15,current_shared,Ungood/img/00147_68.png,1,0.8180714249610901,0.9713664650917053,0.9496456384658813
Brain,15,current_shared,Ungood/img/00147_76.png,1,0.8205159306526184,0.9916262626647949,0.9860067367553711
Brain,15,current_shared,Ungood/img/00147_84.png,1,0.8189419507980347,0.9849503040313721,0.965450644493103
Brain,15,current_shared,Ungood/img/00147_92.png,1,0.8156677484512329,0.9926803708076477,0.9816785454750061
Brain,15,current_shared,Ungood/img/00150_60.png,1,0.8019732236862183,0.9994106292724609,0.9990360140800476
Brain,15,current_shared,Ungood/img/00150_68.png,1,0.7579069137573242,0.9981901049613953,0.9977020621299744
Brain,15,current_shared,Ungood/img/00150_76.png,1,0.8130238056182861,0.9989614486694336,0.9985697269439697
Brain,15,current_shared,Ungood/img/00150_84.png,1,0.8157466053962708,0.9993322491645813,0.999067485332489
Brain,15,current_shared,Ungood/img/00150_92.png,1,0.8103140592575073,0.9982037544250488,0.9978143572807312
Brain,15,current_shared,Ungood/img/00151_60.png,1,0.8137076497077942,0.9995173215866089,0.9992177486419678
Brain,15,current_shared,Ungood/img/00151_68.png,1,0.7912648916244507,0.9982821941375732,0.9967395663261414
Brain,15,current_shared,Ungood/img/00151_76.png,1,0.8066698908805847,0.9987230896949768,0.9977937340736389
Brain,15,current_shared,Ungood/img/00151_84.png,1,0.8108904957771301,0.9983586668968201,0.9937331080436707
Brain,15,current_shared,Ungood/img/00151_92.png,1,0.8175560235977173,0.9992676377296448,0.9983755946159363
Brain,15,current_shared,Ungood/img/00154_60.png,1,0.7845395803451538,0.9992221593856812,0.999022901058197
Brain,15,current_shared,Ungood/img/00154_68.png,1,0.8107753992080688,0.9952848553657532,0.9938388466835022
Brain,15,current_shared,Ungood/img/00154_76.png,1,0.8157498836517334,0.9930214285850525,0.9862530827522278
Brain,15,current_shared,Ungood/img/00154_84.png,1,0.8110756278038025,0.9777061343193054,0.9678669571876526
Brain,15,current_shared,Ungood/img/00154_92.png,1,0.8071656823158264,0.9466495513916016,0.9228617548942566
Brain,15,current_shared,Ungood/img/00156_60.png,1,0.8174275159835815,0.9982376098632812,0.9975842237472534
Brain,15,current_shared,Ungood/img/00156_68.png,1,0.8142436146736145,0.9956051707267761,0.9925329685211182
Brain,15,current_shared,Ungood/img/00156_76.png,1,0.81131911277771,0.9984652996063232,0.9925218820571899
Brain,15,current_shared,Ungood/img/00156_84.png,1,0.8181991577148438,0.997590184211731,0.9955978989601135
Brain,15,current_shared,Ungood/img/00156_92.png,1,0.8153936266899109,0.9975404739379883,0.9943996667861938
Brain,15,current_shared,Ungood/img/00158_60.png,1,0.7641712427139282,0.9992234706878662,0.9988124370574951
Brain,15,current_shared,Ungood/img/00158_68.png,1,0.7313608527183533,0.9997475743293762,0.9993076920509338
Brain,15,current_shared,Ungood/img/00158_76.png,1,0.8033679723739624,0.9995446801185608,0.9990409016609192
Brain,15,current_shared,Ungood/img/00158_84.png,1,0.7836063504219055,0.9985557198524475,0.9961810111999512
Brain,15,current_shared,Ungood/img/00158_92.png,1,0.7837470173835754,0.9982455968856812,0.9974153637886047
Brain,15,current_shared,Ungood/img/00159_60.png,1,0.7168394327163696,0.8575314283370972,0.7339610457420349
Brain,15,current_shared,Ungood/img/00159_68.png,1,0.8184255957603455,0.9602027535438538,0.8328632712364197
Brain,15,current_shared,Ungood/img/00159_76.png,1,0.8123054504394531,0.981019914150238,0.9671580195426941
Brain,15,current_shared,Ungood/img/00159_84.png,1,0.8107868432998657,0.9830943942070007,0.963873565196991
Brain,15,current_shared,Ungood/img/00159_92.png,1,0.815650224685669,0.997232973575592,0.9944061636924744
Brain,15,current_shared,Ungood/img/00160_60.png,1,0.7765368819236755,0.9992398023605347,0.9988802671432495
Brain,15,current_shared,Ungood/img/00160_68.png,1,0.7534099221229553,0.9992699027061462,0.9985510110855103
Brain,15,current_shared,Ungood/img/00160_76.png,1,0.8059812784194946,0.997894823551178,0.9969670176506042
Brain,15,current_shared,Ungood/img/00160_84.png,1,0.8136056661605835,0.9924547672271729,0.9872679710388184
Brain,15,current_shared,Ungood/img/00160_92.png,1,0.8185550570487976,0.9775161743164062,0.957863986492157
Brain,15,current_shared,Ungood/img/00167_60.png,1,0.7924455404281616,0.9998012185096741,0.9995779395103455
Brain,15,current_shared,Ungood/img/00167_68.png,1,0.8073588013648987,0.9923080205917358,0.9888452291488647
Brain,15,current_shared,Ungood/img/00167_76.png,1,0.8012761473655701,0.999263346195221,0.9988929033279419
Brain,15,current_shared,Ungood/img/00167_84.png,1,0.8077576160430908,0.9988117218017578,0.9976273775100708
Brain,15,current_shared,Ungood/img/00167_92.png,1,0.8124248385429382,0.9926332831382751,0.9863930940628052
Brain,15,current_shared,Ungood/img/00176_60.png,1,0.8171213865280151,0.9981557726860046,0.9966686367988586
Brain,15,current_shared,Ungood/img/00176_68.png,1,0.8162795901298523,0.9992244243621826,0.9980756044387817
Brain,15,current_shared,Ungood/img/00176_76.png,1,0.8130754828453064,0.997983455657959,0.9967148303985596
Brain,15,current_shared,Ungood/img/00176_84.png,1,0.8110291957855225,0.9984403252601624,0.9978853464126587
Brain,15,current_shared,Ungood/img/00176_92.png,1,0.8008727431297302,0.9970563650131226,0.9959395527839661
Brain,15,current_shared,Ungood/img/00178_60.png,1,0.7845574021339417,0.9985412359237671,0.9981552362442017
Brain,15,current_shared,Ungood/img/00178_68.png,1,0.7975640296936035,0.9988092184066772,0.9974550604820251
Brain,15,current_shared,Ungood/img/00178_76.png,1,0.8172227144241333,0.9986442923545837,0.9962201714515686
Brain,15,current_shared,Ungood/img/00178_84.png,1,0.8206867575645447,0.999046266078949,0.9985843896865845
Brain,15,current_shared,Ungood/img/00178_92.png,1,0.8181182146072388,0.9988664388656616,0.9982788562774658
Brain,15,current_shared,Ungood/img/00183_60.png,1,0.8096843957901001,0.9966540336608887,0.9952534437179565
Brain,15,current_shared,Ungood/img/00183_68.png,1,0.7924491167068481,0.9997879862785339,0.9996045231819153
Brain,15,current_shared,Ungood/img/00183_76.png,1,0.8138741254806519,0.9994410872459412,0.9992188215255737
Brain,15,current_shared,Ungood/img/00183_84.png,1,0.8173248767852783,0.9998921155929565,0.999819815158844
Brain,15,current_shared,Ungood/img/00183_92.png,1,0.8220736980438232,0.9985546469688416,0.9967948794364929
Brain,15,current_shared,Ungood/img/00184_60.png,1,0.7932483553886414,0.9915866851806641,0.9829773902893066
Brain,15,current_shared,Ungood/img/00184_68.png,1,0.8045920729637146,0.99379962682724,0.988569974899292
Brain,15,current_shared,Ungood/img/00184_76.png,1,0.8068332076072693,0.9928426742553711,0.9847872257232666
Brain,15,current_shared,Ungood/img/00184_84.png,1,0.8148024678230286,0.9952587485313416,0.9900092482566833
Brain,15,current_shared,Ungood/img/00184_92.png,1,0.8104339241981506,0.9359421730041504,0.897254467010498
Brain,15,current_shared,Ungood/img/00185_60.png,1,0.7856728434562683,0.9989878535270691,0.9981672167778015
Brain,15,current_shared,Ungood/img/00185_68.png,1,0.7972303032875061,0.9906513690948486,0.9868307113647461
Brain,15,current_shared,Ungood/img/00185_76.png,1,0.8119984269142151,0.9955940842628479,0.9916463494300842
Brain,15,current_shared,Ungood/img/00185_84.png,1,0.788125216960907,0.7463809847831726,0.6718658208847046
Brain,15,current_shared,Ungood/img/00185_92.png,1,0.7002013325691223,0.9802815914154053,0.9508722424507141
Brain,15,current_shared,Ungood/img/00187_60.png,1,0.812576413154602,0.9987471103668213,0.9974444508552551
Brain,15,current_shared,Ungood/img/00187_68.png,1,0.810421884059906,0.9697425961494446,0.9304975271224976
Brain,15,current_shared,Ungood/img/00187_76.png,1,0.8070100545883179,0.986621618270874,0.9221784472465515
Brain,15,current_shared,Ungood/img/00187_84.png,1,0.8010361790657043,0.9788724780082703,0.9552772641181946
Brain,15,current_shared,Ungood/img/00187_92.png,1,0.7985603213310242,0.9993045330047607,0.9969537854194641
Brain,15,current_shared,Ungood/img/00191_60.png,1,0.8256989121437073,0.9995492100715637,0.9979462623596191
Brain,15,current_shared,Ungood/img/00191_68.png,1,0.822155773639679,0.9933204650878906,0.9843488335609436
Brain,15,current_shared,Ungood/img/00191_76.png,1,0.8174802660942078,0.9868742823600769,0.9767827391624451
Brain,15,current_shared,Ungood/img/00191_84.png,1,0.8206079602241516,0.9434241652488708,0.9188137054443359
Brain,15,current_shared,Ungood/img/00191_92.png,1,0.8142295479774475,0.739740252494812,0.5415022969245911
Brain,15,current_shared,Ungood/img/00201_60.png,1,0.8155373930931091,0.9983932375907898,0.9972115159034729
Brain,15,current_shared,Ungood/img/00201_68.png,1,0.8051523566246033,0.9764165878295898,0.9218642115592957
Brain,15,current_shared,Ungood/img/00201_76.png,1,0.8205260634422302,0.994090735912323,0.9856711030006409
Brain,15,current_shared,Ungood/img/00201_84.png,1,0.8213385939598083,0.9987679123878479,0.9971505403518677
Brain,15,current_shared,Ungood/img/00201_92.png,1,0.8206337094306946,0.9788364768028259,0.9628878831863403
Brain,15,current_shared,Ungood/img/00203_60.png,1,0.8134686350822449,0.9986599683761597,0.9967943429946899
Brain,15,current_shared,Ungood/img/00203_68.png,1,0.7887704968452454,0.9974812865257263,0.9947860836982727
Brain,15,current_shared,Ungood/img/00203_76.png,1,0.8096557259559631,0.9998235106468201,0.999559760093689
Brain,15,current_shared,Ungood/img/00203_84.png,1,0.8154672384262085,0.9979959726333618,0.9974114894866943
Brain,15,current_shared,Ungood/img/00203_92.png,1,0.8190560340881348,0.9996665716171265,0.9994270205497742
Brain,15,current_shared,Ungood/img/00211_60.png,1,0.803740382194519,0.9995248317718506,0.999392032623291
Brain,15,current_shared,Ungood/img/00211_68.png,1,0.8062121868133545,0.9994214773178101,0.9988824725151062
Brain,15,current_shared,Ungood/img/00211_76.png,1,0.8182972073554993,0.9991908669471741,0.9987094402313232
Brain,15,current_shared,Ungood/img/00211_84.png,1,0.81766676902771,0.9929218888282776,0.9905438423156738
Brain,15,current_shared,Ungood/img/00211_92.png,1,0.8154919743537903,0.9987226128578186,0.9973137378692627
Brain,15,current_shared,Ungood/img/00212_60.png,1,0.7949969172477722,0.9995125532150269,0.9993650913238525
Brain,15,current_shared,Ungood/img/00212_68.png,1,0.8018612861633301,0.9928303360939026,0.9814504384994507
Brain,15,current_shared,Ungood/img/00212_76.png,1,0.8114187121391296,0.985080897808075,0.9811517596244812
Brain,15,current_shared,Ungood/img/00212_84.png,1,0.8070391416549683,0.9947870969772339,0.9876259565353394
Brain,15,current_shared,Ungood/img/00212_92.png,1,0.8091708421707153,0.9992914199829102,0.9974477887153625
Brain,15,current_shared,Ungood/img/00214_60.png,1,0.8092952370643616,0.9457353353500366,0.905960202217102
Brain,15,current_shared,Ungood/img/00214_68.png,1,0.8223469853401184,0.9336194396018982,0.9017612338066101
Brain,15,current_shared,Ungood/img/00214_76.png,1,0.8166305422782898,0.9871464967727661,0.9778945446014404
Brain,15,current_shared,Ungood/img/00214_84.png,1,0.8099343180656433,0.9880004525184631,0.9823654890060425
Brain,15,current_shared,Ungood/img/00214_92.png,1,0.8094341158866882,0.9529440402984619,0.7247793078422546
Brain,15,current_shared,Ungood/img/00216_60.png,1,0.8098490834236145,0.9992132186889648,0.9987687468528748
Brain,15,current_shared,Ungood/img/00216_68.png,1,0.8111501336097717,0.9994657635688782,0.998920202255249
Brain,15,current_shared,Ungood/img/00216_76.png,1,0.8047500252723694,0.9992547631263733,0.9986426830291748
Brain,15,current_shared,Ungood/img/00216_84.png,1,0.8174701929092407,0.9990665316581726,0.9979935884475708
Brain,15,current_shared,Ungood/img/00216_92.png,1,0.7981836199760437,0.9523317813873291,0.9236531257629395
Brain,15,current_shared,Ungood/img/00217_60.png,1,0.7865134477615356,0.9508875012397766,0.8944578766822815
Brain,15,current_shared,Ungood/img/00217_68.png,1,0.7841277718544006,0.9942108392715454,0.9910224676132202
Brain,15,current_shared,Ungood/img/00217_76.png,1,0.8139677047729492,0.9991403818130493,0.9984809756278992
Brain,15,current_shared,Ungood/img/00217_84.png,1,0.8161321878433228,0.9996730089187622,0.9995195269584656
Brain,15,current_shared,Ungood/img/00217_92.png,1,0.8114517331123352,0.9878617525100708,0.9793722033500671
Brain,15,current_shared,Ungood/img/00220_60.png,1,0.7420137524604797,0.9962754249572754,0.9919976592063904
Brain,15,current_shared,Ungood/img/00220_68.png,1,0.7912653088569641,0.9885725975036621,0.9822254776954651
Brain,15,current_shared,Ungood/img/00220_76.png,1,0.8069685697555542,0.8281388282775879,0.6345802545547485
Brain,15,current_shared,Ungood/img/00220_84.png,1,0.8138274550437927,0.7917870283126831,0.3868817687034607
Brain,15,current_shared,Ungood/img/00220_92.png,1,0.8059846758842468,0.8480397462844849,0.5084609389305115
Brain,15,current_shared,Ungood/img/00221_60.png,1,0.7630304098129272,0.9997832179069519,0.9997221827507019
Brain,15,current_shared,Ungood/img/00221_68.png,1,0.7884860038757324,0.8107181191444397,0.7328668832778931
Brain,15,current_shared,Ungood/img/00221_76.png,1,0.8098485469818115,0.9167569875717163,0.8416017889976501
Brain,15,current_shared,Ungood/img/00221_84.png,1,0.8135973215103149,0.9849094748497009,0.9604222774505615
Brain,15,current_shared,Ungood/img/00221_92.png,1,0.8069077134132385,0.9815417528152466,0.9647847414016724
Brain,15,current_shared,Ungood/img/00233_60.png,1,0.7990460991859436,0.9993357062339783,0.999001681804657
Brain,15,current_shared,Ungood/img/00233_68.png,1,0.8144273161888123,0.9945951104164124,0.9853299260139465
Brain,15,current_shared,Ungood/img/00233_76.png,1,0.816382110118866,0.9994596838951111,0.9982031583786011
Brain,15,current_shared,Ungood/img/00233_84.png,1,0.8152811527252197,0.9991214871406555,0.9976612329483032
Brain,15,current_shared,Ungood/img/00233_92.png,1,0.811593234539032,0.9929432272911072,0.9691227674484253
Brain,15,current_shared,Ungood/img/00234_60.png,1,0.7913485765457153,0.9993001222610474,0.9990807771682739
Brain,15,current_shared,Ungood/img/00234_68.png,1,0.8124719262123108,0.999705970287323,0.9993367195129395
Brain,15,current_shared,Ungood/img/00234_76.png,1,0.8139360547065735,0.999884843826294,0.9997087717056274
Brain,15,current_shared,Ungood/img/00234_84.png,1,0.8167800307273865,0.9991957545280457,0.9984886646270752
Brain,15,current_shared,Ungood/img/00234_92.png,1,0.8077237606048584,0.9966644644737244,0.9940459132194519
Brain,15,current_shared,Ungood/img/00235_60.png,1,0.7379870414733887,0.9968056678771973,0.9936680793762207
Brain,15,current_shared,Ungood/img/00235_68.png,1,0.7793809175491333,0.9978704452514648,0.9952392578125
Brain,15,current_shared,Ungood/img/00235_76.png,1,0.8070917129516602,0.9914531707763672,0.9867339134216309
Brain,15,current_shared,Ungood/img/00235_84.png,1,0.8009750843048096,0.9940667152404785,0.9912932515144348
Brain,15,current_shared,Ungood/img/00235_92.png,1,0.8036468625068665,0.99832683801651,0.9970929026603699
Brain,15,current_shared,Ungood/img/00236_60.png,1,0.7592787742614746,0.9998341798782349,0.9996485114097595
Brain,15,current_shared,Ungood/img/00236_68.png,1,0.8083171844482422,0.5142842531204224,0.27663373947143555
Brain,15,current_shared,Ungood/img/00236_76.png,1,0.8080691695213318,0.9777438640594482,0.9292361736297607
Brain,15,current_shared,Ungood/img/00236_84.png,1,0.8146468997001648,0.9786338806152344,0.8989900350570679
Brain,15,current_shared,Ungood/img/00236_92.png,1,0.8114914894104004,0.9636827707290649,0.9485555291175842
Brain,15,current_shared,Ungood/img/00242_60.png,1,0.8004173636436462,0.9997527003288269,0.9996782541275024
Brain,15,current_shared,Ungood/img/00242_68.png,1,0.8090689182281494,0.9984207153320312,0.9941879510879517
Brain,15,current_shared,Ungood/img/00242_76.png,1,0.8075049519538879,0.9989293217658997,0.9965301156044006
Brain,15,current_shared,Ungood/img/00242_84.png,1,0.7944639325141907,0.9377959370613098,0.9165258407592773
Brain,15,current_shared,Ungood/img/00242_92.png,1,0.8024903535842896,0.8766014575958252,0.8315207958221436
Brain,15,current_shared,Ungood/img/00247_60.png,1,0.8176695108413696,0.9999006986618042,0.9998703002929688
Brain,15,current_shared,Ungood/img/00247_68.png,1,0.7817237377166748,0.9984930753707886,0.9969441294670105
Brain,15,current_shared,Ungood/img/00247_76.png,1,0.7789846062660217,0.9975903034210205,0.9945465326309204
Brain,15,current_shared,Ungood/img/00247_84.png,1,0.809232234954834,0.9979901313781738,0.992948055267334
Brain,15,current_shared,Ungood/img/00247_92.png,1,0.8111119866371155,0.9978435039520264,0.9966691136360168
Brain,15,current_shared,Ungood/img/00259_60.png,1,0.800464928150177,0.9994813799858093,0.9992848634719849
Brain,15,current_shared,Ungood/img/00259_68.png,1,0.7805884480476379,0.997775137424469,0.9965135455131531
Brain,15,current_shared,Ungood/img/00259_76.png,1,0.8103991150856018,0.9983100891113281,0.9924951195716858
Brain,15,current_shared,Ungood/img/00259_84.png,1,0.8065173029899597,0.9967040419578552,0.9859553575515747
Brain,15,current_shared,Ungood/img/00259_92.png,1,0.8073880672454834,0.9951516389846802,0.9791411757469177
Brain,15,current_shared,Ungood/img/00263_60.png,1,0.814019501209259,0.8917158246040344,0.7954376339912415
Brain,15,current_shared,Ungood/img/00263_68.png,1,0.8155701756477356,0.9044051170349121,0.8502843379974365
Brain,15,current_shared,Ungood/img/00263_76.png,1,0.810556948184967,0.5483776330947876,0.3772193193435669
Brain,15,current_shared,Ungood/img/00263_84.png,1,0.8109568357467651,0.9806021451950073,0.9677417278289795
Brain,15,current_shared,Ungood/img/00263_92.png,1,0.8139737248420715,0.9979485869407654,0.9858115911483765
Brain,15,current_shared,Ungood/img/00266_60.png,1,0.7880382537841797,0.9983422756195068,0.9974785447120667
Brain,15,current_shared,Ungood/img/00266_68.png,1,0.7938779592514038,0.9979190230369568,0.9967262744903564
Brain,15,current_shared,Ungood/img/00266_76.png,1,0.792801022529602,0.9913288354873657,0.9893487691879272
Brain,15,current_shared,Ungood/img/00266_84.png,1,0.8048786520957947,0.9864442944526672,0.9827002882957458
Brain,15,current_shared,Ungood/img/00266_92.png,1,0.8067943453788757,0.9928267002105713,0.9864190816879272
Brain,15,current_shared,Ungood/img/00267_60.png,1,0.8172444105148315,0.9996507167816162,0.9995137453079224
Brain,15,current_shared,Ungood/img/00267_68.png,1,0.8146919012069702,0.9976187348365784,0.995707094669342
Brain,15,current_shared,Ungood/img/00267_76.png,1,0.8130996227264404,0.9971362352371216,0.9941672086715698
Brain,15,current_shared,Ungood/img/00267_84.png,1,0.8144491314888,0.9993321299552917,0.9982141852378845
Brain,15,current_shared,Ungood/img/00267_92.png,1,0.8167959451675415,0.9996997117996216,0.999467134475708
Brain,15,current_shared,Ungood/img/00281_60.png,1,0.8025733232498169,0.9987733960151672,0.9961573481559753
Brain,15,current_shared,Ungood/img/00281_68.png,1,0.798668622970581,0.9949833154678345,0.9901416301727295
Brain,15,current_shared,Ungood/img/00281_76.png,1,0.8114109039306641,0.9983842372894287,0.9936770796775818
Brain,15,current_shared,Ungood/img/00281_84.png,1,0.8074753880500793,0.998582124710083,0.9926463961601257
Brain,15,current_shared,Ungood/img/00281_92.png,1,0.8000443577766418,0.9994495511054993,0.9974373579025269
Brain,15,current_shared,Ungood/img/00282_60.png,1,0.8183183670043945,0.9993649125099182,0.9989440441131592
Brain,15,current_shared,Ungood/img/00282_68.png,1,0.8052046895027161,0.9918640851974487,0.978441596031189
Brain,15,current_shared,Ungood/img/00282_76.png,1,0.8128937482833862,0.9753528237342834,0.9318584203720093
Brain,15,current_shared,Ungood/img/00282_84.png,1,0.8120750784873962,0.9950677156448364,0.9891849756240845
Brain,15,current_shared,Ungood/img/00282_92.png,1,0.8021981716156006,0.9929867386817932,0.9887010455131531
Brain,15,current_shared,Ungood/img/00286_60.png,1,0.8077265620231628,0.9976584911346436,0.9954988956451416
Brain,15,current_shared,Ungood/img/00286_68.png,1,0.8118135929107666,0.9993869066238403,0.9990339279174805
Brain,15,current_shared,Ungood/img/00286_76.png,1,0.8091569542884827,0.9852039813995361,0.9571235179901123
Brain,15,current_shared,Ungood/img/00286_84.png,1,0.803785502910614,0.9964583516120911,0.9952372908592224
Brain,15,current_shared,Ungood/img/00286_92.png,1,0.8093125820159912,0.9909790754318237,0.9797752499580383
Brain,15,current_shared,Ungood/img/00290_60.png,1,0.8233152627944946,0.9960169196128845,0.9948369264602661
Brain,15,current_shared,Ungood/img/00290_68.png,1,0.8107835054397583,0.9955047965049744,0.9815546274185181
Brain,15,current_shared,Ungood/img/00290_76.png,1,0.8172078728675842,0.9975649118423462,0.9957987070083618
Brain,15,current_shared,Ungood/img/00290_84.png,1,0.8222718238830566,0.9963787198066711,0.992388904094696
Brain,15,current_shared,Ungood/img/00290_92.png,1,0.8201343417167664,0.987329363822937,0.9826456308364868
Brain,15,current_shared,Ungood/img/00293_60.png,1,0.7997256517410278,0.9995136260986328,0.9993165135383606
Brain,15,current_shared,Ungood/img/00293_68.png,1,0.7944616675376892,0.8583874702453613,0.7545520663261414
Brain,15,current_shared,Ungood/img/00293_76.png,1,0.8023804426193237,0.9535382986068726,0.9187519550323486
Brain,15,current_shared,Ungood/img/00293_84.png,1,0.8166106939315796,0.9935896396636963,0.9858505129814148
Brain,15,current_shared,Ungood/img/00293_92.png,1,0.5333678126335144,0.0010234002256765962,0.0006284700357355177
Brain,15,current_shared,Ungood/img/00294_60.png,1,0.8017261028289795,0.9951849579811096,0.9921602010726929
Brain,15,current_shared,Ungood/img/00294_68.png,1,0.8093407154083252,0.9962751865386963,0.9943829774856567
Brain,15,current_shared,Ungood/img/00294_76.png,1,0.811785876750946,0.9942846894264221,0.9932082891464233
Brain,15,current_shared,Ungood/img/00294_84.png,1,0.8013330698013306,0.9928635954856873,0.9896321296691895
Brain,15,current_shared,Ungood/img/00294_92.png,1,0.7986577749252319,0.9764671921730042,0.9437096118927002
Brain,15,current_shared,Ungood/img/00297_60.png,1,0.812300980091095,0.9999158382415771,0.999874472618103
Brain,15,current_shared,Ungood/img/00297_68.png,1,0.8128822445869446,0.9966769218444824,0.9932630658149719
Brain,15,current_shared,Ungood/img/00297_76.png,1,0.8100284337997437,0.995431661605835,0.9894189834594727
Brain,15,current_shared,Ungood/img/00297_84.png,1,0.8046218752861023,0.9969931840896606,0.9958750009536743
Brain,15,current_shared,Ungood/img/00297_92.png,1,0.8041408658027649,0.9963411688804626,0.991791307926178
Brain,15,current_shared,Ungood/img/00298_60.png,1,0.7883940935134888,0.9987510442733765,0.9961090683937073
Brain,15,current_shared,Ungood/img/00298_68.png,1,0.7963151335716248,0.8834439516067505,0.5399838089942932
Brain,15,current_shared,Ungood/img/00298_76.png,1,0.8131812810897827,0.943156361579895,0.6669654250144958
Brain,15,current_shared,Ungood/img/00298_84.png,1,0.8067135810852051,0.979266345500946,0.9685363173484802
Brain,15,current_shared,Ungood/img/00298_92.png,1,0.797240138053894,0.6442203521728516,0.2512599229812622
Brain,15,current_shared,Ungood/img/00299_60.png,1,0.8143160939216614,0.9996205568313599,0.999424397945404
Brain,15,current_shared,Ungood/img/00299_68.png,1,0.8027758002281189,0.9428137540817261,0.8623580932617188
Brain,15,current_shared,Ungood/img/00299_76.png,1,0.8118807077407837,0.9969611763954163,0.995261549949646
Brain,15,current_shared,Ungood/img/00299_84.png,1,0.8045532703399658,0.9779200553894043,0.9601511359214783
Brain,15,current_shared,Ungood/img/00299_92.png,1,0.8011611700057983,0.8949389457702637,0.8345974683761597
Brain,15,current_shared,Ungood/img/00300_60.png,1,0.7337770462036133,0.9986729621887207,0.9973429441452026
Brain,15,current_shared,Ungood/img/00300_68.png,1,0.8038767576217651,0.9994408488273621,0.9983606934547424
Brain,15,current_shared,Ungood/img/00300_76.png,1,0.8010280132293701,0.9993001222610474,0.9959137439727783
Brain,15,current_shared,Ungood/img/00300_84.png,1,0.8133352398872375,0.9985804557800293,0.997132420539856
Brain,15,current_shared,Ungood/img/00300_92.png,1,0.8061578273773193,0.9986428618431091,0.9970848560333252
Brain,15,current_shared,Ungood/img/00301_60.png,1,0.7644296884536743,0.9952085614204407,0.9931116104125977
Brain,15,current_shared,Ungood/img/00301_68.png,1,0.792191207408905,0.9986870884895325,0.9962963461875916
Brain,15,current_shared,Ungood/img/00301_76.png,1,0.8098478317260742,0.9989093542098999,0.9972886443138123
Brain,15,current_shared,Ungood/img/00301_84.png,1,0.8190010786056519,0.9995655417442322,0.9989675879478455
Brain,15,current_shared,Ungood/img/00301_92.png,1,0.819915235042572,0.9996358156204224,0.9993941783905029
Brain,15,current_shared,Ungood/img/00304_60.png,1,0.7159672379493713,0.9993205070495605,0.9989653825759888
Brain,15,current_shared,Ungood/img/00304_68.png,1,0.7704382538795471,0.9954882264137268,0.9898535013198853
Brain,15,current_shared,Ungood/img/00304_76.png,1,0.810492992401123,0.9989702701568604,0.9981329441070557
Brain,15,current_shared,Ungood/img/00304_84.png,1,0.7979410290718079,0.9979362487792969,0.996623158454895
Brain,15,current_shared,Ungood/img/00304_92.png,1,0.8083845376968384,0.9947158694267273,0.9913557767868042
Brain,15,current_shared,Ungood/img/00309_60.png,1,0.7834997773170471,0.9998927116394043,0.9997925162315369
Brain,15,current_shared,Ungood/img/00309_68.png,1,0.8075885772705078,0.9833563566207886,0.9711706042289734
Brain,15,current_shared,Ungood/img/00309_76.png,1,0.8075120449066162,0.979881763458252,0.9588017463684082
Brain,15,current_shared,Ungood/img/00309_84.png,1,0.8076834082603455,0.8650722503662109,0.8023155331611633
Brain,15,current_shared,Ungood/img/00309_92.png,1,0.8015174865722656,0.9822079539299011,0.9585541486740112
Brain,15,current_shared,Ungood/img/00310_60.png,1,0.7820429801940918,0.9994877576828003,0.999282956123352
Brain,15,current_shared,Ungood/img/00310_68.png,1,0.735622763633728,0.997498095035553,0.9956434369087219
Brain,15,current_shared,Ungood/img/00310_76.png,1,0.8059922456741333,0.9946326017379761,0.989502489566803
Brain,15,current_shared,Ungood/img/00310_84.png,1,0.8027065992355347,0.998955249786377,0.9987432956695557
Brain,15,current_shared,Ungood/img/00310_92.png,1,0.8068981766700745,0.9983829259872437,0.9971276521682739
Brain,15,current_shared,Ungood/img/00312_60.png,1,0.8006835579872131,0.9998145699501038,0.99969083070755
Brain,15,current_shared,Ungood/img/00312_68.png,1,0.8058677911758423,0.9987133741378784,0.9982311725616455
Brain,15,current_shared,Ungood/img/00312_76.png,1,0.8104240894317627,0.9888936877250671,0.9600143432617188
Brain,15,current_shared,Ungood/img/00312_84.png,1,0.8059378862380981,0.9924968481063843,0.9847579598426819
Brain,15,current_shared,Ungood/img/00312_92.png,1,0.8049718141555786,0.986354649066925,0.9753568172454834
Brain,15,current_shared,Ungood/img/00318_60.png,1,0.745997428894043,0.9948655962944031,0.9931789636611938
Brain,15,current_shared,Ungood/img/00318_68.png,1,0.7992262244224548,0.9970448613166809,0.9961772561073303
Brain,15,current_shared,Ungood/img/00318_76.png,1,0.8151397705078125,0.9946000576019287,0.9881420731544495
Brain,15,current_shared,Ungood/img/00318_84.png,1,0.8193783760070801,0.9432064294815063,0.857772171497345
Brain,15,current_shared,Ungood/img/00318_92.png,1,0.8043490648269653,0.5430394411087036,0.23301410675048828
Brain,15,current_shared,Ungood/img/00324_60.png,1,0.7845162153244019,0.9992274045944214,0.998987078666687
Brain,15,current_shared,Ungood/img/00324_68.png,1,0.7904994487762451,0.998477041721344,0.9977964758872986
Brain,15,current_shared,Ungood/img/00324_76.png,1,0.7875115871429443,0.9965564012527466,0.9941281676292419
Brain,15,current_shared,Ungood/img/00324_84.png,1,0.7883589863777161,0.9980049729347229,0.9970464706420898
Brain,15,current_shared,Ungood/img/00324_92.png,1,0.8092173337936401,0.9843579530715942,0.9565154910087585
Brain,15,current_shared,Ungood/img/00325_60.png,1,0.8172630667686462,0.9795407652854919,0.9592959880828857
Brain,15,current_shared,Ungood/img/00325_68.png,1,0.8043117523193359,0.9892404675483704,0.9776880741119385
Brain,15,current_shared,Ungood/img/00325_76.png,1,0.7916164994239807,0.9989425539970398,0.997584879398346
Brain,15,current_shared,Ungood/img/00325_84.png,1,0.8023272156715393,0.9865944385528564,0.9832846522331238
Brain,15,current_shared,Ungood/img/00325_92.png,1,0.8019340634346008,0.9419308304786682,0.8874826431274414
Brain,15,current_shared,Ungood/img/00334_60.png,1,0.7737585306167603,0.9989277720451355,0.9979771971702576
Brain,15,current_shared,Ungood/img/00334_68.png,1,0.8018116354942322,0.9956652522087097,0.9822392463684082
Brain,15,current_shared,Ungood/img/00334_76.png,1,0.8101511597633362,0.9995198249816895,0.9982354640960693
Brain,15,current_shared,Ungood/img/00334_84.png,1,0.8100244402885437,0.9925045967102051,0.9764875769615173
Brain,15,current_shared,Ungood/img/00334_92.png,1,0.8060524463653564,0.9719626307487488,0.9193984866142273
Brain,15,current_shared,Ungood/img/00336_60.png,1,0.7978511452674866,0.9993250370025635,0.9983848929405212
Brain,15,current_shared,Ungood/img/00336_68.png,1,0.8179646730422974,0.9987195730209351,0.9975935220718384
Brain,15,current_shared,Ungood/img/00336_76.png,1,0.822143018245697,0.9987931251525879,0.9981732368469238
Brain,15,current_shared,Ungood/img/00336_84.png,1,0.8223450779914856,0.9977266192436218,0.9924167394638062
Brain,15,current_shared,Ungood/img/00336_92.png,1,0.8147841095924377,0.9979776740074158,0.9906721115112305
Brain,15,current_shared,Ungood/img/00338_60.png,1,0.7938264608383179,0.9977738261222839,0.9959831237792969
Brain,15,current_shared,Ungood/img/00338_68.png,1,0.8087345361709595,0.9940925240516663,0.9919215440750122
Brain,15,current_shared,Ungood/img/00338_76.png,1,0.812591016292572,0.9934525489807129,0.991611897945404
Brain,15,current_shared,Ungood/img/00338_84.png,1,0.8158515095710754,0.9964838027954102,0.9901072382926941
Brain,15,current_shared,Ungood/img/00338_92.png,1,0.8098223805427551,0.8907044529914856,0.7305448055267334
Brain,15,current_shared,Ungood/img/00340_60.png,1,0.8101484775543213,0.9988877177238464,0.9985725283622742
Brain,15,current_shared,Ungood/img/00340_68.png,1,0.8152350187301636,0.9928508996963501,0.9894742965698242
Brain,15,current_shared,Ungood/img/00340_76.png,1,0.8051995635032654,0.7883524298667908,0.6859185695648193
Brain,15,current_shared,Ungood/img/00340_84.png,1,0.8027999401092529,0.7977237105369568,0.6192140579223633
Brain,15,current_shared,Ungood/img/00340_92.png,1,0.8075202703475952,0.9874898791313171,0.9672005772590637
Brain,15,current_shared,Ungood/img/00343_60.png,1,0.730279803276062,0.9995255470275879,0.9994266033172607
Brain,15,current_shared,Ungood/img/00343_68.png,1,0.7958366274833679,0.9906600117683411,0.9826802015304565
Brain,15,current_shared,Ungood/img/00343_76.png,1,0.8082876205444336,0.7481617331504822,0.48127320408821106
Brain,15,current_shared,Ungood/img/00343_84.png,1,0.8138279318809509,0.9974192380905151,0.9917404055595398
Brain,15,current_shared,Ungood/img/00343_92.png,1,0.8017992973327637,0.9423213601112366,0.874984622001648
Brain,15,current_shared,Ungood/img/00347_60.png,1,0.804844856262207,0.9994774460792542,0.9991162419319153
Brain,15,current_shared,Ungood/img/00347_68.png,1,0.8113963603973389,0.9993675351142883,0.9988300800323486
Brain,15,current_shared,Ungood/img/00347_76.png,1,0.814414918422699,0.9995456337928772,0.9989674091339111
Brain,15,current_shared,Ungood/img/00347_84.png,1,0.8023867607116699,0.9851061105728149,0.9713216423988342
Brain,15,current_shared,Ungood/img/00347_92.png,1,0.8066913485527039,0.9742209315299988,0.926002025604248
Brain,15,current_shared,Ungood/img/00359_60.png,1,0.7297520637512207,0.9997202754020691,0.9995697736740112
Brain,15,current_shared,Ungood/img/00359_68.png,1,0.7991828322410583,0.994265615940094,0.9879832863807678
Brain,15,current_shared,Ungood/img/00359_76.png,1,0.81453937292099,0.992659866809845,0.9906080365180969
Brain,15,current_shared,Ungood/img/00359_84.png,1,0.8073676228523254,0.9804964661598206,0.918118417263031
Brain,15,current_shared,Ungood/img/00359_92.png,1,0.8050320744514465,0.9947773218154907,0.958620011806488
Brain,15,current_shared,Ungood/img/00360_60.png,1,0.7913292050361633,0.999427318572998,0.9991818070411682
Brain,15,current_shared,Ungood/img/00360_68.png,1,0.7675199508666992,0.9992758631706238,0.9985730051994324
Brain,15,current_shared,Ungood/img/00360_76.png,1,0.7979004979133606,0.9968807697296143,0.9943432807922363
Brain,15,current_shared,Ungood/img/00360_84.png,1,0.8042759895324707,0.9943093061447144,0.9904885292053223
Brain,15,current_shared,Ungood/img/00360_92.png,1,0.8092448711395264,0.9984639883041382,0.9966540932655334
Brain,15,current_shared,Ungood/img/00366_60.png,1,0.8070629835128784,0.999774158000946,0.9996166825294495
Brain,15,current_shared,Ungood/img/00366_68.png,1,0.7425041198730469,0.9992623925209045,0.9988992214202881
Brain,15,current_shared,Ungood/img/00366_76.png,1,0.7551093697547913,0.9810854196548462,0.9736798405647278
Brain,15,current_shared,Ungood/img/00366_84.png,1,0.7693493366241455,0.990394651889801,0.9838953614234924
Brain,15,current_shared,Ungood/img/00366_92.png,1,0.7907039523124695,0.9769341349601746,0.9679887294769287
Brain,15,current_shared,Ungood/img/00367_60.png,1,0.8125694394111633,0.9936416745185852,0.9888476133346558
Brain,15,current_shared,Ungood/img/00367_68.png,1,0.8113682866096497,0.9984253644943237,0.9975769519805908
Brain,15,current_shared,Ungood/img/00367_76.png,1,0.8119012713432312,0.9979935884475708,0.996658444404602
Brain,15,current_shared,Ungood/img/00367_84.png,1,0.8089866042137146,0.9908214211463928,0.9545101523399353
Brain,15,current_shared,Ungood/img/00367_92.png,1,0.8043030500411987,0.9818726181983948,0.8784027099609375
Brain,15,current_shared,Ungood/img/00369_60.png,1,0.8053001761436462,0.999550998210907,0.9989001154899597
Brain,15,current_shared,Ungood/img/00369_68.png,1,0.8000905513763428,0.9993880987167358,0.9986788630485535
Brain,15,current_shared,Ungood/img/00369_76.png,1,0.8116634488105774,0.9803087711334229,0.9702299237251282
Brain,15,current_shared,Ungood/img/00369_84.png,1,0.8136738538742065,0.9986444115638733,0.9974828958511353
Brain,15,current_shared,Ungood/img/00369_92.png,1,0.8027560710906982,0.9908012747764587,0.9865871667861938
Brain,15,current_shared,Ungood/img/00370_60.png,1,0.7701378464698792,0.9992086291313171,0.998721718788147
Brain,15,current_shared,Ungood/img/00370_68.png,1,0.7937309741973877,0.9994729161262512,0.9989010095596313
Brain,15,current_shared,Ungood/img/00370_76.png,1,0.7773259878158569,0.9990801811218262,0.9977874755859375
Brain,15,current_shared,Ungood/img/00370_84.png,1,0.8137916922569275,0.9986885190010071,0.9969226121902466
Brain,15,current_shared,Ungood/img/00370_92.png,1,0.8118149638175964,0.9977207779884338,0.996424674987793
Brain,15,current_shared,Ungood/img/00371_60.png,1,0.775973379611969,0.9995059967041016,0.9991567730903625
Brain,15,current_shared,Ungood/img/00371_68.png,1,0.7945528626441956,0.8817017078399658,0.8436548709869385
Brain,15,current_shared,Ungood/img/00371_76.png,1,0.8100697994232178,0.9895063042640686,0.9714773297309875
Brain,15,current_shared,Ungood/img/00371_84.png,1,0.8101951479911804,0.9940140843391418,0.9918723106384277
Brain,15,current_shared,Ungood/img/00371_92.png,1,0.807068407535553,0.9945145845413208,0.9901698231697083
Brain,15,current_shared,Ungood/img/00375_60.png,1,0.808867871761322,0.9851083159446716,0.9812625050544739
Brain,15,current_shared,Ungood/img/00375_68.png,1,0.8143093585968018,0.9870163798332214,0.9801862239837646
Brain,15,current_shared,Ungood/img/00375_76.png,1,0.8172433376312256,0.9883626103401184,0.9753374457359314
Brain,15,current_shared,Ungood/img/00375_84.png,1,0.8202311992645264,0.9994003772735596,0.9968093633651733
Brain,15,current_shared,Ungood/img/00375_92.png,1,0.8078705072402954,0.9705893993377686,0.8815765380859375
Brain,15,current_shared,Ungood/img/00377_60.png,1,0.8065263628959656,0.9998362064361572,0.999726414680481
Brain,15,current_shared,Ungood/img/00377_68.png,1,0.8142465949058533,0.9878042936325073,0.9824326038360596
Brain,15,current_shared,Ungood/img/00377_76.png,1,0.790356457233429,0.6199023723602295,0.3906819820404053
Brain,15,current_shared,Ungood/img/00377_84.png,1,0.7937756776809692,0.4018755853176117,0.25613170862197876
Brain,15,current_shared,Ungood/img/00377_92.png,1,0.8067588806152344,0.9825809597969055,0.9722063541412354
Brain,15,current_shared,Ungood/img/00388_60.png,1,0.7884342670440674,0.9944043159484863,0.9915534853935242
Brain,15,current_shared,Ungood/img/00388_68.png,1,0.791921079158783,0.9987432360649109,0.9968716502189636
Brain,15,current_shared,Ungood/img/00388_76.png,1,0.7944661378860474,0.9998314380645752,0.9997088313102722
Brain,15,current_shared,Ungood/img/00388_84.png,1,0.7970239520072937,0.9996496438980103,0.9993631839752197
Brain,15,current_shared,Ungood/img/00388_92.png,1,0.8089966773986816,0.9980308413505554,0.9972901940345764
Brain,15,current_shared,Ungood/img/00391_60.png,1,0.787945568561554,0.9978231191635132,0.9959844350814819
Brain,15,current_shared,Ungood/img/00391_68.png,1,0.7875641584396362,0.9980814456939697,0.9939872622489929
Brain,15,current_shared,Ungood/img/00391_76.png,1,0.8121817708015442,0.9942491054534912,0.9866508841514587
Brain,15,current_shared,Ungood/img/00391_84.png,1,0.8167657852172852,0.9871921539306641,0.929732620716095
Brain,15,current_shared,Ungood/img/00391_92.png,1,0.807766318321228,0.9913561344146729,0.9779813289642334
Brain,15,current_shared,Ungood/img/00392_60.png,1,0.8074959516525269,0.9997367262840271,0.9996334314346313
Brain,15,current_shared,Ungood/img/00392_68.png,1,0.8159596920013428,0.9942044615745544,0.9920535087585449
Brain,15,current_shared,Ungood/img/00392_76.png,1,0.8163565397262573,0.9942162036895752,0.9895550608634949
Brain,15,current_shared,Ungood/img/00392_84.png,1,0.8186149597167969,0.9970447421073914,0.9874594211578369
Brain,15,current_shared,Ungood/img/00392_92.png,1,0.8215599060058594,0.9907829165458679,0.983983039855957
Brain,15,current_shared,Ungood/img/00395_60.png,1,0.8130242824554443,0.9993435740470886,0.9991819262504578
Brain,15,current_shared,Ungood/img/00395_68.png,1,0.8163968324661255,0.9991163611412048,0.9966633319854736
Brain,15,current_shared,Ungood/img/00395_76.png,1,0.8118754625320435,0.9991605281829834,0.9969088435173035
Brain,15,current_shared,Ungood/img/00395_84.png,1,0.8137809038162231,0.9970964193344116,0.9938676357269287
Brain,15,current_shared,Ungood/img/00395_92.png,1,0.8117054104804993,0.9873286485671997,0.9709606170654297
Brain,15,current_shared,Ungood/img/00397_60.png,1,0.7678758502006531,0.9996614456176758,0.9994370341300964
Brain,15,current_shared,Ungood/img/00397_68.png,1,0.7651304006576538,0.9964756369590759,0.995059072971344
Brain,15,current_shared,Ungood/img/00397_76.png,1,0.7655507326126099,0.9979967474937439,0.9967564344406128
Brain,15,current_shared,Ungood/img/00397_84.png,1,0.8027196526527405,0.9955495595932007,0.9919540286064148
Brain,15,current_shared,Ungood/img/00397_92.png,1,0.799744725227356,0.9973185658454895,0.9921624064445496
Brain,15,current_shared,Ungood/img/00399_60.png,1,0.7913995981216431,0.998469889163971,0.9977299571037292
Brain,15,current_shared,Ungood/img/00399_68.png,1,0.8045501708984375,0.9950711727142334,0.9895598292350769
Brain,15,current_shared,Ungood/img/00399_76.png,1,0.8099768757820129,0.9942315816879272,0.9901119470596313
Brain,15,current_shared,Ungood/img/00399_84.png,1,0.8087862730026245,0.9848120212554932,0.9660047888755798
Brain,15,current_shared,Ungood/img/00399_92.png,1,0.8088827133178711,0.9985300302505493,0.9979002475738525
Brain,15,current_shared,Ungood/img/00400_60.png,1,0.7896841764450073,0.9992695450782776,0.9989416003227234
Brain,15,current_shared,Ungood/img/00400_68.png,1,0.7971853017807007,0.9981822967529297,0.996171236038208
Brain,15,current_shared,Ungood/img/00400_76.png,1,0.8035359978675842,0.9972098469734192,0.9955565333366394
Brain,15,current_shared,Ungood/img/00400_84.png,1,0.8123965263366699,0.9984753727912903,0.998108983039856
Brain,15,current_shared,Ungood/img/00400_92.png,1,0.8182723522186279,0.9979974627494812,0.9965370297431946
Brain,15,current_shared,Ungood/img/00401_60.png,1,0.7937510013580322,0.9992054104804993,0.9979005455970764
Brain,15,current_shared,Ungood/img/00401_68.png,1,0.8152498602867126,0.9944856762886047,0.9889311790466309
Brain,15,current_shared,Ungood/img/00401_76.png,1,0.8172337412834167,0.9973631501197815,0.9960788488388062
Brain,15,current_shared,Ungood/img/00401_84.png,1,0.8144792318344116,0.9988721013069153,0.997686505317688
Brain,15,current_shared,Ungood/img/00401_92.png,1,0.8174667358398438,0.9985116124153137,0.9972550868988037
Brain,15,current_shared,Ungood/img/00402_60.png,1,0.7720965147018433,0.9968204498291016,0.9892703890800476
Brain,15,current_shared,Ungood/img/00402_68.png,1,0.7588047981262207,0.9982287287712097,0.9960013628005981
Brain,15,current_shared,Ungood/img/00402_76.png,1,0.786354124546051,0.9992722868919373,0.9989457726478577
Brain,15,current_shared,Ungood/img/00402_84.png,1,0.8159432411193848,0.9978783130645752,0.9968621730804443
Brain,15,current_shared,Ungood/img/00402_92.png,1,0.8130165338516235,0.9918670058250427,0.9893568158149719
Brain,15,current_shared,Ungood/img/00404_60.png,1,0.7879337072372437,0.9990686774253845,0.9980518221855164
Brain,15,current_shared,Ungood/img/00404_68.png,1,0.8126042485237122,0.9991769194602966,0.9982659816741943
Brain,15,current_shared,Ungood/img/00404_76.png,1,0.8199372291564941,0.9988835453987122,0.9978215098381042
Brain,15,current_shared,Ungood/img/00404_84.png,1,0.805909276008606,0.9989799857139587,0.9962425827980042
Brain,15,current_shared,Ungood/img/00404_92.png,1,0.8192287087440491,0.9993630051612854,0.9969504475593567
Brain,15,current_shared,Ungood/img/00406_60.png,1,0.7257351279258728,0.9959912896156311,0.99469393491745
Brain,15,current_shared,Ungood/img/00406_68.png,1,0.8098370432853699,0.9822081923484802,0.957823634147644
Brain,15,current_shared,Ungood/img/00406_76.png,1,0.7989964485168457,0.996266782283783,0.9605327248573303
Brain,15,current_shared,Ungood/img/00406_84.png,1,0.8114823698997498,0.9927529096603394,0.979886531829834
Brain,15,current_shared,Ungood/img/00406_92.png,1,0.8064225912094116,0.9977715015411377,0.9944181442260742
Brain,15,current_shared,Ungood/img/00407_60.png,1,0.779402494430542,0.9998051524162292,0.9996609091758728
Brain,15,current_shared,Ungood/img/00407_68.png,1,0.7775859832763672,0.9994638562202454,0.9986928701400757
Brain,15,current_shared,Ungood/img/00407_76.png,1,0.8136166334152222,0.999427080154419,0.9991759061813354
Brain,15,current_shared,Ungood/img/00407_84.png,1,0.8133300542831421,0.9544955492019653,0.9402170181274414
Brain,15,current_shared,Ungood/img/00407_92.png,1,0.8174675107002258,0.9937408566474915,0.985196590423584
Brain,15,current_shared,Ungood/img/00409_60.png,1,0.7922254800796509,0.9979667663574219,0.9946576356887817
Brain,15,current_shared,Ungood/img/00409_68.png,1,0.8212756514549255,0.9932200908660889,0.9905198216438293
Brain,15,current_shared,Ungood/img/00409_76.png,1,0.8175267577171326,0.9995775818824768,0.9993569254875183
Brain,15,current_shared,Ungood/img/00409_84.png,1,0.8083755970001221,0.998589813709259,0.9975016713142395
Brain,15,current_shared,Ungood/img/00409_92.png,1,0.8174135684967041,0.9977920055389404,0.9963890910148621
Brain,15,current_shared,Ungood/img/00410_60.png,1,0.7245869040489197,0.9997051358222961,0.999565839767456
Brain,15,current_shared,Ungood/img/00410_68.png,1,0.7251402735710144,0.9988887906074524,0.9985335469245911
Brain,15,current_shared,Ungood/img/00410_76.png,1,0.8027254939079285,0.9994572997093201,0.9990826845169067
Brain,15,current_shared,Ungood/img/00410_84.png,1,0.8123098015785217,0.9844170808792114,0.9685741066932678
Brain,15,current_shared,Ungood/img/00410_92.png,1,0.804217517375946,0.9963533878326416,0.9948461055755615
Brain,15,current_shared,Ungood/img/00413_60.png,1,0.8127707839012146,0.9977360963821411,0.9971064329147339
Brain,15,current_shared,Ungood/img/00413_68.png,1,0.7654244899749756,0.9863358736038208,0.9701195955276489
Brain,15,current_shared,Ungood/img/00413_76.png,1,0.8076288104057312,0.9971590042114258,0.9918857216835022
Brain,15,current_shared,Ungood/img/00413_84.png,1,0.8029470443725586,0.9936959147453308,0.9806366562843323
Brain,15,current_shared,Ungood/img/00413_92.png,1,0.8091985583305359,0.9937584400177002,0.9656145572662354
Brain,15,current_shared,Ungood/img/00414_60.png,1,0.812989354133606,0.9991384744644165,0.9982529878616333
Brain,15,current_shared,Ungood/img/00414_68.png,1,0.8088502883911133,0.9956800937652588,0.990844190120697
Brain,15,current_shared,Ungood/img/00414_76.png,1,0.811974048614502,0.9992475509643555,0.9982579350471497
Brain,15,current_shared,Ungood/img/00414_84.png,1,0.8153201341629028,0.9979598522186279,0.9955353736877441
Brain,15,current_shared,Ungood/img/00414_92.png,1,0.8046433329582214,0.9978525638580322,0.9935407638549805
Brain,15,current_shared,Ungood/img/00416_60.png,1,0.7678706645965576,0.9991006851196289,0.9983186721801758
Brain,15,current_shared,Ungood/img/00416_68.png,1,0.8143560290336609,0.9976612329483032,0.9941257238388062
Brain,15,current_shared,Ungood/img/00416_76.png,1,0.8117084503173828,0.9970002770423889,0.9919828176498413
Brain,15,current_shared,Ungood/img/00416_84.png,1,0.7953992486000061,0.9986991882324219,0.9976888298988342
Brain,15,current_shared,Ungood/img/00416_92.png,1,0.7465964555740356,0.9967697858810425,0.9935072064399719
Brain,15,current_shared,Ungood/img/00417_60.png,1,0.7824757695198059,0.9999399185180664,0.9998993873596191
Brain,15,current_shared,Ungood/img/00417_68.png,1,0.8208693861961365,0.9988719820976257,0.9981803297996521
Brain,15,current_shared,Ungood/img/00417_76.png,1,0.8044819235801697,0.9989718198776245,0.9956840872764587
Brain,15,current_shared,Ungood/img/00417_84.png,1,0.8117453455924988,0.9979819059371948,0.9974153637886047
Brain,15,current_shared,Ungood/img/00417_92.png,1,0.8142485618591309,0.9901735782623291,0.9807171821594238
Brain,15,current_shared,Ungood/img/00418_60.png,1,0.7965541481971741,0.9997512698173523,0.9996021389961243
Brain,15,current_shared,Ungood/img/00418_68.png,1,0.7808911204338074,0.9996180534362793,0.9991939067840576
Brain,15,current_shared,Ungood/img/00418_76.png,1,0.7234252691268921,0.9962969422340393,0.9949679970741272
Brain,15,current_shared,Ungood/img/00418_84.png,1,0.7293901443481445,0.9839194416999817,0.9794978499412537
Brain,15,current_shared,Ungood/img/00418_92.png,1,0.8227832913398743,0.9990025162696838,0.9986257553100586
Brain,15,current_shared,Ungood/img/00423_60.png,1,0.7354929447174072,0.9975602626800537,0.9963622689247131
Brain,15,current_shared,Ungood/img/00423_68.png,1,0.7842302918434143,0.9799482822418213,0.9581788182258606
Brain,15,current_shared,Ungood/img/00423_76.png,1,0.8129870295524597,0.9725797176361084,0.857133686542511
Brain,15,current_shared,Ungood/img/00423_84.png,1,0.8119074106216431,0.9937118291854858,0.9855253100395203
Brain,15,current_shared,Ungood/img/00423_92.png,1,0.8145862817764282,0.9733431339263916,0.8943172097206116
Brain,15,current_shared,Ungood/img/00426_60.png,1,0.8194695115089417,0.9991676807403564,0.9986619353294373
Brain,15,current_shared,Ungood/img/00426_68.png,1,0.799664318561554,0.999758780002594,0.9991143941879272
Brain,15,current_shared,Ungood/img/00426_76.png,1,0.8154844641685486,0.9996328353881836,0.9985833764076233
Brain,15,current_shared,Ungood/img/00426_84.png,1,0.8157796263694763,0.9993976354598999,0.9968045353889465
Brain,15,current_shared,Ungood/img/00426_92.png,1,0.7982163429260254,0.994937539100647,0.9913922548294067
Brain,15,current_shared,Ungood/img/00429_60.png,1,0.8158301711082458,0.9996590614318848,0.9991335272789001
Brain,15,current_shared,Ungood/img/00429_68.png,1,0.8131570816040039,0.9977815747261047,0.9957389831542969
Brain,15,current_shared,Ungood/img/00429_76.png,1,0.8049668669700623,0.9974931478500366,0.994549572467804
Brain,15,current_shared,Ungood/img/00429_84.png,1,0.8094943761825562,0.9921561479568481,0.985825777053833
Brain,15,current_shared,Ungood/img/00429_92.png,1,0.7507591843605042,0.9910140633583069,0.9857785701751709
Brain,15,current_shared,Ungood/img/00430_60.png,1,0.8109516501426697,0.9993652701377869,0.9991176724433899
Brain,15,current_shared,Ungood/img/00430_68.png,1,0.8162885308265686,0.9699054956436157,0.959699809551239
Brain,15,current_shared,Ungood/img/00430_76.png,1,0.8117414712905884,0.978681743144989,0.9704073071479797
Brain,15,current_shared,Ungood/img/00430_84.png,1,0.8166434168815613,0.9651626348495483,0.9459916353225708
Brain,15,current_shared,Ungood/img/00430_92.png,1,0.8192272186279297,0.30293384194374084,0.21945826709270477
Brain,15,current_shared,Ungood/img/00432_60.png,1,0.8079836964607239,0.9976632595062256,0.9957877397537231
Brain,15,current_shared,Ungood/img/00432_68.png,1,0.7906105518341064,0.999018669128418,0.9982668161392212
Brain,15,current_shared,Ungood/img/00432_76.png,1,0.8149222135543823,0.9982461929321289,0.9961637854576111
Brain,15,current_shared,Ungood/img/00432_84.png,1,0.8116180300712585,0.9960225820541382,0.9898194074630737
Brain,15,current_shared,Ungood/img/00432_92.png,1,0.8059377670288086,0.6818904280662537,0.4837975800037384
Brain,15,current_shared,Ungood/img/00436_60.png,1,0.7837665677070618,0.9917826652526855,0.9847672581672668
Brain,15,current_shared,Ungood/img/00436_68.png,1,0.8159953355789185,0.9962629675865173,0.9951382875442505
Brain,15,current_shared,Ungood/img/00436_76.png,1,0.8137860894203186,0.9955878257751465,0.9937246441841125
Brain,15,current_shared,Ungood/img/00436_84.png,1,0.8045178055763245,0.9949055910110474,0.9910980463027954
Brain,15,current_shared,Ungood/img/00436_92.png,1,0.8054931163787842,0.967011034488678,0.9522213935852051
Brain,15,current_shared,Ungood/img/00440_60.png,1,0.778708279132843,0.9990148544311523,0.998688817024231
Brain,15,current_shared,Ungood/img/00440_68.png,1,0.8125636577606201,0.9835504293441772,0.9505929946899414
Brain,15,current_shared,Ungood/img/00440_76.png,1,0.8146692514419556,0.9986439347267151,0.9958003163337708
Brain,15,current_shared,Ungood/img/00440_84.png,1,0.8161590695381165,0.9991056323051453,0.9967625141143799
Brain,15,current_shared,Ungood/img/00440_92.png,1,0.8104228377342224,0.9973104000091553,0.9938968420028687
Brain,15,current_shared,Ungood/img/00443_60.png,1,0.8138189911842346,0.9958212375640869,0.9894101023674011
Brain,15,current_shared,Ungood/img/00443_68.png,1,0.8088642358779907,0.9960579872131348,0.9941388964653015
Brain,15,current_shared,Ungood/img/00443_76.png,1,0.8052822351455688,0.9995478987693787,0.9993524551391602
Brain,15,current_shared,Ungood/img/00443_84.png,1,0.8079227805137634,0.9987314343452454,0.998335063457489
Brain,15,current_shared,Ungood/img/00443_92.png,1,0.7911590337753296,0.9933872818946838,0.9899947643280029
Brain,15,current_shared,Ungood/img/00445_60.png,1,0.7847987413406372,0.9997871518135071,0.999692440032959
Brain,15,current_shared,Ungood/img/00445_68.png,1,0.8100396990776062,0.9991156458854675,0.9981558322906494
Brain,15,current_shared,Ungood/img/00445_76.png,1,0.8136830925941467,0.997900128364563,0.9965529441833496
Brain,15,current_shared,Ungood/img/00445_84.png,1,0.8141821026802063,0.9475998878479004,0.8948836326599121
Brain,15,current_shared,Ungood/img/00445_92.png,1,0.8148674964904785,0.7326822876930237,0.6271989941596985
Brain,15,current_shared,Ungood/img/00446_60.png,1,0.8048645853996277,0.9998279809951782,0.9997978806495667
Brain,15,current_shared,Ungood/img/00446_68.png,1,0.802745521068573,0.9995056390762329,0.99928879737854
Brain,15,current_shared,Ungood/img/00446_76.png,1,0.8062928318977356,0.9954928159713745,0.9913193583488464
Brain,15,current_shared,Ungood/img/00446_84.png,1,0.8137823343276978,0.9973905682563782,0.9936570525169373
Brain,15,current_shared,Ungood/img/00446_92.png,1,0.8105745315551758,0.9986644983291626,0.9966702461242676
Brain,15,current_shared,Ungood/img/00448_60.png,1,0.8020355701446533,0.9969335794448853,0.9964097738265991
Brain,15,current_shared,Ungood/img/00448_68.png,1,0.7908273935317993,0.9973456263542175,0.9958876371383667
Brain,15,current_shared,Ungood/img/00448_76.png,1,0.7796250581741333,0.9909823536872864,0.9875126481056213
Brain,15,current_shared,Ungood/img/00448_84.png,1,0.7979498505592346,0.9759657382965088,0.9651598334312439
Brain,15,current_shared,Ungood/img/00448_92.png,1,0.7893142104148865,0.9306885004043579,0.8618471622467041
Brain,15,current_shared,Ungood/img/00449_60.png,1,0.8012775778770447,0.9989299178123474,0.9972362518310547
Brain,15,current_shared,Ungood/img/00449_68.png,1,0.8222149014472961,0.999136745929718,0.9980825185775757
Brain,15,current_shared,Ungood/img/00449_76.png,1,0.8249427676200867,0.9993405938148499,0.9979097247123718
Brain,15,current_shared,Ungood/img/00449_84.png,1,0.8252033591270447,0.9988718628883362,0.9955496191978455
Brain,15,current_shared,Ungood/img/00449_92.png,1,0.8253482580184937,0.9960538148880005,0.9929624795913696
Brain,15,current_shared,Ungood/img/00452_60.png,1,0.6270549297332764,0.5789393186569214,0.5047558546066284
Brain,15,current_shared,Ungood/img/00452_68.png,1,0.802949070930481,0.9985766410827637,0.99759441614151
Brain,15,current_shared,Ungood/img/00452_76.png,1,0.8050184845924377,0.9970376491546631,0.9933392405509949
Brain,15,current_shared,Ungood/img/00452_84.png,1,0.8129340410232544,0.9979149699211121,0.9963206052780151
Brain,15,current_shared,Ungood/img/00452_92.png,1,0.7998915314674377,0.9958726763725281,0.9834292531013489
Brain,15,current_shared,Ungood/img/00454_60.png,1,0.78199702501297,0.9996757507324219,0.9995415806770325
Brain,15,current_shared,Ungood/img/00454_68.png,1,0.7988905310630798,0.9994428753852844,0.9989216327667236
Brain,15,current_shared,Ungood/img/00454_76.png,1,0.765260636806488,0.9991039633750916,0.9986445903778076
Brain,15,current_shared,Ungood/img/00454_84.png,1,0.8048074841499329,0.9742982983589172,0.9595328569412231
Brain,15,current_shared,Ungood/img/00454_92.png,1,0.8071911334991455,0.9977508187294006,0.9955934882164001
Brain,15,current_shared,Ungood/img/00456_60.png,1,0.8161086440086365,0.9981820583343506,0.9974882006645203
Brain,15,current_shared,Ungood/img/00456_68.png,1,0.8106352686882019,0.9989019632339478,0.9981232285499573
Brain,15,current_shared,Ungood/img/00456_76.png,1,0.8124924898147583,0.9954042434692383,0.9943531155586243
Brain,15,current_shared,Ungood/img/00456_84.png,1,0.8164136409759521,0.9991112351417542,0.9983442425727844
Brain,15,current_shared,Ungood/img/00456_92.png,1,0.8174300789833069,0.9942641854286194,0.9915852546691895
Brain,15,current_shared,Ungood/img/00468_60.png,1,0.7597309350967407,0.9995138645172119,0.9993943572044373
Brain,15,current_shared,Ungood/img/00468_68.png,1,0.8135510683059692,0.997313916683197,0.9968825578689575
Brain,15,current_shared,Ungood/img/00468_76.png,1,0.7765389084815979,0.9870036244392395,0.9816820025444031
Brain,15,current_shared,Ungood/img/00468_84.png,1,0.8042786717414856,0.99228435754776,0.986855149269104
Brain,15,current_shared,Ungood/img/00468_92.png,1,0.8051746487617493,0.991981029510498,0.9831368327140808
Brain,15,current_shared,Ungood/img/00469_60.png,1,0.8020919561386108,0.9997492432594299,0.9993994832038879
Brain,15,current_shared,Ungood/img/00469_68.png,1,0.7442375421524048,0.9986151456832886,0.9965123534202576
Brain,15,current_shared,Ungood/img/00469_76.png,1,0.7941854596138,0.9979705214500427,0.9966992735862732
Brain,15,current_shared,Ungood/img/00469_84.png,1,0.7834636569023132,0.9815937876701355,0.9613375663757324
Brain,15,current_shared,Ungood/img/00469_92.png,1,0.7913295030593872,0.9733378291130066,0.944539487361908
Brain,15,current_shared,Ungood/img/00477_60.png,1,0.8203545808792114,0.9996411800384521,0.9994642734527588
Brain,15,current_shared,Ungood/img/00477_68.png,1,0.7400085926055908,0.9994783997535706,0.9988324046134949
Brain,15,current_shared,Ungood/img/00477_76.png,1,0.8091809153556824,0.9282761812210083,0.772827684879303
Brain,15,current_shared,Ungood/img/00477_84.png,1,0.8128210306167603,0.997405469417572,0.9959741234779358
Brain,15,current_shared,Ungood/img/00477_92.png,1,0.7777751088142395,0.9606187343597412,0.9461166858673096
Brain,15,current_shared,Ungood/img/00480_60.png,1,0.8029881715774536,0.9486321210861206,0.9221020340919495
Brain,15,current_shared,Ungood/img/00480_68.png,1,0.7996007204055786,0.9784162044525146,0.9531075358390808
Brain,15,current_shared,Ungood/img/00480_76.png,1,0.7980988025665283,0.9789493083953857,0.9546229839324951
Brain,15,current_shared,Ungood/img/00480_84.png,1,0.8045544624328613,0.9943521022796631,0.9903051257133484
Brain,15,current_shared,Ungood/img/00480_92.png,1,0.8081346154212952,0.9877795577049255,0.9062545299530029
Brain,15,current_shared,Ungood/img/00481_60.png,1,0.7991172671318054,0.9841635823249817,0.9529401659965515
Brain,15,current_shared,Ungood/img/00481_68.png,1,0.8057170510292053,0.9940831065177917,0.9914849400520325
Brain,15,current_shared,Ungood/img/00481_76.png,1,0.8120041489601135,0.9511615037918091,0.9321649074554443
Brain,15,current_shared,Ungood/img/00481_84.png,1,0.8162335157394409,0.992584228515625,0.9860197901725769
Brain,15,current_shared,Ungood/img/00481_92.png,1,0.8116620182991028,0.9895368814468384,0.98040771484375
Brain,15,current_shared,Ungood/img/00483_60.png,1,0.7880813479423523,0.993164598941803,0.9889492988586426
Brain,15,current_shared,Ungood/img/00483_68.png,1,0.8070958256721497,0.9844703674316406,0.9677440524101257
Brain,15,current_shared,Ungood/img/00483_76.png,1,0.8151865601539612,0.998214840888977,0.9972348809242249
Brain,15,current_shared,Ungood/img/00483_84.png,1,0.8211504220962524,0.9970515966415405,0.9924978613853455
Brain,15,current_shared,Ungood/img/00483_92.png,1,0.8189728856086731,0.9884588122367859,0.9605733156204224
Brain,15,current_shared,Ungood/img/00494_60.png,1,0.7953493595123291,0.9988349080085754,0.9984042048454285
Brain,15,current_shared,Ungood/img/00494_68.png,1,0.8122324347496033,0.8402574062347412,0.6993376612663269
Brain,15,current_shared,Ungood/img/00494_76.png,1,0.7615165114402771,0.9989200830459595,0.998492956161499
Brain,15,current_shared,Ungood/img/00494_84.png,1,0.7810540795326233,0.9863848090171814,0.9735937118530273
Brain,15,current_shared,Ungood/img/00494_92.png,1,0.7912454009056091,0.9898144006729126,0.9840664863586426
Brain,15,current_shared,Ungood/img/00498_60.png,1,0.8081502914428711,0.9994138479232788,0.9989558458328247
Brain,15,current_shared,Ungood/img/00498_68.png,1,0.6153983473777771,0.5115508437156677,0.3849344551563263
Brain,15,current_shared,Ungood/img/00498_76.png,1,0.8003407716751099,0.9948177933692932,0.9913464784622192
Brain,15,current_shared,Ungood/img/00498_84.png,1,0.5262027382850647,0.01746039092540741,0.008629195392131805
Brain,15,current_shared,Ungood/img/00498_92.png,1,0.8027136325836182,0.08338168263435364,0.02828414924442768
Brain,15,current_shared,Ungood/img/00499_60.png,1,0.792628824710846,0.9989023208618164,0.9986250400543213
Brain,15,current_shared,Ungood/img/00499_68.png,1,0.7994216680526733,0.9986695051193237,0.9974429607391357
Brain,15,current_shared,Ungood/img/00499_76.png,1,0.7936930060386658,0.9963937401771545,0.9941447377204895
Brain,15,current_shared,Ungood/img/00499_84.png,1,0.7964725494384766,0.9923774003982544,0.9850038886070251
Brain,15,current_shared,Ungood/img/00499_92.png,1,0.8006479740142822,0.9315874576568604,0.8275900483131409
Brain,15,current_shared,Ungood/img/00501_60.png,1,0.8082688450813293,0.9995951056480408,0.9993469715118408
Brain,15,current_shared,Ungood/img/00501_68.png,1,0.796697735786438,0.9743449091911316,0.9553502798080444
Brain,15,current_shared,Ungood/img/00501_76.png,1,0.8052281737327576,0.7889111042022705,0.46106448769569397
Brain,15,current_shared,Ungood/img/00501_84.png,1,0.7996209263801575,0.9936578869819641,0.9886707663536072
Brain,15,current_shared,Ungood/img/00501_92.png,1,0.8101797103881836,0.9990297555923462,0.9982420802116394
Brain,15,current_shared,Ungood/img/00502_60.png,1,0.8213284611701965,0.9912661910057068,0.9820571541786194
Brain,15,current_shared,Ungood/img/00502_68.png,1,0.8183183670043945,0.9837384223937988,0.9563188552856445
Brain,15,current_shared,Ungood/img/00502_76.png,1,0.8122419118881226,0.9967663288116455,0.993436336517334
Brain,15,current_shared,Ungood/img/00502_84.png,1,0.5151480436325073,0.004962218925356865,0.0022383041214197874
Brain,15,current_shared,Ungood/img/00502_92.png,1,0.5122635364532471,5.493812932400033e-05,2.1869484044145793e-05
Brain,15,current_shared,Ungood/img/00505_60.png,1,0.8036870956420898,0.9993118047714233,0.9990823864936829
Brain,15,current_shared,Ungood/img/00505_68.png,1,0.7753224968910217,0.9858095049858093,0.977620542049408
Brain,15,current_shared,Ungood/img/00505_76.png,1,0.8090799450874329,0.9915552735328674,0.9751737713813782
Brain,15,current_shared,Ungood/img/00505_84.png,1,0.8103759288787842,0.957984209060669,0.9362214803695679
Brain,15,current_shared,Ungood/img/00505_92.png,1,0.8019880652427673,0.7544301748275757,0.6274257898330688
Brain,15,current_shared,Ungood/img/00507_60.png,1,0.8148995637893677,0.9985435009002686,0.9971376061439514
Brain,15,current_shared,Ungood/img/00507_68.png,1,0.8167026042938232,0.9991819262504578,0.9980189800262451
Brain,15,current_shared,Ungood/img/00507_76.png,1,0.8214616775512695,0.9971283078193665,0.996321439743042
Brain,15,current_shared,Ungood/img/00507_84.png,1,0.8172811269760132,0.998045802116394,0.9961861968040466
Brain,15,current_shared,Ungood/img/00507_92.png,1,0.8044940233230591,0.9855395555496216,0.9632272124290466
Brain,15,current_shared,Ungood/img/00510_60.png,1,0.794365406036377,0.9986677169799805,0.9981295466423035
Brain,15,current_shared,Ungood/img/00510_68.png,1,0.8055276870727539,0.9994988441467285,0.9979999661445618
Brain,15,current_shared,Ungood/img/00510_76.png,1,0.7811561226844788,0.0040922765620052814,0.0017044625710695982
Brain,15,current_shared,Ungood/img/00510_84.png,1,0.5260000228881836,2.1099318473716266e-05,1.484192853240529e-05
Brain,15,current_shared,Ungood/img/00510_92.png,1,0.5052645802497864,3.100226604146883e-05,1.9931232600356452e-05
Brain,15,current_shared,Ungood/img/00512_60.png,1,0.7968858480453491,0.9989305138587952,0.998268187046051
Brain,15,current_shared,Ungood/img/00512_68.png,1,0.8049297332763672,0.9978693723678589,0.9970514178276062
Brain,15,current_shared,Ungood/img/00512_76.png,1,0.7874442934989929,0.9986182451248169,0.9976464509963989
Brain,15,current_shared,Ungood/img/00512_84.png,1,0.8008388876914978,0.99064040184021,0.9881676435470581
Brain,15,current_shared,Ungood/img/00512_92.png,1,0.8084311485290527,0.9903429746627808,0.9855180978775024
Brain,15,current_shared,Ungood/img/00513_60.png,1,0.7981107234954834,0.9973520040512085,0.996414840221405
Brain,15,current_shared,Ungood/img/00513_68.png,1,0.805004894733429,0.9982584118843079,0.9977713823318481
Brain,15,current_shared,Ungood/img/00513_76.png,1,0.8150099515914917,0.9952346682548523,0.9929612278938293
Brain,15,current_shared,Ungood/img/00513_84.png,1,0.8190908432006836,0.9948593378067017,0.9913161993026733
Brain,15,current_shared,Ungood/img/00513_92.png,1,0.8169048428535461,0.9975475668907166,0.9931355714797974
Brain,15,current_shared,Ungood/img/00517_60.png,1,0.7923754453659058,0.9791116714477539,0.940457284450531
Brain,15,current_shared,Ungood/img/00517_68.png,1,0.806205153465271,0.9865753054618835,0.9762746095657349
Brain,15,current_shared,Ungood/img/00517_76.png,1,0.8137169480323792,0.9895546436309814,0.9787395596504211
Brain,15,current_shared,Ungood/img/00517_84.png,1,0.8071375489234924,0.9915321469306946,0.9856439232826233
Brain,15,current_shared,Ungood/img/00517_92.png,1,0.8181383609771729,0.9964457154273987,0.9931122064590454
Brain,15,current_shared,Ungood/img/00518_60.png,1,0.6679086685180664,0.07672508805990219,0.044621169567108154
Brain,15,current_shared,Ungood/img/00518_68.png,1,0.8095260858535767,0.9972383975982666,0.9954555630683899
Brain,15,current_shared,Ungood/img/00518_76.png,1,0.8005149960517883,0.9974505305290222,0.9962268471717834
Brain,15,current_shared,Ungood/img/00518_84.png,1,0.800983726978302,0.9904278516769409,0.9853785634040833
Brain,15,current_shared,Ungood/img/00518_92.png,1,0.8089096546173096,0.9978224039077759,0.9944117069244385
Brain,15,current_shared,Ungood/img/00519_60.png,1,0.8175337314605713,0.996936559677124,0.9953427910804749
Brain,15,current_shared,Ungood/img/00519_68.png,1,0.8161059617996216,0.9599197506904602,0.9450085163116455
Brain,15,current_shared,Ungood/img/00519_76.png,1,0.8129022121429443,0.9932113885879517,0.9797713756561279
Brain,15,current_shared,Ungood/img/00519_84.png,1,0.8109086751937866,0.9927211403846741,0.982720136642456
Brain,15,current_shared,Ungood/img/00519_92.png,1,0.8051038980484009,0.8986126184463501,0.8157356977462769
Brain,15,current_shared,Ungood/img/00526_60.png,1,0.7841395139694214,0.9720969796180725,0.9551398158073425
Brain,15,current_shared,Ungood/img/00526_68.png,1,0.789401650428772,0.9258005023002625,0.8699585795402527
Brain,15,current_shared,Ungood/img/00526_76.png,1,0.8212913870811462,0.9856875538825989,0.9568586349487305
Brain,15,current_shared,Ungood/img/00526_84.png,1,0.8056732416152954,0.9898574352264404,0.9809300303459167
Brain,15,current_shared,Ungood/img/00526_92.png,1,0.7593950629234314,0.8807212114334106,0.8063415288925171
Brain,15,current_shared,Ungood/img/00528_60.png,1,0.8114254474639893,0.9925048351287842,0.9867048859596252
Brain,15,current_shared,Ungood/img/00528_68.png,1,0.8036839365959167,0.988746702671051,0.98210608959198
Brain,15,current_shared,Ungood/img/00528_76.png,1,0.818588137626648,0.995796799659729,0.9939654469490051
Brain,15,current_shared,Ungood/img/00528_84.png,1,0.8095916509628296,0.9874297976493835,0.984478771686554
Brain,15,current_shared,Ungood/img/00528_92.png,1,0.7983575463294983,0.9913583993911743,0.9853484630584717
Brain,15,current_shared,Ungood/img/00529_60.png,1,0.8149749636650085,0.776084303855896,0.5055462121963501
Brain,15,current_shared,Ungood/img/00529_68.png,1,0.8102899789810181,0.8076950907707214,0.6019881963729858
Brain,15,current_shared,Ungood/img/00529_76.png,1,0.8097109794616699,0.9864664673805237,0.9428022503852844
Brain,15,current_shared,Ungood/img/00529_84.png,1,0.7975101470947266,0.971244215965271,0.8458055257797241
Brain,15,current_shared,Ungood/img/00529_92.png,1,0.8087900876998901,0.9347590208053589,0.5141919255256653
Brain,15,current_shared,Ungood/img/00533_60.png,1,0.8085780143737793,0.9977113008499146,0.9908602237701416
Brain,15,current_shared,Ungood/img/00533_68.png,1,0.8051139712333679,0.9857339859008789,0.9156506061553955
Brain,15,current_shared,Ungood/img/00533_76.png,1,0.8090699315071106,0.9974351525306702,0.9823494553565979
Brain,15,current_shared,Ungood/img/00533_84.png,1,0.8098097443580627,0.6441783308982849,0.3597085475921631
Brain,15,current_shared,Ungood/img/00533_92.png,1,0.8096832036972046,0.9592816233634949,0.8698418736457825
Brain,15,current_shared,Ungood/img/00538_60.png,1,0.8003676533699036,0.9997286200523376,0.9996469020843506
Brain,15,current_shared,Ungood/img/00538_68.png,1,0.7695587873458862,0.9988880753517151,0.9981212615966797
Brain,15,current_shared,Ungood/img/00538_76.png,1,0.8108327984809875,0.9974185228347778,0.9960160851478577
Brain,15,current_shared,Ungood/img/00538_84.png,1,0.8065686821937561,0.9949989318847656,0.9916673898696899
Brain,15,current_shared,Ungood/img/00538_92.png,1,0.8121106028556824,0.9965799450874329,0.9869958162307739
Brain,15,current_shared,Ungood/img/00539_60.png,1,0.8118177652359009,0.9967511892318726,0.9941002726554871
Brain,15,current_shared,Ungood/img/00539_68.png,1,0.8122600317001343,0.9913781881332397,0.9829732775688171
Brain,15,current_shared,Ungood/img/00539_76.png,1,0.8129700422286987,0.9972907900810242,0.9935937523841858
Brain,15,current_shared,Ungood/img/00539_84.png,1,0.8191071152687073,0.991698145866394,0.984311044216156
Brain,15,current_shared,Ungood/img/00539_92.png,1,0.816228985786438,0.9947676658630371,0.984918475151062
Brain,15,current_shared,Ungood/img/00543_60.png,1,0.815697431564331,0.9976720213890076,0.9956539869308472
Brain,15,current_shared,Ungood/img/00543_68.png,1,0.8167874217033386,0.9926308393478394,0.9891183972358704
Brain,15,current_shared,Ungood/img/00543_76.png,1,0.8041366338729858,0.9958935976028442,0.9907411932945251
Brain,15,current_shared,Ungood/img/00543_84.png,1,0.8060212135314941,0.9963262677192688,0.9933001399040222
Brain,15,current_shared,Ungood/img/00543_92.png,1,0.8032750487327576,0.9947528839111328,0.9910091757774353
Brain,15,current_shared,Ungood/img/00548_60.png,1,0.7217151522636414,0.9977282881736755,0.9964646100997925
Brain,15,current_shared,Ungood/img/00548_68.png,1,0.7173324823379517,0.9981720447540283,0.9975058436393738
Brain,15,current_shared,Ungood/img/00548_76.png,1,0.8005371689796448,0.9786755442619324,0.9710507988929749
Brain,15,current_shared,Ungood/img/00548_84.png,1,0.8056454062461853,0.9664017558097839,0.9525778889656067
Brain,15,current_shared,Ungood/img/00548_92.png,1,0.8068857789039612,0.9802699089050293,0.9614959955215454
Brain,15,current_shared,Ungood/img/00552_60.png,1,0.8109415173530579,0.9997207522392273,0.9995775818824768
Brain,15,current_shared,Ungood/img/00552_68.png,1,0.8097459077835083,0.9849900603294373,0.9778730869293213
Brain,15,current_shared,Ungood/img/00552_76.png,1,0.8017986416816711,0.9944084286689758,0.989499568939209
Brain,15,current_shared,Ungood/img/00552_84.png,1,0.7963393926620483,0.9968122839927673,0.9956086874008179
Brain,15,current_shared,Ungood/img/00552_92.png,1,0.8062276244163513,0.9969769716262817,0.9921460151672363
Brain,15,current_shared,Ungood/img/00558_60.png,1,0.7574056386947632,0.9690744876861572,0.9588373899459839
Brain,15,current_shared,Ungood/img/00558_68.png,1,0.5283236503601074,0.5469858646392822,0.3387002944946289
Brain,15,current_shared,Ungood/img/00558_76.png,1,0.8089188933372498,0.998496413230896,0.9974023103713989
Brain,15,current_shared,Ungood/img/00558_84.png,1,0.8123859763145447,0.9975074529647827,0.9960249066352844
Brain,15,current_shared,Ungood/img/00558_92.png,1,0.8187544941902161,0.9980565905570984,0.9975205659866333
Brain,15,current_shared,Ungood/img/00559_60.png,1,0.8207067847251892,0.965243399143219,0.947435200214386
Brain,15,current_shared,Ungood/img/00559_68.png,1,0.787739634513855,0.6990172863006592,0.6309855580329895
Brain,15,current_shared,Ungood/img/00559_76.png,1,0.7149611711502075,0.7808308005332947,0.6715710759162903
Brain,15,current_shared,Ungood/img/00559_84.png,1,0.8097474575042725,0.878605842590332,0.7782618999481201
Brain,15,current_shared,Ungood/img/00559_92.png,1,0.777195930480957,0.9260743856430054,0.6842038631439209
Brain,15,current_shared,Ungood/img/00561_60.png,1,0.7480990290641785,0.9996765851974487,0.9991644620895386
Brain,15,current_shared,Ungood/img/00561_68.png,1,0.781453549861908,0.9985910058021545,0.9968048930168152
Brain,15,current_shared,Ungood/img/00561_76.png,1,0.7889425754547119,0.9050112366676331,0.8444027304649353
Brain,15,current_shared,Ungood/img/00561_84.png,1,0.7602424621582031,0.9872122406959534,0.9642794132232666
Brain,15,current_shared,Ungood/img/00561_92.png,1,0.8061828017234802,0.9368563294410706,0.9145708084106445
Brain,15,current_shared,Ungood/img/00565_60.png,1,0.7709176540374756,0.9997802376747131,0.9996552467346191
Brain,15,current_shared,Ungood/img/00565_68.png,1,0.7971978783607483,0.999163031578064,0.9986172914505005
Brain,15,current_shared,Ungood/img/00565_76.png,1,0.7966747283935547,0.9982807636260986,0.9963646531105042
Brain,15,current_shared,Ungood/img/00565_84.png,1,0.7908492684364319,0.2799609899520874,0.147866353392601
Brain,15,current_shared,Ungood/img/00565_92.png,1,0.7631218433380127,0.013713940046727657,0.00771315535530448
Brain,15,current_shared,Ungood/img/00567_60.png,1,0.8112637400627136,0.9985560774803162,0.9978248476982117
Brain,15,current_shared,Ungood/img/00567_68.png,1,0.7980014681816101,0.9964284300804138,0.9826611280441284
Brain,15,current_shared,Ungood/img/00567_76.png,1,0.8057558536529541,0.9971458315849304,0.995116114616394
Brain,15,current_shared,Ungood/img/00567_84.png,1,0.8062085509300232,0.9899068474769592,0.9097656607627869
Brain,15,current_shared,Ungood/img/00567_92.png,1,0.8116277456283569,0.9835819005966187,0.898173451423645
Brain,15,current_shared,Ungood/img/00568_60.png,1,0.8162620067596436,0.9990235567092896,0.9983210563659668
Brain,15,current_shared,Ungood/img/00568_68.png,1,0.8170314431190491,0.9982172846794128,0.9969622492790222
Brain,15,current_shared,Ungood/img/00568_76.png,1,0.8147078156471252,0.9981094598770142,0.996703565120697
Brain,15,current_shared,Ungood/img/00568_84.png,1,0.822297990322113,0.9924847483634949,0.9883393049240112
Brain,15,current_shared,Ungood/img/00568_92.png,1,0.823884904384613,0.9984355568885803,0.9956856369972229
Brain,15,current_shared,Ungood/img/00569_60.png,1,0.8086295127868652,0.9999167919158936,0.9998528361320496
Brain,15,current_shared,Ungood/img/00569_68.png,1,0.8068073391914368,0.9995755553245544,0.9992870688438416
Brain,15,current_shared,Ungood/img/00569_76.png,1,0.8033447861671448,0.9994158744812012,0.9991963505744934
Brain,15,current_shared,Ungood/img/00569_84.png,1,0.8151494860649109,0.9993497729301453,0.9991633296012878
Brain,15,current_shared,Ungood/img/00569_92.png,1,0.7474682927131653,0.9812528491020203,0.972332775592804
Brain,15,current_shared,Ungood/img/00572_60.png,1,0.7803957462310791,0.9996241331100464,0.9994375109672546
Brain,15,current_shared,Ungood/img/00572_68.png,1,0.8113894462585449,0.9983194470405579,0.9975181221961975
Brain,15,current_shared,Ungood/img/00572_76.png,1,0.8147578835487366,0.9987885355949402,0.998181164264679
Brain,15,current_shared,Ungood/img/00572_84.png,1,0.8062891364097595,0.9949530363082886,0.9880003929138184
Brain,15,current_shared,Ungood/img/00572_92.png,1,0.810426652431488,0.9946866035461426,0.9914277791976929
Brain,15,current_shared,Ungood/img/00575_60.png,1,0.7945963144302368,0.996208667755127,0.9949416518211365
Brain,15,current_shared,Ungood/img/00575_68.png,1,0.7838651537895203,0.9948480129241943,0.9914730787277222
Brain,15,current_shared,Ungood/img/00575_76.png,1,0.8134089112281799,0.9845784902572632,0.9730831384658813
Brain,15,current_shared,Ungood/img/00575_84.png,1,0.8181753754615784,0.9964125752449036,0.9929493069648743
Brain,15,current_shared,Ungood/img/00575_92.png,1,0.8072946071624756,0.9939557909965515,0.9889752864837646
Brain,15,current_shared,Ungood/img/00577_60.png,1,0.8070855140686035,0.9995991587638855,0.9992668628692627
Brain,15,current_shared,Ungood/img/00577_68.png,1,0.8162291049957275,0.995936393737793,0.9938933253288269
Brain,15,current_shared,Ungood/img/00577_76.png,1,0.810316264629364,0.9986810088157654,0.9979581236839294
Brain,15,current_shared,Ungood/img/00577_84.png,1,0.7954397797584534,0.9992958307266235,0.9987788796424866
Brain,15,current_shared,Ungood/img/00577_92.png,1,0.8099481463432312,0.9978283047676086,0.996698260307312
Brain,15,current_shared,Ungood/img/00579_60.png,1,0.8130412101745605,0.9951057434082031,0.987138032913208
Brain,15,current_shared,Ungood/img/00579_68.png,1,0.8172000646591187,0.998298704624176,0.9952620267868042
Brain,15,current_shared,Ungood/img/00579_76.png,1,0.7956905364990234,0.9983741044998169,0.996195375919342
Brain,15,current_shared,Ungood/img/00579_84.png,1,0.8214156031608582,0.9956861734390259,0.9943711161613464
Brain,15,current_shared,Ungood/img/00579_92.png,1,0.8173813223838806,0.9968494772911072,0.9938362836837769
Brain,15,current_shared,Ungood/img/00581_60.png,1,0.7944841980934143,0.9998823404312134,0.9998430013656616
Brain,15,current_shared,Ungood/img/00581_68.png,1,0.7724094986915588,0.9997133612632751,0.99959397315979
Brain,15,current_shared,Ungood/img/00581_76.png,1,0.7749732732772827,0.9987362027168274,0.9975939989089966
Brain,15,current_shared,Ungood/img/00581_84.png,1,0.8056814670562744,0.9990915060043335,0.9986870884895325
Brain,15,current_shared,Ungood/img/00581_92.png,1,0.8006594777107239,0.9986818432807922,0.998346209526062
Brain,15,current_shared,Ungood/img/00583_60.png,1,0.8187312483787537,0.9990494847297668,0.9984049797058105
Brain,15,current_shared,Ungood/img/00583_68.png,1,0.8038559556007385,0.9996001124382019,0.9991340637207031
Brain,15,current_shared,Ungood/img/00583_76.png,1,0.8038729429244995,0.9973682761192322,0.9949045181274414
Brain,15,current_shared,Ungood/img/00583_84.png,1,0.8085154294967651,0.9985049962997437,0.997346818447113
Brain,15,current_shared,Ungood/img/00583_92.png,1,0.8128529191017151,0.9983114004135132,0.9959735870361328
Brain,15,current_shared,Ungood/img/00586_60.png,1,0.8054711222648621,0.9986796975135803,0.9982719421386719
Brain,15,current_shared,Ungood/img/00586_68.png,1,0.8016833066940308,0.9869140982627869,0.9693982005119324
Brain,15,current_shared,Ungood/img/00586_76.png,1,0.8095172047615051,0.9994996786117554,0.9991880059242249
Brain,15,current_shared,Ungood/img/00586_84.png,1,0.8104109764099121,0.9983013868331909,0.9969086647033691
Brain,15,current_shared,Ungood/img/00586_92.png,1,0.8019059896469116,0.9938514232635498,0.9852253198623657
Brain,15,current_shared,Ungood/img/00587_60.png,1,0.8036324977874756,0.9995610117912292,0.9994005560874939
Brain,15,current_shared,Ungood/img/00587_68.png,1,0.7682610750198364,0.9998513460159302,0.9997016787528992
Brain,15,current_shared,Ungood/img/00587_76.png,1,0.8102701902389526,0.9994825124740601,0.9991886019706726
Brain,15,current_shared,Ungood/img/00587_84.png,1,0.819104015827179,0.9992027878761292,0.9985982775688171
Brain,15,current_shared,Ungood/img/00587_92.png,1,0.8170561790466309,0.9967124462127686,0.993546724319458
Brain,15,current_shared,Ungood/img/00588_60.png,1,0.8006235957145691,0.9999446868896484,0.9998855590820312
Brain,15,current_shared,Ungood/img/00588_68.png,1,0.7896743416786194,0.9993225336074829,0.9987955093383789
Brain,15,current_shared,Ungood/img/00588_76.png,1,0.749373197555542,0.999076247215271,0.9985994100570679
Brain,15,current_shared,Ungood/img/00588_84.png,1,0.6691862344741821,0.9978898167610168,0.9930048584938049
Brain,15,current_shared,Ungood/img/00588_92.png,1,0.8071895241737366,0.9702667593955994,0.9545276165008545
Brain,15,current_shared,Ungood/img/00590_60.png,1,0.7926875352859497,0.9997853636741638,0.9996626973152161
Brain,15,current_shared,Ungood/img/00590_68.png,1,0.807371973991394,0.9994069337844849,0.9990280866622925
Brain,15,current_shared,Ungood/img/00590_76.png,1,0.7904080748558044,0.9988217949867249,0.9972677826881409
Brain,15,current_shared,Ungood/img/00590_84.png,1,0.8164395689964294,0.9941991567611694,0.9921703934669495
Brain,15,current_shared,Ungood/img/00590_92.png,1,0.8047699332237244,0.9795272946357727,0.9742913842201233
Brain,15,current_shared,Ungood/img/00591_60.png,1,0.8071490526199341,0.9997504353523254,0.9996514320373535
Brain,15,current_shared,Ungood/img/00591_68.png,1,0.7872153520584106,0.9996335506439209,0.999273419380188
Brain,15,current_shared,Ungood/img/00591_76.png,1,0.7602106928825378,0.9990111589431763,0.9984265565872192
Brain,15,current_shared,Ungood/img/00591_84.png,1,0.8160597681999207,0.9969755411148071,0.9962443709373474
Brain,15,current_shared,Ungood/img/00591_92.png,1,0.8092690110206604,0.9973328113555908,0.9962069988250732
Brain,15,current_shared,Ungood/img/00605_60.png,1,0.8050419688224792,0.9994372725486755,0.9989582896232605
Brain,15,current_shared,Ungood/img/00605_68.png,1,0.8162542581558228,0.9991099238395691,0.9985629320144653
Brain,15,current_shared,Ungood/img/00605_76.png,1,0.5454835891723633,0.01219955738633871,0.008033452555537224
Brain,15,current_shared,Ungood/img/00605_84.png,1,0.8199268579483032,0.9845992922782898,0.9747396111488342
Brain,15,current_shared,Ungood/img/00605_92.png,1,0.6644186973571777,0.9860658645629883,0.9718992710113525
Brain,15,current_shared,Ungood/img/00606_60.png,1,0.7319320440292358,0.9816263914108276,0.9718932509422302
Brain,15,current_shared,Ungood/img/00606_68.png,1,0.8087741732597351,0.9984239339828491,0.997723400592804
Brain,15,current_shared,Ungood/img/00606_76.png,1,0.7928149104118347,0.9986458420753479,0.9983084201812744
Brain,15,current_shared,Ungood/img/00606_84.png,1,0.8133624792098999,0.9964575171470642,0.9929074645042419
Brain,15,current_shared,Ungood/img/00606_92.png,1,0.5185227990150452,0.0025232587940990925,0.0011313686845824122
Brain,15,current_shared,Ungood/img/00607_60.png,1,0.8035975098609924,0.9940896034240723,0.978255033493042
Brain,15,current_shared,Ungood/img/00607_68.png,1,0.8051441311836243,0.9898409247398376,0.9856470227241516
Brain,15,current_shared,Ungood/img/00607_76.png,1,0.8011540174484253,0.9614450335502625,0.9527435898780823
Brain,15,current_shared,Ungood/img/00607_84.png,1,0.8026889562606812,0.9398136138916016,0.8940169811248779
Brain,15,current_shared,Ungood/img/00607_92.png,1,0.7827568650245667,0.49848952889442444,0.15370813012123108
Brain,15,current_shared,Ungood/img/00608_60.png,1,0.8164364099502563,0.9961757659912109,0.9948491454124451
Brain,15,current_shared,Ungood/img/00608_68.png,1,0.7853883504867554,0.9963833093643188,0.9955419898033142
Brain,15,current_shared,Ungood/img/00608_76.png,1,0.8032404780387878,0.9711158275604248,0.9549750685691833
Brain,15,current_shared,Ungood/img/00608_84.png,1,0.7797728776931763,0.9352129697799683,0.8971125483512878
Brain,15,current_shared,Ungood/img/00608_92.png,1,0.8040271401405334,0.947973370552063,0.9054309129714966
Brain,15,current_shared,Ungood/img/00610_60.png,1,0.5966947674751282,0.4171872138977051,0.20020058751106262
Brain,15,current_shared,Ungood/img/00610_68.png,1,0.7995813488960266,0.8667570352554321,0.4668761193752289
Brain,15,current_shared,Ungood/img/00610_76.png,1,0.8144301176071167,0.009450571611523628,0.004155680071562529
Brain,15,current_shared,Ungood/img/00610_84.png,1,0.8137475848197937,0.05893394351005554,0.017218565568327904
Brain,15,current_shared,Ungood/img/00610_92.png,1,0.5366368293762207,0.0021443364676088095,0.0014009918086230755
Brain,15,current_shared,Ungood/img/00611_60.png,1,0.8184416890144348,0.9995954632759094,0.9993807673454285
Brain,15,current_shared,Ungood/img/00611_68.png,1,0.812047004699707,0.9935099482536316,0.9867626428604126
Brain,15,current_shared,Ungood/img/00611_76.png,1,0.8145670890808105,0.9616509079933167,0.873209536075592
Brain,15,current_shared,Ungood/img/00611_84.png,1,0.8043010234832764,0.6038820147514343,0.4950627088546753
Brain,15,current_shared,Ungood/img/00611_92.png,1,0.5291497707366943,0.001115795923396945,0.00043784163426607847
Brain,15,current_shared,Ungood/img/00616_60.png,1,0.8179304003715515,0.9997527003288269,0.9995774626731873
Brain,15,current_shared,Ungood/img/00616_68.png,1,0.8010216355323792,0.9997503161430359,0.9996121525764465
Brain,15,current_shared,Ungood/img/00616_76.png,1,0.8009207248687744,0.9979944229125977,0.9971693158149719
Brain,15,current_shared,Ungood/img/00616_84.png,1,0.8117908239364624,0.8744825720787048,0.823160707950592
Brain,15,current_shared,Ungood/img/00616_92.png,1,0.8113937973976135,0.9952411651611328,0.994024932384491
Brain,15,current_shared,Ungood/img/00619_60.png,1,0.8070470690727234,0.9998571872711182,0.9998054504394531
Brain,15,current_shared,Ungood/img/00619_68.png,1,0.8072091341018677,0.995469331741333,0.9941739439964294
Brain,15,current_shared,Ungood/img/00619_76.png,1,0.798781156539917,0.9970663189888,0.9949878454208374
Brain,15,current_shared,Ungood/img/00619_84.png,1,0.5241441130638123,0.0007185219437815249,0.0005237185396254063
Brain,15,current_shared,Ungood/img/00619_92.png,1,0.5495784282684326,0.0008600429864600301,0.0004255985841155052
Brain,15,current_shared,Ungood/img/00620_60.png,1,0.8134454488754272,0.9998210072517395,0.9997103810310364
Brain,15,current_shared,Ungood/img/00620_68.png,1,0.8101544976234436,0.9975540041923523,0.9959419369697571
Brain,15,current_shared,Ungood/img/00620_76.png,1,0.8132109045982361,0.9990930557250977,0.9986706972122192
Brain,15,current_shared,Ungood/img/00620_84.png,1,0.8021872043609619,0.9989950060844421,0.9980216026306152
Brain,15,current_shared,Ungood/img/00620_92.png,1,0.7786732316017151,0.9948179125785828,0.9927024245262146
Brain,15,current_shared,Ungood/img/00623_60.png,1,0.810645341873169,0.9990008473396301,0.998651385307312
Brain,15,current_shared,Ungood/img/00623_68.png,1,0.8026006817817688,0.9372978806495667,0.7611121535301208
Brain,15,current_shared,Ungood/img/00623_76.png,1,0.7934674024581909,0.9924928545951843,0.9875653982162476
Brain,15,current_shared,Ungood/img/00623_84.png,1,0.8062400817871094,0.9867423176765442,0.9734827280044556
Brain,15,current_shared,Ungood/img/00623_92.png,1,0.806982696056366,0.9894436597824097,0.9850918650627136
Brain,15,current_shared,Ungood/img/00625_60.png,1,0.8120909333229065,0.9886936545372009,0.977293848991394
Brain,15,current_shared,Ungood/img/00625_68.png,1,0.801864504814148,0.9918272495269775,0.9846412539482117
Brain,15,current_shared,Ungood/img/00625_76.png,1,0.8125369548797607,0.9680694937705994,0.9226812720298767
Brain,15,current_shared,Ungood/img/00625_84.png,1,0.8128724694252014,0.985051155090332,0.9746595025062561
Brain,15,current_shared,Ungood/img/00625_92.png,1,0.8126939535140991,0.9818155169487,0.9682006239891052
Brain,15,current_shared,Ungood/img/00630_60.png,1,0.5430051684379578,0.9947433471679688,0.9846751689910889
Brain,15,current_shared,Ungood/img/00630_68.png,1,0.747308611869812,0.910658597946167,0.8045870661735535
Brain,15,current_shared,Ungood/img/00630_76.png,1,0.8057413101196289,0.9933298230171204,0.9799047708511353
Brain,15,current_shared,Ungood/img/00630_84.png,1,0.808100163936615,0.9834831953048706,0.9743752479553223
Brain,15,current_shared,Ungood/img/00630_92.png,1,0.8077155947685242,0.984176516532898,0.9659496545791626
Brain,15,current_shared,Ungood/img/00638_60.png,1,0.8148568868637085,0.9792668223381042,0.94893878698349
Brain,15,current_shared,Ungood/img/00638_68.png,1,0.7938714623451233,0.9807196259498596,0.9717000722885132
Brain,15,current_shared,Ungood/img/00638_76.png,1,0.7198011875152588,0.8001613020896912,0.6793415546417236
Brain,15,current_shared,Ungood/img/00638_84.png,1,0.5698560476303101,0.8171817064285278,0.6447177529335022
Brain,15,current_shared,Ungood/img/00638_92.png,1,0.7709379196166992,0.9952774047851562,0.9914787411689758
Brain,15,current_shared,Ungood/img/00640_60.png,1,0.8073589205741882,0.9200093150138855,0.8189706206321716
Brain,15,current_shared,Ungood/img/00640_68.png,1,0.5179829001426697,0.003937338478863239,0.0016751884249970317
Brain,15,current_shared,Ungood/img/00640_76.png,1,0.8120829463005066,0.3401551842689514,0.1938500702381134
Brain,15,current_shared,Ungood/img/00640_84.png,1,0.796035647392273,0.9801806807518005,0.9375616908073425
Brain,15,current_shared,Ungood/img/00640_92.png,1,0.8006447553634644,0.9899473786354065,0.9696494340896606
Brain,15,current_shared,Ungood/img/00655_60.png,1,0.7995697855949402,0.9853076934814453,0.9658505916595459
Brain,15,current_shared,Ungood/img/00655_68.png,1,0.8157244920730591,0.9984265565872192,0.9970308542251587
Brain,15,current_shared,Ungood/img/00655_76.png,1,0.8164081573486328,0.995792031288147,0.9906300902366638
Brain,15,current_shared,Ungood/img/00655_84.png,1,0.813885509967804,0.9909323453903198,0.9829983115196228
Brain,15,current_shared,Ungood/img/00655_92.png,1,0.7976416349411011,0.9615188837051392,0.9319671988487244
Brain,15,current_shared,Ungood/img/00657_60.png,1,0.79913729429245,0.9963337182998657,0.992146372795105
Brain,15,current_shared,Ungood/img/00657_68.png,1,0.7492607235908508,0.9949476718902588,0.9921629428863525
Brain,15,current_shared,Ungood/img/00657_76.png,1,0.8008437156677246,0.9955449104309082,0.9940137267112732
Brain,15,current_shared,Ungood/img/00657_84.png,1,0.8123018741607666,0.9959459900856018,0.9941688179969788
Brain,15,current_shared,Ungood/img/00657_92.png,1,0.8157870173454285,0.9937984347343445,0.9900003671646118
Brain,15,current_shared,Ungood/img/00661_60.png,1,0.8169471025466919,0.9996342658996582,0.9994864463806152
Brain,15,current_shared,Ungood/img/00661_68.png,1,0.7858669757843018,0.9866841435432434,0.9787021279335022
Brain,15,current_shared,Ungood/img/00661_76.png,1,0.8110204935073853,0.8356305956840515,0.7702955007553101
Brain,15,current_shared,Ungood/img/00661_84.png,1,0.8073828816413879,0.8497043251991272,0.7674245834350586
Brain,15,current_shared,Ungood/img/00661_92.png,1,0.8046479821205139,0.9355193972587585,0.886375904083252
Brain,15,current_shared,Ungood/img/00663_60.png,1,0.813005805015564,0.9993435740470886,0.9990112781524658
Brain,15,current_shared,Ungood/img/00663_68.png,1,0.774626612663269,0.9928876757621765,0.9888333082199097
Brain,15,current_shared,Ungood/img/00663_76.png,1,0.5674585700035095,0.9318411946296692,0.8583686947822571
Brain,15,current_shared,Ungood/img/00663_84.png,1,0.8121989965438843,0.9924506545066833,0.9790372252464294
Brain,15,current_shared,Ungood/img/00663_92.png,1,0.5476816892623901,0.0034477056469768286,0.0017998911207541823
Brain,15,current_shared,Ungood/img/00667_60.png,1,0.797374963760376,0.99765944480896,0.9965291023254395
Brain,15,current_shared,Ungood/img/00667_68.png,1,0.7767338156700134,0.9738805890083313,0.9518617391586304
Brain,15,current_shared,Ungood/img/00667_76.png,1,0.779956579208374,0.9947981834411621,0.9916532039642334
Brain,15,current_shared,Ungood/img/00667_84.png,1,0.8034500479698181,0.9966583251953125,0.9950464367866516
Brain,15,current_shared,Ungood/img/00667_92.png,1,0.8017474412918091,0.9731930494308472,0.9374766945838928
Brain,15,current_shared,Ungood/img/00668_60.png,1,0.8093944787979126,0.9970279335975647,0.9937624931335449
Brain,15,current_shared,Ungood/img/00668_68.png,1,0.804737389087677,0.9989094734191895,0.9976137280464172
Brain,15,current_shared,Ungood/img/00668_76.png,1,0.6844858527183533,0.5676800608634949,0.23574763536453247
Brain,15,current_shared,Ungood/img/00668_84.png,1,0.8055678606033325,0.9006589651107788,0.7696936130523682
Brain,15,current_shared,Ungood/img/00668_92.png,1,0.7766860127449036,0.0031590552534908056,0.0016743115847930312
Brain,15,current_shared,Ungood/img/00677_60.png,1,0.8105234503746033,0.9985865354537964,0.9981865882873535
Brain,15,current_shared,Ungood/img/00677_68.png,1,0.8041106462478638,0.9976242184638977,0.996198296546936
Brain,15,current_shared,Ungood/img/00677_76.png,1,0.8016725182533264,0.9992440938949585,0.9988042116165161
Brain,15,current_shared,Ungood/img/00677_84.png,1,0.8184643387794495,0.9959473013877869,0.992698609828949
Brain,15,current_shared,Ungood/img/00677_92.png,1,0.7545920610427856,0.991683840751648,0.9754779934883118
Brain,15,current_shared,Ungood/img/00679_60.png,1,0.7676767706871033,0.9985803365707397,0.9978269338607788
Brain,15,current_shared,Ungood/img/00679_68.png,1,0.8074123859405518,0.9951406717300415,0.9937693476676941
Brain,15,current_shared,Ungood/img/00679_76.png,1,0.5236571431159973,0.73415607213974,0.5000489354133606
Brain,15,current_shared,Ungood/img/00679_84.png,1,0.795850932598114,0.9980579018592834,0.9971445202827454
Brain,15,current_shared,Ungood/img/00679_92.png,1,0.5351061224937439,0.6648446321487427,0.4726172387599945
Brain,15,current_shared,Ungood/img/00680_60.png,1,0.7720758318901062,0.18344956636428833,0.05011409521102905
Brain,15,current_shared,Ungood/img/00680_68.png,1,0.7982869148254395,0.9968857169151306,0.9950264096260071
Brain,15,current_shared,Ungood/img/00680_76.png,1,0.7758679986000061,0.9975242018699646,0.9950461387634277
Brain,15,current_shared,Ungood/img/00680_84.png,1,0.8011675477027893,0.9901726245880127,0.9861898422241211
Brain,15,current_shared,Ungood/img/00680_92.png,1,0.7874069213867188,0.9917263984680176,0.9845470190048218
Brain,15,current_shared,Ungood/img/00683_60.png,1,0.8148447871208191,0.999756395816803,0.9996581673622131
Brain,15,current_shared,Ungood/img/00683_68.png,1,0.811395525932312,0.9982466697692871,0.9966046214103699
Brain,15,current_shared,Ungood/img/00683_76.png,1,0.7752512097358704,0.9852263331413269,0.9695591926574707
Brain,15,current_shared,Ungood/img/00683_84.png,1,0.8159099221229553,0.9815664291381836,0.9649229049682617
Brain,15,current_shared,Ungood/img/00683_92.png,1,0.8171404004096985,0.9235875606536865,0.7336054444313049
Brain,15,current_shared,Ungood/img/00685_60.png,1,0.8122220039367676,0.9970923662185669,0.9962405562400818
Brain,15,current_shared,Ungood/img/00685_68.png,1,0.810641884803772,0.979908287525177,0.9771413207054138
Brain,15,current_shared,Ungood/img/00685_76.png,1,0.8129178285598755,0.9691352844238281,0.9495031833648682
Brain,15,current_shared,Ungood/img/00685_84.png,1,0.8134821653366089,0.8788168430328369,0.6946629285812378
Brain,15,current_shared,Ungood/img/00685_92.png,1,0.7819643616676331,0.02951306290924549,0.010827725753188133
Brain,15,current_shared,Ungood/img/00686_60.png,1,0.8104813098907471,0.9940902590751648,0.9925740957260132
Brain,15,current_shared,Ungood/img/00686_68.png,1,0.793186366558075,0.9947171807289124,0.9925619959831238
Brain,15,current_shared,Ungood/img/00686_76.png,1,0.7955270409584045,0.9959008097648621,0.9935570955276489
Brain,15,current_shared,Ungood/img/00686_84.png,1,0.8043681979179382,0.995232880115509,0.9914043545722961
Brain,15,current_shared,Ungood/img/00686_92.png,1,0.8101673722267151,0.9884788393974304,0.9823324680328369
Brain,15,current_shared,Ungood/img/00689_60.png,1,0.7892916798591614,0.9974442720413208,0.9968923926353455
Brain,15,current_shared,Ungood/img/00689_68.png,1,0.7847813367843628,0.9815750122070312,0.9726625084877014
Brain,15,current_shared,Ungood/img/00689_76.png,1,0.809278130531311,0.9529564380645752,0.9349493384361267
Brain,15,current_shared,Ungood/img/00689_84.png,1,0.7371320128440857,0.9713772535324097,0.9578613638877869
Brain,15,current_shared,Ungood/img/00689_92.png,1,0.8100267648696899,0.994986891746521,0.9891773462295532
Brain,15,current_shared,Ungood/img/00691_60.png,1,0.8050430417060852,0.9995220899581909,0.9991198778152466
Brain,15,current_shared,Ungood/img/00691_68.png,1,0.788981020450592,0.9854018688201904,0.968133807182312
Brain,15,current_shared,Ungood/img/00691_76.png,1,0.7993655800819397,0.9775826930999756,0.962125301361084
Brain,15,current_shared,Ungood/img/00691_84.png,1,0.7960432767868042,0.9705561399459839,0.9237912893295288
Brain,15,current_shared,Ungood/img/00691_92.png,1,0.7965574860572815,0.9229455590248108,0.6506121158599854
Brain,15,current_shared,Ungood/img/00693_60.png,1,0.8181103467941284,0.9992375373840332,0.9989956021308899
Brain,15,current_shared,Ungood/img/00693_68.png,1,0.8109514713287354,0.9980015158653259,0.9969593286514282
Brain,15,current_shared,Ungood/img/00693_76.png,1,0.8021165728569031,0.9658132791519165,0.9364126324653625
Brain,15,current_shared,Ungood/img/00693_84.png,1,0.8020052909851074,0.5639245510101318,0.3966919481754303
Brain,15,current_shared,Ungood/img/00693_92.png,1,0.8034504652023315,0.9960936903953552,0.9946171641349792
Brain,15,current_shared,Ungood/img/00697_60.png,1,0.8040085434913635,0.9998584985733032,0.999734103679657
Brain,15,current_shared,Ungood/img/00697_68.png,1,0.7740577459335327,0.9997504353523254,0.9996194243431091
Brain,15,current_shared,Ungood/img/00697_76.png,1,0.7860445976257324,0.99931800365448,0.9991031289100647
Brain,15,current_shared,Ungood/img/00697_84.png,1,0.7860638499259949,0.9948295950889587,0.9895119667053223
Brain,15,current_shared,Ungood/img/00697_92.png,1,0.5381635427474976,0.822276771068573,0.6302224397659302
Brain,15,current_shared,Ungood/img/00698_60.png,1,0.810641884803772,0.9979477524757385,0.997359037399292
Brain,15,current_shared,Ungood/img/00698_68.png,1,0.8091456294059753,0.9728062152862549,0.9403138756752014
Brain,15,current_shared,Ungood/img/00698_76.png,1,0.8100708723068237,0.9935362935066223,0.9889119863510132
Brain,15,current_shared,Ungood/img/00698_84.png,1,0.8113555312156677,0.979816198348999,0.9590420722961426
Brain,15,current_shared,Ungood/img/00698_92.png,1,0.7890740036964417,0.9212533831596375,0.8578746914863586
Brain,15,current_shared,Ungood/img/00703_60.png,1,0.7764884829521179,0.9720346927642822,0.9613351821899414
Brain,15,current_shared,Ungood/img/00703_68.png,1,0.8064972758293152,0.9995244741439819,0.9992541074752808
Brain,15,current_shared,Ungood/img/00703_76.png,1,0.8135542273521423,0.9984258413314819,0.9972610473632812
Brain,15,current_shared,Ungood/img/00703_84.png,1,0.818903923034668,0.9810770153999329,0.9639955163002014
Brain,15,current_shared,Ungood/img/00703_92.png,1,0.8201873302459717,0.9842302203178406,0.9525689482688904
Brain,15,current_shared,Ungood/img/00706_60.png,1,0.7883785367012024,0.9973803162574768,0.9969258904457092
Brain,15,current_shared,Ungood/img/00706_68.png,1,0.8131111860275269,0.9959666728973389,0.9942605495452881
Brain,15,current_shared,Ungood/img/00706_76.png,1,0.8168091773986816,0.9933498501777649,0.9851276278495789
Brain,15,current_shared,Ungood/img/00706_84.png,1,0.8187263607978821,0.9964414238929749,0.9909149408340454
Brain,15,current_shared,Ungood/img/00706_92.png,1,0.8144086003303528,0.9865655303001404,0.9688603281974792
Brain,15,current_shared,Ungood/img/00707_60.png,1,0.8101787567138672,0.997469425201416,0.9964296817779541
Brain,15,current_shared,Ungood/img/00707_68.png,1,0.8115939497947693,0.9896032214164734,0.9744478464126587
Brain,15,current_shared,Ungood/img/00707_76.png,1,0.8122920393943787,0.9802806973457336,0.9555933475494385
Brain,15,current_shared,Ungood/img/00707_84.png,1,0.809841513633728,0.6531397104263306,0.38624292612075806
Brain,15,current_shared,Ungood/img/00707_92.png,1,0.8070530891418457,0.8843585848808289,0.6991423964500427
Brain,15,current_shared,Ungood/img/00709_60.png,1,0.8054941892623901,0.8843622803688049,0.8444154858589172
Brain,15,current_shared,Ungood/img/00709_68.png,1,0.8015100955963135,0.5899536609649658,0.5175648927688599
Brain,15,current_shared,Ungood/img/00709_76.png,1,0.8018518686294556,0.9841416478157043,0.9795737862586975
Brain,15,current_shared,Ungood/img/00709_84.png,1,0.5321802496910095,0.0005253231502138078,0.00031147856498137116
Brain,15,current_shared,Ungood/img/00709_92.png,1,0.801978588104248,0.9244252443313599,0.7911733388900757
Brain,15,current_shared,Ungood/img/00714_60.png,1,0.8041444420814514,0.9996181726455688,0.9995450377464294
Brain,15,current_shared,Ungood/img/00714_68.png,1,0.8017467260360718,0.9997063279151917,0.9995708465576172
Brain,15,current_shared,Ungood/img/00714_76.png,1,0.8014495372772217,0.9981904625892639,0.9970934391021729
Brain,15,current_shared,Ungood/img/00714_84.png,1,0.8151133060455322,0.9979119896888733,0.9972515106201172
Brain,15,current_shared,Ungood/img/00714_92.png,1,0.8145920634269714,0.9985004663467407,0.997593879699707
Brain,15,current_shared,Ungood/img/00716_60.png,1,0.6549334526062012,0.8855366110801697,0.7350913882255554
Brain,15,current_shared,Ungood/img/00716_68.png,1,0.8105854988098145,0.7017837762832642,0.35236284136772156
Brain,15,current_shared,Ungood/img/00716_76.png,1,0.799374520778656,0.9953997731208801,0.9791596531867981
Brain,15,current_shared,Ungood/img/00716_84.png,1,0.8046672940254211,0.8181363344192505,0.44738224148750305
Brain,15,current_shared,Ungood/img/00716_92.png,1,0.8030481338500977,0.22573232650756836,0.05931420996785164
Brain,15,current_shared,Ungood/img/00718_60.png,1,0.8040482401847839,0.9998420476913452,0.9997620582580566
Brain,15,current_shared,Ungood/img/00718_68.png,1,0.8161525130271912,0.9992965459823608,0.9990005493164062
Brain,15,current_shared,Ungood/img/00718_76.png,1,0.7517999410629272,0.6159114241600037,0.4731583595275879
Brain,15,current_shared,Ungood/img/00718_84.png,1,0.7989417314529419,0.9777560234069824,0.9752925038337708
Brain,15,current_shared,Ungood/img/00718_92.png,1,0.8129988312721252,0.9498605728149414,0.9147969484329224
Brain,15,current_shared,Ungood/img/00724_60.png,1,0.6160560846328735,0.17486616969108582,0.0825595110654831
Brain,15,current_shared,Ungood/img/00724_68.png,1,0.8034530878067017,0.9957838654518127,0.987730860710144
Brain,15,current_shared,Ungood/img/00724_76.png,1,0.7986317276954651,0.9915410876274109,0.9823578596115112
Brain,15,current_shared,Ungood/img/00724_84.png,1,0.816947340965271,0.9685195088386536,0.9343733191490173
Brain,15,current_shared,Ungood/img/00724_92.png,1,0.8052079677581787,0.9934946894645691,0.9881475567817688
Brain,15,current_shared,Ungood/img/00725_60.png,1,0.8025005459785461,0.9988565444946289,0.9973799586296082
Brain,15,current_shared,Ungood/img/00725_68.png,1,0.7894687056541443,0.9843922853469849,0.9737393260002136
Brain,15,current_shared,Ungood/img/00725_76.png,1,0.8022719025611877,0.859847366809845,0.7993044257164001
Brain,15,current_shared,Ungood/img/00725_84.png,1,0.5546091794967651,0.10824304074048996,0.04824260622262955
Brain,15,current_shared,Ungood/img/00725_92.png,1,0.5163483023643494,7.931196159915999e-05,4.060331775690429e-05
Brain,15,current_shared,Ungood/img/00727_60.png,1,0.7801039218902588,0.9990063309669495,0.9985095262527466
Brain,15,current_shared,Ungood/img/00727_68.png,1,0.7945929169654846,0.9980233907699585,0.9968079924583435
Brain,15,current_shared,Ungood/img/00727_76.png,1,0.7822046875953674,0.9991729855537415,0.9984137415885925
Brain,15,current_shared,Ungood/img/00727_84.png,1,0.8075866103172302,0.9969896078109741,0.9953063726425171
Brain,15,current_shared,Ungood/img/00727_92.png,1,0.8097023367881775,0.9829732179641724,0.9667676091194153
Brain,15,current_shared,Ungood/img/00733_60.png,1,0.8112576007843018,0.5461209416389465,0.3091040253639221
Brain,15,current_shared,Ungood/img/00733_68.png,1,0.8027613162994385,0.9960848093032837,0.988804280757904
Brain,15,current_shared,Ungood/img/00733_76.png,1,0.8119267821311951,0.9927018880844116,0.984905481338501
Brain,15,current_shared,Ungood/img/00733_84.png,1,0.8177112936973572,0.9977889060974121,0.9914532899856567
Brain,15,current_shared,Ungood/img/00733_92.png,1,0.8136388063430786,0.9747819304466248,0.9103396534919739
Brain,15,current_shared,Ungood/img/00734_60.png,1,0.8103326559066772,0.9998331069946289,0.9997209310531616
Brain,15,current_shared,Ungood/img/00734_68.png,1,0.8071800470352173,0.37298983335494995,0.07134824246168137
Brain,15,current_shared,Ungood/img/00734_76.png,1,0.8147597312927246,0.4575161337852478,0.140630841255188
Brain,15,current_shared,Ungood/img/00734_84.png,1,0.5414350628852844,0.00751181086525321,0.0027688718400895596
Brain,15,current_shared,Ungood/img/00734_92.png,1,0.7996878027915955,0.9205062985420227,0.8483120203018188
Brain,15,current_shared,Ungood/img/00739_60.png,1,0.821611225605011,0.9994833469390869,0.998913586139679
Brain,15,current_shared,Ungood/img/00739_68.png,1,0.8204436302185059,0.9914480447769165,0.9866105914115906
Brain,15,current_shared,Ungood/img/00739_76.png,1,0.8185113072395325,0.6716448664665222,0.2921191453933716
Brain,15,current_shared,Ungood/img/00739_84.png,1,0.8205499053001404,0.9748088121414185,0.8953462839126587
Brain,15,current_shared,Ungood/img/00739_92.png,1,0.819580078125,0.9930251836776733,0.9478468894958496
Brain,15,current_shared,Ungood/img/00740_60.png,1,0.7755087614059448,0.988064706325531,0.9752487540245056
Brain,15,current_shared,Ungood/img/00740_68.png,1,0.7895723581314087,0.8843493461608887,0.8391016721725464
Brain,15,current_shared,Ungood/img/00740_76.png,1,0.8067625164985657,0.7549523115158081,0.6283425688743591
Brain,15,current_shared,Ungood/img/00740_84.png,1,0.8135049939155579,0.8905448317527771,0.8480221033096313
Brain,15,current_shared,Ungood/img/00740_92.png,1,0.8036609292030334,0.823535144329071,0.5373077392578125
Brain,15,current_shared,Ungood/img/00742_60.png,1,0.8022645115852356,0.999271810054779,0.9988347291946411
Brain,15,current_shared,Ungood/img/00742_68.png,1,0.8002538084983826,0.9828014969825745,0.976116418838501
Brain,15,current_shared,Ungood/img/00742_76.png,1,0.8131523132324219,0.9980748891830444,0.9973320960998535
Brain,15,current_shared,Ungood/img/00742_84.png,1,0.8092216849327087,0.9704352021217346,0.9488085508346558
Brain,15,current_shared,Ungood/img/00742_92.png,1,0.7773149609565735,0.4471088647842407,0.3124602437019348
Brain,15,current_shared,Ungood/img/00757_60.png,1,0.7913660407066345,0.9987987279891968,0.9980579614639282
Brain,15,current_shared,Ungood/img/00757_68.png,1,0.7751525640487671,0.991915225982666,0.9866858124732971
Brain,15,current_shared,Ungood/img/00757_76.png,1,0.5334392786026001,0.6628836393356323,0.5042911767959595
Brain,15,current_shared,Ungood/img/00757_84.png,1,0.8080794215202332,0.9908518195152283,0.9751598834991455
Brain,15,current_shared,Ungood/img/00757_92.png,1,0.5151445269584656,0.002569252159446478,0.0013648298336192966
Brain,15,current_shared,Ungood/img/00759_60.png,1,0.7984655499458313,0.9994945526123047,0.9990394711494446
Brain,15,current_shared,Ungood/img/00759_68.png,1,0.7406572103500366,0.996250331401825,0.9929959774017334
Brain,15,current_shared,Ungood/img/00759_76.png,1,0.7994199991226196,0.9968934059143066,0.993256151676178
Brain,15,current_shared,Ungood/img/00759_84.png,1,0.8127834796905518,0.9842095375061035,0.981116771697998
Brain,15,current_shared,Ungood/img/00759_92.png,1,0.8158788084983826,0.987534761428833,0.9727205634117126
Brain,15,current_shared,Ungood/img/00760_60.png,1,0.8036720156669617,0.9958575367927551,0.9907987713813782
Brain,15,current_shared,Ungood/img/00760_68.png,1,0.8137650489807129,0.9975589513778687,0.9942678809165955
Brain,15,current_shared,Ungood/img/00760_76.png,1,0.8115077018737793,0.9823351502418518,0.9688144326210022
Brain,15,current_shared,Ungood/img/00760_84.png,1,0.8157106041908264,0.987409234046936,0.9749926924705505
Brain,15,current_shared,Ungood/img/00760_92.png,1,0.8144534230232239,0.97258061170578,0.8905273079872131
Brain,15,current_shared,Ungood/img/00764_60.png,1,0.8108658194541931,0.9977027773857117,0.9961525201797485
Brain,15,current_shared,Ungood/img/00764_68.png,1,0.8098056316375732,0.9906602501869202,0.9782366752624512
Brain,15,current_shared,Ungood/img/00764_76.png,1,0.7968677282333374,0.8544129729270935,0.5509817600250244
Brain,15,current_shared,Ungood/img/00764_84.png,1,0.8119766712188721,0.04142780601978302,0.01105548907071352
Brain,15,current_shared,Ungood/img/00764_92.png,1,0.8074612021446228,0.36634644865989685,0.19412624835968018
Brain,15,current_shared,Ungood/img/00765_60.png,1,0.5785064101219177,0.9853434562683105,0.9785807728767395
Brain,15,current_shared,Ungood/img/00765_68.png,1,0.79840087890625,0.9995385408401489,0.9992911219596863
Brain,15,current_shared,Ungood/img/00765_76.png,1,0.7888636589050293,0.9958459734916687,0.9939022064208984
Brain,15,current_shared,Ungood/img/00765_84.png,1,0.8062716722488403,0.9987291693687439,0.997723400592804
Brain,15,current_shared,Ungood/img/00765_92.png,1,0.8027253746986389,0.9812313914299011,0.9672707915306091
Brain,15,current_shared,Ungood/img/00773_60.png,1,0.8088572025299072,0.9998605251312256,0.9996739029884338
Brain,15,current_shared,Ungood/img/00773_68.png,1,0.8046558499336243,0.9872751235961914,0.9749372005462646
Brain,15,current_shared,Ungood/img/00773_76.png,1,0.8046379685401917,0.9945214986801147,0.9907411932945251
Brain,15,current_shared,Ungood/img/00773_84.png,1,0.8058010935783386,0.9586899280548096,0.9193253517150879
Brain,15,current_shared,Ungood/img/00773_92.png,1,0.8075838685035706,0.9954155683517456,0.9779803156852722
Brain,15,current_shared,Ungood/img/00774_60.png,1,0.8026888370513916,0.9894384741783142,0.9782232642173767
Brain,15,current_shared,Ungood/img/00774_68.png,1,0.7974374294281006,0.9967856407165527,0.9951708912849426
Brain,15,current_shared,Ungood/img/00774_76.png,1,0.8110024333000183,0.9991694688796997,0.9980677962303162
Brain,15,current_shared,Ungood/img/00774_84.png,1,0.8006047606468201,0.9867703914642334,0.974342405796051
Brain,15,current_shared,Ungood/img/00774_92.png,1,0.7973126173019409,0.8764021992683411,0.8473483324050903
Brain,15,current_shared,Ungood/img/00781_60.png,1,0.7667332887649536,0.9996161460876465,0.999353289604187
Brain,15,current_shared,Ungood/img/00781_68.png,1,0.806745171546936,0.9974023103713989,0.9953445792198181
Brain,15,current_shared,Ungood/img/00781_76.png,1,0.764759361743927,0.9907861948013306,0.988267183303833
Brain,15,current_shared,Ungood/img/00781_84.png,1,0.8026021122932434,0.9697475433349609,0.8930280208587646
Brain,15,current_shared,Ungood/img/00781_92.png,1,0.8014497756958008,0.6752448678016663,0.3796270787715912
Brain,15,current_shared,Ungood/img/00787_60.png,1,0.8064207434654236,0.9989681243896484,0.9948315024375916
Brain,15,current_shared,Ungood/img/00787_68.png,1,0.8048402667045593,0.9956606030464172,0.9806477427482605
Brain,15,current_shared,Ungood/img/00787_76.png,1,0.812669575214386,0.9907087087631226,0.9788702130317688
Brain,15,current_shared,Ungood/img/00787_84.png,1,0.8171252012252808,0.9985204339027405,0.9955449104309082
Brain,15,current_shared,Ungood/img/00787_92.png,1,0.8095475435256958,0.9977606534957886,0.9942921996116638
Brain,15,current_shared,Ungood/img/00789_60.png,1,0.8151706457138062,0.9987578392028809,0.9979158043861389
Brain,15,current_shared,Ungood/img/00789_68.png,1,0.8161286115646362,0.9982732534408569,0.9970173835754395
Brain,15,current_shared,Ungood/img/00789_76.png,1,0.820056676864624,0.9982301592826843,0.9967618584632874
Brain,15,current_shared,Ungood/img/00789_84.png,1,0.8203842639923096,0.9991145730018616,0.9984787702560425
Brain,15,current_shared,Ungood/img/00789_92.png,1,0.8017035722732544,0.9985673427581787,0.9974823594093323
Brain,15,current_shared,Ungood/img/00791_60.png,1,0.819442093372345,0.9977360963821411,0.9967474341392517
Brain,15,current_shared,Ungood/img/00791_68.png,1,0.8194878697395325,0.9948816299438477,0.9908159971237183
Brain,15,current_shared,Ungood/img/00791_76.png,1,0.813494086265564,0.9983545541763306,0.9887944459915161
Brain,15,current_shared,Ungood/img/00791_84.png,1,0.8071229457855225,0.9870350956916809,0.8856343030929565
Brain,15,current_shared,Ungood/img/00791_92.png,1,0.8063993453979492,0.9665027856826782,0.7907692790031433
Brain,15,current_shared,Ungood/img/00792_60.png,1,0.7578127980232239,0.9994140863418579,0.9992705583572388
Brain,15,current_shared,Ungood/img/00792_68.png,1,0.8150888681411743,0.999037504196167,0.9986618757247925
Brain,15,current_shared,Ungood/img/00792_76.png,1,0.7100602984428406,0.9978815913200378,0.9960412979125977
Brain,15,current_shared,Ungood/img/00792_84.png,1,0.7478704452514648,0.9458488821983337,0.9027576446533203
Brain,15,current_shared,Ungood/img/00792_92.png,1,0.7961874604225159,0.990435004234314,0.9860652685165405
Brain,15,current_shared,Ungood/img/00797_60.png,1,0.8039008975028992,0.998072624206543,0.995606541633606
Brain,15,current_shared,Ungood/img/00797_68.png,1,0.8173426389694214,0.9992701411247253,0.9987697601318359
Brain,15,current_shared,Ungood/img/00797_76.png,1,0.8154518008232117,0.9967325925827026,0.9945377707481384
Brain,15,current_shared,Ungood/img/00797_84.png,1,0.8138777613639832,0.9993991851806641,0.9989790320396423
Brain,15,current_shared,Ungood/img/00797_92.png,1,0.8105471730232239,0.999025821685791,0.9984391331672668
Brain,15,current_shared,Ungood/img/00801_60.png,1,0.8173400163650513,0.996298611164093,0.9915771484375
Brain,15,current_shared,Ungood/img/00801_68.png,1,0.8095541596412659,0.9974988102912903,0.9903786182403564
Brain,15,current_shared,Ungood/img/00801_76.png,1,0.8165712356567383,0.9817526340484619,0.9666090607643127
Brain,15,current_shared,Ungood/img/00801_84.png,1,0.8164648413658142,0.9931879043579102,0.9900137782096863
Brain,15,current_shared,Ungood/img/00801_92.png,1,0.81363445520401,0.9843511581420898,0.9612891674041748
Brain,15,current_shared,Ungood/img/00804_60.png,1,0.7434228658676147,0.9994274377822876,0.9990294575691223
Brain,15,current_shared,Ungood/img/00804_68.png,1,0.7786908149719238,0.9994509816169739,0.9991909265518188
Brain,15,current_shared,Ungood/img/00804_76.png,1,0.7810865640640259,0.9975900650024414,0.9968172907829285
Brain,15,current_shared,Ungood/img/00804_84.png,1,0.8020133972167969,0.9974091649055481,0.9951378703117371
Brain,15,current_shared,Ungood/img/00804_92.png,1,0.7956499457359314,0.9967333078384399,0.9956597089767456
Brain,15,current_shared,Ungood/img/00807_60.png,1,0.7652130722999573,0.9969667792320251,0.9959514737129211
Brain,15,current_shared,Ungood/img/00807_68.png,1,0.8196669220924377,0.9873064756393433,0.973024308681488
Brain,15,current_shared,Ungood/img/00807_76.png,1,0.8104457855224609,0.9843956232070923,0.9747169017791748
Brain,15,current_shared,Ungood/img/00807_84.png,1,0.819602370262146,0.9954930543899536,0.9935248494148254
Brain,15,current_shared,Ungood/img/00807_92.png,1,0.8162595629692078,0.973028838634491,0.9254706501960754
Brain,15,current_shared,Ungood/img/00808_60.png,1,0.8175240755081177,0.9934813976287842,0.9871112108230591
Brain,15,current_shared,Ungood/img/00808_68.png,1,0.8173452615737915,0.9780513048171997,0.8660600185394287
Brain,15,current_shared,Ungood/img/00808_76.png,1,0.8099213242530823,0.9867030382156372,0.9605178236961365
Brain,15,current_shared,Ungood/img/00808_84.png,1,0.8050771355628967,0.9971228241920471,0.9929835200309753
Brain,15,current_shared,Ungood/img/00808_92.png,1,0.8038923144340515,0.9603363275527954,0.9449986815452576
Brain,15,current_shared,Ungood/img/00810_60.png,1,0.7929486036300659,0.9989719390869141,0.9981817603111267
Brain,15,current_shared,Ungood/img/00810_68.png,1,0.8145877122879028,0.99858558177948,0.9976444840431213
Brain,15,current_shared,Ungood/img/00810_76.png,1,0.8114287257194519,0.9937216639518738,0.9867945909500122
Brain,15,current_shared,Ungood/img/00810_84.png,1,0.806271493434906,0.9984971284866333,0.997478187084198
Brain,15,current_shared,Ungood/img/00810_92.png,1,0.805892825126648,0.9972099661827087,0.9953175187110901
Brain,15,current_shared,Ungood/img/00814_60.png,1,0.813827395439148,0.999582827091217,0.9993944764137268
Brain,15,current_shared,Ungood/img/00814_68.png,1,0.785597026348114,0.9887806177139282,0.9814224243164062
Brain,15,current_shared,Ungood/img/00814_76.png,1,0.8152557015419006,0.998853325843811,0.9968911409378052
Brain,15,current_shared,Ungood/img/00814_84.png,1,0.8151978254318237,0.9992757439613342,0.9974942207336426
Brain,15,current_shared,Ungood/img/00814_92.png,1,0.816586434841156,0.9940561056137085,0.9855085611343384
Brain,15,current_shared,Ungood/img/00816_60.png,1,0.8089023232460022,0.9996362924575806,0.9992697834968567
Brain,15,current_shared,Ungood/img/00816_68.png,1,0.8092606067657471,0.9953685998916626,0.9939845204353333
Brain,15,current_shared,Ungood/img/00816_76.png,1,0.8203569650650024,0.9993308782577515,0.9985879063606262
Brain,15,current_shared,Ungood/img/00816_84.png,1,0.8102172613143921,0.9960609078407288,0.9945904612541199
Brain,15,current_shared,Ungood/img/00816_92.png,1,0.8185855150222778,0.9978214502334595,0.996243417263031
Brain,15,current_shared,Ungood/img/00818_60.png,1,0.753697395324707,0.9941879510879517,0.9852533936500549
Brain,15,current_shared,Ungood/img/00818_68.png,1,0.8149912357330322,0.9991874098777771,0.997934103012085
Brain,15,current_shared,Ungood/img/00818_76.png,1,0.8107165098190308,0.9977001547813416,0.9949290752410889
Brain,15,current_shared,Ungood/img/00818_84.png,1,0.8143576979637146,0.9783285856246948,0.9560173749923706
Brain,15,current_shared,Ungood/img/00818_92.png,1,0.8087101578712463,0.9870021343231201,0.9577698707580566
Brain,15,current_shared,Ungood/img/00819_60.png,1,0.7711260318756104,0.9800845384597778,0.9708713293075562
Brain,15,current_shared,Ungood/img/00819_68.png,1,0.8057512640953064,0.9945360422134399,0.9820300936698914
Brain,15,current_shared,Ungood/img/00819_76.png,1,0.8069130182266235,0.9938758015632629,0.9866451621055603
Brain,15,current_shared,Ungood/img/00819_84.png,1,0.8132558465003967,0.9991716146469116,0.9979349970817566
Brain,15,current_shared,Ungood/img/00819_92.png,1,0.8123798370361328,0.754802405834198,0.4087882339954376
Brain,15,current_shared,Ungood/img/00820_60.png,1,0.7530817985534668,0.9911830425262451,0.9813272356987
Brain,15,current_shared,Ungood/img/00820_68.png,1,0.7855559587478638,0.9904166460037231,0.9875475764274597
Brain,15,current_shared,Ungood/img/00820_76.png,1,0.7680385708808899,0.8648478984832764,0.6928273439407349
Brain,15,current_shared,Ungood/img/00820_84.png,1,0.7518359422683716,0.6097927093505859,0.25113445520401
Brain,15,current_shared,Ungood/img/00820_92.png,1,0.7836762070655823,0.8861865401268005,0.6995147466659546
Brain,15,current_shared,Ungood/img/00823_60.png,1,0.7692426443099976,0.9796555042266846,0.968990683555603
Brain,15,current_shared,Ungood/img/00823_68.png,1,0.7924802303314209,0.9976575374603271,0.9960054159164429
Brain,15,current_shared,Ungood/img/00823_76.png,1,0.8134406805038452,0.9974195957183838,0.9959996342658997
Brain,15,current_shared,Ungood/img/00823_84.png,1,0.8083553314208984,0.9255571961402893,0.6389572024345398
Brain,15,current_shared,Ungood/img/00823_92.png,1,0.8040914535522461,0.9939051270484924,0.9669656157493591
Brain,15,current_shared,Ungood/img/00824_60.png,1,0.7983520030975342,0.9980081915855408,0.9975190162658691
Brain,15,current_shared,Ungood/img/00824_68.png,1,0.7982871532440186,0.9904932379722595,0.9774569272994995
Brain,15,current_shared,Ungood/img/00824_76.png,1,0.8102637529373169,0.9967010617256165,0.9913212060928345
Brain,15,current_shared,Ungood/img/00824_84.png,1,0.8119286298751831,0.9965207576751709,0.9910850524902344
Brain,15,current_shared,Ungood/img/00824_92.png,1,0.789563775062561,0.9690793752670288,0.9325346946716309
Brain,15,current_shared,Ungood/img/00828_60.png,1,0.8087134957313538,0.9775223731994629,0.9680635929107666
Brain,15,current_shared,Ungood/img/00828_68.png,1,0.8080322742462158,0.8915460109710693,0.8468508124351501
Brain,15,current_shared,Ungood/img/00828_76.png,1,0.8117547035217285,0.9781342148780823,0.9668014049530029
Brain,15,current_shared,Ungood/img/00828_84.png,1,0.8033827543258667,0.9263519644737244,0.8067121505737305
Brain,15,current_shared,Ungood/img/00828_92.png,1,0.7896550297737122,0.9451152682304382,0.8910568952560425
Brain,15,current_shared,Ungood/img/00838_60.png,1,0.7774977087974548,0.9994661211967468,0.999161422252655
Brain,15,current_shared,Ungood/img/00838_68.png,1,0.7769058346748352,0.9997909665107727,0.9995758533477783
Brain,15,current_shared,Ungood/img/00838_76.png,1,0.8143292665481567,0.9969735145568848,0.9955575466156006
Brain,15,current_shared,Ungood/img/00838_84.png,1,0.8049927353858948,0.9995936751365662,0.999363362789154
Brain,15,current_shared,Ungood/img/00838_92.png,1,0.7979018688201904,0.9950284361839294,0.9901625514030457
Brain,15,current_shared,Ungood/img/00840_60.png,1,0.8074738383293152,0.9991574287414551,0.9988029599189758
Brain,15,current_shared,Ungood/img/00840_68.png,1,0.8133729696273804,0.9987421631813049,0.9979801177978516
Brain,15,current_shared,Ungood/img/00840_76.png,1,0.8153640627861023,0.9920974969863892,0.986780047416687
Brain,15,current_shared,Ungood/img/00840_84.png,1,0.8069893717765808,0.9955658316612244,0.994105339050293
Brain,15,current_shared,Ungood/img/00840_92.png,1,0.8170751929283142,0.9890881776809692,0.9781635999679565
Brain,15,current_shared,Ungood/img/00999_60.png,1,0.8075093030929565,0.9995632767677307,0.9993336200714111
Brain,15,current_shared,Ungood/img/00999_68.png,1,0.7885919213294983,0.9985989928245544,0.9961927533149719
Brain,15,current_shared,Ungood/img/00999_76.png,1,0.8119348287582397,0.9963650703430176,0.9942969083786011
Brain,15,current_shared,Ungood/img/00999_84.png,1,0.8131370544433594,0.9989689588546753,0.9979965090751648
Brain,15,current_shared,Ungood/img/00999_92.png,1,0.7983176708221436,0.9765592813491821,0.9654485583305359
Brain,15,current_shared,Ungood/img/01003_60.png,1,0.7963467240333557,0.9981181621551514,0.9974390864372253
Brain,15,current_shared,Ungood/img/01003_68.png,1,0.7974706888198853,0.9974600672721863,0.9916582703590393
Brain,15,current_shared,Ungood/img/01003_76.png,1,0.8077173829078674,0.9812654852867126,0.9696547985076904
Brain,15,current_shared,Ungood/img/01003_84.png,1,0.8096169233322144,0.9760501980781555,0.9700655937194824
Brain,15,current_shared,Ungood/img/01003_92.png,1,0.8197717666625977,0.9993390440940857,0.9985731840133667
Brain,15,current_shared,Ungood/img/01004_60.png,1,0.7816049456596375,0.9999217987060547,0.9998732209205627
Brain,15,current_shared,Ungood/img/01004_68.png,1,0.8118179440498352,0.9973607659339905,0.9961166977882385
Brain,15,current_shared,Ungood/img/01004_76.png,1,0.803409993648529,0.997022807598114,0.9942128658294678
Brain,15,current_shared,Ungood/img/01004_84.png,1,0.8106386065483093,0.9987928867340088,0.9981132745742798
Brain,15,current_shared,Ungood/img/01004_92.png,1,0.8088876008987427,0.9992932081222534,0.9989575147628784
Brain,15,current_shared,Ungood/img/01005_60.png,1,0.8122266530990601,0.9994043111801147,0.9980996251106262
Brain,15,current_shared,Ungood/img/01005_68.png,1,0.8204333782196045,0.9911068081855774,0.9823665618896484
Brain,15,current_shared,Ungood/img/01005_76.png,1,0.8167982697486877,0.9975249171257019,0.9920234084129333
Brain,15,current_shared,Ungood/img/01005_84.png,1,0.8174793124198914,0.9975001215934753,0.9948184490203857
Brain,15,current_shared,Ungood/img/01005_92.png,1,0.8109478950500488,0.9817442297935486,0.9693423509597778
Brain,15,current_shared,Ungood/img/01012_60.png,1,0.8032817840576172,0.9997743964195251,0.9996878504753113
Brain,15,current_shared,Ungood/img/01012_68.png,1,0.8044751286506653,0.9983837604522705,0.9959697127342224
Brain,15,current_shared,Ungood/img/01012_76.png,1,0.7879324555397034,0.9929128289222717,0.9853217601776123
Brain,15,current_shared,Ungood/img/01012_84.png,1,0.8011413812637329,0.9985833168029785,0.9979244470596313
Brain,15,current_shared,Ungood/img/01012_92.png,1,0.7836399078369141,0.9928891658782959,0.9864100813865662
Brain,15,current_shared,Ungood/img/01013_60.png,1,0.7287742495536804,0.9993256330490112,0.9990059733390808
Brain,15,current_shared,Ungood/img/01013_68.png,1,0.8117347955703735,0.9682567715644836,0.9519863724708557
Brain,15,current_shared,Ungood/img/01013_76.png,1,0.8116111755371094,0.9890763759613037,0.9792333245277405
Brain,15,current_shared,Ungood/img/01013_84.png,1,0.8026117086410522,0.9871178865432739,0.968838632106781
Brain,15,current_shared,Ungood/img/01013_92.png,1,0.8034550547599792,0.9170794486999512,0.7831185460090637
Brain,15,current_shared,Ungood/img/01015_60.png,1,0.8211783766746521,0.9996724128723145,0.999393105506897
Brain,15,current_shared,Ungood/img/01015_68.png,1,0.8166885375976562,0.9957140684127808,0.9931348562240601
Brain,15,current_shared,Ungood/img/01015_76.png,1,0.8149637579917908,0.9981770515441895,0.9954740405082703
Brain,15,current_shared,Ungood/img/01015_84.png,1,0.7982364892959595,0.9960600733757019,0.9947389960289001
Brain,15,current_shared,Ungood/img/01015_92.png,1,0.8177328705787659,0.9939984083175659,0.9915631413459778
Brain,15,current_shared,Ungood/img/01018_60.png,1,0.7939668893814087,0.9821162223815918,0.9530995488166809
Brain,15,current_shared,Ungood/img/01018_68.png,1,0.800378680229187,0.955030083656311,0.9370993971824646
Brain,15,current_shared,Ungood/img/01018_76.png,1,0.819762647151947,0.9970157146453857,0.994628369808197
Brain,15,current_shared,Ungood/img/01018_84.png,1,0.8108946084976196,0.9981769323348999,0.9970530271530151
Brain,15,current_shared,Ungood/img/01018_92.png,1,0.8061512112617493,0.9959670305252075,0.9934520721435547
Brain,15,current_shared,Ungood/img/01019_60.png,1,0.7952747941017151,0.9852472543716431,0.9755124449729919
Brain,15,current_shared,Ungood/img/01019_68.png,1,0.8174037933349609,0.9986155033111572,0.9976334571838379
Brain,15,current_shared,Ungood/img/01019_76.png,1,0.8157561421394348,0.9978101849555969,0.9972966313362122
Brain,15,current_shared,Ungood/img/01019_84.png,1,0.8198046088218689,0.9988310933113098,0.9980123043060303
Brain,15,current_shared,Ungood/img/01019_92.png,1,0.8096163868904114,0.9991545677185059,0.9986613392829895
Brain,15,current_shared,Ungood/img/01021_60.png,1,0.752956748008728,0.9953683614730835,0.9924987554550171
Brain,15,current_shared,Ungood/img/01021_68.png,1,0.8062573671340942,0.997566819190979,0.9966031312942505
Brain,15,current_shared,Ungood/img/01021_76.png,1,0.8115838170051575,0.9945359230041504,0.991567850112915
Brain,15,current_shared,Ungood/img/01021_84.png,1,0.8080167174339294,0.991329550743103,0.9866821765899658
Brain,15,current_shared,Ungood/img/01021_92.png,1,0.8022743463516235,0.9960745573043823,0.9937218427658081
Brain,15,current_shared,Ungood/img/01022_60.png,1,0.8142191767692566,0.9998369216918945,0.9997859001159668
Brain,15,current_shared,Ungood/img/01022_68.png,1,0.7945376634597778,0.9997133612632751,0.9993177056312561
Brain,15,current_shared,Ungood/img/01022_76.png,1,0.812846839427948,0.9988170862197876,0.9985178709030151
Brain,15,current_shared,Ungood/img/01022_84.png,1,0.8117778897285461,0.9984422326087952,0.9979249238967896
Brain,15,current_shared,Ungood/img/01022_92.png,1,0.8028607368469238,0.9986497759819031,0.9979024529457092
Brain,15,current_shared,Ungood/img/01024_60.png,1,0.8093783855438232,0.9998918771743774,0.9998371601104736
Brain,15,current_shared,Ungood/img/01024_68.png,1,0.7287135124206543,0.9947696328163147,0.9913618564605713
Brain,15,current_shared,Ungood/img/01024_76.png,1,0.8156305551528931,0.9896929860115051,0.9827083945274353
Brain,15,current_shared,Ungood/img/01024_84.png,1,0.8181857466697693,0.991252601146698,0.9830887913703918
Brain,15,current_shared,Ungood/img/01024_92.png,1,0.8039543032646179,0.9861832857131958,0.9626462459564209
Brain,15,current_shared,Ungood/img/01026_60.png,1,0.7432678937911987,0.9989433884620667,0.998663604259491
Brain,15,current_shared,Ungood/img/01026_68.png,1,0.8107894659042358,0.9988284707069397,0.9983485341072083
Brain,15,current_shared,Ungood/img/01026_76.png,1,0.796721339225769,0.9976626634597778,0.9963733553886414
Brain,15,current_shared,Ungood/img/01026_84.png,1,0.8064058423042297,0.9979357719421387,0.9970595836639404
Brain,15,current_shared,Ungood/img/01026_92.png,1,0.8216180205345154,0.9989521503448486,0.9981740713119507
Brain,15,current_shared,Ungood/img/01029_60.png,1,0.8190827965736389,0.9983569979667664,0.9954746961593628
Brain,15,current_shared,Ungood/img/01029_68.png,1,0.8197309970855713,0.9828848838806152,0.9697779417037964
Brain,15,current_shared,Ungood/img/01029_76.png,1,0.8181758522987366,0.9905761480331421,0.9855682253837585
Brain,15,current_shared,Ungood/img/01029_84.png,1,0.8204161524772644,0.9970555305480957,0.9962958693504333
Brain,15,current_shared,Ungood/img/01029_92.png,1,0.8127020597457886,0.9910071492195129,0.9829360842704773
Brain,15,current_shared,Ungood/img/01032_60.png,1,0.8097555637359619,0.9996976852416992,0.9996585249900818
Brain,15,current_shared,Ungood/img/01032_68.png,1,0.8124393820762634,0.9989097118377686,0.998563826084137
Brain,15,current_shared,Ungood/img/01032_76.png,1,0.8147039413452148,0.9973366856575012,0.970533013343811
Brain,15,current_shared,Ungood/img/01032_84.png,1,0.8083212375640869,0.9927517175674438,0.9737455248832703
Brain,15,current_shared,Ungood/img/01032_92.png,1,0.8078757524490356,0.9949604272842407,0.9771577715873718
Brain,15,current_shared,Ungood/img/01038_60.png,1,0.7942611575126648,0.9969820380210876,0.9950301647186279
Brain,15,current_shared,Ungood/img/01038_68.png,1,0.8077208399772644,0.9937763214111328,0.985952615737915
Brain,15,current_shared,Ungood/img/01038_76.png,1,0.8092836737632751,0.9808678030967712,0.9621618390083313
Brain,15,current_shared,Ungood/img/01038_84.png,1,0.8091724514961243,0.9876278638839722,0.9608885645866394
Brain,15,current_shared,Ungood/img/01038_92.png,1,0.803166389465332,0.8450779318809509,0.5887976288795471
Brain,15,current_shared,Ungood/img/01040_60.png,1,0.7652879953384399,0.9997197985649109,0.9995353817939758
Brain,15,current_shared,Ungood/img/01040_68.png,1,0.8040648698806763,0.9967696666717529,0.9961956143379211
Brain,15,current_shared,Ungood/img/01040_76.png,1,0.8116804361343384,0.9979767203330994,0.9945182204246521
Brain,15,current_shared,Ungood/img/01040_84.png,1,0.8094314932823181,0.9946921467781067,0.9853301048278809
Brain,15,current_shared,Ungood/img/01040_92.png,1,0.8143980503082275,0.9827985167503357,0.9598321318626404
Brain,15,current_shared,Ungood/img/01041_60.png,1,0.7566621899604797,0.9982253909111023,0.99698406457901
Brain,15,current_shared,Ungood/img/01041_68.png,1,0.7797673940658569,0.9982701539993286,0.9973108172416687
Brain,15,current_shared,Ungood/img/01041_76.png,1,0.8136969208717346,0.9965029954910278,0.9951668381690979
Brain,15,current_shared,Ungood/img/01041_84.png,1,0.8080452084541321,0.9982343912124634,0.9970879554748535
Brain,15,current_shared,Ungood/img/01041_92.png,1,0.81045001745224,0.9706838130950928,0.934251070022583
Brain,15,current_shared,Ungood/img/01042_60.png,1,0.6903800964355469,0.9985387325286865,0.9983180165290833
Brain,15,current_shared,Ungood/img/01042_68.png,1,0.7614932656288147,0.999092698097229,0.9985571503639221
Brain,15,current_shared,Ungood/img/01042_76.png,1,0.7402424216270447,0.9976891279220581,0.9962028861045837
Brain,15,current_shared,Ungood/img/01042_84.png,1,0.8138225674629211,0.9927829504013062,0.9907487034797668
Brain,15,current_shared,Ungood/img/01042_92.png,1,0.8173326849937439,0.9943045973777771,0.9891844391822815
Brain,15,current_shared,Ungood/img/01044_60.png,1,0.8195000290870667,0.992841362953186,0.9881228804588318
Brain,15,current_shared,Ungood/img/01044_68.png,1,0.8223915100097656,0.9725773334503174,0.9650154113769531
Brain,15,current_shared,Ungood/img/01044_76.png,1,0.822287917137146,0.9551103115081787,0.9141817688941956
Brain,15,current_shared,Ungood/img/01044_84.png,1,0.8226572275161743,0.9459438323974609,0.7381398677825928
Brain,15,current_shared,Ungood/img/01044_92.png,1,0.8170350193977356,0.9688693284988403,0.8772637844085693
Brain,15,current_shared,Ungood/img/01045_60.png,1,0.8154062032699585,0.9988600015640259,0.9980074167251587
Brain,15,current_shared,Ungood/img/01045_68.png,1,0.7901435494422913,0.9995003938674927,0.9987778663635254
Brain,15,current_shared,Ungood/img/01045_76.png,1,0.8193724155426025,0.9994279742240906,0.9990881085395813
Brain,15,current_shared,Ungood/img/01045_84.png,1,0.8160014152526855,0.99837327003479,0.996834933757782
Brain,15,current_shared,Ungood/img/01045_92.png,1,0.8153015375137329,0.9973300695419312,0.9963911771774292
Brain,15,current_shared,Ungood/img/01049_60.png,1,0.7176956534385681,0.9978771209716797,0.9973479509353638
Brain,15,current_shared,Ungood/img/01049_68.png,1,0.8057032227516174,0.9980214834213257,0.9972395300865173
Brain,15,current_shared,Ungood/img/01049_76.png,1,0.7914033532142639,0.9835680723190308,0.9751504063606262
Brain,15,current_shared,Ungood/img/01049_84.png,1,0.8038976192474365,0.9693626165390015,0.9409481883049011
Brain,15,current_shared,Ungood/img/01049_92.png,1,0.8082014918327332,0.9783799052238464,0.95335853099823
Brain,15,current_shared,Ungood/img/01050_60.png,1,0.8128103017807007,0.9996672868728638,0.9994727969169617
Brain,15,current_shared,Ungood/img/01050_68.png,1,0.8093193769454956,0.9993847608566284,0.9987869262695312
Brain,15,current_shared,Ungood/img/01050_76.png,1,0.818973183631897,0.9881561994552612,0.9764100313186646
Brain,15,current_shared,Ungood/img/01050_84.png,1,0.8131349086761475,0.9882227778434753,0.9788738489151001
Brain,15,current_shared,Ungood/img/01050_92.png,1,0.799159049987793,0.9798281788825989,0.9320386648178101
Brain,15,current_shared,Ungood/img/01051_60.png,1,0.7885939478874207,0.9977560639381409,0.9972296953201294
Brain,15,current_shared,Ungood/img/01051_68.png,1,0.8188145160675049,0.9974495768547058,0.9961666464805603
Brain,15,current_shared,Ungood/img/01051_76.png,1,0.8096895217895508,0.9971832633018494,0.9946330785751343
Brain,15,current_shared,Ungood/img/01051_84.png,1,0.8117176294326782,0.9911647439002991,0.9875562787055969
Brain,15,current_shared,Ungood/img/01051_92.png,1,0.8215991854667664,0.9962159991264343,0.9854838252067566
Brain,15,current_shared,Ungood/img/01053_60.png,1,0.7689494490623474,0.9994149208068848,0.9990479946136475
Brain,15,current_shared,Ungood/img/01053_68.png,1,0.7402951121330261,0.9917545318603516,0.979459822177887
Brain,15,current_shared,Ungood/img/01053_76.png,1,0.7849103212356567,0.9944650530815125,0.9919608235359192
Brain,15,current_shared,Ungood/img/01053_84.png,1,0.784507155418396,0.9930336475372314,0.9900439381599426
Brain,15,current_shared,Ungood/img/01053_92.png,1,0.7941223978996277,0.9427970051765442,0.9274351000785828
Brain,15,current_shared,Ungood/img/01058_60.png,1,0.7597929239273071,0.9997209906578064,0.9995590448379517
Brain,15,current_shared,Ungood/img/01058_68.png,1,0.8000401854515076,0.9995372295379639,0.9991658926010132
Brain,15,current_shared,Ungood/img/01058_76.png,1,0.7879074811935425,0.9962867498397827,0.9949458241462708
Brain,15,current_shared,Ungood/img/01058_84.png,1,0.8108407258987427,0.9753777980804443,0.9596946239471436
Brain,15,current_shared,Ungood/img/01058_92.png,1,0.8167597055435181,0.9821075797080994,0.9674580097198486
Brain,15,current_shared,Ungood/img/01060_60.png,1,0.7422162294387817,0.9990122318267822,0.9984673261642456
Brain,15,current_shared,Ungood/img/01060_68.png,1,0.7183235287666321,0.9914121627807617,0.9856945872306824
Brain,15,current_shared,Ungood/img/01060_76.png,1,0.8005046248435974,0.9995494484901428,0.9992679357528687
Brain,15,current_shared,Ungood/img/01060_84.png,1,0.7788071632385254,0.9991990923881531,0.9982962012290955
Brain,15,current_shared,Ungood/img/01060_92.png,1,0.8076392412185669,0.9320045709609985,0.8873451352119446
Brain,15,current_shared,Ungood/img/01061_60.png,1,0.7744885683059692,0.9992732405662537,0.9987844824790955
Brain,15,current_shared,Ungood/img/01061_68.png,1,0.7626011371612549,0.9982132911682129,0.9977525472640991
Brain,15,current_shared,Ungood/img/01061_76.png,1,0.7767428755760193,0.9980623126029968,0.9967321157455444
Brain,15,current_shared,Ungood/img/01061_84.png,1,0.8095210194587708,0.9874696731567383,0.9838436841964722
Brain,15,current_shared,Ungood/img/01061_92.png,1,0.810125470161438,0.9945658445358276,0.9910534620285034
Brain,15,current_shared,Ungood/img/01063_60.png,1,0.7787408232688904,0.9997335076332092,0.9996228814125061
Brain,15,current_shared,Ungood/img/01063_68.png,1,0.7752833962440491,0.99887615442276,0.9977502822875977
Brain,15,current_shared,Ungood/img/01063_76.png,1,0.8053995966911316,0.9898924827575684,0.9834594130516052
Brain,15,current_shared,Ungood/img/01063_84.png,1,0.8184991478919983,0.9789496660232544,0.9725327491760254
Brain,15,current_shared,Ungood/img/01063_92.png,1,0.8003873229026794,0.9428815841674805,0.9211621284484863
Brain,15,current_shared,Ungood/img/01064_60.png,1,0.7771326303482056,0.9997698664665222,0.9996486902236938
Brain,15,current_shared,Ungood/img/01064_68.png,1,0.8098280429840088,0.19183608889579773,0.1506025642156601
Brain,15,current_shared,Ungood/img/01064_76.png,1,0.8082424998283386,0.9986791014671326,0.9973912239074707
Brain,15,current_shared,Ungood/img/01064_84.png,1,0.8050821423530579,0.963365375995636,0.933272123336792
Brain,15,current_shared,Ungood/img/01064_92.png,1,0.6417317986488342,0.1937064677476883,0.07109697163105011
Brain,15,current_shared,Ungood/img/01065_60.png,1,0.7251982688903809,0.9994595646858215,0.9991809725761414
Brain,15,current_shared,Ungood/img/01065_68.png,1,0.7950091361999512,0.9992921352386475,0.9983968734741211
Brain,15,current_shared,Ungood/img/01065_76.png,1,0.811214029788971,0.999019980430603,0.9985451698303223
Brain,15,current_shared,Ungood/img/01065_84.png,1,0.813612699508667,0.9994826316833496,0.9991097450256348
Brain,15,current_shared,Ungood/img/01065_92.png,1,0.8112704753875732,0.991949200630188,0.9904372096061707
Brain,15,current_shared,Ungood/img/01066_60.png,1,0.7776550054550171,0.9991807341575623,0.9984865188598633
Brain,15,current_shared,Ungood/img/01066_68.png,1,0.8052775263786316,0.998999297618866,0.9981709718704224
Brain,15,current_shared,Ungood/img/01066_76.png,1,0.8128349781036377,0.9882895946502686,0.9800390601158142
Brain,15,current_shared,Ungood/img/01066_84.png,1,0.8083335757255554,0.9800297617912292,0.9593555331230164
Brain,15,current_shared,Ungood/img/01066_92.png,1,0.7870233654975891,0.9642409682273865,0.9276514053344727
Brain,15,current_shared,Ungood/img/01069_60.png,1,0.8097671866416931,0.9889849424362183,0.9843677282333374
Brain,15,current_shared,Ungood/img/01069_68.png,1,0.813571572303772,0.9991921782493591,0.9978312253952026
Brain,15,current_shared,Ungood/img/01069_76.png,1,0.819783627986908,0.9970824122428894,0.9935577511787415
Brain,15,current_shared,Ungood/img/01069_84.png,1,0.813127338886261,0.995083749294281,0.9913915991783142
Brain,15,current_shared,Ungood/img/01069_92.png,1,0.8119590282440186,0.9889834523200989,0.9855227470397949
Brain,15,current_shared,Ungood/img/01070_60.png,1,0.7163998484611511,0.9902522563934326,0.9843934774398804
Brain,15,current_shared,Ungood/img/01070_68.png,1,0.808663547039032,0.9968981742858887,0.9925775527954102
Brain,15,current_shared,Ungood/img/01070_76.png,1,0.8116061687469482,0.9967145919799805,0.9937760829925537
Brain,15,current_shared,Ungood/img/01070_84.png,1,0.8091399669647217,0.9890608787536621,0.9852489829063416
Brain,15,current_shared,Ungood/img/01070_92.png,1,0.5073821544647217,0.00018383664428256452,0.0001326836209045723
Brain,15,current_shared,Ungood/img/01071_60.png,1,0.8137378096580505,0.9993732571601868,0.9989606738090515
Brain,15,current_shared,Ungood/img/01071_68.png,1,0.8036942481994629,0.9987786412239075,0.9981685876846313
Brain,15,current_shared,Ungood/img/01071_76.png,1,0.8134528994560242,0.9966427087783813,0.995690643787384
Brain,15,current_shared,Ungood/img/01071_84.png,1,0.8105085492134094,0.9802905321121216,0.9673181176185608
Brain,15,current_shared,Ungood/img/01071_92.png,1,0.8120604753494263,0.9702481031417847,0.939572274684906
Brain,15,current_shared,Ungood/img/01072_60.png,1,0.7935628294944763,0.9993778467178345,0.9990657567977905
Brain,15,current_shared,Ungood/img/01072_68.png,1,0.7464967370033264,0.9994503855705261,0.9988200664520264
Brain,15,current_shared,Ungood/img/01072_76.png,1,0.7398682832717896,0.9993438124656677,0.9988207817077637
Brain,15,current_shared,Ungood/img/01072_84.png,1,0.7042905688285828,0.9948516488075256,0.9891234040260315
Brain,15,current_shared,Ungood/img/01072_92.png,1,0.819327712059021,0.9996912479400635,0.9995004534721375
Brain,15,current_shared,Ungood/img/01073_60.png,1,0.7936393022537231,0.9992592930793762,0.9989213943481445
Brain,15,current_shared,Ungood/img/01073_68.png,1,0.7975250482559204,0.9953247308731079,0.9896838665008545
Brain,15,current_shared,Ungood/img/01073_76.png,1,0.8130324482917786,0.996670663356781,0.9919999241828918
Brain,15,current_shared,Ungood/img/01073_84.png,1,0.8135542869567871,0.9853759407997131,0.9781721830368042
Brain,15,current_shared,Ungood/img/01073_92.png,1,0.8137845993041992,0.9890159964561462,0.9700280427932739
Brain,15,current_shared,Ungood/img/01076_60.png,1,0.8153490424156189,0.9992241859436035,0.9989966750144958
Brain,15,current_shared,Ungood/img/01076_68.png,1,0.8150048851966858,0.9964300990104675,0.9915039539337158
Brain,15,current_shared,Ungood/img/01076_76.png,1,0.807894766330719,0.9758729934692383,0.9511056542396545
Brain,15,current_shared,Ungood/img/01076_84.png,1,0.8150294423103333,0.9867023825645447,0.9680967330932617
Brain,15,current_shared,Ungood/img/01076_92.png,1,0.8113213181495667,0.9929872155189514,0.9819470643997192
Brain,15,current_shared,Ungood/img/01078_60.png,1,0.768447995185852,0.99952232837677,0.9992573857307434
Brain,15,current_shared,Ungood/img/01078_68.png,1,0.7656091451644897,0.9972467422485352,0.9950013756752014
Brain,15,current_shared,Ungood/img/01078_76.png,1,0.807267427444458,0.9879103899002075,0.9839192628860474
Brain,15,current_shared,Ungood/img/01078_84.png,1,0.7950034141540527,0.9848810434341431,0.9735391139984131
Brain,15,current_shared,Ungood/img/01078_92.png,1,0.8137123584747314,0.9989297986030579,0.9981210827827454
Brain,15,current_shared,Ungood/img/01079_60.png,1,0.751994788646698,0.9978389143943787,0.9968248009681702
Brain,15,current_shared,Ungood/img/01079_68.png,1,0.7645256519317627,0.994377076625824,0.9895368814468384
Brain,15,current_shared,Ungood/img/01079_76.png,1,0.7084968090057373,0.9947758913040161,0.978696346282959
Brain,15,current_shared,Ungood/img/01079_84.png,1,0.7919803261756897,0.9995322227478027,0.9993342757225037
Brain,15,current_shared,Ungood/img/01079_92.png,1,0.8006260395050049,0.9989839196205139,0.9977899193763733
Brain,15,current_shared,Ungood/img/01080_60.png,1,0.7900950908660889,0.9995402097702026,0.998358428478241
Brain,15,current_shared,Ungood/img/01080_68.png,1,0.7748134136199951,0.998979389667511,0.9976485371589661
Brain,15,current_shared,Ungood/img/01080_76.png,1,0.8153954148292542,0.9954308271408081,0.9834743738174438
Brain,15,current_shared,Ungood/img/01080_84.png,1,0.8117308020591736,0.9919969439506531,0.9753856658935547
Brain,15,current_shared,Ungood/img/01080_92.png,1,0.8057095408439636,0.9950466156005859,0.9888983368873596
Brain,15,current_shared,Ungood/img/01084_60.png,1,0.8135586977005005,0.859228789806366,0.6994447708129883
Brain,15,current_shared,Ungood/img/01084_68.png,1,0.8105654716491699,0.952491283416748,0.8370219469070435
Brain,15,current_shared,Ungood/img/01084_76.png,1,0.7975886464118958,0.9370259046554565,0.8346253037452698
Brain,15,current_shared,Ungood/img/01084_84.png,1,0.8103779554367065,0.9886215329170227,0.9751289486885071
Brain,15,current_shared,Ungood/img/01084_92.png,1,0.788131058216095,0.9833074808120728,0.9612081050872803
Brain,15,current_shared,Ungood/img/01087_60.png,1,0.80863356590271,0.9949479103088379,0.9912171959877014
Brain,15,current_shared,Ungood/img/01087_68.png,1,0.7867172360420227,0.992344081401825,0.9862860441207886
Brain,15,current_shared,Ungood/img/01087_76.png,1,0.8071985244750977,0.9447360634803772,0.90593421459198
Brain,15,current_shared,Ungood/img/01087_84.png,1,0.809259831905365,0.9955708384513855,0.9906424283981323
Brain,15,current_shared,Ungood/img/01087_92.png,1,0.8030474781990051,0.9018506407737732,0.8570253849029541
Brain,15,current_shared,Ungood/img/01089_60.png,1,0.7081298828125,0.9992548823356628,0.999051570892334
Brain,15,current_shared,Ungood/img/01089_68.png,1,0.7301950454711914,0.9979891777038574,0.997054934501648
Brain,15,current_shared,Ungood/img/01089_76.png,1,0.7595703601837158,0.990520715713501,0.9825923442840576
Brain,15,current_shared,Ungood/img/01089_84.png,1,0.8164483904838562,0.996661901473999,0.9919604063034058
Brain,15,current_shared,Ungood/img/01089_92.png,1,0.816129207611084,0.9966700673103333,0.993557870388031
Brain,15,current_shared,Ungood/img/01090_60.png,1,0.8105210661888123,0.9995284080505371,0.9994481205940247
Brain,15,current_shared,Ungood/img/01090_68.png,1,0.8138149976730347,0.9995136260986328,0.9992669224739075
Brain,15,current_shared,Ungood/img/01090_76.png,1,0.8171306848526001,0.995062530040741,0.9940624237060547
Brain,15,current_shared,Ungood/img/01090_84.png,1,0.8153544664382935,0.9996440410614014,0.9985562562942505
Brain,15,current_shared,Ungood/img/01090_92.png,1,0.805820643901825,0.9921197891235352,0.9879836440086365
Brain,15,current_shared,Ungood/img/01092_60.png,1,0.8101251125335693,0.9995704293251038,0.999282956123352
Brain,15,current_shared,Ungood/img/01092_68.png,1,0.8037827610969543,0.999510645866394,0.9986331462860107
Brain,15,current_shared,Ungood/img/01092_76.png,1,0.7976499199867249,0.9996426105499268,0.999142050743103
Brain,15,current_shared,Ungood/img/01092_84.png,1,0.807172417640686,0.9990537762641907,0.9986865520477295
Brain,15,current_shared,Ungood/img/01092_92.png,1,0.8087761998176575,0.9969775676727295,0.9931056499481201
Brain,15,current_shared,Ungood/img/01095_60.png,1,0.8075181841850281,0.9988920092582703,0.9975643157958984
Brain,15,current_shared,Ungood/img/01095_68.png,1,0.8160889148712158,0.9986461997032166,0.9965567588806152
Brain,15,current_shared,Ungood/img/01095_76.png,1,0.8251938819885254,0.9995220899581909,0.999049186706543
Brain,15,current_shared,Ungood/img/01095_84.png,1,0.8142525553703308,0.9984046816825867,0.9969933032989502
Brain,15,current_shared,Ungood/img/01095_92.png,1,0.8183145523071289,0.9989776611328125,0.9973633885383606
Brain,15,current_shared,Ungood/img/01096_60.png,1,0.8093863725662231,0.9992320537567139,0.9987564086914062
Brain,15,current_shared,Ungood/img/01096_68.png,1,0.8148797154426575,0.9963443875312805,0.9806117415428162
Brain,15,current_shared,Ungood/img/01096_76.png,1,0.817079484462738,0.9995743632316589,0.9979240894317627
Brain,15,current_shared,Ungood/img/01096_84.png,1,0.806771457195282,0.9991211295127869,0.9972458481788635
Brain,15,current_shared,Ungood/img/01096_92.png,1,0.8102343082427979,0.9966179728507996,0.98056560754776
Brain,15,current_shared,Ungood/img/01098_60.png,1,0.8174651861190796,0.9974295496940613,0.9960861802101135
Brain,15,current_shared,Ungood/img/01098_68.png,1,0.8155726194381714,0.9992368221282959,0.9987616539001465
Brain,15,current_shared,Ungood/img/01098_76.png,1,0.8049028515815735,0.9988120794296265,0.9973348379135132
Brain,15,current_shared,Ungood/img/01098_84.png,1,0.8099005222320557,0.9849908947944641,0.9734811186790466
Brain,15,current_shared,Ungood/img/01098_92.png,1,0.8071849346160889,0.9866045117378235,0.9786145091056824
Brain,15,current_shared,Ungood/img/01101_60.png,1,0.7514524459838867,0.9993835687637329,0.999022364616394
Brain,15,current_shared,Ungood/img/01101_68.png,1,0.8160727024078369,0.9947530031204224,0.9924155473709106
Brain,15,current_shared,Ungood/img/01101_76.png,1,0.8198909759521484,0.9954957962036133,0.9938746690750122
Brain,15,current_shared,Ungood/img/01101_84.png,1,0.8179382085800171,0.9883418679237366,0.9610514640808105
Brain,15,current_shared,Ungood/img/01101_92.png,1,0.8179797530174255,0.9993798732757568,0.9986283779144287
Brain,15,current_shared,Ungood/img/01104_60.png,1,0.7291887402534485,0.999666690826416,0.9995066523551941
Brain,15,current_shared,Ungood/img/01104_68.png,1,0.7988560795783997,0.9728118181228638,0.9254999756813049
Brain,15,current_shared,Ungood/img/01104_76.png,1,0.8085286617279053,0.9794110655784607,0.952089250087738
Brain,15,current_shared,Ungood/img/01104_84.png,1,0.8154434561729431,0.9172173738479614,0.8571214079856873
Brain,15,current_shared,Ungood/img/01104_92.png,1,0.5418345928192139,0.06513043493032455,0.02690805122256279
Brain,15,current_shared,Ungood/img/01105_60.png,1,0.821560800075531,0.9347575902938843,0.8070927262306213
Brain,15,current_shared,Ungood/img/01105_68.png,1,0.8206877112388611,0.9882545471191406,0.9833377003669739
Brain,15,current_shared,Ungood/img/01105_76.png,1,0.8176491856575012,0.8391088247299194,0.7866363525390625
Brain,15,current_shared,Ungood/img/01105_84.png,1,0.8169979453086853,0.9979462027549744,0.9966402649879456
Brain,15,current_shared,Ungood/img/01105_92.png,1,0.8104381561279297,0.8951303958892822,0.801426887512207
Brain,15,current_shared,Ungood/img/01110_60.png,1,0.7855736017227173,0.9996882677078247,0.999485433101654
Brain,15,current_shared,Ungood/img/01110_68.png,1,0.7911660075187683,0.9979438185691833,0.9972065687179565
Brain,15,current_shared,Ungood/img/01110_76.png,1,0.8053320646286011,0.9995071887969971,0.9990881085395813
Brain,15,current_shared,Ungood/img/01110_84.png,1,0.810796856880188,0.9748681783676147,0.9302057027816772
Brain,15,current_shared,Ungood/img/01110_92.png,1,0.7996751070022583,0.9918618202209473,0.9885957837104797
Brain,15,current_shared,Ungood/img/01111_60.png,1,0.8165752291679382,0.9987855553627014,0.9977391362190247
Brain,15,current_shared,Ungood/img/01111_68.png,1,0.8194752335548401,0.9985296726226807,0.9953689575195312
Brain,15,current_shared,Ungood/img/01111_76.png,1,0.8121376633644104,0.9998045563697815,0.9991734623908997
Brain,15,current_shared,Ungood/img/01111_84.png,1,0.8110738396644592,0.9991999268531799,0.9973788857460022
Brain,15,current_shared,Ungood/img/01111_92.png,1,0.807482898235321,0.9986180067062378,0.9975168704986572
Brain,15,current_shared,Ungood/img/01113_60.png,1,0.7650458216667175,0.9995852112770081,0.9994531273841858
Brain,15,current_shared,Ungood/img/01113_68.png,1,0.7495502233505249,0.9974427223205566,0.9963712096214294
Brain,15,current_shared,Ungood/img/01113_76.png,1,0.8163347244262695,0.9987528324127197,0.9984838366508484
Brain,15,current_shared,Ungood/img/01113_84.png,1,0.8102757334709167,0.9799403548240662,0.9652103185653687
Brain,15,current_shared,Ungood/img/01113_92.png,1,0.8114181756973267,0.976869523525238,0.9603164196014404
Brain,15,current_shared,Ungood/img/01114_60.png,1,0.7879868149757385,0.9992998838424683,0.9989774227142334
Brain,15,current_shared,Ungood/img/01114_68.png,1,0.7590794563293457,0.9934915900230408,0.9912513494491577
Brain,15,current_shared,Ungood/img/01114_76.png,1,0.8061797022819519,0.9964938759803772,0.9928524494171143
Brain,15,current_shared,Ungood/img/01114_84.png,1,0.8126884698867798,0.9979962706565857,0.9969366192817688
Brain,15,current_shared,Ungood/img/01114_92.png,1,0.8084349632263184,0.9995920062065125,0.9991422295570374
Brain,15,current_shared,Ungood/img/01120_60.png,1,0.7836906313896179,0.9997792840003967,0.9995862245559692
Brain,15,current_shared,Ungood/img/01120_68.png,1,0.8036262392997742,0.9989596605300903,0.9983668923377991
Brain,15,current_shared,Ungood/img/01120_76.png,1,0.8058408498764038,0.9995176792144775,0.9992761611938477
Brain,15,current_shared,Ungood/img/01120_84.png,1,0.8132726550102234,0.9996691942214966,0.9994368553161621
Brain,15,current_shared,Ungood/img/01120_92.png,1,0.8133352994918823,0.9982707500457764,0.9970481991767883
Brain,15,current_shared,Ungood/img/01121_60.png,1,0.76720130443573,0.9943286776542664,0.9921925067901611
Brain,15,current_shared,Ungood/img/01121_68.png,1,0.8047829270362854,0.996485710144043,0.9917811751365662
Brain,15,current_shared,Ungood/img/01121_76.png,1,0.8163326978683472,0.9988251328468323,0.9980447292327881
Brain,15,current_shared,Ungood/img/01121_84.png,1,0.8085009455680847,0.990312933921814,0.9859660863876343
Brain,15,current_shared,Ungood/img/01121_92.png,1,0.8128646016120911,0.9973191618919373,0.9953483939170837
Brain,15,current_shared,Ungood/img/01124_60.png,1,0.7640541195869446,0.9996045231819153,0.9992774128913879
Brain,15,current_shared,Ungood/img/01124_68.png,1,0.8152813911437988,0.996645987033844,0.993992030620575
Brain,15,current_shared,Ungood/img/01124_76.png,1,0.8122340440750122,0.9803864359855652,0.948643684387207
Brain,15,current_shared,Ungood/img/01124_84.png,1,0.8128119111061096,0.9135094285011292,0.7931143641471863
Brain,15,current_shared,Ungood/img/01124_92.png,1,0.8106622099876404,0.969913125038147,0.8892485499382019
Brain,15,current_shared,Ungood/img/01125_60.png,1,0.7365158200263977,0.9993708729743958,0.998624861240387
Brain,15,current_shared,Ungood/img/01125_68.png,1,0.768378496170044,0.9977760910987854,0.9971667528152466
Brain,15,current_shared,Ungood/img/01125_76.png,1,0.7911766767501831,0.9982643723487854,0.9970459342002869
Brain,15,current_shared,Ungood/img/01125_84.png,1,0.809202253818512,0.9991637468338013,0.9989264011383057
Brain,15,current_shared,Ungood/img/01125_92.png,1,0.8093950152397156,0.9979106783866882,0.9972423315048218
Brain,15,current_shared,Ungood/img/01126_60.png,1,0.8154708743095398,0.9968274235725403,0.9882497787475586
Brain,15,current_shared,Ungood/img/01126_68.png,1,0.810110330581665,0.9851123690605164,0.9520857930183411
Brain,15,current_shared,Ungood/img/01126_76.png,1,0.81203293800354,0.9923496246337891,0.9817577600479126
Brain,15,current_shared,Ungood/img/01126_84.png,1,0.8096923828125,0.9915811419487,0.984337329864502
Brain,15,current_shared,Ungood/img/01126_92.png,1,0.8067575693130493,0.850432276725769,0.5066552758216858
Brain,15,current_shared,Ungood/img/01130_60.png,1,0.812645673751831,0.9995734095573425,0.9993546605110168
Brain,15,current_shared,Ungood/img/01130_68.png,1,0.8179324269294739,0.9932848215103149,0.9687836766242981
Brain,15,current_shared,Ungood/img/01130_76.png,1,0.8167895674705505,0.9958414435386658,0.9838242530822754
Brain,15,current_shared,Ungood/img/01130_84.png,1,0.8100048899650574,0.9906989932060242,0.9756403565406799
Brain,15,current_shared,Ungood/img/01130_92.png,1,0.8187744617462158,0.9975500702857971,0.9965159296989441
Brain,15,current_shared,Ungood/img/01134_60.png,1,0.7378890514373779,0.9996850490570068,0.9995559453964233
Brain,15,current_shared,Ungood/img/01134_68.png,1,0.7775061726570129,0.9646170735359192,0.9212357997894287
Brain,15,current_shared,Ungood/img/01134_76.png,1,0.7966583967208862,0.9978558421134949,0.9933292269706726
Brain,15,current_shared,Ungood/img/01134_84.png,1,0.8048400282859802,0.9986431002616882,0.9970675706863403
Brain,15,current_shared,Ungood/img/01134_92.png,1,0.7990774512290955,0.9982708692550659,0.996099591255188
Brain,15,current_shared,Ungood/img/01136_60.png,1,0.7916094660758972,0.9955160021781921,0.9889009594917297
Brain,15,current_shared,Ungood/img/01136_68.png,1,0.8069037795066833,0.994421660900116,0.9883374571800232
Brain,15,current_shared,Ungood/img/01136_76.png,1,0.8185327053070068,0.9995799660682678,0.998329758644104
Brain,15,current_shared,Ungood/img/01136_84.png,1,0.8169154524803162,0.9980509281158447,0.9970297813415527
Brain,15,current_shared,Ungood/img/01136_92.png,1,0.8227568864822388,0.9998688697814941,0.9997072219848633
Brain,15,current_shared,Ungood/img/01138_60.png,1,0.7853496074676514,0.9997628331184387,0.9996643662452698
Brain,15,current_shared,Ungood/img/01138_68.png,1,0.784376859664917,0.9930403232574463,0.9898823499679565
Brain,15,current_shared,Ungood/img/01138_76.png,1,0.8036321401596069,0.997989296913147,0.9971314668655396
Brain,15,current_shared,Ungood/img/01138_84.png,1,0.8166058659553528,0.9972955584526062,0.9962832927703857
Brain,15,current_shared,Ungood/img/01138_92.png,1,0.8155246376991272,0.9952484965324402,0.9795646667480469
Brain,15,current_shared,Ungood/img/01139_60.png,1,0.7867270112037659,0.9985381364822388,0.9971922039985657
Brain,15,current_shared,Ungood/img/01139_68.png,1,0.7377271056175232,0.9997499585151672,0.9996151328086853
Brain,15,current_shared,Ungood/img/01139_76.png,1,0.8104869723320007,0.9996243715286255,0.9993528127670288
Brain,15,current_shared,Ungood/img/01139_84.png,1,0.8186846971511841,0.9724732637405396,0.943403422832489
Brain,15,current_shared,Ungood/img/01139_92.png,1,0.8153890371322632,0.9899566769599915,0.9848556518554688
Brain,15,current_shared,Ungood/img/01140_60.png,1,0.7994452118873596,0.9993933439254761,0.9990763664245605
Brain,15,current_shared,Ungood/img/01140_68.png,1,0.7882876992225647,0.992932915687561,0.9847704172134399
Brain,15,current_shared,Ungood/img/01140_76.png,1,0.797699511051178,0.962691068649292,0.894856870174408
Brain,15,current_shared,Ungood/img/01140_84.png,1,0.8148471713066101,0.9937354922294617,0.9845675826072693
Brain,15,current_shared,Ungood/img/01140_92.png,1,0.8090351819992065,0.9491581916809082,0.9045546650886536
Brain,15,current_shared,Ungood/img/01141_60.png,1,0.792186975479126,0.9994980096817017,0.9988927245140076
Brain,15,current_shared,Ungood/img/01141_68.png,1,0.8170284628868103,0.9939806461334229,0.9911076426506042
Brain,15,current_shared,Ungood/img/01141_76.png,1,0.8189993500709534,0.9950529932975769,0.9906541705131531
Brain,15,current_shared,Ungood/img/01141_84.png,1,0.8195939660072327,0.9943097829818726,0.9918023943901062
Brain,15,current_shared,Ungood/img/01141_92.png,1,0.540071427822113,0.027889834716916084,0.014054160565137863
Brain,15,current_shared,Ungood/img/01142_60.png,1,0.8171535134315491,0.9985070824623108,0.9976597428321838
Brain,15,current_shared,Ungood/img/01142_68.png,1,0.7824155688285828,0.9956803321838379,0.9911354184150696
Brain,15,current_shared,Ungood/img/01142_76.png,1,0.8126996159553528,0.9961523413658142,0.9933411478996277
Brain,15,current_shared,Ungood/img/01142_84.png,1,0.8105069398880005,0.9984063506126404,0.9973839521408081
Brain,15,current_shared,Ungood/img/01142_92.png,1,0.8075883388519287,0.996780514717102,0.9943620562553406
Brain,15,current_shared,Ungood/img/01143_60.png,1,0.7461826205253601,0.995135486125946,0.9926708936691284
Brain,15,current_shared,Ungood/img/01143_68.png,1,0.7803314924240112,0.9956833124160767,0.989496111869812
Brain,15,current_shared,Ungood/img/01143_76.png,1,0.7696080803871155,0.9592805504798889,0.9414859414100647
Brain,15,current_shared,Ungood/img/01143_84.png,1,0.7907871603965759,0.981867790222168,0.9638886451721191
Brain,15,current_shared,Ungood/img/01143_92.png,1,0.8043317198753357,0.9806982278823853,0.9135466814041138
Brain,15,current_shared,Ungood/img/01144_60.png,1,0.8023760318756104,0.9109174609184265,0.8746449947357178
Brain,15,current_shared,Ungood/img/01144_68.png,1,0.8149807453155518,0.9257490038871765,0.8703559041023254
Brain,15,current_shared,Ungood/img/01144_76.png,1,0.8124704360961914,0.9873112440109253,0.9768109917640686
Brain,15,current_shared,Ungood/img/01144_84.png,1,0.770505964756012,0.998933732509613,0.9972493052482605
Brain,15,current_shared,Ungood/img/01144_92.png,1,0.8007497787475586,0.7565101385116577,0.6045999526977539
Brain,15,current_shared,Ungood/img/01145_60.png,1,0.8103474974632263,0.9981552958488464,0.996561586856842
Brain,15,current_shared,Ungood/img/01145_68.png,1,0.8132521510124207,0.9986124038696289,0.9978201985359192
Brain,15,current_shared,Ungood/img/01145_76.png,1,0.8055607080459595,0.998977541923523,0.9985182285308838
Brain,15,current_shared,Ungood/img/01145_84.png,1,0.8162345290184021,0.9991039633750916,0.9979767799377441
Brain,15,current_shared,Ungood/img/01145_92.png,1,0.7994251847267151,0.9933291673660278,0.9891605973243713
Brain,15,current_shared,Ungood/img/01148_60.png,1,0.8110852837562561,0.9993842840194702,0.9991745948791504
Brain,15,current_shared,Ungood/img/01148_68.png,1,0.8021447062492371,0.9934762120246887,0.9903960227966309
Brain,15,current_shared,Ungood/img/01148_76.png,1,0.8166637420654297,0.9908281564712524,0.986504316329956
Brain,15,current_shared,Ungood/img/01148_84.png,1,0.8078284859657288,0.9855798482894897,0.9731142520904541
Brain,15,current_shared,Ungood/img/01148_92.png,1,0.8100343346595764,0.9947869777679443,0.9888604283332825
Brain,15,current_shared,Ungood/img/01151_60.png,1,0.8134986162185669,0.9978634715080261,0.9970739483833313
Brain,15,current_shared,Ungood/img/01151_68.png,1,0.8166730403900146,0.9990007281303406,0.9984120726585388
Brain,15,current_shared,Ungood/img/01151_76.png,1,0.7460638880729675,0.9915025234222412,0.9876082539558411
Brain,15,current_shared,Ungood/img/01151_84.png,1,0.7233119606971741,0.9904003739356995,0.9814366698265076
Brain,15,current_shared,Ungood/img/01151_92.png,1,0.8164140582084656,0.9967503547668457,0.9912646412849426
Brain,15,current_shared,Ungood/img/01153_60.png,1,0.8112326264381409,0.998075008392334,0.9970750212669373
Brain,15,current_shared,Ungood/img/01153_68.png,1,0.8113157153129578,0.9924250841140747,0.9904449582099915
Brain,15,current_shared,Ungood/img/01153_76.png,1,0.807646632194519,0.994343638420105,0.9878574013710022
Brain,15,current_shared,Ungood/img/01153_84.png,1,0.8064626455307007,0.9829123020172119,0.9612470269203186
Brain,15,current_shared,Ungood/img/01153_92.png,1,0.8105933666229248,0.9357725977897644,0.8912566304206848
Brain,15,current_shared,Ungood/img/01155_60.png,1,0.8021986484527588,0.9977940320968628,0.9955310821533203
Brain,15,current_shared,Ungood/img/01155_68.png,1,0.8078001737594604,0.9830931425094604,0.9755091667175293
Brain,15,current_shared,Ungood/img/01155_76.png,1,0.8138765692710876,0.9971799850463867,0.9939560890197754
Brain,15,current_shared,Ungood/img/01155_84.png,1,0.784672200679779,0.9977033734321594,0.9966853857040405
Brain,15,current_shared,Ungood/img/01155_92.png,1,0.8042565584182739,0.9982576966285706,0.9967854022979736
Brain,15,current_shared,Ungood/img/01156_60.png,1,0.791724681854248,0.9668475389480591,0.950631320476532
Brain,15,current_shared,Ungood/img/01156_68.png,1,0.8045547604560852,0.992917537689209,0.9868898391723633
Brain,15,current_shared,Ungood/img/01156_76.png,1,0.7987027168273926,0.9935283064842224,0.9851182699203491
Brain,15,current_shared,Ungood/img/01156_84.png,1,0.8066575527191162,0.9499017596244812,0.8709118366241455
Brain,15,current_shared,Ungood/img/01156_92.png,1,0.8079957365989685,0.753961443901062,0.6396846175193787
Brain,15,current_shared,Ungood/img/01157_60.png,1,0.7818194627761841,0.9911654591560364,0.9709017872810364
Brain,15,current_shared,Ungood/img/01157_68.png,1,0.8093269467353821,0.9793150424957275,0.962662398815155
Brain,15,current_shared,Ungood/img/01157_76.png,1,0.7724104523658752,0.9974372386932373,0.9966776371002197
Brain,15,current_shared,Ungood/img/01157_84.png,1,0.808890700340271,0.9919692873954773,0.9790652394294739
Brain,15,current_shared,Ungood/img/01157_92.png,1,0.8130316138267517,0.9899572730064392,0.9852920770645142
Brain,15,current_shared,Ungood/img/01158_60.png,1,0.771480917930603,0.9995953440666199,0.9990286231040955
Brain,15,current_shared,Ungood/img/01158_68.png,1,0.8007447123527527,0.9976754784584045,0.9957764744758606
Brain,15,current_shared,Ungood/img/01158_76.png,1,0.8036150336265564,0.9879299402236938,0.9737153053283691
Brain,15,current_shared,Ungood/img/01158_84.png,1,0.8102882504463196,0.995583713054657,0.9935035109519958
Brain,15,current_shared,Ungood/img/01158_92.png,1,0.7120487093925476,0.9798371195793152,0.9700842499732971
Brain,15,current_shared,Ungood/img/01160_60.png,1,0.8042917251586914,0.9962222576141357,0.994770348072052
Brain,15,current_shared,Ungood/img/01160_68.png,1,0.7836958765983582,0.9992007613182068,0.9982750415802002
Brain,15,current_shared,Ungood/img/01160_76.png,1,0.8026526570320129,0.9997327923774719,0.9990304708480835
Brain,15,current_shared,Ungood/img/01160_84.png,1,0.8128563761711121,0.9843916893005371,0.9577447772026062
Brain,15,current_shared,Ungood/img/01160_92.png,1,0.821507453918457,0.9517074227333069,0.8997275233268738
Brain,15,current_shared,Ungood/img/01163_60.png,1,0.8008530139923096,0.999384880065918,0.9991244077682495
Brain,15,current_shared,Ungood/img/01163_68.png,1,0.8084447383880615,0.9964893460273743,0.9951124787330627
Brain,15,current_shared,Ungood/img/01163_76.png,1,0.7973964810371399,0.9635947942733765,0.851034939289093
Brain,15,current_shared,Ungood/img/01163_84.png,1,0.801277220249176,0.9937130808830261,0.9835778474807739
Brain,15,current_shared,Ungood/img/01163_92.png,1,0.808876097202301,0.49233385920524597,0.32879024744033813
Brain,15,current_shared,Ungood/img/01167_60.png,1,0.8123960494995117,0.9997015595436096,0.9996026754379272
Brain,15,current_shared,Ungood/img/01167_68.png,1,0.7762883305549622,0.9949977397918701,0.9886652827262878
Brain,15,current_shared,Ungood/img/01167_76.png,1,0.8012765049934387,0.9964759945869446,0.9953488111495972
Brain,15,current_shared,Ungood/img/01167_84.png,1,0.7949314713478088,0.9976812601089478,0.9965654015541077
Brain,15,current_shared,Ungood/img/01167_92.png,1,0.7410346269607544,0.7040324807167053,0.5159404277801514
Brain,15,current_shared,Ungood/img/01168_60.png,1,0.7963262796401978,0.9998778104782104,0.9996933937072754
Brain,15,current_shared,Ungood/img/01168_68.png,1,0.8096095323562622,0.9991689920425415,0.998589813709259
Brain,15,current_shared,Ungood/img/01168_76.png,1,0.7969131469726562,0.9984361529350281,0.9974894523620605
Brain,15,current_shared,Ungood/img/01168_84.png,1,0.7755972146987915,0.9977501034736633,0.9966118931770325
Brain,15,current_shared,Ungood/img/01168_92.png,1,0.7829713821411133,0.9993466734886169,0.9990739226341248
Brain,15,current_shared,Ungood/img/01169_60.png,1,0.8160480856895447,0.9993311166763306,0.9990136027336121
Brain,15,current_shared,Ungood/img/01169_68.png,1,0.8139896988868713,0.9996321201324463,0.999430239200592
Brain,15,current_shared,Ungood/img/01169_76.png,1,0.7762126922607422,0.9843235611915588,0.9808900952339172
Brain,15,current_shared,Ungood/img/01169_84.png,1,0.6924736499786377,0.9912931323051453,0.9847089052200317
Brain,15,current_shared,Ungood/img/01169_92.png,1,0.7957436442375183,0.9983646273612976,0.9977816343307495
Brain,15,current_shared,Ungood/img/01170_60.png,1,0.7741004824638367,0.9994284510612488,0.9992170333862305
Brain,15,current_shared,Ungood/img/01170_68.png,1,0.8116459846496582,0.9946057200431824,0.9900799989700317
Brain,15,current_shared,Ungood/img/01170_76.png,1,0.8033364415168762,0.9992116689682007,0.9985045194625854
Brain,15,current_shared,Ungood/img/01170_84.png,1,0.7534297108650208,0.7833150029182434,0.6551285982131958
Brain,15,current_shared,Ungood/img/01170_92.png,1,0.5207611322402954,0.026440532878041267,0.011627227067947388
Brain,15,current_shared,Ungood/img/01171_60.png,1,0.8143609762191772,0.9945456981658936,0.9922051429748535
Brain,15,current_shared,Ungood/img/01171_68.png,1,0.8095240592956543,0.9956924319267273,0.9940646886825562
Brain,15,current_shared,Ungood/img/01171_76.png,1,0.8101941347122192,0.9956842660903931,0.9948290586471558
Brain,15,current_shared,Ungood/img/01171_84.png,1,0.8056591153144836,0.9978310465812683,0.9972504377365112
Brain,15,current_shared,Ungood/img/01171_92.png,1,0.8114742040634155,0.9896848201751709,0.9855753183364868
Brain,15,current_shared,Ungood/img/01172_60.png,1,0.8153780698776245,0.9988825917243958,0.9985663890838623
Brain,15,current_shared,Ungood/img/01172_68.png,1,0.7879238724708557,0.9713772535324097,0.9489234685897827
Brain,15,current_shared,Ungood/img/01172_76.png,1,0.8160009980201721,0.9984155893325806,0.9977792501449585
Brain,15,current_shared,Ungood/img/01172_84.png,1,0.8123115301132202,0.9949941039085388,0.9926483035087585
Brain,15,current_shared,Ungood/img/01172_92.png,1,0.8168624639511108,0.9984184503555298,0.9963615536689758
Brain,15,current_shared,Ungood/img/01175_60.png,1,0.8191882371902466,0.9993739724159241,0.9992136359214783
Brain,15,current_shared,Ungood/img/01175_68.png,1,0.7993672490119934,0.9978833794593811,0.9972715377807617
Brain,15,current_shared,Ungood/img/01175_76.png,1,0.8035364747047424,0.9990185499191284,0.9985136985778809
Brain,15,current_shared,Ungood/img/01175_84.png,1,0.8127943873405457,0.9981573224067688,0.9967950582504272
Brain,15,current_shared,Ungood/img/01175_92.png,1,0.8092259168624878,0.9986754059791565,0.9978606700897217
Brain,15,current_shared,Ungood/img/01179_60.png,1,0.8226974010467529,0.9989076852798462,0.998540997505188
Brain,15,current_shared,Ungood/img/01179_68.png,1,0.817976713180542,0.9959575533866882,0.9923657178878784
Brain,15,current_shared,Ungood/img/01179_76.png,1,0.8166722059249878,0.9934625625610352,0.9912227988243103
Brain,15,current_shared,Ungood/img/01179_84.png,1,0.747229814529419,0.6218317747116089,0.43326064944267273
Brain,15,current_shared,Ungood/img/01179_92.png,1,0.7022486925125122,0.7317473888397217,0.5575713515281677
Brain,15,current_shared,Ungood/img/01180_60.png,1,0.7918247580528259,0.9988092184066772,0.9984387159347534
Brain,15,current_shared,Ungood/img/01180_68.png,1,0.8052164912223816,0.9986340403556824,0.9979986548423767
Brain,15,current_shared,Ungood/img/01180_76.png,1,0.7971176505088806,0.9980292916297913,0.9976741075515747
Brain,15,current_shared,Ungood/img/01180_84.png,1,0.8005586862564087,0.9947584271430969,0.9938759207725525
Brain,15,current_shared,Ungood/img/01180_92.png,1,0.8121180534362793,0.9979664087295532,0.9963858127593994
Brain,15,current_shared,Ungood/img/01182_60.png,1,0.810194194316864,0.9992470741271973,0.9987829327583313
Brain,15,current_shared,Ungood/img/01182_68.png,1,0.8069761991500854,0.9990472197532654,0.9985067844390869
Brain,15,current_shared,Ungood/img/01182_76.png,1,0.8013644218444824,0.9996196031570435,0.9993393421173096
Brain,15,current_shared,Ungood/img/01182_84.png,1,0.7978640198707581,0.9917279481887817,0.9875195622444153
Brain,15,current_shared,Ungood/img/01182_92.png,1,0.7869167327880859,0.4705163538455963,0.3848254680633545
Brain,15,current_shared,Ungood/img/01185_60.png,1,0.8026553392410278,0.9996694326400757,0.9995596408843994
Brain,15,current_shared,Ungood/img/01185_68.png,1,0.7887113690376282,0.9951257109642029,0.9917142987251282
Brain,15,current_shared,Ungood/img/01185_76.png,1,0.8090035319328308,0.9886760711669922,0.9777812361717224
Brain,15,current_shared,Ungood/img/01185_84.png,1,0.8070157170295715,0.9961001873016357,0.9949280619621277
Brain,15,current_shared,Ungood/img/01185_92.png,1,0.8070528507232666,0.9980353713035583,0.9975261092185974
Brain,15,current_shared,Ungood/img/01188_60.png,1,0.8138821125030518,0.9978256821632385,0.9974550008773804
Brain,15,current_shared,Ungood/img/01188_68.png,1,0.8054415583610535,0.9991542100906372,0.9988871812820435
Brain,15,current_shared,Ungood/img/01188_76.png,1,0.8105167150497437,0.9984601736068726,0.9976685643196106
Brain,15,current_shared,Ungood/img/01188_84.png,1,0.8039971590042114,0.9995012283325195,0.9992990493774414
Brain,15,current_shared,Ungood/img/01188_92.png,1,0.8073709011077881,0.9977171421051025,0.9964321255683899
Brain,15,current_shared,Ungood/img/01189_60.png,1,0.8120107054710388,0.9976340532302856,0.9957892894744873
Brain,15,current_shared,Ungood/img/01189_68.png,1,0.7864786982536316,0.8991616368293762,0.7910662293434143
Brain,15,current_shared,Ungood/img/01189_76.png,1,0.7942874431610107,0.9969674944877625,0.9961086511611938
Brain,15,current_shared,Ungood/img/01189_84.png,1,0.7836466431617737,0.9891630411148071,0.9861961603164673
Brain,15,current_shared,Ungood/img/01189_92.png,1,0.7839733958244324,0.9895720481872559,0.9820254445075989
Brain,15,current_shared,Ungood/img/01190_60.png,1,0.8120139837265015,0.9941720366477966,0.9930076003074646
Brain,15,current_shared,Ungood/img/01190_68.png,1,0.7640007138252258,0.9969286322593689,0.9955217242240906
Brain,15,current_shared,Ungood/img/01190_76.png,1,0.8099610805511475,0.9881267547607422,0.9788958430290222
Brain,15,current_shared,Ungood/img/01190_84.png,1,0.7980702519416809,0.9906892776489258,0.9879651665687561
Brain,15,current_shared,Ungood/img/01190_92.png,1,0.8164039850234985,0.998420238494873,0.9971619844436646
Brain,15,current_shared,Ungood/img/01194_60.png,1,0.759772002696991,0.9996699094772339,0.9991342425346375
Brain,15,current_shared,Ungood/img/01194_68.png,1,0.801365315914154,0.9996845722198486,0.9990331530570984
Brain,15,current_shared,Ungood/img/01194_76.png,1,0.8096010088920593,0.9996035695075989,0.9986336827278137
Brain,15,current_shared,Ungood/img/01194_84.png,1,0.8022096157073975,0.9946877956390381,0.9723333716392517
Brain,15,current_shared,Ungood/img/01194_92.png,1,0.807587206363678,0.997841477394104,0.9914442896842957
Brain,15,current_shared,Ungood/img/01195_60.png,1,0.7661600112915039,0.999144434928894,0.9988702535629272
Brain,15,current_shared,Ungood/img/01195_68.png,1,0.7543975710868835,0.9789544939994812,0.9646722078323364
Brain,15,current_shared,Ungood/img/01195_76.png,1,0.7933932542800903,0.9931275844573975,0.9538337588310242
Brain,15,current_shared,Ungood/img/01195_84.png,1,0.8009464144706726,0.9938169121742249,0.9181885123252869
Brain,15,current_shared,Ungood/img/01195_92.png,1,0.8018366098403931,0.11356732249259949,0.03108341060578823
Brain,15,current_shared,Ungood/img/01197_60.png,1,0.7997573018074036,0.9904558062553406,0.974747359752655
Brain,15,current_shared,Ungood/img/01197_68.png,1,0.7999829053878784,0.8863039612770081,0.8102710843086243
Brain,15,current_shared,Ungood/img/01197_76.png,1,0.8059123754501343,0.9851998090744019,0.9254708290100098
Brain,15,current_shared,Ungood/img/01197_84.png,1,0.8152628540992737,0.9846653342247009,0.90863037109375
Brain,15,current_shared,Ungood/img/01197_92.png,1,0.816796600818634,0.9985685348510742,0.991753876209259
Brain,15,current_shared,Ungood/img/01198_60.png,1,0.7917735576629639,0.9933624267578125,0.9872493743896484
Brain,15,current_shared,Ungood/img/01198_68.png,1,0.7936294078826904,0.8813565373420715,0.6510633826255798
Brain,15,current_shared,Ungood/img/01198_76.png,1,0.7979577779769897,0.9877493977546692,0.9694499373435974
Brain,15,current_shared,Ungood/img/01198_84.png,1,0.7392733097076416,0.8325077891349792,0.6222323775291443
Brain,15,current_shared,Ungood/img/01198_92.png,1,0.7827895879745483,0.6063950061798096,0.47832170128822327
Brain,15,current_shared,Ungood/img/01199_60.png,1,0.798163890838623,0.999326229095459,0.9990996718406677
Brain,15,current_shared,Ungood/img/01199_68.png,1,0.819056510925293,0.9973331689834595,0.9959409236907959
Brain,15,current_shared,Ungood/img/01199_76.png,1,0.8056533932685852,0.9943071007728577,0.9863864183425903
Brain,15,current_shared,Ungood/img/01199_84.png,1,0.801929771900177,0.8797355890274048,0.7566292881965637
Brain,15,current_shared,Ungood/img/01199_92.png,1,0.8059606552124023,0.9695432186126709,0.9380008578300476
Brain,15,current_shared,Ungood/img/01200_60.png,1,0.7990632653236389,0.9992386102676392,0.9987620115280151
Brain,15,current_shared,Ungood/img/01200_68.png,1,0.7987208366394043,0.9966356158256531,0.9940716624259949
Brain,15,current_shared,Ungood/img/01200_76.png,1,0.8082468509674072,0.9852193593978882,0.9713733196258545
Brain,15,current_shared,Ungood/img/01200_84.png,1,0.7998710870742798,0.9874556064605713,0.9659857749938965
Brain,15,current_shared,Ungood/img/01200_92.png,1,0.8014492988586426,0.8923887610435486,0.8129470944404602
Brain,15,current_shared,Ungood/img/01202_60.png,1,0.748631477355957,0.9992953538894653,0.9991253018379211
Brain,15,current_shared,Ungood/img/01202_68.png,1,0.7281527519226074,0.9993170499801636,0.9990851283073425
Brain,15,current_shared,Ungood/img/01202_76.png,1,0.7907575964927673,0.9959636926651001,0.993889570236206
Brain,15,current_shared,Ungood/img/01202_84.png,1,0.8077451586723328,0.998501181602478,0.9975771307945251
Brain,15,current_shared,Ungood/img/01202_92.png,1,0.8061920404434204,0.9971292614936829,0.9938317537307739
Brain,15,current_shared,Ungood/img/01204_60.png,1,0.7838333249092102,0.9986477494239807,0.9976815581321716
Brain,15,current_shared,Ungood/img/01204_68.png,1,0.7118900418281555,0.9709277749061584,0.9526522755622864
Brain,15,current_shared,Ungood/img/01204_76.png,1,0.810882568359375,0.9974186420440674,0.995941698551178
Brain,15,current_shared,Ungood/img/01204_84.png,1,0.5665031671524048,0.05320609733462334,0.022128259763121605
Brain,15,current_shared,Ungood/img/01204_92.png,1,0.7811648845672607,0.9594247937202454,0.8609799146652222
Brain,15,current_shared,Ungood/img/01206_60.png,1,0.7944440841674805,0.9994799494743347,0.9989433884620667
Brain,15,current_shared,Ungood/img/01206_68.png,1,0.8102481961250305,0.9991365075111389,0.9985496997833252
Brain,15,current_shared,Ungood/img/01206_76.png,1,0.8142974376678467,0.9986525177955627,0.997892439365387
Brain,15,current_shared,Ungood/img/01206_84.png,1,0.8205475211143494,0.9953384399414062,0.991320013999939
Brain,15,current_shared,Ungood/img/01206_92.png,1,0.8173723816871643,0.9986132383346558,0.99713134765625
Brain,15,current_shared,Ungood/img/01209_60.png,1,0.7519545555114746,0.9996328353881836,0.9994717240333557
Brain,15,current_shared,Ungood/img/01209_68.png,1,0.746242105960846,0.9994269609451294,0.9990279674530029
Brain,15,current_shared,Ungood/img/01209_76.png,1,0.7686684131622314,0.9963917136192322,0.9905989766120911
Brain,15,current_shared,Ungood/img/01209_84.png,1,0.7434544563293457,0.9973926544189453,0.9962904453277588
Brain,15,current_shared,Ungood/img/01209_92.png,1,0.8147107362747192,0.9978440999984741,0.995301365852356
Brain,15,current_shared,Ungood/img/01211_60.png,1,0.7953238487243652,0.9978421926498413,0.9962527751922607
Brain,15,current_shared,Ungood/img/01211_68.png,1,0.817342221736908,0.9826351404190063,0.9751200675964355
Brain,15,current_shared,Ungood/img/01211_76.png,1,0.8189056515693665,0.9230871200561523,0.7840874791145325
Brain,15,current_shared,Ungood/img/01211_84.png,1,0.8173631429672241,0.9456402063369751,0.8789970278739929
Brain,15,current_shared,Ungood/img/01211_92.png,1,0.7952184081077576,0.9186784029006958,0.8771123290061951
Brain,15,current_shared,Ungood/img/01213_60.png,1,0.8102006316184998,0.9992566704750061,0.9987905025482178
Brain,15,current_shared,Ungood/img/01213_68.png,1,0.7973098158836365,0.9829546809196472,0.9745489954948425
Brain,15,current_shared,Ungood/img/01213_76.png,1,0.8084010481834412,0.8846431374549866,0.7419242262840271
Brain,15,current_shared,Ungood/img/01213_84.png,1,0.8103155493736267,0.9969340562820435,0.9924245476722717
Brain,15,current_shared,Ungood/img/01213_92.png,1,0.8069161176681519,0.9988920092582703,0.9977423548698425
Brain,15,current_shared,Ungood/img/01215_60.png,1,0.7691130042076111,0.9994674324989319,0.9991030097007751
Brain,15,current_shared,Ungood/img/01215_68.png,1,0.812896728515625,0.9994033575057983,0.9990154504776001
Brain,15,current_shared,Ungood/img/01215_76.png,1,0.8164099454879761,0.9977830052375793,0.9971427321434021
Brain,15,current_shared,Ungood/img/01215_84.png,1,0.8125378489494324,0.9600377082824707,0.9044125080108643
Brain,15,current_shared,Ungood/img/01215_92.png,1,0.8076714873313904,0.7036317586898804,0.6214147806167603
Brain,15,current_shared,Ungood/img/01216_60.png,1,0.802311897277832,0.9977378845214844,0.9959023594856262
Brain,15,current_shared,Ungood/img/01216_68.png,1,0.814982533454895,0.8451161980628967,0.7211067080497742
Brain,15,current_shared,Ungood/img/01216_76.png,1,0.8146027326583862,0.9398665428161621,0.7580676674842834
Brain,15,current_shared,Ungood/img/01216_84.png,1,0.8157619833946228,0.9901211261749268,0.9829659461975098
Brain,15,current_shared,Ungood/img/01216_92.png,1,0.8125146627426147,0.9968474507331848,0.9889723658561707
Brain,15,current_shared,Ungood/img/01217_60.png,1,0.8169479966163635,0.9992252588272095,0.998961329460144
Brain,15,current_shared,Ungood/img/01217_68.png,1,0.8148492574691772,0.9964593052864075,0.9936161637306213
Brain,15,current_shared,Ungood/img/01217_76.png,1,0.815155029296875,0.991011381149292,0.9847026467323303
Brain,15,current_shared,Ungood/img/01217_84.png,1,0.8183397054672241,0.9984215497970581,0.9953908324241638
Brain,15,current_shared,Ungood/img/01217_92.png,1,0.8218335509300232,0.9751734733581543,0.9544686675071716
Brain,15,current_shared,Ungood/img/01218_60.png,1,0.7977467775344849,0.9991735816001892,0.9987702965736389
Brain,15,current_shared,Ungood/img/01218_68.png,1,0.7951645255088806,0.9902233481407166,0.9862717390060425
Brain,15,current_shared,Ungood/img/01218_76.png,1,0.7972894310951233,0.9954114556312561,0.9913642406463623
Brain,15,current_shared,Ungood/img/01218_84.png,1,0.8116479516029358,0.9580865502357483,0.9433037042617798
Brain,15,current_shared,Ungood/img/01218_92.png,1,0.8069445490837097,0.9927332401275635,0.9847375154495239
Brain,15,current_shared,Ungood/img/01220_60.png,1,0.7907650470733643,0.9994747042655945,0.9991471767425537
Brain,15,current_shared,Ungood/img/01220_68.png,1,0.8042718172073364,0.981145441532135,0.9738746881484985
Brain,15,current_shared,Ungood/img/01220_76.png,1,0.8101234436035156,0.9726858139038086,0.9228121638298035
Brain,15,current_shared,Ungood/img/01220_84.png,1,0.8079179525375366,0.9763826131820679,0.9492416977882385
Brain,15,current_shared,Ungood/img/01220_92.png,1,0.8085120320320129,0.979680597782135,0.9649167060852051
Brain,15,current_shared,Ungood/img/01223_60.png,1,0.7936016917228699,0.9881283640861511,0.977384626865387
Brain,15,current_shared,Ungood/img/01223_68.png,1,0.6947175860404968,0.950509250164032,0.9300369620323181
Brain,15,current_shared,Ungood/img/01223_76.png,1,0.8059582114219666,0.9870545864105225,0.9762818217277527
Brain,15,current_shared,Ungood/img/01223_84.png,1,0.8092933297157288,0.9974821209907532,0.9926584959030151
Brain,15,current_shared,Ungood/img/01223_92.png,1,0.8093844056129456,0.9953033924102783,0.9573445916175842
Brain,15,current_shared,Ungood/img/01225_60.png,1,0.8091071248054504,0.9995003938674927,0.9992343187332153
Brain,15,current_shared,Ungood/img/01225_68.png,1,0.7747539281845093,0.996780514717102,0.9942277073860168
Brain,15,current_shared,Ungood/img/01225_76.png,1,0.7629494071006775,0.9928047060966492,0.9883989691734314
Brain,15,current_shared,Ungood/img/01225_84.png,1,0.8050200939178467,0.9965093731880188,0.9942477941513062
Brain,15,current_shared,Ungood/img/01225_92.png,1,0.8132643103599548,0.9947715401649475,0.987164318561554
Brain,15,current_shared,Ungood/img/01226_60.png,1,0.8097870349884033,0.9990697503089905,0.9978997111320496
Brain,15,current_shared,Ungood/img/01226_68.png,1,0.8145865797996521,0.22437234222888947,0.05689586326479912
Brain,15,current_shared,Ungood/img/01226_76.png,1,0.8176582455635071,0.9498769044876099,0.6881248950958252
Brain,15,current_shared,Ungood/img/01226_84.png,1,0.8220680356025696,0.9940658807754517,0.9658147692680359
Brain,15,current_shared,Ungood/img/01226_92.png,1,0.8208742141723633,0.9907230734825134,0.9210829138755798
Brain,15,current_shared,Ungood/img/01228_60.png,1,0.812983512878418,0.9990222454071045,0.9972537159919739
Brain,15,current_shared,Ungood/img/01228_68.png,1,0.7791292667388916,0.9882377982139587,0.98128741979599
Brain,15,current_shared,Ungood/img/01228_76.png,1,0.7674283385276794,0.9983322024345398,0.9974967241287231
Brain,15,current_shared,Ungood/img/01228_84.png,1,0.8120615482330322,0.9993979930877686,0.9991327524185181
Brain,15,current_shared,Ungood/img/01228_92.png,1,0.8160955905914307,0.9878891110420227,0.979690670967102
Brain,15,current_shared,Ungood/img/01229_60.png,1,0.8143786787986755,0.9997473359107971,0.99956876039505
Brain,15,current_shared,Ungood/img/01229_68.png,1,0.7900627255439758,0.877872884273529,0.8384902477264404
Brain,15,current_shared,Ungood/img/01229_76.png,1,0.8118143081665039,0.99915611743927,0.998011589050293
Brain,15,current_shared,Ungood/img/01229_84.png,1,0.818515956401825,0.9988176226615906,0.9984443783760071
Brain,15,current_shared,Ungood/img/01229_92.png,1,0.8065430521965027,0.9030557870864868,0.7953705191612244
Brain,15,current_shared,Ungood/img/01231_60.png,1,0.8023943901062012,0.9997290968894958,0.9996394515037537
Brain,15,current_shared,Ungood/img/01231_68.png,1,0.7867775559425354,0.9937782287597656,0.9902662038803101
Brain,15,current_shared,Ungood/img/01231_76.png,1,0.8080819845199585,0.9943766593933105,0.9854390621185303
Brain,15,current_shared,Ungood/img/01231_84.png,1,0.8042933940887451,0.9580588340759277,0.9369555115699768
Brain,15,current_shared,Ungood/img/01231_92.png,1,0.8066391348838806,0.9694945812225342,0.9463229775428772
Brain,15,current_shared,Ungood/img/01232_60.png,1,0.8016181588172913,0.9991870522499084,0.998162567615509
Brain,15,current_shared,Ungood/img/01232_68.png,1,0.8127144575119019,0.9993399977684021,0.9989075660705566
Brain,15,current_shared,Ungood/img/01232_76.png,1,0.8144580125808716,0.9768654108047485,0.941993236541748
Brain,15,current_shared,Ungood/img/01232_84.png,1,0.8119190335273743,0.9982105493545532,0.9962676763534546
Brain,15,current_shared,Ungood/img/01232_92.png,1,0.8099437952041626,0.8238843083381653,0.624948263168335
Brain,15,current_shared,Ungood/img/01233_60.png,1,0.7268387675285339,0.9982895255088806,0.9975378513336182
Brain,15,current_shared,Ungood/img/01233_68.png,1,0.807165265083313,0.9949164390563965,0.9920099377632141
Brain,15,current_shared,Ungood/img/01233_76.png,1,0.8144834637641907,0.9644262790679932,0.9392115473747253
Brain,15,current_shared,Ungood/img/01233_84.png,1,0.815661609172821,0.9975818395614624,0.994720995426178
Brain,15,current_shared,Ungood/img/01233_92.png,1,0.8123681545257568,0.9938532114028931,0.9885064959526062
Brain,15,current_shared,Ungood/img/01238_60.png,1,0.7447221279144287,0.9990148544311523,0.9984355568885803
Brain,15,current_shared,Ungood/img/01238_68.png,1,0.7843130826950073,0.9953138828277588,0.9896613359451294
Brain,15,current_shared,Ungood/img/01238_76.png,1,0.8128796219825745,0.993224024772644,0.9795491099357605
Brain,15,current_shared,Ungood/img/01238_84.png,1,0.8082147240638733,0.987851083278656,0.9834553599357605
Brain,15,current_shared,Ungood/img/01238_92.png,1,0.7940564155578613,0.995814859867096,0.9933983087539673
Brain,15,current_shared,Ungood/img/01239_60.png,1,0.8189970850944519,0.9939613342285156,0.9909782409667969
Brain,15,current_shared,Ungood/img/01239_68.png,1,0.8018407225608826,0.9960954785346985,0.9911423325538635
Brain,15,current_shared,Ungood/img/01239_76.png,1,0.8157570958137512,0.9987565279006958,0.9945434331893921
Brain,15,current_shared,Ungood/img/01239_84.png,1,0.8169154524803162,0.9875489473342896,0.9289650917053223
Brain,15,current_shared,Ungood/img/01239_92.png,1,0.8156461119651794,0.9960628151893616,0.9844495058059692
Brain,15,current_shared,Ungood/img/01241_60.png,1,0.7745808362960815,0.9996954202651978,0.9996154308319092
Brain,15,current_shared,Ungood/img/01241_68.png,1,0.7986997961997986,0.9936732053756714,0.9914512634277344
Brain,15,current_shared,Ungood/img/01241_76.png,1,0.8042973279953003,0.999432384967804,0.9989821314811707
Brain,15,current_shared,Ungood/img/01241_84.png,1,0.8071224093437195,0.9994887113571167,0.9992781281471252
Brain,15,current_shared,Ungood/img/01241_92.png,1,0.8143439292907715,0.9975000023841858,0.992859423160553
Brain,15,current_shared,Ungood/img/01242_60.png,1,0.8038812875747681,0.9986648559570312,0.9977070689201355
Brain,15,current_shared,Ungood/img/01242_68.png,1,0.7911085486412048,0.9979875087738037,0.9967983365058899
Brain,15,current_shared,Ungood/img/01242_76.png,1,0.8106657862663269,0.9905388355255127,0.982149064540863
Brain,15,current_shared,Ungood/img/01242_84.png,1,0.8087251782417297,0.9913604855537415,0.9836869835853577
Brain,15,current_shared,Ungood/img/01242_92.png,1,0.8136252164840698,0.9932199120521545,0.9888805150985718
Brain,15,current_shared,Ungood/img/01250_60.png,1,0.7599111199378967,0.9997633099555969,0.9996119737625122
Brain,15,current_shared,Ungood/img/01250_68.png,1,0.8067958354949951,0.9964630007743835,0.9949272871017456
Brain,15,current_shared,Ungood/img/01250_76.png,1,0.814742922782898,0.9682111740112305,0.9301729798316956
Brain,15,current_shared,Ungood/img/01250_84.png,1,0.8098962306976318,0.9979491829872131,0.9952975511550903
Brain,15,current_shared,Ungood/img/01250_92.png,1,0.8147270083427429,0.9953442215919495,0.9925966262817383
Brain,15,current_shared,Ungood/img/01252_60.png,1,0.7968146204948425,0.9973172545433044,0.9929607510566711
Brain,15,current_shared,Ungood/img/01252_68.png,1,0.7909747362136841,0.9296883940696716,0.9017758965492249
Brain,15,current_shared,Ungood/img/01252_76.png,1,0.813430666923523,0.9322871565818787,0.8743939995765686
Brain,15,current_shared,Ungood/img/01252_84.png,1,0.8136448264122009,0.9054251313209534,0.7977620363235474
Brain,15,current_shared,Ungood/img/01252_92.png,1,0.7982136011123657,0.2664741277694702,0.05400671064853668
Brain,15,current_shared,Ungood/img/01253_60.png,1,0.7731019854545593,0.9991418123245239,0.9986242055892944
Brain,15,current_shared,Ungood/img/01253_68.png,1,0.786494255065918,0.9950860142707825,0.9930274486541748
Brain,15,current_shared,Ungood/img/01253_76.png,1,0.8100352883338928,0.9976542592048645,0.9959663152694702
Brain,15,current_shared,Ungood/img/01253_84.png,1,0.8068721890449524,0.9952442049980164,0.9943235516548157
Brain,15,current_shared,Ungood/img/01253_92.png,1,0.8091732859611511,0.993733823299408,0.9889569282531738
Brain,15,current_shared,Ungood/img/01254_60.png,1,0.8109461069107056,0.9997178912162781,0.9995884299278259
Brain,15,current_shared,Ungood/img/01254_68.png,1,0.7837589383125305,0.9989224672317505,0.9982171654701233
Brain,15,current_shared,Ungood/img/01254_76.png,1,0.8162010312080383,0.9989926218986511,0.9979040622711182
Brain,15,current_shared,Ungood/img/01254_84.png,1,0.8073805570602417,0.9911566972732544,0.9869887828826904
Brain,15,current_shared,Ungood/img/01254_92.png,1,0.8088510632514954,0.9995108842849731,0.9990547299385071
Brain,15,current_shared,Ungood/img/01256_60.png,1,0.7998427152633667,0.9998282194137573,0.999759316444397
Brain,15,current_shared,Ungood/img/01256_68.png,1,0.8142575025558472,0.9996834993362427,0.9993767142295837
Brain,15,current_shared,Ungood/img/01256_76.png,1,0.7980098724365234,0.9995282888412476,0.999183177947998
Brain,15,current_shared,Ungood/img/01256_84.png,1,0.8061685562133789,0.9991656541824341,0.9990066885948181
Brain,15,current_shared,Ungood/img/01256_92.png,1,0.8158320784568787,0.9981104135513306,0.9966354966163635
Brain,15,current_shared,Ungood/img/01260_60.png,1,0.7904887199401855,0.9979252815246582,0.9964171051979065
Brain,15,current_shared,Ungood/img/01260_68.png,1,0.7680197954177856,0.9894173741340637,0.985081136226654
Brain,15,current_shared,Ungood/img/01260_76.png,1,0.7553514242172241,0.993977427482605,0.9922083616256714
Brain,15,current_shared,Ungood/img/01260_84.png,1,0.7844041585922241,0.9959946870803833,0.993131697177887
Brain,15,current_shared,Ungood/img/01260_92.png,1,0.7873589396476746,0.998516857624054,0.9970827102661133
Brain,15,current_shared,Ungood/img/01261_60.png,1,0.8094144463539124,0.9971891045570374,0.9952176213264465
Brain,15,current_shared,Ungood/img/01261_68.png,1,0.8104298114776611,0.9550284743309021,0.8857185244560242
Brain,15,current_shared,Ungood/img/01261_76.png,1,0.8191025853157043,0.9541817903518677,0.9242643117904663
Brain,15,current_shared,Ungood/img/01261_84.png,1,0.8155161738395691,0.9987730383872986,0.9972138404846191
Brain,15,current_shared,Ungood/img/01261_92.png,1,0.7985222339630127,0.9934430122375488,0.9828065633773804
Brain,15,current_shared,Ungood/img/01262_60.png,1,0.7898679971694946,0.966233491897583,0.9565657377243042
Brain,15,current_shared,Ungood/img/01262_68.png,1,0.7634173035621643,0.9980530738830566,0.9959372878074646
Brain,15,current_shared,Ungood/img/01262_76.png,1,0.6637684106826782,0.9936196208000183,0.9827183485031128
Brain,15,current_shared,Ungood/img/01262_84.png,1,0.7862951159477234,0.9692150950431824,0.9271973371505737
Brain,15,current_shared,Ungood/img/01262_92.png,1,0.8026087880134583,0.9967165589332581,0.9943892955780029
Brain,15,current_shared,Ungood/img/01265_60.png,1,0.8163512349128723,0.999316930770874,0.9984747767448425
Brain,15,current_shared,Ungood/img/01265_68.png,1,0.8127105236053467,0.9961910247802734,0.9879836440086365
Brain,15,current_shared,Ungood/img/01265_76.png,1,0.8043051958084106,0.9959344863891602,0.9852844476699829
Brain,15,current_shared,Ungood/img/01265_84.png,1,0.791817843914032,0.09330185502767563,0.0700516477227211
Brain,15,current_shared,Ungood/img/01265_92.png,1,0.4873703718185425,1.611328116268851e-05,1.086658812710084e-05
Brain,15,current_shared,Ungood/img/01266_60.png,1,0.7711361050605774,0.9869741201400757,0.982746958732605
Brain,15,current_shared,Ungood/img/01266_68.png,1,0.8113474249839783,0.996801495552063,0.9941432476043701
Brain,15,current_shared,Ungood/img/01266_76.png,1,0.8122893571853638,0.9871750473976135,0.9810290932655334
Brain,15,current_shared,Ungood/img/01266_84.png,1,0.8118270635604858,0.9930075407028198,0.9870030879974365
Brain,15,current_shared,Ungood/img/01266_92.png,1,0.8227591514587402,0.9977808594703674,0.9971218109130859
Brain,15,current_shared,Ungood/img/01267_60.png,1,0.7873155474662781,0.9996707439422607,0.9995592832565308
Brain,15,current_shared,Ungood/img/01267_68.png,1,0.8141045570373535,0.9970165491104126,0.9951730370521545
Brain,15,current_shared,Ungood/img/01267_76.png,1,0.7936158180236816,0.9976609945297241,0.9967616200447083
Brain,15,current_shared,Ungood/img/01267_84.png,1,0.8100051879882812,0.998737633228302,0.9971457123756409
Brain,15,current_shared,Ungood/img/01267_92.png,1,0.8047752380371094,0.9957094192504883,0.9913874268531799
Brain,15,current_shared,Ungood/img/01269_60.png,1,0.8137530088424683,0.9994531273841858,0.9989907741546631
Brain,15,current_shared,Ungood/img/01269_68.png,1,0.816950261592865,0.998930037021637,0.9972151517868042
Brain,15,current_shared,Ungood/img/01269_76.png,1,0.8202196955680847,0.9743608832359314,0.8896043300628662
Brain,15,current_shared,Ungood/img/01269_84.png,1,0.8186595439910889,0.995130181312561,0.978890597820282
Brain,15,current_shared,Ungood/img/01269_92.png,1,0.810234010219574,0.992824912071228,0.9867352843284607
Brain,15,current_shared,Ungood/img/01270_60.png,1,0.8029502034187317,0.959425687789917,0.9261602163314819
Brain,15,current_shared,Ungood/img/01270_68.png,1,0.7915943264961243,0.9912945628166199,0.9825601577758789
Brain,15,current_shared,Ungood/img/01270_76.png,1,0.7925987243652344,0.9888771176338196,0.9784070253372192
Brain,15,current_shared,Ungood/img/01270_84.png,1,0.8171859979629517,0.9988449811935425,0.9984511137008667
Brain,15,current_shared,Ungood/img/01270_92.png,1,0.8098917603492737,0.9994749426841736,0.9991111159324646
Brain,15,current_shared,Ungood/img/01278_60.png,1,0.808927595615387,0.9993151426315308,0.9989483952522278
Brain,15,current_shared,Ungood/img/01278_68.png,1,0.8072031736373901,0.997356653213501,0.9939900636672974
Brain,15,current_shared,Ungood/img/01278_76.png,1,0.8084248900413513,0.984784722328186,0.8798648118972778
Brain,15,current_shared,Ungood/img/01278_84.png,1,0.8147722482681274,0.991973876953125,0.9694348573684692
Brain,15,current_shared,Ungood/img/01278_92.png,1,0.8188571929931641,0.8119475245475769,0.6336562633514404
Brain,15,current_shared,Ungood/img/01280_60.png,1,0.7598199248313904,0.9998093247413635,0.9997115731239319
Brain,15,current_shared,Ungood/img/01280_68.png,1,0.7633303999900818,0.9986156225204468,0.9965291023254395
Brain,15,current_shared,Ungood/img/01280_76.png,1,0.7957651615142822,0.9988352656364441,0.9977126717567444
Brain,15,current_shared,Ungood/img/01280_84.png,1,0.8144510388374329,0.9984003901481628,0.9974603652954102
Brain,15,current_shared,Ungood/img/01280_92.png,1,0.8145678639411926,0.9948550462722778,0.9914649724960327
Brain,15,current_shared,Ungood/img/01281_60.png,1,0.8047314882278442,0.998214840888977,0.9961140155792236
Brain,15,current_shared,Ungood/img/01281_68.png,1,0.8163106441497803,0.9994677901268005,0.9988240599632263
Brain,15,current_shared,Ungood/img/01281_76.png,1,0.8125059008598328,0.9973421692848206,0.9943138957023621
Brain,15,current_shared,Ungood/img/01281_84.png,1,0.8167994022369385,0.9974315762519836,0.9948536157608032
Brain,15,current_shared,Ungood/img/01281_92.png,1,0.8063291907310486,0.9980113506317139,0.9965887069702148
Brain,15,current_shared,Ungood/img/01282_60.png,1,0.7990104556083679,0.9984814524650574,0.9977660179138184
Brain,15,current_shared,Ungood/img/01282_68.png,1,0.782357394695282,0.9952011108398438,0.9896318316459656
Brain,15,current_shared,Ungood/img/01282_76.png,1,0.8166705369949341,0.7621910572052002,0.6689966917037964
Brain,15,current_shared,Ungood/img/01282_84.png,1,0.8119146227836609,0.9778784513473511,0.964569628238678
Brain,15,current_shared,Ungood/img/01282_92.png,1,0.8111362457275391,0.9572142362594604,0.8910408616065979
Brain,15,current_shared,Ungood/img/01283_60.png,1,0.7441975474357605,0.9994041919708252,0.9990730881690979
Brain,15,current_shared,Ungood/img/01283_68.png,1,0.7789787650108337,0.9995187520980835,0.9993776679039001
Brain,15,current_shared,Ungood/img/01283_76.png,1,0.6810594201087952,0.9536439776420593,0.9209038019180298
Brain,15,current_shared,Ungood/img/01283_84.png,1,0.8127143383026123,0.9995415210723877,0.9994102120399475
Brain,15,current_shared,Ungood/img/01283_92.png,1,0.8095693588256836,0.9969316720962524,0.9945657253265381
Brain,15,current_shared,Ungood/img/01284_60.png,1,0.8199353218078613,0.9995786547660828,0.9993900060653687
Brain,15,current_shared,Ungood/img/01284_68.png,1,0.8151037096977234,0.9979891777038574,0.9963913559913635
Brain,15,current_shared,Ungood/img/01284_76.png,1,0.8122895359992981,0.9974205493927002,0.9962412118911743
Brain,15,current_shared,Ungood/img/01284_84.png,1,0.8156028389930725,0.9984575510025024,0.9973495602607727
Brain,15,current_shared,Ungood/img/01284_92.png,1,0.8006101250648499,0.9869005084037781,0.982260525226593
Brain,15,current_shared,Ungood/img/01285_60.png,1,0.7856835126876831,0.9988151788711548,0.9984227418899536
Brain,15,current_shared,Ungood/img/01285_68.png,1,0.7595911622047424,0.9962309002876282,0.9939625263214111
Brain,15,current_shared,Ungood/img/01285_76.png,1,0.7916980981826782,0.9991238713264465,0.9985018968582153
Brain,15,current_shared,Ungood/img/01285_84.png,1,0.8115721940994263,0.9968593120574951,0.9955601692199707
Brain,15,current_shared,Ungood/img/01285_92.png,1,0.8127028346061707,0.9995829463005066,0.9993820190429688
Brain,15,current_shared,Ungood/img/01286_60.png,1,0.7908468842506409,0.9993557333946228,0.9982795715332031
Brain,15,current_shared,Ungood/img/01286_68.png,1,0.7829597592353821,0.9994482398033142,0.9988312721252441
Brain,15,current_shared,Ungood/img/01286_76.png,1,0.8153910040855408,0.99880051612854,0.9985093474388123
Brain,15,current_shared,Ungood/img/01286_84.png,1,0.8187382817268372,0.9994240999221802,0.9993090629577637
Brain,15,current_shared,Ungood/img/01286_92.png,1,0.8141447305679321,0.9988238215446472,0.9983935356140137
Brain,15,current_shared,Ungood/img/01290_60.png,1,0.8159171938896179,0.997098445892334,0.9913299083709717
Brain,15,current_shared,Ungood/img/01290_68.png,1,0.8104614019393921,0.9974358677864075,0.9958348870277405
Brain,15,current_shared,Ungood/img/01290_76.png,1,0.8109331727027893,0.9964215755462646,0.9952295422554016
Brain,15,current_shared,Ungood/img/01290_84.png,1,0.7820246815681458,0.996173083782196,0.9821562767028809
Brain,15,current_shared,Ungood/img/01290_92.png,1,0.7642268538475037,0.9258517026901245,0.7587900757789612
Brain,15,current_shared,Ungood/img/01292_60.png,1,0.798093855381012,0.9957119226455688,0.9916454553604126
Brain,15,current_shared,Ungood/img/01292_68.png,1,0.815796971321106,0.9877232313156128,0.9626333117485046
Brain,15,current_shared,Ungood/img/01292_76.png,1,0.8142356872558594,0.9775919318199158,0.9214340448379517
Brain,15,current_shared,Ungood/img/01292_84.png,1,0.8162689208984375,0.9343155026435852,0.8434750437736511
Brain,15,current_shared,Ungood/img/01292_92.png,1,0.8074238896369934,0.975909411907196,0.9032084345817566
Brain,15,current_shared,Ungood/img/01293_60.png,1,0.8154604434967041,0.9985278844833374,0.9979477524757385
Brain,15,current_shared,Ungood/img/01293_68.png,1,0.7839682698249817,0.9995903372764587,0.9985711574554443
Brain,15,current_shared,Ungood/img/01293_76.png,1,0.8173552751541138,0.9922507405281067,0.9561497569084167
Brain,15,current_shared,Ungood/img/01293_84.png,1,0.8200333118438721,0.9980447292327881,0.9920641779899597
Brain,15,current_shared,Ungood/img/01293_92.png,1,0.813957929611206,0.9986007809638977,0.9962733387947083
Brain,15,current_shared,Ungood/img/01294_60.png,1,0.8084378242492676,0.9993776679039001,0.9992232918739319
Brain,15,current_shared,Ungood/img/01294_68.png,1,0.8165122866630554,0.9929220676422119,0.9893915057182312
Brain,15,current_shared,Ungood/img/01294_76.png,1,0.8155995607376099,0.9899802803993225,0.9708386659622192
Brain,15,current_shared,Ungood/img/01294_84.png,1,0.8103512525558472,0.9982116222381592,0.9958006739616394
Brain,15,current_shared,Ungood/img/01294_92.png,1,0.8145548105239868,0.9929260015487671,0.981153130531311
Brain,15,current_shared,Ungood/img/01296_60.png,1,0.790331244468689,0.9998440742492676,0.9997475147247314
Brain,15,current_shared,Ungood/img/01296_68.png,1,0.81635582447052,0.9995570778846741,0.9994077682495117
Brain,15,current_shared,Ungood/img/01296_76.png,1,0.7951258420944214,0.9986371397972107,0.9974566102027893
Brain,15,current_shared,Ungood/img/01296_84.png,1,0.8176474571228027,0.999797523021698,0.9996486902236938
Brain,15,current_shared,Ungood/img/01296_92.png,1,0.8096985220909119,0.9994232654571533,0.9990231990814209
Brain,15,current_shared,Ungood/img/01297_60.png,1,0.8109237551689148,0.998964786529541,0.9987049102783203
Brain,15,current_shared,Ungood/img/01297_68.png,1,0.7736087441444397,0.9993451237678528,0.9989988207817078
Brain,15,current_shared,Ungood/img/01297_76.png,1,0.8067458868026733,0.9986924529075623,0.997479259967804
Brain,15,current_shared,Ungood/img/01297_84.png,1,0.6306478381156921,0.9957486987113953,0.9892266988754272
Brain,15,current_shared,Ungood/img/01297_92.png,1,0.8118321299552917,0.9992115497589111,0.9986539483070374
Brain,15,current_shared,Ungood/img/01299_60.png,1,0.7598445415496826,0.9987442493438721,0.9985197186470032
Brain,15,current_shared,Ungood/img/01299_68.png,1,0.7417244911193848,0.9995875954627991,0.9991401433944702
Brain,15,current_shared,Ungood/img/01299_76.png,1,0.7976396679878235,0.9990164041519165,0.9977840781211853
Brain,15,current_shared,Ungood/img/01299_84.png,1,0.795923113822937,0.9853717684745789,0.9754891395568848
Brain,15,current_shared,Ungood/img/01299_92.png,1,0.8136668801307678,0.9831385612487793,0.9758102297782898
Brain,15,current_shared,Ungood/img/01300_60.png,1,0.8187077641487122,0.9998180270195007,0.999687671661377
Brain,15,current_shared,Ungood/img/01300_68.png,1,0.8039584159851074,0.9998629093170166,0.9997992515563965
Brain,15,current_shared,Ungood/img/01300_76.png,1,0.8182599544525146,0.9974243640899658,0.9927350282669067
Brain,15,current_shared,Ungood/img/01300_84.png,1,0.7994368076324463,0.9846906065940857,0.9754045009613037
Brain,15,current_shared,Ungood/img/01300_92.png,1,0.7992742657661438,0.9899280667304993,0.9804527759552002
Brain,15,current_shared,Ungood/img/01302_60.png,1,0.7483247518539429,0.9996767044067383,0.9995610117912292
Brain,15,current_shared,Ungood/img/01302_68.png,1,0.762576162815094,0.997510552406311,0.9967824220657349
Brain,15,current_shared,Ungood/img/01302_76.png,1,0.7805619835853577,0.9950265288352966,0.9934840798377991
Brain,15,current_shared,Ungood/img/01302_84.png,1,0.8037944436073303,0.9640837907791138,0.9474542140960693
Brain,15,current_shared,Ungood/img/01302_92.png,1,0.803309977054596,0.989790141582489,0.9824708104133606
Brain,15,current_shared,Ungood/img/01303_60.png,1,0.7887879610061646,0.9998263716697693,0.9996525645256042
Brain,15,current_shared,Ungood/img/01303_68.png,1,0.8198205232620239,0.997170627117157,0.9940438270568848
Brain,15,current_shared,Ungood/img/01303_76.png,1,0.8148983716964722,0.9914790987968445,0.9592576026916504
Brain,15,current_shared,Ungood/img/01303_84.png,1,0.8061034679412842,0.9518263339996338,0.8771834373474121
Brain,15,current_shared,Ungood/img/01303_92.png,1,0.8019005060195923,0.9705552458763123,0.9103991389274597
Brain,15,current_shared,Ungood/img/01304_60.png,1,0.7955089807510376,0.9989036321640015,0.9985327124595642
Brain,15,current_shared,Ungood/img/01304_68.png,1,0.8055604100227356,0.9949945211410522,0.9842149019241333
Brain,15,current_shared,Ungood/img/01304_76.png,1,0.8191395401954651,0.9994578957557678,0.9975007772445679
Brain,15,current_shared,Ungood/img/01304_84.png,1,0.8042932152748108,0.9830280542373657,0.978600025177002
Brain,15,current_shared,Ungood/img/01304_92.png,1,0.803932249546051,0.9954338669776917,0.9926511645317078
Brain,15,current_shared,Ungood/img/01306_60.png,1,0.8027098178863525,0.9938340187072754,0.9919819235801697
Brain,15,current_shared,Ungood/img/01306_68.png,1,0.8131412267684937,0.9976167678833008,0.991852879524231
Brain,15,current_shared,Ungood/img/01306_76.png,1,0.8054511547088623,0.9917784333229065,0.9830721020698547
Brain,15,current_shared,Ungood/img/01306_84.png,1,0.8027002215385437,0.989406406879425,0.9788652658462524
Brain,15,current_shared,Ungood/img/01306_92.png,1,0.7943399548530579,0.9968068599700928,0.995316207408905
Brain,15,current_shared,Ungood/img/01307_60.png,1,0.801601767539978,0.9989829659461975,0.9974725246429443
Brain,15,current_shared,Ungood/img/01307_68.png,1,0.8068194389343262,0.9955861568450928,0.9909209609031677
Brain,15,current_shared,Ungood/img/01307_76.png,1,0.8150556087493896,0.9986739158630371,0.9966029524803162
Brain,15,current_shared,Ungood/img/01307_84.png,1,0.8075792193412781,0.995526134967804,0.9896001815795898
Brain,15,current_shared,Ungood/img/01307_92.png,1,0.8088033199310303,0.9923908114433289,0.9897031784057617
Brain,15,current_shared,Ungood/img/01310_60.png,1,0.8152837157249451,0.9929227828979492,0.9745720624923706
Brain,15,current_shared,Ungood/img/01310_68.png,1,0.801190197467804,0.8964712619781494,0.8682248592376709
Brain,15,current_shared,Ungood/img/01310_76.png,1,0.763728678226471,0.8310601115226746,0.7679208517074585
Brain,15,current_shared,Ungood/img/01310_84.png,1,0.7875856757164001,0.985451877117157,0.975055456161499
Brain,15,current_shared,Ungood/img/01310_92.png,1,0.8035373687744141,0.8072193264961243,0.6524736881256104
Brain,15,current_shared,Ungood/img/01311_60.png,1,0.7959897518157959,0.9995417594909668,0.9988715648651123
Brain,15,current_shared,Ungood/img/01311_68.png,1,0.8039599061012268,0.9980169534683228,0.9965503811836243
Brain,15,current_shared,Ungood/img/01311_76.png,1,0.8069335222244263,0.9788528084754944,0.9426342248916626
Brain,15,current_shared,Ungood/img/01311_84.png,1,0.812875509262085,0.9888027310371399,0.98241126537323
Brain,15,current_shared,Ungood/img/01311_92.png,1,0.8163532614707947,0.9940651655197144,0.9893792271614075
Brain,15,current_shared,Ungood/img/01312_60.png,1,0.7962855100631714,0.9996227025985718,0.9992903470993042
Brain,15,current_shared,Ungood/img/01312_68.png,1,0.8092790842056274,0.9918695688247681,0.9869187474250793
Brain,15,current_shared,Ungood/img/01312_76.png,1,0.7266730666160583,0.9941639304161072,0.9865033030509949
Brain,15,current_shared,Ungood/img/01312_84.png,1,0.8125366568565369,0.9994739890098572,0.9986936450004578
Brain,15,current_shared,Ungood/img/01312_92.png,1,0.8083899021148682,0.9901295304298401,0.9630275964736938
Brain,15,current_shared,Ungood/img/01313_60.png,1,0.8133935332298279,0.9982738494873047,0.9949423670768738
Brain,15,current_shared,Ungood/img/01313_68.png,1,0.8197190761566162,0.9912635087966919,0.9825752377510071
Brain,15,current_shared,Ungood/img/01313_76.png,1,0.8022308349609375,0.9799144864082336,0.9663854837417603
Brain,15,current_shared,Ungood/img/01313_84.png,1,0.8094418048858643,0.9067738056182861,0.8640000224113464
Brain,15,current_shared,Ungood/img/01313_92.png,1,0.8126561045646667,0.9502426385879517,0.9078642129898071
Brain,15,current_shared,Ungood/img/01315_60.png,1,0.812092125415802,0.9993854761123657,0.9989722967147827
Brain,15,current_shared,Ungood/img/01315_68.png,1,0.7755100131034851,0.9896575808525085,0.9855098724365234
Brain,15,current_shared,Ungood/img/01315_76.png,1,0.8028163313865662,0.9998140931129456,0.9997079372406006
Brain,15,current_shared,Ungood/img/01315_84.png,1,0.8205649852752686,0.999299168586731,0.9988527894020081
Brain,15,current_shared,Ungood/img/01315_92.png,1,0.810467541217804,0.9842678904533386,0.9775241613388062
Brain,15,current_shared,Ungood/img/01316_60.png,1,0.785722553730011,0.9993410706520081,0.9989011883735657
Brain,15,current_shared,Ungood/img/01316_68.png,1,0.7974714040756226,0.9942104816436768,0.9911141395568848
Brain,15,current_shared,Ungood/img/01316_76.png,1,0.8008785843849182,0.98298579454422,0.975094199180603
Brain,15,current_shared,Ungood/img/01316_84.png,1,0.805657684803009,0.9904858469963074,0.9838692545890808
Brain,15,current_shared,Ungood/img/01316_92.png,1,0.7821951508522034,0.979530930519104,0.9689861536026001
Brain,15,current_shared,Ungood/img/01320_60.png,1,0.7973350882530212,0.9996625185012817,0.9995198249816895
Brain,15,current_shared,Ungood/img/01320_68.png,1,0.7937565445899963,0.9985826015472412,0.9952821731567383
Brain,15,current_shared,Ungood/img/01320_76.png,1,0.8014466166496277,0.9984295964241028,0.9962313175201416
Brain,15,current_shared,Ungood/img/01320_84.png,1,0.8185057044029236,0.999170184135437,0.996765673160553
Brain,15,current_shared,Ungood/img/01320_92.png,1,0.8124054074287415,0.9936414361000061,0.9915882349014282
Brain,15,current_shared,Ungood/img/01321_60.png,1,0.7927015423774719,0.9998921155929565,0.9998026490211487
Brain,15,current_shared,Ungood/img/01321_68.png,1,0.7915443181991577,0.9963536262512207,0.9908746480941772
Brain,15,current_shared,Ungood/img/01321_76.png,1,0.8078907132148743,0.9987385869026184,0.9971975088119507
Brain,15,current_shared,Ungood/img/01321_84.png,1,0.8186435699462891,0.9986475110054016,0.9978824257850647
Brain,15,current_shared,Ungood/img/01321_92.png,1,0.8203079700469971,0.9926047325134277,0.9898887276649475
Brain,15,current_shared,Ungood/img/01323_60.png,1,0.8070242404937744,0.9998888969421387,0.9998090863227844
Brain,15,current_shared,Ungood/img/01323_68.png,1,0.8089282512664795,0.9950163960456848,0.9924662113189697
Brain,15,current_shared,Ungood/img/01323_76.png,1,0.7832292914390564,0.9985271692276001,0.9971574544906616
Brain,15,current_shared,Ungood/img/01323_84.png,1,0.809886634349823,0.9981853365898132,0.9968647360801697
Brain,15,current_shared,Ungood/img/01323_92.png,1,0.8077666163444519,0.9985215067863464,0.9950504302978516
Brain,15,current_shared,Ungood/img/01324_60.png,1,0.7677700519561768,0.9995725750923157,0.9992272853851318
Brain,15,current_shared,Ungood/img/01324_68.png,1,0.7559459805488586,0.9990442395210266,0.9985897541046143
Brain,15,current_shared,Ungood/img/01324_76.png,1,0.7620491981506348,0.9980462789535522,0.996016263961792
Brain,15,current_shared,Ungood/img/01324_84.png,1,0.7951964139938354,0.9986012578010559,0.9972642660140991
Brain,15,current_shared,Ungood/img/01324_92.png,1,0.8000352382659912,0.9960082769393921,0.9901375770568848
Brain,15,current_shared,Ungood/img/01326_60.png,1,0.802654504776001,0.999566376209259,0.9992814064025879
Brain,15,current_shared,Ungood/img/01326_68.png,1,0.8036293387413025,0.9990587830543518,0.9977725148200989
Brain,15,current_shared,Ungood/img/01326_76.png,1,0.8064168095588684,0.9868193864822388,0.981627345085144
Brain,15,current_shared,Ungood/img/01326_84.png,1,0.8146567940711975,0.9956660270690918,0.9919155240058899
Brain,15,current_shared,Ungood/img/01326_92.png,1,0.815534770488739,0.996624231338501,0.9950794577598572
Brain,15,current_shared,Ungood/img/01329_60.png,1,0.8158206343650818,0.9651955366134644,0.9349871873855591
Brain,15,current_shared,Ungood/img/01329_68.png,1,0.815191388130188,0.9961296319961548,0.990117609500885
Brain,15,current_shared,Ungood/img/01329_76.png,1,0.8148495554924011,0.9930243492126465,0.9859593510627747
Brain,15,current_shared,Ungood/img/01329_84.png,1,0.8149361610412598,0.9972146153450012,0.9932278990745544
Brain,15,current_shared,Ungood/img/01329_92.png,1,0.813961386680603,0.994921863079071,0.9631900787353516
Brain,15,current_shared,Ungood/img/01335_60.png,1,0.7998778820037842,0.9964397549629211,0.992398202419281
Brain,15,current_shared,Ungood/img/01335_68.png,1,0.8111226558685303,0.9449894428253174,0.9128694534301758
Brain,15,current_shared,Ungood/img/01335_76.png,1,0.8193714618682861,0.9974040389060974,0.9935986995697021
Brain,15,current_shared,Ungood/img/01335_84.png,1,0.8205494284629822,0.9984520673751831,0.9960997700691223
Brain,15,current_shared,Ungood/img/01335_92.png,1,0.817298173904419,0.9967523813247681,0.9785396456718445
Brain,15,current_shared,Ungood/img/01337_60.png,1,0.8069508671760559,0.9991538524627686,0.998740553855896
Brain,15,current_shared,Ungood/img/01337_68.png,1,0.8080916404724121,0.9992604851722717,0.996601402759552
Brain,15,current_shared,Ungood/img/01337_76.png,1,0.8196940422058105,0.9980474710464478,0.9946498274803162
Brain,15,current_shared,Ungood/img/01337_84.png,1,0.8139580488204956,0.989575207233429,0.9743419289588928
Brain,15,current_shared,Ungood/img/01337_92.png,1,0.8087874054908752,0.9935131669044495,0.9848669171333313
Brain,15,current_shared,Ungood/img/01338_60.png,1,0.756411075592041,0.9991496801376343,0.9986963272094727
Brain,15,current_shared,Ungood/img/01338_68.png,1,0.79440838098526,0.9941619038581848,0.9856975078582764
Brain,15,current_shared,Ungood/img/01338_76.png,1,0.8089369535446167,0.9996570348739624,0.9993951320648193
Brain,15,current_shared,Ungood/img/01338_84.png,1,0.8066239356994629,0.9993492960929871,0.9987013339996338
Brain,15,current_shared,Ungood/img/01338_92.png,1,0.8079714179039001,0.999800980091095,0.9996747374534607
Brain,15,current_shared,Ungood/img/01339_60.png,1,0.8130350708961487,0.9993415474891663,0.998834490776062
Brain,15,current_shared,Ungood/img/01339_68.png,1,0.8147608041763306,0.9945833086967468,0.9899333119392395
Brain,15,current_shared,Ungood/img/01339_76.png,1,0.8148718476295471,0.9939054846763611,0.9759222269058228
Brain,15,current_shared,Ungood/img/01339_84.png,1,0.8115668892860413,0.9965512752532959,0.9869894981384277
Brain,15,current_shared,Ungood/img/01339_92.png,1,0.8156753778457642,0.9985213875770569,0.9975478649139404
Brain,15,current_shared,Ungood/img/01343_60.png,1,0.8047072291374207,0.998796820640564,0.9980639815330505
Brain,15,current_shared,Ungood/img/01343_68.png,1,0.8111319541931152,0.9936085939407349,0.9857384562492371
Brain,15,current_shared,Ungood/img/01343_76.png,1,0.807994544506073,0.998672366142273,0.9962365031242371
Brain,15,current_shared,Ungood/img/01343_84.png,1,0.8121994733810425,0.9971617460250854,0.9916269779205322
Brain,15,current_shared,Ungood/img/01343_92.png,1,0.8140177726745605,0.9986763596534729,0.9978840351104736
Brain,15,current_shared,Ungood/img/01345_60.png,1,0.797666072845459,0.9931281805038452,0.9903253316879272
Brain,15,current_shared,Ungood/img/01345_68.png,1,0.8080227971076965,0.9976891279220581,0.9970687031745911
Brain,15,current_shared,Ungood/img/01345_76.png,1,0.8191547989845276,0.9913768768310547,0.9801777005195618
Brain,15,current_shared,Ungood/img/01345_84.png,1,0.8144460916519165,0.9877247214317322,0.9618667960166931
Brain,15,current_shared,Ungood/img/01345_92.png,1,0.8037577867507935,0.9795657396316528,0.9611130356788635
Brain,15,current_shared,Ungood/img/01346_60.png,1,0.8148556351661682,0.9985503554344177,0.9956879615783691
Brain,15,current_shared,Ungood/img/01346_68.png,1,0.8139280676841736,0.9923147559165955,0.9894495606422424
Brain,15,current_shared,Ungood/img/01346_76.png,1,0.8123325109481812,0.9987842440605164,0.9955228567123413
Brain,15,current_shared,Ungood/img/01346_84.png,1,0.814780592918396,0.9997101426124573,0.999146044254303
Brain,15,current_shared,Ungood/img/01346_92.png,1,0.8146883249282837,0.9984171390533447,0.9951217174530029
Brain,15,current_shared,Ungood/img/01347_60.png,1,0.8232823014259338,0.9988896250724792,0.9981551170349121
Brain,15,current_shared,Ungood/img/01347_68.png,1,0.7704979181289673,0.9962614178657532,0.9927402138710022
Brain,15,current_shared,Ungood/img/01347_76.png,1,0.8133440017700195,0.99931800365448,0.9987826943397522
Brain,15,current_shared,Ungood/img/01347_84.png,1,0.8157908320426941,0.994563639163971,0.9890307188034058
Brain,15,current_shared,Ungood/img/01347_92.png,1,0.8004838228225708,0.9527113437652588,0.8619109988212585
Brain,15,current_shared,Ungood/img/01354_60.png,1,0.8057406544685364,0.9993053674697876,0.9990994930267334
Brain,15,current_shared,Ungood/img/01354_68.png,1,0.7849515676498413,0.996995210647583,0.9948046803474426
Brain,15,current_shared,Ungood/img/01354_76.png,1,0.8143602013587952,0.9971018433570862,0.9922417402267456
Brain,15,current_shared,Ungood/img/01354_84.png,1,0.8113775849342346,0.993029773235321,0.9872679710388184
Brain,15,current_shared,Ungood/img/01354_92.png,1,0.8212883472442627,0.9897368550300598,0.9567388296127319
Brain,15,current_shared,Ungood/img/01357_60.png,1,0.7781450748443604,0.9983627200126648,0.9979484677314758
Brain,15,current_shared,Ungood/img/01357_68.png,1,0.8069167137145996,0.9718627333641052,0.9303493499755859
Brain,15,current_shared,Ungood/img/01357_76.png,1,0.8100907802581787,0.9894599914550781,0.9565306305885315
Brain,15,current_shared,Ungood/img/01357_84.png,1,0.8110942244529724,0.9886936545372009,0.9812045693397522
Brain,15,current_shared,Ungood/img/01357_92.png,1,0.8092883229255676,0.9974249601364136,0.9867857694625854
Brain,15,current_shared,Ungood/img/01358_60.png,1,0.7931088805198669,0.9992837309837341,0.998712420463562
Brain,15,current_shared,Ungood/img/01358_68.png,1,0.7853735685348511,0.9992263317108154,0.9979382753372192
Brain,15,current_shared,Ungood/img/01358_76.png,1,0.8176692724227905,0.9961547255516052,0.994667649269104
Brain,15,current_shared,Ungood/img/01358_84.png,1,0.8172488808631897,0.9988260865211487,0.9971888661384583
Brain,15,current_shared,Ungood/img/01358_92.png,1,0.8187392354011536,0.9969589710235596,0.9892418384552002
Brain,15,current_shared,Ungood/img/01360_60.png,1,0.7138946652412415,0.9993009567260742,0.9990776777267456
Brain,15,current_shared,Ungood/img/01360_68.png,1,0.7972919344902039,0.9928423166275024,0.9895656108856201
Brain,15,current_shared,Ungood/img/01360_76.png,1,0.8007474541664124,0.9988504648208618,0.9983215928077698
Brain,15,current_shared,Ungood/img/01360_84.png,1,0.8155640363693237,0.9993523955345154,0.9988975524902344
Brain,15,current_shared,Ungood/img/01360_92.png,1,0.8165465593338013,0.9997528195381165,0.9989855885505676
Brain,15,current_shared,Ungood/img/01362_60.png,1,0.8000220656394958,0.9996954202651978,0.9986727237701416
Brain,15,current_shared,Ungood/img/01362_68.png,1,0.703750491142273,0.9995875954627991,0.9992315769195557
Brain,15,current_shared,Ungood/img/01362_76.png,1,0.8138745427131653,0.9990448355674744,0.9979212880134583
Brain,15,current_shared,Ungood/img/01362_84.png,1,0.8210238814353943,0.9992641806602478,0.9987872838973999
Brain,15,current_shared,Ungood/img/01362_92.png,1,0.8203617930412292,0.999329686164856,0.9991092085838318
Brain,15,current_shared,Ungood/img/01367_60.png,1,0.7888288497924805,0.9984720349311829,0.9964189529418945
Brain,15,current_shared,Ungood/img/01367_68.png,1,0.8022753596305847,0.9975950121879578,0.9961969256401062
Brain,15,current_shared,Ungood/img/01367_76.png,1,0.8080124855041504,0.9901156425476074,0.9821252822875977
Brain,15,current_shared,Ungood/img/01367_84.png,1,0.8050631284713745,0.9700168967247009,0.9424353837966919
Brain,15,current_shared,Ungood/img/01367_92.png,1,0.8076302409172058,0.8112318515777588,0.4787940979003906
Brain,15,current_shared,Ungood/img/01370_60.png,1,0.7915931940078735,0.9994224309921265,0.9990030527114868
Brain,15,current_shared,Ungood/img/01370_68.png,1,0.7697494626045227,0.9008334279060364,0.8689554333686829
Brain,15,current_shared,Ungood/img/01370_76.png,1,0.8226096630096436,0.9896641373634338,0.9831504821777344
Brain,15,current_shared,Ungood/img/01370_84.png,1,0.8058111667633057,0.9635047912597656,0.920864999294281
Brain,15,current_shared,Ungood/img/01370_92.png,1,0.8199793696403503,0.9888035655021667,0.9817807078361511
Brain,15,current_shared,Ungood/img/01373_60.png,1,0.8057748675346375,0.9994958639144897,0.999106764793396
Brain,15,current_shared,Ungood/img/01373_68.png,1,0.807313084602356,0.9950238466262817,0.9846571683883667
Brain,15,current_shared,Ungood/img/01373_76.png,1,0.8145204186439514,0.9869384765625,0.962697446346283
Brain,15,current_shared,Ungood/img/01373_84.png,1,0.8074973821640015,0.9992796778678894,0.998406171798706
Brain,15,current_shared,Ungood/img/01373_92.png,1,0.8002784252166748,0.9550647735595703,0.8962862491607666
Brain,15,current_shared,Ungood/img/01374_60.png,1,0.7387294769287109,0.994235098361969,0.9925054907798767
Brain,15,current_shared,Ungood/img/01374_68.png,1,0.8048040866851807,0.9945213794708252,0.9900436997413635
Brain,15,current_shared,Ungood/img/01374_76.png,1,0.7981661558151245,0.9960622191429138,0.9902763962745667
Brain,15,current_shared,Ungood/img/01374_84.png,1,0.8130334615707397,0.9978725910186768,0.9936361312866211
Brain,15,current_shared,Ungood/img/01374_92.png,1,0.8135819435119629,0.9975172281265259,0.993410587310791
Brain,15,current_shared,Ungood/img/01375_60.png,1,0.7753635048866272,0.9971365928649902,0.9965951442718506
Brain,15,current_shared,Ungood/img/01375_68.png,1,0.768731415271759,0.9990947246551514,0.9984901547431946
Brain,15,current_shared,Ungood/img/01375_76.png,1,0.8052359819412231,0.9923925399780273,0.9890182018280029
Brain,15,current_shared,Ungood/img/01375_84.png,1,0.8060719966888428,0.9925088286399841,0.9861823916435242
Brain,15,current_shared,Ungood/img/01375_92.png,1,0.7982308268547058,0.9981127977371216,0.9962842464447021
Brain,15,current_shared,Ungood/img/01378_60.png,1,0.8159109354019165,0.998870313167572,0.9982730150222778
Brain,15,current_shared,Ungood/img/01378_68.png,1,0.8065608739852905,0.9785176515579224,0.9496631026268005
Brain,15,current_shared,Ungood/img/01378_76.png,1,0.7902509570121765,0.9957633018493652,0.9866979122161865
Brain,15,current_shared,Ungood/img/01378_84.png,1,0.7728804349899292,0.989059329032898,0.9746636152267456
Brain,15,current_shared,Ungood/img/01378_92.png,1,0.8056804537773132,0.999071478843689,0.997452437877655
Brain,15,current_shared,Ungood/img/01379_60.png,1,0.7914490699768066,0.9997705817222595,0.9996354579925537
Brain,15,current_shared,Ungood/img/01379_68.png,1,0.7836827635765076,0.9991976618766785,0.9986266493797302
Brain,15,current_shared,Ungood/img/01379_76.png,1,0.8055586218833923,0.997312068939209,0.9912168383598328
Brain,15,current_shared,Ungood/img/01379_84.png,1,0.8148947358131409,0.983044445514679,0.957642674446106
Brain,15,current_shared,Ungood/img/01379_92.png,1,0.8119902610778809,0.9950698614120483,0.9843670725822449
Brain,15,current_shared,Ungood/img/01380_60.png,1,0.7436275482177734,0.9992959499359131,0.9987936019897461
Brain,15,current_shared,Ungood/img/01380_68.png,1,0.8023619651794434,0.999751627445221,0.9994107484817505
Brain,15,current_shared,Ungood/img/01380_76.png,1,0.8057323694229126,0.991183876991272,0.9800137877464294
Brain,15,current_shared,Ungood/img/01380_84.png,1,0.8044399619102478,0.9948756098747253,0.9848246574401855
Brain,15,current_shared,Ungood/img/01380_92.png,1,0.806573748588562,0.944703996181488,0.84847491979599
Brain,15,current_shared,Ungood/img/01384_60.png,1,0.8114150762557983,0.9931371212005615,0.9874651432037354
Brain,15,current_shared,Ungood/img/01384_68.png,1,0.8222734332084656,0.9989206790924072,0.9953955411911011
Brain,15,current_shared,Ungood/img/01384_76.png,1,0.8137772679328918,0.9996055960655212,0.9990498423576355
Brain,15,current_shared,Ungood/img/01384_84.png,1,0.8132854104042053,0.9998574256896973,0.9996135234832764
Brain,15,current_shared,Ungood/img/01384_92.png,1,0.8143646121025085,0.9995521903038025,0.9985112547874451
Brain,15,current_shared,Ungood/img/01385_60.png,1,0.8092741966247559,0.9964039325714111,0.9938062429428101
Brain,15,current_shared,Ungood/img/01385_68.png,1,0.8172220587730408,0.9975747466087341,0.9963220953941345
Brain,15,current_shared,Ungood/img/01385_76.png,1,0.81224524974823,0.9955854415893555,0.9918145537376404
Brain,15,current_shared,Ungood/img/01385_84.png,1,0.8115280270576477,0.9994722008705139,0.999103307723999
Brain,15,current_shared,Ungood/img/01385_92.png,1,0.8127911686897278,0.9977924823760986,0.9948511123657227
Brain,15,current_shared,Ungood/img/01386_60.png,1,0.783543050289154,0.9992045760154724,0.9980945587158203
Brain,15,current_shared,Ungood/img/01386_68.png,1,0.7890946269035339,0.992819607257843,0.9879071116447449
Brain,15,current_shared,Ungood/img/01386_76.png,1,0.8164160251617432,0.9974791407585144,0.9953384399414062
Brain,15,current_shared,Ungood/img/01386_84.png,1,0.8138653635978699,0.9958056211471558,0.9942110180854797
Brain,15,current_shared,Ungood/img/01386_92.png,1,0.8032063245773315,0.9969294667243958,0.9947782754898071
Brain,15,current_shared,Ungood/img/01387_60.png,1,0.7635558843612671,0.999690055847168,0.9995462894439697
Brain,15,current_shared,Ungood/img/01387_68.png,1,0.8050125241279602,0.9996449947357178,0.9990521669387817
Brain,15,current_shared,Ungood/img/01387_76.png,1,0.8141113519668579,0.9990895986557007,0.9985157251358032
Brain,15,current_shared,Ungood/img/01387_84.png,1,0.816509485244751,0.961219072341919,0.9257901906967163
Brain,15,current_shared,Ungood/img/01387_92.png,1,0.8146565556526184,0.866873025894165,0.7635294198989868
Brain,15,current_shared,Ungood/img/01388_60.png,1,0.7211259603500366,0.9989896416664124,0.9984043836593628
Brain,15,current_shared,Ungood/img/01388_68.png,1,0.8124805092811584,0.9894182085990906,0.9843689799308777
Brain,15,current_shared,Ungood/img/01388_76.png,1,0.8180931210517883,0.9720540642738342,0.9595237970352173
Brain,15,current_shared,Ungood/img/01388_84.png,1,0.812703549861908,0.9505162239074707,0.7323790192604065
Brain,15,current_shared,Ungood/img/01388_92.png,1,0.7919861674308777,0.998422384262085,0.9820148944854736
Brain,15,current_shared,Ungood/img/01391_60.png,1,0.8233018517494202,0.9997691512107849,0.9996516108512878
Brain,15,current_shared,Ungood/img/01391_68.png,1,0.8210037350654602,0.9934626817703247,0.9816401600837708
Brain,15,current_shared,Ungood/img/01391_76.png,1,0.8169906735420227,0.9845765829086304,0.9752336740493774
Brain,15,current_shared,Ungood/img/01391_84.png,1,0.8104970455169678,0.9793961048126221,0.9602503180503845
Brain,15,current_shared,Ungood/img/01391_92.png,1,0.8153607845306396,0.9833182096481323,0.9522722363471985
Brain,15,current_shared,Ungood/img/01392_60.png,1,0.8109001517295837,0.9980611205101013,0.9972454905509949
Brain,15,current_shared,Ungood/img/01392_68.png,1,0.8136336207389832,0.9988070726394653,0.9963677525520325
Brain,15,current_shared,Ungood/img/01392_76.png,1,0.8104034662246704,0.9975672960281372,0.9911339282989502
Brain,15,current_shared,Ungood/img/01392_84.png,1,0.8137310147285461,0.9632436037063599,0.8689423203468323
Brain,15,current_shared,Ungood/img/01392_92.png,1,0.8118452429771423,0.9899173378944397,0.9739713072776794
Brain,15,current_shared,Ungood/img/01396_60.png,1,0.8000016212463379,0.9980704188346863,0.9974079728126526
Brain,15,current_shared,Ungood/img/01396_68.png,1,0.8123055696487427,0.9965311884880066,0.9921568632125854
Brain,15,current_shared,Ungood/img/01396_76.png,1,0.8072462677955627,0.9820418357849121,0.9595670700073242
Brain,15,current_shared,Ungood/img/01396_84.png,1,0.8052459955215454,0.9940536618232727,0.9888392090797424
Brain,15,current_shared,Ungood/img/01396_92.png,1,0.796614408493042,0.9814510345458984,0.9450280070304871
Brain,15,current_shared,Ungood/img/01399_60.png,1,0.8077492713928223,0.9991348385810852,0.9984219074249268
Brain,15,current_shared,Ungood/img/01399_68.png,1,0.8096213936805725,0.8110870718955994,0.7234356999397278
Brain,15,current_shared,Ungood/img/01399_76.png,1,0.8147833943367004,0.9259615540504456,0.694708526134491
Brain,15,current_shared,Ungood/img/01399_84.png,1,0.8134887218475342,0.9970480799674988,0.9898634552955627
Brain,15,current_shared,Ungood/img/01399_92.png,1,0.8146616220474243,0.9535742402076721,0.7235930562019348
Brain,15,current_shared,Ungood/img/01400_60.png,1,0.7549962401390076,0.9987139701843262,0.9983929991722107
Brain,15,current_shared,Ungood/img/01400_68.png,1,0.7896727919578552,0.9963183403015137,0.9925841093063354
Brain,15,current_shared,Ungood/img/01400_76.png,1,0.8056817054748535,0.9951766729354858,0.9921509623527527
Brain,15,current_shared,Ungood/img/01400_84.png,1,0.8095813393592834,0.9948137998580933,0.9919881224632263
Brain,15,current_shared,Ungood/img/01400_92.png,1,0.8172814846038818,0.9905561804771423,0.9886337518692017
Brain,15,current_shared,Ungood/img/01401_60.png,1,0.7708677053451538,0.990624725818634,0.9832534790039062
Brain,15,current_shared,Ungood/img/01401_68.png,1,0.7891204953193665,0.9965066313743591,0.9858875870704651
Brain,15,current_shared,Ungood/img/01401_76.png,1,0.8033466935157776,0.9456912875175476,0.8149446845054626
Brain,15,current_shared,Ungood/img/01401_84.png,1,0.8046228289604187,0.9946979284286499,0.9897028207778931
Brain,15,current_shared,Ungood/img/01401_92.png,1,0.8163372278213501,0.9941374063491821,0.9876485466957092
Brain,15,current_shared,Ungood/img/01402_60.png,1,0.7655165195465088,0.9997686743736267,0.9995307326316833
Brain,15,current_shared,Ungood/img/01402_68.png,1,0.8089565634727478,0.996533989906311,0.9934346079826355
Brain,15,current_shared,Ungood/img/01402_76.png,1,0.8069369792938232,0.9639140963554382,0.9264649152755737
Brain,15,current_shared,Ungood/img/01402_84.png,1,0.7927761077880859,0.9720645546913147,0.9382249712944031
Brain,15,current_shared,Ungood/img/01402_92.png,1,0.7928571701049805,0.9933405518531799,0.9840613603591919
Brain,15,current_shared,Ungood/img/01403_60.png,1,0.8063828349113464,0.9978440999984741,0.9969639182090759
Brain,15,current_shared,Ungood/img/01403_68.png,1,0.7820014953613281,0.9974080920219421,0.9927067160606384
Brain,15,current_shared,Ungood/img/01403_76.png,1,0.8096610903739929,0.9984756112098694,0.9977603554725647
Brain,15,current_shared,Ungood/img/01403_84.png,1,0.8165740370750427,0.9992838501930237,0.9984450936317444
Brain,15,current_shared,Ungood/img/01403_92.png,1,0.8173749446868896,0.9963172674179077,0.9945678114891052
Brain,15,current_shared,Ungood/img/01406_60.png,1,0.7348413467407227,0.9992062449455261,0.9990031719207764
Brain,15,current_shared,Ungood/img/01406_68.png,1,0.8089359998703003,0.9980219602584839,0.9977443218231201
Brain,15,current_shared,Ungood/img/01406_76.png,1,0.7727720737457275,0.9996852874755859,0.999450147151947
Brain,15,current_shared,Ungood/img/01406_84.png,1,0.8173583745956421,0.9995324611663818,0.9993256330490112
Brain,15,current_shared,Ungood/img/01406_92.png,1,0.8147655129432678,0.17688345909118652,0.12240786850452423
Brain,15,current_shared,Ungood/img/01409_60.png,1,0.8013675212860107,0.9996175765991211,0.9994317889213562
Brain,15,current_shared,Ungood/img/01409_68.png,1,0.8125072717666626,0.9380547404289246,0.8370512127876282
Brain,15,current_shared,Ungood/img/01409_76.png,1,0.8031164407730103,0.9862865805625916,0.9768903255462646
Brain,15,current_shared,Ungood/img/01409_84.png,1,0.8098613619804382,0.9947381615638733,0.9891270995140076
Brain,15,current_shared,Ungood/img/01409_92.png,1,0.7895273566246033,0.7541548609733582,0.6034402847290039
Brain,15,current_shared,Ungood/img/01410_60.png,1,0.8062494397163391,0.975975751876831,0.957506000995636
Brain,15,current_shared,Ungood/img/01410_68.png,1,0.8120956420898438,0.9976893663406372,0.9945656061172485
Brain,15,current_shared,Ungood/img/01410_76.png,1,0.8108232021331787,0.9960386753082275,0.9930357336997986
Brain,15,current_shared,Ungood/img/01410_84.png,1,0.8103591799736023,0.9894178509712219,0.9769774675369263
Brain,15,current_shared,Ungood/img/01410_92.png,1,0.810905396938324,0.9945805668830872,0.9923034906387329
Brain,15,current_shared,Ungood/img/01411_60.png,1,0.7902757525444031,0.9914945363998413,0.9882165789604187
Brain,15,current_shared,Ungood/img/01411_68.png,1,0.7855242490768433,0.9965240359306335,0.9947535991668701
Brain,15,current_shared,Ungood/img/01411_76.png,1,0.7949286699295044,0.9091576933860779,0.755787193775177
Brain,15,current_shared,Ungood/img/01411_84.png,1,0.7412886619567871,0.9438231587409973,0.9065307378768921
Brain,15,current_shared,Ungood/img/01411_92.png,1,0.7858070135116577,0.9931603670120239,0.9815633893013
Brain,15,current_shared,Ungood/img/01413_60.png,1,0.7947655916213989,0.9996097683906555,0.9993628859519958
Brain,15,current_shared,Ungood/img/01413_68.png,1,0.8097750544548035,0.9907751679420471,0.983010470867157
Brain,15,current_shared,Ungood/img/01413_76.png,1,0.8049116134643555,0.8534083366394043,0.7750893831253052
Brain,15,current_shared,Ungood/img/01413_84.png,1,0.7980557084083557,0.7879359722137451,0.7219762206077576
Brain,15,current_shared,Ungood/img/01413_92.png,1,0.796716034412384,0.8961355090141296,0.8069627285003662
Brain,15,current_shared,Ungood/img/01414_60.png,1,0.7945178747177124,0.9722356796264648,0.9561394453048706
Brain,15,current_shared,Ungood/img/01414_68.png,1,0.7801206111907959,0.973011314868927,0.8691554665565491
Brain,15,current_shared,Ungood/img/01414_76.png,1,0.7979925870895386,0.9604678153991699,0.7717334628105164
Brain,15,current_shared,Ungood/img/01414_84.png,1,0.7124818563461304,0.6953873634338379,0.3456229567527771
Brain,15,current_shared,Ungood/img/01414_92.png,1,0.7877897024154663,0.9610021710395813,0.9362738728523254
Brain,15,current_shared,Ungood/img/01415_60.png,1,0.7417507171630859,0.9996753931045532,0.9991026520729065
Brain,15,current_shared,Ungood/img/01415_68.png,1,0.7955017685890198,0.9990382194519043,0.9983283281326294
Brain,15,current_shared,Ungood/img/01415_76.png,1,0.7700990438461304,0.9903914928436279,0.9735274910926819
Brain,15,current_shared,Ungood/img/01415_84.png,1,0.7964580059051514,0.9605117440223694,0.8189861178398132
Brain,15,current_shared,Ungood/img/01415_92.png,1,0.8034687042236328,0.9966273903846741,0.994583785533905
Brain,15,current_shared,Ungood/img/01416_60.png,1,0.7816298604011536,0.9823557734489441,0.94838947057724
Brain,15,current_shared,Ungood/img/01416_68.png,1,0.8068932890892029,0.9854078888893127,0.9717792868614197
Brain,15,current_shared,Ungood/img/01416_76.png,1,0.802939772605896,0.9945240020751953,0.9835681915283203
Brain,15,current_shared,Ungood/img/01416_84.png,1,0.7943156361579895,0.9430018663406372,0.8750043511390686
Brain,15,current_shared,Ungood/img/01416_92.png,1,0.7848766446113586,0.9834375381469727,0.94547039270401
Brain,15,current_shared,Ungood/img/01418_60.png,1,0.7494024634361267,0.9957398176193237,0.9922948479652405
Brain,15,current_shared,Ungood/img/01418_68.png,1,0.7833195328712463,0.9608438611030579,0.948010265827179
Brain,15,current_shared,Ungood/img/01418_76.png,1,0.751431405544281,0.9857054948806763,0.9650350213050842
Brain,15,current_shared,Ungood/img/01418_84.png,1,0.8123080134391785,0.9257163405418396,0.8046969771385193
Brain,15,current_shared,Ungood/img/01418_92.png,1,0.8039044141769409,0.9328261613845825,0.7927395105361938
Brain,15,current_shared,Ungood/img/01419_60.png,1,0.797247588634491,0.9826639294624329,0.9521406292915344
Brain,15,current_shared,Ungood/img/01419_68.png,1,0.7982993125915527,0.9960267543792725,0.9933711886405945
Brain,15,current_shared,Ungood/img/01419_76.png,1,0.8043875098228455,0.9577876925468445,0.9283583760261536
Brain,15,current_shared,Ungood/img/01419_84.png,1,0.7976837754249573,0.9990111589431763,0.9982391595840454
Brain,15,current_shared,Ungood/img/01419_92.png,1,0.8078152537345886,0.9990767240524292,0.9969353079795837
Brain,15,current_shared,Ungood/img/01424_60.png,1,0.8008949160575867,0.9980472326278687,0.996494710445404
Brain,15,current_shared,Ungood/img/01424_68.png,1,0.8086418509483337,0.9896610975265503,0.9870734810829163
Brain,15,current_shared,Ungood/img/01424_76.png,1,0.7943933010101318,0.9619518518447876,0.9292014837265015
Brain,15,current_shared,Ungood/img/01424_84.png,1,0.8105573654174805,0.9936161041259766,0.9870008826255798
Brain,15,current_shared,Ungood/img/01424_92.png,1,0.8085780739784241,0.9532386660575867,0.8708591461181641
Brain,15,current_shared,Ungood/img/01425_60.png,1,0.7883211970329285,0.9979779124259949,0.9960984587669373
Brain,15,current_shared,Ungood/img/01425_68.png,1,0.8110383152961731,0.9728252291679382,0.9546375870704651
Brain,15,current_shared,Ungood/img/01425_76.png,1,0.8096439838409424,0.9869908690452576,0.9770897030830383
Brain,15,current_shared,Ungood/img/01425_84.png,1,0.7941891551017761,0.9774050116539001,0.9695892333984375
Brain,15,current_shared,Ungood/img/01425_92.png,1,0.8059729337692261,0.9899606704711914,0.985306441783905
Brain,15,current_shared,Ungood/img/01428_60.png,1,0.8153378963470459,0.998021125793457,0.9969091415405273
Brain,15,current_shared,Ungood/img/01428_68.png,1,0.7289019823074341,0.9849087595939636,0.9773486256599426
Brain,15,current_shared,Ungood/img/01428_76.png,1,0.7245610356330872,0.9878265261650085,0.9812214374542236
Brain,15,current_shared,Ungood/img/01428_84.png,1,0.8035874962806702,0.9912521243095398,0.9892520904541016
Brain,15,current_shared,Ungood/img/01428_92.png,1,0.8119835257530212,0.9815831780433655,0.9503286480903625
Brain,15,current_shared,Ungood/img/01429_60.png,1,0.7660413384437561,0.9989816546440125,0.9979291558265686
Brain,15,current_shared,Ungood/img/01429_68.png,1,0.7639011144638062,0.9928238391876221,0.9809610247612
Brain,15,current_shared,Ungood/img/01429_76.png,1,0.5144434571266174,0.0004705227038357407,0.00028119885246269405
Brain,15,current_shared,Ungood/img/01429_84.png,1,0.5104209184646606,0.002266904804855585,0.0010740256402641535
Brain,15,current_shared,Ungood/img/01429_92.png,1,0.7931746244430542,0.7983121871948242,0.605468213558197
Brain,15,current_shared,Ungood/img/01430_60.png,1,0.8239657282829285,0.9993671774864197,0.9988809823989868
Brain,15,current_shared,Ungood/img/01430_68.png,1,0.8159264326095581,0.9986942410469055,0.998005211353302
Brain,15,current_shared,Ungood/img/01430_76.png,1,0.8193793892860413,0.9976571798324585,0.9967317581176758
Brain,15,current_shared,Ungood/img/01430_84.png,1,0.8171802163124084,0.8958146572113037,0.826428234577179
Brain,15,current_shared,Ungood/img/01430_92.png,1,0.8158476948738098,0.9904689192771912,0.9853916764259338
Brain,15,current_shared,Ungood/img/01432_60.png,1,0.8001625537872314,0.9909183979034424,0.9809224605560303
Brain,15,current_shared,Ungood/img/01432_68.png,1,0.7569172978401184,0.9842706322669983,0.9539298415184021
Brain,15,current_shared,Ungood/img/01432_76.png,1,0.793421745300293,0.9174541234970093,0.8628360629081726
Brain,15,current_shared,Ungood/img/01432_84.png,1,0.7991802096366882,0.9883486032485962,0.9770076870918274
Brain,15,current_shared,Ungood/img/01432_92.png,1,0.7905765175819397,0.9906983971595764,0.985711395740509
Brain,15,current_shared,Ungood/img/01433_60.png,1,0.8088846802711487,0.9990346431732178,0.9984269142150879
Brain,15,current_shared,Ungood/img/01433_68.png,1,0.5546968579292297,0.09824826568365097,0.0414385050535202
Brain,15,current_shared,Ungood/img/01433_76.png,1,0.8111310005187988,0.9816126227378845,0.9724633097648621
Brain,15,current_shared,Ungood/img/01433_84.png,1,0.7988833785057068,0.9531297087669373,0.8623228669166565
Brain,15,current_shared,Ungood/img/01433_92.png,1,0.8098595142364502,0.9574205875396729,0.8515336513519287
Brain,15,current_shared,Ungood/img/01436_60.png,1,0.8081316947937012,0.9993754029273987,0.9990787506103516
Brain,15,current_shared,Ungood/img/01436_68.png,1,0.7255343794822693,0.9991610050201416,0.9983484148979187
Brain,15,current_shared,Ungood/img/01436_76.png,1,0.7922130823135376,0.9968022108078003,0.9956225752830505
Brain,15,current_shared,Ungood/img/01436_84.png,1,0.7901710867881775,0.9971104860305786,0.9950973391532898
Brain,15,current_shared,Ungood/img/01436_92.png,1,0.7775317430496216,0.8724825382232666,0.7907156348228455
Brain,15,current_shared,Ungood/img/01444_60.png,1,0.8199570178985596,0.9992838501930237,0.9987740516662598
Brain,15,current_shared,Ungood/img/01444_68.png,1,0.816508412361145,0.9959484934806824,0.9894533157348633
Brain,15,current_shared,Ungood/img/01444_76.png,1,0.8168439865112305,0.9855816960334778,0.9651931524276733
Brain,15,current_shared,Ungood/img/01444_84.png,1,0.8181671500205994,0.998829185962677,0.9983534216880798
Brain,15,current_shared,Ungood/img/01444_92.png,1,0.7970448136329651,0.9899253845214844,0.9686948657035828
Brain,15,current_shared,Ungood/img/01445_60.png,1,0.8132953643798828,0.9996134638786316,0.9994295239448547
Brain,15,current_shared,Ungood/img/01445_68.png,1,0.8193763494491577,0.9958059787750244,0.9920246601104736
Brain,15,current_shared,Ungood/img/01445_76.png,1,0.799798309803009,0.9967278242111206,0.995160698890686
Brain,15,current_shared,Ungood/img/01445_84.png,1,0.8061789274215698,0.9973589777946472,0.9951437711715698
Brain,15,current_shared,Ungood/img/01445_92.png,1,0.8122748732566833,0.9947559833526611,0.9881185293197632
Brain,15,current_shared,Ungood/img/01449_60.png,1,0.7686570286750793,0.9996726512908936,0.9994980692863464
Brain,15,current_shared,Ungood/img/01449_68.png,1,0.806419849395752,0.9992535710334778,0.998555064201355
Brain,15,current_shared,Ungood/img/01449_76.png,1,0.804599404335022,0.9989449381828308,0.9939799904823303
Brain,15,current_shared,Ungood/img/01449_84.png,1,0.769568145275116,0.9696083068847656,0.9538487195968628
Brain,15,current_shared,Ungood/img/01449_92.png,1,0.8153066039085388,0.9688884615898132,0.9503301382064819
Brain,15,current_shared,Ungood/img/01454_60.png,1,0.8244210481643677,0.9796461462974548,0.9480262398719788
Brain,15,current_shared,Ungood/img/01454_68.png,1,0.8201596736907959,0.8127457499504089,0.721571683883667
Brain,15,current_shared,Ungood/img/01454_76.png,1,0.8167402148246765,0.9274671077728271,0.8744795918464661
Brain,15,current_shared,Ungood/img/01454_84.png,1,0.8205066323280334,0.9958963394165039,0.9903666377067566
Brain,15,current_shared,Ungood/img/01454_92.png,1,0.8169228434562683,0.9851412773132324,0.9042985439300537
Brain,15,current_shared,Ungood/img/01455_60.png,1,0.7592926025390625,0.9967350363731384,0.9905660152435303
Brain,15,current_shared,Ungood/img/01455_68.png,1,0.8130688667297363,0.9225542545318604,0.8853724598884583
Brain,15,current_shared,Ungood/img/01455_76.png,1,0.8064152598381042,0.9877106547355652,0.9766023755073547
Brain,15,current_shared,Ungood/img/01455_84.png,1,0.8112714290618896,0.9989652633666992,0.9977312684059143
Brain,15,current_shared,Ungood/img/01455_92.png,1,0.8095442056655884,0.9808924794197083,0.9731799960136414
Brain,15,current_shared,Ungood/img/01458_60.png,1,0.8154248595237732,0.9996317625045776,0.9994880557060242
Brain,15,current_shared,Ungood/img/01458_68.png,1,0.7703551054000854,0.9995837807655334,0.9993732571601868
Brain,15,current_shared,Ungood/img/01458_76.png,1,0.8079623579978943,0.9993139505386353,0.9982057213783264
Brain,15,current_shared,Ungood/img/01458_84.png,1,0.8136218190193176,0.9976277947425842,0.9925804734230042
Brain,15,current_shared,Ungood/img/01458_92.png,1,0.8178451061248779,0.9785445928573608,0.9596671462059021
Brain,15,current_shared,Ungood/img/01461_60.png,1,0.8190462589263916,0.9973850846290588,0.9956275820732117
Brain,15,current_shared,Ungood/img/01461_68.png,1,0.8179382085800171,0.9594274163246155,0.8312711119651794
Brain,15,current_shared,Ungood/img/01461_76.png,1,0.8159760236740112,0.9794874787330627,0.9619482755661011
Brain,15,current_shared,Ungood/img/01461_84.png,1,0.812649130821228,0.9580913186073303,0.9346654415130615
Brain,15,current_shared,Ungood/img/01461_92.png,1,0.8081278800964355,0.9474731683731079,0.7073198556900024
Brain,15,current_shared,Ungood/img/01462_60.png,1,0.8050339818000793,0.9997444748878479,0.9996323585510254
Brain,15,current_shared,Ungood/img/01462_68.png,1,0.6728911995887756,0.9877118468284607,0.9811575412750244
Brain,15,current_shared,Ungood/img/01462_76.png,1,0.820649266242981,0.27986034750938416,0.11015071719884872
Brain,15,current_shared,Ungood/img/01462_84.png,1,0.8157011866569519,0.994182288646698,0.9853719472885132
Brain,15,current_shared,Ungood/img/01462_92.png,1,0.8178752660751343,0.9380239844322205,0.8934903144836426
Brain,15,current_shared,Ungood/img/01463_60.png,1,0.8188769817352295,0.9992542862892151,0.99882972240448
Brain,15,current_shared,Ungood/img/01463_68.png,1,0.8196302056312561,0.9909849166870117,0.9792287945747375
Brain,15,current_shared,Ungood/img/01463_76.png,1,0.8234074711799622,0.9984163045883179,0.9965598583221436
Brain,15,current_shared,Ungood/img/01463_84.png,1,0.825099766254425,0.9928762912750244,0.9905198216438293
Brain,15,current_shared,Ungood/img/01463_92.png,1,0.8249809741973877,0.9738523364067078,0.9480553865432739
Brain,15,current_shared,Ungood/img/01465_60.png,1,0.7765204906463623,0.9941562414169312,0.9866663217544556
Brain,15,current_shared,Ungood/img/01465_68.png,1,0.8178247809410095,0.9953166246414185,0.9895821213722229
Brain,15,current_shared,Ungood/img/01465_76.png,1,0.7835286855697632,0.9968833327293396,0.9926576018333435
Brain,15,current_shared,Ungood/img/01465_84.png,1,0.8195673823356628,0.9994221925735474,0.9985198974609375
Brain,15,current_shared,Ungood/img/01465_92.png,1,0.8122671842575073,0.9981898665428162,0.996666431427002
Brain,15,current_shared,Ungood/img/01466_60.png,1,0.7782554030418396,0.9991181492805481,0.9980475902557373
Brain,15,current_shared,Ungood/img/01466_68.png,1,0.8082218170166016,0.9969758987426758,0.9940875172615051
Brain,15,current_shared,Ungood/img/01466_76.png,1,0.8006147742271423,0.9992784857749939,0.9984344840049744
Brain,15,current_shared,Ungood/img/01466_84.png,1,0.8245470523834229,0.9993395209312439,0.999144434928894
Brain,15,current_shared,Ungood/img/01466_92.png,1,0.8151392936706543,0.999053418636322,0.9983894228935242
Brain,15,current_shared,Ungood/img/01467_60.png,1,0.763785719871521,0.9997933506965637,0.9995108246803284
Brain,15,current_shared,Ungood/img/01467_68.png,1,0.7648327946662903,0.9995304346084595,0.998689591884613
Brain,15,current_shared,Ungood/img/01467_76.png,1,0.8104327917098999,0.9972468614578247,0.9878613948822021
Brain,15,current_shared,Ungood/img/01467_84.png,1,0.7970010042190552,0.9994744658470154,0.9985944628715515
Brain,15,current_shared,Ungood/img/01467_92.png,1,0.7961969971656799,0.9989637136459351,0.9980363249778748
Brain,15,current_shared,Ungood/img/01471_60.png,1,0.816440761089325,0.9216210842132568,0.7877115607261658
Brain,15,current_shared,Ungood/img/01471_68.png,1,0.8075817227363586,0.9805520176887512,0.9471359252929688
Brain,15,current_shared,Ungood/img/01471_76.png,1,0.8053320646286011,0.8975501656532288,0.8263407349586487
Brain,15,current_shared,Ungood/img/01471_84.png,1,0.8013995289802551,0.9910596013069153,0.9862571954727173
Brain,15,current_shared,Ungood/img/01471_92.png,1,0.7932950258255005,0.9953901767730713,0.992797315120697
Brain,15,current_shared,Ungood/img/01473_60.png,1,0.7761569619178772,0.9996926784515381,0.9988458752632141
Brain,15,current_shared,Ungood/img/01473_68.png,1,0.8071045279502869,0.9997405409812927,0.9992570281028748
Brain,15,current_shared,Ungood/img/01473_76.png,1,0.8133620619773865,0.9988956451416016,0.9959704279899597
Brain,15,current_shared,Ungood/img/01473_84.png,1,0.8105055689811707,0.9992567896842957,0.9989808797836304
Brain,15,current_shared,Ungood/img/01473_92.png,1,0.7905153036117554,0.9867245554924011,0.9772778153419495
Brain,15,current_shared,Ungood/img/01475_60.png,1,0.740609884262085,0.9988166093826294,0.9974018931388855
Brain,15,current_shared,Ungood/img/01475_68.png,1,0.7847762107849121,0.9995040893554688,0.9989284873008728
Brain,15,current_shared,Ungood/img/01475_76.png,1,0.7867084741592407,0.9973483085632324,0.9959274530410767
Brain,15,current_shared,Ungood/img/01475_84.png,1,0.8123921155929565,0.9994726777076721,0.9987825751304626
Brain,15,current_shared,Ungood/img/01475_92.png,1,0.810940682888031,0.9996465444564819,0.9993678331375122
Brain,15,current_shared,Ungood/img/01476_60.png,1,0.7969676852226257,0.9995290040969849,0.9992302656173706
Brain,15,current_shared,Ungood/img/01476_68.png,1,0.8183281421661377,0.9826299548149109,0.977517306804657
Brain,15,current_shared,Ungood/img/01476_76.png,1,0.8183056116104126,0.9660389423370361,0.9584886431694031
Brain,15,current_shared,Ungood/img/01476_84.png,1,0.8152294158935547,0.9966220855712891,0.995385468006134
Brain,15,current_shared,Ungood/img/01476_92.png,1,0.7755758762359619,0.5547620058059692,0.3769925832748413
Brain,15,current_shared,Ungood/img/01477_60.png,1,0.7935205698013306,0.9990591406822205,0.9976170063018799
Brain,15,current_shared,Ungood/img/01477_68.png,1,0.7727600336074829,0.9970507621765137,0.9947580695152283
Brain,15,current_shared,Ungood/img/01477_76.png,1,0.7743154168128967,0.997531533241272,0.9953469634056091
Brain,15,current_shared,Ungood/img/01477_84.png,1,0.7949936985969543,0.9930971264839172,0.9876987338066101
Brain,15,current_shared,Ungood/img/01477_92.png,1,0.8152663111686707,0.9637705683708191,0.9189102053642273
Brain,15,current_shared,Ungood/img/01478_60.png,1,0.7939409017562866,0.9989579916000366,0.9984630942344666
Brain,15,current_shared,Ungood/img/01478_68.png,1,0.8045616745948792,0.9974204301834106,0.9959526062011719
Brain,15,current_shared,Ungood/img/01478_76.png,1,0.8083007335662842,0.9951594471931458,0.9902637004852295
Brain,15,current_shared,Ungood/img/01478_84.png,1,0.7532060146331787,0.9895099401473999,0.9779764413833618
Brain,15,current_shared,Ungood/img/01478_92.png,1,0.8112313747406006,0.9901650547981262,0.9665951132774353
Brain,15,current_shared,Ungood/img/01479_60.png,1,0.8306314945220947,0.9919372797012329,0.9760287404060364
Brain,15,current_shared,Ungood/img/01479_68.png,1,0.8134008646011353,0.997671902179718,0.9949425458908081
Brain,15,current_shared,Ungood/img/01479_76.png,1,0.8085489273071289,0.9984281063079834,0.997846782207489
Brain,15,current_shared,Ungood/img/01479_84.png,1,0.815319836139679,0.9956547021865845,0.9924617409706116
Brain,15,current_shared,Ungood/img/01479_92.png,1,0.7883104085922241,0.999561607837677,0.9989905953407288
Brain,15,current_shared,Ungood/img/01482_60.png,1,0.7519119381904602,0.7439663410186768,0.6667790412902832
Brain,15,current_shared,Ungood/img/01482_68.png,1,0.7963661551475525,0.9700824022293091,0.9372145533561707
Brain,15,current_shared,Ungood/img/01482_76.png,1,0.8082489371299744,0.45948126912117004,0.332144170999527
Brain,15,current_shared,Ungood/img/01482_84.png,1,0.8151156902313232,0.6338725686073303,0.3519890606403351
Brain,15,current_shared,Ungood/img/01482_92.png,1,0.5216570496559143,0.0821409597992897,0.03511332720518112
Brain,15,current_shared,Ungood/img/01484_60.png,1,0.7945998311042786,0.9875556826591492,0.9815253615379333
Brain,15,current_shared,Ungood/img/01484_68.png,1,0.7863332629203796,0.9907740950584412,0.9680793285369873
Brain,15,current_shared,Ungood/img/01484_76.png,1,0.8195281028747559,0.9990953207015991,0.9976639151573181
Brain,15,current_shared,Ungood/img/01484_84.png,1,0.8143730759620667,0.995621383190155,0.9875149130821228
Brain,15,current_shared,Ungood/img/01484_92.png,1,0.8050750494003296,0.9988048076629639,0.9978658556938171
Brain,15,current_shared,Ungood/img/01485_60.png,1,0.7749685049057007,0.9982849955558777,0.9972636103630066
Brain,15,current_shared,Ungood/img/01485_68.png,1,0.8159095644950867,0.9970037341117859,0.9946373105049133
Brain,15,current_shared,Ungood/img/01485_76.png,1,0.8164815306663513,0.9982690811157227,0.9965130686759949
Brain,15,current_shared,Ungood/img/01485_84.png,1,0.8145987391471863,0.9984332919120789,0.9965296387672424
Brain,15,current_shared,Ungood/img/01485_92.png,1,0.7986893057823181,0.9901968240737915,0.9739089608192444
Brain,15,current_shared,Ungood/img/01486_60.png,1,0.8106167912483215,0.9876091480255127,0.9841980934143066
Brain,15,current_shared,Ungood/img/01486_68.png,1,0.8088864088058472,0.9923496842384338,0.9847437739372253
Brain,15,current_shared,Ungood/img/01486_76.png,1,0.8103820085525513,0.9986394047737122,0.9979429841041565
Brain,15,current_shared,Ungood/img/01486_84.png,1,0.8148420453071594,0.9901490211486816,0.9881264567375183
Brain,15,current_shared,Ungood/img/01486_92.png,1,0.7772141695022583,0.993439257144928,0.990845799446106
Brain,15,current_shared,Ungood/img/01489_60.png,1,0.7818119525909424,0.9959820508956909,0.9915105700492859
Brain,15,current_shared,Ungood/img/01489_68.png,1,0.8093474507331848,0.9911357164382935,0.9825001358985901
Brain,15,current_shared,Ungood/img/01489_76.png,1,0.8016653656959534,0.9792481660842896,0.9652472734451294
Brain,15,current_shared,Ungood/img/01489_84.png,1,0.8044821619987488,0.9926022887229919,0.9860526919364929
Brain,15,current_shared,Ungood/img/01489_92.png,1,0.8023456335067749,0.9944581985473633,0.9876410961151123
Brain,15,current_shared,Ungood/img/01490_60.png,1,0.7867177724838257,0.9729448556900024,0.9611339569091797
Brain,15,current_shared,Ungood/img/01490_68.png,1,0.7094718813896179,0.9669779539108276,0.9607308506965637
Brain,15,current_shared,Ungood/img/01490_76.png,1,0.8048639297485352,0.9992608428001404,0.9962608814239502
Brain,15,current_shared,Ungood/img/01490_84.png,1,0.8061729073524475,0.2538658678531647,0.1674870401620865
Brain,15,current_shared,Ungood/img/01490_92.png,1,0.8142818808555603,0.9604965448379517,0.8724887371063232
Brain,15,current_shared,Ungood/img/01491_60.png,1,0.5322025418281555,0.19416514039039612,0.1338617354631424
Brain,15,current_shared,Ungood/img/01491_68.png,1,0.7164664268493652,0.9943894743919373,0.9911964535713196
Brain,15,current_shared,Ungood/img/01491_76.png,1,0.8125693202018738,0.9728071093559265,0.9299156665802002
Brain,15,current_shared,Ungood/img/01491_84.png,1,0.7962153553962708,0.9778600931167603,0.9338894486427307
Brain,15,current_shared,Ungood/img/01491_92.png,1,0.8105034232139587,0.8183692693710327,0.41882088780403137
Brain,15,current_shared,Ungood/img/01494_60.png,1,0.784298837184906,0.9985160231590271,0.9977325201034546
Brain,15,current_shared,Ungood/img/01494_68.png,1,0.8146184682846069,0.9988383650779724,0.9978001713752747
Brain,15,current_shared,Ungood/img/01494_76.png,1,0.8174904584884644,0.9963132739067078,0.9935488104820251
Brain,15,current_shared,Ungood/img/01494_84.png,1,0.8085287809371948,0.9985772371292114,0.9979749321937561
Brain,15,current_shared,Ungood/img/01494_92.png,1,0.8085759878158569,0.9979158043861389,0.9953566193580627
Brain,15,current_shared,Ungood/img/01495_60.png,1,0.8065962791442871,0.9992501139640808,0.9980186223983765
Brain,15,current_shared,Ungood/img/01495_68.png,1,0.8157704472541809,0.9984207153320312,0.9964267611503601
Brain,15,current_shared,Ungood/img/01495_76.png,1,0.8173239827156067,0.9858048558235168,0.9527730941772461
Brain,15,current_shared,Ungood/img/01495_84.png,1,0.8088339567184448,0.9540702104568481,0.903687596321106
Brain,15,current_shared,Ungood/img/01495_92.png,1,0.7794404625892639,0.9427483677864075,0.8956789374351501
Brain,15,current_shared,Ungood/img/01496_60.png,1,0.818813145160675,0.9991216063499451,0.9984262585639954
Brain,15,current_shared,Ungood/img/01496_68.png,1,0.8165091872215271,0.9949676394462585,0.9911313652992249
Brain,15,current_shared,Ungood/img/01496_76.png,1,0.8209275603294373,0.9991598129272461,0.998460054397583
Brain,15,current_shared,Ungood/img/01496_84.png,1,0.8030533194541931,0.9991769194602966,0.9970317482948303
Brain,15,current_shared,Ungood/img/01496_92.png,1,0.7977651953697205,0.9952265024185181,0.9854762554168701
Brain,15,current_shared,Ungood/img/01498_60.png,1,0.7069550156593323,0.9994656443595886,0.9992735981941223
Brain,15,current_shared,Ungood/img/01498_68.png,1,0.7696624398231506,0.9958522319793701,0.9942430853843689
Brain,15,current_shared,Ungood/img/01498_76.png,1,0.7873275279998779,0.9991163611412048,0.9985813498497009
Brain,15,current_shared,Ungood/img/01498_84.png,1,0.8194383382797241,0.9997438788414001,0.9996859431266785
Brain,15,current_shared,Ungood/img/01498_92.png,1,0.8158470392227173,0.9996662139892578,0.9992761611938477
Brain,15,current_shared,Ungood/img/01502_60.png,1,0.7521072030067444,0.9963621497154236,0.9950366020202637
Brain,15,current_shared,Ungood/img/01502_68.png,1,0.8080554604530334,0.9991379976272583,0.9985753893852234
Brain,15,current_shared,Ungood/img/01502_76.png,1,0.5238000750541687,5.773076554760337e-05,3.926351200789213e-05
Brain,15,current_shared,Ungood/img/01502_84.png,1,0.7918371558189392,0.3919481933116913,0.1868807077407837
Brain,15,current_shared,Ungood/img/01502_92.png,1,0.7739860415458679,0.09811336547136307,0.0514649860560894
Brain,15,current_shared,Ungood/img/01503_60.png,1,0.6971355676651001,0.9989345669746399,0.9977905750274658
Brain,15,current_shared,Ungood/img/01503_68.png,1,0.7975732088088989,0.99825519323349,0.9967814087867737
Brain,15,current_shared,Ungood/img/01503_76.png,1,0.8104284405708313,0.9990583062171936,0.9986268281936646
Brain,15,current_shared,Ungood/img/01503_84.png,1,0.7810166478157043,0.9777951240539551,0.9442120790481567
Brain,15,current_shared,Ungood/img/01503_92.png,1,0.8087344765663147,0.8620766997337341,0.7164291143417358
Brain,15,current_shared,Ungood/img/01504_60.png,1,0.7199551463127136,0.9821083545684814,0.9551663398742676
Brain,15,current_shared,Ungood/img/01504_68.png,1,0.7974953651428223,0.9992595314979553,0.9982657432556152
Brain,15,current_shared,Ungood/img/01504_76.png,1,0.8076002597808838,0.994479775428772,0.9540231823921204
Brain,15,current_shared,Ungood/img/01504_84.png,1,0.8169200420379639,0.9969412684440613,0.9837362766265869
Brain,15,current_shared,Ungood/img/01504_92.png,1,0.7959502935409546,0.9757484793663025,0.8978694677352905
Brain,15,current_shared,Ungood/img/01506_60.png,1,0.8159753084182739,0.9968662858009338,0.9932489395141602
Brain,15,current_shared,Ungood/img/01506_68.png,1,0.7813760638237,0.9979127049446106,0.9962531328201294
Brain,15,current_shared,Ungood/img/01506_76.png,1,0.8149675130844116,0.9979586601257324,0.9972509741783142
Brain,15,current_shared,Ungood/img/01506_84.png,1,0.8138814568519592,0.9979937076568604,0.9958032369613647
Brain,15,current_shared,Ungood/img/01506_92.png,1,0.8099333047866821,0.9828063249588013,0.9757669568061829
Brain,15,current_shared,Ungood/img/01507_60.png,1,0.812856912612915,0.9996347427368164,0.999289870262146
Brain,15,current_shared,Ungood/img/01507_68.png,1,0.6996759176254272,0.9931011199951172,0.9884570837020874
Brain,15,current_shared,Ungood/img/01507_76.png,1,0.8090602159500122,0.9951979517936707,0.9896039366722107
Brain,15,current_shared,Ungood/img/01507_84.png,1,0.8118463754653931,0.9925228953361511,0.9883818626403809
Brain,15,current_shared,Ungood/img/01507_92.png,1,0.771716833114624,0.0537547804415226,0.022252723574638367
Brain,15,current_shared,Ungood/img/01511_60.png,1,0.7685463428497314,0.9908570647239685,0.9719319939613342
Brain,15,current_shared,Ungood/img/01511_68.png,1,0.8073099255561829,0.9819528460502625,0.9565511345863342
Brain,15,current_shared,Ungood/img/01511_76.png,1,0.547504186630249,0.03130972757935524,0.014685006812214851
Brain,15,current_shared,Ungood/img/01511_84.png,1,0.8008243441581726,0.9394797086715698,0.9155625700950623
Brain,15,current_shared,Ungood/img/01511_92.png,1,0.8136899471282959,0.9905208349227905,0.988491952419281
Brain,15,current_shared,Ungood/img/01512_60.png,1,0.8086453080177307,0.9998505115509033,0.9997689723968506
Brain,15,current_shared,Ungood/img/01512_68.png,1,0.7757795453071594,0.9994181394577026,0.9990583062171936
Brain,15,current_shared,Ungood/img/01512_76.png,1,0.812540590763092,0.9996552467346191,0.9993448853492737
Brain,15,current_shared,Ungood/img/01512_84.png,1,0.8054028153419495,0.9996391534805298,0.9995040893554688
Brain,15,current_shared,Ungood/img/01512_92.png,1,0.8093339800834656,0.9978153705596924,0.9960601925849915
Brain,15,current_shared,Ungood/img/01513_60.png,1,0.7948106527328491,0.9996634721755981,0.9993839263916016
Brain,15,current_shared,Ungood/img/01513_68.png,1,0.808866560459137,0.9995179176330566,0.9992191195487976
Brain,15,current_shared,Ungood/img/01513_76.png,1,0.7793632745742798,0.9924973249435425,0.9875284433364868
Brain,15,current_shared,Ungood/img/01513_84.png,1,0.8199489116668701,0.9994555115699768,0.9988195300102234
Brain,15,current_shared,Ungood/img/01513_92.png,1,0.8210612535476685,0.9997487664222717,0.999494731426239
Brain,15,current_shared,Ungood/img/01515_60.png,1,0.7958819270133972,0.9993684887886047,0.999032735824585
Brain,15,current_shared,Ungood/img/01515_68.png,1,0.8124486804008484,0.9990468621253967,0.9987836480140686
Brain,15,current_shared,Ungood/img/01515_76.png,1,0.8050811886787415,0.9993883371353149,0.9988793730735779
Brain,15,current_shared,Ungood/img/01515_84.png,1,0.8178299069404602,0.9994896650314331,0.9990137815475464
Brain,15,current_shared,Ungood/img/01515_92.png,1,0.7999866604804993,0.8491643071174622,0.8026266098022461
Brain,15,current_shared,Ungood/img/01517_60.png,1,0.817620575428009,0.9987408518791199,0.9955440163612366
Brain,15,current_shared,Ungood/img/01517_68.png,1,0.8101192116737366,0.9818325042724609,0.9663981199264526
Brain,15,current_shared,Ungood/img/01517_76.png,1,0.8086830973625183,0.9874886870384216,0.982883870601654
Brain,15,current_shared,Ungood/img/01517_84.png,1,0.8043645620346069,0.9967837333679199,0.9908751249313354
Brain,15,current_shared,Ungood/img/01517_92.png,1,0.7607519030570984,0.9903923273086548,0.9833515882492065
Brain,15,current_shared,Ungood/img/01519_60.png,1,0.815193235874176,0.9996802806854248,0.9995893836021423
Brain,15,current_shared,Ungood/img/01519_68.png,1,0.7517080903053284,0.9986153841018677,0.997300922870636
Brain,15,current_shared,Ungood/img/01519_76.png,1,0.7205868363380432,0.9080947637557983,0.7307239770889282
Brain,15,current_shared,Ungood/img/01519_84.png,1,0.7340726852416992,0.15905669331550598,0.0951637551188469
Brain,15,current_shared,Ungood/img/01519_92.png,1,0.7944172620773315,0.9420779943466187,0.8913379907608032
Brain,15,current_shared,Ungood/img/01521_60.png,1,0.8133839964866638,0.9963782429695129,0.9935798645019531
Brain,15,current_shared,Ungood/img/01521_68.png,1,0.7983940243721008,0.997262716293335,0.9944478869438171
Brain,15,current_shared,Ungood/img/01521_76.png,1,0.7456722855567932,0.9925845265388489,0.9854766130447388
Brain,15,current_shared,Ungood/img/01521_84.png,1,0.7918974757194519,0.9793775677680969,0.9457700252532959
Brain,15,current_shared,Ungood/img/01521_92.png,1,0.7831612229347229,0.9633738994598389,0.9392497539520264
Brain,15,current_shared,Ungood/img/01522_60.png,1,0.7187731266021729,0.989297091960907,0.9674665331840515
Brain,15,current_shared,Ungood/img/01522_68.png,1,0.8036207556724548,0.9798924922943115,0.9488152265548706
Brain,15,current_shared,Ungood/img/01522_76.png,1,0.8151453137397766,0.9533472061157227,0.8990705013275146
Brain,15,current_shared,Ungood/img/01522_84.png,1,0.8135607838630676,0.9697422385215759,0.8890286087989807
Brain,15,current_shared,Ungood/img/01522_92.png,1,0.7899968028068542,0.04264276102185249,0.010077218525111675
Brain,15,current_shared,Ungood/img/01523_60.png,1,0.7497135400772095,0.9982507824897766,0.9956389665603638
Brain,15,current_shared,Ungood/img/01523_68.png,1,0.8170074224472046,0.9996201992034912,0.9994820952415466
Brain,15,current_shared,Ungood/img/01523_76.png,1,0.8059665560722351,0.997310996055603,0.9921529293060303
Brain,15,current_shared,Ungood/img/01523_84.png,1,0.8180862069129944,0.9983052015304565,0.9946519136428833
Brain,15,current_shared,Ungood/img/01523_92.png,1,0.790375292301178,0.9805207252502441,0.9655811786651611
Brain,15,current_shared,Ungood/img/01524_60.png,1,0.8036247491836548,0.9982455968856812,0.9970366358757019
Brain,15,current_shared,Ungood/img/01524_68.png,1,0.8021426200866699,0.9982738494873047,0.9946791529655457
Brain,15,current_shared,Ungood/img/01524_76.png,1,0.8179896473884583,0.9984561204910278,0.9959636926651001
Brain,15,current_shared,Ungood/img/01524_84.png,1,0.8135659098625183,0.9993491768836975,0.9983930587768555
Brain,15,current_shared,Ungood/img/01524_92.png,1,0.8131536841392517,0.9974626302719116,0.9968483448028564
Brain,15,current_shared,Ungood/img/01525_60.png,1,0.7946619987487793,0.9689034223556519,0.9280476570129395
Brain,15,current_shared,Ungood/img/01525_68.png,1,0.7791696786880493,0.9718999862670898,0.9445976614952087
Brain,15,current_shared,Ungood/img/01525_76.png,1,0.5266852974891663,0.0005543119041249156,0.00025366045883856714
Brain,15,current_shared,Ungood/img/01525_84.png,1,0.8128347992897034,0.40293610095977783,0.27068257331848145
Brain,15,current_shared,Ungood/img/01525_92.png,1,0.8159409165382385,0.9934586882591248,0.9821370840072632
Brain,15,current_shared,Ungood/img/01528_60.png,1,0.7967646718025208,0.9996960163116455,0.9995051622390747
Brain,15,current_shared,Ungood/img/01528_68.png,1,0.7733489871025085,0.9357618689537048,0.8903628587722778
Brain,15,current_shared,Ungood/img/01528_76.png,1,0.8137470483779907,0.9967272281646729,0.9946038126945496
Brain,15,current_shared,Ungood/img/01528_84.png,1,0.8084856867790222,0.9907410144805908,0.9844325184822083
Brain,15,current_shared,Ungood/img/01528_92.png,1,0.8081923127174377,0.9772964119911194,0.9722214341163635
Brain,15,current_shared,Ungood/img/01531_60.png,1,0.8134142756462097,0.9974333643913269,0.9967566728591919
Brain,15,current_shared,Ungood/img/01531_68.png,1,0.8063451647758484,0.9019389748573303,0.7314759492874146
Brain,15,current_shared,Ungood/img/01531_76.png,1,0.8020831346511841,0.8911635279655457,0.7135185599327087
Brain,15,current_shared,Ungood/img/01531_84.png,1,0.8018932938575745,0.9965113997459412,0.9889135956764221
Brain,15,current_shared,Ungood/img/01531_92.png,1,0.8070350289344788,0.8505937457084656,0.6865787506103516
Brain,15,current_shared,Ungood/img/01532_60.png,1,0.8213574886322021,0.9852404594421387,0.973993182182312
Brain,15,current_shared,Ungood/img/01532_68.png,1,0.8217324614524841,0.996315062046051,0.9942545294761658
Brain,15,current_shared,Ungood/img/01532_76.png,1,0.8249662518501282,0.9959388971328735,0.9920958280563354
Brain,15,current_shared,Ungood/img/01532_84.png,1,0.8117520213127136,0.998729407787323,0.9980814456939697
Brain,15,current_shared,Ungood/img/01532_92.png,1,0.816074788570404,0.9990767240524292,0.9960264563560486
Brain,15,current_shared,Ungood/img/01533_60.png,1,0.7749641537666321,0.9997535347938538,0.9996064305305481
Brain,15,current_shared,Ungood/img/01533_68.png,1,0.7938761115074158,0.9975892305374146,0.9947200417518616
Brain,15,current_shared,Ungood/img/01533_76.png,1,0.8063673973083496,0.9991981387138367,0.9986761808395386
Brain,15,current_shared,Ungood/img/01533_84.png,1,0.8169385194778442,0.992202877998352,0.9907039403915405
Brain,15,current_shared,Ungood/img/01533_92.png,1,0.8002732396125793,0.9913153648376465,0.9846453666687012
Brain,15,current_shared,Ungood/img/01537_60.png,1,0.7894463539123535,0.9968293309211731,0.9949485659599304
Brain,15,current_shared,Ungood/img/01537_68.png,1,0.8170101046562195,0.9997468590736389,0.9995922446250916
Brain,15,current_shared,Ungood/img/01537_76.png,1,0.8096648454666138,0.9994875192642212,0.9992755651473999
Brain,15,current_shared,Ungood/img/01537_84.png,1,0.8061532378196716,0.9981980919837952,0.9975296854972839
Brain,15,current_shared,Ungood/img/01537_92.png,1,0.8097875118255615,0.9959652423858643,0.9932044744491577
Brain,15,current_shared,Ungood/img/01541_60.png,1,0.8064640760421753,0.9997895359992981,0.9996989369392395
Brain,15,current_shared,Ungood/img/01541_68.png,1,0.7753812670707703,0.9984728693962097,0.997959554195404
Brain,15,current_shared,Ungood/img/01541_76.png,1,0.8105738759040833,0.9910954236984253,0.9882881045341492
Brain,15,current_shared,Ungood/img/01541_84.png,1,0.8085051774978638,0.9933492541313171,0.98989337682724
Brain,15,current_shared,Ungood/img/01541_92.png,1,0.8108595609664917,0.9945610165596008,0.9897754192352295
Brain,15,current_shared,Ungood/img/01542_60.png,1,0.8224149942398071,0.995952844619751,0.995236873626709
Brain,15,current_shared,Ungood/img/01542_68.png,1,0.8156314492225647,0.9826416969299316,0.9751031398773193
Brain,15,current_shared,Ungood/img/01542_76.png,1,0.8174476027488708,0.9949802756309509,0.9916167259216309
Brain,15,current_shared,Ungood/img/01542_84.png,1,0.8021668195724487,0.9841933846473694,0.9779344797134399
Brain,15,current_shared,Ungood/img/01542_92.png,1,0.8214184641838074,0.9949290752410889,0.9904906153678894
Brain,15,current_shared,Ungood/img/01544_60.png,1,0.822698712348938,0.9975178241729736,0.9899967908859253
Brain,15,current_shared,Ungood/img/01544_68.png,1,0.8121445775032043,0.9638957381248474,0.8578411936759949
Brain,15,current_shared,Ungood/img/01544_76.png,1,0.8092978596687317,0.986790120601654,0.9544847011566162
Brain,15,current_shared,Ungood/img/01544_84.png,1,0.8029258251190186,0.9873046278953552,0.9804061651229858
Brain,15,current_shared,Ungood/img/01544_92.png,1,0.8044233322143555,0.6327650547027588,0.407153844833374
Brain,15,current_shared,Ungood/img/01546_60.png,1,0.8006571531295776,0.9995612502098083,0.9992421865463257
Brain,15,current_shared,Ungood/img/01546_68.png,1,0.8035750985145569,0.9983465671539307,0.9971940517425537
Brain,15,current_shared,Ungood/img/01546_76.png,1,0.7782071828842163,0.9854950904846191,0.948160707950592
Brain,15,current_shared,Ungood/img/01546_84.png,1,0.7782149314880371,0.6485525369644165,0.5095882415771484
Brain,15,current_shared,Ungood/img/01546_92.png,1,0.806762158870697,0.993597149848938,0.9915242195129395
Brain,15,current_shared,Ungood/img/01547_60.png,1,0.7187071442604065,0.9990148544311523,0.9982775449752808
Brain,15,current_shared,Ungood/img/01547_68.png,1,0.6861281394958496,0.15520185232162476,0.04279095679521561
Brain,15,current_shared,Ungood/img/01547_76.png,1,0.7026522755622864,0.20169681310653687,0.1173020675778389
Brain,15,current_shared,Ungood/img/01547_84.png,1,0.7960415482521057,0.8742184042930603,0.8159450888633728
Brain,15,current_shared,Ungood/img/01547_92.png,1,0.777894139289856,0.9742038249969482,0.9280717372894287
Brain,15,current_shared,Ungood/img/01552_60.png,1,0.7823626399040222,0.999038815498352,0.9984775185585022
Brain,15,current_shared,Ungood/img/01552_68.png,1,0.7661365866661072,0.9988163709640503,0.9980287551879883
Brain,15,current_shared,Ungood/img/01552_76.png,1,0.7884461879730225,0.9997184872627258,0.999312698841095
Brain,15,current_shared,Ungood/img/01552_84.png,1,0.8190754652023315,0.9995359182357788,0.9989139437675476
Brain,15,current_shared,Ungood/img/01552_92.png,1,0.7584937810897827,0.9939467310905457,0.9880035519599915
Brain,15,current_shared,Ungood/img/01553_60.png,1,0.7943511009216309,0.9920435547828674,0.9885284900665283
Brain,15,current_shared,Ungood/img/01553_68.png,1,0.7778366804122925,0.9707796573638916,0.9653877019882202
Brain,15,current_shared,Ungood/img/01553_76.png,1,0.7823559045791626,0.9746145606040955,0.9472188949584961
Brain,15,current_shared,Ungood/img/01553_84.png,1,0.6994964480400085,0.011644990183413029,0.005857520271092653
Brain,15,current_shared,Ungood/img/01553_92.png,1,0.7896313071250916,0.948792040348053,0.8200773000717163
Brain,15,current_shared,Ungood/img/01554_60.png,1,0.8085848689079285,0.9991409778594971,0.998574435710907
Brain,15,current_shared,Ungood/img/01554_68.png,1,0.7318887710571289,0.9993951320648193,0.9990659952163696
Brain,15,current_shared,Ungood/img/01554_76.png,1,0.7793115973472595,0.9970205426216125,0.9950321316719055
Brain,15,current_shared,Ungood/img/01554_84.png,1,0.7964740991592407,0.9990938901901245,0.9987685680389404
Brain,15,current_shared,Ungood/img/01554_92.png,1,0.8116920590400696,0.9994878768920898,0.9990118741989136
Brain,15,current_shared,Ungood/img/01558_60.png,1,0.7505452036857605,0.9951991438865662,0.9935900568962097
Brain,15,current_shared,Ungood/img/01558_68.png,1,0.8031628727912903,0.943828284740448,0.923955500125885
Brain,15,current_shared,Ungood/img/01558_76.png,1,0.7764537930488586,0.8521433472633362,0.5483371019363403
Brain,15,current_shared,Ungood/img/01558_84.png,1,0.7935708165168762,0.9907978773117065,0.9813001751899719
Brain,15,current_shared,Ungood/img/01558_92.png,1,0.47732892632484436,0.00011510391777846962,6.609323463635519e-05
Brain,15,current_shared,Ungood/img/01562_60.png,1,0.8163352608680725,0.9999097585678101,0.9998477101325989
Brain,15,current_shared,Ungood/img/01562_68.png,1,0.7903205156326294,0.9903440475463867,0.9656022787094116
Brain,15,current_shared,Ungood/img/01562_76.png,1,0.7369760870933533,0.9686011672019958,0.9053133726119995
Brain,15,current_shared,Ungood/img/01562_84.png,1,0.8106271624565125,0.99908447265625,0.9982854723930359
Brain,15,current_shared,Ungood/img/01562_92.png,1,0.7990036010742188,0.9977890253067017,0.9954373836517334
Brain,15,current_shared,Ungood/img/01564_60.png,1,0.8184942007064819,0.9976581335067749,0.9962645769119263
Brain,15,current_shared,Ungood/img/01564_68.png,1,0.8106685280799866,0.9825098514556885,0.9686582088470459
Brain,15,current_shared,Ungood/img/01564_76.png,1,0.810563325881958,0.9906259775161743,0.9817534685134888
Brain,15,current_shared,Ungood/img/01564_84.png,1,0.8115443587303162,0.985435426235199,0.9729558229446411
Brain,15,current_shared,Ungood/img/01564_92.png,1,0.8115209937095642,0.42744582891464233,0.12898725271224976
Brain,15,current_shared,Ungood/img/01565_60.png,1,0.7999428510665894,0.9838767647743225,0.9255728721618652
Brain,15,current_shared,Ungood/img/01565_68.png,1,0.8136209845542908,0.9891897439956665,0.9629914164543152
Brain,15,current_shared,Ungood/img/01565_76.png,1,0.8159018754959106,0.9011458158493042,0.8433111906051636
Brain,15,current_shared,Ungood/img/01565_84.png,1,0.8135628700256348,0.9535431265830994,0.9021421670913696
Brain,15,current_shared,Ungood/img/01565_92.png,1,0.7924692630767822,0.9340717792510986,0.8908476829528809
Brain,15,current_shared,Ungood/img/01567_60.png,1,0.791485607624054,0.999254047870636,0.9984546899795532
Brain,15,current_shared,Ungood/img/01567_68.png,1,0.7639836668968201,0.9919165968894958,0.9780539274215698
Brain,15,current_shared,Ungood/img/01567_76.png,1,0.7942061424255371,0.5428741574287415,0.44756925106048584
Brain,15,current_shared,Ungood/img/01567_84.png,1,0.7906919121742249,0.9888871312141418,0.9813711047172546
Brain,15,current_shared,Ungood/img/01567_92.png,1,0.5209502577781677,0.058977507054805756,0.013527453877031803
Brain,15,current_shared,Ungood/img/01568_60.png,1,0.8025781512260437,0.9984373450279236,0.9979697465896606
Brain,15,current_shared,Ungood/img/01568_68.png,1,0.8137061595916748,0.9979413151741028,0.9960320591926575
Brain,15,current_shared,Ungood/img/01568_76.png,1,0.8116061091423035,0.995274543762207,0.9902215600013733
Brain,15,current_shared,Ungood/img/01568_84.png,1,0.8153516054153442,0.980154812335968,0.9687685370445251
Brain,15,current_shared,Ungood/img/01568_92.png,1,0.7932841777801514,0.75859135389328,0.614251971244812
Brain,15,current_shared,Ungood/img/01569_60.png,1,0.7342814803123474,0.9989007711410522,0.9978975057601929
Brain,15,current_shared,Ungood/img/01569_68.png,1,0.7747020125389099,0.9986477494239807,0.997962474822998
Brain,15,current_shared,Ungood/img/01569_76.png,1,0.8031082153320312,0.9975622892379761,0.9960290193557739
Brain,15,current_shared,Ungood/img/01569_84.png,1,0.7921096682548523,0.9965406060218811,0.9955409169197083
Brain,15,current_shared,Ungood/img/01569_92.png,1,0.7965521812438965,0.9992135763168335,0.9988502264022827
Brain,15,current_shared,Ungood/img/01573_60.png,1,0.7885866761207581,0.9646223783493042,0.9408166408538818
Brain,15,current_shared,Ungood/img/01573_68.png,1,0.818428635597229,0.9646565318107605,0.9506219029426575
Brain,15,current_shared,Ungood/img/01573_76.png,1,0.8155673742294312,0.9886675477027893,0.9765467047691345
Brain,15,current_shared,Ungood/img/01573_84.png,1,0.8104355931282043,0.9972655773162842,0.9935685992240906
Brain,15,current_shared,Ungood/img/01573_92.png,1,0.8189047574996948,0.9958794116973877,0.9816379547119141
Brain,15,current_shared,Ungood/img/01574_60.png,1,0.8148623108863831,0.9998327493667603,0.999669075012207
Brain,15,current_shared,Ungood/img/01574_68.png,1,0.811465322971344,0.9896224737167358,0.980995237827301
Brain,15,current_shared,Ungood/img/01574_76.png,1,0.7787882685661316,0.991018533706665,0.9878053665161133
Brain,15,current_shared,Ungood/img/01574_84.png,1,0.8027216196060181,0.9652755260467529,0.8637349009513855
Brain,15,current_shared,Ungood/img/01574_92.png,1,0.5076330900192261,0.03705069050192833,0.01405072957277298
Brain,15,current_shared,Ungood/img/01575_60.png,1,0.8104475736618042,0.994889497756958,0.986288845539093
Brain,15,current_shared,Ungood/img/01575_68.png,1,0.8152961134910583,0.993425726890564,0.9915045499801636
Brain,15,current_shared,Ungood/img/01575_76.png,1,0.8136427402496338,0.9353209137916565,0.8904724717140198
Brain,15,current_shared,Ungood/img/01575_84.png,1,0.8240206837654114,0.9951412677764893,0.988116979598999
Brain,15,current_shared,Ungood/img/01575_92.png,1,0.8155841827392578,0.9914448857307434,0.9849631786346436
Brain,15,current_shared,Ungood/img/01576_60.png,1,0.8117943406105042,0.997188150882721,0.9931701421737671
Brain,15,current_shared,Ungood/img/01576_68.png,1,0.81214439868927,0.9914854168891907,0.9798809885978699
Brain,15,current_shared,Ungood/img/01576_76.png,1,0.8092025518417358,0.9975473284721375,0.9942753314971924
Brain,15,current_shared,Ungood/img/01576_84.png,1,0.8133748173713684,0.9973795413970947,0.991538941860199
Brain,15,current_shared,Ungood/img/01576_92.png,1,0.8101081252098083,0.9970550537109375,0.9889734983444214
Brain,15,current_shared,Ungood/img/01578_60.png,1,0.7505500316619873,0.994408130645752,0.9851347208023071
Brain,15,current_shared,Ungood/img/01578_68.png,1,0.7494752407073975,0.8990578651428223,0.8398538827896118
Brain,15,current_shared,Ungood/img/01578_76.png,1,0.8084715008735657,0.9812743067741394,0.974332869052887
Brain,15,current_shared,Ungood/img/01578_84.png,1,0.8042382001876831,0.9859387278556824,0.9628325700759888
Brain,15,current_shared,Ungood/img/01578_92.png,1,0.7892746925354004,0.8256591558456421,0.7438601851463318
Brain,15,current_shared,Ungood/img/01581_60.png,1,0.794532835483551,0.9912546873092651,0.9782240390777588
Brain,15,current_shared,Ungood/img/01581_68.png,1,0.7825589776039124,0.9498379826545715,0.9152735471725464
Brain,15,current_shared,Ungood/img/01581_76.png,1,0.8113853335380554,0.9659394025802612,0.9422143697738647
Brain,15,current_shared,Ungood/img/01581_84.png,1,0.79642254114151,0.9472923278808594,0.8975062370300293
Brain,15,current_shared,Ungood/img/01581_92.png,1,0.7973581552505493,0.786068856716156,0.617723822593689
Brain,15,current_shared,Ungood/img/01582_60.png,1,0.773247241973877,0.9989578723907471,0.9982426166534424
Brain,15,current_shared,Ungood/img/01582_68.png,1,0.8175883889198303,0.8817407488822937,0.701334536075592
Brain,15,current_shared,Ungood/img/01582_76.png,1,0.815184473991394,0.9182413816452026,0.728377640247345
Brain,15,current_shared,Ungood/img/01582_84.png,1,0.818934977054596,0.987496018409729,0.882796585559845
Brain,15,current_shared,Ungood/img/01582_92.png,1,0.8129590153694153,0.8424585461616516,0.5734761357307434
Brain,15,current_shared,Ungood/img/01583_60.png,1,0.7266251444816589,0.9985589385032654,0.996055006980896
Brain,15,current_shared,Ungood/img/01583_68.png,1,0.7960843443870544,0.9929139614105225,0.9873996376991272
Brain,15,current_shared,Ungood/img/01583_76.png,1,0.8111280798912048,0.9984869956970215,0.9975444078445435
Brain,15,current_shared,Ungood/img/01583_84.png,1,0.7959831953048706,0.9997177720069885,0.9994418621063232
Brain,15,current_shared,Ungood/img/01583_92.png,1,0.7978488206863403,0.9982512593269348,0.9978218674659729
Brain,15,current_shared,Ungood/img/01584_60.png,1,0.7407942414283752,0.9997853636741638,0.9996770024299622
Brain,15,current_shared,Ungood/img/01584_68.png,1,0.7890260815620422,0.999052107334137,0.9985873103141785
Brain,15,current_shared,Ungood/img/01584_76.png,1,0.5442886352539062,0.9731369614601135,0.9487048387527466
Brain,15,current_shared,Ungood/img/01584_84.png,1,0.8123255968093872,0.9972414970397949,0.9963644742965698
Brain,15,current_shared,Ungood/img/01584_92.png,1,0.7910004258155823,0.9936144351959229,0.9891498684883118
Brain,15,current_shared,Ungood/img/01587_60.png,1,0.8065688610076904,0.9975027441978455,0.9963674545288086
Brain,15,current_shared,Ungood/img/01587_68.png,1,0.8172132968902588,0.9896867871284485,0.9883256554603577
Brain,15,current_shared,Ungood/img/01587_76.png,1,0.8153402209281921,0.9936484694480896,0.9922356009483337
Brain,15,current_shared,Ungood/img/01587_84.png,1,0.8099536299705505,0.990180253982544,0.9855183959007263
Brain,15,current_shared,Ungood/img/01587_92.png,1,0.8104195594787598,0.9959075450897217,0.9945932626724243
Brain,15,current_shared,Ungood/img/01590_60.png,1,0.8039147853851318,0.9908543825149536,0.9842928051948547
Brain,15,current_shared,Ungood/img/01590_68.png,1,0.8166112303733826,0.8529305458068848,0.5512322187423706
Brain,15,current_shared,Ungood/img/01590_76.png,1,0.8096854090690613,0.9719860553741455,0.9375914931297302
Brain,15,current_shared,Ungood/img/01590_84.png,1,0.8130829930305481,0.9905815124511719,0.9704679250717163
Brain,15,current_shared,Ungood/img/01590_92.png,1,0.8087860941886902,0.9976708292961121,0.981148898601532
Brain,15,current_shared,Ungood/img/01593_60.png,1,0.783799946308136,0.9894258975982666,0.9617470502853394
Brain,15,current_shared,Ungood/img/01593_68.png,1,0.809485912322998,0.9890901446342468,0.9832007884979248
Brain,15,current_shared,Ungood/img/01593_76.png,1,0.8037216663360596,0.9961150884628296,0.993867814540863
Brain,15,current_shared,Ungood/img/01593_84.png,1,0.7843115925788879,0.9616835713386536,0.9506478309631348
Brain,15,current_shared,Ungood/img/01593_92.png,1,0.8105725646018982,0.9909487366676331,0.9846311807632446
Brain,15,current_shared,Ungood/img/01595_60.png,1,0.7125540375709534,0.976407527923584,0.954879105091095
Brain,15,current_shared,Ungood/img/01595_68.png,1,0.7898984551429749,0.9866907596588135,0.9764003157615662
Brain,15,current_shared,Ungood/img/01595_76.png,1,0.8002322912216187,0.9923518300056458,0.978875458240509
Brain,15,current_shared,Ungood/img/01595_84.png,1,0.8012920618057251,0.9971268773078918,0.9926292300224304
Brain,15,current_shared,Ungood/img/01595_92.png,1,0.7903279662132263,0.9667150378227234,0.9150480628013611
Brain,15,current_shared,Ungood/img/01596_60.png,1,0.709222674369812,0.9984315037727356,0.9977923631668091
Brain,15,current_shared,Ungood/img/01596_68.png,1,0.6937156915664673,0.9920737743377686,0.9878870248794556
Brain,15,current_shared,Ungood/img/01596_76.png,1,0.7097772359848022,0.9484109878540039,0.8691636323928833
Brain,15,current_shared,Ungood/img/01596_84.png,1,0.8080469965934753,0.9750716686248779,0.9669677019119263
Brain,15,current_shared,Ungood/img/01596_92.png,1,0.8021063804626465,0.9972425699234009,0.9928529858589172
Brain,15,current_shared,Ungood/img/01597_60.png,1,0.8152087926864624,0.9991831183433533,0.9986947178840637
Brain,15,current_shared,Ungood/img/01597_68.png,1,0.7428898811340332,0.9981766939163208,0.996623158454895
Brain,15,current_shared,Ungood/img/01597_76.png,1,0.6218277812004089,0.7685000896453857,0.5089279413223267
Brain,15,current_shared,Ungood/img/01597_84.png,1,0.6903429627418518,0.8980749249458313,0.8341994285583496
Brain,15,current_shared,Ungood/img/01597_92.png,1,0.7617385983467102,0.9853954911231995,0.9777217507362366
Brain,15,current_shared,Ungood/img/01598_60.png,1,0.8063490986824036,0.9994624257087708,0.9991646409034729
Brain,15,current_shared,Ungood/img/01598_68.png,1,0.8007211685180664,0.9981776475906372,0.9954817891120911
Brain,15,current_shared,Ungood/img/01598_76.png,1,0.8158962726593018,0.9992538094520569,0.9982200860977173
Brain,15,current_shared,Ungood/img/01598_84.png,1,0.8193560838699341,0.9993915557861328,0.998862624168396
Brain,15,current_shared,Ungood/img/01598_92.png,1,0.8170351982116699,0.9987917542457581,0.9982438087463379
Brain,15,current_shared,Ungood/img/01601_60.png,1,0.780472993850708,0.9998179078102112,0.9996623396873474
Brain,15,current_shared,Ungood/img/01601_68.png,1,0.8125806450843811,0.9995265007019043,0.9990123510360718
Brain,15,current_shared,Ungood/img/01601_76.png,1,0.8131620287895203,0.9996588230133057,0.9993477463722229
Brain,15,current_shared,Ungood/img/01601_84.png,1,0.8115827441215515,0.9994577765464783,0.9988242387771606
Brain,15,current_shared,Ungood/img/01601_92.png,1,0.8181715607643127,0.9974973797798157,0.9893922805786133
Brain,15,current_shared,Ungood/img/01602_60.png,1,0.8044175505638123,0.9947852492332458,0.9925299882888794
Brain,15,current_shared,Ungood/img/01602_68.png,1,0.8145957589149475,0.9759519100189209,0.9657735824584961
Brain,15,current_shared,Ungood/img/01602_76.png,1,0.8137108683586121,0.9965251088142395,0.9943482279777527
Brain,15,current_shared,Ungood/img/01602_84.png,1,0.8084756731987,0.9969167709350586,0.9938399195671082
Brain,15,current_shared,Ungood/img/01602_92.png,1,0.8176920413970947,0.6170051693916321,0.37410837411880493
Brain,15,current_shared,Ungood/img/01603_60.png,1,0.8098264336585999,0.9997960925102234,0.9997043013572693
Brain,15,current_shared,Ungood/img/01603_68.png,1,0.8207420706748962,0.9984163045883179,0.9979528188705444
Brain,15,current_shared,Ungood/img/01603_76.png,1,0.816024124622345,0.9921649694442749,0.9855543971061707
Brain,15,current_shared,Ungood/img/01603_84.png,1,0.8169552683830261,0.9978596568107605,0.9953500628471375
Brain,15,current_shared,Ungood/img/01603_92.png,1,0.8154857754707336,0.9856853485107422,0.9702197909355164
Brain,15,current_shared,Ungood/img/01605_60.png,1,0.7879332304000854,0.9996544122695923,0.9994524121284485
Brain,15,current_shared,Ungood/img/01605_68.png,1,0.7788340449333191,0.9950414299964905,0.99197918176651
Brain,15,current_shared,Ungood/img/01605_76.png,1,0.8117475509643555,0.9939472675323486,0.9918575882911682
Brain,15,current_shared,Ungood/img/01605_84.png,1,0.8030335903167725,0.9675260782241821,0.9516712427139282
Brain,15,current_shared,Ungood/img/01605_92.png,1,0.8031352758407593,0.9823020696640015,0.9758615493774414
Brain,15,current_shared,Ungood/img/01606_60.png,1,0.762326717376709,0.9893531799316406,0.9566993117332458
Brain,15,current_shared,Ungood/img/01606_68.png,1,0.5213768482208252,0.008414600975811481,0.0031969596166163683
Brain,15,current_shared,Ungood/img/01606_76.png,1,0.520402729511261,0.06367231905460358,0.02428615465760231
Brain,15,current_shared,Ungood/img/01606_84.png,1,0.5152694582939148,0.0002796300104819238,0.000196586741367355
Brain,15,current_shared,Ungood/img/01606_92.png,1,0.5153340101242065,0.0001244215527549386,6.979278259677812e-05
Brain,15,current_shared,Ungood/img/01608_60.png,1,0.8082656860351562,0.9994764924049377,0.9989867210388184
Brain,15,current_shared,Ungood/img/01608_68.png,1,0.8016157150268555,0.9933205842971802,0.9815089106559753
Brain,15,current_shared,Ungood/img/01608_76.png,1,0.816119372844696,0.997215747833252,0.9944781064987183
Brain,15,current_shared,Ungood/img/01608_84.png,1,0.8109769821166992,0.9983561635017395,0.996980607509613
Brain,15,current_shared,Ungood/img/01608_92.png,1,0.8105069994926453,0.9988190531730652,0.9968882203102112
Brain,15,current_shared,Ungood/img/01609_60.png,1,0.8118268251419067,0.991939127445221,0.9897531867027283
Brain,15,current_shared,Ungood/img/01609_68.png,1,0.8105166554450989,0.9796791076660156,0.9549145698547363
Brain,15,current_shared,Ungood/img/01609_76.png,1,0.8144290447235107,0.9918421506881714,0.986822783946991
Brain,15,current_shared,Ungood/img/01609_84.png,1,0.8125131726264954,0.9989733695983887,0.9978955984115601
Brain,15,current_shared,Ungood/img/01609_92.png,1,0.805944561958313,0.9937591552734375,0.9901304841041565
Brain,15,current_shared,Ungood/img/01612_60.png,1,0.7785483598709106,0.9996567964553833,0.999530553817749
Brain,15,current_shared,Ungood/img/01612_68.png,1,0.8029678463935852,0.9989221096038818,0.9984614849090576
Brain,15,current_shared,Ungood/img/01612_76.png,1,0.8144744634628296,0.9977566599845886,0.9961050152778625
Brain,15,current_shared,Ungood/img/01612_84.png,1,0.8120830059051514,0.9951879978179932,0.9841564893722534
Brain,15,current_shared,Ungood/img/01612_92.png,1,0.8036558628082275,0.694244384765625,0.3258136808872223
Brain,15,current_shared,Ungood/img/01613_60.png,1,0.7457870244979858,0.9528908729553223,0.9235152006149292
Brain,15,current_shared,Ungood/img/01613_68.png,1,0.8111098408699036,0.9989383816719055,0.9982502460479736
Brain,15,current_shared,Ungood/img/01613_76.png,1,0.8077380061149597,0.9833330512046814,0.9728770852088928
Brain,15,current_shared,Ungood/img/01613_84.png,1,0.796526312828064,0.9992303848266602,0.9989288449287415
Brain,15,current_shared,Ungood/img/01613_92.png,1,0.796244740486145,0.9937382936477661,0.9917019605636597
Brain,15,current_shared,Ungood/img/01619_60.png,1,0.819510281085968,0.9954955577850342,0.9909356832504272
Brain,15,current_shared,Ungood/img/01619_68.png,1,0.8142869472503662,0.954435408115387,0.9187672138214111
Brain,15,current_shared,Ungood/img/01619_76.png,1,0.7880758047103882,0.9772818088531494,0.9668980240821838
Brain,15,current_shared,Ungood/img/01619_84.png,1,0.8147302269935608,0.9980960488319397,0.996947169303894
Brain,15,current_shared,Ungood/img/01619_92.png,1,0.8039989471435547,0.9968461394309998,0.9944433569908142
Brain,15,current_shared,Ungood/img/01621_60.png,1,0.7978926301002502,0.9993440508842468,0.9986164569854736
Brain,15,current_shared,Ungood/img/01621_68.png,1,0.8106984496116638,0.9983628392219543,0.997429609298706
Brain,15,current_shared,Ungood/img/01621_76.png,1,0.7956658601760864,0.9927444458007812,0.9903304576873779
Brain,15,current_shared,Ungood/img/01621_84.png,1,0.8070813417434692,0.9843862652778625,0.9703041911125183
Brain,15,current_shared,Ungood/img/01621_92.png,1,0.6744593381881714,0.016124330461025238,0.007163345813751221
Brain,15,current_shared,Ungood/img/01625_60.png,1,0.7922049760818481,0.9973032474517822,0.9961179494857788
Brain,15,current_shared,Ungood/img/01625_68.png,1,0.8054214715957642,0.9985771179199219,0.9973950386047363
Brain,15,current_shared,Ungood/img/01625_76.png,1,0.7780130505561829,0.9965873956680298,0.9957275390625
Brain,15,current_shared,Ungood/img/01625_84.png,1,0.8046339154243469,0.9993196725845337,0.9991062879562378
Brain,15,current_shared,Ungood/img/01625_92.png,1,0.7662103176116943,0.9974038004875183,0.9967177510261536
Brain,15,current_shared,Ungood/img/01627_60.png,1,0.8163273334503174,0.9988006353378296,0.998464822769165
Brain,15,current_shared,Ungood/img/01627_68.png,1,0.7954589128494263,0.9989863038063049,0.9971888661384583
Brain,15,current_shared,Ungood/img/01627_76.png,1,0.8229241371154785,0.9973908066749573,0.996674656867981
Brain,15,current_shared,Ungood/img/01627_84.png,1,0.8224096298217773,0.9995970129966736,0.9994022250175476
Brain,15,current_shared,Ungood/img/01627_92.png,1,0.807914137840271,0.9984431862831116,0.998011589050293
Brain,15,current_shared,Ungood/img/01632_60.png,1,0.7527567744255066,0.9991984963417053,0.9990072250366211
Brain,15,current_shared,Ungood/img/01632_68.png,1,0.7746726870536804,0.9988435506820679,0.9962519407272339
Brain,15,current_shared,Ungood/img/01632_76.png,1,0.7946577072143555,0.9964654445648193,0.9942101240158081
Brain,15,current_shared,Ungood/img/01632_84.png,1,0.8077828288078308,0.9973099231719971,0.9951491355895996
Brain,15,current_shared,Ungood/img/01632_92.png,1,0.8151872754096985,0.8584957718849182,0.791013240814209
Brain,15,current_shared,Ungood/img/01634_60.png,1,0.803097128868103,0.999911904335022,0.9998725056648254
Brain,15,current_shared,Ungood/img/01634_68.png,1,0.8179797530174255,0.9991602897644043,0.9985486268997192
Brain,15,current_shared,Ungood/img/01634_76.png,1,0.81535404920578,0.9952927827835083,0.9931026697158813
Brain,15,current_shared,Ungood/img/01634_84.png,1,0.8140764236450195,0.9849550724029541,0.9640938639640808
Brain,15,current_shared,Ungood/img/01634_92.png,1,0.8131395578384399,0.9977051615715027,0.9925504326820374
Brain,15,current_shared,Ungood/img/01636_60.png,1,0.8093723654747009,0.9992961883544922,0.9982975721359253
Brain,15,current_shared,Ungood/img/01636_68.png,1,0.8035323023796082,0.12264294177293777,0.025798732414841652
Brain,15,current_shared,Ungood/img/01636_76.png,1,0.8124398589134216,0.171661376953125,0.07540719956159592
Brain,15,current_shared,Ungood/img/01636_84.png,1,0.787253201007843,0.29228758811950684,0.1067042127251625
Brain,15,current_shared,Ungood/img/01636_92.png,1,0.8045212030410767,0.9890666007995605,0.9734464287757874
Brain,15,current_shared,Ungood/img/01639_60.png,1,0.7755364775657654,0.9950522780418396,0.9868883490562439
Brain,15,current_shared,Ungood/img/01639_68.png,1,0.7831399440765381,0.9277088642120361,0.902557909488678
Brain,15,current_shared,Ungood/img/01639_76.png,1,0.7611890435218811,0.9597797989845276,0.932414710521698
Brain,15,current_shared,Ungood/img/01639_84.png,1,0.7297510504722595,0.919181764125824,0.7590143084526062
Brain,15,current_shared,Ungood/img/01639_92.png,1,0.7612693309783936,0.9715364575386047,0.9391797184944153
Brain,15,current_shared,Ungood/img/01640_60.png,1,0.8156954646110535,0.9872574210166931,0.9795379638671875
Brain,15,current_shared,Ungood/img/01640_68.png,1,0.7597939968109131,0.8459240198135376,0.7915418148040771
Brain,15,current_shared,Ungood/img/01640_76.png,1,0.8098013401031494,0.8178034424781799,0.6190202832221985
Brain,15,current_shared,Ungood/img/01640_84.png,1,0.8080571889877319,0.9066208004951477,0.6613473296165466
Brain,15,current_shared,Ungood/img/01640_92.png,1,0.8045679330825806,0.3514801263809204,0.0910119041800499
Brain,15,current_shared,Ungood/img/01641_60.png,1,0.7843440175056458,0.9995062351226807,0.999193012714386
Brain,15,current_shared,Ungood/img/01641_68.png,1,0.8174523711204529,0.9966360330581665,0.9915598034858704
Brain,15,current_shared,Ungood/img/01641_76.png,1,0.8165177702903748,0.9975748658180237,0.9959465861320496
Brain,15,current_shared,Ungood/img/01641_84.png,1,0.8024623990058899,0.9967047572135925,0.993405818939209
Brain,15,current_shared,Ungood/img/01641_92.png,1,0.821509063243866,0.9952223896980286,0.9877457618713379
Brain,15,current_shared,Ungood/img/01642_60.png,1,0.7717763781547546,0.998672366142273,0.9974430799484253
Brain,15,current_shared,Ungood/img/01642_68.png,1,0.811850368976593,0.9978598952293396,0.9903879165649414
Brain,15,current_shared,Ungood/img/01642_76.png,1,0.8028874397277832,0.9907586574554443,0.9758697748184204
Brain,15,current_shared,Ungood/img/01642_84.png,1,0.800728976726532,0.9847654104232788,0.9764153361320496
Brain,15,current_shared,Ungood/img/01642_92.png,1,0.7964403033256531,0.947851300239563,0.897325336933136
Brain,15,current_shared,Ungood/img/01645_60.png,1,0.7910125851631165,0.9998075366020203,0.9996517896652222
Brain,15,current_shared,Ungood/img/01645_68.png,1,0.8063920736312866,0.9995656609535217,0.9993924498558044
Brain,15,current_shared,Ungood/img/01645_76.png,1,0.8074570298194885,0.9986572265625,0.9977622032165527
Brain,15,current_shared,Ungood/img/01645_84.png,1,0.8058571815490723,0.9994438290596008,0.9990015029907227
Brain,15,current_shared,Ungood/img/01645_92.png,1,0.7209310531616211,0.9960577487945557,0.99300616979599
Brain,15,current_shared,Ungood/img/01646_60.png,1,0.8167949318885803,0.999828577041626,0.9997467994689941
Brain,15,current_shared,Ungood/img/01646_68.png,1,0.8031867742538452,0.9986440539360046,0.997596263885498
Brain,15,current_shared,Ungood/img/01646_76.png,1,0.8071475625038147,0.9971407651901245,0.9957380890846252
Brain,15,current_shared,Ungood/img/01646_84.png,1,0.8023691177368164,0.9970970153808594,0.9924616813659668
Brain,15,current_shared,Ungood/img/01646_92.png,1,0.511326253414154,0.11570862680673599,0.0562388151884079
Brain,15,current_shared,Ungood/img/01647_60.png,1,0.8143676519393921,0.9996737241744995,0.9995797872543335
Brain,15,current_shared,Ungood/img/01647_68.png,1,0.730224609375,0.9856564998626709,0.9811674356460571
Brain,15,current_shared,Ungood/img/01647_76.png,1,0.5340951085090637,0.0073998053558170795,0.004447631537914276
Brain,15,current_shared,Ungood/img/01647_84.png,1,0.8032285571098328,0.9724993109703064,0.8887571096420288
Brain,15,current_shared,Ungood/img/01647_92.png,1,0.5861700177192688,0.13435262441635132,0.038135044276714325
Brain,15,current_shared,Ungood/img/01648_60.png,1,0.7940415143966675,0.9999513626098633,0.9998946785926819
Brain,15,current_shared,Ungood/img/01648_68.png,1,0.8050835132598877,0.9980803728103638,0.9973148107528687
Brain,15,current_shared,Ungood/img/01648_76.png,1,0.8116431832313538,0.9947432279586792,0.9912554025650024
Brain,15,current_shared,Ungood/img/01648_84.png,1,0.805236279964447,0.9970842003822327,0.9948564767837524
Brain,15,current_shared,Ungood/img/01648_92.png,1,0.7988301515579224,0.9871477484703064,0.9814587831497192
Brain,15,current_shared,Ungood/img/01650_60.png,1,0.8209375739097595,0.9978377223014832,0.9953715205192566
Brain,15,current_shared,Ungood/img/01650_68.png,1,0.8118140697479248,0.9921154379844666,0.9882519841194153
Brain,15,current_shared,Ungood/img/01650_76.png,1,0.82320636510849,0.9976061582565308,0.9962136745452881
Brain,15,current_shared,Ungood/img/01650_84.png,1,0.8235329389572144,0.9977276921272278,0.9962112903594971
Brain,15,current_shared,Ungood/img/01650_92.png,1,0.8156940937042236,0.9956269264221191,0.9937397837638855
Brain,15,current_shared,Ungood/img/01653_60.png,1,0.8032490611076355,0.9544723033905029,0.8260113596916199
Brain,15,current_shared,Ungood/img/01653_68.png,1,0.7521119117736816,0.9976446032524109,0.9955739974975586
Brain,15,current_shared,Ungood/img/01653_76.png,1,0.7654604911804199,0.9974193572998047,0.9948315024375916
Brain,15,current_shared,Ungood/img/01653_84.png,1,0.8044362664222717,0.9988301396369934,0.9964471459388733
Brain,15,current_shared,Ungood/img/01653_92.png,1,0.6118296384811401,0.007351134438067675,0.0031452386174350977
Brain,15,current_shared,Ungood/img/01654_60.png,1,0.8177599906921387,0.9637126922607422,0.8239473104476929
Brain,15,current_shared,Ungood/img/01654_68.png,1,0.8244568705558777,0.9970454573631287,0.9887900948524475
Brain,15,current_shared,Ungood/img/01654_76.png,1,0.8185317516326904,0.9987075328826904,0.9965493083000183
Brain,15,current_shared,Ungood/img/01654_84.png,1,0.817075788974762,0.9913938641548157,0.9848678112030029
Brain,15,current_shared,Ungood/img/01654_92.png,1,0.8201280236244202,0.9865549802780151,0.9723225235939026
Brain,15,current_shared,Ungood/img/01655_60.png,1,0.8165230751037598,0.9969382286071777,0.9949067234992981
Brain,15,current_shared,Ungood/img/01655_68.png,1,0.8188096284866333,0.9987635612487793,0.9974930286407471
Brain,15,current_shared,Ungood/img/01655_76.png,1,0.81000155210495,0.9651658535003662,0.9429925084114075
Brain,15,current_shared,Ungood/img/01655_84.png,1,0.8157246708869934,0.9956756234169006,0.9939689636230469
Brain,15,current_shared,Ungood/img/01655_92.png,1,0.8197009563446045,0.9995298385620117,0.9990493059158325
Brain,15,current_shared,Ungood/img/01657_60.png,1,0.8102759122848511,0.9996856451034546,0.9995625019073486
Brain,15,current_shared,Ungood/img/01657_68.png,1,0.8143037557601929,0.9951934218406677,0.9919722676277161
Brain,15,current_shared,Ungood/img/01657_76.png,1,0.8111185431480408,0.9700759053230286,0.9439347982406616
Brain,15,current_shared,Ungood/img/01657_84.png,1,0.8120760321617126,0.9989172220230103,0.996256411075592
Brain,15,current_shared,Ungood/img/01657_92.png,1,0.8200958371162415,0.9927864670753479,0.9902369379997253
Brain,15,current_shared,Ungood/img/01658_60.png,1,0.8112587928771973,0.9996188879013062,0.9992509484291077
Brain,15,current_shared,Ungood/img/01658_68.png,1,0.7946060299873352,0.9986363053321838,0.9976115226745605
Brain,15,current_shared,Ungood/img/01658_76.png,1,0.8183297514915466,0.9985377788543701,0.9972105622291565
Brain,15,current_shared,Ungood/img/01658_84.png,1,0.783575177192688,0.9987673759460449,0.998207688331604
Brain,15,current_shared,Ungood/img/01658_92.png,1,0.8138079643249512,0.9989548921585083,0.9987424612045288
Brain,15,current_shared,Ungood/img/01659_60.png,1,0.8179917335510254,0.9994038343429565,0.9992008209228516
Brain,15,current_shared,Ungood/img/01659_68.png,1,0.7885545492172241,0.9997212290763855,0.9995909333229065
Brain,15,current_shared,Ungood/img/01659_76.png,1,0.7634305953979492,0.9987672567367554,0.9982833862304688
Brain,15,current_shared,Ungood/img/01659_84.png,1,0.8073927760124207,0.9987704157829285,0.9985740780830383
Brain,15,current_shared,Ungood/img/01659_92.png,1,0.7894060611724854,0.999110996723175,0.9986833333969116
Brain,15,current_shared,Ungood/img/01661_60.png,1,0.7928023934364319,0.9987033605575562,0.9980838298797607
Brain,15,current_shared,Ungood/img/01661_68.png,1,0.7962581515312195,0.999559223651886,0.9991129636764526
Brain,15,current_shared,Ungood/img/01661_76.png,1,0.7923280000686646,0.9991883635520935,0.9989646077156067
Brain,15,current_shared,Ungood/img/01661_84.png,1,0.8130179047584534,0.9938264489173889,0.9906706213951111
Brain,15,current_shared,Ungood/img/01661_92.png,1,0.8236498832702637,0.9996435642242432,0.9993963837623596
Brain,15,current_shared,Ungood/img/01664_60.png,1,0.8128947615623474,0.9881104230880737,0.9822031259536743
Brain,15,current_shared,Ungood/img/01664_68.png,1,0.8257348537445068,0.9747264385223389,0.9557491540908813
Brain,15,current_shared,Ungood/img/01664_76.png,1,0.8267874717712402,0.9937034249305725,0.9873749017715454
Brain,15,current_shared,Ungood/img/01664_84.png,1,0.8273583650588989,0.9984342455863953,0.9972499012947083
Brain,15,current_shared,Ungood/img/01664_92.png,1,0.8264614939689636,0.9853222370147705,0.9651570916175842
Brain,15,current_shared,Ungood/img/01665_60.png,1,0.776403546333313,0.9906781911849976,0.9860097765922546
Brain,15,current_shared,Ungood/img/01665_68.png,1,0.8259331583976746,0.9896440505981445,0.9856864809989929
Brain,15,current_shared,Ungood/img/01665_76.png,1,0.8140276670455933,0.9930599927902222,0.9913684725761414
Brain,15,current_shared,Ungood/img/01665_84.png,1,0.8169713616371155,0.9912145137786865,0.9871125221252441
Brain,15,current_shared,Ungood/img/01665_92.png,1,0.8145724534988403,0.9847094416618347,0.9755081534385681
Brain,15,current_shared,Ungood/img/01666_60.png,1,0.7812101244926453,0.9946505427360535,0.9915494918823242
Brain,15,current_shared,Ungood/img/01666_68.png,1,0.8093494772911072,0.9993150234222412,0.9990243315696716
Brain,15,current_shared,Ungood/img/01666_76.png,1,0.8148596286773682,0.9981379508972168,0.9966742992401123
Brain,15,current_shared,Ungood/img/01666_84.png,1,0.7629183530807495,0.9934501051902771,0.9815241098403931
Brain,15,current_shared,Ungood/img/01666_92.png,1,0.8104671239852905,0.9981951117515564,0.9970899820327759
Liver,15,current_shared,good/img/10_295.png,0,0.6478028893470764,4.809411984751932e-05,1.0469962035131175e-05
Liver,15,current_shared,good/img/10_296.png,0,0.6351717710494995,7.79517213231884e-05,1.5892430383246392e-05
Liver,15,current_shared,good/img/10_297.png,0,0.6434016823768616,3.500282036839053e-05,8.103676918835845e-06
Liver,15,current_shared,good/img/10_298.png,0,0.6759753823280334,0.0007567295106127858,0.0001330266532022506
Liver,15,current_shared,good/img/10_299.png,0,0.684897243976593,0.0033048747573047876,0.0007531921728514135
Liver,15,current_shared,good/img/10_300.png,0,0.6856191754341125,0.01995529606938362,0.003378738183528185
Liver,15,current_shared,good/img/10_301.png,0,0.7154553532600403,0.08828777074813843,0.015433035790920258
Liver,15,current_shared,good/img/10_302.png,0,0.6704524159431458,0.10244861245155334,0.02151125855743885
Liver,15,current_shared,good/img/10_303.png,0,0.3771197497844696,9.105505887418985e-05,3.3460364647908136e-05
Liver,15,current_shared,good/img/10_304.png,0,0.6017943024635315,0.004894821438938379,0.0013807991053909063
Liver,15,current_shared,good/img/10_306.png,0,0.3952571749687195,0.00010024527728091925,3.965134237660095e-05
Liver,15,current_shared,good/img/10_308.png,0,0.3948616087436676,1.7186179320560768e-05,9.013973794935737e-06
Liver,15,current_shared,good/img/10_309.png,0,0.3919239938259125,3.860057404381223e-06,2.078436409647111e-06
Liver,15,current_shared,good/img/10_310.png,0,0.39486056566238403,3.741607361007482e-05,1.5857040125411004e-05
Liver,15,current_shared,good/img/10_311.png,0,0.3828262388706207,2.2943429939914495e-05,1.0859921530936845e-05
Liver,15,current_shared,good/img/10_312.png,0,0.37485694885253906,3.887850198225351e-06,2.3111115297069773e-06
Liver,15,current_shared,good/img/10_313.png,0,0.3662918210029602,2.8487561394285876e-06,1.7943001466846908e-06
Liver,15,current_shared,good/img/10_314.png,0,0.37422671914100647,0.00017543317517265677,9.37233999138698e-05
Liver,15,current_shared,good/img/10_315.png,0,0.36411887407302856,5.207364210946253e-07,2.920907604675449e-07
Liver,15,current_shared,good/img/10_316.png,0,0.3651256561279297,6.950155579943385e-07,4.323076154832961e-07
Liver,15,current_shared,good/img/10_317.png,0,0.37236693501472473,9.254291057914088e-07,5.284562689666927e-07
Liver,15,current_shared,good/img/10_318.png,0,0.3845025897026062,4.510584858508082e-06,2.251950718346052e-06
Liver,15,current_shared,good/img/10_319.png,0,0.3678901493549347,1.3907892935094424e-06,9.167624170913768e-07
Liver,15,current_shared,good/img/10_320.png,0,0.37152156233787537,1.0221384627584484e-06,6.273994586081244e-07
Liver,15,current_shared,good/img/10_321.png,0,0.36550235748291016,4.2308042225158715e-07,2.8410235586306953e-07
Liver,15,current_shared,good/img/10_322.png,0,0.3662794828414917,4.909672952635447e-07,3.179831935540278e-07
Liver,15,current_shared,good/img/10_323.png,0,0.3678603172302246,1.3311399982285366e-07,8.922499006303042e-08
Liver,15,current_shared,good/img/10_324.png,0,0.3622034788131714,3.3720141345838783e-07,2.206358402645492e-07
Liver,15,current_shared,good/img/10_325.png,0,0.3745096027851105,4.5836429762857733e-07,2.769509137579007e-07
Liver,15,current_shared,good/img/10_326.png,0,0.37332263588905334,6.389054192368349e-07,3.2797697713249363e-07
Liver,15,current_shared,good/img/10_359.png,0,0.6496025323867798,0.012947161681950092,0.00708234217017889
Liver,15,current_shared,good/img/10_361.png,0,0.4096156358718872,0.0001208245157613419,8.152406371664256e-05
Liver,15,current_shared,good/img/10_362.png,0,0.7336506843566895,0.5826404094696045,0.31898215413093567
Liver,15,current_shared,good/img/10_364.png,0,0.7515215277671814,0.015347813256084919,0.007080028299242258
Liver,15,current_shared,good/img/10_365.png,0,0.5093967914581299,0.049436986446380615,0.018133658915758133
Liver,15,current_shared,good/img/10_389.png,0,0.7504639625549316,0.9794965386390686,0.9264235496520996
Liver,15,current_shared,good/img/10_390.png,0,0.7475026845932007,0.9852555990219116,0.9474935531616211
Liver,15,current_shared,good/img/10_391.png,0,0.7338347434997559,0.9205868244171143,0.7216362357139587
Liver,15,current_shared,good/img/10_392.png,0,0.685171902179718,0.442513644695282,0.16179892420768738
Liver,15,current_shared,good/img/10_393.png,0,0.7377468943595886,0.6742632985115051,0.34897199273109436
Liver,15,current_shared,good/img/10_394.png,0,0.7375911474227905,0.7372355461120605,0.39402860403060913
Liver,15,current_shared,good/img/10_395.png,0,0.5770339369773865,0.2608669400215149,0.08632459491491318
Liver,15,current_shared,good/img/10_396.png,0,0.7613770365715027,0.9980283379554749,0.9937289357185364
Liver,15,current_shared,good/img/10_397.png,0,0.7298918962478638,0.9970026612281799,0.9876323342323303
Liver,15,current_shared,good/img/10_398.png,0,0.6415186524391174,0.9612129330635071,0.8364716172218323
Liver,15,current_shared,good/img/10_399.png,0,0.7755284309387207,0.21714530885219574,0.09296592324972153
Liver,15,current_shared,good/img/10_402.png,0,0.7258897423744202,0.9977545142173767,0.9944280982017517
Liver,15,current_shared,good/img/10_403.png,0,0.7338183522224426,0.9983238577842712,0.9952601790428162
Liver,15,current_shared,good/img/10_404.png,0,0.7371708154678345,0.9964104294776917,0.9913155436515808
Liver,15,current_shared,good/img/10_405.png,0,0.7371731400489807,0.9968331456184387,0.9926565289497375
Liver,15,current_shared,good/img/10_406.png,0,0.48020514845848083,0.9958263039588928,0.9748693704605103
Liver,15,current_shared,good/img/10_407.png,0,0.4736614227294922,0.0837998241186142,0.0287888552993536
Liver,15,current_shared,good/img/10_408.png,0,0.698302149772644,0.9987357258796692,0.9962460994720459
Liver,15,current_shared,good/img/10_409.png,0,0.4928070306777954,0.42418330907821655,0.23225566744804382
Liver,15,current_shared,good/img/10_410.png,0,0.4349657893180847,0.018174748867750168,0.008524672128260136
Liver,15,current_shared,good/img/10_411.png,0,0.6115214824676514,0.47082048654556274,0.2857317626476288
Liver,15,current_shared,good/img/10_412.png,0,0.426349401473999,0.008400078862905502,0.004550632555037737
Liver,15,current_shared,good/img/10_413.png,0,0.6746095418930054,0.825881838798523,0.6581547260284424
Liver,15,current_shared,good/img/10_414.png,0,0.4322444200515747,0.04922529309988022,0.021421372890472412
Liver,15,current_shared,good/img/10_415.png,0,0.42927491664886475,0.06219010800123215,0.03252265974879265
Liver,15,current_shared,good/img/10_416.png,0,0.5979177355766296,0.9551261067390442,0.9100784063339233
Liver,15,current_shared,good/img/10_417.png,0,0.7262888550758362,0.8841527700424194,0.8221365809440613
Liver,15,current_shared,good/img/10_418.png,0,0.4359472990036011,0.0050017014145851135,0.0022406645584851503
Liver,15,current_shared,good/img/10_419.png,0,0.7467007637023926,0.9965541362762451,0.9931386113166809
Liver,15,current_shared,good/img/10_420.png,0,0.7715386748313904,0.9912432432174683,0.9812233448028564
Liver,15,current_shared,good/img/10_421.png,0,0.783309280872345,0.9950326681137085,0.9902068972587585
Liver,15,current_shared,good/img/10_422.png,0,0.7802658677101135,0.9819313287734985,0.9682027697563171
Liver,15,current_shared,good/img/10_423.png,0,0.7737961411476135,0.9942288398742676,0.9901413321495056
Liver,15,current_shared,good/img/10_424.png,0,0.7787752747535706,0.9971438050270081,0.9950506091117859
Liver,15,current_shared,good/img/10_425.png,0,0.7795503735542297,0.9992005228996277,0.9985799789428711
Liver,15,current_shared,good/img/10_436.png,0,0.7649155259132385,0.9943652153015137,0.9904387593269348
Liver,15,current_shared,good/img/10_437.png,0,0.7580602765083313,0.9978633522987366,0.9948827028274536
Liver,15,current_shared,good/img/10_438.png,0,0.7527562975883484,0.994712769985199,0.988403856754303
Liver,15,current_shared,good/img/10_439.png,0,0.7514579892158508,0.9763104915618896,0.9606051445007324
Liver,15,current_shared,good/img/10_440.png,0,0.7728762030601501,0.8022342920303345,0.7189176678657532
Liver,15,current_shared,good/img/10_441.png,0,0.7759230732917786,0.8495442271232605,0.8008687496185303
Liver,15,current_shared,good/img/10_442.png,0,0.7813876867294312,0.9037169218063354,0.8335948586463928
Liver,15,current_shared,good/img/10_444.png,0,0.7595636248588562,0.9198284149169922,0.8852193355560303
Liver,15,current_shared,good/img/10_445.png,0,0.7613247036933899,0.7504991888999939,0.5510910749435425
Liver,15,current_shared,good/img/10_446.png,0,0.7488390803337097,0.9564287662506104,0.8992873430252075
Liver,15,current_shared,good/img/10_447.png,0,0.7628092765808105,0.9407862424850464,0.8529332280158997
Liver,15,current_shared,good/img/10_448.png,0,0.7690115571022034,0.9554635882377625,0.893887996673584
Liver,15,current_shared,good/img/10_449.png,0,0.7741450071334839,0.9308605194091797,0.8667129874229431
Liver,15,current_shared,good/img/10_450.png,0,0.8121331930160522,0.9550122618675232,0.8947126269340515
Liver,15,current_shared,good/img/10_451.png,0,0.8102092146873474,0.9520668983459473,0.871742308139801
Liver,15,current_shared,good/img/10_452.png,0,0.7965384125709534,0.9865613579750061,0.947910726070404
Liver,15,current_shared,good/img/10_453.png,0,0.8040668964385986,0.9681167602539062,0.9095700979232788
Liver,15,current_shared,good/img/10_454.png,0,0.7961425185203552,0.9677390456199646,0.9159063100814819
Liver,15,current_shared,good/img/10_473.png,0,0.794097363948822,0.8117416501045227,0.2839493453502655
Liver,15,current_shared,good/img/10_475.png,0,0.6015257239341736,1.4388760973815806e-06,4.780799827130977e-07
Liver,15,current_shared,good/img/1_45.png,0,0.2886587083339691,1.3247187347076306e-08,9.015719726335192e-09
Liver,15,current_shared,good/img/1_48.png,0,0.4218250811100006,3.7657628126908094e-05,1.1188626558578108e-05
Liver,15,current_shared,good/img/1_50.png,0,0.4814460277557373,0.0017062803963199258,0.0005631008534692228
Liver,15,current_shared,good/img/1_51.png,0,0.7936121225357056,0.8961013555526733,0.652214527130127
Liver,15,current_shared,good/img/1_52.png,0,0.776297390460968,0.9600670337677002,0.7831567525863647
Liver,15,current_shared,good/img/1_53.png,0,0.7979791164398193,0.9429293870925903,0.841311514377594
Liver,15,current_shared,good/img/1_54.png,0,0.8013477921485901,0.9513862133026123,0.8251374959945679
Liver,15,current_shared,good/img/1_55.png,0,0.7882373332977295,0.9928760528564453,0.9852254986763
Liver,15,current_shared,good/img/1_73.png,0,0.6932777762413025,0.015108858235180378,0.002375417621806264
Liver,15,current_shared,good/img/2_334.png,0,0.6214218139648438,1.7844769217845169e-06,5.464959258461022e-07
Liver,15,current_shared,good/img/2_335.png,0,0.6560595035552979,4.281058136257343e-05,8.73220506036887e-06
Liver,15,current_shared,good/img/2_336.png,0,0.6551800966262817,0.00021750584710389376,4.0898998122429475e-05
Liver,15,current_shared,good/img/2_337.png,0,0.7060964703559875,0.0021781008690595627,0.00042309859418310225
Liver,15,current_shared,good/img/2_338.png,0,0.7135447263717651,0.0027514775283634663,0.00050059036584571
Liver,15,current_shared,good/img/2_339.png,0,0.7100973129272461,0.005606284365057945,0.0010866692755371332
Liver,15,current_shared,good/img/2_340.png,0,0.7334217429161072,0.020489705726504326,0.003720612498000264
Liver,15,current_shared,good/img/2_341.png,0,0.7502453923225403,0.07485140115022659,0.015010880306363106
Liver,15,current_shared,good/img/2_342.png,0,0.7533481121063232,0.3071669638156891,0.0678601786494255
Liver,15,current_shared,good/img/2_343.png,0,0.7759305834770203,0.13837455213069916,0.03577310964465141
Liver,15,current_shared,good/img/2_344.png,0,0.7546273469924927,0.29122427105903625,0.08500142395496368
Liver,15,current_shared,good/img/2_346.png,0,0.7730575799942017,0.05717196688055992,0.02204068750143051
Liver,15,current_shared,good/img/2_347.png,0,0.4344613254070282,8.736475137993693e-06,4.4453927330323495e-06
Liver,15,current_shared,good/img/2_348.png,0,0.39004722237586975,3.7829940424671804e-07,2.2288949708126893e-07
Liver,15,current_shared,good/img/2_349.png,0,0.39643731713294983,2.2404299215850187e-06,1.231520286637533e-06
Liver,15,current_shared,good/img/2_350.png,0,0.39847537875175476,1.3576557648775633e-05,5.118012268212624e-06
Liver,15,current_shared,good/img/2_351.png,0,0.3884999752044678,2.9117686608515214e-06,1.1070667369494913e-06
Liver,15,current_shared,good/img/2_352.png,0,0.39853334426879883,2.4259732072096085e-06,1.1140538163090241e-06
Liver,15,current_shared,good/img/2_353.png,0,0.37975823879241943,1.8822848346644605e-07,1.1566488922198914e-07
Liver,15,current_shared,good/img/2_354.png,0,0.38751429319381714,3.22851036571592e-07,1.8014503666563542e-07
Liver,15,current_shared,good/img/2_355.png,0,0.3914352059364319,2.4251103241113015e-06,1.3401323712969315e-06
Liver,15,current_shared,good/img/2_356.png,0,0.37931692600250244,3.355496573931305e-07,1.9803059103651321e-07
Liver,15,current_shared,good/img/2_357.png,0,0.3700348436832428,7.644662503025756e-08,5.118508639156971e-08
Liver,15,current_shared,good/img/2_358.png,0,0.38089555501937866,7.4644411540703e-08,5.725769725017926e-08
Liver,15,current_shared,good/img/2_359.png,0,0.37128564715385437,1.8331893159029278e-07,1.1595530224894901e-07
Liver,15,current_shared,good/img/2_360.png,0,0.38266003131866455,7.582588068544283e-07,4.8075639824674e-07
Liver,15,current_shared,good/img/2_361.png,0,0.3922998011112213,3.555652028808254e-06,2.382742650297587e-06
Liver,15,current_shared,good/img/2_362.png,0,0.7331182956695557,0.03627944365143776,0.012782556004822254
Liver,15,current_shared,good/img/2_363.png,0,0.6944406032562256,0.24361009895801544,0.1431986540555954
Liver,15,current_shared,good/img/2_364.png,0,0.397686630487442,6.808652983636421e-07,3.610707892676146e-07
Liver,15,current_shared,good/img/2_366.png,0,0.4001121520996094,2.3000129658612423e-06,1.3435346772894263e-06
Liver,15,current_shared,good/img/2_367.png,0,0.40708795189857483,7.3936876106017735e-06,4.088115474587539e-06
Liver,15,current_shared,good/img/2_368.png,0,0.40397268533706665,2.146332190022804e-05,1.0666645721357781e-05
Liver,15,current_shared,good/img/2_370.png,0,0.3771101236343384,4.444125352165429e-06,2.750974317677901e-06
Liver,15,current_shared,good/img/2_371.png,0,0.3712743818759918,3.7099091514392057e-06,2.5244723929063184e-06
Liver,15,current_shared,good/img/2_372.png,0,0.3782988488674164,9.149442121270113e-06,5.802688974654302e-06
Liver,15,current_shared,good/img/2_373.png,0,0.3851627707481384,6.5106710280815605e-06,3.7631498344126157e-06
Liver,15,current_shared,good/img/2_375.png,0,0.7333733439445496,0.057448673993349075,0.03879891708493233
Liver,15,current_shared,good/img/2_376.png,0,0.5171189308166504,0.00012202090147184208,5.908086313866079e-05
Liver,15,current_shared,good/img/2_377.png,0,0.7317469120025635,0.0012384823057800531,0.0007094815373420715
Liver,15,current_shared,good/img/2_378.png,0,0.7493749260902405,0.005559546872973442,0.003805758897215128
Liver,15,current_shared,good/img/2_379.png,0,0.7406110167503357,0.0002554792445152998,0.0001154150886577554
Liver,15,current_shared,good/img/2_380.png,0,0.7681090235710144,0.003418292384594679,0.0012094501871615648
Liver,15,current_shared,good/img/2_381.png,0,0.7491424679756165,0.005023442208766937,0.0016331628430634737
Liver,15,current_shared,good/img/2_382.png,0,0.7354796528816223,0.2749875485897064,0.10378047078847885
Liver,15,current_shared,good/img/2_383.png,0,0.7230849862098694,0.18422827124595642,0.08206014335155487
Liver,15,current_shared,good/img/2_384.png,0,0.7509592175483704,0.9397339224815369,0.7835298776626587
Liver,15,current_shared,good/img/2_385.png,0,0.7529701590538025,0.6981595754623413,0.3894079029560089
Liver,15,current_shared,good/img/2_386.png,0,0.6292500495910645,0.27465981245040894,0.12797698378562927
Liver,15,current_shared,good/img/2_387.png,0,0.7181588411331177,0.9790305495262146,0.9327616691589355
Liver,15,current_shared,good/img/2_388.png,0,0.6839693784713745,0.9949392080307007,0.9839478731155396
Liver,15,current_shared,good/img/2_389.png,0,0.6455821990966797,0.9854076504707336,0.9644759893417358
Liver,15,current_shared,good/img/2_390.png,0,0.6215171813964844,0.9390782713890076,0.864499568939209
Liver,15,current_shared,good/img/2_391.png,0,0.6318148970603943,0.7569958567619324,0.6031239628791809
Liver,15,current_shared,good/img/2_392.png,0,0.7828711867332458,0.806114673614502,0.6514273285865784
Liver,15,current_shared,good/img/2_393.png,0,0.775994598865509,0.9215245842933655,0.7194067239761353
Liver,15,current_shared,good/img/2_394.png,0,0.7732706069946289,0.9188530445098877,0.7808789014816284
Liver,15,current_shared,good/img/2_396.png,0,0.7453244924545288,0.9107095003128052,0.8077841997146606
Liver,15,current_shared,good/img/2_397.png,0,0.7755587100982666,0.384012907743454,0.23723123967647552
Liver,15,current_shared,good/img/2_398.png,0,0.7832251191139221,0.8028905987739563,0.6455166935920715
Liver,15,current_shared,good/img/2_399.png,0,0.7849714159965515,0.7748713493347168,0.6552875638008118
Liver,15,current_shared,good/img/2_400.png,0,0.789314329624176,0.9482662677764893,0.8991334438323975
Liver,15,current_shared,good/img/2_401.png,0,0.6249943375587463,0.2088635116815567,0.08094270527362823
Liver,15,current_shared,good/img/2_403.png,0,0.4896799325942993,0.8211283683776855,0.6441959142684937
Liver,15,current_shared,good/img/2_405.png,0,0.7293319702148438,0.9748253226280212,0.9093548655509949
Liver,15,current_shared,good/img/2_406.png,0,0.7466726899147034,0.9714926481246948,0.9020025730133057
Liver,15,current_shared,good/img/2_407.png,0,0.7727335095405579,0.9409603476524353,0.8607637286186218
Liver,15,current_shared,good/img/2_408.png,0,0.6976972222328186,0.9236544966697693,0.7926988005638123
Liver,15,current_shared,good/img/2_410.png,0,0.6403336524963379,0.6368986964225769,0.3989339768886566
Liver,15,current_shared,good/img/2_411.png,0,0.7709238529205322,0.9674935340881348,0.9402868151664734
Liver,15,current_shared,good/img/2_412.png,0,0.7797477841377258,0.9862040281295776,0.9781489968299866
Liver,15,current_shared,good/img/2_413.png,0,0.7824221253395081,0.9843636155128479,0.9757336378097534
Liver,15,current_shared,good/img/2_414.png,0,0.7854718565940857,0.9880160689353943,0.9747081398963928
Liver,15,current_shared,good/img/2_415.png,0,0.786188542842865,0.9890832304954529,0.9821273684501648
Liver,15,current_shared,good/img/2_416.png,0,0.778586208820343,0.9681835174560547,0.9553748369216919
Liver,15,current_shared,good/img/2_417.png,0,0.7772001028060913,0.96064293384552,0.9412559866905212
Liver,15,current_shared,good/img/2_418.png,0,0.7840855121612549,0.9568158984184265,0.9294626712799072
Liver,15,current_shared,good/img/2_419.png,0,0.7939630150794983,0.9759865403175354,0.9562004208564758
Liver,15,current_shared,good/img/2_420.png,0,0.7916139364242554,0.9871206879615784,0.9830479025840759
Liver,15,current_shared,good/img/2_421.png,0,0.7944934368133545,0.9851480722427368,0.9763703942298889
Liver,15,current_shared,good/img/2_422.png,0,0.7985972166061401,0.9935213923454285,0.9896433353424072
Liver,15,current_shared,good/img/2_424.png,0,0.7971457839012146,0.9950161576271057,0.9921240210533142
Liver,15,current_shared,good/img/2_425.png,0,0.7999723553657532,0.9881709814071655,0.9812321066856384
Liver,15,current_shared,good/img/2_426.png,0,0.7893446683883667,0.9932437539100647,0.9886574745178223
Liver,15,current_shared,good/img/2_427.png,0,0.7880047559738159,0.9654445648193359,0.9517064690589905
Liver,15,current_shared,good/img/2_428.png,0,0.7971999049186707,0.9796003699302673,0.9750789403915405
Liver,15,current_shared,good/img/2_429.png,0,0.7906526327133179,0.9942712783813477,0.991711437702179
Liver,15,current_shared,good/img/2_430.png,0,0.7911924719810486,0.9782763123512268,0.973065197467804
Liver,15,current_shared,good/img/2_431.png,0,0.8134191632270813,0.9840518236160278,0.9717904925346375
Liver,15,current_shared,good/img/2_433.png,0,0.7970596551895142,0.9921269416809082,0.9903872609138489
Liver,15,current_shared,good/img/2_434.png,0,0.7954491376876831,0.9818966388702393,0.9735532402992249
Liver,15,current_shared,good/img/2_435.png,0,0.7936531901359558,0.9883633255958557,0.9796031713485718
Liver,15,current_shared,good/img/2_436.png,0,0.7991620302200317,0.9414295554161072,0.8920396566390991
Liver,15,current_shared,good/img/2_437.png,0,0.8096429109573364,0.6361894607543945,0.5051395297050476
Liver,15,current_shared,good/img/2_438.png,0,0.7956767082214355,0.9003525376319885,0.8332242965698242
Liver,15,current_shared,good/img/2_439.png,0,0.8022764325141907,0.934013843536377,0.8853641748428345
Liver,15,current_shared,good/img/2_469.png,0,0.7671012282371521,0.974855363368988,0.8696117997169495
Liver,15,current_shared,good/img/2_471.png,0,0.7384467124938965,0.5821186304092407,0.16023120284080505
Liver,15,current_shared,good/img/2_472.png,0,0.29675039649009705,8.349562818921186e-08,3.469651943532881e-08
Liver,15,current_shared,good/img/3_303.png,0,0.6354755759239197,0.00035520250094123185,8.40582579257898e-05
Liver,15,current_shared,good/img/3_304.png,0,0.6937341690063477,0.0009145261137746274,0.000251188175752759
Liver,15,current_shared,good/img/3_306.png,0,0.6919769048690796,0.027760760858654976,0.006601995322853327
Liver,15,current_shared,good/img/3_307.png,0,0.48046964406967163,0.001365827163681388,0.0003391100908629596
Liver,15,current_shared,good/img/3_308.png,0,0.3850141167640686,0.00230971141718328,0.0006175321759656072
Liver,15,current_shared,good/img/3_309.png,0,0.5124486684799194,0.0007571642054244876,0.00027357760700397193
Liver,15,current_shared,good/img/3_310.png,0,0.6662572026252747,0.00350926979444921,0.0011482295813038945
Liver,15,current_shared,good/img/3_311.png,0,0.6437832117080688,0.008034281432628632,0.00235314154997468
Liver,15,current_shared,good/img/3_312.png,0,0.46169641613960266,0.015070434659719467,0.0050808703526854515
Liver,15,current_shared,good/img/3_313.png,0,0.6070051789283752,0.017653871327638626,0.004415514413267374
Liver,15,current_shared,good/img/3_314.png,0,0.40041181445121765,0.0001240495766978711,3.772639684029855e-05
Liver,15,current_shared,good/img/3_315.png,0,0.4007258713245392,8.927188900997862e-06,4.153867394052213e-06
Liver,15,current_shared,good/img/3_317.png,0,0.3923034071922302,2.9172608265071176e-05,1.018518833006965e-05
Liver,15,current_shared,good/img/3_318.png,0,0.406156986951828,3.819045377895236e-05,1.3751289770880248e-05
Liver,15,current_shared,good/img/3_319.png,0,0.4009920060634613,2.3734573915135115e-06,1.1260116252742591e-06
Liver,15,current_shared,good/img/3_320.png,0,0.3922707140445709,2.587926928754314e-06,1.0156282996831578e-06
Liver,15,current_shared,good/img/3_321.png,0,0.3932201564311981,3.40281758326455e-06,1.2683386785283801e-06
Liver,15,current_shared,good/img/3_322.png,0,0.3875119984149933,6.197184575285064e-06,2.626674131533946e-06
Liver,15,current_shared,good/img/3_323.png,0,0.39688384532928467,3.1885094358585775e-05,9.901316843752284e-06
Liver,15,current_shared,good/img/3_324.png,0,0.37566983699798584,1.7288454046138213e-06,7.674032076465664e-07
Liver,15,current_shared,good/img/3_325.png,0,0.3787115216255188,1.1975655525020557e-06,5.539697554013401e-07
Liver,15,current_shared,good/img/3_326.png,0,0.39689764380455017,6.227642643352738e-06,2.6386430818092776e-06
Liver,15,current_shared,good/img/3_327.png,0,0.39245477318763733,5.8264945437258575e-06,2.2749177333025727e-06
Liver,15,current_shared,good/img/3_328.png,0,0.39672550559043884,9.035658877110109e-06,3.568411784726777e-06
Liver,15,current_shared,good/img/3_329.png,0,0.4052497446537018,7.370842013187939e-06,3.853141606668942e-06
Liver,15,current_shared,good/img/3_330.png,0,0.4077289402484894,2.233551867902861e-06,1.1368539389877697e-06
Liver,15,current_shared,good/img/3_331.png,0,0.40196138620376587,0.00012184093066025525,3.70472771464847e-05
Liver,15,current_shared,good/img/3_332.png,0,0.415010541677475,8.879884262569249e-05,2.609208968351595e-05
Liver,15,current_shared,good/img/3_333.png,0,0.4182359576225281,6.71090092509985e-05,2.5437198928557336e-05
Liver,15,current_shared,good/img/3_334.png,0,0.4343288838863373,0.0007554891635663807,0.0004115119227208197
Liver,15,current_shared,good/img/3_335.png,0,0.4251128137111664,2.392907663306687e-05,9.519933882984333e-06
Liver,15,current_shared,good/img/3_336.png,0,0.43099677562713623,1.4228236977942288e-05,7.777281098242383e-06
Liver,15,current_shared,good/img/3_337.png,0,0.430216521024704,8.913441888580564e-06,4.280672328604851e-06
Liver,15,current_shared,good/img/3_338.png,0,0.43526551127433777,0.0016066788230091333,0.00044663590961135924
Liver,15,current_shared,good/img/3_339.png,0,0.4284161925315857,0.0013450236292555928,0.0004562096146401018
Liver,15,current_shared,good/img/3_340.png,0,0.4167509078979492,2.481067531334702e-05,9.589640285412315e-06
Liver,15,current_shared,good/img/3_341.png,0,0.4353462755680084,1.004761452350067e-05,5.047505510447081e-06
Liver,15,current_shared,good/img/3_342.png,0,0.44782695174217224,1.336252125838655e-06,9.070768669516838e-07
Liver,15,current_shared,good/img/3_343.png,0,0.43849724531173706,1.8587785461932071e-06,9.459855618842994e-07
Liver,15,current_shared,good/img/3_344.png,0,0.4306394159793854,2.036824753304245e-06,1.4839217783446657e-06
Liver,15,current_shared,good/img/3_345.png,0,0.4324013888835907,2.635136979733943e-06,1.5383512845801306e-06
Liver,15,current_shared,good/img/3_346.png,0,0.40852561593055725,4.5810611482011154e-06,2.2354988686856814e-06
Liver,15,current_shared,good/img/3_347.png,0,0.40689125657081604,1.926063532664557e-06,1.1033564533136087e-06
Liver,15,current_shared,good/img/3_348.png,0,0.4196050465106964,1.1624290891631972e-05,5.573352154897293e-06
Liver,15,current_shared,good/img/3_349.png,0,0.42935559153556824,3.1048868549987674e-05,9.989273166866042e-06
Liver,15,current_shared,good/img/3_351.png,0,0.39936646819114685,5.801023803542193e-07,3.855845420730475e-07
Liver,15,current_shared,good/img/3_352.png,0,0.41247567534446716,2.116536734320107e-06,1.1593390354391886e-06
Liver,15,current_shared,good/img/3_353.png,0,0.4081406891345978,3.6934727631887654e-06,1.5089726730366237e-06
Liver,15,current_shared,good/img/3_354.png,0,0.41873764991760254,3.653517751445179e-06,1.9402511952648638e-06
Liver,15,current_shared,good/img/3_355.png,0,0.4275240898132324,1.390312536386773e-05,9.491956916463096e-06
Liver,15,current_shared,good/img/3_371.png,0,0.43857690691947937,0.004170995205640793,0.0015984945930540562
Liver,15,current_shared,good/img/3_372.png,0,0.6078610420227051,0.14844150841236115,0.1022067591547966
Liver,15,current_shared,good/img/3_373.png,0,0.70577073097229,0.7442319989204407,0.593728244304657
Liver,15,current_shared,good/img/3_374.png,0,0.6389855742454529,0.9656133055686951,0.9039897918701172
Liver,15,current_shared,good/img/3_375.png,0,0.6273943185806274,0.9912602305412292,0.967715322971344
Liver,15,current_shared,good/img/3_377.png,0,0.5504003167152405,0.7997747659683228,0.5517436265945435
Liver,15,current_shared,good/img/3_378.png,0,0.5899554491043091,0.6740405559539795,0.5355477333068848
Liver,15,current_shared,good/img/3_379.png,0,0.42477452754974365,0.000920130405575037,0.0005201186868362129
Liver,15,current_shared,good/img/3_380.png,0,0.5903511643409729,0.14864681661128998,0.08387710899114609
Liver,15,current_shared,good/img/3_381.png,0,0.48666912317276,0.11420200765132904,0.04126286879181862
Liver,15,current_shared,good/img/3_382.png,0,0.38723114132881165,0.0019270033808425069,0.0007586560095660388
Liver,15,current_shared,good/img/3_384.png,0,0.38892146944999695,0.0024642914067953825,0.001202090410515666
Liver,15,current_shared,good/img/3_385.png,0,0.3786945939064026,0.00011277156590949744,4.8471090849488974e-05
Liver,15,current_shared,good/img/3_386.png,0,0.4022555649280548,0.0024210691917687654,0.0008152158698067069
Liver,15,current_shared,good/img/3_387.png,0,0.7064089775085449,0.3316108286380768,0.0886220708489418
Liver,15,current_shared,good/img/3_388.png,0,0.7422549724578857,0.4036771357059479,0.16416378319263458
Liver,15,current_shared,good/img/3_389.png,0,0.7335260510444641,0.6426210403442383,0.33187147974967957
Liver,15,current_shared,good/img/3_390.png,0,0.6303959488868713,0.02071642130613327,0.0072588189505040646
Liver,15,current_shared,good/img/3_391.png,0,0.7151138186454773,0.1625192016363144,0.07363374531269073
Liver,15,current_shared,good/img/3_392.png,0,0.6904684901237488,0.7737857103347778,0.5194131135940552
Liver,15,current_shared,good/img/3_393.png,0,0.730614423751831,0.9643120169639587,0.9018874764442444
Liver,15,current_shared,good/img/3_394.png,0,0.7326399087905884,0.9053736329078674,0.7629852294921875
Liver,15,current_shared,good/img/3_395.png,0,0.7441560626029968,0.9181048274040222,0.8269622325897217
Liver,15,current_shared,good/img/3_396.png,0,0.45887821912765503,0.0018074302934110165,0.0011932806810364127
Liver,15,current_shared,good/img/3_397.png,0,0.46565568447113037,0.0002217664587078616,0.0001474203309044242
Liver,15,current_shared,good/img/3_398.png,0,0.6897303462028503,0.2543315291404724,0.12867888808250427
Liver,15,current_shared,good/img/3_399.png,0,0.7694628238677979,0.7122769355773926,0.5598422288894653
Liver,15,current_shared,good/img/3_400.png,0,0.7980919480323792,0.9276065826416016,0.6812652349472046
Liver,15,current_shared,good/img/3_401.png,0,0.7956936955451965,0.8719032406806946,0.48201218247413635
Liver,15,current_shared,good/img/3_402.png,0,0.7622982859611511,0.9723628163337708,0.8537470102310181
Liver,15,current_shared,good/img/3_403.png,0,0.4909437596797943,0.04070812463760376,0.012182315811514854
Liver,15,current_shared,good/img/3_404.png,0,0.7701677680015564,0.979085385799408,0.9406440258026123
Liver,15,current_shared,good/img/3_405.png,0,0.7225232124328613,0.9435040950775146,0.9128327965736389
Liver,15,current_shared,good/img/3_406.png,0,0.773553729057312,0.937302827835083,0.8535436391830444
Liver,15,current_shared,good/img/3_407.png,0,0.7820488810539246,0.9418199062347412,0.8773913979530334
Liver,15,current_shared,good/img/3_408.png,0,0.787828803062439,0.8855246901512146,0.8498213291168213
Liver,15,current_shared,good/img/3_409.png,0,0.7890630960464478,0.9186421036720276,0.8947814702987671
Liver,15,current_shared,good/img/3_410.png,0,0.797278881072998,0.9812214970588684,0.966526448726654
Liver,15,current_shared,good/img/3_411.png,0,0.7955875396728516,0.9885357022285461,0.9802728295326233
Liver,15,current_shared,good/img/3_412.png,0,0.787392258644104,0.9763895869255066,0.9439873695373535
Liver,15,current_shared,good/img/3_413.png,0,0.7875484228134155,0.9703125357627869,0.9413296580314636
Liver,15,current_shared,good/img/3_414.png,0,0.7869147658348083,0.9681365489959717,0.9335610270500183
Liver,15,current_shared,good/img/3_415.png,0,0.7964097857475281,0.9725121855735779,0.9533027410507202
Liver,15,current_shared,good/img/3_416.png,0,0.7937958240509033,0.9145044684410095,0.8810984492301941
Liver,15,current_shared,good/img/3_417.png,0,0.7774261832237244,0.8963541984558105,0.864003598690033
Liver,15,current_shared,good/img/3_418.png,0,0.7683518528938293,0.8538178205490112,0.7455541491508484
Liver,15,current_shared,good/img/3_419.png,0,0.7603470683097839,0.8810555338859558,0.8081845045089722
Liver,15,current_shared,good/img/3_420.png,0,0.7229092121124268,0.899806022644043,0.8639357089996338
Liver,15,current_shared,good/img/3_421.png,0,0.7518712282180786,0.9471773505210876,0.9213114380836487
Liver,15,current_shared,good/img/3_422.png,0,0.782251238822937,0.9687104225158691,0.9521965384483337
Liver,15,current_shared,good/img/3_423.png,0,0.8055106401443481,0.9800804853439331,0.9614940285682678
Liver,15,current_shared,good/img/3_424.png,0,0.7993444204330444,0.9626168608665466,0.9142464399337769
Liver,15,current_shared,good/img/3_425.png,0,0.8012605905532837,0.9915745854377747,0.984220564365387
Liver,15,current_shared,good/img/3_427.png,0,0.812691867351532,0.9906584024429321,0.9850728511810303
Liver,15,current_shared,good/img/3_428.png,0,0.8120753169059753,0.9972819089889526,0.9957183599472046
Liver,15,current_shared,good/img/3_429.png,0,0.8122716546058655,0.9968234300613403,0.9934636950492859
Liver,15,current_shared,good/img/3_430.png,0,0.8106542229652405,0.9968359470367432,0.9938081502914429
Liver,15,current_shared,good/img/3_431.png,0,0.8067294359207153,0.9980145692825317,0.9957603216171265
Liver,15,current_shared,good/img/3_432.png,0,0.8107895851135254,0.9949138164520264,0.993008553981781
Liver,15,current_shared,good/img/3_433.png,0,0.8150136470794678,0.9934605360031128,0.9899285435676575
Liver,15,current_shared,good/img/3_435.png,0,0.8039512038230896,0.989388644695282,0.9830440878868103
Liver,15,current_shared,good/img/3_436.png,0,0.7906375527381897,0.9926353096961975,0.9898110628128052
Liver,15,current_shared,good/img/3_438.png,0,0.7876641750335693,0.9895280003547668,0.9868979454040527
Liver,15,current_shared,good/img/3_439.png,0,0.7775319814682007,0.9643891453742981,0.9317037463188171
Liver,15,current_shared,good/img/3_442.png,0,0.7853891253471375,0.827061116695404,0.7551608085632324
Liver,15,current_shared,good/img/3_443.png,0,0.7914185523986816,0.8941015005111694,0.8347698450088501
Liver,15,current_shared,good/img/3_444.png,0,0.7914248704910278,0.9771955013275146,0.9678282141685486
Liver,15,current_shared,good/img/3_445.png,0,0.7755492925643921,0.9448668360710144,0.910692572593689
Liver,15,current_shared,good/img/3_446.png,0,0.7804431915283203,0.9883319735527039,0.9792078733444214
Liver,15,current_shared,good/img/3_447.png,0,0.7857230305671692,0.9835678339004517,0.9683001041412354
Liver,15,current_shared,good/img/3_448.png,0,0.7969289422035217,0.9357278347015381,0.8999318480491638
Liver,15,current_shared,good/img/3_449.png,0,0.8052968382835388,0.9756591320037842,0.950657308101654
Liver,15,current_shared,good/img/3_450.png,0,0.7766780257225037,0.9729982614517212,0.9538841843605042
Liver,15,current_shared,good/img/3_451.png,0,0.7542314529418945,0.9846745729446411,0.9695488214492798
Liver,15,current_shared,good/img/3_452.png,0,0.7711256146430969,0.992872953414917,0.9904003143310547
Liver,15,current_shared,good/img/3_453.png,0,0.7894081473350525,0.9643940329551697,0.9127314686775208
Liver,15,current_shared,good/img/3_454.png,0,0.789283037185669,0.8484720587730408,0.5740466713905334
Liver,15,current_shared,good/img/3_455.png,0,0.8003382086753845,0.1468549519777298,0.04640568420290947
Liver,15,current_shared,good/img/3_456.png,0,0.8050238490104675,0.38132891058921814,0.1463022083044052
Liver,15,current_shared,good/img/3_457.png,0,0.7622799277305603,0.526556134223938,0.3564295768737793
Liver,15,current_shared,good/img/3_458.png,0,0.7682779431343079,0.7432934045791626,0.642820417881012
Liver,15,current_shared,good/img/3_459.png,0,0.7460477352142334,0.861714243888855,0.8162699937820435
Liver,15,current_shared,good/img/3_460.png,0,0.7600753307342529,0.6410691738128662,0.35696426033973694
Liver,15,current_shared,good/img/3_461.png,0,0.7684788703918457,0.0698426142334938,0.03194552659988403
Liver,15,current_shared,good/img/3_463.png,0,0.7368828654289246,0.08827737718820572,0.06121864169836044
Liver,15,current_shared,good/img/3_464.png,0,0.7425441741943359,0.8192257881164551,0.6541386246681213
Liver,15,current_shared,good/img/3_465.png,0,0.7543625831604004,0.1877358853816986,0.07822585105895996
Liver,15,current_shared,good/img/3_466.png,0,0.751160204410553,0.9689533710479736,0.82403165102005
Liver,15,current_shared,good/img/3_467.png,0,0.7352508306503296,0.9376703500747681,0.742090106010437
Liver,15,current_shared,good/img/3_468.png,0,0.7566975355148315,0.9377221465110779,0.5806848406791687
Liver,15,current_shared,good/img/3_469.png,0,0.7274050116539001,0.8882479071617126,0.3816414773464203
Liver,15,current_shared,good/img/3_470.png,0,0.756870687007904,0.49893227219581604,0.12260960042476654
Liver,15,current_shared,good/img/3_471.png,0,0.281038761138916,1.668219162809237e-08,1.078151079525469e-08
Liver,15,current_shared,good/img/4_591.png,0,0.7088693380355835,0.12555420398712158,0.02148282714188099
Liver,15,current_shared,good/img/4_592.png,0,0.7412697076797485,0.1493961364030838,0.022093279287219048
Liver,15,current_shared,good/img/4_593.png,0,0.7260217666625977,0.06848111003637314,0.01012040488421917
Liver,15,current_shared,good/img/4_594.png,0,0.7054530382156372,0.02080136351287365,0.002561431610956788
Liver,15,current_shared,good/img/4_595.png,0,0.6849153637886047,0.000549185206182301,8.744873048271984e-05
Liver,15,current_shared,good/img/5_312.png,0,0.29145607352256775,2.364658335807235e-08,1.5493052174520017e-08
Liver,15,current_shared,good/img/5_313.png,0,0.5967690348625183,1.8037012523564044e-06,5.135020728630479e-07
Liver,15,current_shared,good/img/5_314.png,0,0.6574810147285461,0.0016950744902715087,0.0003951841208618134
Liver,15,current_shared,good/img/5_315.png,0,0.6498568058013916,0.00039844412822276354,0.0001086900447262451
Liver,15,current_shared,good/img/5_316.png,0,0.6423898935317993,0.000492762541398406,0.0001183668282465078
Liver,15,current_shared,good/img/5_317.png,0,0.6664125919342041,0.007538755889981985,0.0016176103381440043
Liver,15,current_shared,good/img/5_318.png,0,0.6776567101478577,0.012092476710677147,0.003119959495961666
Liver,15,current_shared,good/img/5_320.png,0,0.7350414991378784,0.34507986903190613,0.08550947159528732
Liver,15,current_shared,good/img/5_321.png,0,0.7558026909828186,0.23648130893707275,0.06695299595594406
Liver,15,current_shared,good/img/5_322.png,0,0.7615504860877991,0.3177143633365631,0.07085708528757095
Liver,15,current_shared,good/img/5_324.png,0,0.7567309737205505,0.5907189846038818,0.19081275165081024
Liver,15,current_shared,good/img/5_325.png,0,0.7296355962753296,0.3844282925128937,0.10878372937440872
Liver,15,current_shared,good/img/5_326.png,0,0.7146398425102234,0.6062653660774231,0.18579061329364777
Liver,15,current_shared,good/img/5_327.png,0,0.7240058779716492,0.6222321391105652,0.2320408672094345
Liver,15,current_shared,good/img/5_328.png,0,0.7089848518371582,0.1529550850391388,0.05015895888209343
Liver,15,current_shared,good/img/5_329.png,0,0.6999613046646118,0.49949297308921814,0.2023617923259735
Liver,15,current_shared,good/img/5_330.png,0,0.7185388803482056,0.6077689528465271,0.25043725967407227
Liver,15,current_shared,good/img/5_332.png,0,0.7234386801719666,0.899547815322876,0.5717214345932007
Liver,15,current_shared,good/img/5_333.png,0,0.7291974425315857,0.9807164072990417,0.8281022906303406
Liver,15,current_shared,good/img/5_335.png,0,0.7135751247406006,0.9390920400619507,0.6601225733757019
Liver,15,current_shared,good/img/5_336.png,0,0.709011435508728,0.9732720851898193,0.7370659112930298
Liver,15,current_shared,good/img/5_337.png,0,0.7074564695358276,0.9640366435050964,0.7799221277236938
Liver,15,current_shared,good/img/5_338.png,0,0.722923755645752,0.9686832427978516,0.7931312322616577
Liver,15,current_shared,good/img/5_339.png,0,0.7079260945320129,0.8682921528816223,0.5551713705062866
Liver,15,current_shared,good/img/5_340.png,0,0.7144545316696167,0.957576334476471,0.7745523452758789
Liver,15,current_shared,good/img/5_341.png,0,0.7284440994262695,0.9937352538108826,0.91302490234375
Liver,15,current_shared,good/img/5_343.png,0,0.7304885983467102,0.9124257564544678,0.6881450414657593
Liver,15,current_shared,good/img/5_344.png,0,0.7244496941566467,0.8687408566474915,0.5998601317405701
Liver,15,current_shared,good/img/5_345.png,0,0.6952792406082153,0.9405211806297302,0.68898606300354
Liver,15,current_shared,good/img/5_346.png,0,0.6545031666755676,0.8376709818840027,0.5063785910606384
Liver,15,current_shared,good/img/5_347.png,0,0.7001826763153076,0.9652318358421326,0.767973005771637
Liver,15,current_shared,good/img/5_348.png,0,0.7234383225440979,0.9839831590652466,0.8683841228485107
Liver,15,current_shared,good/img/5_349.png,0,0.69672030210495,0.8242879509925842,0.5860410928726196
Liver,15,current_shared,good/img/5_350.png,0,0.7153224349021912,0.9740098118782043,0.8516403436660767
Liver,15,current_shared,good/img/5_351.png,0,0.7157825827598572,0.9622990489006042,0.8184524178504944
Liver,15,current_shared,good/img/5_352.png,0,0.7012702822685242,0.9624968767166138,0.8181024789810181
Liver,15,current_shared,good/img/5_353.png,0,0.4227694571018219,0.03809578716754913,0.020232707262039185
Liver,15,current_shared,good/img/5_354.png,0,0.6654500365257263,0.7757437825202942,0.5643311142921448
Liver,15,current_shared,good/img/5_355.png,0,0.6973119974136353,0.9605821967124939,0.7786692380905151
Liver,15,current_shared,good/img/5_356.png,0,0.6582563519477844,0.9672101736068726,0.830929160118103
Liver,15,current_shared,good/img/5_357.png,0,0.6066386103630066,0.9355560541152954,0.7827736139297485
Liver,15,current_shared,good/img/5_358.png,0,0.6924338340759277,0.9688647389411926,0.8399092555046082
Liver,15,current_shared,good/img/5_359.png,0,0.7051903605461121,0.9946749210357666,0.9693953990936279
Liver,15,current_shared,good/img/5_361.png,0,0.6866961121559143,0.9912073016166687,0.9255678653717041
Liver,15,current_shared,good/img/5_362.png,0,0.7012804746627808,0.9761518836021423,0.8664237856864929
Liver,15,current_shared,good/img/5_363.png,0,0.7143629789352417,0.9853799939155579,0.8832258582115173
Liver,15,current_shared,good/img/5_364.png,0,0.7401930689811707,0.9952599406242371,0.9762986898422241
Liver,15,current_shared,good/img/5_365.png,0,0.7410482168197632,0.9781173467636108,0.8948521614074707
Liver,15,current_shared,good/img/5_366.png,0,0.7560402750968933,0.9744408130645752,0.9081909656524658
Liver,15,current_shared,good/img/5_367.png,0,0.7606996893882751,0.9944435954093933,0.9786602854728699
Liver,15,current_shared,good/img/5_368.png,0,0.7383902072906494,0.9836211204528809,0.9099152088165283
Liver,15,current_shared,good/img/5_369.png,0,0.7153629660606384,0.9530982971191406,0.8406089544296265
Liver,15,current_shared,good/img/5_370.png,0,0.7088441848754883,0.9649176597595215,0.9211380481719971
Liver,15,current_shared,good/img/5_372.png,0,0.7164928913116455,0.965013325214386,0.8337298631668091
Liver,15,current_shared,good/img/5_373.png,0,0.6866613626480103,0.9296653866767883,0.7440823316574097
Liver,15,current_shared,good/img/5_374.png,0,0.6543659567832947,0.7112523317337036,0.535426139831543
Liver,15,current_shared,good/img/5_375.png,0,0.6755021810531616,0.8827722668647766,0.706508219242096
Liver,15,current_shared,good/img/5_377.png,0,0.7149251699447632,0.7489354610443115,0.5438520908355713
Liver,15,current_shared,good/img/5_378.png,0,0.7285352945327759,0.8528949022293091,0.6698043346405029
Liver,15,current_shared,good/img/5_379.png,0,0.7211099863052368,0.9690390825271606,0.9039896130561829
Liver,15,current_shared,good/img/5_380.png,0,0.6448906064033508,0.6804327368736267,0.4384682774543762
Liver,15,current_shared,good/img/5_381.png,0,0.6965692639350891,0.9900079965591431,0.9685324430465698
Liver,15,current_shared,good/img/5_383.png,0,0.7439872622489929,0.997795820236206,0.9919448494911194
Liver,15,current_shared,good/img/5_384.png,0,0.7195908427238464,0.9926730990409851,0.9740252494812012
Liver,15,current_shared,good/img/5_385.png,0,0.6955525875091553,0.9825657606124878,0.9547168612480164
Liver,15,current_shared,good/img/5_387.png,0,0.7160724401473999,0.9971132278442383,0.9924465417861938
Liver,15,current_shared,good/img/5_388.png,0,0.7466660141944885,0.995887815952301,0.9899024367332458
Liver,15,current_shared,good/img/5_389.png,0,0.7511740326881409,0.9982240796089172,0.99454265832901
Liver,15,current_shared,good/img/5_390.png,0,0.7691075801849365,0.9989494681358337,0.9978225827217102
Liver,15,current_shared,good/img/5_391.png,0,0.7828514575958252,0.997190535068512,0.9942965507507324
Liver,15,current_shared,good/img/5_393.png,0,0.7614493370056152,0.9994912147521973,0.9988903403282166
Liver,15,current_shared,good/img/5_394.png,0,0.7688227295875549,0.9987867474555969,0.997495174407959
Liver,15,current_shared,good/img/5_395.png,0,0.7644298672676086,0.9995660185813904,0.9986198544502258
Liver,15,current_shared,good/img/5_396.png,0,0.7720735669136047,0.9994818568229675,0.9985904693603516
Liver,15,current_shared,good/img/5_397.png,0,0.7813335061073303,0.9997598528862,0.9995308518409729
Liver,15,current_shared,good/img/5_398.png,0,0.7815412282943726,0.9997859597206116,0.9994529485702515
Liver,15,current_shared,good/img/5_400.png,0,0.7714953422546387,0.9982327222824097,0.9966553449630737
Liver,15,current_shared,good/img/5_402.png,0,0.7669680714607239,0.9990531802177429,0.9982848167419434
Liver,15,current_shared,good/img/5_403.png,0,0.7761276960372925,0.9985419511795044,0.9964179396629333
Liver,15,current_shared,good/img/5_404.png,0,0.7762326598167419,0.9992227554321289,0.9979683756828308
Liver,15,current_shared,good/img/5_405.png,0,0.782552182674408,0.998725950717926,0.9968991279602051
Liver,15,current_shared,good/img/5_406.png,0,0.7718284130096436,0.9996795654296875,0.9994438886642456
Liver,15,current_shared,good/img/5_407.png,0,0.7763960361480713,0.9991878867149353,0.9985385537147522
Liver,15,current_shared,good/img/5_408.png,0,0.7919090390205383,0.9995608925819397,0.9991532564163208
Liver,15,current_shared,good/img/5_409.png,0,0.7823616862297058,0.9991784691810608,0.9978243708610535
Liver,15,current_shared,good/img/5_410.png,0,0.8018807768821716,0.9987146854400635,0.9974219799041748
Liver,15,current_shared,good/img/5_411.png,0,0.7960376143455505,0.9993680119514465,0.9986453056335449
Liver,15,current_shared,good/img/5_412.png,0,0.7915224432945251,0.9985070824623108,0.9968031048774719
Liver,15,current_shared,good/img/5_413.png,0,0.779573917388916,0.9987974166870117,0.9974112510681152
Liver,15,current_shared,good/img/5_414.png,0,0.7937891483306885,0.9979709982872009,0.9955616593360901
Liver,15,current_shared,good/img/5_415.png,0,0.7957777380943298,0.9985688924789429,0.9964293837547302
Liver,15,current_shared,good/img/5_416.png,0,0.7935004830360413,0.996531069278717,0.9938107132911682
Liver,15,current_shared,good/img/5_417.png,0,0.7946721911430359,0.9608239531517029,0.8880091309547424
Liver,15,current_shared,good/img/5_418.png,0,0.7894663214683533,0.9949169158935547,0.983799934387207
Liver,15,current_shared,good/img/5_420.png,0,0.7670583128929138,0.9956161975860596,0.9891599416732788
Liver,15,current_shared,good/img/5_421.png,0,0.7568033933639526,0.9990492463111877,0.9967476725578308
Liver,15,current_shared,good/img/5_422.png,0,0.7716558575630188,0.9963656663894653,0.9933667182922363
Liver,15,current_shared,good/img/5_423.png,0,0.7767863273620605,0.9947755336761475,0.9906511902809143
Liver,15,current_shared,good/img/5_424.png,0,0.780920684337616,0.9987373948097229,0.9974973201751709
Liver,15,current_shared,good/img/5_425.png,0,0.778308629989624,0.9987473487854004,0.9974660873413086
Liver,15,current_shared,good/img/5_426.png,0,0.7669656872749329,0.9989456534385681,0.9974942207336426
Liver,15,current_shared,good/img/5_427.png,0,0.7675761580467224,0.99830162525177,0.9965418577194214
Liver,15,current_shared,good/img/5_428.png,0,0.7702853679656982,0.9988393187522888,0.9978165626525879
Liver,15,current_shared,good/img/5_429.png,0,0.7750676870346069,0.995313286781311,0.9916046261787415
Liver,15,current_shared,good/img/5_430.png,0,0.7732107043266296,0.9872528910636902,0.9812155365943909
Liver,15,current_shared,good/img/5_431.png,0,0.7700859904289246,0.9973530769348145,0.9956616759300232
Liver,15,current_shared,good/img/5_432.png,0,0.7727473378181458,0.9993676543235779,0.9988623261451721
Liver,15,current_shared,good/img/5_433.png,0,0.7661545872688293,0.9994764924049377,0.9988152384757996
Liver,15,current_shared,good/img/5_434.png,0,0.7573469877243042,0.9996411800384521,0.9989129900932312
Liver,15,current_shared,good/img/5_435.png,0,0.7750271558761597,0.999423623085022,0.9991487860679626
Liver,15,current_shared,good/img/5_436.png,0,0.7730505466461182,0.9994970560073853,0.9991330504417419
Liver,15,current_shared,good/img/5_437.png,0,0.7659990191459656,0.9979063272476196,0.996197521686554
Liver,15,current_shared,good/img/5_438.png,0,0.7751766443252563,0.9977344274520874,0.9955158829689026
Liver,15,current_shared,good/img/5_439.png,0,0.7745826840400696,0.9929306507110596,0.984329342842102
Liver,15,current_shared,good/img/5_440.png,0,0.7521502375602722,0.9970199465751648,0.9937289357185364
Liver,15,current_shared,good/img/5_441.png,0,0.7618770003318787,0.9950276017189026,0.9924527406692505
Liver,15,current_shared,good/img/5_443.png,0,0.7712336182594299,0.9996500015258789,0.9991462230682373
Liver,15,current_shared,good/img/5_445.png,0,0.769378662109375,0.9990429282188416,0.9975704550743103
Liver,15,current_shared,good/img/5_446.png,0,0.7677586674690247,0.9995129108428955,0.9989244937896729
Liver,15,current_shared,good/img/5_447.png,0,0.7687872052192688,0.9997751116752625,0.9992696046829224
Liver,15,current_shared,good/img/5_449.png,0,0.7854570746421814,0.99968421459198,0.9991154074668884
Liver,15,current_shared,good/img/5_450.png,0,0.7874535322189331,0.9992891550064087,0.9987465739250183
Liver,15,current_shared,good/img/5_462.png,0,0.769717812538147,0.2767315208911896,0.13119779527187347
Liver,15,current_shared,good/img/5_463.png,0,0.7717177271842957,0.7310283184051514,0.5254455804824829
Liver,15,current_shared,good/img/5_464.png,0,0.7669028639793396,0.9624789953231812,0.8817437291145325
Liver,15,current_shared,good/img/5_465.png,0,0.7650575637817383,0.9453852772712708,0.8728805184364319
Liver,15,current_shared,good/img/5_466.png,0,0.7791224718093872,0.9511022567749023,0.9153305292129517
Liver,15,current_shared,good/img/5_467.png,0,0.7765915989875793,0.9984292387962341,0.9941049814224243
Liver,15,current_shared,good/img/5_469.png,0,0.7932565808296204,0.9989787340164185,0.9968703985214233
Liver,15,current_shared,good/img/5_470.png,0,0.7918949127197266,0.9981428384780884,0.9924538135528564
Liver,15,current_shared,good/img/5_471.png,0,0.7949157953262329,0.988298773765564,0.9483699798583984
Liver,15,current_shared,good/img/5_472.png,0,0.7665010094642639,0.9972250461578369,0.9764675498008728
Liver,15,current_shared,good/img/5_474.png,0,0.7576897144317627,0.9894397854804993,0.8820425868034363
Liver,15,current_shared,good/img/5_475.png,0,0.7597668766975403,0.9908747673034668,0.8810070753097534
Liver,15,current_shared,good/img/5_476.png,0,0.752122700214386,0.9917381405830383,0.8782545328140259
Liver,15,current_shared,good/img/5_477.png,0,0.7708919048309326,0.9909926652908325,0.8251610398292542
Liver,15,current_shared,good/img/5_478.png,0,0.7743261456489563,0.9819964170455933,0.7184622287750244
Liver,15,current_shared,good/img/5_479.png,0,0.766516387462616,0.986396849155426,0.7049451470375061
Liver,15,current_shared,good/img/5_480.png,0,0.7692034244537354,0.9514567852020264,0.47695738077163696
Liver,15,current_shared,good/img/5_481.png,0,0.7655444741249084,0.7447170615196228,0.20112107694149017
Liver,15,current_shared,good/img/5_482.png,0,0.7834942936897278,0.7570059299468994,0.22169087827205658
Liver,15,current_shared,good/img/5_483.png,0,0.7890291213989258,0.1997099369764328,0.0332016721367836
Liver,15,current_shared,good/img/5_484.png,0,0.7535916566848755,0.06302497535943985,0.01036051008850336
Liver,15,current_shared,good/img/5_485.png,0,0.7081760168075562,0.0023859923239797354,0.0005581900477409363
Liver,15,current_shared,good/img/5_486.png,0,0.6157845854759216,5.768172286479967e-07,1.8133918899820856e-07
Liver,15,current_shared,good/img/5_487.png,0,0.28619512915611267,1.506926317063062e-08,1.0089973301319333e-08
Liver,15,current_shared,good/img/6_305.png,0,0.2845732569694519,8.620109070989201e-09,6.673344987717655e-09
Liver,15,current_shared,good/img/6_306.png,0,0.6072604060173035,8.68098868522793e-06,2.2908945993549423e-06
Liver,15,current_shared,good/img/6_308.png,0,0.6918835639953613,0.004227394238114357,0.0007898354670032859
Liver,15,current_shared,good/img/6_309.png,0,0.6860126256942749,0.0039137303829193115,0.0007882540230639279
Liver,15,current_shared,good/img/6_311.png,0,0.6654678583145142,0.016953613609075546,0.0027639130130410194
Liver,15,current_shared,good/img/6_312.png,0,0.6910794973373413,0.05522121116518974,0.008959133177995682
Liver,15,current_shared,good/img/6_313.png,0,0.6878939270973206,0.12305931746959686,0.019934967160224915
Liver,15,current_shared,good/img/6_314.png,0,0.6310790181159973,0.04794047400355339,0.008586330339312553
Liver,15,current_shared,good/img/6_315.png,0,0.5071571469306946,0.01208334881812334,0.003440871136263013
Liver,15,current_shared,good/img/6_316.png,0,0.3756883442401886,8.886654541129246e-06,3.7287352370185545e-06
Liver,15,current_shared,good/img/6_317.png,0,0.36928173899650574,8.795307803666219e-05,2.830439552781172e-05
Liver,15,current_shared,good/img/6_319.png,0,0.3521643579006195,1.3085922546451911e-05,4.612670181813883e-06
Liver,15,current_shared,good/img/6_320.png,0,0.37923169136047363,0.0003508778754621744,0.00011306365922791883
Liver,15,current_shared,good/img/6_321.png,0,0.3825729489326477,2.686080551939085e-05,1.0166614629270043e-05
Liver,15,current_shared,good/img/6_322.png,0,0.37669292092323303,7.069259027048247e-06,2.8841247967648087e-06
Liver,15,current_shared,good/img/6_323.png,0,0.38725411891937256,2.109024535457138e-05,7.5255984484101646e-06
Liver,15,current_shared,good/img/6_324.png,0,0.39703869819641113,2.0299936295486987e-05,7.518199254263891e-06
Liver,15,current_shared,good/img/6_325.png,0,0.4158506691455841,0.0035728916991502047,0.0011576332617551088
Liver,15,current_shared,good/img/6_326.png,0,0.5615816712379456,0.0020796156022697687,0.0007165937568061054
Liver,15,current_shared,good/img/6_327.png,0,0.3991246223449707,0.0005749042611569166,0.0002590605872683227
Liver,15,current_shared,good/img/6_328.png,0,0.40778014063835144,0.0019723186269402504,0.0007488380069844425
Liver,15,current_shared,good/img/6_329.png,0,0.39734551310539246,8.582328882766888e-05,4.688371700467542e-05
Liver,15,current_shared,good/img/6_330.png,0,0.39048677682876587,6.546221811731812e-06,4.216092747810762e-06
Liver,15,current_shared,good/img/6_331.png,0,0.39485666155815125,8.042354238568805e-06,5.247631634119898e-06
Liver,15,current_shared,good/img/6_332.png,0,0.38722968101501465,5.699133680536761e-07,4.1628496205703414e-07
Liver,15,current_shared,good/img/6_333.png,0,0.38810664415359497,1.4636469813922304e-06,7.944958611005859e-07
Liver,15,current_shared,good/img/6_334.png,0,0.40287014842033386,3.6082924452784937e-06,1.8606007188282092e-06
Liver,15,current_shared,good/img/6_335.png,0,0.3939551115036011,5.532142495212611e-06,2.605512918307795e-06
Liver,15,current_shared,good/img/6_403.png,0,0.7286919951438904,0.7893093824386597,0.580629825592041
Liver,15,current_shared,good/img/6_404.png,0,0.7393233180046082,0.8863800764083862,0.6313464641571045
Liver,15,current_shared,good/img/6_405.png,0,0.7764052152633667,0.9993035793304443,0.9971219897270203
Liver,15,current_shared,good/img/6_406.png,0,0.7839641571044922,0.9648096561431885,0.9311714768409729
Liver,15,current_shared,good/img/6_407.png,0,0.7601788640022278,0.9394013285636902,0.8696025609970093
Liver,15,current_shared,good/img/6_408.png,0,0.7535258531570435,0.02357184886932373,0.010425674729049206
Liver,15,current_shared,good/img/6_409.png,0,0.7361651062965393,0.2520673871040344,0.1318569928407669
Liver,15,current_shared,good/img/6_410.png,0,0.696086049079895,0.40060779452323914,0.27146801352500916
Liver,15,current_shared,good/img/6_411.png,0,0.7343413829803467,0.5458210706710815,0.37042608857154846
Liver,15,current_shared,good/img/6_413.png,0,0.7451960444450378,0.9947152733802795,0.9785237312316895
Liver,15,current_shared,good/img/6_414.png,0,0.5704767107963562,0.8123002648353577,0.572492778301239
Liver,15,current_shared,good/img/6_415.png,0,0.43795937299728394,0.12312057614326477,0.06108078360557556
Liver,15,current_shared,good/img/6_416.png,0,0.5360080003738403,0.1435912847518921,0.047642722725868225
Liver,15,current_shared,good/img/6_417.png,0,0.43831440806388855,0.00441311439499259,0.0016002398915588856
Liver,15,current_shared,good/img/6_418.png,0,0.7098519206047058,0.7775564789772034,0.6106979250907898
Liver,15,current_shared,good/img/6_419.png,0,0.7447818517684937,0.9455743432044983,0.8448311686515808
Liver,15,current_shared,good/img/6_420.png,0,0.7383087873458862,0.9883384704589844,0.9558480381965637
Liver,15,current_shared,good/img/6_421.png,0,0.7673171758651733,0.9906849265098572,0.9720180630683899
Liver,15,current_shared,good/img/6_422.png,0,0.7728272080421448,0.7894607782363892,0.609550416469574
Liver,15,current_shared,good/img/6_423.png,0,0.762405276298523,0.9945915341377258,0.9883422255516052
Liver,15,current_shared,good/img/6_425.png,0,0.7521293759346008,0.9989230036735535,0.9980805516242981
Liver,15,current_shared,good/img/6_426.png,0,0.7063973546028137,0.9915773868560791,0.9778684377670288
Liver,15,current_shared,good/img/6_427.png,0,0.65096515417099,0.8730390667915344,0.8169524073600769
Liver,15,current_shared,good/img/6_428.png,0,0.7548157572746277,0.991619348526001,0.9782581925392151
Liver,15,current_shared,good/img/6_429.png,0,0.7695028781890869,0.8587210178375244,0.7652440667152405
Liver,15,current_shared,good/img/6_430.png,0,0.7574551105499268,0.9935372471809387,0.987342894077301
Liver,15,current_shared,good/img/6_431.png,0,0.7415550351142883,0.9952621459960938,0.9900646209716797
Liver,15,current_shared,good/img/6_432.png,0,0.7362694144248962,0.9922160506248474,0.9874520301818848
Liver,15,current_shared,good/img/6_433.png,0,0.7364965081214905,0.9938071370124817,0.9845753312110901
Liver,15,current_shared,good/img/6_434.png,0,0.7573992013931274,0.9929585456848145,0.9852984547615051
Liver,15,current_shared,good/img/6_436.png,0,0.7600796222686768,0.9961292743682861,0.9942189455032349
Liver,15,current_shared,good/img/6_437.png,0,0.7669796347618103,0.9978417158126831,0.995786190032959
Liver,15,current_shared,good/img/6_438.png,0,0.7576794624328613,0.9961538910865784,0.9929195642471313
Liver,15,current_shared,good/img/6_439.png,0,0.7769243121147156,0.9983002543449402,0.9964612126350403
Liver,15,current_shared,good/img/6_440.png,0,0.7683461904525757,0.9983215928077698,0.9975611567497253
Liver,15,current_shared,good/img/6_441.png,0,0.7505440711975098,0.9976123571395874,0.9956896901130676
Liver,15,current_shared,good/img/6_442.png,0,0.7487347722053528,0.9979355335235596,0.9965626001358032
Liver,15,current_shared,good/img/6_443.png,0,0.7458587884902954,0.9987969398498535,0.9974686503410339
Liver,15,current_shared,good/img/6_444.png,0,0.7741827368736267,0.9991090893745422,0.9983546137809753
Liver,15,current_shared,good/img/6_452.png,0,0.7795092463493347,0.9550142288208008,0.9192495942115784
Liver,15,current_shared,good/img/6_453.png,0,0.7776434421539307,0.9564862251281738,0.930909276008606
Liver,15,current_shared,good/img/6_454.png,0,0.7727983593940735,0.9674460887908936,0.9322455525398254
Liver,15,current_shared,good/img/6_455.png,0,0.7582204341888428,0.9653032422065735,0.935395359992981
Liver,15,current_shared,good/img/6_456.png,0,0.7587260603904724,0.9176121950149536,0.8817571997642517
Liver,15,current_shared,good/img/6_457.png,0,0.772793710231781,0.9794504046440125,0.9666213393211365
Liver,15,current_shared,good/img/6_458.png,0,0.7752161622047424,0.9797918200492859,0.963989794254303
Liver,15,current_shared,good/img/6_459.png,0,0.7733343839645386,0.9926927089691162,0.975062906742096
Liver,15,current_shared,good/img/6_460.png,0,0.7549687623977661,0.9782199859619141,0.9370118379592896
Liver,15,current_shared,good/img/6_461.png,0,0.7776457071304321,0.946191132068634,0.870444655418396
Liver,15,current_shared,good/img/6_462.png,0,0.7867292165756226,0.9707177877426147,0.8888621926307678
Liver,15,current_shared,good/img/6_483.png,0,0.7851468324661255,0.9910203814506531,0.9218626618385315
Liver,15,current_shared,good/img/6_484.png,0,0.7805418372154236,0.902702808380127,0.6766108274459839
Liver,15,current_shared,good/img/6_485.png,0,0.8058512210845947,0.9718106389045715,0.7666993737220764
Liver,15,current_shared,good/img/6_486.png,0,0.8185549378395081,0.9406397342681885,0.588778018951416
Liver,15,current_shared,good/img/6_487.png,0,0.7974215149879456,0.8632079362869263,0.41888299584388733
Liver,15,current_shared,good/img/6_488.png,0,0.7978515028953552,0.5239784717559814,0.15071992576122284
Liver,15,current_shared,good/img/6_489.png,0,0.7082908153533936,0.005192901939153671,0.001031337073072791
Liver,15,current_shared,good/img/6_490.png,0,0.2958870232105255,2.5537397974062515e-08,1.5772748440667783e-08
Liver,15,current_shared,good/img/7_324.png,0,0.2848040759563446,5.5083320127380375e-09,4.68037519851805e-09
Liver,15,current_shared,good/img/7_325.png,0,0.6353164315223694,0.0001889770064735785,4.118143624509685e-05
Liver,15,current_shared,good/img/7_326.png,0,0.7111029028892517,0.002029349561780691,0.00044557967339642346
Liver,15,current_shared,good/img/7_327.png,0,0.7382044792175293,0.007978077977895737,0.00152274826541543
Liver,15,current_shared,good/img/7_328.png,0,0.716303288936615,0.016781650483608246,0.0035364581272006035
Liver,15,current_shared,good/img/7_329.png,0,0.6902482509613037,0.015547873452305794,0.002938461722806096
Liver,15,current_shared,good/img/7_330.png,0,0.7064899802207947,0.02578776143491268,0.004346638917922974
Liver,15,current_shared,good/img/7_331.png,0,0.719370424747467,0.07600664347410202,0.011281437240540981
Liver,15,current_shared,good/img/7_332.png,0,0.7176451683044434,0.18452416360378265,0.030440960079431534
Liver,15,current_shared,good/img/7_333.png,0,0.41267314553260803,0.08137747645378113,0.015244135633111
Liver,15,current_shared,good/img/7_334.png,0,0.6423126459121704,0.05335191264748573,0.011213930323719978
Liver,15,current_shared,good/img/7_335.png,0,0.3853016495704651,0.00018824329890776426,7.325065234908834e-05
Liver,15,current_shared,good/img/7_336.png,0,0.38058632612228394,5.107954712002538e-05,2.3154843802331015e-05
Liver,15,current_shared,good/img/7_337.png,0,0.38116320967674255,9.54444840317592e-05,3.8165842852322385e-05
Liver,15,current_shared,good/img/7_340.png,0,0.3860965669155121,7.054361503833206e-06,3.430467131693149e-06
Liver,15,current_shared,good/img/7_341.png,0,0.39280185103416443,1.447069280402502e-05,5.972435701551149e-06
Liver,15,current_shared,good/img/7_343.png,0,0.40055179595947266,6.9938523665769026e-06,3.5472178296913626e-06
Liver,15,current_shared,good/img/7_344.png,0,0.4050416946411133,8.590807738073636e-06,3.132806114081177e-06
Liver,15,current_shared,good/img/7_345.png,0,0.3695237636566162,8.325866360792133e-07,4.874806904808793e-07
Liver,15,current_shared,good/img/7_346.png,0,0.39055368304252625,5.219478225626517e-06,2.1010775981267216e-06
Liver,15,current_shared,good/img/7_347.png,0,0.39610692858695984,1.6695962585799862e-06,1.0195769846177427e-06
Liver,15,current_shared,good/img/7_348.png,0,0.39984452724456787,1.4287356862041634e-05,7.307724445126951e-06
Liver,15,current_shared,good/img/7_349.png,0,0.4014072120189667,1.1353134141245391e-05,6.633504654018907e-06
Liver,15,current_shared,good/img/7_350.png,0,0.392151415348053,3.9042060961946845e-06,2.0700904315162916e-06
Liver,15,current_shared,good/img/7_351.png,0,0.38689354062080383,5.040885753260227e-06,1.8631868670127005e-06
Liver,15,current_shared,good/img/7_352.png,0,0.3888082802295685,2.397330035819323e-06,9.368719133817649e-07
Liver,15,current_shared,good/img/7_353.png,0,0.39697927236557007,1.2054315448040143e-06,7.304025757548516e-07
Liver,15,current_shared,good/img/7_354.png,0,0.3975868225097656,1.1684179526127991e-06,7.765941063553328e-07
Liver,15,current_shared,good/img/7_355.png,0,0.4117124676704407,0.00011176833504578099,2.5512237698421814e-05
Liver,15,current_shared,good/img/7_356.png,0,0.3941236734390259,3.1318424476012297e-07,2.1345094580738078e-07
Liver,15,current_shared,good/img/7_357.png,0,0.40824049711227417,4.2092327134923835e-07,2.7536600555322366e-07
Liver,15,current_shared,good/img/7_395.png,0,0.7195773124694824,0.1496559977531433,0.07584744691848755
Liver,15,current_shared,good/img/7_418.png,0,0.7530304193496704,0.9589295387268066,0.9109974503517151
Liver,15,current_shared,good/img/7_419.png,0,0.7513870000839233,0.9400845170021057,0.7649181485176086
Liver,15,current_shared,good/img/7_420.png,0,0.7551990747451782,0.8568388223648071,0.577402651309967
Liver,15,current_shared,good/img/7_421.png,0,0.7643888592720032,0.9864041805267334,0.9673506617546082
Liver,15,current_shared,good/img/7_422.png,0,0.7550574541091919,0.978640615940094,0.9520061612129211
Liver,15,current_shared,good/img/7_423.png,0,0.7888332605361938,0.7412488460540771,0.5267540812492371
Liver,15,current_shared,good/img/7_424.png,0,0.7785660028457642,0.3431980609893799,0.13059501349925995
Liver,15,current_shared,good/img/7_425.png,0,0.7799949645996094,0.2598879933357239,0.14061613380908966
Liver,15,current_shared,good/img/7_426.png,0,0.768281102180481,0.9752272963523865,0.9241796135902405
Liver,15,current_shared,good/img/7_427.png,0,0.7683270573616028,0.9876783490180969,0.976433515548706
Liver,15,current_shared,good/img/7_428.png,0,0.7836623191833496,0.9979233741760254,0.995692253112793
Liver,15,current_shared,good/img/7_429.png,0,0.7615721821784973,0.9992436170578003,0.9980124831199646
Liver,15,current_shared,good/img/7_431.png,0,0.7659391760826111,0.9985848665237427,0.9975883364677429
Liver,15,current_shared,good/img/7_432.png,0,0.7815887928009033,0.9989983439445496,0.9976416230201721
Liver,15,current_shared,good/img/7_434.png,0,0.772517740726471,0.998162567615509,0.9949252009391785
Liver,15,current_shared,good/img/7_435.png,0,0.7432745099067688,0.9940240979194641,0.9851542115211487
Liver,15,current_shared,good/img/7_436.png,0,0.7703065872192383,0.9940040707588196,0.9816934466362
Liver,15,current_shared,good/img/7_437.png,0,0.7698798775672913,0.9936131834983826,0.9782674908638
Liver,15,current_shared,good/img/7_438.png,0,0.7711430788040161,0.9898348450660706,0.9785690903663635
Liver,15,current_shared,good/img/7_439.png,0,0.7655583620071411,0.9953576922416687,0.987576961517334
Liver,15,current_shared,good/img/7_440.png,0,0.70754474401474,0.9948339462280273,0.9876470565795898
Liver,15,current_shared,good/img/7_441.png,0,0.7659816741943359,0.9944294691085815,0.9912538528442383
Liver,15,current_shared,good/img/7_442.png,0,0.7958331108093262,0.9829803705215454,0.9717780947685242
Liver,15,current_shared,good/img/7_443.png,0,0.7965142130851746,0.9930514097213745,0.9841089248657227
Liver,15,current_shared,good/img/7_447.png,0,0.7595444321632385,0.9824478030204773,0.9676456451416016
Liver,15,current_shared,good/img/7_448.png,0,0.7466568946838379,0.9397411942481995,0.9192148447036743
Liver,15,current_shared,good/img/7_450.png,0,0.7913165092468262,0.9874938130378723,0.9821993112564087
Liver,15,current_shared,good/img/7_451.png,0,0.7885906100273132,0.9964937567710876,0.9940252304077148
Liver,15,current_shared,good/img/7_452.png,0,0.7897335290908813,0.9920944571495056,0.9849762916564941
Liver,15,current_shared,good/img/7_453.png,0,0.7930958271026611,0.9935322999954224,0.9854339957237244
Liver,15,current_shared,good/img/7_454.png,0,0.7788221836090088,0.9965309500694275,0.9941326379776001
Liver,15,current_shared,good/img/7_455.png,0,0.7771952748298645,0.9988277554512024,0.9979922771453857
Liver,15,current_shared,good/img/7_456.png,0,0.7815914750099182,0.9997617602348328,0.9993379712104797
Liver,15,current_shared,good/img/7_457.png,0,0.7780287265777588,0.9985877275466919,0.9979285597801208
Liver,15,current_shared,good/img/7_465.png,0,0.7829915285110474,0.6213974952697754,0.515173077583313
Liver,15,current_shared,good/img/7_466.png,0,0.7686752080917358,0.9340724945068359,0.8927204012870789
Liver,15,current_shared,good/img/7_467.png,0,0.7783315181732178,0.9790318012237549,0.9484750628471375
Liver,15,current_shared,good/img/7_468.png,0,0.7915518879890442,0.8815118670463562,0.8464251756668091
Liver,15,current_shared,good/img/7_469.png,0,0.7960986495018005,0.9250630736351013,0.87251877784729
Liver,15,current_shared,good/img/7_471.png,0,0.7915295362472534,0.6880710124969482,0.6329807639122009
Liver,15,current_shared,good/img/7_472.png,0,0.7845314741134644,0.9606878161430359,0.9009733200073242
Liver,15,current_shared,good/img/7_473.png,0,0.7904605269432068,0.9660674333572388,0.9275087714195251
Liver,15,current_shared,good/img/7_474.png,0,0.7999112606048584,0.973990797996521,0.9105295538902283
Liver,15,current_shared,good/img/7_492.png,0,0.8117132782936096,0.9985081553459167,0.9957011938095093
Liver,15,current_shared,good/img/7_493.png,0,0.8166689872741699,0.996846616268158,0.9914689064025879
Liver,15,current_shared,good/img/7_494.png,0,0.812412440776825,0.9951186180114746,0.9820576906204224
Liver,15,current_shared,good/img/7_495.png,0,0.8125691413879395,0.9821978211402893,0.9408845901489258
Liver,15,current_shared,good/img/7_496.png,0,0.8117005825042725,0.9782018661499023,0.9191877245903015
Liver,15,current_shared,good/img/7_497.png,0,0.8089025020599365,0.9598252773284912,0.8347999453544617
Liver,15,current_shared,good/img/7_498.png,0,0.7761545181274414,0.9275034070014954,0.6141023635864258
Liver,15,current_shared,good/img/7_499.png,0,0.7718586921691895,0.44203755259513855,0.1598147749900818
Liver,15,current_shared,good/img/7_500.png,0,0.6889650225639343,0.002107518957927823,0.00029208691557869315
Liver,15,current_shared,good/img/8_333.png,0,0.6819010376930237,0.00012459549179766327,2.641028731886763e-05
Liver,15,current_shared,good/img/8_334.png,0,0.6836088299751282,8.596023690188304e-05,1.5689101928728633e-05
Liver,15,current_shared,good/img/8_335.png,0,0.6972002983093262,0.005174196790903807,0.0008541665738448501
Liver,15,current_shared,good/img/8_336.png,0,0.6846105456352234,0.013583637773990631,0.002406591549515724
Liver,15,current_shared,good/img/8_337.png,0,0.6375378966331482,0.024128885939717293,0.00535244308412075
Liver,15,current_shared,good/img/8_338.png,0,0.6810804605484009,0.11270555853843689,0.02111825719475746
Liver,15,current_shared,good/img/8_340.png,0,0.6326823830604553,0.04483262449502945,0.00918435025960207
Liver,15,current_shared,good/img/8_341.png,0,0.6898539662361145,0.16334407031536102,0.02595282718539238
Liver,15,current_shared,good/img/8_342.png,0,0.485971599817276,0.017687080428004265,0.004140178672969341
Liver,15,current_shared,good/img/8_343.png,0,0.3698691129684448,0.0010241649579256773,0.0002955059171654284
Liver,15,current_shared,good/img/8_344.png,0,0.392867773771286,0.013400034978985786,0.0035524247214198112
Liver,15,current_shared,good/img/8_345.png,0,0.40107402205467224,0.00020388601114973426,6.980866601224989e-05
Liver,15,current_shared,good/img/8_347.png,0,0.3956132233142853,3.0278895792434923e-05,1.541711390018463e-05
Liver,15,current_shared,good/img/8_348.png,0,0.3833311200141907,0.0001229850749950856,4.346583955339156e-05
Liver,15,current_shared,good/img/8_349.png,0,0.381031334400177,0.0002531220961827785,9.143902570940554e-05
Liver,15,current_shared,good/img/8_350.png,0,0.3918079137802124,1.2755002899211831e-05,5.094962034490891e-06
Liver,15,current_shared,good/img/8_351.png,0,0.38743579387664795,3.398896751605207e-06,1.3396005442700698e-06
Liver,15,current_shared,good/img/8_352.png,0,0.3935021758079529,3.6337705751066096e-06,1.5980136822690838e-06
Liver,15,current_shared,good/img/8_353.png,0,0.3921526372432709,3.3532171528349863e-06,1.5818187648619642e-06
Liver,15,current_shared,good/img/8_354.png,0,0.3837917149066925,9.233804689756653e-07,5.077698688182863e-07
Liver,15,current_shared,good/img/8_355.png,0,0.37689900398254395,4.055832221183664e-07,2.1103204517203267e-07
Liver,15,current_shared,good/img/8_356.png,0,0.39445388317108154,5.324055223354662e-07,3.1530717592431756e-07
Liver,15,current_shared,good/img/8_357.png,0,0.39108213782310486,1.521172521279368e-06,7.414337233058177e-07
Liver,15,current_shared,good/img/8_358.png,0,0.4092729687690735,2.7152163966093212e-05,1.0882114111154806e-05
Liver,15,current_shared,good/img/8_359.png,0,0.4041326642036438,0.00013646690058521926,4.150125460000709e-05
Liver,15,current_shared,good/img/8_361.png,0,0.4097219407558441,7.317573908949271e-05,2.2833475668448955e-05
Liver,15,current_shared,good/img/8_362.png,0,0.401941180229187,4.059472757944604e-06,2.314045104867546e-06
Liver,15,current_shared,good/img/8_363.png,0,0.4094143509864807,6.556943390023662e-06,2.755006335064536e-06
Liver,15,current_shared,good/img/8_364.png,0,0.40906280279159546,2.7691235118254554e-06,1.6900094124139287e-06
Liver,15,current_shared,good/img/8_365.png,0,0.40834054350852966,9.870262147160247e-06,3.5080402085441165e-06
Liver,15,current_shared,good/img/8_366.png,0,0.39946985244750977,3.609596660680836e-06,1.7443987871956779e-06
Liver,15,current_shared,good/img/8_402.png,0,0.7772064208984375,0.24472588300704956,0.12002409249544144
Liver,15,current_shared,good/img/8_403.png,0,0.7824796438217163,0.03953122720122337,0.01608967036008835
Liver,15,current_shared,good/img/8_405.png,0,0.7679758667945862,0.03322747349739075,0.02439054846763611
Liver,15,current_shared,good/img/8_406.png,0,0.7749112248420715,0.002954083029180765,0.0017363122897222638
Liver,15,current_shared,good/img/8_428.png,0,0.4361555278301239,0.08189043402671814,0.03836667165160179
Liver,15,current_shared,good/img/8_430.png,0,0.41875433921813965,0.010322460904717445,0.004737307783216238
Liver,15,current_shared,good/img/8_431.png,0,0.38502880930900574,0.00034660828532651067,0.00016139425861183554
Liver,15,current_shared,good/img/8_432.png,0,0.40685683488845825,0.003521353006362915,0.0017411118606105447
Liver,15,current_shared,good/img/8_433.png,0,0.7179756760597229,0.9912978410720825,0.9610064625740051
Liver,15,current_shared,good/img/8_434.png,0,0.7493813633918762,0.9926493763923645,0.9667112827301025
Liver,15,current_shared,good/img/8_436.png,0,0.7219579219818115,0.9925518035888672,0.9821313619613647
Liver,15,current_shared,good/img/8_437.png,0,0.671973705291748,0.9831889867782593,0.9688342213630676
Liver,15,current_shared,good/img/8_438.png,0,0.7822979688644409,0.9979887008666992,0.9943837523460388
Liver,15,current_shared,good/img/8_440.png,0,0.7882488369941711,0.9979524612426758,0.9969525337219238
Liver,15,current_shared,good/img/8_441.png,0,0.7807766199111938,0.9983579516410828,0.9978950023651123
Liver,15,current_shared,good/img/8_442.png,0,0.7780231833457947,0.9981358051300049,0.9974983930587769
Liver,15,current_shared,good/img/8_443.png,0,0.7664439082145691,0.9960513710975647,0.9945476055145264
Liver,15,current_shared,good/img/8_445.png,0,0.7919527888298035,0.998432457447052,0.9970082640647888
Liver,15,current_shared,good/img/8_446.png,0,0.7909271121025085,0.9984874725341797,0.9965508580207825
Liver,15,current_shared,good/img/8_448.png,0,0.7737067341804504,0.9872865080833435,0.9833259582519531
Liver,15,current_shared,good/img/8_449.png,0,0.7891507744789124,0.9878544211387634,0.9806577563285828
Liver,15,current_shared,good/img/8_451.png,0,0.7863177061080933,0.996878981590271,0.994652271270752
Liver,15,current_shared,good/img/8_452.png,0,0.7821590900421143,0.9879913926124573,0.9781858325004578
Liver,15,current_shared,good/img/8_453.png,0,0.7764176726341248,0.9969108700752258,0.9946809411048889
Liver,15,current_shared,good/img/8_454.png,0,0.7691837549209595,0.994836688041687,0.9920799136161804
Liver,15,current_shared,good/img/8_455.png,0,0.7744804620742798,0.9969550371170044,0.9954044222831726
Liver,15,current_shared,good/img/8_456.png,0,0.7891735434532166,0.9986679553985596,0.9973861575126648
Liver,15,current_shared,good/img/8_457.png,0,0.7969393134117126,0.9955878257751465,0.9904894232749939
Liver,15,current_shared,good/img/8_458.png,0,0.7876380085945129,0.9956476092338562,0.9894001483917236
Liver,15,current_shared,good/img/8_459.png,0,0.7842522263526917,0.995475709438324,0.992310106754303
Liver,15,current_shared,good/img/8_460.png,0,0.7806980609893799,0.9980722665786743,0.9967585206031799
Liver,15,current_shared,good/img/8_461.png,0,0.7675937414169312,0.9978771209716797,0.9965341687202454
Liver,15,current_shared,good/img/8_462.png,0,0.7599676251411438,0.9972144961357117,0.9937463998794556
Liver,15,current_shared,good/img/8_463.png,0,0.7666431665420532,0.997601330280304,0.9929231405258179
Liver,15,current_shared,good/img/8_464.png,0,0.7534515857696533,0.9990887641906738,0.9977660179138184
Liver,15,current_shared,good/img/8_466.png,0,0.7537195682525635,0.9971606731414795,0.9945781826972961
Liver,15,current_shared,good/img/8_467.png,0,0.7820250988006592,0.9983193278312683,0.9955974817276001
Liver,15,current_shared,good/img/8_493.png,0,0.441669762134552,0.0002641423780005425,0.0001412002748111263
Liver,15,current_shared,good/img/8_494.png,0,0.734204888343811,0.07248906046152115,0.04551151022315025
Liver,15,current_shared,good/img/8_495.png,0,0.4817943871021271,0.07959375530481339,0.03733459487557411
Liver,15,current_shared,good/img/8_496.png,0,0.762752890586853,0.7122859954833984,0.4275190830230713
Liver,15,current_shared,good/img/8_497.png,0,0.7756158709526062,0.8776039481163025,0.6252803206443787
Liver,15,current_shared,good/img/8_498.png,0,0.7576336860656738,0.8436989784240723,0.6214240193367004
Liver,15,current_shared,good/img/8_499.png,0,0.7609968185424805,0.9038012623786926,0.7331008911132812
Liver,15,current_shared,good/img/8_500.png,0,0.7815296053886414,0.9130455851554871,0.6948655843734741
Liver,15,current_shared,good/img/8_501.png,0,0.7514772415161133,0.08535243570804596,0.01793621852993965
Liver,15,current_shared,good/img/8_502.png,0,0.7286311984062195,0.007140581030398607,0.0027622580528259277
Liver,15,current_shared,good/img/8_503.png,0,0.7324607372283936,0.01937626302242279,0.005157141014933586
Liver,15,current_shared,good/img/8_504.png,0,0.7229896783828735,1.0623557500366587e-05,4.504944627115037e-06
Liver,15,current_shared,good/img/8_505.png,0,0.7446902394294739,0.09081443399190903,0.01832379773259163
Liver,15,current_shared,good/img/8_506.png,0,0.7400404810905457,0.012593993917107582,0.003080439055338502
Liver,15,current_shared,good/img/8_507.png,0,0.40634235739707947,0.0009722205577418208,0.00023490755120292306
Liver,15,current_shared,good/img/8_508.png,0,0.7179675698280334,0.09471958130598068,0.018914608284831047
Liver,15,current_shared,good/img/8_509.png,0,0.6844255924224854,0.03803611546754837,0.00924835354089737
Liver,15,current_shared,good/img/8_510.png,0,0.288595974445343,3.3892398221269104e-08,1.8671078905185823e-08
Liver,15,current_shared,good/img/9_343.png,0,0.2859620749950409,9.21706977408121e-09,6.834656396392802e-09
Liver,15,current_shared,good/img/9_345.png,0,0.6556100249290466,3.995742736151442e-05,7.889982043707278e-06
Liver,15,current_shared,good/img/9_346.png,0,0.6864171028137207,0.0008841841481626034,0.00018357431690674275
Liver,15,current_shared,good/img/9_347.png,0,0.6852095127105713,0.0018996266881003976,0.00035334136919118464
Liver,15,current_shared,good/img/9_349.png,0,0.6861326694488525,0.038250602781772614,0.005917457398027182
Liver,15,current_shared,good/img/9_350.png,0,0.6919620633125305,0.06637141853570938,0.009666918776929379
Liver,15,current_shared,good/img/9_351.png,0,0.6776020526885986,0.10471126437187195,0.01937473565340042
Liver,15,current_shared,good/img/9_352.png,0,0.39262619614601135,0.007696717511862516,0.0021300590597093105
Liver,15,current_shared,good/img/9_353.png,0,0.3706567883491516,8.557135515729897e-06,3.881839802488685e-06
Liver,15,current_shared,good/img/9_354.png,0,0.3522239923477173,2.5607791940274183e-06,1.1988233836746076e-06
Liver,15,current_shared,good/img/9_355.png,0,0.3512156009674072,6.16288889432326e-06,3.0376979793800274e-06
Liver,15,current_shared,good/img/9_356.png,0,0.360142320394516,1.4592480511055328e-05,5.2441055231611244e-06
Liver,15,current_shared,good/img/9_357.png,0,0.3671669661998749,3.48250541719608e-05,1.4681098946311977e-05
Liver,15,current_shared,good/img/9_358.png,0,0.36105865240097046,4.9103418859886006e-06,1.87184070910007e-06
Liver,15,current_shared,good/img/9_359.png,0,0.35347622632980347,5.166633627595729e-07,2.955363527235022e-07
Liver,15,current_shared,good/img/9_360.png,0,0.35345739126205444,5.081625431557768e-07,3.692410359690257e-07
Liver,15,current_shared,good/img/9_361.png,0,0.3581441044807434,2.164461420761654e-06,1.2675725429289741e-06
Liver,15,current_shared,good/img/9_362.png,0,0.362541526556015,3.846567722121108e-07,2.3057668840920087e-07
Liver,15,current_shared,good/img/9_363.png,0,0.38139936327934265,8.057355103119335e-07,4.4055596504222194e-07
Liver,15,current_shared,good/img/9_364.png,0,0.37411221861839294,1.514586188022804e-06,9.027220357893384e-07
Liver,15,current_shared,good/img/9_365.png,0,0.3728417456150055,7.838676197025052e-07,4.144593788169004e-07
Liver,15,current_shared,good/img/9_366.png,0,0.36410093307495117,1.1163048839080147e-05,5.1558331506385e-06
Liver,15,current_shared,good/img/9_368.png,0,0.3766351342201233,1.0202111297985539e-06,6.020035243636812e-07
Liver,15,current_shared,good/img/9_369.png,0,0.38238686323165894,9.61954697231704e-07,6.243200800781779e-07
Liver,15,current_shared,good/img/9_370.png,0,0.3821110725402832,1.5591051578667248e-06,1.030633370646683e-06
Liver,15,current_shared,good/img/9_402.png,0,0.41169413924217224,1.9974988390458748e-05,1.1729825928341597e-05
Liver,15,current_shared,good/img/9_403.png,0,0.41553032398223877,4.635418372345157e-05,3.4590881114127114e-05
Liver,15,current_shared,good/img/9_405.png,0,0.4532625079154968,0.7718327045440674,0.5554024577140808
Liver,15,current_shared,good/img/9_406.png,0,0.43030261993408203,0.01317655574530363,0.004153471905738115
Liver,15,current_shared,good/img/9_407.png,0,0.43463289737701416,0.04215173423290253,0.014193008653819561
Liver,15,current_shared,good/img/9_408.png,0,0.756219744682312,0.04201379418373108,0.013155926018953323
Liver,15,current_shared,good/img/9_409.png,0,0.6812195181846619,0.47154131531715393,0.2864644229412079
Liver,15,current_shared,good/img/9_410.png,0,0.6440899968147278,0.1699240654706955,0.06987377256155014
Liver,15,current_shared,good/img/9_433.png,0,0.7463939189910889,0.9980986714363098,0.9899860620498657
Liver,15,current_shared,good/img/9_434.png,0,0.724797248840332,0.9362291693687439,0.7815967798233032
Liver,15,current_shared,good/img/9_435.png,0,0.6762848496437073,0.19966115057468414,0.056131649762392044
Liver,15,current_shared,good/img/9_436.png,0,0.4286577105522156,0.00012536501162685454,3.9921680581755936e-05
Liver,15,current_shared,good/img/9_437.png,0,0.44892793893814087,0.675108015537262,0.2869046628475189
Liver,15,current_shared,good/img/9_438.png,0,0.759680449962616,0.5844979286193848,0.24135586619377136
Liver,15,current_shared,good/img/9_439.png,0,0.7711148262023926,0.025652984157204628,0.008446143008768559
Liver,15,current_shared,good/img/9_440.png,0,0.7632907629013062,0.37397658824920654,0.21494252979755402
Liver,15,current_shared,good/img/9_441.png,0,0.765821635723114,0.4506694972515106,0.17542436718940735
Liver,15,current_shared,good/img/9_442.png,0,0.7810123562812805,0.27283498644828796,0.13968931138515472
Liver,15,current_shared,good/img/9_443.png,0,0.7551055550575256,0.9648767113685608,0.9049606323242188
Liver,15,current_shared,good/img/9_444.png,0,0.6658239364624023,0.9973565340042114,0.9913637638092041
Liver,15,current_shared,good/img/9_445.png,0,0.6915408372879028,0.9980650544166565,0.9950395822525024
Liver,15,current_shared,good/img/9_446.png,0,0.7800799608230591,0.9955871105194092,0.99172443151474
Liver,15,current_shared,good/img/9_447.png,0,0.7734137773513794,0.9917449355125427,0.9737721681594849
Liver,15,current_shared,good/img/9_448.png,0,0.7664346694946289,0.9982410669326782,0.9942882657051086
Liver,15,current_shared,good/img/9_450.png,0,0.673621416091919,0.9983270764350891,0.9917196035385132
Liver,15,current_shared,good/img/9_451.png,0,0.6688876152038574,0.9968681931495667,0.9879167675971985
Liver,15,current_shared,good/img/9_452.png,0,0.726716160774231,0.9990459084510803,0.9975736737251282
Liver,15,current_shared,good/img/9_453.png,0,0.6594606041908264,0.9992471933364868,0.9970184564590454
Liver,15,current_shared,good/img/9_454.png,0,0.7231519818305969,0.9967581629753113,0.9878696799278259
Liver,15,current_shared,good/img/9_456.png,0,0.7539567947387695,0.9408236145973206,0.7527317404747009
Liver,15,current_shared,good/img/9_457.png,0,0.7381652593612671,0.9740694165229797,0.9322512745857239
Liver,15,current_shared,good/img/9_458.png,0,0.7487007975578308,0.9974560141563416,0.9944390654563904
Liver,15,current_shared,good/img/9_459.png,0,0.7333298921585083,0.9982319474220276,0.9969016909599304
Liver,15,current_shared,good/img/9_460.png,0,0.7683261036872864,0.9976263642311096,0.9948452115058899
Liver,15,current_shared,good/img/9_462.png,0,0.7768806219100952,0.9988874793052673,0.9976990222930908
Liver,15,current_shared,good/img/9_463.png,0,0.7793501019477844,0.9992433786392212,0.9983634352684021
Liver,15,current_shared,good/img/9_464.png,0,0.7651763558387756,0.9990500807762146,0.9981743097305298
Liver,15,current_shared,good/img/9_465.png,0,0.7572338581085205,0.9987063407897949,0.9976553916931152
Liver,15,current_shared,good/img/9_466.png,0,0.7430757284164429,0.995111882686615,0.9876551628112793
Liver,15,current_shared,good/img/9_467.png,0,0.7691971063613892,0.9989235997200012,0.99593186378479
Liver,15,current_shared,good/img/9_468.png,0,0.7677165269851685,0.9973791837692261,0.9929643869400024
Liver,15,current_shared,good/img/9_469.png,0,0.7751651406288147,0.995911717414856,0.9926192760467529
Liver,15,current_shared,good/img/9_470.png,0,0.7732442021369934,0.9966676831245422,0.9932420253753662
Liver,15,current_shared,good/img/9_471.png,0,0.7673690319061279,0.9919831156730652,0.9832912087440491
Liver,15,current_shared,good/img/9_472.png,0,0.7732004523277283,0.989355206489563,0.9793249368667603
Liver,15,current_shared,good/img/9_483.png,0,0.741199791431427,0.9289098978042603,0.8655076026916504
Liver,15,current_shared,good/img/9_484.png,0,0.7309531569480896,0.8696818947792053,0.730944037437439
Liver,15,current_shared,good/img/9_485.png,0,0.7568942904472351,0.9387651085853577,0.8856707215309143
Liver,15,current_shared,good/img/9_486.png,0,0.7434366941452026,0.9840883016586304,0.946581244468689
Liver,15,current_shared,good/img/9_487.png,0,0.7539433240890503,0.8977143168449402,0.8133822679519653
Liver,15,current_shared,good/img/9_488.png,0,0.766075074672699,0.9954721927642822,0.9900266528129578
Liver,15,current_shared,good/img/9_489.png,0,0.7669883370399475,0.9885701537132263,0.9787189960479736
Liver,15,current_shared,good/img/9_490.png,0,0.7703582644462585,0.9763304591178894,0.9459976553916931
Liver,15,current_shared,good/img/9_491.png,0,0.7630382776260376,0.9944450259208679,0.9875119924545288
Liver,15,current_shared,good/img/9_492.png,0,0.7799174189567566,0.9926856756210327,0.981078565120697
Liver,15,current_shared,good/img/9_511.png,0,0.817816972732544,0.9836380481719971,0.9259592890739441
Liver,15,current_shared,good/img/9_512.png,0,0.81428462266922,0.886247456073761,0.6704573035240173
Liver,15,current_shared,good/img/9_513.png,0,0.7876864671707153,0.6651498079299927,0.29470324516296387
Liver,15,current_shared,good/img/9_514.png,0,0.7307825088500977,0.0020651076920330524,0.000514008745085448
Liver,15,current_shared,good/img/9_515.png,0,0.696951687335968,0.00018965068738907576,5.041947224526666e-05
Liver,15,current_shared,ungood/img/10_327.png,1,0.592575192451477,2.8686181394732557e-05,1.2007840268779546e-05
Liver,15,current_shared,ungood/img/10_328.png,1,0.7120315432548523,0.003426974406465888,0.000624574429821223
Liver,15,current_shared,ungood/img/10_329.png,1,0.6590147018432617,0.0037443905603140593,0.0007404949865303934
Liver,15,current_shared,ungood/img/10_330.png,1,0.7289985418319702,0.04693777859210968,0.011440200731158257
Liver,15,current_shared,ungood/img/10_332.png,1,0.7235332131385803,0.023382142186164856,0.0048311250284314156
Liver,15,current_shared,ungood/img/10_333.png,1,0.7267752289772034,0.06030347943305969,0.008976257406175137
Liver,15,current_shared,ungood/img/10_334.png,1,0.7241486310958862,0.049225348979234695,0.007461262866854668
Liver,15,current_shared,ungood/img/10_335.png,1,0.7294248938560486,0.28126147389411926,0.046148791909217834
Liver,15,current_shared,ungood/img/10_336.png,1,0.7478287816047668,0.7167609333992004,0.21578902006149292
Liver,15,current_shared,ungood/img/10_337.png,1,0.7476515173912048,0.33319324254989624,0.07646737992763519
Liver,15,current_shared,ungood/img/10_338.png,1,0.7351100444793701,0.08400609344244003,0.014281507581472397
Liver,15,current_shared,ungood/img/10_339.png,1,0.73761385679245,0.29319581389427185,0.05812220647931099
Liver,15,current_shared,ungood/img/10_341.png,1,0.7515998482704163,0.43553435802459717,0.09893018007278442
Liver,15,current_shared,ungood/img/10_342.png,1,0.7465882897377014,0.2625398337841034,0.05068621411919594
Liver,15,current_shared,ungood/img/10_343.png,1,0.7565571665763855,0.7180434465408325,0.23487508296966553
Liver,15,current_shared,ungood/img/10_344.png,1,0.7589596509933472,0.2994471490383148,0.06462379544973373
Liver,15,current_shared,ungood/img/10_345.png,1,0.755545973777771,0.019108319655060768,0.003375140018761158
Liver,15,current_shared,ungood/img/10_346.png,1,0.7600300312042236,0.06556592881679535,0.014497660100460052
Liver,15,current_shared,ungood/img/10_347.png,1,0.7568252682685852,0.45873692631721497,0.1398656964302063
Liver,15,current_shared,ungood/img/10_348.png,1,0.7561133503913879,0.7097890973091125,0.2194492518901825
Liver,15,current_shared,ungood/img/10_349.png,1,0.7426871061325073,0.09698723256587982,0.015513254329562187
Liver,15,current_shared,ungood/img/10_350.png,1,0.7517045736312866,0.48400288820266724,0.1482609659433365
Liver,15,current_shared,ungood/img/10_351.png,1,0.7402033805847168,0.0038246759213507175,0.0008220469462685287
Liver,15,current_shared,ungood/img/10_352.png,1,0.749161958694458,0.01493828371167183,0.0031226256396621466
Liver,15,current_shared,ungood/img/10_353.png,1,0.7571982145309448,0.04821310192346573,0.01027012336999178
Liver,15,current_shared,ungood/img/10_354.png,1,0.7373983263969421,0.0016490716952830553,0.00047260080464184284
Liver,15,current_shared,ungood/img/10_356.png,1,0.7513278126716614,0.0015517474384978414,0.0005969242192804813
Liver,15,current_shared,ungood/img/10_357.png,1,0.7442359328269958,0.00042003230191767216,0.00017144482990261167
Liver,15,current_shared,ungood/img/10_358.png,1,0.7491938471794128,0.020990608260035515,0.009470243006944656
Liver,15,current_shared,ungood/img/10_367.png,1,0.7378525137901306,0.19294603168964386,0.10753423720598221
Liver,15,current_shared,ungood/img/10_368.png,1,0.7479896545410156,0.08855575323104858,0.030406074598431587
Liver,15,current_shared,ungood/img/10_369.png,1,0.7611789703369141,0.04963630810379982,0.020924586802721024
Liver,15,current_shared,ungood/img/10_370.png,1,0.7485893368721008,0.07042130827903748,0.028975633904337883
Liver,15,current_shared,ungood/img/10_371.png,1,0.7509362101554871,0.4230922758579254,0.14903180301189423
Liver,15,current_shared,ungood/img/10_372.png,1,0.7578175067901611,0.32501286268234253,0.07236754149198532
Liver,15,current_shared,ungood/img/10_373.png,1,0.7582505941390991,0.4066571593284607,0.12728942930698395
Liver,15,current_shared,ungood/img/10_375.png,1,0.7586329579353333,0.3545052707195282,0.12084033340215683
Liver,15,current_shared,ungood/img/10_376.png,1,0.7528616786003113,0.11742720752954483,0.03638766333460808
Liver,15,current_shared,ungood/img/10_377.png,1,0.7579228281974792,0.14765441417694092,0.04835210740566254
Liver,15,current_shared,ungood/img/10_378.png,1,0.7551430463790894,0.26232966780662537,0.08469649404287338
Liver,15,current_shared,ungood/img/10_379.png,1,0.7596559524536133,0.589457631111145,0.2691420614719391
Liver,15,current_shared,ungood/img/10_380.png,1,0.7678931355476379,0.6818708181381226,0.46670401096343994
Liver,15,current_shared,ungood/img/10_381.png,1,0.7673203349113464,0.9489406943321228,0.8319557309150696
Liver,15,current_shared,ungood/img/10_382.png,1,0.7711121439933777,0.7779160737991333,0.5247889161109924
Liver,15,current_shared,ungood/img/10_383.png,1,0.7627087831497192,0.14320822060108185,0.051361557096242905
Liver,15,current_shared,ungood/img/10_384.png,1,0.7650019526481628,0.32474812865257263,0.1672530621290207
Liver,15,current_shared,ungood/img/10_385.png,1,0.7630393505096436,0.554167628288269,0.2511599361896515
Liver,15,current_shared,ungood/img/10_386.png,1,0.7793786525726318,0.9963343143463135,0.9846682548522949
Liver,15,current_shared,ungood/img/10_387.png,1,0.758217453956604,0.9980968832969666,0.993853747844696
Liver,15,current_shared,ungood/img/10_388.png,1,0.7519950866699219,0.9946449995040894,0.9814098477363586
Liver,15,current_shared,ungood/img/10_426.png,1,0.7748448848724365,0.9993776679039001,0.9986246824264526
Liver,15,current_shared,ungood/img/10_427.png,1,0.7585777044296265,0.9985164999961853,0.996955156326294
Liver,15,current_shared,ungood/img/10_428.png,1,0.7550994157791138,0.995857298374176,0.9922308325767517
Liver,15,current_shared,ungood/img/10_429.png,1,0.7866076827049255,0.9994317889213562,0.998410701751709
Liver,15,current_shared,ungood/img/10_430.png,1,0.7821605801582336,0.9991438388824463,0.9983525276184082
Liver,15,current_shared,ungood/img/10_431.png,1,0.7847253680229187,0.9971001744270325,0.9959303736686707
Liver,15,current_shared,ungood/img/10_433.png,1,0.7810492515563965,0.9969626069068909,0.9912083745002747
Liver,15,current_shared,ungood/img/10_434.png,1,0.7645853161811829,0.9920992851257324,0.9817639589309692
Liver,15,current_shared,ungood/img/10_457.png,1,0.7689527869224548,0.7706838250160217,0.6433840394020081
Liver,15,current_shared,ungood/img/10_458.png,1,0.77824866771698,0.16001838445663452,0.0907251238822937
Liver,15,current_shared,ungood/img/10_459.png,1,0.8044921159744263,0.6576322317123413,0.499939501285553
Liver,15,current_shared,ungood/img/10_460.png,1,0.8080974221229553,0.62956303358078,0.4290972948074341
Liver,15,current_shared,ungood/img/10_461.png,1,0.8084781169891357,0.26086267828941345,0.09791158139705658
Liver,15,current_shared,ungood/img/10_462.png,1,0.8141975402832031,0.7110702991485596,0.6124196648597717
Liver,15,current_shared,ungood/img/10_463.png,1,0.8071832060813904,0.1201297715306282,0.06924498826265335
Liver,15,current_shared,ungood/img/10_464.png,1,0.7915981411933899,0.9044762849807739,0.6975868344306946
Liver,15,current_shared,ungood/img/10_465.png,1,0.8058512806892395,0.7516834139823914,0.4778802692890167
Liver,15,current_shared,ungood/img/10_466.png,1,0.8162528872489929,0.9546058177947998,0.9152790904045105
Liver,15,current_shared,ungood/img/10_467.png,1,0.8250604867935181,0.9877609014511108,0.971351683139801
Liver,15,current_shared,ungood/img/10_468.png,1,0.802054226398468,0.9975606203079224,0.9925522804260254
Liver,15,current_shared,ungood/img/10_469.png,1,0.8161748051643372,0.9914095997810364,0.9557405114173889
Liver,15,current_shared,ungood/img/10_470.png,1,0.8210947513580322,0.9885451197624207,0.9413366913795471
Liver,15,current_shared,ungood/img/10_471.png,1,0.8172187209129333,0.9636722803115845,0.8217553496360779
Liver,15,current_shared,ungood/img/10_472.png,1,0.7895001173019409,0.9782353639602661,0.7888578176498413
Liver,15,current_shared,ungood/img/1_56.png,1,0.815920352935791,0.9858601093292236,0.9744182825088501
Liver,15,current_shared,ungood/img/1_57.png,1,0.8101820349693298,0.9749588370323181,0.9074857831001282
Liver,15,current_shared,ungood/img/1_58.png,1,0.8194380402565002,0.9974257349967957,0.9956517815589905
Liver,15,current_shared,ungood/img/1_59.png,1,0.8185303211212158,0.9964867830276489,0.9938706755638123
Liver,15,current_shared,ungood/img/1_60.png,1,0.8247219920158386,0.9937328696250916,0.9879204034805298
Liver,15,current_shared,ungood/img/1_61.png,1,0.8110936284065247,0.9936416745185852,0.9874590635299683
Liver,15,current_shared,ungood/img/1_62.png,1,0.8118743896484375,0.9772571325302124,0.947754979133606
Liver,15,current_shared,ungood/img/1_63.png,1,0.8144821524620056,0.9981300234794617,0.9952587485313416
Liver,15,current_shared,ungood/img/1_65.png,1,0.8243794441223145,0.9906856417655945,0.982075572013855
Liver,15,current_shared,ungood/img/1_66.png,1,0.8171603083610535,0.9964080452919006,0.995057225227356
Liver,15,current_shared,ungood/img/1_67.png,1,0.8194694519042969,0.9754215478897095,0.9643512964248657
Liver,15,current_shared,ungood/img/1_68.png,1,0.8169878125190735,0.9952670335769653,0.9918258190155029
Liver,15,current_shared,ungood/img/1_69.png,1,0.8309887051582336,0.996886670589447,0.9947182536125183
Liver,15,current_shared,ungood/img/1_70.png,1,0.8285104036331177,0.9970278143882751,0.9906113147735596
Liver,15,current_shared,ungood/img/1_71.png,1,0.8349401950836182,0.9929312467575073,0.9809097647666931
Liver,15,current_shared,ungood/img/2_440.png,1,0.8066603541374207,0.9777661561965942,0.9616051912307739
Liver,15,current_shared,ungood/img/2_441.png,1,0.8047947287559509,0.9350926876068115,0.8759544491767883
Liver,15,current_shared,ungood/img/2_442.png,1,0.7888326644897461,0.9480629563331604,0.9164624214172363
Liver,15,current_shared,ungood/img/2_443.png,1,0.8115079402923584,0.7904256582260132,0.554391622543335
Liver,15,current_shared,ungood/img/2_444.png,1,0.8133955001831055,0.8426271080970764,0.7349575757980347
Liver,15,current_shared,ungood/img/2_445.png,1,0.8125691413879395,0.9769448041915894,0.9519756436347961
Liver,15,current_shared,ungood/img/2_446.png,1,0.7933800220489502,0.9907247424125671,0.9839456677436829
Liver,15,current_shared,ungood/img/2_447.png,1,0.8099320530891418,0.9345826506614685,0.8514326810836792
Liver,15,current_shared,ungood/img/2_448.png,1,0.8108355402946472,0.9571691155433655,0.8678264021873474
Liver,15,current_shared,ungood/img/2_449.png,1,0.8218734860420227,0.5735787749290466,0.24444398283958435
Liver,15,current_shared,ungood/img/2_450.png,1,0.8189955949783325,0.24861375987529755,0.06670244038105011
Liver,15,current_shared,ungood/img/2_451.png,1,0.8144519925117493,0.6863868236541748,0.372623473405838
Liver,15,current_shared,ungood/img/2_452.png,1,0.806694507598877,0.76014244556427,0.3604436218738556
Liver,15,current_shared,ungood/img/2_453.png,1,0.799292266368866,0.4255424737930298,0.1270003616809845
Liver,15,current_shared,ungood/img/2_454.png,1,0.7947615385055542,0.3470868468284607,0.10734235495328903
Liver,15,current_shared,ungood/img/2_456.png,1,0.7773910164833069,0.1426267772912979,0.025574373081326485
Liver,15,current_shared,ungood/img/2_457.png,1,0.7823736071586609,0.42808565497398376,0.12459539622068405
Liver,15,current_shared,ungood/img/2_458.png,1,0.7983503341674805,0.9440621733665466,0.7648308873176575
Liver,15,current_shared,ungood/img/2_459.png,1,0.7810727953910828,0.9263058304786682,0.6951843500137329
Liver,15,current_shared,ungood/img/2_460.png,1,0.7764135599136353,0.7451381683349609,0.47500815987586975
Liver,15,current_shared,ungood/img/2_461.png,1,0.7737868428230286,0.5502076745033264,0.20585066080093384
Liver,15,current_shared,ungood/img/2_462.png,1,0.7553215026855469,0.9701570868492126,0.8955259919166565
Liver,15,current_shared,ungood/img/2_463.png,1,0.7680237889289856,0.9957929849624634,0.9847397804260254
Liver,15,current_shared,ungood/img/2_464.png,1,0.758482038974762,0.9677674174308777,0.8954720497131348
Liver,15,current_shared,ungood/img/2_465.png,1,0.761017382144928,0.9573414921760559,0.8350346088409424
Liver,15,current_shared,ungood/img/2_466.png,1,0.7633762955665588,0.9163461923599243,0.6569913029670715
Liver,15,current_shared,ungood/img/2_467.png,1,0.7779713869094849,0.9949707984924316,0.9795279502868652
Liver,15,current_shared,ungood/img/2_468.png,1,0.7843910455703735,0.9972220659255981,0.9886586666107178
Liver,15,current_shared,ungood/img/3_356.png,1,0.42283952236175537,0.0013148090802133083,0.00042987149208784103
Liver,15,current_shared,ungood/img/3_357.png,1,0.41236621141433716,0.0013318603159859776,0.0004401133337523788
Liver,15,current_shared,ungood/img/3_358.png,1,0.4232514798641205,0.0008450343739241362,0.00033088462078012526
Liver,15,current_shared,ungood/img/3_359.png,1,0.41810131072998047,0.0002580032160039991,0.00010932120494544506
Liver,15,current_shared,ungood/img/3_360.png,1,0.428600937128067,0.0026569596957415342,0.0013214430073276162
Liver,15,current_shared,ungood/img/3_361.png,1,0.6249547600746155,0.008764030411839485,0.004703990183770657
Liver,15,current_shared,ungood/img/3_362.png,1,0.7472368478775024,0.4930550754070282,0.25195130705833435
Liver,15,current_shared,ungood/img/3_363.png,1,0.4264645576477051,0.0026936130598187447,0.0012172042625024915
Liver,15,current_shared,ungood/img/3_364.png,1,0.4223819375038147,0.14928865432739258,0.049956247210502625
Liver,15,current_shared,ungood/img/3_365.png,1,0.733427107334137,0.4228140115737915,0.21838468313217163
Liver,15,current_shared,ungood/img/3_366.png,1,0.7006394863128662,0.07547389715909958,0.023857884109020233
Liver,15,current_shared,ungood/img/3_367.png,1,0.7260254621505737,0.0814453512430191,0.033445093780756
Liver,15,current_shared,ungood/img/3_368.png,1,0.768614649772644,0.4143455922603607,0.2525491416454315
Liver,15,current_shared,ungood/img/3_369.png,1,0.5488772392272949,0.2525777220726013,0.11855033040046692
Liver,15,current_shared,ungood/img/3_370.png,1,0.5897568464279175,0.2959688901901245,0.15209095180034637
Liver,15,current_shared,ungood/img/4_347.png,1,0.6321008801460266,2.6664260076358914e-05,7.497840670112055e-06
Liver,15,current_shared,ungood/img/4_348.png,1,0.6262109279632568,6.588041287614033e-05,1.9700142729561776e-05
Liver,15,current_shared,ungood/img/4_349.png,1,0.6568905711174011,0.001485401182435453,0.00029475579503923655
Liver,15,current_shared,ungood/img/4_350.png,1,0.6898728013038635,0.0031431722454726696,0.0005231914692558348
Liver,15,current_shared,ungood/img/4_351.png,1,0.6979841589927673,0.012956499122083187,0.0019234070787206292
Liver,15,current_shared,ungood/img/4_352.png,1,0.6911023855209351,0.020410092547535896,0.002837870502844453
Liver,15,current_shared,ungood/img/4_353.png,1,0.7071004509925842,0.0356522761285305,0.004575367085635662
Liver,15,current_shared,ungood/img/4_354.png,1,0.7003920078277588,0.05619144067168236,0.0067984270863235
Liver,15,current_shared,ungood/img/4_355.png,1,0.7043917179107666,0.15873460471630096,0.018304169178009033
Liver,15,current_shared,ungood/img/4_356.png,1,0.6845308542251587,0.20199750363826752,0.024363897740840912
Liver,15,current_shared,ungood/img/4_358.png,1,0.7088202834129333,0.3285098969936371,0.04182519391179085
Liver,15,current_shared,ungood/img/4_359.png,1,0.704863429069519,0.3500106632709503,0.0461236797273159
Liver,15,current_shared,ungood/img/4_360.png,1,0.7087091207504272,0.32624226808547974,0.04579782858490944
Liver,15,current_shared,ungood/img/4_361.png,1,0.7124360799789429,0.39253222942352295,0.05449245497584343
Liver,15,current_shared,ungood/img/4_362.png,1,0.7065969109535217,0.5196728706359863,0.09193461388349533
Liver,15,current_shared,ungood/img/4_363.png,1,0.7155925631523132,0.46284496784210205,0.08300115913152695
Liver,15,current_shared,ungood/img/4_364.png,1,0.7037996053695679,0.642950177192688,0.1473296582698822
Liver,15,current_shared,ungood/img/4_365.png,1,0.7230209112167358,0.1030123308300972,0.02105977199971676
Liver,15,current_shared,ungood/img/4_366.png,1,0.7427834272384644,0.45996612310409546,0.08500975370407104
Liver,15,current_shared,ungood/img/4_367.png,1,0.732738733291626,0.6939873695373535,0.1903989464044571
Liver,15,current_shared,ungood/img/4_368.png,1,0.7075276970863342,0.1850920170545578,0.043059341609478
Liver,15,current_shared,ungood/img/4_370.png,1,0.7441480755805969,0.3774874210357666,0.10288134962320328
Liver,15,current_shared,ungood/img/4_371.png,1,0.743728518486023,0.18104834854602814,0.059806231409311295
Liver,15,current_shared,ungood/img/4_372.png,1,0.752530038356781,0.821893572807312,0.34287285804748535
Liver,15,current_shared,ungood/img/4_373.png,1,0.749143660068512,0.5976275205612183,0.2227190136909485
Liver,15,current_shared,ungood/img/4_374.png,1,0.766565203666687,0.8758910894393921,0.4503498077392578
Liver,15,current_shared,ungood/img/4_375.png,1,0.7515382170677185,0.5220634341239929,0.183510884642601
Liver,15,current_shared,ungood/img/4_376.png,1,0.7525234818458557,0.07376574724912643,0.026845809072256088
Liver,15,current_shared,ungood/img/4_377.png,1,0.7644732594490051,0.8971573710441589,0.5639975666999817
Liver,15,current_shared,ungood/img/4_378.png,1,0.7803908586502075,0.9450832605361938,0.6600733399391174
Liver,15,current_shared,ungood/img/4_379.png,1,0.7551150918006897,0.5011731386184692,0.2348778396844864
Liver,15,current_shared,ungood/img/4_380.png,1,0.7801445722579956,0.9791379570960999,0.800948441028595
Liver,15,current_shared,ungood/img/4_381.png,1,0.7687353491783142,0.9826867580413818,0.8110961318016052
Liver,15,current_shared,ungood/img/4_382.png,1,0.7638296484947205,0.9815621972084045,0.8757216930389404
Liver,15,current_shared,ungood/img/4_383.png,1,0.7609831094741821,0.9418579339981079,0.7566477656364441
Liver,15,current_shared,ungood/img/4_384.png,1,0.777074933052063,0.871864914894104,0.6461312770843506
Liver,15,current_shared,ungood/img/4_385.png,1,0.7877364158630371,0.9107232093811035,0.6815344095230103
Liver,15,current_shared,ungood/img/4_386.png,1,0.7428993582725525,0.6804138422012329,0.41662144660949707
Liver,15,current_shared,ungood/img/4_387.png,1,0.48318547010421753,0.003042037831619382,0.0012732153991237283
Liver,15,current_shared,ungood/img/4_388.png,1,0.4941386282444,0.01656344160437584,0.008134341798722744
Liver,15,current_shared,ungood/img/4_389.png,1,0.4729922115802765,0.0001991671888390556,7.686787284910679e-05
Liver,15,current_shared,ungood/img/4_390.png,1,0.47670120000839233,4.788217211171286e-06,2.7990515718556708e-06
Liver,15,current_shared,ungood/img/4_391.png,1,0.4709695279598236,3.3435417208238505e-06,2.0340303308330476e-06
Liver,15,current_shared,ungood/img/4_392.png,1,0.46536532044410706,8.773537956585642e-06,5.616835096589057e-06
Liver,15,current_shared,ungood/img/4_394.png,1,0.5146094560623169,0.10009144246578217,0.03499336168169975
Liver,15,current_shared,ungood/img/4_395.png,1,0.47794291377067566,0.06439775228500366,0.019284425303339958
Liver,15,current_shared,ungood/img/4_396.png,1,0.4740475118160248,5.576918556471355e-05,2.502153438399546e-05
Liver,15,current_shared,ungood/img/4_397.png,1,0.47156137228012085,0.0010024775983765721,0.00039125620969571173
Liver,15,current_shared,ungood/img/4_398.png,1,0.5597168803215027,0.7751462459564209,0.4881214201450348
Liver,15,current_shared,ungood/img/4_400.png,1,0.48310497403144836,6.834872328909114e-05,3.668549470603466e-05
Liver,15,current_shared,ungood/img/4_401.png,1,0.4974665641784668,9.730618330650032e-05,6.198933260748163e-05
Liver,15,current_shared,ungood/img/4_402.png,1,0.4920729398727417,0.0001735436380840838,9.595186566002667e-05
Liver,15,current_shared,ungood/img/4_403.png,1,0.4790518283843994,0.0001608697639312595,7.376287976512685e-05
Liver,15,current_shared,ungood/img/4_404.png,1,0.4747353792190552,1.9815632185782306e-05,1.1089798135799356e-05
Liver,15,current_shared,ungood/img/4_405.png,1,0.47659191489219666,3.587691026041284e-06,2.5426784304727335e-06
Liver,15,current_shared,ungood/img/4_406.png,1,0.4764035940170288,0.0008036309736780822,0.0003044946352019906
Liver,15,current_shared,ungood/img/4_407.png,1,0.4986895024776459,0.011625172570347786,0.003907886799424887
Liver,15,current_shared,ungood/img/4_408.png,1,0.7939576506614685,0.890248715877533,0.6358832716941833
Liver,15,current_shared,ungood/img/4_409.png,1,0.786872923374176,0.9454939961433411,0.8114821314811707
Liver,15,current_shared,ungood/img/4_410.png,1,0.5926271677017212,0.9320625066757202,0.7968950271606445
Liver,15,current_shared,ungood/img/4_411.png,1,0.7922340035438538,0.8446974158287048,0.5191123485565186
Liver,15,current_shared,ungood/img/4_412.png,1,0.7847287058830261,0.9854654669761658,0.9296929836273193
Liver,15,current_shared,ungood/img/4_413.png,1,0.7912108898162842,0.9936376214027405,0.9568417072296143
Liver,15,current_shared,ungood/img/4_414.png,1,0.7843016982078552,0.9964609742164612,0.9838500022888184
Liver,15,current_shared,ungood/img/4_415.png,1,0.7878128290176392,0.9980136156082153,0.9935106635093689
Liver,15,current_shared,ungood/img/4_416.png,1,0.7701005339622498,0.9974580407142639,0.9916200637817383
Liver,15,current_shared,ungood/img/4_417.png,1,0.7825210690498352,0.9978748559951782,0.9921430945396423
Liver,15,current_shared,ungood/img/4_418.png,1,0.7796046137809753,0.9971828460693359,0.9883280992507935
Liver,15,current_shared,ungood/img/4_419.png,1,0.7771316170692444,0.9975034594535828,0.9922624826431274
Liver,15,current_shared,ungood/img/4_420.png,1,0.774895429611206,0.9981421232223511,0.9943902492523193
Liver,15,current_shared,ungood/img/4_421.png,1,0.7700902223587036,0.998640239238739,0.9956310987472534
Liver,15,current_shared,ungood/img/4_422.png,1,0.7526044249534607,0.9993558526039124,0.9979073405265808
Liver,15,current_shared,ungood/img/4_423.png,1,0.7704211473464966,0.998978853225708,0.9967981576919556
Liver,15,current_shared,ungood/img/4_424.png,1,0.726340651512146,0.9982221722602844,0.9938073754310608
Liver,15,current_shared,ungood/img/4_425.png,1,0.7638483047485352,0.9984196424484253,0.994608998298645
Liver,15,current_shared,ungood/img/4_426.png,1,0.7656785249710083,0.9963155388832092,0.9894495010375977
Liver,15,current_shared,ungood/img/4_427.png,1,0.7437041401863098,0.9971393346786499,0.992943286895752
Liver,15,current_shared,ungood/img/4_428.png,1,0.7731269001960754,0.997890293598175,0.9957366585731506
Liver,15,current_shared,ungood/img/4_429.png,1,0.7656030058860779,0.9930099248886108,0.9882231950759888
Liver,15,current_shared,ungood/img/4_430.png,1,0.7717766165733337,0.9943957328796387,0.9890719056129456
Liver,15,current_shared,ungood/img/4_431.png,1,0.7544836401939392,0.9944584369659424,0.9881748557090759
Liver,15,current_shared,ungood/img/4_432.png,1,0.7657418251037598,0.9592168927192688,0.8901200890541077
Liver,15,current_shared,ungood/img/4_433.png,1,0.7895717620849609,0.9870787858963013,0.9676228165626526
Liver,15,current_shared,ungood/img/4_434.png,1,0.763862133026123,0.9936561584472656,0.9811657071113586
Liver,15,current_shared,ungood/img/4_435.png,1,0.7602366805076599,0.9953324198722839,0.9871161580085754
Liver,15,current_shared,ungood/img/4_436.png,1,0.7415443658828735,0.9941200613975525,0.9821900129318237
Liver,15,current_shared,ungood/img/4_437.png,1,0.7491933107376099,0.9795443415641785,0.9513534307479858
Liver,15,current_shared,ungood/img/4_438.png,1,0.7433804273605347,0.9935123324394226,0.9806933403015137
Liver,15,current_shared,ungood/img/4_439.png,1,0.7543745040893555,0.9965428709983826,0.9892823100090027
Liver,15,current_shared,ungood/img/4_440.png,1,0.7637380957603455,0.9982386827468872,0.9943153858184814
Liver,15,current_shared,ungood/img/4_441.png,1,0.7512960433959961,0.9973185658454895,0.9903972148895264
Liver,15,current_shared,ungood/img/4_442.png,1,0.7553253769874573,0.9982784986495972,0.994589626789093
Liver,15,current_shared,ungood/img/4_443.png,1,0.7455454468727112,0.9982750415802002,0.9957846999168396
Liver,15,current_shared,ungood/img/4_444.png,1,0.753248929977417,0.9989628791809082,0.9976086020469666
Liver,15,current_shared,ungood/img/4_445.png,1,0.7650042772293091,0.9987541437149048,0.9966992735862732
Liver,15,current_shared,ungood/img/4_446.png,1,0.7680157423019409,0.9985104203224182,0.9963516592979431
Liver,15,current_shared,ungood/img/4_447.png,1,0.7708984613418579,0.9979472756385803,0.9963013529777527
Liver,15,current_shared,ungood/img/4_449.png,1,0.7736913561820984,0.9937777519226074,0.9917880892753601
Liver,15,current_shared,ungood/img/4_450.png,1,0.7777416706085205,0.9961407780647278,0.9927423596382141
Liver,15,current_shared,ungood/img/4_451.png,1,0.7737768888473511,0.9976110458374023,0.9958691000938416
Liver,15,current_shared,ungood/img/4_452.png,1,0.7765404582023621,0.9956307411193848,0.9931139349937439
Liver,15,current_shared,ungood/img/4_453.png,1,0.7886567115783691,0.9962980151176453,0.994253396987915
Liver,15,current_shared,ungood/img/4_454.png,1,0.7893943786621094,0.9882055521011353,0.9819732904434204
Liver,15,current_shared,ungood/img/4_455.png,1,0.7856225967407227,0.997922956943512,0.9965598583221436
Liver,15,current_shared,ungood/img/4_456.png,1,0.7914214134216309,0.9906157851219177,0.9838852882385254
Liver,15,current_shared,ungood/img/4_457.png,1,0.7817920446395874,0.984654426574707,0.96844881772995
Liver,15,current_shared,ungood/img/4_458.png,1,0.779302716255188,0.9803422093391418,0.9687228798866272
Liver,15,current_shared,ungood/img/4_459.png,1,0.7815516591072083,0.9799147248268127,0.9720472693443298
Liver,15,current_shared,ungood/img/4_460.png,1,0.7872673273086548,0.9871990084648132,0.9791502952575684
Liver,15,current_shared,ungood/img/4_461.png,1,0.7845500111579895,0.994721531867981,0.9900920391082764
Liver,15,current_shared,ungood/img/4_462.png,1,0.7820073962211609,0.9970635771751404,0.9950091242790222
Liver,15,current_shared,ungood/img/4_463.png,1,0.7827634811401367,0.9984878301620483,0.9973323941230774
Liver,15,current_shared,ungood/img/4_464.png,1,0.7938879728317261,0.9983192086219788,0.9974929094314575
Liver,15,current_shared,ungood/img/4_465.png,1,0.7929216027259827,0.9981560111045837,0.9965444803237915
Liver,15,current_shared,ungood/img/4_466.png,1,0.7822163701057434,0.9976890087127686,0.9955081343650818
Liver,15,current_shared,ungood/img/4_467.png,1,0.7598867416381836,0.996678352355957,0.9924296736717224
Liver,15,current_shared,ungood/img/4_468.png,1,0.7750731110572815,0.9965845346450806,0.9941798448562622
Liver,15,current_shared,ungood/img/4_470.png,1,0.788018524646759,0.9981033802032471,0.9967056512832642
Liver,15,current_shared,ungood/img/4_472.png,1,0.7866559624671936,0.9971683621406555,0.9953189492225647
Liver,15,current_shared,ungood/img/4_473.png,1,0.7851468324661255,0.9968390464782715,0.9956664443016052
Liver,15,current_shared,ungood/img/4_474.png,1,0.7946120500564575,0.9968798160552979,0.9948171973228455
Liver,15,current_shared,ungood/img/4_475.png,1,0.790820837020874,0.9977433681488037,0.9964963793754578
Liver,15,current_shared,ungood/img/4_476.png,1,0.789482593536377,0.9988572597503662,0.9982634782791138
Liver,15,current_shared,ungood/img/4_477.png,1,0.7959575653076172,0.9985684156417847,0.9975182414054871
Liver,15,current_shared,ungood/img/4_478.png,1,0.7996339797973633,0.9988275170326233,0.9979516267776489
Liver,15,current_shared,ungood/img/4_479.png,1,0.7974246740341187,0.998412013053894,0.9974652528762817
Liver,15,current_shared,ungood/img/4_480.png,1,0.7950920462608337,0.998913049697876,0.9984641075134277
Liver,15,current_shared,ungood/img/4_481.png,1,0.7944926619529724,0.998345136642456,0.9977145195007324
Liver,15,current_shared,ungood/img/4_483.png,1,0.802505373954773,0.9821920990943909,0.9676790237426758
Liver,15,current_shared,ungood/img/4_484.png,1,0.8008043169975281,0.9866501092910767,0.9741463661193848
Liver,15,current_shared,ungood/img/4_485.png,1,0.7993918657302856,0.9823209047317505,0.976771354675293
Liver,15,current_shared,ungood/img/4_486.png,1,0.808777928352356,0.41748690605163574,0.11832333356142044
Liver,15,current_shared,ungood/img/4_488.png,1,0.8110649585723877,0.4339654743671417,0.15097947418689728
Liver,15,current_shared,ungood/img/4_489.png,1,0.8150278329849243,0.8962998390197754,0.6842454671859741
Liver,15,current_shared,ungood/img/4_490.png,1,0.8152629137039185,0.9515414834022522,0.8297348618507385
Liver,15,current_shared,ungood/img/4_491.png,1,0.8069603443145752,0.9437820911407471,0.838136613368988
Liver,15,current_shared,ungood/img/4_492.png,1,0.8083059191703796,0.9456648230552673,0.8836446404457092
Liver,15,current_shared,ungood/img/4_494.png,1,0.8169222474098206,0.8935106992721558,0.817542552947998
Liver,15,current_shared,ungood/img/4_495.png,1,0.8122197985649109,0.9296772480010986,0.9019619226455688
Liver,15,current_shared,ungood/img/4_496.png,1,0.8123131990432739,0.9461258053779602,0.9207179546356201
Liver,15,current_shared,ungood/img/4_497.png,1,0.8136392831802368,0.9563259482383728,0.932214617729187
Liver,15,current_shared,ungood/img/4_498.png,1,0.8122695088386536,0.9772047400474548,0.9482557773590088
Liver,15,current_shared,ungood/img/4_499.png,1,0.811745285987854,0.9482563734054565,0.8787383437156677
Liver,15,current_shared,ungood/img/4_500.png,1,0.8105408549308777,0.9726550579071045,0.943921685218811
Liver,15,current_shared,ungood/img/4_501.png,1,0.7980292439460754,0.9848195314407349,0.9766710996627808
Liver,15,current_shared,ungood/img/4_502.png,1,0.7917923331260681,0.9176111817359924,0.8681409358978271
Liver,15,current_shared,ungood/img/4_503.png,1,0.7923003435134888,0.7727907299995422,0.5765296220779419
Liver,15,current_shared,ungood/img/4_505.png,1,0.7873477339744568,0.9502362012863159,0.9327202439308167
Liver,15,current_shared,ungood/img/4_506.png,1,0.7860589623451233,0.9217135310173035,0.8598264455795288
Liver,15,current_shared,ungood/img/4_507.png,1,0.786802351474762,0.9862972497940063,0.9754640460014343
Liver,15,current_shared,ungood/img/4_508.png,1,0.78829026222229,0.974944531917572,0.9581227898597717
Liver,15,current_shared,ungood/img/4_509.png,1,0.7877495884895325,0.9784123301506042,0.9630690813064575
Liver,15,current_shared,ungood/img/4_510.png,1,0.7892345190048218,0.9291478395462036,0.887539803981781
Liver,15,current_shared,ungood/img/4_511.png,1,0.7828540205955505,0.8942074775695801,0.8036965727806091
Liver,15,current_shared,ungood/img/4_513.png,1,0.7959145903587341,0.9616029858589172,0.9490639567375183
Liver,15,current_shared,ungood/img/4_515.png,1,0.7885551452636719,0.935344398021698,0.8820013403892517
Liver,15,current_shared,ungood/img/4_516.png,1,0.7757869958877563,0.9689477682113647,0.948006808757782
Liver,15,current_shared,ungood/img/4_517.png,1,0.7470678687095642,0.9644752144813538,0.9433721303939819
Liver,15,current_shared,ungood/img/4_518.png,1,0.7879200577735901,0.9716753959655762,0.953080415725708
Liver,15,current_shared,ungood/img/4_519.png,1,0.7885416746139526,0.935016930103302,0.8817755579948425
Liver,15,current_shared,ungood/img/4_520.png,1,0.7780810594558716,0.9212601780891418,0.8534241318702698
Liver,15,current_shared,ungood/img/4_521.png,1,0.7155699729919434,0.7518997192382812,0.6263678073883057
Liver,15,current_shared,ungood/img/4_522.png,1,0.5024089813232422,0.4123263955116272,0.3080184757709503
Liver,15,current_shared,ungood/img/4_523.png,1,0.705312192440033,0.7795411944389343,0.6344693899154663
Liver,15,current_shared,ungood/img/4_524.png,1,0.7566028833389282,0.8373172283172607,0.7347089052200317
Liver,15,current_shared,ungood/img/4_525.png,1,0.7556696534156799,0.9361385107040405,0.9033029675483704
Liver,15,current_shared,ungood/img/4_527.png,1,0.7664592862129211,0.8113067150115967,0.645511269569397
Liver,15,current_shared,ungood/img/4_528.png,1,0.7740039229393005,0.6869889497756958,0.5405977368354797
Liver,15,current_shared,ungood/img/4_529.png,1,0.7595746517181396,0.9621071219444275,0.9062143564224243
Liver,15,current_shared,ungood/img/4_530.png,1,0.7602300643920898,0.9044944643974304,0.7598767876625061
Liver,15,current_shared,ungood/img/4_531.png,1,0.5281398892402649,0.14113463461399078,0.07095798850059509
Liver,15,current_shared,ungood/img/4_533.png,1,0.7778705954551697,0.9916641712188721,0.9804991483688354
Liver,15,current_shared,ungood/img/4_534.png,1,0.8119878768920898,0.9813980460166931,0.9625465869903564
Liver,15,current_shared,ungood/img/4_535.png,1,0.8151713609695435,0.9551421999931335,0.9304117560386658
Liver,15,current_shared,ungood/img/4_536.png,1,0.8239724636077881,0.9482027292251587,0.8821189999580383
Liver,15,current_shared,ungood/img/4_537.png,1,0.8090336918830872,0.9200018048286438,0.850549578666687
Liver,15,current_shared,ungood/img/4_538.png,1,0.7899710536003113,0.9687446355819702,0.9395720958709717
Liver,15,current_shared,ungood/img/4_539.png,1,0.8013803958892822,0.967261016368866,0.9406454563140869
Liver,15,current_shared,ungood/img/4_540.png,1,0.7928552627563477,0.9793409109115601,0.96916663646698
Liver,15,current_shared,ungood/img/4_541.png,1,0.7851647138595581,0.9652130603790283,0.9293096661567688
Liver,15,current_shared,ungood/img/4_542.png,1,0.7934865951538086,0.9124815464019775,0.804410994052887
Liver,15,current_shared,ungood/img/4_543.png,1,0.7896800637245178,0.8775393962860107,0.7741016149520874
Liver,15,current_shared,ungood/img/4_544.png,1,0.7886468172073364,0.9264403581619263,0.8572357892990112
Liver,15,current_shared,ungood/img/4_545.png,1,0.7814241647720337,0.9393563270568848,0.9091694951057434
Liver,15,current_shared,ungood/img/4_546.png,1,0.7516705393791199,0.9625402092933655,0.9329143762588501
Liver,15,current_shared,ungood/img/4_547.png,1,0.7082434296607971,0.9295640587806702,0.8881144523620605
Liver,15,current_shared,ungood/img/4_549.png,1,0.7035792469978333,0.826429545879364,0.6180922985076904
Liver,15,current_shared,ungood/img/4_550.png,1,0.6594341993331909,0.7647690773010254,0.64473557472229
Liver,15,current_shared,ungood/img/4_551.png,1,0.48565730452537537,0.41765934228897095,0.2517569363117218
Liver,15,current_shared,ungood/img/4_552.png,1,0.48234081268310547,0.18484240770339966,0.0912773609161377
Liver,15,current_shared,ungood/img/4_553.png,1,0.5523008108139038,0.6066741347312927,0.3608808219432831
Liver,15,current_shared,ungood/img/4_554.png,1,0.5238119959831238,0.3757297396659851,0.17588186264038086
Liver,15,current_shared,ungood/img/4_555.png,1,0.48662522435188293,0.027195990085601807,0.016016604378819466
Liver,15,current_shared,ungood/img/4_556.png,1,0.48734307289123535,0.17652364075183868,0.13867373764514923
Liver,15,current_shared,ungood/img/4_558.png,1,0.7219215035438538,0.8907773494720459,0.8169809579849243
Liver,15,current_shared,ungood/img/4_559.png,1,0.7712401747703552,0.930621862411499,0.8480632305145264
Liver,15,current_shared,ungood/img/4_560.png,1,0.8074013590812683,0.9511580467224121,0.873069167137146
Liver,15,current_shared,ungood/img/4_561.png,1,0.7794522047042847,0.8952282071113586,0.8218866586685181
Liver,15,current_shared,ungood/img/4_562.png,1,0.7974801659584045,0.8970292210578918,0.7829164266586304
Liver,15,current_shared,ungood/img/4_563.png,1,0.787635087966919,0.779536247253418,0.6203901767730713
Liver,15,current_shared,ungood/img/4_564.png,1,0.7897467613220215,0.08528353273868561,0.026583826169371605
Liver,15,current_shared,ungood/img/4_566.png,1,0.6073793768882751,0.17088305950164795,0.03758082538843155
Liver,15,current_shared,ungood/img/4_567.png,1,0.7078376412391663,0.9284272789955139,0.6603284478187561
Liver,15,current_shared,ungood/img/4_568.png,1,0.7128706574440002,0.8544123768806458,0.46111950278282166
Liver,15,current_shared,ungood/img/4_569.png,1,0.7432146668434143,0.9269442558288574,0.7629649043083191
Liver,15,current_shared,ungood/img/4_570.png,1,0.7427186965942383,0.8971012234687805,0.6709136366844177
Liver,15,current_shared,ungood/img/4_571.png,1,0.7146118879318237,0.5697006583213806,0.28577202558517456
Liver,15,current_shared,ungood/img/4_572.png,1,0.6621633768081665,0.3635774850845337,0.1324605494737625
Liver,15,current_shared,ungood/img/4_573.png,1,0.4331924021244049,0.0008767374092712998,0.0003562887432053685
Liver,15,current_shared,ungood/img/4_574.png,1,0.4303607940673828,8.774113666731864e-05,3.146369635942392e-05
Liver,15,current_shared,ungood/img/4_575.png,1,0.7236771583557129,0.2190774381160736,0.08408928662538528
Liver,15,current_shared,ungood/img/4_576.png,1,0.7386875748634338,0.48029813170433044,0.1885092705488205
Liver,15,current_shared,ungood/img/4_577.png,1,0.7306775450706482,0.15887588262557983,0.04741549864411354
Liver,15,current_shared,ungood/img/4_578.png,1,0.7122699022293091,0.7748645544052124,0.4409525394439697
Liver,15,current_shared,ungood/img/4_579.png,1,0.769220769405365,0.3998562693595886,0.20553359389305115
Liver,15,current_shared,ungood/img/4_580.png,1,0.7665942907333374,0.46726149320602417,0.2733061909675598
Liver,15,current_shared,ungood/img/4_581.png,1,0.7522115707397461,0.26327821612358093,0.08681638538837433
Liver,15,current_shared,ungood/img/4_582.png,1,0.7578699588775635,0.34776487946510315,0.13962917029857635
Liver,15,current_shared,ungood/img/4_583.png,1,0.7536880373954773,0.40477854013442993,0.16164930164813995
Liver,15,current_shared,ungood/img/4_584.png,1,0.7696362733840942,0.28543323278427124,0.07704043388366699
Liver,15,current_shared,ungood/img/4_585.png,1,0.7322519421577454,0.14376074075698853,0.04350031539797783
Liver,15,current_shared,ungood/img/4_586.png,1,0.40292900800704956,0.0006948933587409556,0.00020990577468182892
Liver,15,current_shared,ungood/img/4_587.png,1,0.38481131196022034,8.071029355960491e-07,3.517297670896369e-07
Liver,15,current_shared,ungood/img/4_588.png,1,0.5207989811897278,0.08690417557954788,0.017785102128982544
Liver,15,current_shared,ungood/img/4_589.png,1,0.39891690015792847,0.004699703771620989,0.0007833633571863174
Liver,15,current_shared,ungood/img/5_451.png,1,0.7906233072280884,0.999893069267273,0.9997087717056274
Liver,15,current_shared,ungood/img/5_452.png,1,0.7867715954780579,0.9995259046554565,0.9987842440605164
Liver,15,current_shared,ungood/img/5_453.png,1,0.7863205075263977,0.999255359172821,0.9985718131065369
Liver,15,current_shared,ungood/img/5_454.png,1,0.7684648633003235,0.9996222257614136,0.9992009997367859
Liver,15,current_shared,ungood/img/5_456.png,1,0.7747591137886047,0.9984075427055359,0.995530903339386
Liver,15,current_shared,ungood/img/5_457.png,1,0.7783416509628296,0.9916960597038269,0.9862828254699707
Liver,15,current_shared,ungood/img/5_458.png,1,0.7620548605918884,0.9888904094696045,0.9733529090881348
Liver,15,current_shared,ungood/img/5_459.png,1,0.7638669610023499,0.9929013848304749,0.9808748364448547
Liver,15,current_shared,ungood/img/5_460.png,1,0.7656440734863281,0.9685013890266418,0.9232445359230042
Liver,15,current_shared,ungood/img/5_461.png,1,0.7638151049613953,0.7407799363136292,0.5152314901351929
Liver,15,current_shared,ungood/img/6_336.png,1,0.39344891905784607,3.9098708271012583e-07,2.1890078016895131e-07
Liver,15,current_shared,ungood/img/6_337.png,1,0.38743963837623596,1.392727000393279e-07,9.662043254365926e-08
Liver,15,current_shared,ungood/img/6_338.png,1,0.40362557768821716,4.118311665024521e-07,3.10596931285545e-07
Liver,15,current_shared,ungood/img/6_341.png,1,0.7200888991355896,0.0019432739354670048,0.0003981888003181666
Liver,15,current_shared,ungood/img/6_342.png,1,0.7377217411994934,0.00921680498868227,0.0016172603936865926
Liver,15,current_shared,ungood/img/6_343.png,1,0.7418314218521118,0.002149200765416026,0.0003817743272520602
Liver,15,current_shared,ungood/img/6_344.png,1,0.7233526110649109,0.0013429500395432115,0.00024553033290430903
Liver,15,current_shared,ungood/img/6_345.png,1,0.7233397364616394,0.0047778175212442875,0.0008785834652371705
Liver,15,current_shared,ungood/img/6_346.png,1,0.7423468232154846,0.011814295314252377,0.0022193791810423136
Liver,15,current_shared,ungood/img/6_347.png,1,0.7414795756340027,0.13047735393047333,0.02321254089474678
Liver,15,current_shared,ungood/img/6_348.png,1,0.7549853920936584,0.23593737185001373,0.039639927446842194
Liver,15,current_shared,ungood/img/6_351.png,1,0.7532857060432434,0.5116342902183533,0.14482977986335754
Liver,15,current_shared,ungood/img/6_354.png,1,0.744563102722168,0.1296509951353073,0.02330111525952816
Liver,15,current_shared,ungood/img/6_355.png,1,0.7530444264411926,0.054439645260572433,0.007792080752551556
Liver,15,current_shared,ungood/img/6_356.png,1,0.7464622855186462,0.02401307038962841,0.003897045971825719
Liver,15,current_shared,ungood/img/6_357.png,1,0.7508145570755005,0.06140169873833656,0.009046549908816814
Liver,15,current_shared,ungood/img/6_358.png,1,0.752998411655426,0.13249176740646362,0.02087606117129326
Liver,15,current_shared,ungood/img/6_359.png,1,0.7503067255020142,0.1406422108411789,0.02695656195282936
Liver,15,current_shared,ungood/img/6_360.png,1,0.7486894726753235,0.10562843084335327,0.019298115745186806
Liver,15,current_shared,ungood/img/6_361.png,1,0.741853654384613,0.3432624340057373,0.08301854878664017
Liver,15,current_shared,ungood/img/6_362.png,1,0.7529885768890381,0.2552678883075714,0.07068102806806564
Liver,15,current_shared,ungood/img/6_363.png,1,0.7468546628952026,0.14104856550693512,0.03633049502968788
Liver,15,current_shared,ungood/img/6_365.png,1,0.7415007948875427,0.6335639357566833,0.2077217698097229
Liver,15,current_shared,ungood/img/6_366.png,1,0.756942093372345,0.49321773648262024,0.14849290251731873
Liver,15,current_shared,ungood/img/6_367.png,1,0.7516583204269409,0.12597891688346863,0.0339275524020195
Liver,15,current_shared,ungood/img/6_368.png,1,0.7548120021820068,0.007034527603536844,0.0020654909312725067
Liver,15,current_shared,ungood/img/6_369.png,1,0.7586802244186401,0.038234397768974304,0.014397499151527882
Liver,15,current_shared,ungood/img/6_370.png,1,0.7620632648468018,0.7658588886260986,0.6227787137031555
Liver,15,current_shared,ungood/img/6_371.png,1,0.7520833015441895,0.7831512093544006,0.5327416658401489
Liver,15,current_shared,ungood/img/6_372.png,1,0.7432187795639038,0.7668476700782776,0.48101261258125305
Liver,15,current_shared,ungood/img/6_373.png,1,0.7374461889266968,0.05878763645887375,0.01764914020895958
Liver,15,current_shared,ungood/img/6_374.png,1,0.7534908056259155,0.043992411345243454,0.014909292571246624
Liver,15,current_shared,ungood/img/6_375.png,1,0.7521570920944214,0.2419673651456833,0.15214896202087402
Liver,15,current_shared,ungood/img/6_376.png,1,0.7438284158706665,0.022276049479842186,0.009166909381747246
Liver,15,current_shared,ungood/img/6_377.png,1,0.7495510578155518,0.011562872678041458,0.0048723649233579636
Liver,15,current_shared,ungood/img/6_378.png,1,0.7480625510215759,0.3762136399745941,0.20033381879329681
Liver,15,current_shared,ungood/img/6_379.png,1,0.7497939467430115,0.1897706240415573,0.06833481043577194
Liver,15,current_shared,ungood/img/6_380.png,1,0.7509022355079651,0.05579842999577522,0.014410845935344696
Liver,15,current_shared,ungood/img/6_381.png,1,0.7434747219085693,0.10693812370300293,0.028102727606892586
Liver,15,current_shared,ungood/img/6_382.png,1,0.7567794322967529,0.3935387134552002,0.11592592298984528
Liver,15,current_shared,ungood/img/6_383.png,1,0.7570846676826477,0.7415400743484497,0.4195781350135803
Liver,15,current_shared,ungood/img/6_384.png,1,0.7588722109794617,0.784400224685669,0.41793695092201233
Liver,15,current_shared,ungood/img/6_386.png,1,0.7576343417167664,0.20750778913497925,0.048828382045030594
Liver,15,current_shared,ungood/img/6_387.png,1,0.7580588459968567,0.10448598116636276,0.022992083802819252
Liver,15,current_shared,ungood/img/6_389.png,1,0.7834829092025757,0.8757587671279907,0.5878084897994995
Liver,15,current_shared,ungood/img/6_390.png,1,0.7727154493331909,0.8935584425926208,0.6306182742118835
Liver,15,current_shared,ungood/img/6_392.png,1,0.7575589418411255,0.12956957519054413,0.03426704928278923
Liver,15,current_shared,ungood/img/6_393.png,1,0.7601600885391235,0.5735598206520081,0.1937921643257141
Liver,15,current_shared,ungood/img/6_394.png,1,0.7634623050689697,0.5495940446853638,0.19415248930454254
Liver,15,current_shared,ungood/img/6_395.png,1,0.7493121027946472,0.282315731048584,0.08018841594457626
Liver,15,current_shared,ungood/img/6_396.png,1,0.7648657560348511,0.33307531476020813,0.10096395015716553
Liver,15,current_shared,ungood/img/6_399.png,1,0.7587397694587708,0.9835573434829712,0.9558231830596924
Liver,15,current_shared,ungood/img/6_400.png,1,0.7360061407089233,0.07170071452856064,0.029955720528960228
Liver,15,current_shared,ungood/img/6_401.png,1,0.7338622808456421,0.9105926156044006,0.8106476664543152
Liver,15,current_shared,ungood/img/6_446.png,1,0.7891371846199036,0.9944926500320435,0.9891647696495056
Liver,15,current_shared,ungood/img/6_447.png,1,0.7995206117630005,0.9915255904197693,0.9817633032798767
Liver,15,current_shared,ungood/img/6_448.png,1,0.7821621894836426,0.9968352913856506,0.9932743310928345
Liver,15,current_shared,ungood/img/6_449.png,1,0.7910634875297546,0.9905835390090942,0.9840307831764221
Liver,15,current_shared,ungood/img/6_450.png,1,0.7854724526405334,0.9623043537139893,0.9346392750740051
Liver,15,current_shared,ungood/img/6_451.png,1,0.7808881402015686,0.9740283489227295,0.9613966941833496
Liver,15,current_shared,ungood/img/6_463.png,1,0.8017259836196899,0.9668135643005371,0.891930878162384
Liver,15,current_shared,ungood/img/6_464.png,1,0.8042317628860474,0.740160346031189,0.5118714570999146
Liver,15,current_shared,ungood/img/6_465.png,1,0.8126776814460754,0.9738317131996155,0.9343783855438232
Liver,15,current_shared,ungood/img/6_466.png,1,0.7944152355194092,0.48876258730888367,0.4010632336139679
Liver,15,current_shared,ungood/img/6_467.png,1,0.8041818141937256,0.5190067887306213,0.28233978152275085
Liver,15,current_shared,ungood/img/6_469.png,1,0.8049600124359131,0.10667463392019272,0.04022219777107239
Liver,15,current_shared,ungood/img/6_471.png,1,0.786835789680481,0.21447165310382843,0.1285872906446457
Liver,15,current_shared,ungood/img/6_472.png,1,0.7979506850242615,0.552049994468689,0.43465742468833923
Liver,15,current_shared,ungood/img/6_473.png,1,0.7975822687149048,0.4652538001537323,0.26917171478271484
Liver,15,current_shared,ungood/img/6_475.png,1,0.7994562387466431,0.8538935780525208,0.6826576590538025
Liver,15,current_shared,ungood/img/6_476.png,1,0.7889257669448853,0.014909234829246998,0.007645638193935156
Liver,15,current_shared,ungood/img/6_477.png,1,0.7982382774353027,0.22951696813106537,0.14596006274223328
Liver,15,current_shared,ungood/img/6_478.png,1,0.8022273778915405,0.8289139866828918,0.7644274830818176
Liver,15,current_shared,ungood/img/6_479.png,1,0.7947050929069519,0.9811872243881226,0.9509420990943909
Liver,15,current_shared,ungood/img/6_480.png,1,0.7738850712776184,0.9764784574508667,0.9456858038902283
Liver,15,current_shared,ungood/img/6_481.png,1,0.799857497215271,0.9868894815444946,0.9628428816795349
Liver,15,current_shared,ungood/img/7_359.png,1,0.4278184175491333,3.2831833323143655e-06,1.301549559684645e-06
Liver,15,current_shared,ungood/img/7_360.png,1,0.43652430176734924,1.4818796444160398e-05,4.882560006080894e-06
Liver,15,current_shared,ungood/img/7_361.png,1,0.46316951513290405,0.0015481949085369706,0.0003156380553264171
Liver,15,current_shared,ungood/img/7_362.png,1,0.7464993000030518,0.10838592052459717,0.01730767823755741
Liver,15,current_shared,ungood/img/7_363.png,1,0.7459238171577454,0.060178276151418686,0.010055746883153915
Liver,15,current_shared,ungood/img/7_364.png,1,0.7557730674743652,0.1454421579837799,0.027452705428004265
Liver,15,current_shared,ungood/img/7_365.png,1,0.7573086619377136,0.7636129856109619,0.2623879313468933
Liver,15,current_shared,ungood/img/7_366.png,1,0.7569547891616821,0.37285134196281433,0.08966854214668274
Liver,15,current_shared,ungood/img/7_367.png,1,0.7563425898551941,0.755902886390686,0.27705034613609314
Liver,15,current_shared,ungood/img/7_368.png,1,0.7612197399139404,0.891980767250061,0.4621332287788391
Liver,15,current_shared,ungood/img/7_369.png,1,0.7455278635025024,0.36168649792671204,0.08704660087823868
Liver,15,current_shared,ungood/img/7_370.png,1,0.7509318590164185,0.18488354980945587,0.03492921218276024
Liver,15,current_shared,ungood/img/7_371.png,1,0.7581977844238281,0.3157244026660919,0.05388583242893219
Liver,15,current_shared,ungood/img/7_372.png,1,0.7645807266235352,0.9048572778701782,0.4878771901130676
Liver,15,current_shared,ungood/img/7_373.png,1,0.7547205090522766,0.8030667304992676,0.3008584976196289
Liver,15,current_shared,ungood/img/7_374.png,1,0.7580735087394714,0.5896759629249573,0.1456110030412674
Liver,15,current_shared,ungood/img/7_375.png,1,0.7575843930244446,0.16925105452537537,0.03832835331559181
Liver,15,current_shared,ungood/img/7_376.png,1,0.765968918800354,0.24844126403331757,0.05086454376578331
Liver,15,current_shared,ungood/img/7_377.png,1,0.7658332586288452,0.7916560173034668,0.37110117077827454
Liver,15,current_shared,ungood/img/7_378.png,1,0.7559249401092529,0.34839433431625366,0.09944407641887665
Liver,15,current_shared,ungood/img/7_379.png,1,0.7679217457771301,0.5125433206558228,0.15147921442985535
Liver,15,current_shared,ungood/img/7_380.png,1,0.7524487972259521,0.14176546037197113,0.03521467000246048
Liver,15,current_shared,ungood/img/7_382.png,1,0.7571704983711243,0.11308709532022476,0.02428455650806427
Liver,15,current_shared,ungood/img/7_383.png,1,0.7467337250709534,0.01907973736524582,0.0036978053394705057
Liver,15,current_shared,ungood/img/7_384.png,1,0.7565277218818665,0.005906464532017708,0.0019469051621854305
Liver,15,current_shared,ungood/img/7_385.png,1,0.7566331028938293,0.5288735032081604,0.3489568531513214
Liver,15,current_shared,ungood/img/7_386.png,1,0.7617647647857666,0.09886210411787033,0.024649979546666145
Liver,15,current_shared,ungood/img/7_387.png,1,0.7561282515525818,0.11918740719556808,0.04071618989109993
Liver,15,current_shared,ungood/img/7_388.png,1,0.7626797556877136,0.44320598244667053,0.24088379740715027
Liver,15,current_shared,ungood/img/7_389.png,1,0.7525157928466797,0.09236015379428864,0.022586654871702194
Liver,15,current_shared,ungood/img/7_390.png,1,0.7556136250495911,0.062184568494558334,0.020997269079089165
Liver,15,current_shared,ungood/img/7_392.png,1,0.7512115836143494,0.15058547258377075,0.056726548820734024
Liver,15,current_shared,ungood/img/7_393.png,1,0.7481370568275452,0.5556063652038574,0.2954254448413849
Liver,15,current_shared,ungood/img/7_394.png,1,0.7456278204917908,0.28374797105789185,0.15335561335086823
Liver,15,current_shared,ungood/img/7_396.png,1,0.6936587691307068,0.3934183716773987,0.19044606387615204
Liver,15,current_shared,ungood/img/7_398.png,1,0.7710122466087341,0.017297891899943352,0.004188536200672388
Liver,15,current_shared,ungood/img/7_399.png,1,0.7648483514785767,0.004826970398426056,0.0012890042271465063
Liver,15,current_shared,ungood/img/7_400.png,1,0.7557693123817444,0.0066252583637833595,0.001975457416847348
Liver,15,current_shared,ungood/img/7_401.png,1,0.7620224952697754,0.12407340109348297,0.03236766532063484
Liver,15,current_shared,ungood/img/7_402.png,1,0.7646161913871765,0.5920615792274475,0.2622307538986206
Liver,15,current_shared,ungood/img/7_403.png,1,0.7641123533248901,0.23688143491744995,0.08151083439588547
Liver,15,current_shared,ungood/img/7_404.png,1,0.7668092846870422,0.2923838496208191,0.07587134838104248
Liver,15,current_shared,ungood/img/7_405.png,1,0.7711948752403259,0.35080888867378235,0.08306589722633362
Liver,15,current_shared,ungood/img/7_406.png,1,0.7703049182891846,0.17345240712165833,0.040694501250982285
Liver,15,current_shared,ungood/img/7_407.png,1,0.7721433639526367,0.15115736424922943,0.036518558859825134
Liver,15,current_shared,ungood/img/7_408.png,1,0.768645167350769,0.2166416496038437,0.07103145122528076
Liver,15,current_shared,ungood/img/7_409.png,1,0.7558479905128479,0.06014963984489441,0.02017853781580925
Liver,15,current_shared,ungood/img/7_410.png,1,0.7598581910133362,0.13254314661026,0.04706529900431633
Liver,15,current_shared,ungood/img/7_411.png,1,0.7532824277877808,0.13913105428218842,0.04366496205329895
Liver,15,current_shared,ungood/img/7_412.png,1,0.7453352212905884,0.04103894159197807,0.010799224488437176
Liver,15,current_shared,ungood/img/7_413.png,1,0.7441110610961914,0.3599449694156647,0.17999202013015747
Liver,15,current_shared,ungood/img/7_414.png,1,0.7732243537902832,0.7008157968521118,0.460222452878952
Liver,15,current_shared,ungood/img/7_415.png,1,0.7697398066520691,0.49361366033554077,0.2370707392692566
Liver,15,current_shared,ungood/img/7_416.png,1,0.7687250375747681,0.8768238425254822,0.6108259558677673
Liver,15,current_shared,ungood/img/7_417.png,1,0.7597464919090271,0.9806290864944458,0.9366835355758667
Liver,15,current_shared,ungood/img/7_458.png,1,0.7883237600326538,0.9931104183197021,0.9852898716926575
Liver,15,current_shared,ungood/img/7_459.png,1,0.7899150848388672,0.9948038458824158,0.9879080653190613
Liver,15,current_shared,ungood/img/7_460.png,1,0.7969463467597961,0.9952357411384583,0.9837211966514587
Liver,15,current_shared,ungood/img/7_461.png,1,0.8016433715820312,0.9980536699295044,0.9966360926628113
Liver,15,current_shared,ungood/img/7_462.png,1,0.8040428757667542,0.9984410405158997,0.997799813747406
Liver,15,current_shared,ungood/img/7_463.png,1,0.7995692491531372,0.9930338859558105,0.9870783686637878
Liver,15,current_shared,ungood/img/7_464.png,1,0.7812750935554504,0.9914934635162354,0.9861363172531128
Liver,15,current_shared,ungood/img/7_475.png,1,0.8049498796463013,0.9670038819313049,0.9184181094169617
Liver,15,current_shared,ungood/img/7_476.png,1,0.7968509197235107,0.9446505308151245,0.8612746596336365
Liver,15,current_shared,ungood/img/7_477.png,1,0.8014743328094482,0.9608309864997864,0.8618242144584656
Liver,15,current_shared,ungood/img/7_478.png,1,0.8007382154464722,0.9932239055633545,0.9824578762054443
Liver,15,current_shared,ungood/img/7_479.png,1,0.7946810722351074,0.8116581439971924,0.6021155714988708
Liver,15,current_shared,ungood/img/7_480.png,1,0.8157485127449036,0.5110564231872559,0.2199980616569519
Liver,15,current_shared,ungood/img/7_481.png,1,0.7974438071250916,0.7469416260719299,0.45989248156547546
Liver,15,current_shared,ungood/img/7_482.png,1,0.7923578023910522,0.12903083860874176,0.07815610617399216
Liver,15,current_shared,ungood/img/7_483.png,1,0.8076707124710083,0.20790807902812958,0.10529030859470367
Liver,15,current_shared,ungood/img/7_484.png,1,0.8064332604408264,0.4057665765285492,0.2646845877170563
Liver,15,current_shared,ungood/img/7_485.png,1,0.8085126876831055,0.04008089751005173,0.015541133470833302
Liver,15,current_shared,ungood/img/7_486.png,1,0.8137535452842712,0.0736028403043747,0.0548676997423172
Liver,15,current_shared,ungood/img/7_487.png,1,0.8199330568313599,0.010055149905383587,0.004991278983652592
Liver,15,current_shared,ungood/img/7_488.png,1,0.7983502745628357,0.003900206182152033,0.0025590229779481888
Liver,15,current_shared,ungood/img/7_489.png,1,0.7983236908912659,0.8840848207473755,0.7594290375709534
Liver,15,current_shared,ungood/img/7_491.png,1,0.8107293844223022,0.9811140894889832,0.9657689929008484
Liver,15,current_shared,ungood/img/8_367.png,1,0.39871448278427124,1.973892722162418e-06,8.606396590948862e-07
Liver,15,current_shared,ungood/img/8_368.png,1,0.41770175099372864,1.5439180060639046e-05,7.794322300469503e-06
Liver,15,current_shared,ungood/img/8_369.png,1,0.41083601117134094,2.001839311560616e-05,1.0899719200097024e-05
Liver,15,current_shared,ungood/img/8_370.png,1,0.7332748174667358,0.08804740011692047,0.028571313247084618
Liver,15,current_shared,ungood/img/8_371.png,1,0.4939038157463074,0.0010568887228146195,0.00022347347112372518
Liver,15,current_shared,ungood/img/8_372.png,1,0.7367698550224304,0.023226454854011536,0.008331951685249805
Liver,15,current_shared,ungood/img/8_373.png,1,0.4472844898700714,0.003567658131942153,0.0014912282349541783
Liver,15,current_shared,ungood/img/8_375.png,1,0.7163204550743103,0.6118202805519104,0.34249281883239746
Liver,15,current_shared,ungood/img/8_377.png,1,0.76111900806427,0.8670700788497925,0.5871425271034241
Liver,15,current_shared,ungood/img/8_379.png,1,0.7462629675865173,0.5677021741867065,0.20830373466014862
Liver,15,current_shared,ungood/img/8_380.png,1,0.7561708688735962,0.7873703241348267,0.35030999779701233
Liver,15,current_shared,ungood/img/8_381.png,1,0.7602256536483765,0.4940852224826813,0.10596945136785507
Liver,15,current_shared,ungood/img/8_382.png,1,0.7673359513282776,0.940955400466919,0.674099326133728
Liver,15,current_shared,ungood/img/8_383.png,1,0.7806845903396606,0.8785426616668701,0.4325414299964905
Liver,15,current_shared,ungood/img/8_385.png,1,0.7847499251365662,0.9026889204978943,0.5024720430374146
Liver,15,current_shared,ungood/img/8_386.png,1,0.77828449010849,0.775373101234436,0.32981613278388977
Liver,15,current_shared,ungood/img/8_387.png,1,0.7744174003601074,0.43650534749031067,0.1105278730392456
Liver,15,current_shared,ungood/img/8_389.png,1,0.7680034041404724,0.8699474930763245,0.5999808311462402
Liver,15,current_shared,ungood/img/8_390.png,1,0.7606288194656372,0.9813512563705444,0.9285264611244202
Liver,15,current_shared,ungood/img/8_391.png,1,0.7576999068260193,0.8894907236099243,0.655321478843689
Liver,15,current_shared,ungood/img/8_392.png,1,0.7485556602478027,0.2494802325963974,0.10465823858976364
Liver,15,current_shared,ungood/img/8_393.png,1,0.7488528490066528,0.33157220482826233,0.1121525764465332
Liver,15,current_shared,ungood/img/8_394.png,1,0.7482927441596985,0.9013078212738037,0.6422946453094482
Liver,15,current_shared,ungood/img/8_395.png,1,0.7518593668937683,0.3938400447368622,0.16351965069770813
Liver,15,current_shared,ungood/img/8_396.png,1,0.740556538105011,0.11233823001384735,0.03649171069264412
Liver,15,current_shared,ungood/img/8_397.png,1,0.7516269683837891,0.08795254677534103,0.04319395497441292
Liver,15,current_shared,ungood/img/8_398.png,1,0.7605096101760864,0.8207294344902039,0.6007647514343262
Liver,15,current_shared,ungood/img/8_399.png,1,0.5961894392967224,0.4809115529060364,0.2833099067211151
Liver,15,current_shared,ungood/img/8_400.png,1,0.7835670113563538,0.8739150166511536,0.7052912712097168
Liver,15,current_shared,ungood/img/8_401.png,1,0.7815254330635071,0.13273875415325165,0.09591471403837204
Liver,15,current_shared,ungood/img/8_408.png,1,0.7888680696487427,0.6718504428863525,0.49206361174583435
Liver,15,current_shared,ungood/img/8_409.png,1,0.7823600172996521,0.664406418800354,0.5965995788574219
Liver,15,current_shared,ungood/img/8_410.png,1,0.7786030173301697,0.402752161026001,0.24980807304382324
Liver,15,current_shared,ungood/img/8_411.png,1,0.7728110551834106,0.03463059291243553,0.014718247577548027
Liver,15,current_shared,ungood/img/8_412.png,1,0.7813698649406433,0.6063441038131714,0.33268725872039795
Liver,15,current_shared,ungood/img/8_413.png,1,0.7791977524757385,0.017939576879143715,0.005662248935550451
Liver,15,current_shared,ungood/img/8_414.png,1,0.7805613279342651,0.06968201696872711,0.024818170815706253
Liver,15,current_shared,ungood/img/8_415.png,1,0.7847310900688171,0.8567663431167603,0.6528471112251282
Liver,15,current_shared,ungood/img/8_416.png,1,0.7845070362091064,0.9869087338447571,0.9601046442985535
Liver,15,current_shared,ungood/img/8_418.png,1,0.7776254415512085,0.972217857837677,0.9323157668113708
Liver,15,current_shared,ungood/img/8_419.png,1,0.7804521322250366,0.9967032074928284,0.985139787197113
Liver,15,current_shared,ungood/img/8_420.png,1,0.7786727547645569,0.996421217918396,0.9916803240776062
Liver,15,current_shared,ungood/img/8_421.png,1,0.7731804847717285,0.998906135559082,0.9974818229675293
Liver,15,current_shared,ungood/img/8_423.png,1,0.6377514600753784,0.012461895123124123,0.005604952108114958
Liver,15,current_shared,ungood/img/8_424.png,1,0.6218881607055664,0.46149471402168274,0.22497926652431488
Liver,15,current_shared,ungood/img/8_425.png,1,0.7400306463241577,0.999151349067688,0.997952938079834
Liver,15,current_shared,ungood/img/8_427.png,1,0.43122628331184387,0.1139264777302742,0.07374446839094162
Liver,15,current_shared,ungood/img/8_468.png,1,0.7870935201644897,0.9990594983100891,0.9976710081100464
Liver,15,current_shared,ungood/img/8_469.png,1,0.783463716506958,0.9985672235488892,0.9969003796577454
Liver,15,current_shared,ungood/img/8_470.png,1,0.7829563021659851,0.9983878135681152,0.9946363568305969
Liver,15,current_shared,ungood/img/8_471.png,1,0.7865007519721985,0.9901835322380066,0.9664413928985596
Liver,15,current_shared,ungood/img/8_472.png,1,0.7922301292419434,0.9862015843391418,0.9605152010917664
Liver,15,current_shared,ungood/img/8_473.png,1,0.7908353209495544,0.9140300750732422,0.8178159594535828
Liver,15,current_shared,ungood/img/8_474.png,1,0.8013803362846375,0.9628680944442749,0.9374639987945557
Liver,15,current_shared,ungood/img/8_475.png,1,0.7954092621803284,0.994459867477417,0.9890100359916687
Liver,15,current_shared,ungood/img/8_476.png,1,0.809918224811554,0.9673143625259399,0.9059949517250061
Liver,15,current_shared,ungood/img/8_477.png,1,0.8095178604125977,0.6952285170555115,0.4836295247077942
Liver,15,current_shared,ungood/img/8_478.png,1,0.8131656050682068,0.7935082912445068,0.526267945766449
Liver,15,current_shared,ungood/img/8_479.png,1,0.8090468645095825,0.9589298367500305,0.8713676333427429
Liver,15,current_shared,ungood/img/8_480.png,1,0.774931013584137,0.9565384387969971,0.8539201617240906
Liver,15,current_shared,ungood/img/8_481.png,1,0.7892548441886902,0.9645821452140808,0.9064086675643921
Liver,15,current_shared,ungood/img/8_482.png,1,0.7798495292663574,0.9926645159721375,0.9751875400543213
Liver,15,current_shared,ungood/img/8_483.png,1,0.7898035645484924,0.9867374300956726,0.9695631861686707
Liver,15,current_shared,ungood/img/8_484.png,1,0.7937568426132202,0.9722013473510742,0.9524310827255249
Liver,15,current_shared,ungood/img/8_485.png,1,0.8072119355201721,0.8525233268737793,0.6930073499679565
Liver,15,current_shared,ungood/img/8_487.png,1,0.8012163639068604,0.6857237815856934,0.5895611643791199
Liver,15,current_shared,ungood/img/8_488.png,1,0.7708962559700012,0.9205477237701416,0.820158064365387
Liver,15,current_shared,ungood/img/8_489.png,1,0.7763108015060425,0.8654607534408569,0.7962730526924133
Liver,15,current_shared,ungood/img/8_490.png,1,0.7713238596916199,0.8433504700660706,0.7122213840484619
Liver,15,current_shared,ungood/img/9_371.png,1,0.380271315574646,2.431484915632609e-07,1.3844855573097448e-07
Liver,15,current_shared,ungood/img/9_372.png,1,0.41181647777557373,0.00020823422528337687,7.167773583205417e-05
Liver,15,current_shared,ungood/img/9_373.png,1,0.397611528635025,3.3046196676878026e-06,1.9621254523372045e-06
Liver,15,current_shared,ungood/img/9_374.png,1,0.3955872356891632,2.7272399165667593e-06,1.5025200355012203e-06
Liver,15,current_shared,ungood/img/9_375.png,1,0.4102436304092407,3.220744474674575e-05,1.5837935279705562e-05
Liver,15,current_shared,ungood/img/9_376.png,1,0.39898982644081116,1.0907113392022438e-05,4.856974101130618e-06
Liver,15,current_shared,ungood/img/9_377.png,1,0.7375428676605225,0.13047929108142853,0.025967206805944443
Liver,15,current_shared,ungood/img/9_378.png,1,0.7323663830757141,0.06564156711101532,0.01542194839566946
Liver,15,current_shared,ungood/img/9_379.png,1,0.7434787154197693,0.1709197461605072,0.041397739201784134
Liver,15,current_shared,ungood/img/9_380.png,1,0.756425678730011,0.42606303095817566,0.092134490609169
Liver,15,current_shared,ungood/img/9_381.png,1,0.7569844722747803,0.24561552703380585,0.05498405918478966
Liver,15,current_shared,ungood/img/9_382.png,1,0.7560411691665649,0.18939745426177979,0.04158027470111847
Liver,15,current_shared,ungood/img/9_383.png,1,0.7584536671638489,0.7282392978668213,0.29432347416877747
Liver,15,current_shared,ungood/img/9_384.png,1,0.7473592758178711,0.4139001965522766,0.09926097095012665
Liver,15,current_shared,ungood/img/9_385.png,1,0.7547689080238342,0.8491259813308716,0.39001548290252686
Liver,15,current_shared,ungood/img/9_386.png,1,0.7539988160133362,0.9095613956451416,0.49431800842285156
Liver,15,current_shared,ungood/img/9_387.png,1,0.7622900009155273,0.7041022777557373,0.24643144011497498
Liver,15,current_shared,ungood/img/9_389.png,1,0.7614086270332336,0.2165229767560959,0.045216966420412064
Liver,15,current_shared,ungood/img/9_390.png,1,0.7627918124198914,0.23100954294204712,0.04791008681058884
Liver,15,current_shared,ungood/img/9_391.png,1,0.7565169334411621,0.1883605420589447,0.0381246916949749
Liver,15,current_shared,ungood/img/9_393.png,1,0.7492502927780151,0.36410826444625854,0.1037725955247879
Liver,15,current_shared,ungood/img/9_394.png,1,0.7493100166320801,0.15166747570037842,0.050464533269405365
Liver,15,current_shared,ungood/img/9_395.png,1,0.7347688674926758,0.0025435113348066807,0.0005535096279345453
Liver,15,current_shared,ungood/img/9_396.png,1,0.741341233253479,0.07972416281700134,0.018099883571267128
Liver,15,current_shared,ungood/img/9_397.png,1,0.7518292665481567,0.6988568305969238,0.30547747015953064
Liver,15,current_shared,ungood/img/9_398.png,1,0.7546483874320984,0.07082588225603104,0.02131303772330284
Liver,15,current_shared,ungood/img/9_399.png,1,0.7563207149505615,0.030920524150133133,0.009178085252642632
Liver,15,current_shared,ungood/img/9_400.png,1,0.7490045428276062,0.09223372489213943,0.03043319471180439
Liver,15,current_shared,ungood/img/9_411.png,1,0.41855746507644653,9.491761738900095e-05,4.264098606654443e-05
Liver,15,current_shared,ungood/img/9_412.png,1,0.744744062423706,0.08791347593069077,0.02733399160206318
Liver,15,current_shared,ungood/img/9_413.png,1,0.7439714074134827,0.1404774785041809,0.04200182855129242
Liver,15,current_shared,ungood/img/9_414.png,1,0.7596762776374817,0.24862472712993622,0.10907846689224243
Liver,15,current_shared,ungood/img/9_415.png,1,0.7486680150032043,0.16009235382080078,0.049697235226631165
Liver,15,current_shared,ungood/img/9_416.png,1,0.7558144927024841,0.37912052869796753,0.14028295874595642
Liver,15,current_shared,ungood/img/9_417.png,1,0.7534694075584412,0.12343418598175049,0.031167561188340187
Liver,15,current_shared,ungood/img/9_418.png,1,0.760810375213623,0.1008693054318428,0.023788725957274437
Liver,15,current_shared,ungood/img/9_419.png,1,0.7527632117271423,0.2521398365497589,0.07573466002941132
Liver,15,current_shared,ungood/img/9_420.png,1,0.7451531291007996,0.11393296718597412,0.0458514466881752
Liver,15,current_shared,ungood/img/9_421.png,1,0.7501471638679504,0.580771267414093,0.3839385211467743
Liver,15,current_shared,ungood/img/9_422.png,1,0.7559025287628174,0.189326673746109,0.0865483507514
Liver,15,current_shared,ungood/img/9_424.png,1,0.7661634087562561,0.8719043135643005,0.7145352363586426
Liver,15,current_shared,ungood/img/9_425.png,1,0.7597761154174805,0.5546118021011353,0.2872315049171448
Liver,15,current_shared,ungood/img/9_426.png,1,0.7685434818267822,0.8149884939193726,0.6409154534339905
Liver,15,current_shared,ungood/img/9_429.png,1,0.7266495227813721,0.9670243263244629,0.8969746828079224
Liver,15,current_shared,ungood/img/9_430.png,1,0.7537773251533508,0.9093807339668274,0.7324511408805847
Liver,15,current_shared,ungood/img/9_431.png,1,0.7591316103935242,0.972296416759491,0.8836123943328857
Liver,15,current_shared,ungood/img/9_473.png,1,0.773796558380127,0.9960390329360962,0.9899238348007202
Liver,15,current_shared,ungood/img/9_474.png,1,0.7677383422851562,0.9923661351203918,0.9856804609298706
Liver,15,current_shared,ungood/img/9_475.png,1,0.7767010927200317,0.994499921798706,0.9850000143051147
Liver,15,current_shared,ungood/img/9_476.png,1,0.7443518042564392,0.9938479065895081,0.9824272394180298
Liver,15,current_shared,ungood/img/9_477.png,1,0.7440986633300781,0.9978262782096863,0.9942938089370728
Liver,15,current_shared,ungood/img/9_480.png,1,0.7699337005615234,0.9682220220565796,0.9070086479187012
Liver,15,current_shared,ungood/img/9_481.png,1,0.7692505717277527,0.9687774181365967,0.9292303323745728
Liver,15,current_shared,ungood/img/9_482.png,1,0.7627131938934326,0.8524678349494934,0.7643164396286011
Liver,15,current_shared,ungood/img/9_493.png,1,0.8067886829376221,0.983674943447113,0.9707817435264587
Liver,15,current_shared,ungood/img/9_494.png,1,0.7726575136184692,0.9670578837394714,0.9297037124633789
Liver,15,current_shared,ungood/img/9_495.png,1,0.7775037288665771,0.8430700898170471,0.7062965631484985
Liver,15,current_shared,ungood/img/9_496.png,1,0.7730005979537964,0.22479891777038574,0.11814901977777481
Liver,15,current_shared,ungood/img/9_497.png,1,0.7617663741111755,0.4907039999961853,0.2840946912765503
Liver,15,current_shared,ungood/img/9_498.png,1,0.7911356687545776,0.297726035118103,0.15230020880699158
Liver,15,current_shared,ungood/img/9_499.png,1,0.7974992990493774,0.3131524622440338,0.11390770226716995
Liver,15,current_shared,ungood/img/9_500.png,1,0.8085646629333496,0.26264524459838867,0.10343512147665024
Liver,15,current_shared,ungood/img/9_501.png,1,0.7899142503738403,0.6720213294029236,0.5784211754798889
Liver,15,current_shared,ungood/img/9_502.png,1,0.8004304766654968,0.5147885084152222,0.32203012704849243
Liver,15,current_shared,ungood/img/9_503.png,1,0.813678503036499,0.4656658172607422,0.317202627658844
Liver,15,current_shared,ungood/img/9_504.png,1,0.8055802583694458,0.8888671398162842,0.816463828086853
Liver,15,current_shared,ungood/img/9_505.png,1,0.8048386573791504,0.9839408993721008,0.9458917379379272
Liver,15,current_shared,ungood/img/9_506.png,1,0.8038610816001892,0.9843517541885376,0.9251093864440918
Liver,15,current_shared,ungood/img/9_507.png,1,0.8115947246551514,0.9911165237426758,0.9602100253105164
Liver,15,current_shared,ungood/img/9_509.png,1,0.8145149350166321,0.9882358312606812,0.9518960118293762
Retina,15,current_shared,good/img/10_1.png,0,0.44573089480400085,3.571219053810637e-08,2.68173039330577e-08
Retina,15,current_shared,good/img/10_10.png,0,0.46404358744621277,9.472399398191556e-08,5.9533206808737305e-08
Retina,15,current_shared,good/img/10_100.png,0,0.38979965448379517,2.1572353148258117e-07,1.5336517833475227e-07
Retina,15,current_shared,good/img/10_101.png,0,0.38526424765586853,5.12352293924323e-08,3.689265426487509e-08
Retina,15,current_shared,good/img/10_102.png,0,0.40292951464653015,1.6036932493079803e-07,9.646311838196198e-08
Retina,15,current_shared,good/img/10_103.png,0,0.40045440196990967,6.140550112831988e-08,5.045019335625511e-08
Retina,15,current_shared,good/img/10_104.png,0,0.40292978286743164,6.125144835777974e-08,5.145295389752391e-08
Retina,15,current_shared,good/img/10_105.png,0,0.41310814023017883,3.1621092944078555e-07,1.669096292289396e-07
Retina,15,current_shared,good/img/10_106.png,0,0.39266955852508545,6.282154174641619e-08,4.618498294917117e-08
Retina,15,current_shared,good/img/10_107.png,0,0.38366782665252686,4.393554320358817e-08,3.4883750998915275e-08
Retina,15,current_shared,good/img/10_108.png,0,0.39902687072753906,9.915937226878668e-08,6.418517983775018e-08
Retina,15,current_shared,good/img/10_109.png,0,0.3757035732269287,4.06567579602779e-08,3.0803736450479846e-08
Retina,15,current_shared,good/img/10_11.png,0,0.45687636733055115,5.990187190718643e-08,4.6182304203057356e-08
Retina,15,current_shared,good/img/10_110.png,0,0.38611215353012085,1.2563259588205256e-07,8.094163916894104e-08
Retina,15,current_shared,good/img/10_111.png,0,0.3802511990070343,2.6915564887985965e-08,2.3046029085094233e-08
Retina,15,current_shared,good/img/10_112.png,0,0.4207264482975006,8.576375165603167e-08,5.7184973201174216e-08
Retina,15,current_shared,good/img/10_113.png,0,0.39876478910446167,4.946820908457994e-08,3.812436588646051e-08
Retina,15,current_shared,good/img/10_114.png,0,0.42594361305236816,7.086248388077365e-07,2.9812048296662397e-07
Retina,15,current_shared,good/img/10_115.png,0,0.38332444429397583,4.591110780438612e-08,3.504347390048679e-08
Retina,15,current_shared,good/img/10_116.png,0,0.3970014750957489,1.7867218105038774e-07,1.0757325696886255e-07
Retina,15,current_shared,good/img/10_117.png,0,0.424681693315506,5.756181167271279e-07,2.645681718149717e-07
Retina,15,current_shared,good/img/10_118.png,0,0.4047015607357025,2.528992979478062e-07,1.509804405941395e-07
Retina,15,current_shared,good/img/10_119.png,0,0.4462963938713074,6.635707541136071e-05,2.5519091650494374e-05
Retina,15,current_shared,good/img/10_12.png,0,0.5607492327690125,7.308343811018858e-06,2.3435814000549726e-06
Retina,15,current_shared,good/img/10_120.png,0,0.43024295568466187,5.377961315389257e-06,2.2235226424527355e-06
Retina,15,current_shared,good/img/10_121.png,0,0.7710482478141785,0.16848166286945343,0.020191436633467674
Retina,15,current_shared,good/img/10_122.png,0,0.4192614257335663,1.504249212302966e-06,7.643733965778665e-07
Retina,15,current_shared,good/img/10_123.png,0,0.4182986319065094,7.401631592074409e-06,3.0634905670012813e-06
Retina,15,current_shared,good/img/10_124.png,0,0.4451659917831421,5.256668828224065e-06,2.237141870864434e-06
Retina,15,current_shared,good/img/10_125.png,0,0.4216356873512268,1.1157185326737817e-06,5.894427204111707e-07
Retina,15,current_shared,good/img/10_126.png,0,0.4344218671321869,3.41860982189246e-06,1.5690353620811948e-06
Retina,15,current_shared,good/img/10_127.png,0,0.3763343393802643,4.556451571602338e-08,3.614777810412306e-08
Retina,15,current_shared,good/img/10_128.png,0,0.40370458364486694,6.315275982160529e-07,4.082395719251508e-07
Retina,15,current_shared,good/img/10_13.png,0,0.43837520480155945,1.3237973917057388e-07,8.139546991969837e-08
Retina,15,current_shared,good/img/10_14.png,0,0.4784184396266937,3.7598636026814347e-07,2.3669662141401204e-07
Retina,15,current_shared,good/img/10_15.png,0,0.4281376302242279,1.8934201762021985e-07,1.0881989709332629e-07
Retina,15,current_shared,good/img/10_16.png,0,0.41126641631126404,2.385147013228561e-07,1.7690561548988626e-07
Retina,15,current_shared,good/img/10_18.png,0,0.4065067768096924,1.354655410068517e-07,8.468621359725148e-08
Retina,15,current_shared,good/img/10_19.png,0,0.41824328899383545,7.019486503168082e-08,5.506458933268732e-08
Retina,15,current_shared,good/img/10_2.png,0,0.3960055410861969,2.2080678618863203e-08,1.7565547238973522e-08
Retina,15,current_shared,good/img/10_20.png,0,0.5339244604110718,9.622990546631627e-06,2.6438160602992866e-06
Retina,15,current_shared,good/img/10_21.png,0,0.7682695984840393,0.0004908589762635529,9.44079365581274e-05
Retina,15,current_shared,good/img/10_22.png,0,0.429194837808609,2.2247625963700557e-07,1.2656805381539016e-07
Retina,15,current_shared,good/img/10_23.png,0,0.42254799604415894,2.574982431724493e-07,1.364870740871993e-07
Retina,15,current_shared,good/img/10_24.png,0,0.4207116365432739,7.577448286610888e-07,4.0226942132903787e-07
Retina,15,current_shared,good/img/10_26.png,0,0.39825454354286194,1.6802923141767678e-07,9.330295824838686e-08
Retina,15,current_shared,good/img/10_27.png,0,0.3714739978313446,4.196158798208671e-08,3.0566969400069866e-08
Retina,15,current_shared,good/img/10_28.png,0,0.3863132894039154,1.7879592917324771e-07,9.911651943639299e-08
Retina,15,current_shared,good/img/10_29.png,0,0.4245636761188507,2.091087338840225e-07,1.3688263322819694e-07
Retina,15,current_shared,good/img/10_3.png,0,0.39688029885292053,2.1203170774697355e-08,1.867405252653498e-08
Retina,15,current_shared,good/img/10_30.png,0,0.40358537435531616,2.6276308062733733e-07,1.8873878104841424e-07
Retina,15,current_shared,good/img/10_31.png,0,0.39329642057418823,1.0926229521146524e-07,8.214960445229735e-08
Retina,15,current_shared,good/img/10_32.png,0,0.38594484329223633,1.372035995927945e-07,9.558985425428546e-08
Retina,15,current_shared,good/img/10_34.png,0,0.4054495692253113,8.051694067034987e-07,4.3551662542995473e-07
Retina,15,current_shared,good/img/10_35.png,0,0.4138485789299011,4.2666471244956483e-07,2.856907599380065e-07
Retina,15,current_shared,good/img/10_36.png,0,0.3745635747909546,9.760231023392407e-08,5.98004206153746e-08
Retina,15,current_shared,good/img/10_37.png,0,0.39676111936569214,1.5395265506867872e-07,1.151776274355143e-07
Retina,15,current_shared,good/img/10_38.png,0,0.39727264642715454,1.0622757429246121e-07,7.410018554310227e-08
Retina,15,current_shared,good/img/10_39.png,0,0.406909704208374,9.321167482312376e-08,7.05860614402809e-08
Retina,15,current_shared,good/img/10_4.png,0,0.4200027883052826,4.0191526551325296e-08,3.259101433172873e-08
Retina,15,current_shared,good/img/10_40.png,0,0.43097516894340515,4.065889811499801e-07,2.2573941294012911e-07
Retina,15,current_shared,good/img/10_5.png,0,0.4057222902774811,2.4198113734996696e-08,2.1693537632927473e-08
Retina,15,current_shared,good/img/10_6.png,0,0.41965025663375854,3.8311686267888945e-08,3.067560072622655e-08
Retina,15,current_shared,good/img/10_7.png,0,0.4410226047039032,2.7844901495654995e-08,2.4067826842610884e-08
Retina,15,current_shared,good/img/10_8.png,0,0.44326040148735046,2.9048315752788767e-08,2.3574232344003576e-08
Retina,15,current_shared,good/img/10_89.png,0,0.4664882719516754,8.399924263358116e-05,4.8213791160378605e-05
Retina,15,current_shared,good/img/10_9.png,0,0.43358439207077026,3.745276089262006e-08,2.770822860043154e-08
Retina,15,current_shared,good/img/10_90.png,0,0.4397067427635193,4.018362233182415e-06,2.0458573999349028e-06
Retina,15,current_shared,good/img/10_91.png,0,0.4024129807949066,1.591249542798323e-06,8.43758073187928e-07
Retina,15,current_shared,good/img/10_92.png,0,0.40870392322540283,2.127176685462473e-06,1.2085114349247306e-06
Retina,15,current_shared,good/img/10_93.png,0,0.4358452558517456,4.6338191168615595e-06,2.7947999114985578e-06
Retina,15,current_shared,good/img/10_94.png,0,0.4010580778121948,8.779804829828208e-07,4.5822528704775323e-07
Retina,15,current_shared,good/img/10_95.png,0,0.4239160418510437,9.89009549812181e-06,3.979082521254895e-06
Retina,15,current_shared,good/img/10_96.png,0,0.39142119884490967,4.833145226257329e-07,2.549405451190978e-07
Retina,15,current_shared,good/img/10_97.png,0,0.3853486478328705,1.5114521545456228e-07,1.0839669783990757e-07
Retina,15,current_shared,good/img/10_98.png,0,0.380795955657959,1.3521113828574016e-07,8.326764344701587e-08
Retina,15,current_shared,good/img/10_99.png,0,0.39429643750190735,8.185865851828567e-08,4.973587763856813e-08
Retina,15,current_shared,good/img/11_1.png,0,0.39470452070236206,3.525777714230571e-08,2.5187922858549427e-08
Retina,15,current_shared,good/img/11_10.png,0,0.36762574315071106,2.002126464617504e-08,1.656590598031471e-08
Retina,15,current_shared,good/img/11_100.png,0,0.4633186459541321,1.522411992027628e-07,8.850388155678957e-08
Retina,15,current_shared,good/img/11_101.png,0,0.41503745317459106,5.1005116574742715e-08,3.8379987188363884e-08
Retina,15,current_shared,good/img/11_102.png,0,0.429727166891098,4.3695610685290376e-08,3.493994782388654e-08
Retina,15,current_shared,good/img/11_103.png,0,0.4344099164009094,1.2400195714690199e-07,7.040173244377002e-08
Retina,15,current_shared,good/img/11_104.png,0,0.36630478501319885,3.539388515605424e-08,2.699851719967228e-08
Retina,15,current_shared,good/img/11_105.png,0,0.4149499833583832,4.631490213569123e-08,3.005018101021051e-08
Retina,15,current_shared,good/img/11_106.png,0,0.39084261655807495,6.212980707687166e-08,4.35620250982538e-08
Retina,15,current_shared,good/img/11_107.png,0,0.366204172372818,1.957870843227738e-08,1.7924747908182326e-08
Retina,15,current_shared,good/img/11_108.png,0,0.39685189723968506,3.475342325032216e-08,2.7026395343909826e-08
Retina,15,current_shared,good/img/11_109.png,0,0.3967689573764801,5.973244299184444e-08,3.938531278890878e-08
Retina,15,current_shared,good/img/11_11.png,0,0.3612295091152191,3.646896118425502e-08,2.648508257152571e-08
Retina,15,current_shared,good/img/11_110.png,0,0.3827946186065674,4.1864936406454945e-08,3.3421819978229905e-08
Retina,15,current_shared,good/img/11_111.png,0,0.39217525720596313,3.745676480093607e-08,2.7627711673972044e-08
Retina,15,current_shared,good/img/11_112.png,0,0.3804326355457306,2.69811515352103e-08,2.047505098801139e-08
Retina,15,current_shared,good/img/11_113.png,0,0.38885557651519775,4.8309285460845786e-08,4.081903171027079e-08
Retina,15,current_shared,good/img/11_114.png,0,0.37380000948905945,4.671199604899812e-08,3.0549202278962184e-08
Retina,15,current_shared,good/img/11_115.png,0,0.39201924204826355,2.2951777367552495e-08,1.7584207867571422e-08
Retina,15,current_shared,good/img/11_116.png,0,0.39086148142814636,2.6297884758719192e-08,2.015128863774862e-08
Retina,15,current_shared,good/img/11_117.png,0,0.3788332939147949,2.9741602958210933e-08,2.489987771525648e-08
Retina,15,current_shared,good/img/11_118.png,0,0.3708030879497528,2.880928917647907e-08,2.2994390391772868e-08
Retina,15,current_shared,good/img/11_119.png,0,0.3994278013706207,4.426983224448122e-08,2.7624626142142006e-08
Retina,15,current_shared,good/img/11_12.png,0,0.40148743987083435,2.1954441820071224e-08,1.756460576984864e-08
Retina,15,current_shared,good/img/11_120.png,0,0.38796210289001465,3.203785325922581e-08,2.2004106980944016e-08
Retina,15,current_shared,good/img/11_121.png,0,0.38680192828178406,7.727874162810622e-08,5.243705558655165e-08
Retina,15,current_shared,good/img/11_122.png,0,0.4152853488922119,3.836741058194093e-08,3.000619486215328e-08
Retina,15,current_shared,good/img/11_123.png,0,0.36720865964889526,4.4785949171455286e-08,3.272145221444589e-08
Retina,15,current_shared,good/img/11_124.png,0,0.38896074891090393,4.7065615405017525e-08,3.7851979328706875e-08
Retina,15,current_shared,good/img/11_125.png,0,0.4048490524291992,2.5496572675365314e-07,1.4643802614955348e-07
Retina,15,current_shared,good/img/11_126.png,0,0.3959018886089325,8.622859581919329e-08,5.6486779698161627e-08
Retina,15,current_shared,good/img/11_127.png,0,0.3795989155769348,4.758681271255227e-08,3.5835213907375874e-08
Retina,15,current_shared,good/img/11_128.png,0,0.39513105154037476,5.3311378422904454e-08,3.511771495823268e-08
Retina,15,current_shared,good/img/11_13.png,0,0.40153294801712036,2.2887384432124236e-08,1.952827233253629e-08
Retina,15,current_shared,good/img/11_14.png,0,0.39244991540908813,2.3214886013533942e-08,1.9877042234384135e-08
Retina,15,current_shared,good/img/11_16.png,0,0.31439828872680664,4.794236563299137e-09,4.108294149318681e-09
Retina,15,current_shared,good/img/11_17.png,0,0.30701255798339844,1.1021439760838803e-08,5.821275017581229e-09
Retina,15,current_shared,good/img/11_18.png,0,0.30978715419769287,7.256229395125047e-09,4.863056179971181e-09
Retina,15,current_shared,good/img/11_19.png,0,0.3066461682319641,5.232350996919877e-09,4.302518341603445e-09
Retina,15,current_shared,good/img/11_2.png,0,0.4171610474586487,2.4295834677445782e-08,1.8834972692616248e-08
Retina,15,current_shared,good/img/11_20.png,0,0.3086974024772644,7.672559476645802e-09,4.863270675059539e-09
Retina,15,current_shared,good/img/11_21.png,0,0.667299747467041,0.08073829859495163,0.020946744829416275
Retina,15,current_shared,good/img/11_22.png,0,0.3842657208442688,2.9796963119110842e-08,2.5924606461558142e-08
Retina,15,current_shared,good/img/11_23.png,0,0.3941863477230072,3.4728110165360704e-08,2.8302057586415685e-08
Retina,15,current_shared,good/img/11_24.png,0,0.39854100346565247,7.829802228798144e-08,4.943052900330258e-08
Retina,15,current_shared,good/img/11_25.png,0,0.3853224813938141,9.052220661942556e-08,5.478480602505442e-08
Retina,15,current_shared,good/img/11_27.png,0,0.4022786021232605,5.043743556143454e-08,4.401352171612416e-08
Retina,15,current_shared,good/img/11_28.png,0,0.40061038732528687,6.321012335774867e-08,5.204630326716142e-08
Retina,15,current_shared,good/img/11_29.png,0,0.40099650621414185,2.5100318268300725e-08,2.2066839022727436e-08
Retina,15,current_shared,good/img/11_3.png,0,0.3879997730255127,2.5817735505029304e-08,2.0595853911231643e-08
Retina,15,current_shared,good/img/11_30.png,0,0.40584033727645874,3.291222583357012e-08,2.834507561999544e-08
Retina,15,current_shared,good/img/11_31.png,0,0.38657617568969727,3.569605055986358e-08,2.8234380167191375e-08
Retina,15,current_shared,good/img/11_32.png,0,0.40079161524772644,4.0418080970994197e-07,1.9224543734708277e-07
Retina,15,current_shared,good/img/11_33.png,0,0.37338581681251526,2.7599240226550137e-08,2.3504938440055412e-08
Retina,15,current_shared,good/img/11_34.png,0,0.3926856815814972,6.441675992618912e-08,4.725071889311039e-08
Retina,15,current_shared,good/img/11_35.png,0,0.38488030433654785,3.344997168142072e-08,2.865136039531535e-08
Retina,15,current_shared,good/img/11_36.png,0,0.42467787861824036,6.81576750594104e-08,4.886010529503437e-08
Retina,15,current_shared,good/img/11_37.png,0,0.38824477791786194,3.55682132635593e-08,2.817728983472989e-08
Retina,15,current_shared,good/img/11_38.png,0,0.4032774567604065,3.031686546250967e-08,2.3413800676053143e-08
Retina,15,current_shared,good/img/11_39.png,0,0.40480759739875793,7.169903426529345e-08,4.930302210937043e-08
Retina,15,current_shared,good/img/11_4.png,0,0.36723247170448303,4.052398594467377e-08,2.529028009234935e-08
Retina,15,current_shared,good/img/11_5.png,0,0.3870920240879059,2.7585137729602138e-08,1.9117798899515037e-08
Retina,15,current_shared,good/img/11_6.png,0,0.3847641348838806,2.902212159483497e-08,2.3168384544192122e-08
Retina,15,current_shared,good/img/11_7.png,0,0.38041791319847107,2.463869819280262e-08,2.286497924330888e-08
Retina,15,current_shared,good/img/11_8.png,0,0.3889800012111664,2.4213719029830827e-08,1.8014203462257683e-08
Retina,15,current_shared,good/img/11_97.png,0,0.41760361194610596,5.5645656971137214e-08,4.6057049729597566e-08
Retina,15,current_shared,good/img/11_98.png,0,0.42462295293807983,7.426935155763204e-08,5.220188370458345e-08
Retina,15,current_shared,good/img/11_99.png,0,0.4059637784957886,4.431300126839233e-08,3.572086981762368e-08
Retina,15,current_shared,good/img/12_10.png,0,0.35312798619270325,2.5930400937568265e-08,2.022762046749449e-08
Retina,15,current_shared,good/img/12_100.png,0,0.39531099796295166,1.0702295583087107e-07,6.595350754423634e-08
Retina,15,current_shared,good/img/12_101.png,0,0.3842054307460785,2.9802192713646036e-08,2.4642400120455932e-08
Retina,15,current_shared,good/img/12_102.png,0,0.38164785504341125,2.4071017179494447e-08,1.9482788715663446e-08
Retina,15,current_shared,good/img/12_103.png,0,0.3711288273334503,2.1734077648716266e-08,1.8416024261114217e-08
Retina,15,current_shared,good/img/12_104.png,0,0.3723641037940979,2.0444671733343966e-08,1.7693521314754435e-08
Retina,15,current_shared,good/img/12_105.png,0,0.35812780261039734,1.9033754128372493e-08,1.6013780523849164e-08
Retina,15,current_shared,good/img/12_106.png,0,0.372507244348526,3.322925223869788e-08,2.427101719604252e-08
Retina,15,current_shared,good/img/12_107.png,0,0.36617738008499146,2.1509610093062292e-08,1.78789765215015e-08
Retina,15,current_shared,good/img/12_108.png,0,0.36875468492507935,3.457596520206607e-08,2.8412324937221456e-08
Retina,15,current_shared,good/img/12_109.png,0,0.36292892694473267,2.7460249185651264e-08,2.1346645340258874e-08
Retina,15,current_shared,good/img/12_110.png,0,0.3616277277469635,3.864119690888401e-08,2.7322174744881522e-08
Retina,15,current_shared,good/img/12_111.png,0,0.3592835068702698,2.194355630535938e-08,1.7938317498078504e-08
Retina,15,current_shared,good/img/12_112.png,0,0.35428640246391296,1.7353881887061107e-08,1.4808612114336484e-08
Retina,15,current_shared,good/img/12_113.png,0,0.35688358545303345,2.4082451588469667e-08,1.8698596448984972e-08
Retina,15,current_shared,good/img/12_114.png,0,0.3780980408191681,2.920208608259145e-08,2.1527704063828423e-08
Retina,15,current_shared,good/img/12_115.png,0,0.37717336416244507,3.848680663054438e-08,3.0231280589987364e-08
Retina,15,current_shared,good/img/12_116.png,0,0.3733232021331787,1.5917134277287914e-08,1.3313267821501995e-08
Retina,15,current_shared,good/img/12_117.png,0,0.3747712969779968,2.046308544834119e-08,1.6570190553011344e-08
Retina,15,current_shared,good/img/12_118.png,0,0.3476184904575348,3.300922912785609e-08,2.2145513867144473e-08
Retina,15,current_shared,good/img/12_119.png,0,0.34974029660224915,2.047214309186529e-08,1.6882296449693968e-08
Retina,15,current_shared,good/img/12_12.png,0,0.3647440969944,1.6861491758390912e-08,1.3784316799103635e-08
Retina,15,current_shared,good/img/12_120.png,0,0.3507753610610962,2.1341243439110258e-08,1.6575722128209236e-08
Retina,15,current_shared,good/img/12_121.png,0,0.3682156801223755,2.9408001367414727e-08,2.22226148594018e-08
Retina,15,current_shared,good/img/12_122.png,0,0.3339308202266693,1.4207008014466282e-08,1.1897283158646133e-08
Retina,15,current_shared,good/img/12_123.png,0,0.363124817609787,5.375307523536321e-07,2.233987430599882e-07
Retina,15,current_shared,good/img/12_124.png,0,0.347764253616333,1.9302946796528886e-08,1.7222122394855433e-08
Retina,15,current_shared,good/img/12_125.png,0,0.3521246314048767,8.987466060261795e-08,5.060442731519288e-08
Retina,15,current_shared,good/img/12_126.png,0,0.3600892126560211,2.2297621526945477e-08,1.7261415408142966e-08
Retina,15,current_shared,good/img/12_127.png,0,0.3648800849914551,2.8094406800960314e-08,2.15408633152947e-08
Retina,15,current_shared,good/img/12_128.png,0,0.35617339611053467,1.846402319927165e-08,1.611227418152339e-08
Retina,15,current_shared,good/img/12_13.png,0,0.36719954013824463,4.226118477390628e-08,3.231266632042207e-08
Retina,15,current_shared,good/img/12_14.png,0,0.37790271639823914,1.991014109137268e-08,1.7677669106319627e-08
Retina,15,current_shared,good/img/12_15.png,0,0.37885886430740356,2.133424281680618e-08,1.759899426190259e-08
Retina,15,current_shared,good/img/12_16.png,0,0.3614550530910492,5.408773873227801e-08,3.07430276791365e-08
Retina,15,current_shared,good/img/12_17.png,0,0.36022984981536865,4.234404826775062e-08,2.488065220518365e-08
Retina,15,current_shared,good/img/12_18.png,0,0.35828766226768494,1.793175208320008e-08,1.438256536090421e-08
Retina,15,current_shared,good/img/12_2.png,0,0.34589338302612305,2.4379623653203453e-08,1.7306051702803416e-08
Retina,15,current_shared,good/img/12_20.png,0,0.36036360263824463,1.6690401949404077e-08,1.4204006859586116e-08
Retina,15,current_shared,good/img/12_21.png,0,0.35331761837005615,3.117392566309718e-08,2.0881097739788856e-08
Retina,15,current_shared,good/img/12_22.png,0,0.4133159816265106,3.604435860893318e-08,2.744527627385196e-08
Retina,15,current_shared,good/img/12_23.png,0,0.3729114532470703,5.172440609158002e-08,2.9469580553609376e-08
Retina,15,current_shared,good/img/12_24.png,0,0.39446672797203064,2.6768987027026014e-08,2.3332439980094932e-08
Retina,15,current_shared,good/img/12_25.png,0,0.39522719383239746,1.9605352008511545e-08,1.7503166915844304e-08
Retina,15,current_shared,good/img/12_26.png,0,0.37297773361206055,2.8189843348513932e-08,2.1744801514955725e-08
Retina,15,current_shared,good/img/12_27.png,0,0.37867414951324463,1.860968978917299e-08,1.55246784316887e-08
Retina,15,current_shared,good/img/12_28.png,0,0.3722425401210785,5.960373528068885e-08,4.0715921301170965e-08
Retina,15,current_shared,good/img/12_29.png,0,0.3684287965297699,2.6799485297601677e-08,2.1795960591930452e-08
Retina,15,current_shared,good/img/12_3.png,0,0.3359624147415161,1.891162071387953e-08,1.4853596574937455e-08
Retina,15,current_shared,good/img/12_30.png,0,0.3972218930721283,1.0067711286865233e-07,6.176749423048022e-08
Retina,15,current_shared,good/img/12_31.png,0,0.36188969016075134,6.190765589053626e-08,3.44774875316034e-08
Retina,15,current_shared,good/img/12_32.png,0,0.38243791460990906,4.045710255695667e-08,2.972325141570309e-08
Retina,15,current_shared,good/img/12_33.png,0,0.3788672685623169,2.6912998052353032e-08,2.276567201420221e-08
Retina,15,current_shared,good/img/12_34.png,0,0.3923394978046417,2.0943161871400662e-08,1.774264468679121e-08
Retina,15,current_shared,good/img/12_35.png,0,0.371358186006546,2.519783670607012e-08,2.1825133700303923e-08
Retina,15,current_shared,good/img/12_36.png,0,0.3833649158477783,3.6989817431276606e-08,2.7998321883160315e-08
Retina,15,current_shared,good/img/12_37.png,0,0.39212971925735474,3.245405011398361e-08,2.7016056947104516e-08
Retina,15,current_shared,good/img/12_4.png,0,0.35650184750556946,1.8404215040845884e-08,1.4358682243198473e-08
Retina,15,current_shared,good/img/12_5.png,0,0.36094775795936584,1.430516860523312e-08,1.2446656150189028e-08
Retina,15,current_shared,good/img/12_6.png,0,0.351316899061203,2.721653302728555e-08,1.823418749324901e-08
Retina,15,current_shared,good/img/12_7.png,0,0.3438781201839447,2.298445878068378e-08,1.7152986586665975e-08
Retina,15,current_shared,good/img/12_8.png,0,0.339276522397995,1.4335595821535208e-08,1.3094960671367062e-08
Retina,15,current_shared,good/img/12_9.png,0,0.3511522114276886,2.702173418356324e-08,1.9376885873612082e-08
Retina,15,current_shared,good/img/12_94.png,0,0.4088912606239319,5.164853064343333e-06,1.7284434079556377e-06
Retina,15,current_shared,good/img/12_95.png,0,0.45201101899147034,3.462523352482094e-07,2.428682250865677e-07
Retina,15,current_shared,good/img/12_96.png,0,0.4196968078613281,8.03135051796744e-08,6.383166351042746e-08
Retina,15,current_shared,good/img/12_97.png,0,0.4059803783893585,2.824781297761092e-08,2.407725574471442e-08
Retina,15,current_shared,good/img/12_98.png,0,0.40483358502388,6.817796105451635e-08,4.660609675966043e-08
Retina,15,current_shared,good/img/12_99.png,0,0.403754860162735,3.980299112527064e-08,3.342169563325115e-08
Retina,15,current_shared,good/img/13_1.png,0,0.6632769107818604,1.625031654839404e-05,3.4479346595617244e-06
Retina,15,current_shared,good/img/13_10.png,0,0.38948386907577515,3.989061880815825e-08,3.0092039082774136e-08
Retina,15,current_shared,good/img/13_100.png,0,0.42200273275375366,3.539210183589603e-06,1.0838554089787067e-06
Retina,15,current_shared,good/img/13_102.png,0,0.38460490107536316,6.336825464359208e-08,5.0502194426371716e-08
Retina,15,current_shared,good/img/13_103.png,0,0.3997175097465515,1.9216696500734542e-07,1.1385158416032937e-07
Retina,15,current_shared,good/img/13_104.png,0,0.6578531861305237,0.00016323883028235286,3.118845779681578e-05
Retina,15,current_shared,good/img/13_105.png,0,0.40664228796958923,2.6990210955091243e-08,2.1565222496633396e-08
Retina,15,current_shared,good/img/13_106.png,0,0.5276011824607849,1.2288959624129348e-05,3.0611165584559785e-06
Retina,15,current_shared,good/img/13_107.png,0,0.3543156683444977,3.4882919663914436e-08,2.5510288992336427e-08
Retina,15,current_shared,good/img/13_108.png,0,0.3954484462738037,1.3951884284324478e-05,3.3655248898867285e-06
Retina,15,current_shared,good/img/13_109.png,0,0.36818787455558777,3.0743937173838276e-08,2.597265513770708e-08
Retina,15,current_shared,good/img/13_11.png,0,0.3558986186981201,2.2374305075345546e-08,1.9316399146873664e-08
Retina,15,current_shared,good/img/13_110.png,0,0.3746274411678314,1.0700973689381499e-06,4.711613144081639e-07
Retina,15,current_shared,good/img/13_111.png,0,0.36166706681251526,3.9970132093003485e-08,2.9395069489623893e-08
Retina,15,current_shared,good/img/13_112.png,0,0.3645786643028259,2.563123757681751e-08,2.075503147125346e-08
Retina,15,current_shared,good/img/13_113.png,0,0.36042848229408264,3.0770920034228766e-08,2.444639335408283e-08
Retina,15,current_shared,good/img/13_114.png,0,0.37773293256759644,4.3993487963689404e-08,3.1012106660455174e-08
Retina,15,current_shared,good/img/13_115.png,0,0.3846835494041443,2.999265547032337e-08,2.300068757676854e-08
Retina,15,current_shared,good/img/13_116.png,0,0.3786531686782837,3.11999812652175e-08,2.5786221158341505e-08
Retina,15,current_shared,good/img/13_117.png,0,0.3510602116584778,2.1578395958954388e-08,1.709971897412288e-08
Retina,15,current_shared,good/img/13_118.png,0,0.35835495591163635,4.281680077156125e-08,3.246021051950265e-08
Retina,15,current_shared,good/img/13_119.png,0,0.35906341671943665,3.445331842044652e-08,2.5162224304153824e-08
Retina,15,current_shared,good/img/13_12.png,0,0.37389275431632996,1.9231652714779557e-08,1.6339201991399932e-08
Retina,15,current_shared,good/img/13_120.png,0,0.36444446444511414,9.792696431532022e-08,5.252662305110789e-08
Retina,15,current_shared,good/img/13_121.png,0,0.3559054136276245,2.545530897180015e-08,2.1317669407494577e-08
Retina,15,current_shared,good/img/13_122.png,0,0.35176074504852295,3.421919103629989e-08,2.6253143659005218e-08
Retina,15,current_shared,good/img/13_123.png,0,0.36369600892066956,2.687698774650471e-08,2.1513214321089436e-08
Retina,15,current_shared,good/img/13_124.png,0,0.3651292622089386,1.3314789271134941e-07,8.35260536291571e-08
Retina,15,current_shared,good/img/13_125.png,0,0.37886250019073486,4.038424705754551e-08,2.842688751059086e-08
Retina,15,current_shared,good/img/13_126.png,0,0.3839074671268463,3.2084820134059555e-08,2.812744348545948e-08
Retina,15,current_shared,good/img/13_127.png,0,0.3552229404449463,6.883152536829584e-08,4.995368385607435e-08
Retina,15,current_shared,good/img/13_128.png,0,0.38709941506385803,3.7006824271657024e-08,3.2317089448952174e-08
Retina,15,current_shared,good/img/13_13.png,0,0.38201528787612915,1.6806874114649872e-08,1.479855260555496e-08
Retina,15,current_shared,good/img/13_14.png,0,0.3758387267589569,1.8497368969860872e-08,1.6242131195554066e-08
Retina,15,current_shared,good/img/13_15.png,0,0.3774934411048889,2.1330174959643955e-08,1.8866289863694874e-08
Retina,15,current_shared,good/img/13_16.png,0,0.3703858554363251,2.500279627781765e-08,2.0403097877874643e-08
Retina,15,current_shared,good/img/13_17.png,0,0.3801006078720093,3.670013626333457e-08,2.888484118557244e-08
Retina,15,current_shared,good/img/13_18.png,0,0.3667183816432953,2.0449743232120454e-08,1.7021505982484086e-08
Retina,15,current_shared,good/img/13_19.png,0,0.3775555193424225,2.4739801318673926e-08,1.9287424990466207e-08
Retina,15,current_shared,good/img/13_2.png,0,0.40306395292282104,1.5886415667409892e-06,4.859945192947634e-07
Retina,15,current_shared,good/img/13_20.png,0,0.37292662262916565,3.459746977796385e-08,2.509482222023962e-08
Retina,15,current_shared,good/img/13_21.png,0,0.3543068766593933,2.508404683965182e-08,2.094550666242867e-08
Retina,15,current_shared,good/img/13_22.png,0,0.37596169114112854,4.915304074870619e-08,3.281910920804876e-08
Retina,15,current_shared,good/img/13_23.png,0,0.34840667247772217,2.563666434696188e-08,2.3311756081056956e-08
Retina,15,current_shared,good/img/13_24.png,0,0.38525959849357605,4.435528211388373e-08,3.572149864794483e-08
Retina,15,current_shared,good/img/13_25.png,0,0.38322076201438904,2.3799431758675382e-08,2.1313708131742715e-08
Retina,15,current_shared,good/img/13_26.png,0,0.375654399394989,2.8972289456419276e-08,2.342615523787117e-08
Retina,15,current_shared,good/img/13_27.png,0,0.37673547863960266,3.903365097812639e-08,3.0720272548023786e-08
Retina,15,current_shared,good/img/13_29.png,0,0.4008413255214691,3.6596404129340954e-08,2.8408599916929234e-08
Retina,15,current_shared,good/img/13_3.png,0,0.4034528136253357,0.00011010962043656036,2.383444007136859e-05
Retina,15,current_shared,good/img/13_30.png,0,0.39871537685394287,3.1058313254561654e-08,2.7768164656549743e-08
Retina,15,current_shared,good/img/13_31.png,0,0.4249586760997772,3.578475116228219e-06,1.7082750218833098e-06
Retina,15,current_shared,good/img/13_32.png,0,0.3691115975379944,5.521851775824871e-08,3.8768842358649636e-08
Retina,15,current_shared,good/img/13_33.png,0,0.3566475212574005,7.587978245737759e-08,5.741738107190031e-08
Retina,15,current_shared,good/img/13_34.png,0,0.4012080729007721,7.104966215365494e-08,6.075016756312834e-08
Retina,15,current_shared,good/img/13_35.png,0,0.3988054096698761,8.196948897420953e-07,3.114977857876511e-07
Retina,15,current_shared,good/img/13_37.png,0,0.5784323215484619,5.359907390811713e-06,1.079529738490237e-06
Retina,15,current_shared,good/img/13_38.png,0,0.3983270525932312,1.7861050594092376e-07,1.2533837434602901e-07
Retina,15,current_shared,good/img/13_39.png,0,0.3809914290904999,3.8071302554953945e-08,3.088721456379062e-08
Retina,15,current_shared,good/img/13_4.png,0,0.39638328552246094,1.4012334759172518e-07,9.186558003193568e-08
Retina,15,current_shared,good/img/13_40.png,0,0.37767648696899414,4.626845750976827e-08,3.4438770057931833e-08
Retina,15,current_shared,good/img/13_41.png,0,0.3927471935749054,5.7203816794526574e-08,4.209063320104178e-08
Retina,15,current_shared,good/img/13_42.png,0,0.41012629866600037,5.6785395941005845e-08,3.943924653526665e-08
Retina,15,current_shared,good/img/13_43.png,0,0.4097285568714142,1.3217966454703856e-07,9.037190551453023e-08
Retina,15,current_shared,good/img/13_44.png,0,0.4017655849456787,1.1974897518030048e-07,8.352375147069324e-08
Retina,15,current_shared,good/img/13_5.png,0,0.39788082242012024,2.7003494551536278e-08,2.154655120989446e-08
Retina,15,current_shared,good/img/13_6.png,0,0.3628135919570923,3.2545855788157496e-08,2.5988018848011052e-08
Retina,15,current_shared,good/img/13_7.png,0,0.3576548099517822,4.2962827961900985e-08,3.3270733723611556e-08
Retina,15,current_shared,good/img/13_8.png,0,0.36296114325523376,2.3065043208703173e-08,1.6353981280303742e-08
Retina,15,current_shared,good/img/13_9.png,0,0.3611660599708557,2.985778024822139e-08,2.077914551534832e-08
Retina,15,current_shared,good/img/13_98.png,0,0.4055326282978058,1.4921316449090227e-07,1.0208143663703595e-07
Retina,15,current_shared,good/img/13_99.png,0,0.40907567739486694,5.994879188619961e-07,2.922202213540004e-07
Retina,15,current_shared,good/img/14_1.png,0,0.3705368638038635,1.2343549826709932e-07,6.720215139921493e-08
Retina,15,current_shared,good/img/14_10.png,0,0.3434368968009949,2.3392678016875834e-08,1.801160998127216e-08
Retina,15,current_shared,good/img/14_100.png,0,0.36170005798339844,3.5829577882395824e-07,1.5625947469288803e-07
Retina,15,current_shared,good/img/14_101.png,0,0.3645661771297455,5.1699750258649146e-08,3.142288917956648e-08
Retina,15,current_shared,good/img/14_102.png,0,0.37977883219718933,1.7190486687468365e-06,8.135986035995302e-07
Retina,15,current_shared,good/img/14_103.png,0,0.3503783345222473,6.001875618721897e-08,4.455896629451672e-08
Retina,15,current_shared,good/img/14_104.png,0,0.40658843517303467,5.897582013858482e-07,3.183502883530309e-07
Retina,15,current_shared,good/img/14_105.png,0,0.3659668266773224,2.5749820053988515e-08,2.2034624791444912e-08
Retina,15,current_shared,good/img/14_106.png,0,0.3726329803466797,4.5753669297710076e-08,3.099141210327616e-08
Retina,15,current_shared,good/img/14_107.png,0,0.36813756823539734,6.485305448222789e-08,4.4248405828284376e-08
Retina,15,current_shared,good/img/14_108.png,0,0.3694744408130646,1.994100173874358e-08,1.6530202984199605e-08
Retina,15,current_shared,good/img/14_109.png,0,0.37281692028045654,3.3494153228730283e-08,2.7886688513945046e-08
Retina,15,current_shared,good/img/14_11.png,0,0.36061808466911316,2.338857285621998e-08,1.7799946405716582e-08
Retina,15,current_shared,good/img/14_110.png,0,0.3567560315132141,4.9700105364536284e-08,3.228161915558303e-08
Retina,15,current_shared,good/img/14_111.png,0,0.3649911880493164,2.834214818392411e-08,2.0197191474835563e-08
Retina,15,current_shared,good/img/14_112.png,0,0.3743191361427307,2.7013282277721373e-08,2.0976322900878586e-08
Retina,15,current_shared,good/img/14_113.png,0,0.3801608085632324,2.6008615705563898e-08,1.9551041674503722e-08
Retina,15,current_shared,good/img/14_114.png,0,0.37195509672164917,2.102962071148795e-08,1.5801775887780423e-08
Retina,15,current_shared,good/img/14_115.png,0,0.36780300736427307,1.4329472719509795e-08,1.2807499061295857e-08
Retina,15,current_shared,good/img/14_116.png,0,0.3824450671672821,2.501748674887949e-08,1.9556120278707567e-08
Retina,15,current_shared,good/img/14_117.png,0,0.3834913969039917,1.752595579773697e-08,1.4563851458149202e-08
Retina,15,current_shared,good/img/14_118.png,0,0.37522897124290466,2.1359650048680123e-08,1.769284985186914e-08
Retina,15,current_shared,good/img/14_119.png,0,0.3727008104324341,1.9087449842913884e-08,1.5201196745806556e-08
Retina,15,current_shared,good/img/14_12.png,0,0.33425819873809814,2.2446201342063432e-08,1.672013105746828e-08
Retina,15,current_shared,good/img/14_120.png,0,0.36817845702171326,1.569539875845294e-08,1.2737580767918644e-08
Retina,15,current_shared,good/img/14_121.png,0,0.35133296251296997,1.708079544471275e-08,1.3557206024472634e-08
Retina,15,current_shared,good/img/14_122.png,0,0.3651123046875,1.8338129237349676e-08,1.4687480565100941e-08
Retina,15,current_shared,good/img/14_123.png,0,0.3563718795776367,1.300717933361284e-08,1.1414050149483046e-08
Retina,15,current_shared,good/img/14_124.png,0,0.3973025381565094,1.9193322486898978e-08,1.537284788355464e-08
Retina,15,current_shared,good/img/14_125.png,0,0.38099929690361023,2.361062101385869e-08,1.77995413963572e-08
Retina,15,current_shared,good/img/14_126.png,0,0.385130375623703,1.223014223228347e-08,9.965124725397345e-09
Retina,15,current_shared,good/img/14_127.png,0,0.374348908662796,1.2094810131202394e-07,3.7461081348055814e-08
Retina,15,current_shared,good/img/14_128.png,0,0.4133641719818115,2.1515107917480236e-08,1.699679508249119e-08
Retina,15,current_shared,good/img/14_13.png,0,0.34942781925201416,2.073385729772781e-08,1.715673469959711e-08
Retina,15,current_shared,good/img/14_14.png,0,0.34773677587509155,2.496743434221571e-08,1.898492207885738e-08
Retina,15,current_shared,good/img/14_15.png,0,0.3670920431613922,1.2002125515664375e-08,1.0851131548861304e-08
Retina,15,current_shared,good/img/14_16.png,0,0.33279669284820557,1.7143069186431603e-08,1.4316772656286503e-08
Retina,15,current_shared,good/img/14_18.png,0,0.35638269782066345,1.6309336103859096e-08,1.2640569480026898e-08
Retina,15,current_shared,good/img/14_19.png,0,0.3361353278160095,1.1481707140603703e-08,1.068821209315729e-08
Retina,15,current_shared,good/img/14_2.png,0,0.3750500977039337,2.1551453954771205e-08,1.31971473749104e-08
Retina,15,current_shared,good/img/14_20.png,0,0.3352319300174713,1.8519537903216587e-08,1.6509227762639966e-08
Retina,15,current_shared,good/img/14_21.png,0,0.3502665162086487,2.620545380693784e-08,1.9575200127519565e-08
Retina,15,current_shared,good/img/14_22.png,0,0.33995959162712097,1.549722306037893e-08,1.3256428843533286e-08
Retina,15,current_shared,good/img/14_23.png,0,0.3564300537109375,2.5896396138591626e-08,1.933471160953104e-08
Retina,15,current_shared,good/img/14_24.png,0,0.37362775206565857,1.5887895443711386e-08,1.3997419223699126e-08
Retina,15,current_shared,good/img/14_26.png,0,0.34133872389793396,1.5765968086611792e-08,1.2155816797587704e-08
Retina,15,current_shared,good/img/14_27.png,0,0.35086506605148315,1.6104115374560024e-08,1.4228201727917167e-08
Retina,15,current_shared,good/img/14_28.png,0,0.3579336106777191,1.4698245287547707e-08,1.3023072398254953e-08
Retina,15,current_shared,good/img/14_29.png,0,0.3694741427898407,1.9741866807976294e-08,1.621267919915681e-08
Retina,15,current_shared,good/img/14_3.png,0,0.3411431610584259,1.3812939236856892e-08,1.2619007172531838e-08
Retina,15,current_shared,good/img/14_30.png,0,0.3545062839984894,1.820951567310658e-08,1.6652887069312783e-08
Retina,15,current_shared,good/img/14_31.png,0,0.36910828948020935,3.488145594587877e-08,2.2051763082231446e-08
Retina,15,current_shared,good/img/14_32.png,0,0.37916240096092224,2.4756181105090036e-08,2.074469840351867e-08
Retina,15,current_shared,good/img/14_33.png,0,0.38865891098976135,1.8368934817658555e-08,1.5803788500079463e-08
Retina,15,current_shared,good/img/14_34.png,0,0.37448614835739136,2.3880007304910578e-08,1.9102909476487184e-08
Retina,15,current_shared,good/img/14_35.png,0,0.372840940952301,3.55405447294288e-08,2.7126501933594227e-08
Retina,15,current_shared,good/img/14_36.png,0,0.3569148778915405,1.4454481167547328e-08,1.149039619008363e-08
Retina,15,current_shared,good/img/14_37.png,0,0.3810734450817108,2.710587487797511e-08,2.0822341184612014e-08
Retina,15,current_shared,good/img/14_38.png,0,0.38021618127822876,4.555904098424435e-08,3.078601906736367e-08
Retina,15,current_shared,good/img/14_39.png,0,0.3593209981918335,2.0921921972671953e-08,1.562481877215305e-08
Retina,15,current_shared,good/img/14_4.png,0,0.3473551571369171,1.417609585274704e-08,1.2033988028292697e-08
Retina,15,current_shared,good/img/14_40.png,0,0.3723723590373993,3.395004455342132e-08,2.6724283230805668e-08
Retina,15,current_shared,good/img/14_41.png,0,0.367850124835968,3.309604323931126e-08,2.777303542700338e-08
Retina,15,current_shared,good/img/14_42.png,0,0.3701598346233368,8.62919407040863e-08,5.078935672031548e-08
Retina,15,current_shared,good/img/14_43.png,0,0.3894596993923187,4.623722915653161e-08,3.420838723400266e-08
Retina,15,current_shared,good/img/14_44.png,0,0.38063228130340576,5.321243179423618e-08,3.4384804337150854e-08
Retina,15,current_shared,good/img/14_45.png,0,0.3938959538936615,5.8737892771887346e-08,3.460405295641067e-08
Retina,15,current_shared,good/img/14_46.png,0,0.3956906795501709,1.5351654170103757e-08,1.2872526156115782e-08
Retina,15,current_shared,good/img/14_47.png,0,0.40963849425315857,1.177081898617871e-07,6.988432943444423e-08
Retina,15,current_shared,good/img/14_48.png,0,0.4237157106399536,4.874593173553876e-07,2.654037700722256e-07
Retina,15,current_shared,good/img/14_49.png,0,0.3939715623855591,1.012693289226263e-07,6.221323189947725e-08
Retina,15,current_shared,good/img/14_5.png,0,0.3558295965194702,2.0714173487590415e-08,1.6592132112691615e-08
Retina,15,current_shared,good/img/14_50.png,0,0.3964175581932068,9.591682470500018e-08,6.783515971164888e-08
Retina,15,current_shared,good/img/14_51.png,0,0.40614113211631775,3.3799861398620124e-07,1.565784089052613e-07
Retina,15,current_shared,good/img/14_52.png,0,0.43422940373420715,1.6671542368840164e-07,1.0697093699718607e-07
Retina,15,current_shared,good/img/14_53.png,0,0.40718159079551697,1.1778357702496578e-06,5.527919029191253e-07
Retina,15,current_shared,good/img/14_54.png,0,0.4141730070114136,3.6760675357072614e-06,1.5055398989716196e-06
Retina,15,current_shared,good/img/14_55.png,0,0.40112239122390747,2.550306419379922e-07,1.460061724856132e-07
Retina,15,current_shared,good/img/14_56.png,0,0.42400819063186646,4.192926610357972e-07,2.6096157057509117e-07
Retina,15,current_shared,good/img/14_57.png,0,0.40731358528137207,4.161982360528782e-06,2.082873834297061e-06
Retina,15,current_shared,good/img/14_6.png,0,0.3455294370651245,2.418939359927208e-08,1.8681202362813565e-08
Retina,15,current_shared,good/img/14_65.png,0,0.3934127986431122,3.366009480032517e-07,2.0222226737587334e-07
Retina,15,current_shared,good/img/14_66.png,0,0.4010217785835266,9.546072732291577e-08,6.600528479339118e-08
Retina,15,current_shared,good/img/14_67.png,0,0.4049699902534485,4.612694510797155e-07,3.2007577033255075e-07
Retina,15,current_shared,good/img/14_68.png,0,0.3849772810935974,8.99789398545181e-08,5.81352992412576e-08
Retina,15,current_shared,good/img/14_69.png,0,0.40842753648757935,1.025783831209992e-06,5.052019673712493e-07
Retina,15,current_shared,good/img/14_7.png,0,0.3409062325954437,1.4256900549014517e-08,1.2108817060152433e-08
Retina,15,current_shared,good/img/14_70.png,0,0.47509264945983887,1.4364834896696266e-05,5.216394129092805e-06
Retina,15,current_shared,good/img/14_71.png,0,0.43755990266799927,3.493852887004323e-07,2.0215078677665588e-07
Retina,15,current_shared,good/img/14_72.png,0,0.3929583728313446,1.293868308493984e-06,6.712154458909936e-07
Retina,15,current_shared,good/img/14_73.png,0,0.4131450057029724,2.3686042993631418e-07,1.393382405012744e-07
Retina,15,current_shared,good/img/14_74.png,0,0.40955328941345215,1.0140410040548886e-06,5.385078338804306e-07
Retina,15,current_shared,good/img/14_75.png,0,0.41678574681282043,1.5844399285924737e-06,7.344627306338225e-07
Retina,15,current_shared,good/img/14_76.png,0,0.38399869203567505,7.363236136370688e-07,3.586941375033348e-07
Retina,15,current_shared,good/img/14_77.png,0,0.3907257616519928,5.949514729763905e-07,3.8089584109002317e-07
Retina,15,current_shared,good/img/14_78.png,0,0.4029196798801422,2.701697496831912e-07,1.877825326346283e-07
Retina,15,current_shared,good/img/14_79.png,0,0.39116474986076355,3.8078570696598035e-07,1.7655246153935877e-07
Retina,15,current_shared,good/img/14_8.png,0,0.35728752613067627,9.299024839037884e-08,4.847007772923462e-08
Retina,15,current_shared,good/img/14_80.png,0,0.3965924084186554,3.30497755385295e-07,1.8988167482802965e-07
Retina,15,current_shared,good/img/14_81.png,0,0.37929797172546387,9.156271119081794e-08,6.234044747088774e-08
Retina,15,current_shared,good/img/14_82.png,0,0.41442054510116577,5.198373287385039e-07,2.637218017298437e-07
Retina,15,current_shared,good/img/14_83.png,0,0.38873693346977234,1.7226245745405322e-06,1.0663947023203946e-06
Retina,15,current_shared,good/img/14_84.png,0,0.40954217314720154,1.121684476856899e-06,6.651609396612912e-07
Retina,15,current_shared,good/img/14_85.png,0,0.3906406760215759,6.711026685479737e-07,3.0666203088003385e-07
Retina,15,current_shared,good/img/14_86.png,0,0.4092855751514435,3.334528457799024e-07,2.0738346506732341e-07
Retina,15,current_shared,good/img/14_87.png,0,0.3900502324104309,2.632981193073647e-07,1.513769660732578e-07
Retina,15,current_shared,good/img/14_88.png,0,0.39886075258255005,2.210415459558135e-07,1.2100231572276243e-07
Retina,15,current_shared,good/img/14_89.png,0,0.39946743845939636,1.2172839092272625e-07,8.597938716548015e-08
Retina,15,current_shared,good/img/14_90.png,0,0.3749556839466095,4.872162051583473e-08,3.324984021446653e-08
Retina,15,current_shared,good/img/14_91.png,0,0.36961373686790466,3.162235273634906e-08,2.4463108871941586e-08
Retina,15,current_shared,good/img/14_92.png,0,0.35789451003074646,9.999428840501423e-08,6.708887667628005e-08
Retina,15,current_shared,good/img/14_93.png,0,0.3764326870441437,6.848763689504267e-08,5.0869374490503105e-08
Retina,15,current_shared,good/img/14_94.png,0,0.3740087151527405,1.7356322246087075e-07,1.156352666953353e-07
Retina,15,current_shared,good/img/14_95.png,0,0.3860262930393219,3.3408909416721144e-08,2.473025340066215e-08
Retina,15,current_shared,good/img/14_96.png,0,0.3755013048648834,5.9211227920741294e-08,4.5147231730879867e-08
Retina,15,current_shared,good/img/14_97.png,0,0.3585871756076813,1.0765968028181305e-07,5.6754416277726705e-08
Retina,15,current_shared,good/img/14_98.png,0,0.3559128940105438,6.404622467925947e-07,3.015233573933074e-07
Retina,15,current_shared,good/img/14_99.png,0,0.3962676525115967,1.0606237310639699e-07,7.026290660405721e-08
Retina,15,current_shared,good/img/15_1.png,0,0.3674733340740204,2.0390153565585933e-08,1.5936274522232452e-08
Retina,15,current_shared,good/img/15_10.png,0,0.346391499042511,2.3135232396498395e-08,1.812415106883236e-08
Retina,15,current_shared,good/img/15_100.png,0,0.4341486990451813,1.7400138858647551e-06,1.0903047495958162e-06
Retina,15,current_shared,good/img/15_101.png,0,0.4259863495826721,2.422291913717345e-07,1.5530339680935867e-07
Retina,15,current_shared,good/img/15_102.png,0,0.4476472735404968,2.509529792860121e-07,1.444944928152836e-07
Retina,15,current_shared,good/img/15_103.png,0,0.4547494649887085,1.7650652353040641e-06,8.979590120361536e-07
Retina,15,current_shared,good/img/15_104.png,0,0.4325932264328003,2.2171607838572527e-07,1.538222278441026e-07
Retina,15,current_shared,good/img/15_105.png,0,0.4526042640209198,1.0598289179597487e-07,6.251853079675129e-08
Retina,15,current_shared,good/img/15_106.png,0,0.41369009017944336,7.658862699599922e-08,4.6374179163422014e-08
Retina,15,current_shared,good/img/15_107.png,0,0.43018266558647156,5.554004545160751e-08,3.63580241469208e-08
Retina,15,current_shared,good/img/15_108.png,0,0.4252062737941742,8.844382648476312e-08,5.236997324686854e-08
Retina,15,current_shared,good/img/15_109.png,0,0.40968552231788635,2.099739937477807e-08,1.743067556958522e-08
Retina,15,current_shared,good/img/15_11.png,0,0.3677338659763336,3.2945198569223066e-08,2.5633331901531164e-08
Retina,15,current_shared,good/img/15_110.png,0,0.406607985496521,2.993955661168002e-08,2.0008140921845552e-08
Retina,15,current_shared,good/img/15_111.png,0,0.4515692889690399,6.468294344585956e-08,3.985025287533972e-08
Retina,15,current_shared,good/img/15_112.png,0,0.4011576771736145,3.4497112721965095e-08,1.7970062771155426e-08
Retina,15,current_shared,good/img/15_113.png,0,0.41563108563423157,2.0374562481606517e-08,1.7105415750506836e-08
Retina,15,current_shared,good/img/15_114.png,0,0.3977435231208801,2.4082451588469667e-08,1.964271589827149e-08
Retina,15,current_shared,good/img/15_115.png,0,0.38681042194366455,1.7312457245566293e-08,1.4587230090512548e-08
Retina,15,current_shared,good/img/15_116.png,0,0.42991903424263,2.658423881030103e-08,1.86183104489146e-08
Retina,15,current_shared,good/img/15_117.png,0,0.40374991297721863,1.3069698212575531e-08,1.139191319055044e-08
Retina,15,current_shared,good/img/15_118.png,0,0.4158479869365692,1.5053377211415864e-08,1.3240944340964234e-08
Retina,15,current_shared,good/img/15_119.png,0,0.4101477563381195,9.730917582828624e-08,6.289034359951984e-08
Retina,15,current_shared,good/img/15_12.png,0,0.3629661202430725,1.5640532424754383e-08,1.3170472712431547e-08
Retina,15,current_shared,good/img/15_120.png,0,0.37617096304893494,2.3026318629604248e-08,1.6302381666832844e-08
Retina,15,current_shared,good/img/15_121.png,0,0.4072364270687103,1.2008307237465488e-08,1.072316369032933e-08
Retina,15,current_shared,good/img/15_122.png,0,0.40102657675743103,3.5756219318727744e-08,2.453738190411059e-08
Retina,15,current_shared,good/img/15_123.png,0,0.4410589337348938,3.152593563982009e-08,1.994212617262292e-08
Retina,15,current_shared,good/img/15_124.png,0,0.42065298557281494,3.7337926528380194e-08,2.8536929264078026e-08
Retina,15,current_shared,good/img/15_125.png,0,0.43693190813064575,1.0113479476103748e-07,5.2326356581033906e-08
Retina,15,current_shared,good/img/15_126.png,0,0.4532432556152344,4.425041666422658e-08,2.2832866264366203e-08
Retina,15,current_shared,good/img/15_127.png,0,0.4085438847541809,1.1001345257000139e-07,4.134038888992109e-08
Retina,15,current_shared,good/img/15_128.png,0,0.3907947242259979,2.450325453651203e-08,1.9222218483605502e-08
Retina,15,current_shared,good/img/15_13.png,0,0.3891434371471405,1.3158394374102045e-08,1.2091909695755021e-08
Retina,15,current_shared,good/img/15_14.png,0,0.36914435029029846,2.0960689539606392e-07,9.757963681522597e-08
Retina,15,current_shared,good/img/15_15.png,0,0.35934633016586304,1.4055773434051844e-08,1.2548112771071374e-08
Retina,15,current_shared,good/img/15_16.png,0,0.35355886816978455,1.4251572366674736e-08,1.2227924450769478e-08
Retina,15,current_shared,good/img/15_17.png,0,0.3588317036628723,1.5769156647138516e-08,1.4239697421203346e-08
Retina,15,current_shared,good/img/15_18.png,0,0.35545629262924194,1.800272464436148e-08,1.4961285543790837e-08
Retina,15,current_shared,good/img/15_19.png,0,0.38070595264434814,2.672404342263235e-08,1.949302053105839e-08
Retina,15,current_shared,good/img/15_2.png,0,0.38540714979171753,1.6030931249133573e-08,1.4032225159610334e-08
Retina,15,current_shared,good/img/15_20.png,0,0.37048688530921936,1.427404328069315e-08,1.2573560859152622e-08
Retina,15,current_shared,good/img/15_21.png,0,0.3655167520046234,2.2154713619215727e-08,1.6507808453525286e-08
Retina,15,current_shared,good/img/15_22.png,0,0.3606133460998535,2.349158201297996e-08,1.611602939988188e-08
Retina,15,current_shared,good/img/15_23.png,0,0.37899428606033325,1.97338465568464e-08,1.6156393556343573e-08
Retina,15,current_shared,good/img/15_24.png,0,0.3647277057170868,2.8280966901661486e-08,1.6936795077526767e-08
Retina,15,current_shared,good/img/15_25.png,0,0.35885927081108093,1.1128494570300518e-08,1.0139594941449559e-08
Retina,15,current_shared,good/img/15_26.png,0,0.3475671112537384,1.6176583628180197e-08,1.2270249705181868e-08
Retina,15,current_shared,good/img/15_27.png,0,0.3421718180179596,1.4105914658557595e-08,1.1580895353802134e-08
Retina,15,current_shared,good/img/15_28.png,0,0.3557361960411072,9.950514368028962e-08,3.8999040441467514e-08
Retina,15,current_shared,good/img/15_29.png,0,0.38907474279403687,2.1095264202131148e-08,1.771874380551708e-08
Retina,15,current_shared,good/img/15_3.png,0,0.351566344499588,1.4712354001744643e-08,1.1825876278237502e-08
Retina,15,current_shared,good/img/15_30.png,0,0.3644072711467743,2.014598976529669e-08,1.5990149648814622e-08
Retina,15,current_shared,good/img/15_31.png,0,0.35819947719573975,1.4057516928289715e-08,1.2061806664576125e-08
Retina,15,current_shared,good/img/15_32.png,0,0.36492714285850525,1.4805953796326321e-08,1.259332194081253e-08
Retina,15,current_shared,good/img/15_33.png,0,0.3716309666633606,1.705615026992291e-08,1.4370886702863572e-08
Retina,15,current_shared,good/img/15_34.png,0,0.39835119247436523,2.1099893388054625e-08,1.794511206298921e-08
Retina,15,current_shared,good/img/15_35.png,0,0.36398524045944214,2.1731674237912557e-08,1.865659982058787e-08
Retina,15,current_shared,good/img/15_36.png,0,0.40286925435066223,1.449523168162159e-08,1.2993175424469428e-08
Retina,15,current_shared,good/img/15_37.png,0,0.3644312620162964,1.691125284253303e-08,1.4454542451858288e-08
Retina,15,current_shared,good/img/15_38.png,0,0.38535186648368835,1.3925205877285407e-08,1.1145439238191557e-08
Retina,15,current_shared,good/img/15_4.png,0,0.3636886179447174,2.7174930750106796e-08,1.826445839014923e-08
Retina,15,current_shared,good/img/15_40.png,0,0.3955373167991638,3.1335119388131716e-08,2.0862890082185004e-08
Retina,15,current_shared,good/img/15_41.png,0,0.4105490446090698,2.6821373566576767e-08,2.317286806885477e-08
Retina,15,current_shared,good/img/15_42.png,0,0.4336111545562744,5.2456439192383186e-08,3.8329133644765534e-08
Retina,15,current_shared,good/img/15_43.png,0,0.4031303822994232,2.452476444148033e-08,1.9467307765808073e-08
Retina,15,current_shared,good/img/15_44.png,0,0.4190588593482971,2.3536880888741507e-08,1.9308300736042838e-08
Retina,15,current_shared,good/img/15_45.png,0,0.41349098086357117,2.4249214192195723e-08,2.1311347353503152e-08
Retina,15,current_shared,good/img/15_46.png,0,0.4245000183582306,2.4136491560966533e-07,1.4258564817737351e-07
Retina,15,current_shared,good/img/15_47.png,0,0.397114098072052,6.882417835640808e-08,4.211525350683587e-08
Retina,15,current_shared,good/img/15_48.png,0,0.40146565437316895,5.99905973786008e-08,3.6543060133453764e-08
Retina,15,current_shared,good/img/15_5.png,0,0.3763611614704132,2.5411940995923032e-08,1.9637408144035362e-08
Retina,15,current_shared,good/img/15_50.png,0,0.4290405213832855,6.696698733321682e-07,3.776689254664234e-07
Retina,15,current_shared,good/img/15_51.png,0,0.4483296573162079,3.5559914977056906e-06,2.122895239153877e-06
Retina,15,current_shared,good/img/15_52.png,0,0.4265696704387665,4.5495255562855164e-07,2.1934224037067906e-07
Retina,15,current_shared,good/img/15_53.png,0,0.42637261748313904,1.2913202454001294e-06,7.682809268771962e-07
Retina,15,current_shared,good/img/15_54.png,0,0.43831783533096313,5.392281536842347e-07,3.637956638158357e-07
Retina,15,current_shared,good/img/15_55.png,0,0.4624181091785431,8.63045897858683e-07,4.959264288117993e-07
Retina,15,current_shared,good/img/15_6.png,0,0.383989542722702,1.8870618845312492e-08,1.4535517678382348e-08
Retina,15,current_shared,good/img/15_64.png,0,0.4524209797382355,2.9951438591524493e-06,1.4025680457052658e-06
Retina,15,current_shared,good/img/15_65.png,0,0.4531654715538025,1.6014944776543416e-05,5.768829396401998e-06
Retina,15,current_shared,good/img/15_66.png,0,0.46296387910842896,1.2086124115739949e-05,8.179827091225889e-06
Retina,15,current_shared,good/img/15_67.png,0,0.47983941435813904,7.612056833750103e-06,4.185333182249451e-06
Retina,15,current_shared,good/img/15_68.png,0,0.483961820602417,5.626330312225036e-05,3.0397544833249412e-05
Retina,15,current_shared,good/img/15_69.png,0,0.4686194956302643,1.3741781003773212e-05,5.49401647731429e-06
Retina,15,current_shared,good/img/15_7.png,0,0.3566896617412567,2.004510868403031e-08,1.593399900912118e-08
Retina,15,current_shared,good/img/15_70.png,0,0.49044549465179443,1.9700697521329857e-05,1.1321795682306401e-05
Retina,15,current_shared,good/img/15_71.png,0,0.4825105369091034,2.9982933483552188e-05,1.4698251106892712e-05
Retina,15,current_shared,good/img/15_72.png,0,0.4876362383365631,3.7514146242756397e-05,1.2942553439643234e-05
Retina,15,current_shared,good/img/15_73.png,0,0.47551101446151733,3.6964633181924e-05,1.9577320927055553e-05
Retina,15,current_shared,good/img/15_74.png,0,0.4686155915260315,3.3616503060329705e-05,1.3459964975481853e-05
Retina,15,current_shared,good/img/15_75.png,0,0.4619271457195282,5.9803402109537274e-05,2.7030479031964205e-05
Retina,15,current_shared,good/img/15_76.png,0,0.461384654045105,8.284189971163869e-05,5.233324918663129e-05
Retina,15,current_shared,good/img/15_77.png,0,0.4473837614059448,6.274463430600008e-06,3.4598026559251593e-06
Retina,15,current_shared,good/img/15_78.png,0,0.4718966484069824,9.975623470381834e-06,5.079909442429198e-06
Retina,15,current_shared,good/img/15_79.png,0,0.4599049985408783,2.083331492030993e-05,1.0788814506668132e-05
Retina,15,current_shared,good/img/15_8.png,0,0.37219592928886414,1.6395732771457006e-08,1.4366309031288438e-08
Retina,15,current_shared,good/img/15_80.png,0,0.47872045636177063,3.923595431842841e-05,1.7177042536786757e-05
Retina,15,current_shared,good/img/15_81.png,0,0.4642428159713745,0.00010456671589054167,3.266376370447688e-05
Retina,15,current_shared,good/img/15_82.png,0,0.5546402335166931,0.0002006885624723509,7.016112067503855e-05
Retina,15,current_shared,good/img/15_83.png,0,0.45856449007987976,1.211380549648311e-05,6.060357463866239e-06
Retina,15,current_shared,good/img/15_84.png,0,0.48284947872161865,3.599414867494488e-06,2.074681333397166e-06
Retina,15,current_shared,good/img/15_85.png,0,0.436273455619812,5.3582207328872755e-06,2.8655344976868946e-06
Retina,15,current_shared,good/img/15_86.png,0,0.4414057731628418,3.0034102564968634e-06,1.570314339005563e-06
Retina,15,current_shared,good/img/15_87.png,0,0.4668232500553131,6.282624781306367e-06,3.858126092382008e-06
Retina,15,current_shared,good/img/15_88.png,0,0.44794076681137085,5.916031113883946e-07,3.6494250821306196e-07
Retina,15,current_shared,good/img/15_89.png,0,0.4506209194660187,2.0987481548218057e-06,1.0007433957071044e-06
Retina,15,current_shared,good/img/15_9.png,0,0.3612222671508789,5.095028043911043e-08,3.4337823251462396e-08
Retina,15,current_shared,good/img/15_90.png,0,0.443966269493103,2.3973918814590434e-06,8.687107424520946e-07
Retina,15,current_shared,good/img/15_91.png,0,0.44162267446517944,1.8059388366964413e-06,9.993093499360839e-07
Retina,15,current_shared,good/img/15_92.png,0,0.43658965826034546,6.855258106952533e-06,3.3556323160155443e-06
Retina,15,current_shared,good/img/15_93.png,0,0.4181463420391083,1.8163055983677623e-06,7.847096412660903e-07
Retina,15,current_shared,good/img/15_94.png,0,0.40751534700393677,3.8728677509425324e-07,2.5749943688424537e-07
Retina,15,current_shared,good/img/15_95.png,0,0.41464102268218994,1.5439064782185596e-06,1.0386486337665701e-06
Retina,15,current_shared,good/img/15_96.png,0,0.4548565447330475,4.377249751996715e-06,1.7371961575918249e-06
Retina,15,current_shared,good/img/15_97.png,0,0.4372490644454956,7.058022788442031e-07,4.997447149435175e-07
Retina,15,current_shared,good/img/15_98.png,0,0.42360562086105347,3.336784004659421e-07,1.871986512469448e-07
Retina,15,current_shared,good/img/15_99.png,0,0.43314889073371887,2.3056570626067696e-06,1.044649479808868e-06
Retina,15,current_shared,good/img/1_10.png,0,0.3613501191139221,3.611393140090513e-08,2.826487310869652e-08
Retina,15,current_shared,good/img/1_100.png,0,0.43265146017074585,6.242603831196902e-06,2.55753275268944e-06
Retina,15,current_shared,good/img/1_101.png,0,0.5744673013687134,0.0012931283563375473,0.00017977964307647198
Retina,15,current_shared,good/img/1_102.png,0,0.7310909628868103,0.0048071215860545635,0.0016844908241182566
Retina,15,current_shared,good/img/1_103.png,0,0.43329617381095886,3.685748379211873e-05,1.4026559256308246e-05
Retina,15,current_shared,good/img/1_104.png,0,0.39368516206741333,1.3126614817338123e-07,7.947934221874675e-08
Retina,15,current_shared,good/img/1_105.png,0,0.43096694350242615,4.8950014388537966e-06,2.1153218767722137e-06
Retina,15,current_shared,good/img/1_106.png,0,0.39490270614624023,2.6696869781517307e-07,1.4848022544811101e-07
Retina,15,current_shared,good/img/1_107.png,0,0.3827603757381439,2.560168468335178e-07,1.55944320567869e-07
Retina,15,current_shared,good/img/1_108.png,0,0.40949374437332153,7.866129294598068e-07,4.332828211772721e-07
Retina,15,current_shared,good/img/1_109.png,0,0.3884304165840149,1.2659489811994717e-06,5.231119075688184e-07
Retina,15,current_shared,good/img/1_11.png,0,0.3754641115665436,6.521040774032372e-08,2.832197409929904e-08
Retina,15,current_shared,good/img/1_110.png,0,0.3948149085044861,7.572658660137677e-07,3.9849805943958927e-07
Retina,15,current_shared,good/img/1_111.png,0,0.3809962272644043,2.0274198320180403e-08,1.6792535362242234e-08
Retina,15,current_shared,good/img/1_112.png,0,0.38228949904441833,3.316334300507151e-07,1.66869241979839e-07
Retina,15,current_shared,good/img/1_113.png,0,0.3988173305988312,2.2188528703281918e-07,1.0096009361859615e-07
Retina,15,current_shared,good/img/1_114.png,0,0.37317967414855957,1.9560685871056194e-07,9.508431730864686e-08
Retina,15,current_shared,good/img/1_115.png,0,0.38620004057884216,1.4232495004762313e-07,6.995890089456225e-08
Retina,15,current_shared,good/img/1_116.png,0,0.3890073895454407,5.876355402278932e-08,4.22969606006518e-08
Retina,15,current_shared,good/img/1_117.png,0,0.3650510609149933,3.2929744264720284e-08,2.526877196373789e-08
Retina,15,current_shared,good/img/1_118.png,0,0.36226698756217957,1.4630144562488567e-07,7.523284040189537e-08
Retina,15,current_shared,good/img/1_119.png,0,0.3695624768733978,3.099381373772303e-08,2.3969015217062406e-08
Retina,15,current_shared,good/img/1_12.png,0,0.3298335671424866,2.1006171024851028e-08,1.7075747038575173e-08
Retina,15,current_shared,good/img/1_120.png,0,0.35956254601478577,1.42251008128369e-06,6.052609364814998e-07
Retina,15,current_shared,good/img/1_121.png,0,0.3467882573604584,6.277518309616426e-07,2.789917630252603e-07
Retina,15,current_shared,good/img/1_122.png,0,0.3350391685962677,1.484016465269633e-08,1.18230989443191e-08
Retina,15,current_shared,good/img/1_123.png,0,0.37440693378448486,2.357187867119137e-08,2.1675408135024554e-08
Retina,15,current_shared,good/img/1_124.png,0,0.3495033383369446,2.288219036472583e-08,1.9127643469118993e-08
Retina,15,current_shared,good/img/1_125.png,0,0.36500442028045654,5.258245749928392e-08,3.8200852259251405e-08
Retina,15,current_shared,good/img/1_126.png,0,0.36138075590133667,2.3732072307325325e-08,2.2083835204966817e-08
Retina,15,current_shared,good/img/1_127.png,0,0.3527960479259491,2.4141227683571742e-08,1.739649491128148e-08
Retina,15,current_shared,good/img/1_128.png,0,0.36280539631843567,2.989508232076332e-07,1.4518421664888592e-07
Retina,15,current_shared,good/img/1_13.png,0,0.35370442271232605,3.933807235512177e-08,2.7617199194196473e-08
Retina,15,current_shared,good/img/1_14.png,0,0.3598836064338684,2.483658079199813e-08,2.138244070692963e-08
Retina,15,current_shared,good/img/1_15.png,0,0.34656327962875366,2.3447892516514912e-08,1.8738848694965782e-08
Retina,15,current_shared,good/img/1_16.png,0,0.356363445520401,2.242959595832872e-08,1.7591050394116792e-08
Retina,15,current_shared,good/img/1_17.png,0,0.35710421204566956,5.283026283109393e-08,3.443785701051638e-08
Retina,15,current_shared,good/img/1_18.png,0,0.3634392321109772,2.0993153881931903e-08,1.7906206295492666e-08
Retina,15,current_shared,good/img/1_19.png,0,0.33997392654418945,2.8662894280273576e-08,2.1391098670164865e-08
Retina,15,current_shared,good/img/1_20.png,0,0.34972313046455383,2.0447634696552086e-08,1.6049819251406916e-08
Retina,15,current_shared,good/img/1_21.png,0,0.3328600525856018,2.5593816843638706e-08,2.1196145283397527e-08
Retina,15,current_shared,good/img/1_22.png,0,0.35652631521224976,4.1381770898851755e-08,3.284261040903402e-08
Retina,15,current_shared,good/img/1_3.png,0,0.3495986759662628,2.2754754525067256e-08,1.873935850937869e-08
Retina,15,current_shared,good/img/1_4.png,0,0.34004124999046326,6.519722006714801e-08,3.883171117990969e-08
Retina,15,current_shared,good/img/1_5.png,0,0.3438601493835449,2.829315981500713e-08,2.1188897747492774e-08
Retina,15,current_shared,good/img/1_6.png,0,0.3586929440498352,2.203166715730731e-08,1.9527012895537155e-08
Retina,15,current_shared,good/img/1_69.png,0,0.45945194363594055,2.628706170071382e-06,1.6670339846314164e-06
Retina,15,current_shared,good/img/1_7.png,0,0.3421197533607483,2.900314122200598e-08,2.2120682174886497e-08
Retina,15,current_shared,good/img/1_70.png,0,0.42499446868896484,2.1869552710995777e-06,1.290252498620248e-06
Retina,15,current_shared,good/img/1_71.png,0,0.44687530398368835,5.598532879957929e-06,3.3702253858791664e-06
Retina,15,current_shared,good/img/1_72.png,0,0.4547383487224579,2.4940127332229167e-05,1.2705384506261908e-05
Retina,15,current_shared,good/img/1_73.png,0,0.42076581716537476,5.264871560939355e-06,2.5238480247935513e-06
Retina,15,current_shared,good/img/1_74.png,0,0.45395976305007935,3.382362046977505e-05,1.3396936992648989e-05
Retina,15,current_shared,good/img/1_75.png,0,0.42044737935066223,1.2865280950791202e-05,5.1848828661604784e-06
Retina,15,current_shared,good/img/1_76.png,0,0.43773865699768066,1.756223355187103e-05,1.035894820233807e-05
Retina,15,current_shared,good/img/1_77.png,0,0.46120449900627136,3.662853259811527e-06,2.3184366000350565e-06
Retina,15,current_shared,good/img/1_78.png,0,0.4278124272823334,2.2717431420460343e-06,1.0371329608460655e-06
Retina,15,current_shared,good/img/1_79.png,0,0.45145276188850403,7.510192062909482e-06,2.972092488562339e-06
Retina,15,current_shared,good/img/1_8.png,0,0.3566751480102539,3.0661130523412794e-08,2.3968071971580684e-08
Retina,15,current_shared,good/img/1_80.png,0,0.4589068293571472,0.00021303171524778008,8.322811481775716e-05
Retina,15,current_shared,good/img/1_81.png,0,0.4232464134693146,1.989607653740677e-06,1.018399075292109e-06
Retina,15,current_shared,good/img/1_83.png,0,0.43667739629745483,1.3856526948075043e-06,6.602653002119041e-07
Retina,15,current_shared,good/img/1_84.png,0,0.4178011417388916,8.057801323957392e-07,4.470409180612478e-07
Retina,15,current_shared,good/img/1_85.png,0,0.4393978714942932,2.019323119384353e-06,1.0387619795437786e-06
Retina,15,current_shared,good/img/1_86.png,0,0.42917588353157043,4.1779294406296685e-06,2.253210595881683e-06
Retina,15,current_shared,good/img/1_87.png,0,0.38797083497047424,1.1429701771703549e-06,6.253737296901818e-07
Retina,15,current_shared,good/img/1_88.png,0,0.42232394218444824,8.065327165240888e-06,5.027299721405143e-06
Retina,15,current_shared,good/img/1_89.png,0,0.731373131275177,0.0008023370173759758,0.0004411600821185857
Retina,15,current_shared,good/img/1_9.png,0,0.3502405881881714,1.47460665900212e-08,1.3351037608799743e-08
Retina,15,current_shared,good/img/1_90.png,0,0.6332563757896423,0.0003134759608656168,8.674702985445037e-05
Retina,15,current_shared,good/img/1_91.png,0,0.7470767498016357,0.003635687753558159,0.0008742380305193365
Retina,15,current_shared,good/img/1_92.png,0,0.7503880262374878,0.08584170788526535,0.012587063945829868
Retina,15,current_shared,good/img/1_93.png,0,0.7349856495857239,0.0009335099020972848,0.0002049842441920191
Retina,15,current_shared,good/img/1_94.png,0,0.7316092252731323,0.0556684285402298,0.006493183318525553
Retina,15,current_shared,good/img/1_95.png,0,0.5412561297416687,2.8093687433283776e-05,1.1730261576303747e-05
Retina,15,current_shared,good/img/1_96.png,0,0.7092233300209045,0.007794464007019997,0.0012825331650674343
Retina,15,current_shared,good/img/1_97.png,0,0.7135525941848755,0.0037542367354035378,0.0004209541075397283
Retina,15,current_shared,good/img/1_98.png,0,0.7658567428588867,0.06966050714254379,0.01141770277172327
Retina,15,current_shared,good/img/1_99.png,0,0.42620375752449036,7.49151183754293e-07,4.780353037858731e-07
Retina,15,current_shared,good/img/2_1.png,0,0.43001478910446167,5.311032396093651e-07,1.8297795634225622e-07
Retina,15,current_shared,good/img/2_100.png,0,0.7188257575035095,1.9340857761562802e-05,6.382326773746172e-06
Retina,15,current_shared,good/img/2_101.png,0,0.3897894322872162,2.277152049146025e-07,1.3695451173134643e-07
Retina,15,current_shared,good/img/2_102.png,0,0.3596649467945099,1.0677603512476708e-07,6.144183828382666e-08
Retina,15,current_shared,good/img/2_103.png,0,0.390384703874588,4.7697312766104005e-08,3.757702771167715e-08
Retina,15,current_shared,good/img/2_104.png,0,0.37503623962402344,1.9965131770049993e-08,1.5738237379991915e-08
Retina,15,current_shared,good/img/2_105.png,0,0.44151875376701355,1.5334702538893907e-06,9.724652727527427e-07
Retina,15,current_shared,good/img/2_106.png,0,0.39623603224754333,5.025833971217253e-08,3.9524373107724387e-08
Retina,15,current_shared,good/img/2_107.png,0,0.39444899559020996,7.643991750683199e-08,5.61944659693836e-08
Retina,15,current_shared,good/img/2_108.png,0,0.3916447162628174,1.1968023727604304e-07,8.649872995647456e-08
Retina,15,current_shared,good/img/2_109.png,0,0.4406350255012512,3.7172048905631527e-06,6.756876587132865e-07
Retina,15,current_shared,good/img/2_11.png,0,0.4037169814109802,6.099485005961469e-08,4.362089356391152e-08
Retina,15,current_shared,good/img/2_110.png,0,0.3668670952320099,6.121885576249042e-08,2.8723295741883703e-08
Retina,15,current_shared,good/img/2_111.png,0,0.3951939642429352,2.4903703987888548e-08,1.8543477864341185e-08
Retina,15,current_shared,good/img/2_112.png,0,0.4145244359970093,1.5405457531869615e-07,1.2349140376954892e-07
Retina,15,current_shared,good/img/2_113.png,0,0.7225415706634521,1.2772999298249488e-06,4.6024962330193375e-07
Retina,15,current_shared,good/img/2_114.png,0,0.40864497423171997,2.606423521456236e-08,2.3031274665186174e-08
Retina,15,current_shared,good/img/2_115.png,0,0.40545564889907837,5.337873787425451e-08,4.169008960275278e-08
Retina,15,current_shared,good/img/2_116.png,0,0.380664587020874,2.8192264522886035e-08,2.517636765730913e-08
Retina,15,current_shared,good/img/2_117.png,0,0.42317476868629456,6.788300765947497e-07,3.8686238212903845e-07
Retina,15,current_shared,good/img/2_118.png,0,0.3797518014907837,3.030530493219885e-08,2.57392560598646e-08
Retina,15,current_shared,good/img/2_119.png,0,0.40656211972236633,5.5428611034358255e-08,4.334153658192008e-08
Retina,15,current_shared,good/img/2_12.png,0,0.37919336557388306,3.5278091559121094e-08,2.5173616080564898e-08
Retina,15,current_shared,good/img/2_120.png,0,0.38814303278923035,4.719920454476778e-08,3.634091783055737e-08
Retina,15,current_shared,good/img/2_121.png,0,0.43715715408325195,9.569514531904133e-07,2.3452187747352582e-07
Retina,15,current_shared,good/img/2_122.png,0,0.3982793092727661,2.4945586929447927e-08,2.1628725477285116e-08
Retina,15,current_shared,good/img/2_123.png,0,0.4028657376766205,4.147002741206052e-08,3.4456185460385313e-08
Retina,15,current_shared,good/img/2_124.png,0,0.4153423309326172,3.355182798259193e-08,2.4605434134628013e-08
Retina,15,current_shared,good/img/2_125.png,0,0.4022638499736786,2.1499032243355032e-07,1.405699237011504e-07
Retina,15,current_shared,good/img/2_126.png,0,0.3931107819080353,1.27791011550471e-07,7.142096336565373e-08
Retina,15,current_shared,good/img/2_127.png,0,0.37019556760787964,1.7238113514395081e-07,1.1865643756436839e-07
Retina,15,current_shared,good/img/2_128.png,0,0.41901832818984985,4.500739692048228e-08,3.3328703352708544e-08
Retina,15,current_shared,good/img/2_13.png,0,0.40922224521636963,2.1577415054707672e-07,9.977240011949107e-08
Retina,15,current_shared,good/img/2_14.png,0,0.36527395248413086,3.201268938823887e-08,2.3646775204611004e-08
Retina,15,current_shared,good/img/2_15.png,0,0.3470611870288849,2.6469130887107895e-08,1.9360919978339552e-08
Retina,15,current_shared,good/img/2_16.png,0,0.3614714741706848,5.235937550196468e-08,3.1818970569474914e-08
Retina,15,current_shared,good/img/2_17.png,0,0.37147560715675354,4.345201531918974e-08,2.3812287253122122e-08
Retina,15,current_shared,good/img/2_18.png,0,0.34585481882095337,1.9728615185954368e-08,1.3188101277705755e-08
Retina,15,current_shared,good/img/2_19.png,0,0.4307035803794861,3.934565029339865e-08,2.6627978044757583e-08
Retina,15,current_shared,good/img/2_2.png,0,0.4427923858165741,1.0000160273193615e-06,3.220149835669872e-07
Retina,15,current_shared,good/img/2_21.png,0,0.4111103117465973,3.868898446057756e-08,2.920647190762793e-08
Retina,15,current_shared,good/img/2_22.png,0,0.7866370677947998,1.3588241017714608e-05,4.927783720631851e-06
Retina,15,current_shared,good/img/2_23.png,0,0.3830319941043854,2.4225361272556256e-08,2.0490427132813238e-08
Retina,15,current_shared,good/img/2_24.png,0,0.40653157234191895,2.6640375239139757e-08,2.095901763254915e-08
Retina,15,current_shared,good/img/2_25.png,0,0.3571508228778839,1.1305662184213361e-08,1.0117031656875497e-08
Retina,15,current_shared,good/img/2_26.png,0,0.36325982213020325,2.7241668476563063e-08,1.671707572370451e-08
Retina,15,current_shared,good/img/2_27.png,0,0.39160558581352234,2.285200828566758e-08,1.9079838153857054e-08
Retina,15,current_shared,good/img/2_28.png,0,0.3907579183578491,1.0049792109612099e-07,6.078972347722811e-08
Retina,15,current_shared,good/img/2_29.png,0,0.4105505347251892,2.7081897613356887e-08,2.3174305141537843e-08
Retina,15,current_shared,good/img/2_3.png,0,0.4266321659088135,8.317046194861177e-06,4.248505774739897e-06
Retina,15,current_shared,good/img/2_31.png,0,0.39954710006713867,7.03110387689776e-08,5.335760278057933e-08
Retina,15,current_shared,good/img/2_32.png,0,0.49373146891593933,0.00014329074474517256,3.283165642642416e-05
Retina,15,current_shared,good/img/2_33.png,0,0.43518972396850586,1.987744013831616e-07,1.042305868281801e-07
Retina,15,current_shared,good/img/2_34.png,0,0.39139822125434875,1.7268167340489526e-08,1.4410113990948048e-08
Retina,15,current_shared,good/img/2_35.png,0,0.7491748332977295,4.7231897042365745e-05,9.498543477093335e-06
Retina,15,current_shared,good/img/2_36.png,0,0.772131621837616,0.0019369565416127443,0.00034411376691423357
Retina,15,current_shared,good/img/2_37.png,0,0.4996771812438965,2.6722063921624795e-06,1.4332046021081624e-06
Retina,15,current_shared,good/img/2_4.png,0,0.7289685606956482,5.767468974227086e-05,1.4642524547525682e-05
Retina,15,current_shared,good/img/2_5.png,0,0.7251001596450806,0.13972525298595428,0.008384558372199535
Retina,15,current_shared,good/img/2_6.png,0,0.4320138692855835,9.585007632040288e-08,6.53737544098476e-08
Retina,15,current_shared,good/img/2_7.png,0,0.41856399178504944,6.470762770049987e-08,4.2511150155633004e-08
Retina,15,current_shared,good/img/2_8.png,0,0.3778623044490814,1.3156568456906825e-07,6.343400826835932e-08
Retina,15,current_shared,good/img/2_9.png,0,0.40169182419776917,2.3627023892913712e-07,1.0694031260527481e-07
Retina,15,current_shared,good/img/2_99.png,0,0.7709797620773315,1.1779698979808018e-05,3.928721071133623e-06
Retina,15,current_shared,good/img/3_1.png,0,0.355607807636261,7.87755780606858e-08,4.549905696649148e-08
Retina,15,current_shared,good/img/3_10.png,0,0.33182093501091003,5.609856756905174e-08,3.9601946610900995e-08
Retina,15,current_shared,good/img/3_11.png,0,0.3502049446105957,9.722513283350054e-08,6.440754418690631e-08
Retina,15,current_shared,good/img/3_12.png,0,0.3617398738861084,6.162091636952027e-08,3.485352451093604e-08
Retina,15,current_shared,good/img/3_121.png,0,0.35910436511039734,1.214048097608611e-07,8.569729459395603e-08
Retina,15,current_shared,good/img/3_122.png,0,0.34281617403030396,3.3960663614607256e-08,2.6688239174177397e-08
Retina,15,current_shared,good/img/3_123.png,0,0.3274674415588379,9.0819327169811e-08,4.9214275321673995e-08
Retina,15,current_shared,good/img/3_125.png,0,0.33865419030189514,4.558598476478437e-08,4.028764877261892e-08
Retina,15,current_shared,good/img/3_126.png,0,0.3510151207447052,1.5918568863071414e-07,1.0488914625739199e-07
Retina,15,current_shared,good/img/3_127.png,0,0.3577471375465393,3.642037071927007e-08,2.9251800981455744e-08
Retina,15,current_shared,good/img/3_128.png,0,0.3587392568588257,4.387566931995934e-08,3.6451925922165174e-08
Retina,15,current_shared,good/img/3_14.png,0,0.3443829119205475,1.312379822593357e-07,8.17816143694472e-08
Retina,15,current_shared,good/img/3_2.png,0,0.3596346080303192,1.77655095967566e-07,1.0113360815466876e-07
Retina,15,current_shared,good/img/3_3.png,0,0.34239092469215393,2.999671977477192e-08,2.4919943442114345e-08
Retina,15,current_shared,good/img/3_4.png,0,0.3565181791782379,5.8411881553865896e-08,4.9827757919729265e-08
Retina,15,current_shared,good/img/3_5.png,0,0.3806172013282776,5.068064012903051e-08,4.076955306686614e-08
Retina,15,current_shared,good/img/3_6.png,0,0.35992270708084106,1.0687240603601822e-07,6.90121382262987e-08
Retina,15,current_shared,good/img/3_7.png,0,0.3331340551376343,9.705208725563352e-08,6.270345664916022e-08
Retina,15,current_shared,good/img/3_9.png,0,0.7135273218154907,6.090824058446742e-07,2.2710966618433304e-07
Retina,15,current_shared,good/img/4_1.png,0,0.3508414030075073,2.5942406978174404e-07,1.2303235052968375e-07
Retina,15,current_shared,good/img/4_10.png,0,0.4597937762737274,1.0280696187692229e-06,6.412652737708413e-07
Retina,15,current_shared,good/img/4_11.png,0,0.39110925793647766,1.9274365570254304e-07,1.208022268883724e-07
Retina,15,current_shared,good/img/4_12.png,0,0.4111452102661133,1.0008651543103042e-06,4.771479780174559e-07
Retina,15,current_shared,good/img/4_13.png,0,0.6890000700950623,0.0006417986005544662,0.0001733039243845269
Retina,15,current_shared,good/img/4_15.png,0,0.4171903729438782,8.984653504739981e-06,3.210927843610989e-06
Retina,15,current_shared,good/img/4_16.png,0,0.3794953525066376,1.220309400196129e-07,9.194471317641728e-08
Retina,15,current_shared,good/img/4_17.png,0,0.726114809513092,0.00960362795740366,0.001651461236178875
Retina,15,current_shared,good/img/4_18.png,0,0.7115914821624756,0.0037029616069048643,0.0005212893593125045
Retina,15,current_shared,good/img/4_19.png,0,0.46711742877960205,3.72911526937969e-05,1.2665240319620352e-05
Retina,15,current_shared,good/img/4_2.png,0,0.3522195816040039,3.895868303516181e-07,2.0740159811794e-07
Retina,15,current_shared,good/img/4_20.png,0,0.7472935914993286,8.701704791747034e-05,2.5581537556718104e-05
Retina,15,current_shared,good/img/4_21.png,0,0.5913306474685669,2.639659442138509e-06,1.1603028724493925e-06
Retina,15,current_shared,good/img/4_22.png,0,0.43621018528938293,9.751036031957483e-07,5.384535484154185e-07
Retina,15,current_shared,good/img/4_24.png,0,0.36173176765441895,1.4061491526717873e-07,1.0467942956893239e-07
Retina,15,current_shared,good/img/4_25.png,0,0.40396761894226074,1.0439924835736747e-06,4.902850605503772e-07
Retina,15,current_shared,good/img/4_26.png,0,0.39917171001434326,7.478562906726438e-07,4.624427845101309e-07
Retina,15,current_shared,good/img/4_27.png,0,0.42703598737716675,2.314164703420829e-06,7.591446546939551e-07
Retina,15,current_shared,good/img/4_28.png,0,0.38978731632232666,7.520362032664707e-06,1.929539621414733e-06
Retina,15,current_shared,good/img/4_29.png,0,0.6834892630577087,5.376709850679617e-06,1.8404664388071978e-06
Retina,15,current_shared,good/img/4_3.png,0,0.4058257043361664,2.2299114789348096e-05,8.4126277215546e-06
Retina,15,current_shared,good/img/4_30.png,0,0.6743056178092957,1.5250233445840422e-05,4.969314431946259e-06
Retina,15,current_shared,good/img/4_31.png,0,0.7195616960525513,0.0003220159560441971,9.511295502306893e-05
Retina,15,current_shared,good/img/4_32.png,0,0.3899160325527191,3.093853138125269e-07,1.7363937843128951e-07
Retina,15,current_shared,good/img/4_33.png,0,0.4261855483055115,6.34903244645102e-07,3.4492521194806613e-07
Retina,15,current_shared,good/img/4_34.png,0,0.4516619145870209,9.244527063856367e-07,5.126499900143244e-07
Retina,15,current_shared,good/img/4_35.png,0,0.40816470980644226,5.500249926626566e-07,2.1126683691363723e-07
Retina,15,current_shared,good/img/4_36.png,0,0.7245064377784729,3.593199289753102e-05,7.89397472544806e-06
Retina,15,current_shared,good/img/4_37.png,0,0.6665948033332825,3.1752671930007637e-05,6.684100299025886e-06
Retina,15,current_shared,good/img/4_38.png,0,0.7260124683380127,1.1684107448672876e-05,3.460009111222462e-06
Retina,15,current_shared,good/img/4_39.png,0,0.6690674424171448,3.898055729223415e-05,8.031714060052764e-06
Retina,15,current_shared,good/img/4_4.png,0,0.34654930233955383,1.7087482717670355e-07,9.574290515956818e-08
Retina,15,current_shared,good/img/4_40.png,0,0.7295365929603577,8.014155901037157e-05,1.456508289265912e-05
Retina,15,current_shared,good/img/4_41.png,0,0.7136316895484924,1.7784321926228586e-06,6.131666054898233e-07
Retina,15,current_shared,good/img/4_42.png,0,0.7272629737854004,1.6428152775915805e-06,5.309389052854385e-07
Retina,15,current_shared,good/img/4_43.png,0,0.6921389698982239,3.979828306910349e-06,1.1581785201997263e-06
Retina,15,current_shared,good/img/4_44.png,0,0.6485275626182556,1.659555834976345e-07,7.370880439339089e-08
Retina,15,current_shared,good/img/4_45.png,0,0.3791065216064453,3.355297906182386e-08,2.5249299540064385e-08
Retina,15,current_shared,good/img/4_46.png,0,0.4103306531906128,2.195619863698539e-08,1.8187131800573297e-08
Retina,15,current_shared,good/img/4_47.png,0,0.45277130603790283,1.799639619548543e-07,1.2824875739170238e-07
Retina,15,current_shared,good/img/4_48.png,0,0.3998313546180725,4.0565435455164334e-08,3.2669809968410846e-08
Retina,15,current_shared,good/img/4_49.png,0,0.4126739203929901,3.622662916313857e-07,2.9963044312353304e-07
Retina,15,current_shared,good/img/4_50.png,0,0.42996904253959656,1.0553929996603983e-07,6.300567179096106e-08
Retina,15,current_shared,good/img/4_6.png,0,0.6924346685409546,1.8926828488474712e-05,5.448111096484354e-06
Retina,15,current_shared,good/img/4_7.png,0,0.7449859380722046,0.010374107398092747,0.001791328308172524
Retina,15,current_shared,good/img/4_8.png,0,0.4175226390361786,6.207790193002438e-06,2.3546281227027066e-06
Retina,15,current_shared,good/img/4_9.png,0,0.4480879604816437,5.057463931734674e-05,1.2725476153718773e-05
Retina,15,current_shared,good/img/5_1.png,0,0.723587155342102,0.0015108408406376839,0.00021265092073008418
Retina,15,current_shared,good/img/5_10.png,0,0.37590447068214417,9.721734528511661e-08,8.08895777026919e-08
Retina,15,current_shared,good/img/5_11.png,0,0.4141749143600464,1.428044811291329e-07,8.542593832316925e-08
Retina,15,current_shared,good/img/5_12.png,0,0.39797520637512207,1.8029153636689443e-07,1.1625724738451026e-07
Retina,15,current_shared,good/img/5_13.png,0,0.4039451777935028,6.871268709573997e-08,4.9133827673131236e-08
Retina,15,current_shared,good/img/5_14.png,0,0.37723737955093384,1.0462495225738166e-07,7.743013696881462e-08
Retina,15,current_shared,good/img/5_15.png,0,0.4317705035209656,5.294152742862934e-07,2.1565557517533307e-07
Retina,15,current_shared,good/img/5_16.png,0,0.3982655107975006,8.694998854252844e-08,6.060611212888034e-08
Retina,15,current_shared,good/img/5_17.png,0,0.5579811930656433,6.256552183003805e-07,2.502551978977863e-07
Retina,15,current_shared,good/img/5_19.png,0,0.717046856880188,0.0005273965070955455,0.00010655161895556375
Retina,15,current_shared,good/img/5_2.png,0,0.4169017970561981,1.88453725513682e-07,1.2337139310147904e-07
Retina,15,current_shared,good/img/5_20.png,0,0.5754765868186951,1.2745020285365172e-05,3.8953821785980836e-06
Retina,15,current_shared,good/img/5_21.png,0,0.5653242468833923,0.0006920042796991765,0.00013318570563569665
Retina,15,current_shared,good/img/5_22.png,0,0.44274407625198364,6.202329814186669e-07,3.3947858923966123e-07
Retina,15,current_shared,good/img/5_23.png,0,0.4866321384906769,7.55590122025751e-07,4.1455925270383887e-07
Retina,15,current_shared,good/img/5_24.png,0,0.43879926204681396,1.2941262639287743e-06,6.346456871142436e-07
Retina,15,current_shared,good/img/5_25.png,0,0.7006394267082214,4.805669505003607e-06,1.277535488952708e-06
Retina,15,current_shared,good/img/5_26.png,0,0.45505020022392273,4.5217171873446205e-07,2.1602095046091563e-07
Retina,15,current_shared,good/img/5_28.png,0,0.37473028898239136,3.747948795762568e-08,2.667682963419793e-08
Retina,15,current_shared,good/img/5_29.png,0,0.7576760649681091,6.480016054410953e-06,3.331268771944451e-06
Retina,15,current_shared,good/img/5_3.png,0,0.43407654762268066,3.237599628391763e-07,2.0276220880077744e-07
Retina,15,current_shared,good/img/5_4.png,0,0.39492061734199524,9.443463255820461e-08,6.63997425931484e-08
Retina,15,current_shared,good/img/5_5.png,0,0.5286534428596497,2.866097020159941e-05,9.31221256905701e-06
Retina,15,current_shared,good/img/5_6.png,0,0.7300772666931152,1.5819827240193263e-05,4.068843736604322e-06
Retina,15,current_shared,good/img/5_7.png,0,0.7457562685012817,4.0618582715978846e-05,1.4798974007135257e-05
Retina,15,current_shared,good/img/5_8.png,0,0.7295414209365845,0.0020775897428393364,0.00029847066616639495
Retina,15,current_shared,good/img/6_1.png,0,0.423042356967926,1.9073154078341759e-07,1.1199730920452566e-07
Retina,15,current_shared,good/img/6_10.png,0,0.4158180356025696,9.078434004550218e-08,6.584375000784348e-08
Retina,15,current_shared,good/img/6_100.png,0,0.45295780897140503,6.430695975723211e-07,5.271678560347937e-07
Retina,15,current_shared,good/img/6_101.png,0,0.4072389006614685,4.2916224174405215e-07,3.1024407576296653e-07
Retina,15,current_shared,good/img/6_102.png,0,0.41349247097969055,1.9115364580102323e-07,1.1009792899585591e-07
Retina,15,current_shared,good/img/6_103.png,0,0.4166492819786072,5.040983523940668e-07,3.213419859093847e-07
Retina,15,current_shared,good/img/6_104.png,0,0.40792039036750793,1.873670214536105e-07,1.320616291877741e-07
Retina,15,current_shared,good/img/6_105.png,0,0.4063240885734558,1.482382003814564e-07,9.732644912219257e-08
Retina,15,current_shared,good/img/6_106.png,0,0.4253339469432831,5.952068136139133e-07,3.625851547894854e-07
Retina,15,current_shared,good/img/6_107.png,0,0.40594857931137085,6.858566621303908e-07,2.511117997983092e-07
Retina,15,current_shared,good/img/6_108.png,0,0.3691791296005249,4.824022781235726e-08,3.9829746611985684e-08
Retina,15,current_shared,good/img/6_109.png,0,0.4261779189109802,3.124368504359154e-06,1.305092268921726e-06
Retina,15,current_shared,good/img/6_11.png,0,0.404122918844223,5.6194096487161005e-08,4.269426767677942e-08
Retina,15,current_shared,good/img/6_110.png,0,0.3784118592739105,1.0897612412463786e-07,7.921763511831159e-08
Retina,15,current_shared,good/img/6_111.png,0,0.40428465604782104,7.098532961435922e-08,5.715471829148555e-08
Retina,15,current_shared,good/img/6_112.png,0,0.42234429717063904,5.168249685993942e-07,2.4850251634234155e-07
Retina,15,current_shared,good/img/6_113.png,0,0.4229743182659149,6.013494413537046e-08,4.834023314970182e-08
Retina,15,current_shared,good/img/6_114.png,0,0.4038213789463043,1.2671071658587607e-07,9.168883963184271e-08
Retina,15,current_shared,good/img/6_115.png,0,0.3960857689380646,8.480937196964078e-08,6.054447254655315e-08
Retina,15,current_shared,good/img/6_116.png,0,0.394021600484848,9.084565988359827e-08,6.857067802457095e-08
Retina,15,current_shared,good/img/6_117.png,0,0.37079963088035583,6.202726154924676e-08,4.4658740705472155e-08
Retina,15,current_shared,good/img/6_118.png,0,0.3924928605556488,4.94384018168148e-08,4.261239183733778e-08
Retina,15,current_shared,good/img/6_119.png,0,0.36793243885040283,4.3478625144643956e-08,3.705855533553404e-08
Retina,15,current_shared,good/img/6_12.png,0,0.4071274995803833,7.424229409025429e-08,5.895246957265954e-08
Retina,15,current_shared,good/img/6_120.png,0,0.37496936321258545,3.7659635410136616e-08,3.0749593094014926e-08
Retina,15,current_shared,good/img/6_121.png,0,0.3932182788848877,6.806543950688138e-08,4.68548151388859e-08
Retina,15,current_shared,good/img/6_122.png,0,0.40003010630607605,7.711721394798587e-08,5.874074560097142e-08
Retina,15,current_shared,good/img/6_123.png,0,0.3932684361934662,1.823830189096043e-07,9.435057535256419e-08
Retina,15,current_shared,good/img/6_124.png,0,0.37853509187698364,5.449043527505637e-08,4.713815826562495e-08
Retina,15,current_shared,good/img/6_125.png,0,0.38195136189460754,8.469685752743317e-08,6.306756006324576e-08
Retina,15,current_shared,good/img/6_126.png,0,0.369511216878891,8.054222888631557e-08,6.640918570610665e-08
Retina,15,current_shared,good/img/6_127.png,0,0.40356093645095825,8.323930700271376e-08,7.11713354917265e-08
Retina,15,current_shared,good/img/6_128.png,0,0.391103595495224,5.461300389697499e-08,4.213711335410153e-08
Retina,15,current_shared,good/img/6_13.png,0,0.4215874969959259,6.22783460357823e-08,5.1303850057138334e-08
Retina,15,current_shared,good/img/6_14.png,0,0.4237755537033081,9.490157282243672e-08,6.695020715596911e-08
Retina,15,current_shared,good/img/6_15.png,0,0.4240603446960449,1.5226210337004886e-07,1.0553131346568989e-07
Retina,15,current_shared,good/img/6_16.png,0,0.4257696568965912,6.34319235359726e-07,3.7241269978949276e-07
Retina,15,current_shared,good/img/6_17.png,0,0.41011786460876465,6.861315426931469e-08,4.8177341227528814e-08
Retina,15,current_shared,good/img/6_18.png,0,0.4178468883037567,7.821204661695447e-08,5.752160703309528e-08
Retina,15,current_shared,good/img/6_19.png,0,0.4437982141971588,9.832867817749502e-07,5.719618911825819e-07
Retina,15,current_shared,good/img/6_2.png,0,0.42245060205459595,5.628397730106371e-07,3.937048802526988e-07
Retina,15,current_shared,good/img/6_20.png,0,0.42716526985168457,8.81082584669457e-08,6.097254612313918e-08
Retina,15,current_shared,good/img/6_21.png,0,0.4267232418060303,5.216897989157587e-07,2.601149446945783e-07
Retina,15,current_shared,good/img/6_22.png,0,0.42454367876052856,1.2627077694560285e-07,9.72847828961676e-08
Retina,15,current_shared,good/img/6_23.png,0,0.4410483241081238,1.5556875609945564e-07,1.1041333181083246e-07
Retina,15,current_shared,good/img/6_24.png,0,0.42598316073417664,5.758730026172998e-08,4.932950758984589e-08
Retina,15,current_shared,good/img/6_26.png,0,0.43000879883766174,1.1734515936723255e-07,8.034262322098584e-08
Retina,15,current_shared,good/img/6_27.png,0,0.4462350606918335,3.2891992418626614e-07,2.4851746616150194e-07
Retina,15,current_shared,good/img/6_28.png,0,0.39690449833869934,4.636510553268636e-08,3.69581449888301e-08
Retina,15,current_shared,good/img/6_29.png,0,0.38948437571525574,4.82332325191237e-08,3.8644415667477006e-08
Retina,15,current_shared,good/img/6_3.png,0,0.4299241602420807,2.56452295843701e-07,1.5696198829573405e-07
Retina,15,current_shared,good/img/6_30.png,0,0.40705227851867676,1.0609979739228947e-07,7.597700601991164e-08
Retina,15,current_shared,good/img/6_31.png,0,0.41147854924201965,3.210554950783262e-07,2.2074105743286054e-07
Retina,15,current_shared,good/img/6_32.png,0,0.4010803699493408,7.254917022692098e-07,4.659416674712702e-07
Retina,15,current_shared,good/img/6_33.png,0,0.40806883573532104,4.1690423557838585e-08,3.692686689760194e-08
Retina,15,current_shared,good/img/6_35.png,0,0.42317867279052734,7.249315103763365e-07,3.0702267395099625e-07
Retina,15,current_shared,good/img/6_36.png,0,0.4662661552429199,2.0918903373967623e-06,1.3387781336859916e-06
Retina,15,current_shared,good/img/6_37.png,0,0.4350908100605011,6.158496148600534e-07,4.361471326319588e-07
Retina,15,current_shared,good/img/6_38.png,0,0.3984588086605072,2.3197917187189887e-07,1.854666606959654e-07
Retina,15,current_shared,good/img/6_39.png,0,0.4479473829269409,5.964154183857318e-07,4.305270806526096e-07
Retina,15,current_shared,good/img/6_4.png,0,0.42808929085731506,8.159771169857777e-08,6.373075223109481e-08
Retina,15,current_shared,good/img/6_40.png,0,0.4387604296207428,1.1225063190067885e-06,6.580474973816308e-07
Retina,15,current_shared,good/img/6_41.png,0,0.46704235672950745,2.3009755750535987e-05,1.0713461051636841e-05
Retina,15,current_shared,good/img/6_42.png,0,0.44188058376312256,9.996460903494153e-07,5.729314125346718e-07
Retina,15,current_shared,good/img/6_44.png,0,0.4285292327404022,2.3285010684048757e-06,9.490704542258754e-07
Retina,15,current_shared,good/img/6_45.png,0,0.4379351735115051,2.6764628273667768e-06,1.4784822042201995e-06
Retina,15,current_shared,good/img/6_46.png,0,0.40919166803359985,8.321198379235284e-07,4.296213660381909e-07
Retina,15,current_shared,good/img/6_47.png,0,0.41580989956855774,3.5769567148236092e-06,1.8215337149740662e-06
Retina,15,current_shared,good/img/6_48.png,0,0.4390340745449066,1.087948930944549e-05,5.156537554285023e-06
Retina,15,current_shared,good/img/6_49.png,0,0.4490715563297272,1.095462721423246e-05,5.753487585025141e-06
Retina,15,current_shared,good/img/6_5.png,0,0.4167594611644745,5.307680694954797e-08,4.3131173299570946e-08
Retina,15,current_shared,good/img/6_50.png,0,0.44396573305130005,0.0007233959622681141,0.00018238209304399788
Retina,15,current_shared,good/img/6_51.png,0,0.4341675937175751,4.4851171310256177e-07,2.7830847670884395e-07
Retina,15,current_shared,good/img/6_52.png,0,0.4448871314525604,3.0517453524225857e-06,1.765103661455214e-06
Retina,15,current_shared,good/img/6_53.png,0,0.4302046597003937,2.2724343580193818e-06,1.5433228099936969e-06
Retina,15,current_shared,good/img/6_6.png,0,0.42595306038856506,2.8365738558022713e-07,2.1028060359640222e-07
Retina,15,current_shared,good/img/6_7.png,0,0.39173465967178345,4.919543172832164e-08,3.724251484982233e-08
Retina,15,current_shared,good/img/6_8.png,0,0.4037381708621979,5.61821984490507e-08,4.620734017635186e-08
Retina,15,current_shared,good/img/6_84.png,0,0.42902466654777527,1.0603461078062537e-06,4.888333364760911e-07
Retina,15,current_shared,good/img/6_85.png,0,0.44884809851646423,9.352740448775876e-07,6.441302957682637e-07
Retina,15,current_shared,good/img/6_86.png,0,0.43155279755592346,1.0977581723636831e-06,5.832664555782685e-07
Retina,15,current_shared,good/img/6_87.png,0,0.40865448117256165,1.1449335346469525e-07,8.530116701876977e-08
Retina,15,current_shared,good/img/6_88.png,0,0.40748029947280884,8.00698529701549e-08,5.892592724876522e-08
Retina,15,current_shared,good/img/6_89.png,0,0.40001988410949707,9.160270764141387e-08,6.756864934231999e-08
Retina,15,current_shared,good/img/6_9.png,0,0.3986070454120636,3.986985319670566e-08,3.0969154352078476e-08
Retina,15,current_shared,good/img/6_90.png,0,0.404488742351532,3.693229473356041e-07,2.318700040859767e-07
Retina,15,current_shared,good/img/6_91.png,0,0.42038384079933167,1.786147549864836e-07,1.146342825109059e-07
Retina,15,current_shared,good/img/6_92.png,0,0.4262672960758209,1.0702540720330944e-07,8.698181375166314e-08
Retina,15,current_shared,good/img/6_93.png,0,0.42258355021476746,3.569997204522224e-07,2.3288883710392838e-07
Retina,15,current_shared,good/img/6_94.png,0,0.41895416378974915,9.575410331308376e-07,4.723278550500254e-07
Retina,15,current_shared,good/img/6_95.png,0,0.4238463342189789,4.5563731987385836e-07,2.924073783105996e-07
Retina,15,current_shared,good/img/6_96.png,0,0.43150192499160767,4.5352473421189643e-07,2.499794504728925e-07
Retina,15,current_shared,good/img/6_97.png,0,0.4027203917503357,8.40027993831427e-08,6.46580176066891e-08
Retina,15,current_shared,good/img/6_98.png,0,0.41894957423210144,5.457603151626245e-07,3.441753904098732e-07
Retina,15,current_shared,good/img/6_99.png,0,0.40952304005622864,7.770678678298282e-08,5.97639058241839e-08
Retina,15,current_shared,good/img/7_1.png,0,0.43039876222610474,5.152506332706253e-07,1.863585481487462e-07
Retina,15,current_shared,good/img/7_10.png,0,0.4264480173587799,3.428805328553608e-08,2.481818839328298e-08
Retina,15,current_shared,good/img/7_100.png,0,0.38130369782447815,3.825604721896525e-08,2.7542563785232232e-08
Retina,15,current_shared,good/img/7_101.png,0,0.3648821711540222,2.8174847344075715e-08,2.386237696327953e-08
Retina,15,current_shared,good/img/7_102.png,0,0.36332279443740845,3.3922276543307817e-08,2.4092173589451704e-08
Retina,15,current_shared,good/img/7_103.png,0,0.40342381596565247,3.4834025086638576e-07,1.9702189035797346e-07
Retina,15,current_shared,good/img/7_104.png,0,0.37272998690605164,2.3100794166452943e-08,2.0158976710149545e-08
Retina,15,current_shared,good/img/7_105.png,0,0.3437633514404297,2.0964062485973045e-08,1.617932987585391e-08
Retina,15,current_shared,good/img/7_106.png,0,0.3772053122520447,2.690622302736756e-08,1.994917475656166e-08
Retina,15,current_shared,good/img/7_107.png,0,0.36306557059288025,1.2786605552150831e-08,1.1179184689069643e-08
Retina,15,current_shared,good/img/7_108.png,0,0.37581804394721985,7.539001956047287e-08,3.846790264105948e-08
Retina,15,current_shared,good/img/7_109.png,0,0.3978607952594757,2.5935447567349e-08,2.0998983885078815e-08
Retina,15,current_shared,good/img/7_11.png,0,0.3987516462802887,2.5228663602661072e-08,2.0764167274478496e-08
Retina,15,current_shared,good/img/7_110.png,0,0.3840954601764679,8.24896773110595e-08,5.554041138111643e-08
Retina,15,current_shared,good/img/7_111.png,0,0.4011443257331848,4.93699943149295e-08,2.923839304003195e-08
Retina,15,current_shared,good/img/7_112.png,0,0.3670903444290161,2.3629542766911982e-08,2.0642593412389942e-08
Retina,15,current_shared,good/img/7_113.png,0,0.3506981432437897,1.600398569223671e-08,1.3200075699160152e-08
Retina,15,current_shared,good/img/7_114.png,0,0.3623145818710327,7.682828595534374e-08,4.438964040787141e-08
Retina,15,current_shared,good/img/7_115.png,0,0.35164469480514526,1.6429390598204918e-05,1.7321451650786912e-06
Retina,15,current_shared,good/img/7_116.png,0,0.3546741008758545,6.459664092517414e-08,4.123344865547551e-08
Retina,15,current_shared,good/img/7_117.png,0,0.36320221424102783,3.051032848588875e-08,2.308264512862479e-08
Retina,15,current_shared,good/img/7_118.png,0,0.367249459028244,5.060761409936276e-08,3.442850626811378e-08
Retina,15,current_shared,good/img/7_119.png,0,0.3802991807460785,4.286313242118922e-07,2.2598374016524758e-07
Retina,15,current_shared,good/img/7_12.png,0,0.4136402904987335,3.239405899080339e-08,2.3633909052023228e-08
Retina,15,current_shared,good/img/7_120.png,0,0.3732782006263733,3.3314666580963603e-08,2.6741734160395936e-08
Retina,15,current_shared,good/img/7_121.png,0,0.3864835798740387,4.863749936134809e-08,3.224032596449433e-08
Retina,15,current_shared,good/img/7_122.png,0,0.3704966902732849,6.355272574865012e-08,4.8290424103925034e-08
Retina,15,current_shared,good/img/7_123.png,0,0.35942453145980835,8.023985742511286e-08,4.826347677067133e-08
Retina,15,current_shared,good/img/7_124.png,0,0.3724517226219177,1.3957705391476338e-07,7.893335407516133e-08
Retina,15,current_shared,good/img/7_125.png,0,0.3437838852405548,3.953846317017451e-08,2.778277341519697e-08
Retina,15,current_shared,good/img/7_126.png,0,0.3452534079551697,8.159211262181998e-08,6.14475794691316e-08
Retina,15,current_shared,good/img/7_127.png,0,0.3692704439163208,5.692290017123014e-08,4.320500579524378e-08
Retina,15,current_shared,good/img/7_128.png,0,0.3513794243335724,1.0284173157515397e-07,6.597107926609169e-08
Retina,15,current_shared,good/img/7_13.png,0,0.6051148772239685,2.23865299631143e-06,9.105953040489112e-07
Retina,15,current_shared,good/img/7_14.png,0,0.43574488162994385,1.3271396426262072e-07,8.888445535149003e-08
Retina,15,current_shared,good/img/7_15.png,0,0.4033559560775757,4.4540776400481263e-08,3.204194598538379e-08
Retina,15,current_shared,good/img/7_16.png,0,0.41248294711112976,5.652044166026826e-08,3.688531080570101e-08
Retina,15,current_shared,good/img/7_17.png,0,0.3817504644393921,2.24491980560515e-08,1.776589186874844e-08
Retina,15,current_shared,good/img/7_19.png,0,0.4448256492614746,1.7221533710198855e-07,1.3110806662552932e-07
Retina,15,current_shared,good/img/7_2.png,0,0.3898025155067444,2.574426893886539e-08,2.106308727434225e-08
Retina,15,current_shared,good/img/7_20.png,0,0.4215928614139557,3.144948834687966e-07,1.644784930476817e-07
Retina,15,current_shared,good/img/7_21.png,0,0.4058718681335449,5.934350966185775e-08,4.456942193087343e-08
Retina,15,current_shared,good/img/7_22.png,0,0.7416625618934631,2.632086761877872e-05,7.210667263279902e-06
Retina,15,current_shared,good/img/7_23.png,0,0.4144025444984436,5.251069268297215e-08,4.048399659950519e-08
Retina,15,current_shared,good/img/7_24.png,0,0.43140771985054016,6.201756264090363e-08,3.965118366977549e-08
Retina,15,current_shared,good/img/7_25.png,0,0.418019562959671,5.7788653862189676e-08,4.177074330868891e-08
Retina,15,current_shared,good/img/7_27.png,0,0.42656442523002625,5.752977116912916e-08,4.089104521654008e-08
Retina,15,current_shared,good/img/7_28.png,0,0.3974934220314026,3.279198068639744e-08,2.7375159916687153e-08
Retina,15,current_shared,good/img/7_29.png,0,0.4175923466682434,2.5930551927899614e-08,2.2086739548399237e-08
Retina,15,current_shared,good/img/7_3.png,0,0.41392338275909424,3.404192483458246e-08,2.5471880604754915e-08
Retina,15,current_shared,good/img/7_30.png,0,0.7289859652519226,8.0791842265171e-06,2.415330527583137e-06
Retina,15,current_shared,good/img/7_31.png,0,0.4570714235305786,6.825250125075399e-07,2.637760019297275e-07
Retina,15,current_shared,good/img/7_32.png,0,0.7523206472396851,2.0379580746521242e-05,5.0521425691840705e-06
Retina,15,current_shared,good/img/7_33.png,0,0.3905967175960541,8.452094846234104e-08,4.046829715775857e-08
Retina,15,current_shared,good/img/7_34.png,0,0.42296501994132996,3.9808000451557746e-08,3.1891325136257365e-08
Retina,15,current_shared,good/img/7_35.png,0,0.42284566164016724,4.026810529467184e-08,2.995146175521768e-08
Retina,15,current_shared,good/img/7_36.png,0,0.43887126445770264,3.588658259445765e-08,2.7470486330116728e-08
Retina,15,current_shared,good/img/7_37.png,0,0.4214418828487396,4.858631896809129e-08,3.278314864019194e-08
Retina,15,current_shared,good/img/7_38.png,0,0.41154828667640686,2.0564739244832708e-08,1.8488149677864385e-08
Retina,15,current_shared,good/img/7_39.png,0,0.407947301864624,5.49559473483896e-08,4.2413255130213656e-08
Retina,15,current_shared,good/img/7_4.png,0,0.4044169783592224,6.455833556628932e-08,4.824691757221444e-08
Retina,15,current_shared,good/img/7_40.png,0,0.43083423376083374,4.609932702237529e-08,3.253944313996726e-08
Retina,15,current_shared,good/img/7_41.png,0,0.42092642188072205,2.8308921429243128e-08,2.335151982890693e-08
Retina,15,current_shared,good/img/7_42.png,0,0.7571951150894165,3.9012102206470445e-06,1.4560158660970046e-06
Retina,15,current_shared,good/img/7_43.png,0,0.4284037947654724,5.970966867607785e-07,3.073504615258571e-07
Retina,15,current_shared,good/img/7_44.png,0,0.43278345465660095,1.802556113261744e-07,1.0792947335858116e-07
Retina,15,current_shared,good/img/7_45.png,0,0.46990272402763367,2.9043278573226416e-06,1.489914211560972e-06
Retina,15,current_shared,good/img/7_46.png,0,0.4328223466873169,4.4874531113237026e-07,2.8228481596670463e-07
Retina,15,current_shared,good/img/7_47.png,0,0.44537079334259033,6.718423151141906e-08,4.627466765327881e-08
Retina,15,current_shared,good/img/7_48.png,0,0.4662005305290222,7.441085472237319e-07,3.972191109369305e-07
Retina,15,current_shared,good/img/7_49.png,0,0.46161970496177673,2.2512481336889323e-06,1.1102292774012312e-06
Retina,15,current_shared,good/img/7_5.png,0,0.4114844799041748,3.428229788937642e-08,2.63757016227828e-08
Retina,15,current_shared,good/img/7_50.png,0,0.44045698642730713,1.2608982160600135e-06,8.58634166434058e-07
Retina,15,current_shared,good/img/7_51.png,0,0.42443305253982544,2.407279282579111e-07,1.5861890290125302e-07
Retina,15,current_shared,good/img/7_52.png,0,0.46961840987205505,1.3451097402139567e-05,5.94703806200414e-06
Retina,15,current_shared,good/img/7_53.png,0,0.4419974982738495,2.5493982320767827e-05,1.2798543139069807e-05
Retina,15,current_shared,good/img/7_54.png,0,0.4494394063949585,1.4767824723094236e-05,6.7447658693708945e-06
Retina,15,current_shared,good/img/7_55.png,0,0.4493366777896881,5.41067129233852e-05,2.397488606220577e-05
Retina,15,current_shared,good/img/7_56.png,0,0.4617093503475189,5.518386751646176e-05,2.6396906832815148e-05
Retina,15,current_shared,good/img/7_57.png,0,0.46016421914100647,0.001603626529686153,0.0004966821288689971
Retina,15,current_shared,good/img/7_58.png,0,0.5568296909332275,0.010007337667047977,0.0020430763252079487
Retina,15,current_shared,good/img/7_59.png,0,0.46878162026405334,7.857778655306902e-06,5.206861260376172e-06
Retina,15,current_shared,good/img/7_6.png,0,0.4441833198070526,2.4572335277639468e-08,2.050741976233894e-08
Retina,15,current_shared,good/img/7_60.png,0,0.4580588638782501,1.3899889381718822e-05,7.236547389766201e-06
Retina,15,current_shared,good/img/7_61.png,0,0.43818315863609314,8.657094440422952e-05,2.800820948323235e-05
Retina,15,current_shared,good/img/7_62.png,0,0.4618481993675232,2.1952067982056178e-05,9.212299119099043e-06
Retina,15,current_shared,good/img/7_63.png,0,0.4192545711994171,1.5018874364614021e-05,6.261237103899475e-06
Retina,15,current_shared,good/img/7_64.png,0,0.6516597867012024,0.24309958517551422,0.04427085816860199
Retina,15,current_shared,good/img/7_65.png,0,0.44687482714653015,0.0019931839779019356,0.0004873698635492474
Retina,15,current_shared,good/img/7_66.png,0,0.4303148686885834,0.00048570765648037195,0.00011405426630517468
Retina,15,current_shared,good/img/7_67.png,0,0.4593551754951477,0.0023775785230100155,0.000472295650979504
Retina,15,current_shared,good/img/7_68.png,0,0.4664838910102844,0.00012235401663929224,3.461519372649491e-05
Retina,15,current_shared,good/img/7_69.png,0,0.4362834393978119,7.691096470807679e-07,4.863368872065621e-07
Retina,15,current_shared,good/img/7_7.png,0,0.4027267396450043,3.488851163524487e-08,3.025590089578145e-08
Retina,15,current_shared,good/img/7_9.png,0,0.4301412105560303,5.34823740849788e-08,3.4696856943128296e-08
Retina,15,current_shared,good/img/7_92.png,0,0.40577057003974915,3.009896332173412e-08,2.1180632359119045e-08
Retina,15,current_shared,good/img/7_93.png,0,0.40664467215538025,2.0176061710230897e-08,1.667905102920031e-08
Retina,15,current_shared,good/img/7_94.png,0,0.37448370456695557,4.326106761709525e-08,3.192943509588986e-08
Retina,15,current_shared,good/img/7_95.png,0,0.3723631799221039,2.5840840578439384e-08,2.2261367860210157e-08
Retina,15,current_shared,good/img/7_96.png,0,0.3858899176120758,1.8154791447955176e-08,1.6708094463524503e-08
Retina,15,current_shared,good/img/7_97.png,0,0.4001062214374542,1.9349723601180813e-08,1.6970588490039518e-08
Retina,15,current_shared,good/img/7_98.png,0,0.363611102104187,1.6397891045016877e-08,1.4803211989544707e-08
Retina,15,current_shared,good/img/7_99.png,0,0.39770472049713135,3.456884201114008e-08,2.5494502509104677e-08
Retina,15,current_shared,good/img/8_1.png,0,0.3727934658527374,9.932576006121963e-08,7.223521691912538e-08
Retina,15,current_shared,good/img/8_11.png,0,0.7504969239234924,0.00013083215162623674,4.81734168715775e-05
Retina,15,current_shared,good/img/8_117.png,0,0.3739783763885498,1.711465387188582e-07,1.3066147630524938e-07
Retina,15,current_shared,good/img/8_118.png,0,0.39196139574050903,1.8951455160731712e-07,1.3730155501434638e-07
Retina,15,current_shared,good/img/8_119.png,0,0.3843953013420105,3.309623366476444e-07,2.1954416240532737e-07
Retina,15,current_shared,good/img/8_12.png,0,0.802335262298584,7.795797137077898e-05,1.6387461073463783e-05
Retina,15,current_shared,good/img/8_120.png,0,0.3820668160915375,1.117749022228054e-07,7.940310098319969e-08
Retina,15,current_shared,good/img/8_121.png,0,0.35199248790740967,5.686109716407373e-07,2.3903430701466277e-07
Retina,15,current_shared,good/img/8_122.png,0,0.3795357346534729,1.2928690296121204e-07,9.248832810726526e-08
Retina,15,current_shared,good/img/8_123.png,0,0.38697463274002075,3.5568257317208918e-06,1.8441162410454126e-06
Retina,15,current_shared,good/img/8_124.png,0,0.4134085774421692,4.258249362010247e-07,2.724524392760941e-07
Retina,15,current_shared,good/img/8_125.png,0,0.42398589849472046,4.8492529458599165e-06,2.4142227630363777e-06
Retina,15,current_shared,good/img/8_126.png,0,0.4079587757587433,3.059489017687156e-07,2.061128583363825e-07
Retina,15,current_shared,good/img/8_127.png,0,0.37763160467147827,1.6091088355096872e-06,6.994970931373246e-07
Retina,15,current_shared,good/img/8_13.png,0,0.7740121483802795,0.0001338708825642243,3.516685319482349e-05
Retina,15,current_shared,good/img/8_14.png,0,0.7733825445175171,0.00010154410847462714,2.5474311769357882e-05
Retina,15,current_shared,good/img/8_15.png,0,0.7686816453933716,2.934333861048799e-05,7.734543942206074e-06
Retina,15,current_shared,good/img/8_16.png,0,0.7879086136817932,0.0007631286862306297,9.888379281619564e-05
Retina,15,current_shared,good/img/8_17.png,0,0.7487836480140686,0.001089139492250979,0.00013304073945619166
Retina,15,current_shared,good/img/8_18.png,0,0.7804808616638184,0.00630697887390852,0.0005532432114705443
Retina,15,current_shared,good/img/8_19.png,0,0.7862962484359741,8.507704478688538e-05,9.528474947728682e-06
Retina,15,current_shared,good/img/8_2.png,0,0.3723617494106293,9.287680313718738e-08,6.911199790238243e-08
Retina,15,current_shared,good/img/8_20.png,0,0.48095664381980896,1.2863558822573395e-06,3.1527096666650323e-07
Retina,15,current_shared,good/img/8_21.png,0,0.7609124779701233,5.143985981703736e-05,5.042660177423386e-06
Retina,15,current_shared,good/img/8_22.png,0,0.5444545149803162,2.2809217625763267e-06,4.602583771884383e-07
Retina,15,current_shared,good/img/8_23.png,0,0.7841938138008118,1.0459503755555488e-05,2.1112025478942087e-06
Retina,15,current_shared,good/img/8_24.png,0,0.4801243245601654,3.015430252162332e-07,1.0143869388912208e-07
Retina,15,current_shared,good/img/8_3.png,0,0.3660445213317871,1.8748946217783669e-07,1.212675755368764e-07
Retina,15,current_shared,good/img/8_4.png,0,0.39490124583244324,2.1686422257971572e-07,1.7085716308429255e-07
Retina,15,current_shared,good/img/8_5.png,0,0.4019138216972351,1.7299129240200273e-07,1.1471095007209442e-07
Retina,15,current_shared,good/img/8_6.png,0,0.7616455554962158,8.31853030831553e-05,1.9299917767057195e-05
Retina,15,current_shared,good/img/8_7.png,0,0.4048014283180237,9.658911892529431e-08,7.185662553865768e-08
Retina,15,current_shared,good/img/8_8.png,0,0.4084929823875427,3.171383866629185e-07,1.7289204379267176e-07
Retina,15,current_shared,good/img/8_9.png,0,0.5302038788795471,1.539156619401183e-05,4.8757719923742115e-06
Retina,15,current_shared,good/img/9_1.png,0,0.38498756289482117,2.95203967937141e-08,2.4541181531390066e-08
Retina,15,current_shared,good/img/9_10.png,0,0.41021227836608887,3.487766875309717e-08,2.6495408533833142e-08
Retina,15,current_shared,good/img/9_101.png,0,0.408933162689209,1.540732341709372e-07,9.708883652592704e-08
Retina,15,current_shared,good/img/9_102.png,0,0.42660248279571533,6.505586611638137e-07,4.6824123955957475e-07
Retina,15,current_shared,good/img/9_103.png,0,0.3642272651195526,1.2379470604173548e-07,8.965093201140917e-08
Retina,15,current_shared,good/img/9_104.png,0,0.3796354830265045,3.707069140546082e-07,1.8876143315083027e-07
Retina,15,current_shared,good/img/9_105.png,0,0.38532310724258423,3.997089592644443e-08,3.156257477598956e-08
Retina,15,current_shared,good/img/9_106.png,0,0.36598774790763855,5.474023367924019e-08,4.0696164660403156e-08
Retina,15,current_shared,good/img/9_108.png,0,0.37396538257598877,2.120847568676254e-07,1.214237812519059e-07
Retina,15,current_shared,good/img/9_109.png,0,0.398693710565567,7.700168680457864e-08,5.819013892960356e-08
Retina,15,current_shared,good/img/9_11.png,0,0.39771804213523865,6.631974258652917e-08,5.0914572113924805e-08
Retina,15,current_shared,good/img/9_110.png,0,0.38551411032676697,4.303154810259002e-08,3.282818639149809e-08
Retina,15,current_shared,good/img/9_111.png,0,0.3794589936733246,2.2423377288305346e-07,1.6413919468050153e-07
Retina,15,current_shared,good/img/9_112.png,0,0.4128548800945282,1.3728174508287339e-07,8.904472537096808e-08
Retina,15,current_shared,good/img/9_113.png,0,0.388487845659256,3.617408310674364e-07,2.165885462090955e-07
Retina,15,current_shared,good/img/9_114.png,0,0.5078189969062805,8.095003067865036e-06,2.9796347007504664e-06
Retina,15,current_shared,good/img/9_115.png,0,0.43073609471321106,1.0274878547988919e-07,7.025067816357478e-08
Retina,15,current_shared,good/img/9_116.png,0,0.4701526165008545,2.9510752597161627e-07,1.538331702022333e-07
Retina,15,current_shared,good/img/9_117.png,0,0.38700222969055176,3.1731413940860875e-08,2.5184609953043946e-08
Retina,15,current_shared,good/img/9_118.png,0,0.42344051599502563,2.2295287749329873e-07,1.0613037915163659e-07
Retina,15,current_shared,good/img/9_119.png,0,0.42463940382003784,1.027121498964334e-07,6.134723662398756e-08
Retina,15,current_shared,good/img/9_12.png,0,0.40842628479003906,4.250256324667134e-08,3.026221406798868e-08
Retina,15,current_shared,good/img/9_120.png,0,0.4434049725532532,1.5166747289185878e-06,7.294392503354175e-07
Retina,15,current_shared,good/img/9_121.png,0,0.4114655554294586,1.824352011681185e-06,8.858834803504578e-07
Retina,15,current_shared,good/img/9_122.png,0,0.45271778106689453,5.775345198344439e-05,1.2010472346446477e-05
Retina,15,current_shared,good/img/9_123.png,0,0.37518492341041565,1.5022108073026175e-06,6.735077704433934e-07
Retina,15,current_shared,good/img/9_124.png,0,0.3730306923389435,1.6365339661206235e-07,1.0818258289191363e-07
Retina,15,current_shared,good/img/9_125.png,0,0.38700276613235474,1.82026113293432e-07,1.0654387239128482e-07
Retina,15,current_shared,good/img/9_126.png,0,0.3809068202972412,1.3072322246898693e-07,7.62855023594966e-08
Retina,15,current_shared,good/img/9_127.png,0,0.4219166040420532,7.923291178713043e-08,6.039895339426948e-08
Retina,15,current_shared,good/img/9_128.png,0,0.399844765663147,1.395950306459781e-07,8.502235004925751e-08
Retina,15,current_shared,good/img/9_14.png,0,0.4137962758541107,4.032328959624465e-08,3.4661788106404856e-08
Retina,15,current_shared,good/img/9_15.png,0,0.4261586666107178,3.176374718805164e-08,2.452754621629083e-08
Retina,15,current_shared,good/img/9_16.png,0,0.4191429615020752,4.0022467118205896e-08,3.090143252393318e-08
Retina,15,current_shared,good/img/9_17.png,0,0.4668647348880768,5.0056002010023803e-08,3.8645133315640123e-08
Retina,15,current_shared,good/img/9_18.png,0,0.4313655495643616,3.8529552881527707e-08,2.859932024534828e-08
Retina,15,current_shared,good/img/9_19.png,0,0.3853529095649719,4.64073970363188e-08,3.704498396928102e-08
Retina,15,current_shared,good/img/9_2.png,0,0.40974682569503784,6.227526228030911e-08,4.406078701890692e-08
Retina,15,current_shared,good/img/9_20.png,0,0.3927725851535797,3.486243471684247e-08,2.8841698807013927e-08
Retina,15,current_shared,good/img/9_22.png,0,0.430600106716156,5.028096339287913e-08,3.879241461390848e-08
Retina,15,current_shared,good/img/9_23.png,0,0.4242989718914032,2.6227855443039516e-08,2.0912313658527637e-08
Retina,15,current_shared,good/img/9_24.png,0,0.45201605558395386,3.071521703645885e-08,2.3022259654226218e-08
Retina,15,current_shared,good/img/9_25.png,0,0.4671452045440674,6.131655538865743e-08,3.774382406618315e-08
Retina,15,current_shared,good/img/9_26.png,0,0.7469972372055054,7.069414095894899e-06,1.5376999726868235e-06
Retina,15,current_shared,good/img/9_27.png,0,0.43166324496269226,3.7599132696186643e-08,2.9816387581149684e-08
Retina,15,current_shared,good/img/9_3.png,0,0.4444125294685364,1.0091493152231124e-07,6.50069296170841e-08
Retina,15,current_shared,good/img/9_4.png,0,0.43517473340034485,2.905358087446075e-08,2.160670220519023e-08
Retina,15,current_shared,good/img/9_5.png,0,0.41590017080307007,3.2646383374412835e-08,2.4965851608271805e-08
Retina,15,current_shared,good/img/9_6.png,0,0.446553498506546,5.631684629747724e-08,4.285109511670271e-08
Retina,15,current_shared,good/img/9_7.png,0,0.40331733226776123,3.460789699261113e-08,2.8500616977567006e-08
Retina,15,current_shared,good/img/9_8.png,0,0.40008512139320374,4.9257966594495883e-08,3.2866651622498466e-08
Retina,15,current_shared,good/img/9_9.png,0,0.4018454849720001,6.753484882437988e-08,4.8125027518608476e-08
Retina,15,current_shared,ungood/img/10_41.png,1,0.42432135343551636,1.134318949880253e-06,5.875776309949288e-07
Retina,15,current_shared,ungood/img/10_42.png,1,0.43637752532958984,1.4492019317913218e-06,7.960784955685085e-07
Retina,15,current_shared,ungood/img/10_43.png,1,0.7861393690109253,0.0037497482262551785,0.0009800168918445706
Retina,15,current_shared,ungood/img/10_44.png,1,0.47224462032318115,1.773474650690332e-06,9.958348528016359e-07
Retina,15,current_shared,ungood/img/10_45.png,1,0.791520893573761,0.0042298780754208565,0.001382096903398633
Retina,15,current_shared,ungood/img/10_46.png,1,0.7184929251670837,0.02058793604373932,0.007042699959129095
Retina,15,current_shared,ungood/img/10_47.png,1,0.7873083353042603,0.1892102062702179,0.048439912497997284
Retina,15,current_shared,ungood/img/10_48.png,1,0.7961665391921997,0.2693745493888855,0.0665837824344635
Retina,15,current_shared,ungood/img/10_49.png,1,0.7908133268356323,0.43371254205703735,0.2087109237909317
Retina,15,current_shared,ungood/img/10_50.png,1,0.7065088748931885,0.2924783229827881,0.15154686570167542
Retina,15,current_shared,ungood/img/10_51.png,1,0.7927292585372925,0.90879887342453,0.7771020531654358
Retina,15,current_shared,ungood/img/10_53.png,1,0.8019868731498718,0.9779871106147766,0.9435611963272095
Retina,15,current_shared,ungood/img/10_54.png,1,0.7985118627548218,0.9187441468238831,0.7533489465713501
Retina,15,current_shared,ungood/img/10_55.png,1,0.7813292145729065,0.9144427180290222,0.6555231213569641
Retina,15,current_shared,ungood/img/10_56.png,1,0.7779157161712646,0.8555254936218262,0.6698564887046814
Retina,15,current_shared,ungood/img/10_57.png,1,0.5388811230659485,0.009030677378177643,0.0022853584960103035
Retina,15,current_shared,ungood/img/10_58.png,1,0.7686688303947449,0.8042216897010803,0.5772879123687744
Retina,15,current_shared,ungood/img/10_59.png,1,0.5700485110282898,0.054034244269132614,0.032119277864694595
Retina,15,current_shared,ungood/img/10_60.png,1,0.4516928195953369,0.0009037335403263569,0.0003047854988835752
Retina,15,current_shared,ungood/img/10_61.png,1,0.7467247247695923,0.23144353926181793,0.13602913916110992
Retina,15,current_shared,ungood/img/10_62.png,1,0.6594923734664917,0.09281717985868454,0.049630917608737946
Retina,15,current_shared,ungood/img/10_63.png,1,0.7452439665794373,0.3498111069202423,0.12898007035255432
Retina,15,current_shared,ungood/img/10_65.png,1,0.7630752325057983,0.6038342714309692,0.4079580008983612
Retina,15,current_shared,ungood/img/10_66.png,1,0.698173463344574,0.6223053932189941,0.3465690314769745
Retina,15,current_shared,ungood/img/10_67.png,1,0.6587637662887573,0.3073286712169647,0.1283418983221054
Retina,15,current_shared,ungood/img/10_68.png,1,0.7929432988166809,0.3147824704647064,0.19998008012771606
Retina,15,current_shared,ungood/img/10_69.png,1,0.46127036213874817,0.0011748289689421654,0.0004848514508921653
Retina,15,current_shared,ungood/img/10_70.png,1,0.7203720808029175,0.4199635684490204,0.2897975444793701
Retina,15,current_shared,ungood/img/10_71.png,1,0.7407037615776062,0.33166924118995667,0.18127919733524323
Retina,15,current_shared,ungood/img/10_72.png,1,0.7584558129310608,0.022142287343740463,0.012491999194025993
Retina,15,current_shared,ungood/img/10_73.png,1,0.7703731060028076,0.0031587069388478994,0.0014432446332648396
Retina,15,current_shared,ungood/img/10_74.png,1,0.7480556964874268,0.31080055236816406,0.17911183834075928
Retina,15,current_shared,ungood/img/10_75.png,1,0.7009081840515137,0.38521644473075867,0.1955633908510208
Retina,15,current_shared,ungood/img/10_77.png,1,0.7522456645965576,0.9310297966003418,0.8251069188117981
Retina,15,current_shared,ungood/img/10_78.png,1,0.5461592078208923,0.04757147282361984,0.014433182775974274
Retina,15,current_shared,ungood/img/10_79.png,1,0.7643279433250427,0.3178160786628723,0.12554633617401123
Retina,15,current_shared,ungood/img/10_80.png,1,0.7389575242996216,0.02244753949344158,0.00499503780156374
Retina,15,current_shared,ungood/img/10_81.png,1,0.584125280380249,0.07081378996372223,0.02773262746632099
Retina,15,current_shared,ungood/img/10_82.png,1,0.7598251104354858,0.027048802003264427,0.00634698336943984
Retina,15,current_shared,ungood/img/10_83.png,1,0.46744248270988464,1.7812188161769882e-05,8.891117431630846e-06
Retina,15,current_shared,ungood/img/10_84.png,1,0.435860276222229,4.7804696805542335e-06,2.2590763819607673e-06
Retina,15,current_shared,ungood/img/10_85.png,1,0.4189736545085907,3.5775258311332436e-07,2.499633922070643e-07
Retina,15,current_shared,ungood/img/10_86.png,1,0.6790865063667297,1.4823616766079795e-05,6.2193880694394466e-06
Retina,15,current_shared,ungood/img/10_87.png,1,0.4444490671157837,6.096344691286504e-07,4.725529549887142e-07
Retina,15,current_shared,ungood/img/11_40.png,1,0.4032239615917206,1.8190307571330777e-07,1.1082266127004914e-07
Retina,15,current_shared,ungood/img/11_41.png,1,0.3923662602901459,3.040547369437263e-07,1.615106981489589e-07
Retina,15,current_shared,ungood/img/11_42.png,1,0.41201579570770264,4.58478382370231e-07,3.0134768280731805e-07
Retina,15,current_shared,ungood/img/11_43.png,1,0.4123384654521942,5.171779662305198e-07,2.8306428134783346e-07
Retina,15,current_shared,ungood/img/11_44.png,1,0.4175269901752472,2.471908146617352e-06,1.5328688505178434e-06
Retina,15,current_shared,ungood/img/11_45.png,1,0.4134775400161743,1.8208581877843244e-06,7.140175739550614e-07
Retina,15,current_shared,ungood/img/11_46.png,1,0.4051800072193146,5.251245056570042e-07,2.6095884209098585e-07
Retina,15,current_shared,ungood/img/11_47.png,1,0.4061433970928192,2.1864349264433258e-07,1.332180801227878e-07
Retina,15,current_shared,ungood/img/11_48.png,1,0.42033037543296814,1.6899134607228916e-06,1.0634479394866503e-06
Retina,15,current_shared,ungood/img/11_49.png,1,0.3912333548069,1.4094544553699961e-07,1.195206209558819e-07
Retina,15,current_shared,ungood/img/11_50.png,1,0.4509034752845764,1.4397229278984014e-05,7.875590199546423e-06
Retina,15,current_shared,ungood/img/11_52.png,1,0.5334130525588989,0.027824796736240387,0.0074104126542806625
Retina,15,current_shared,ungood/img/11_53.png,1,0.5008344650268555,0.005819631740450859,0.0016687533352524042
Retina,15,current_shared,ungood/img/11_54.png,1,0.5555663704872131,0.005293275695294142,0.001547355786897242
Retina,15,current_shared,ungood/img/11_55.png,1,0.5072429776191711,0.000476509565487504,0.00014372174337040633
Retina,15,current_shared,ungood/img/11_56.png,1,0.4216458201408386,0.00024393864441663027,9.26525826798752e-05
Retina,15,current_shared,ungood/img/11_57.png,1,0.42790454626083374,1.133977002609754e-05,4.9871600822370965e-06
Retina,15,current_shared,ungood/img/11_58.png,1,0.42263737320899963,1.0452005881234072e-05,6.521630893985275e-06
Retina,15,current_shared,ungood/img/11_59.png,1,0.7487390637397766,0.0051929461769759655,0.0015152199193835258
Retina,15,current_shared,ungood/img/11_60.png,1,0.5052834153175354,0.014812994748353958,0.005434217397123575
Retina,15,current_shared,ungood/img/11_61.png,1,0.4481063783168793,6.390793714672327e-06,4.057763362652622e-06
Retina,15,current_shared,ungood/img/11_62.png,1,0.467058390378952,3.95638526242692e-05,1.908968079078477e-05
Retina,15,current_shared,ungood/img/11_64.png,1,0.553055465221405,0.07109681516885757,0.03212632238864899
Retina,15,current_shared,ungood/img/11_65.png,1,0.4647838771343231,0.005292767193168402,0.0017370793502777815
Retina,15,current_shared,ungood/img/11_66.png,1,0.737764298915863,0.589388370513916,0.4544216990470886
Retina,15,current_shared,ungood/img/11_67.png,1,0.805077314376831,0.937247633934021,0.8668944239616394
Retina,15,current_shared,ungood/img/11_68.png,1,0.7853725552558899,0.47060370445251465,0.3046747148036957
Retina,15,current_shared,ungood/img/11_69.png,1,0.6193188428878784,0.0536247156560421,0.022117825224995613
Retina,15,current_shared,ungood/img/11_70.png,1,0.763948917388916,0.3738289177417755,0.2607024013996124
Retina,15,current_shared,ungood/img/11_71.png,1,0.7771871089935303,0.7133166193962097,0.5153939723968506
Retina,15,current_shared,ungood/img/11_72.png,1,0.7308868169784546,0.33916378021240234,0.23127864301204681
Retina,15,current_shared,ungood/img/11_73.png,1,0.7803810238838196,0.3446297347545624,0.1900482028722763
Retina,15,current_shared,ungood/img/11_74.png,1,0.4254108667373657,2.50277116720099e-05,1.1594770512601826e-05
Retina,15,current_shared,ungood/img/11_76.png,1,0.4775192141532898,0.0016891194973140955,0.0005405033007264137
Retina,15,current_shared,ungood/img/11_77.png,1,0.522649884223938,0.005326768383383751,0.0017002911772578955
Retina,15,current_shared,ungood/img/11_78.png,1,0.43240484595298767,5.515229713637382e-05,2.413965376035776e-05
Retina,15,current_shared,ungood/img/11_79.png,1,0.42936328053474426,1.3966181541036349e-05,6.949308954062872e-06
Retina,15,current_shared,ungood/img/11_80.png,1,0.6435249447822571,0.002532817656174302,0.001125824055634439
Retina,15,current_shared,ungood/img/11_81.png,1,0.4355563223361969,1.3347223102755379e-05,5.6066264733090065e-06
Retina,15,current_shared,ungood/img/11_82.png,1,0.4298951327800751,2.018992745433934e-05,8.736003110243473e-06
Retina,15,current_shared,ungood/img/11_83.png,1,0.41008028388023376,1.9320836145197973e-05,9.591350135451648e-06
Retina,15,current_shared,ungood/img/11_84.png,1,0.4357963800430298,1.5038022866065148e-05,8.828318641462829e-06
Retina,15,current_shared,ungood/img/11_85.png,1,0.41575127840042114,3.567155999917304e-06,2.007317561947275e-06
Retina,15,current_shared,ungood/img/11_86.png,1,0.416577011346817,2.1507389647013042e-06,1.3944976444690838e-06
Retina,15,current_shared,ungood/img/11_88.png,1,0.46772897243499756,0.00011240009916946292,6.464495527325198e-05
Retina,15,current_shared,ungood/img/11_89.png,1,0.4448869526386261,8.170217370206956e-06,4.572846592054702e-06
Retina,15,current_shared,ungood/img/11_90.png,1,0.4527111351490021,1.212886672874447e-05,7.674926564504858e-06
Retina,15,current_shared,ungood/img/11_91.png,1,0.4461609721183777,1.944338328030426e-05,8.947941751102917e-06
Retina,15,current_shared,ungood/img/11_92.png,1,0.4282476603984833,1.9990919099655002e-05,9.451399819226936e-06
Retina,15,current_shared,ungood/img/11_93.png,1,0.4016520380973816,1.1356888762747985e-07,8.683440455570235e-08
Retina,15,current_shared,ungood/img/11_94.png,1,0.4352996349334717,3.654483009540854e-07,2.4574941903665604e-07
Retina,15,current_shared,ungood/img/11_95.png,1,0.40722471475601196,3.3204479166215606e-08,2.8668498686101884e-08
Retina,15,current_shared,ungood/img/11_96.png,1,0.4475651979446411,1.7720043388180784e-07,1.422709772214148e-07
Retina,15,current_shared,ungood/img/12_38.png,1,0.38848838210105896,2.3691548278748087e-08,2.049175407137227e-08
Retina,15,current_shared,ungood/img/12_39.png,1,0.38699594140052795,6.399744023610765e-08,4.274345144494873e-08
Retina,15,current_shared,ungood/img/12_41.png,1,0.3909047245979309,1.1307386102998862e-06,6.142115012153226e-07
Retina,15,current_shared,ungood/img/12_42.png,1,0.3994711637496948,1.4277901527748327e-07,8.47147489935196e-08
Retina,15,current_shared,ungood/img/12_43.png,1,0.4140375256538391,1.7941900978257763e-06,9.436425898456946e-07
Retina,15,current_shared,ungood/img/12_44.png,1,0.3973582983016968,2.8095107609260594e-06,1.1086099220847245e-06
Retina,15,current_shared,ungood/img/12_45.png,1,0.6485051512718201,0.41211071610450745,0.15581674873828888
Retina,15,current_shared,ungood/img/12_46.png,1,0.4521450400352478,0.0015942924655973911,0.0008871896425262094
Retina,15,current_shared,ungood/img/12_47.png,1,0.4424299895763397,0.00046091823605820537,0.00021491451479960233
Retina,15,current_shared,ungood/img/12_48.png,1,0.4188556373119354,0.00024013151414692402,0.0001650594058446586
Retina,15,current_shared,ungood/img/12_49.png,1,0.7120819091796875,0.6270635724067688,0.5215997099876404
Retina,15,current_shared,ungood/img/12_50.png,1,0.6965003609657288,0.6140020489692688,0.5026079416275024
Retina,15,current_shared,ungood/img/12_51.png,1,0.6062605977058411,0.6890261173248291,0.39269402623176575
Retina,15,current_shared,ungood/img/12_53.png,1,0.5133306384086609,0.04780491068959236,0.02810959704220295
Retina,15,current_shared,ungood/img/12_54.png,1,0.6843268871307373,0.777870774269104,0.6397361159324646
Retina,15,current_shared,ungood/img/12_55.png,1,0.6791494488716125,0.23653113842010498,0.10578791052103043
Retina,15,current_shared,ungood/img/12_56.png,1,0.6602746844291687,0.5047647356987,0.24017052352428436
Retina,15,current_shared,ungood/img/12_57.png,1,0.6490936279296875,0.23773372173309326,0.12153229862451553
Retina,15,current_shared,ungood/img/12_58.png,1,0.47407424449920654,0.024039175361394882,0.014051442965865135
Retina,15,current_shared,ungood/img/12_59.png,1,0.6720181107521057,0.5664956569671631,0.41130924224853516
Retina,15,current_shared,ungood/img/12_60.png,1,0.5328218936920166,0.11277574300765991,0.07658877223730087
Retina,15,current_shared,ungood/img/12_61.png,1,0.5274302363395691,0.09635758399963379,0.038263365626335144
Retina,15,current_shared,ungood/img/12_62.png,1,0.7023986577987671,0.7726974487304688,0.6490694284439087
Retina,15,current_shared,ungood/img/12_63.png,1,0.623736560344696,0.8379254341125488,0.7241752743721008
Retina,15,current_shared,ungood/img/12_65.png,1,0.7786713242530823,0.9702263474464417,0.9590283036231995
Retina,15,current_shared,ungood/img/12_66.png,1,0.6650164723396301,0.8089180588722229,0.756393313407898
Retina,15,current_shared,ungood/img/12_67.png,1,0.6918985247612,0.7281902432441711,0.6637663245201111
Retina,15,current_shared,ungood/img/12_68.png,1,0.5091966986656189,0.7163299322128296,0.5273151993751526
Retina,15,current_shared,ungood/img/12_69.png,1,0.4832768142223358,0.36247438192367554,0.17105567455291748
Retina,15,current_shared,ungood/img/12_70.png,1,0.7066123485565186,0.9704248905181885,0.9338346123695374
Retina,15,current_shared,ungood/img/12_71.png,1,0.7754714488983154,0.9322319626808167,0.8642157912254333
Retina,15,current_shared,ungood/img/12_72.png,1,0.7657977342605591,0.5625106692314148,0.41015899181365967
Retina,15,current_shared,ungood/img/12_73.png,1,0.4419533610343933,0.0005576525582000613,0.00022740957501810044
Retina,15,current_shared,ungood/img/12_74.png,1,0.7098984122276306,0.7632352113723755,0.5393834114074707
Retina,15,current_shared,ungood/img/12_75.png,1,0.6689882278442383,0.8594479560852051,0.6876511573791504
Retina,15,current_shared,ungood/img/12_77.png,1,0.5917530655860901,0.382377564907074,0.20964202284812927
Retina,15,current_shared,ungood/img/12_78.png,1,0.4439416825771332,0.012961306609213352,0.008283332921564579
Retina,15,current_shared,ungood/img/12_79.png,1,0.4383631944656372,0.004371145274490118,0.0020625675097107887
Retina,15,current_shared,ungood/img/12_80.png,1,0.5683903098106384,0.2802787721157074,0.163709819316864
Retina,15,current_shared,ungood/img/12_81.png,1,0.4305255115032196,0.038980696350336075,0.012811225838959217
Retina,15,current_shared,ungood/img/12_82.png,1,0.6138845682144165,0.7839710712432861,0.5642490386962891
Retina,15,current_shared,ungood/img/12_83.png,1,0.47433537244796753,0.00725253950804472,0.0024314504116773605
Retina,15,current_shared,ungood/img/12_84.png,1,0.6790709495544434,0.5863243341445923,0.382923424243927
Retina,15,current_shared,ungood/img/12_85.png,1,0.4290013611316681,0.0013169427402317524,0.0006776546943001449
Retina,15,current_shared,ungood/img/12_86.png,1,0.7191779017448425,0.8071895837783813,0.7000247836112976
Retina,15,current_shared,ungood/img/12_87.png,1,0.7208119630813599,0.9589930772781372,0.8558003306388855
Retina,15,current_shared,ungood/img/12_89.png,1,0.7587780952453613,0.7157272696495056,0.49537819623947144
Retina,15,current_shared,ungood/img/12_90.png,1,0.4415227472782135,3.541746627888642e-05,2.1990566892782226e-05
Retina,15,current_shared,ungood/img/12_91.png,1,0.6835102438926697,0.0743211954832077,0.0409105010330677
Retina,15,current_shared,ungood/img/12_92.png,1,0.4355942904949188,1.3176122592994943e-05,4.859449745708844e-06
Retina,15,current_shared,ungood/img/12_93.png,1,0.38042497634887695,5.0951445729197076e-08,3.930240310978661e-08
Retina,15,current_shared,ungood/img/13_45.png,1,0.38197362422943115,4.2270855260539975e-07,2.4368799245166883e-07
Retina,15,current_shared,ungood/img/13_46.png,1,0.3699140250682831,3.5871526193886893e-08,2.9571166848540997e-08
Retina,15,current_shared,ungood/img/13_47.png,1,0.37831664085388184,9.709557389214751e-07,4.819767696062627e-07
Retina,15,current_shared,ungood/img/13_48.png,1,0.4026062488555908,9.152924576483201e-06,4.173849902144866e-06
Retina,15,current_shared,ungood/img/13_49.png,1,0.40874770283699036,0.00012072605022694916,6.726210267515853e-05
Retina,15,current_shared,ungood/img/13_50.png,1,0.6480831503868103,0.0005872966721653938,0.00021720514632761478
Retina,15,current_shared,ungood/img/13_52.png,1,0.6662872433662415,0.0006018978310748935,0.00034250743919983506
Retina,15,current_shared,ungood/img/13_53.png,1,0.4023141860961914,0.0001624680298846215,8.330952550750226e-05
Retina,15,current_shared,ungood/img/13_54.png,1,0.747897744178772,0.03656947612762451,0.01288184430450201
Retina,15,current_shared,ungood/img/13_55.png,1,0.7259393334388733,0.029298821464180946,0.011627146042883396
Retina,15,current_shared,ungood/img/13_56.png,1,0.7342377305030823,0.060106825083494186,0.024937210604548454
Retina,15,current_shared,ungood/img/13_57.png,1,0.6266095638275146,0.05305534228682518,0.019731614738702774
Retina,15,current_shared,ungood/img/13_58.png,1,0.7093577980995178,0.02885466068983078,0.009072155691683292
Retina,15,current_shared,ungood/img/13_59.png,1,0.7084394693374634,0.3972330689430237,0.24440260231494904
Retina,15,current_shared,ungood/img/13_60.png,1,0.7220358848571777,0.6244947910308838,0.3910617530345917
Retina,15,current_shared,ungood/img/13_61.png,1,0.762103259563446,0.9420692920684814,0.8872953653335571
Retina,15,current_shared,ungood/img/13_62.png,1,0.6958297491073608,0.5759408473968506,0.40480488538742065
Retina,15,current_shared,ungood/img/13_64.png,1,0.7153860926628113,0.8623759150505066,0.7590702176094055
Retina,15,current_shared,ungood/img/13_65.png,1,0.7573386430740356,0.8579933643341064,0.7020034193992615
Retina,15,current_shared,ungood/img/13_66.png,1,0.7824804186820984,0.8799588084220886,0.7739988565444946
Retina,15,current_shared,ungood/img/13_67.png,1,0.6945352554321289,0.4519987404346466,0.2887107729911804
Retina,15,current_shared,ungood/img/13_68.png,1,0.7341297268867493,0.6776641607284546,0.516543447971344
Retina,15,current_shared,ungood/img/13_69.png,1,0.7787753939628601,0.9737945199012756,0.9464550018310547
Retina,15,current_shared,ungood/img/13_70.png,1,0.7429891228675842,0.5804049372673035,0.37645193934440613
Retina,15,current_shared,ungood/img/13_71.png,1,0.7966234087944031,0.9295308589935303,0.896327018737793
Retina,15,current_shared,ungood/img/13_72.png,1,0.7636224627494812,0.11733746528625488,0.06023510918021202
Retina,15,current_shared,ungood/img/13_73.png,1,0.7798703908920288,0.650527834892273,0.40822723507881165
Retina,15,current_shared,ungood/img/13_74.png,1,0.7684697508811951,0.3302687704563141,0.18508866429328918
Retina,15,current_shared,ungood/img/13_76.png,1,0.6753833293914795,0.039962757378816605,0.016914771869778633
Retina,15,current_shared,ungood/img/13_77.png,1,0.7502406239509583,0.2152990996837616,0.1274118274450302
Retina,15,current_shared,ungood/img/13_78.png,1,0.6587117910385132,0.0029204702004790306,0.0010331709636375308
Retina,15,current_shared,ungood/img/13_79.png,1,0.7644293904304504,0.46614834666252136,0.29416224360466003
Retina,15,current_shared,ungood/img/13_80.png,1,0.6993173956871033,0.00835219956934452,0.0033717858605086803
Retina,15,current_shared,ungood/img/13_81.png,1,0.6970421671867371,0.039918459951877594,0.016562560573220253
Retina,15,current_shared,ungood/img/13_82.png,1,0.6670620441436768,0.009390952996909618,0.004136943258345127
Retina,15,current_shared,ungood/img/13_83.png,1,0.7498748898506165,0.017460506409406662,0.005182305816560984
Retina,15,current_shared,ungood/img/13_84.png,1,0.763110339641571,0.26659688353538513,0.153786763548851
Retina,15,current_shared,ungood/img/13_85.png,1,0.4044799506664276,0.00013086760009173304,4.590919706970453e-05
Retina,15,current_shared,ungood/img/13_86.png,1,0.45343151688575745,4.871263081440702e-05,2.235994725197088e-05
Retina,15,current_shared,ungood/img/13_88.png,1,0.4623752534389496,0.00020861417578998953,0.00010511585423955694
Retina,15,current_shared,ungood/img/13_89.png,1,0.6839487552642822,0.003926051780581474,0.002009153366088867
Retina,15,current_shared,ungood/img/13_90.png,1,0.6625930666923523,0.021162455901503563,0.01033944170922041
Retina,15,current_shared,ungood/img/13_91.png,1,0.39915820956230164,1.946520023921039e-05,1.3352692803891841e-05
Retina,15,current_shared,ungood/img/13_92.png,1,0.41029247641563416,1.0132917850569356e-05,6.445177859859541e-06
Retina,15,current_shared,ungood/img/13_93.png,1,0.41330453753471375,2.708805004658643e-05,1.4740773622179404e-05
Retina,15,current_shared,ungood/img/13_94.png,1,0.4126582145690918,8.063804557423282e-07,5.474065005728335e-07
Retina,15,current_shared,ungood/img/13_95.png,1,0.4060371518135071,3.9489933101322094e-07,1.9484684798953822e-07
Retina,15,current_shared,ungood/img/13_96.png,1,0.3996235430240631,1.0473037548308639e-07,6.191680768097285e-08
Retina,15,current_shared,ungood/img/13_97.png,1,0.44657978415489197,9.348317462354316e-07,6.977051612011564e-07
Retina,15,current_shared,ungood/img/14_58.png,1,0.418822705745697,1.480030164202617e-06,7.774205528221501e-07
Retina,15,current_shared,ungood/img/14_60.png,1,0.7715988755226135,0.0005952909705229104,0.00013168096484150738
Retina,15,current_shared,ungood/img/14_61.png,1,0.7691267132759094,0.0074384985491633415,0.0012186971725896
Retina,15,current_shared,ungood/img/14_62.png,1,0.7874330282211304,0.008362364023923874,0.0009987052762880921
Retina,15,current_shared,ungood/img/14_63.png,1,0.7856974005699158,0.003876684932038188,0.0006950541865080595
Retina,15,current_shared,ungood/img/14_64.png,1,0.44930577278137207,2.1114696210133843e-05,1.2903725291835144e-05
Retina,15,current_shared,ungood/img/15_57.png,1,0.7830234169960022,0.036872394382953644,0.004791998770087957
Retina,15,current_shared,ungood/img/15_58.png,1,0.7853344678878784,0.008098042570054531,0.0012125191278755665
Retina,15,current_shared,ungood/img/15_59.png,1,0.7846518158912659,0.0027494425885379314,0.0003888829087372869
Retina,15,current_shared,ungood/img/15_60.png,1,0.791252851486206,0.007464839145541191,0.0009307118598371744
Retina,15,current_shared,ungood/img/15_61.png,1,0.7931750416755676,0.016877179965376854,0.0021847186144441366
Retina,15,current_shared,ungood/img/15_62.png,1,0.7690277099609375,0.9133913516998291,0.5050814747810364
Retina,15,current_shared,ungood/img/1_23.png,1,0.343525230884552,1.2574503216455923e-07,7.734433893347159e-08
Retina,15,current_shared,ungood/img/1_24.png,1,0.37317490577697754,7.835478754714131e-08,5.196944385943425e-08
Retina,15,current_shared,ungood/img/1_25.png,1,0.37688761949539185,1.563521072966978e-05,4.139057637075894e-06
Retina,15,current_shared,ungood/img/1_26.png,1,0.5988300442695618,1.5413555956911296e-05,6.78762398820254e-06
Retina,15,current_shared,ungood/img/1_27.png,1,0.3880089521408081,1.3912874237576034e-05,4.103611900063697e-06
Retina,15,current_shared,ungood/img/1_29.png,1,0.7418027520179749,0.01217736303806305,0.0030569504015147686
Retina,15,current_shared,ungood/img/1_30.png,1,0.7393951416015625,0.07520101219415665,0.025575503706932068
Retina,15,current_shared,ungood/img/1_31.png,1,0.7526614665985107,0.2383936047554016,0.05888606607913971
Retina,15,current_shared,ungood/img/1_32.png,1,0.7117851972579956,0.08587514609098434,0.032415781170129776
Retina,15,current_shared,ungood/img/1_33.png,1,0.752318799495697,0.41617128252983093,0.08623352646827698
Retina,15,current_shared,ungood/img/1_34.png,1,0.7189784646034241,0.08563356101512909,0.039032649248838425
Retina,15,current_shared,ungood/img/1_35.png,1,0.6398736834526062,0.46032172441482544,0.1692015677690506
Retina,15,current_shared,ungood/img/1_36.png,1,0.5952707529067993,0.3761044442653656,0.13848847150802612
Retina,15,current_shared,ungood/img/1_37.png,1,0.603958785533905,0.1915283203125,0.09550947695970535
Retina,15,current_shared,ungood/img/1_38.png,1,0.7437339425086975,0.8035462498664856,0.4386952519416809
Retina,15,current_shared,ungood/img/1_39.png,1,0.5233239531517029,0.6679417490959167,0.28804460167884827
Retina,15,current_shared,ungood/img/1_41.png,1,0.6739517450332642,0.950188159942627,0.8399356007575989
Retina,15,current_shared,ungood/img/1_42.png,1,0.7600319385528564,0.8999776244163513,0.6857607364654541
Retina,15,current_shared,ungood/img/1_43.png,1,0.7689449191093445,0.9391508102416992,0.8331296443939209
Retina,15,current_shared,ungood/img/1_44.png,1,0.7848023772239685,0.9340450167655945,0.8027880191802979
Retina,15,current_shared,ungood/img/1_45.png,1,0.45493462681770325,0.32407766580581665,0.1202397495508194
Retina,15,current_shared,ungood/img/1_46.png,1,0.6473823189735413,0.6129676103591919,0.3038518726825714
Retina,15,current_shared,ungood/img/1_47.png,1,0.7553240656852722,0.6182445883750916,0.4480924606323242
Retina,15,current_shared,ungood/img/1_48.png,1,0.7636707425117493,0.3792073130607605,0.17067332565784454
Retina,15,current_shared,ungood/img/1_49.png,1,0.7659628987312317,0.4753924012184143,0.2238684445619583
Retina,15,current_shared,ungood/img/1_50.png,1,0.7618518471717834,0.5966179966926575,0.40891698002815247
Retina,15,current_shared,ungood/img/1_51.png,1,0.7628767490386963,0.5821102261543274,0.38114213943481445
Retina,15,current_shared,ungood/img/1_53.png,1,0.7332109808921814,0.1853356659412384,0.0717112347483635
Retina,15,current_shared,ungood/img/1_54.png,1,0.7225579619407654,0.581512451171875,0.360485702753067
Retina,15,current_shared,ungood/img/1_55.png,1,0.7293164730072021,0.8806080222129822,0.6443653702735901
Retina,15,current_shared,ungood/img/1_56.png,1,0.5570635199546814,0.016816698014736176,0.004437766037881374
Retina,15,current_shared,ungood/img/1_57.png,1,0.7384092807769775,0.030730092898011208,0.010569514706730843
Retina,15,current_shared,ungood/img/1_58.png,1,0.7402974963188171,0.46381303668022156,0.1512371450662613
Retina,15,current_shared,ungood/img/1_59.png,1,0.7597026824951172,0.9170639514923096,0.6967328786849976
Retina,15,current_shared,ungood/img/1_60.png,1,0.7804203629493713,0.7880010008811951,0.32833707332611084
Retina,15,current_shared,ungood/img/1_61.png,1,0.7803844809532166,0.7768239378929138,0.35744768381118774
Retina,15,current_shared,ungood/img/1_62.png,1,0.784407377243042,0.02020038478076458,0.006141425110399723
Retina,15,current_shared,ungood/img/1_63.png,1,0.8002768158912659,0.14181528985500336,0.04287885129451752
Retina,15,current_shared,ungood/img/1_65.png,1,0.5167176723480225,0.037976376712322235,0.011127925477921963
Retina,15,current_shared,ungood/img/1_66.png,1,0.4666637182235718,1.0681371350074187e-05,6.884570211695973e-06
Retina,15,current_shared,ungood/img/1_67.png,1,0.4437426030635834,7.865180668886751e-05,2.7344822228769772e-05
Retina,15,current_shared,ungood/img/1_68.png,1,0.4851819574832916,0.00012066966155543923,4.726304177893326e-05
Retina,15,current_shared,ungood/img/2_38.png,1,0.7297267913818359,0.0003243687388021499,3.3023989089997485e-05
Retina,15,current_shared,ungood/img/2_39.png,1,0.7879517078399658,0.0026988456957042217,0.00042659931932576
Retina,15,current_shared,ungood/img/2_40.png,1,0.46389657258987427,8.443162369076163e-05,4.473215449252166e-05
Retina,15,current_shared,ungood/img/2_41.png,1,0.4873272478580475,5.197617610974703e-06,2.776535438897554e-06
Retina,15,current_shared,ungood/img/2_42.png,1,0.5196729898452759,6.468053470598534e-05,2.6420872018206865e-05
Retina,15,current_shared,ungood/img/2_43.png,1,0.5430290102958679,3.814617230091244e-06,2.5405581709492253e-06
Retina,15,current_shared,ungood/img/2_44.png,1,0.7703045606613159,5.3785955969942734e-05,3.5748438676819205e-05
Retina,15,current_shared,ungood/img/2_46.png,1,0.5384308099746704,3.524902422213927e-05,1.3669207874045242e-05
Retina,15,current_shared,ungood/img/2_47.png,1,0.5227665305137634,8.170084583980497e-06,4.9451800805400126e-06
Retina,15,current_shared,ungood/img/2_48.png,1,0.6560547947883606,0.003945575095713139,0.0007211907068267465
Retina,15,current_shared,ungood/img/2_49.png,1,0.6536388993263245,0.0004766208294313401,0.00023230382066685706
Retina,15,current_shared,ungood/img/2_50.png,1,0.5505921244621277,0.0001495103060733527,0.00010152144386665896
Retina,15,current_shared,ungood/img/2_51.png,1,0.5009597539901733,1.4221331184671726e-05,8.59577539813472e-06
Retina,15,current_shared,ungood/img/2_52.png,1,0.5100118517875671,6.365189619828016e-05,2.939651494671125e-05
Retina,15,current_shared,ungood/img/2_53.png,1,0.5291051864624023,0.00015068519860506058,8.160433935699984e-05
Retina,15,current_shared,ungood/img/2_54.png,1,0.49469003081321716,8.448912558378652e-05,4.459037518245168e-05
Retina,15,current_shared,ungood/img/2_55.png,1,0.48905789852142334,6.080782986828126e-05,3.256837953813374e-05
Retina,15,current_shared,ungood/img/2_56.png,1,0.5498555302619934,0.00041916590998880565,0.0001764756307238713
Retina,15,current_shared,ungood/img/2_58.png,1,0.7490580677986145,0.3074438273906708,0.1321757584810257
Retina,15,current_shared,ungood/img/2_59.png,1,0.4878278374671936,0.0018783262930810452,0.0008261367329396307
Retina,15,current_shared,ungood/img/2_60.png,1,0.48407813906669617,0.00035555128124542534,0.0001667073811404407
Retina,15,current_shared,ungood/img/2_61.png,1,0.4979284405708313,5.6639484682818875e-05,4.326599446358159e-05
Retina,15,current_shared,ungood/img/2_62.png,1,0.4947417378425598,5.548971603275277e-05,2.5949106202460825e-05
Retina,15,current_shared,ungood/img/2_63.png,1,0.7718313932418823,0.6165449023246765,0.42175981402397156
Retina,15,current_shared,ungood/img/2_64.png,1,0.5338602066040039,0.0012358528329059482,0.0005584768950939178
Retina,15,current_shared,ungood/img/2_65.png,1,0.4993472695350647,2.323759690625593e-05,1.855363188951742e-05
Retina,15,current_shared,ungood/img/2_66.png,1,0.5451220870018005,0.0019877657759934664,0.0006013027741573751
Retina,15,current_shared,ungood/img/2_67.png,1,0.5119512677192688,4.115082265343517e-05,2.078703801089432e-05
Retina,15,current_shared,ungood/img/2_68.png,1,0.5178312063217163,0.00010153287439607084,7.077053305692971e-05
Retina,15,current_shared,ungood/img/2_70.png,1,0.5352573394775391,0.0005526589811779559,0.0003945116768591106
Retina,15,current_shared,ungood/img/2_71.png,1,0.5327210426330566,0.00018853103392757475,9.127547673415393e-05
Retina,15,current_shared,ungood/img/2_72.png,1,0.5909600257873535,0.001114933635108173,0.0005295614246279001
Retina,15,current_shared,ungood/img/2_73.png,1,0.5988901257514954,0.005571591667830944,0.0018815925577655435
Retina,15,current_shared,ungood/img/2_74.png,1,0.5805337429046631,0.0025157530326396227,0.0012158919125795364
Retina,15,current_shared,ungood/img/2_75.png,1,0.5250760912895203,1.7880092855193652e-05,9.416938155482057e-06
Retina,15,current_shared,ungood/img/2_76.png,1,0.5562641620635986,0.00035953146289102733,0.00016588224389124662
Retina,15,current_shared,ungood/img/2_77.png,1,0.7678878307342529,0.003759899875149131,0.0018083781469613314
Retina,15,current_shared,ungood/img/2_78.png,1,0.5229997038841248,1.9735425667022355e-05,1.3289933121996e-05
Retina,15,current_shared,ungood/img/2_79.png,1,0.7763448357582092,0.007010447792708874,0.0019779400900006294
Retina,15,current_shared,ungood/img/2_80.png,1,0.5044021606445312,7.131500751711428e-06,4.530791557044722e-06
Retina,15,current_shared,ungood/img/2_82.png,1,0.6091525554656982,8.765123493503779e-05,2.6182706278632395e-05
Retina,15,current_shared,ungood/img/2_83.png,1,0.4815762937068939,1.2326909200055525e-06,6.865648174425587e-07
Retina,15,current_shared,ungood/img/2_84.png,1,0.43163082003593445,1.9181067045792588e-07,1.2738844645809877e-07
Retina,15,current_shared,ungood/img/2_85.png,1,0.4903642237186432,9.515430292594829e-07,4.905446076008957e-07
Retina,15,current_shared,ungood/img/2_86.png,1,0.4847332537174225,1.339972072855744e-06,6.981060778343817e-07
Retina,15,current_shared,ungood/img/2_87.png,1,0.4669979512691498,1.5564829709546757e-06,6.814011612732429e-07
Retina,15,current_shared,ungood/img/2_88.png,1,0.41988590359687805,3.30194325215416e-08,3.047270880074393e-08
Retina,15,current_shared,ungood/img/2_89.png,1,0.41430163383483887,8.039658183633946e-08,5.7608517067819776e-08
Retina,15,current_shared,ungood/img/2_90.png,1,0.44970983266830444,8.422162522947474e-08,4.666974362521614e-08
Retina,15,current_shared,ungood/img/2_91.png,1,0.4305320978164673,1.2224887768752524e-07,9.216073948437042e-08
Retina,15,current_shared,ungood/img/2_92.png,1,0.462013840675354,1.4091724551690277e-06,8.171509193743987e-07
Retina,15,current_shared,ungood/img/2_94.png,1,0.44228821992874146,8.908495487958135e-07,4.5013459271103784e-07
Retina,15,current_shared,ungood/img/2_95.png,1,0.4495253264904022,2.250418589255787e-07,1.3126822295816964e-07
Retina,15,current_shared,ungood/img/2_96.png,1,0.4725710451602936,8.366939852066935e-08,6.155772780402913e-08
Retina,15,current_shared,ungood/img/2_97.png,1,0.4590626060962677,8.462017831334379e-06,2.0327554466348374e-06
Retina,15,current_shared,ungood/img/2_98.png,1,0.42667433619499207,1.4822843752426706e-07,8.593616485086386e-08
Retina,15,current_shared,ungood/img/3_100.png,1,0.36401069164276123,1.242845542037685e-07,9.327893479849081e-08
Retina,15,current_shared,ungood/img/3_101.png,1,0.3382467031478882,9.657824762143719e-08,7.145563785115883e-08
Retina,15,current_shared,ungood/img/3_102.png,1,0.3454385995864868,5.6217253074919427e-08,3.90324927934671e-08
Retina,15,current_shared,ungood/img/3_103.png,1,0.34047263860702515,1.6870892238785018e-07,1.2378175995308993e-07
Retina,15,current_shared,ungood/img/3_104.png,1,0.35168248414993286,2.89823589127991e-07,1.7712203259634407e-07
Retina,15,current_shared,ungood/img/3_106.png,1,0.3655155897140503,2.907415819208836e-07,1.5252942375809653e-07
Retina,15,current_shared,ungood/img/3_107.png,1,0.32833024859428406,4.42958452140374e-08,3.168015538790314e-08
Retina,15,current_shared,ungood/img/3_108.png,1,0.3647617697715759,2.550411011270626e-07,1.4697924655138195e-07
Retina,15,current_shared,ungood/img/3_109.png,1,0.33793020248413086,8.658177108600285e-08,5.623711274438392e-08
Retina,15,current_shared,ungood/img/3_110.png,1,0.35871148109436035,2.5036351303242554e-07,1.378627416670497e-07
Retina,15,current_shared,ungood/img/3_111.png,1,0.381778359413147,6.309460900411068e-07,2.8399858820193913e-07
Retina,15,current_shared,ungood/img/3_112.png,1,0.3633148670196533,1.2184337094822695e-07,8.646195936989898e-08
Retina,15,current_shared,ungood/img/3_113.png,1,0.37062177062034607,1.0305144115818621e-07,6.673471375506779e-08
Retina,15,current_shared,ungood/img/3_114.png,1,0.352792352437973,6.678420305661348e-08,4.308664003360718e-08
Retina,15,current_shared,ungood/img/3_115.png,1,0.34977665543556213,2.589003315733862e-06,1.1671988886519102e-06
Retina,15,current_shared,ungood/img/3_116.png,1,0.35764315724372864,3.334335815452505e-06,1.2401809499351657e-06
Retina,15,current_shared,ungood/img/3_118.png,1,0.33177846670150757,6.111782369089269e-08,4.5266510539931915e-08
Retina,15,current_shared,ungood/img/3_119.png,1,0.3563636839389801,1.0488110291362318e-07,6.236525962322048e-08
Retina,15,current_shared,ungood/img/3_120.png,1,0.3385331630706787,3.733920905801824e-08,3.144925742049054e-08
Retina,15,current_shared,ungood/img/3_15.png,1,0.7026855945587158,2.0240388494130457e-06,7.022026125014236e-07
Retina,15,current_shared,ungood/img/3_16.png,1,0.7167978882789612,1.820990291889757e-06,5.801367706226301e-07
Retina,15,current_shared,ungood/img/3_17.png,1,0.3542701005935669,5.436347194631708e-08,3.728911934786083e-08
Retina,15,current_shared,ungood/img/3_18.png,1,0.3598971962928772,2.9273858004330577e-08,2.2393924936636722e-08
Retina,15,current_shared,ungood/img/3_19.png,1,0.3655951917171478,3.439238938085509e-08,2.99061433395309e-08
Retina,15,current_shared,ungood/img/3_20.png,1,0.33919835090637207,6.14543651522581e-08,4.537871589604947e-08
Retina,15,current_shared,ungood/img/3_22.png,1,0.3395148515701294,4.299045031075366e-08,3.470552556450457e-08
Retina,15,current_shared,ungood/img/3_23.png,1,0.345387727022171,5.963784133200534e-08,4.1945234841023193e-08
Retina,15,current_shared,ungood/img/3_24.png,1,0.3773128390312195,7.686023906217088e-08,4.360632388511476e-08
Retina,15,current_shared,ungood/img/3_25.png,1,0.32991307973861694,3.2949472483778663e-08,2.793376552290283e-08
Retina,15,current_shared,ungood/img/3_26.png,1,0.3790145516395569,4.033682898807456e-08,3.2447676545643844e-08
Retina,15,current_shared,ungood/img/3_27.png,1,0.3772668242454529,2.900358353485899e-08,2.130379606057886e-08
Retina,15,current_shared,ungood/img/3_28.png,1,0.3924107253551483,1.121436881135196e-07,6.964982901536132e-08
Retina,15,current_shared,ungood/img/3_29.png,1,0.4164462387561798,3.349952351072716e-07,1.93188498087693e-07
Retina,15,current_shared,ungood/img/3_30.png,1,0.42636486887931824,5.154408313501335e-07,2.9674893653464096e-07
Retina,15,current_shared,ungood/img/3_31.png,1,0.4418060779571533,2.9094342153257458e-06,1.9869864900101675e-06
Retina,15,current_shared,ungood/img/3_32.png,1,0.37447986006736755,8.120706951331158e-08,7.056486595047318e-08
Retina,15,current_shared,ungood/img/3_34.png,1,0.3468180298805237,3.426693595542929e-08,2.7984373929257345e-08
Retina,15,current_shared,ungood/img/3_35.png,1,0.3848869502544403,1.2975789331903798e-07,8.437618959078463e-08
Retina,15,current_shared,ungood/img/3_36.png,1,0.37330731749534607,3.6012679061059316e-08,3.0785262339350083e-08
Retina,15,current_shared,ungood/img/3_37.png,1,0.38642215728759766,7.756492692578831e-08,5.317434670359944e-08
Retina,15,current_shared,ungood/img/3_38.png,1,0.35941457748413086,2.783146690887861e-08,2.5611820220206027e-08
Retina,15,current_shared,ungood/img/3_39.png,1,0.3534001410007477,9.468713813021168e-08,6.393377560698355e-08
Retina,15,current_shared,ungood/img/3_40.png,1,0.37299853563308716,3.4533783832557674e-08,3.078062604799925e-08
Retina,15,current_shared,ungood/img/3_41.png,1,0.5260432362556458,1.150245952885598e-05,7.185084996308433e-06
Retina,15,current_shared,ungood/img/3_42.png,1,0.34242454171180725,2.8409964158981893e-08,2.3053074116319294e-08
Retina,15,current_shared,ungood/img/3_43.png,1,0.3823767304420471,9.578209159144535e-08,6.563018928318343e-08
Retina,15,current_shared,ungood/img/3_44.png,1,0.3598323166370392,4.214808058122799e-08,3.295436457051437e-08
Retina,15,current_shared,ungood/img/3_46.png,1,0.3410540521144867,2.380583374872458e-08,2.0088625873881938e-08
Retina,15,current_shared,ungood/img/3_47.png,1,0.3492633104324341,3.951260296730652e-08,3.498197642670675e-08
Retina,15,current_shared,ungood/img/3_48.png,1,0.3808826804161072,8.51490966624624e-08,5.643149236789213e-08
Retina,15,current_shared,ungood/img/3_49.png,1,0.3985997438430786,1.038925674379243e-07,7.411783542465855e-08
Retina,15,current_shared,ungood/img/3_50.png,1,0.3775295317173004,6.961858645126995e-08,5.4823328099473656e-08
Retina,15,current_shared,ungood/img/3_51.png,1,0.41770681738853455,2.4371937001888e-07,1.4154834104829206e-07
Retina,15,current_shared,ungood/img/3_52.png,1,0.37775054574012756,1.1643374620007307e-07,9.00542360682266e-08
Retina,15,current_shared,ungood/img/3_53.png,1,0.7262922525405884,0.001572205568663776,0.00037313581560738385
Retina,15,current_shared,ungood/img/3_54.png,1,0.7413402199745178,0.0661366656422615,0.011452509090304375
Retina,15,current_shared,ungood/img/3_55.png,1,0.3430338203907013,1.320652813774359e-06,8.819402523840836e-07
Retina,15,current_shared,ungood/img/3_56.png,1,0.4527164697647095,4.843701753998175e-05,1.9911904018954374e-05
Retina,15,current_shared,ungood/img/3_58.png,1,0.38608407974243164,4.931972853228217e-06,2.6119130325241713e-06
Retina,15,current_shared,ungood/img/3_59.png,1,0.39771172404289246,3.424737997193006e-06,1.986480356208631e-06
Retina,15,current_shared,ungood/img/3_60.png,1,0.41542062163352966,3.4516513096605195e-06,1.7850475160230417e-06
Retina,15,current_shared,ungood/img/3_61.png,1,0.35752978920936584,3.6557833027472952e-06,1.905470526253339e-06
Retina,15,current_shared,ungood/img/3_62.png,1,0.4275069832801819,0.0012781394179910421,0.00034964477526955307
Retina,15,current_shared,ungood/img/3_63.png,1,0.3931066393852234,0.0010653730714693666,0.00033345870906487107
Retina,15,current_shared,ungood/img/3_64.png,1,0.5930874347686768,0.16705161333084106,0.03509038686752319
Retina,15,current_shared,ungood/img/3_65.png,1,0.7103567719459534,0.11483602225780487,0.029032142832875252
Retina,15,current_shared,ungood/img/3_66.png,1,0.45625579357147217,0.019988400861620903,0.0047273957170546055
Retina,15,current_shared,ungood/img/3_67.png,1,0.548331081867218,0.6295243501663208,0.22578442096710205
Retina,15,current_shared,ungood/img/3_68.png,1,0.7588279843330383,0.9412378072738647,0.7639685273170471
Retina,15,current_shared,ungood/img/3_70.png,1,0.5632161498069763,0.46262630820274353,0.2218106985092163
Retina,15,current_shared,ungood/img/3_71.png,1,0.41726455092430115,4.713192174676806e-05,2.064598629658576e-05
Retina,15,current_shared,ungood/img/3_72.png,1,0.7367600202560425,0.0005057008820585907,0.00022709378390572965
Retina,15,current_shared,ungood/img/3_73.png,1,0.3866701126098633,1.0292379556631204e-05,3.8714588299626485e-06
Retina,15,current_shared,ungood/img/3_74.png,1,0.4281054139137268,2.1987518266541883e-05,1.4485514839179814e-05
Retina,15,current_shared,ungood/img/3_75.png,1,0.43247368931770325,9.746195246407297e-06,6.787022357457317e-06
Retina,15,current_shared,ungood/img/3_76.png,1,0.5161188244819641,0.011306806467473507,0.002422524383291602
Retina,15,current_shared,ungood/img/3_77.png,1,0.38846439123153687,3.619431254264782e-06,2.416724782960955e-06
Retina,15,current_shared,ungood/img/3_78.png,1,0.7342396974563599,0.2333318591117859,0.05947844684123993
Retina,15,current_shared,ungood/img/3_79.png,1,0.40029045939445496,1.441929634893313e-05,6.36663344266708e-06
Retina,15,current_shared,ungood/img/3_80.png,1,0.39039748907089233,5.3013695833215024e-06,2.6774703201226657e-06
Retina,15,current_shared,ungood/img/3_82.png,1,0.4460100829601288,0.0001348873774986714,4.7360626922454685e-05
Retina,15,current_shared,ungood/img/3_83.png,1,0.388498455286026,8.428231922152918e-06,4.118981451028958e-06
Retina,15,current_shared,ungood/img/3_84.png,1,0.40535610914230347,9.633568879507948e-06,4.780003109772224e-06
Retina,15,current_shared,ungood/img/3_85.png,1,0.39321690797805786,8.137935947161168e-05,4.8595979023957625e-05
Retina,15,current_shared,ungood/img/3_86.png,1,0.3715381920337677,6.712498930028232e-07,3.879380017224321e-07
Retina,15,current_shared,ungood/img/3_87.png,1,0.3869936168193817,2.4541598122596042e-06,1.0407186437078053e-06
Retina,15,current_shared,ungood/img/3_88.png,1,0.3799620270729065,3.825192379736109e-06,1.5457819699804531e-06
Retina,15,current_shared,ungood/img/3_89.png,1,0.35500964522361755,3.079094597069343e-07,1.7384674322329374e-07
Retina,15,current_shared,ungood/img/3_90.png,1,0.3610885739326477,2.8699091103590035e-07,1.602477794904189e-07
Retina,15,current_shared,ungood/img/3_91.png,1,0.3864206075668335,5.328017209649261e-07,3.4521445968493936e-07
Retina,15,current_shared,ungood/img/3_92.png,1,0.3629019856452942,7.430199957525474e-07,3.508420149955782e-07
Retina,15,current_shared,ungood/img/3_94.png,1,0.3526410460472107,8.044535348972204e-08,5.6819665417151555e-08
Retina,15,current_shared,ungood/img/3_95.png,1,0.3753359317779541,8.001487117326178e-07,5.462666763378365e-07
Retina,15,current_shared,ungood/img/3_96.png,1,0.3715171217918396,3.496779754641466e-07,2.26302816486168e-07
Retina,15,current_shared,ungood/img/3_97.png,1,0.380691260099411,1.4774099099668092e-06,6.192516366354539e-07
Retina,15,current_shared,ungood/img/3_98.png,1,0.37470942735671997,5.08782068209257e-06,2.4245705390057992e-06
Retina,15,current_shared,ungood/img/3_99.png,1,0.3519136607646942,1.0302333208755954e-07,7.640119292773306e-08
Retina,15,current_shared,ungood/img/4_100.png,1,0.4560643434524536,4.952343601871689e-08,4.2188986526525696e-08
Retina,15,current_shared,ungood/img/4_101.png,1,0.6161311864852905,7.842820195946842e-06,2.6081340820383048e-06
Retina,15,current_shared,ungood/img/4_102.png,1,0.7100551128387451,2.331050745851826e-05,5.4554657253902406e-06
Retina,15,current_shared,ungood/img/4_103.png,1,0.4874615967273712,1.985735025300528e-06,5.958178803666669e-07
Retina,15,current_shared,ungood/img/4_104.png,1,0.7660583853721619,6.72116075293161e-05,1.4549057596013881e-05
Retina,15,current_shared,ungood/img/4_105.png,1,0.45885545015335083,3.2763589388196124e-06,9.497439350525383e-07
Retina,15,current_shared,ungood/img/4_106.png,1,0.43321675062179565,1.7760173420811043e-07,1.2098617219180596e-07
Retina,15,current_shared,ungood/img/4_108.png,1,0.7483086585998535,0.02909284643828869,0.008301369845867157
Retina,15,current_shared,ungood/img/4_109.png,1,0.759445071220398,0.0034292484633624554,0.0007722899899818003
Retina,15,current_shared,ungood/img/4_110.png,1,0.4517993927001953,1.8345461967328447e-06,7.443991307809483e-07
Retina,15,current_shared,ungood/img/4_111.png,1,0.7364302277565002,0.0002699188480619341,4.702910882770084e-05
Retina,15,current_shared,ungood/img/4_112.png,1,0.7331305742263794,0.00549046415835619,0.000986240105703473
Retina,15,current_shared,ungood/img/4_113.png,1,0.7263677716255188,0.15393011271953583,0.02840951830148697
Retina,15,current_shared,ungood/img/4_114.png,1,0.7296922206878662,0.0007686653989367187,0.0001552879111841321
Retina,15,current_shared,ungood/img/4_115.png,1,0.7231302857398987,3.2191688660532236e-05,1.3452089660859201e-05
Retina,15,current_shared,ungood/img/4_116.png,1,0.4600180685520172,5.338624760042876e-05,1.692931073193904e-05
Retina,15,current_shared,ungood/img/4_117.png,1,0.6784672141075134,0.005004451610147953,0.0008889546734280884
Retina,15,current_shared,ungood/img/4_118.png,1,0.44537192583084106,1.692119076324161e-05,4.7102525968512055e-06
Retina,15,current_shared,ungood/img/4_120.png,1,0.7939968705177307,0.6230246424674988,0.16676032543182373
Retina,15,current_shared,ungood/img/4_121.png,1,0.7624409198760986,0.14655184745788574,0.03635921701788902
Retina,15,current_shared,ungood/img/4_122.png,1,0.4377758204936981,1.0626688862203082e-07,7.496551290842035e-08
Retina,15,current_shared,ungood/img/4_123.png,1,0.4239691197872162,2.739204774115933e-07,1.340755773071578e-07
Retina,15,current_shared,ungood/img/4_124.png,1,0.47691500186920166,9.473597515352594e-07,5.101775855109736e-07
Retina,15,current_shared,ungood/img/4_125.png,1,0.7102229595184326,0.002953233430162072,0.0006463441532105207
Retina,15,current_shared,ungood/img/4_126.png,1,0.7679405808448792,0.5854648947715759,0.29478779435157776
Retina,15,current_shared,ungood/img/4_127.png,1,0.5280968546867371,0.00020208876230753958,4.410486508277245e-05
Retina,15,current_shared,ungood/img/4_128.png,1,0.7821811437606812,0.09129630774259567,0.02525618113577366
Retina,15,current_shared,ungood/img/4_51.png,1,0.767979085445404,9.169970144284889e-05,4.261949652573094e-05
Retina,15,current_shared,ungood/img/4_52.png,1,0.7770962715148926,4.36426344094798e-05,2.1646939785568975e-05
Retina,15,current_shared,ungood/img/4_53.png,1,0.44871804118156433,6.675478658735301e-08,5.557751592277782e-08
Retina,15,current_shared,ungood/img/4_54.png,1,0.4411356747150421,1.1796193888358175e-07,8.907371551458709e-08
Retina,15,current_shared,ungood/img/4_55.png,1,0.49637556076049805,1.0750871979325893e-06,4.376109359327529e-07
Retina,15,current_shared,ungood/img/4_56.png,1,0.7763515114784241,1.8629189071361907e-05,4.418527169036679e-06
Retina,15,current_shared,ungood/img/4_57.png,1,0.4712015688419342,2.6396742214274127e-07,1.422237687620509e-07
Retina,15,current_shared,ungood/img/4_58.png,1,0.4370822310447693,4.935690256502312e-08,3.077236243598236e-08
Retina,15,current_shared,ungood/img/4_60.png,1,0.49562883377075195,2.4147136628016597e-06,1.2390673873596825e-06
Retina,15,current_shared,ungood/img/4_61.png,1,0.668304443359375,0.00021131560788489878,6.111599213909358e-05
Retina,15,current_shared,ungood/img/4_62.png,1,0.48451441526412964,4.396538599849009e-07,3.385172249181778e-07
Retina,15,current_shared,ungood/img/4_63.png,1,0.8034022450447083,0.27669641375541687,0.08877883851528168
Retina,15,current_shared,ungood/img/4_64.png,1,0.8088438510894775,0.16481496393680573,0.08050478994846344
Retina,15,current_shared,ungood/img/4_65.png,1,0.6138486266136169,0.0012035799445584416,0.0003957536246161908
Retina,15,current_shared,ungood/img/4_66.png,1,0.7726650238037109,0.2416326105594635,0.05529111996293068
Retina,15,current_shared,ungood/img/4_67.png,1,0.7566450238227844,0.0015512775862589478,0.0007128393626771867
Retina,15,current_shared,ungood/img/4_68.png,1,0.8191669583320618,0.32485726475715637,0.21423019468784332
Retina,15,current_shared,ungood/img/4_69.png,1,0.516775369644165,6.023180321790278e-05,2.9033999453531578e-05
Retina,15,current_shared,ungood/img/4_70.png,1,0.586753785610199,0.0009331502951681614,0.0005437204381451011
Retina,15,current_shared,ungood/img/4_72.png,1,0.7858597636222839,8.186364721041173e-05,5.461549153551459e-05
Retina,15,current_shared,ungood/img/4_73.png,1,0.8051802515983582,0.0002933116047643125,8.746740786591545e-05
Retina,15,current_shared,ungood/img/4_74.png,1,0.8196247220039368,0.0016245052684098482,0.0006515021086670458
Retina,15,current_shared,ungood/img/4_75.png,1,0.8213750123977661,0.0031528444960713387,0.0009698310168460011
Retina,15,current_shared,ungood/img/4_76.png,1,0.521016538143158,2.2153546979097882e-06,1.0930258440566831e-06
Retina,15,current_shared,ungood/img/4_77.png,1,0.7867902517318726,0.006237569730728865,0.0011205468326807022
Retina,15,current_shared,ungood/img/4_78.png,1,0.814868152141571,0.076072096824646,0.023167410865426064
Retina,15,current_shared,ungood/img/4_79.png,1,0.819875180721283,0.0011917646043002605,0.00047490253928117454
Retina,15,current_shared,ungood/img/4_80.png,1,0.8096662759780884,0.19477596879005432,0.051318731158971786
Retina,15,current_shared,ungood/img/4_81.png,1,0.8117136359214783,0.0429595410823822,0.01398180890828371
Retina,15,current_shared,ungood/img/4_82.png,1,0.5033275485038757,2.5848314635368297e-06,1.408799448654463e-06
Retina,15,current_shared,ungood/img/4_84.png,1,0.5140825510025024,6.7475298237695824e-06,3.1792735626368085e-06
Retina,15,current_shared,ungood/img/4_85.png,1,0.5020537376403809,2.227740196758532e-06,9.513715895081987e-07
Retina,15,current_shared,ungood/img/4_86.png,1,0.5046839118003845,1.005395006359322e-06,6.89066041559272e-07
Retina,15,current_shared,ungood/img/4_87.png,1,0.5215221643447876,3.2443704185425304e-06,2.072155439236667e-06
Retina,15,current_shared,ungood/img/4_88.png,1,0.506286084651947,1.4516834880851093e-06,7.471259664271201e-07
Retina,15,current_shared,ungood/img/4_89.png,1,0.5301514267921448,7.598769570904551e-06,5.013897862227168e-06
Retina,15,current_shared,ungood/img/4_90.png,1,0.5164313912391663,4.551375695882598e-06,3.2409261621069163e-06
Retina,15,current_shared,ungood/img/4_91.png,1,0.5339000821113586,3.4002389384113485e-06,1.5318955775001086e-06
Retina,15,current_shared,ungood/img/4_92.png,1,0.8098933696746826,0.001222198479808867,0.00022180793166626245
Retina,15,current_shared,ungood/img/4_93.png,1,0.7893879413604736,0.0003154700098093599,5.364438038668595e-05
Retina,15,current_shared,ungood/img/4_94.png,1,0.5269511342048645,1.8560825765234767e-06,1.1148664498250582e-06
Retina,15,current_shared,ungood/img/4_96.png,1,0.6848478317260742,1.874089502962306e-05,6.6446091295802034e-06
Retina,15,current_shared,ungood/img/4_97.png,1,0.5038836002349854,4.621104835678125e-06,2.007579723795061e-06
Retina,15,current_shared,ungood/img/4_98.png,1,0.4982362985610962,1.1976602536378778e-06,6.459828227889375e-07
Retina,15,current_shared,ungood/img/4_99.png,1,0.5145676136016846,5.39239465524588e-07,2.3598748555286875e-07
Retina,15,current_shared,ungood/img/5_100.png,1,0.45538249611854553,4.7196681407513097e-07,2.982293949571613e-07
Retina,15,current_shared,ungood/img/5_101.png,1,0.7894439697265625,0.012377417646348476,0.0024196207523345947
Retina,15,current_shared,ungood/img/5_102.png,1,0.8030039668083191,0.011204958893358707,0.002120968885719776
Retina,15,current_shared,ungood/img/5_103.png,1,0.6128331422805786,0.00016659413813613355,5.6792407121974975e-05
Retina,15,current_shared,ungood/img/5_105.png,1,0.4657791256904602,1.5670563016101369e-06,7.852691510379373e-07
Retina,15,current_shared,ungood/img/5_106.png,1,0.7886788845062256,0.0005265799118205905,0.00010793065303005278
Retina,15,current_shared,ungood/img/5_107.png,1,0.6983357071876526,6.489133374998346e-05,1.6442820196971297e-05
Retina,15,current_shared,ungood/img/5_108.png,1,0.7741713523864746,3.7601435906253755e-05,1.030029307003133e-05
Retina,15,current_shared,ungood/img/5_109.png,1,0.7819160223007202,0.0001005784870358184,2.1999929231242277e-05
Retina,15,current_shared,ungood/img/5_110.png,1,0.7749117612838745,7.444511720677838e-05,2.4890063286875375e-05
Retina,15,current_shared,ungood/img/5_111.png,1,0.7830830216407776,4.46433768956922e-05,1.1864360203617252e-05
Retina,15,current_shared,ungood/img/5_112.png,1,0.5448468327522278,1.0246242254652316e-06,5.989993496768875e-07
Retina,15,current_shared,ungood/img/5_113.png,1,0.4428022503852844,4.941949782732991e-07,2.3570403584471933e-07
Retina,15,current_shared,ungood/img/5_114.png,1,0.7637099027633667,0.0005117578548379242,9.412044164491817e-05
Retina,15,current_shared,ungood/img/5_115.png,1,0.7306259870529175,0.0006640235078521073,0.00015328424342442304
Retina,15,current_shared,ungood/img/5_117.png,1,0.7412253022193909,0.002374565228819847,0.000825130264274776
Retina,15,current_shared,ungood/img/5_118.png,1,0.776495635509491,0.044341862201690674,0.005638088099658489
Retina,15,current_shared,ungood/img/5_119.png,1,0.7785574793815613,0.2055925726890564,0.04195168986916542
Retina,15,current_shared,ungood/img/5_120.png,1,0.41182729601860046,5.749367346652434e-07,2.981241493671405e-07
Retina,15,current_shared,ungood/img/5_121.png,1,0.7305380702018738,0.0076314229518175125,0.0026235703844577074
Retina,15,current_shared,ungood/img/5_122.png,1,0.7538320422172546,0.37737542390823364,0.11306644231081009
Retina,15,current_shared,ungood/img/5_123.png,1,0.751799464225769,0.02405911684036255,0.004465116653591394
Retina,15,current_shared,ungood/img/5_124.png,1,0.7441968321800232,0.06573668122291565,0.012423823587596416
Retina,15,current_shared,ungood/img/5_125.png,1,0.747341513633728,0.01840304210782051,0.004853921476751566
Retina,15,current_shared,ungood/img/5_126.png,1,0.7522342801094055,0.011525068432092667,0.002260319422930479
Retina,15,current_shared,ungood/img/5_127.png,1,0.7406807541847229,0.24773456156253815,0.07272472977638245
Retina,15,current_shared,ungood/img/5_30.png,1,0.8051387667655945,0.0011154169915243983,0.00041202057036571205
Retina,15,current_shared,ungood/img/5_31.png,1,0.45302650332450867,1.2115629942854866e-05,4.369949238025583e-06
Retina,15,current_shared,ungood/img/5_33.png,1,0.47669461369514465,6.9525294748018496e-06,3.294190719316248e-06
Retina,15,current_shared,ungood/img/5_34.png,1,0.5403660535812378,0.0001065681062755175,2.749791747191921e-05
Retina,15,current_shared,ungood/img/5_35.png,1,0.5506554245948792,1.5083753169164993e-05,7.716113032074645e-06
Retina,15,current_shared,ungood/img/5_36.png,1,0.7763506770133972,0.003138597821816802,0.0021636663004755974
Retina,15,current_shared,ungood/img/5_37.png,1,0.7643983960151672,0.005780375096946955,0.0015790938632562757
Retina,15,current_shared,ungood/img/5_38.png,1,0.5235744714736938,0.00030310777947306633,0.00019714403606485575
Retina,15,current_shared,ungood/img/5_39.png,1,0.6973905563354492,0.01247924193739891,0.002963729202747345
Retina,15,current_shared,ungood/img/5_40.png,1,0.5087964534759521,1.0661059604899492e-05,5.105004220240517e-06
Retina,15,current_shared,ungood/img/5_41.png,1,0.508023202419281,2.225242951681139e-06,1.4232168723538052e-06
Retina,15,current_shared,ungood/img/5_42.png,1,0.5164752006530762,3.515709749990492e-06,1.967050366147305e-06
Retina,15,current_shared,ungood/img/5_43.png,1,0.5121010541915894,4.115777301194612e-06,2.333159727641032e-06
Retina,15,current_shared,ungood/img/5_45.png,1,0.504733681678772,1.2067902389389928e-05,7.045185157039668e-06
Retina,15,current_shared,ungood/img/5_46.png,1,0.4955146014690399,8.585214345657732e-06,5.153872280061478e-06
Retina,15,current_shared,ungood/img/5_47.png,1,0.5060634016990662,6.786179710616125e-06,2.953301645902684e-06
Retina,15,current_shared,ungood/img/5_48.png,1,0.5122203826904297,2.2012882254784927e-05,9.446755939279683e-06
Retina,15,current_shared,ungood/img/5_49.png,1,0.5988911986351013,0.003339537186548114,0.0016206902218982577
Retina,15,current_shared,ungood/img/5_50.png,1,0.5159675478935242,4.954401447321288e-05,1.929854988702573e-05
Retina,15,current_shared,ungood/img/5_51.png,1,0.5238096714019775,0.00017829373246058822,8.448600419797003e-05
Retina,15,current_shared,ungood/img/5_52.png,1,0.5126005411148071,1.8851673303288408e-05,8.690831236890517e-06
Retina,15,current_shared,ungood/img/5_53.png,1,0.5223630666732788,1.6517509720870294e-05,1.0111653864441905e-05
Retina,15,current_shared,ungood/img/5_54.png,1,0.750491738319397,0.1106312945485115,0.038961056619882584
Retina,15,current_shared,ungood/img/5_55.png,1,0.8005955219268799,0.8010085821151733,0.4978165626525879
Retina,15,current_shared,ungood/img/5_57.png,1,0.5246778726577759,0.003219257341697812,0.0011319232871755958
Retina,15,current_shared,ungood/img/5_58.png,1,0.6076667308807373,0.0028483066707849503,0.0010590126039460301
Retina,15,current_shared,ungood/img/5_59.png,1,0.5411033034324646,2.6304742277716286e-06,1.6889746348169865e-06
Retina,15,current_shared,ungood/img/5_60.png,1,0.5555468201637268,0.0013640917604789138,0.00041021741344593465
Retina,15,current_shared,ungood/img/5_61.png,1,0.4978421926498413,2.5935779035535234e-07,2.0115054155667167e-07
Retina,15,current_shared,ungood/img/5_62.png,1,0.5064353942871094,1.1980989711446455e-06,7.153649335123191e-07
Retina,15,current_shared,ungood/img/5_63.png,1,0.515741229057312,1.1793454177677631e-06,8.415576076004072e-07
Retina,15,current_shared,ungood/img/5_64.png,1,0.5376608967781067,1.1284816991974367e-06,6.887176482450741e-07
Retina,15,current_shared,ungood/img/5_65.png,1,0.7139818668365479,0.003999128472059965,0.002064637141302228
Retina,15,current_shared,ungood/img/5_66.png,1,0.5959668755531311,0.001325430697761476,0.0005600536242127419
Retina,15,current_shared,ungood/img/5_67.png,1,0.7848736047744751,0.1900806427001953,0.07550463080406189
Retina,15,current_shared,ungood/img/5_69.png,1,0.51080322265625,6.56667407383793e-06,4.673303010349628e-06
Retina,15,current_shared,ungood/img/5_70.png,1,0.539701521396637,0.0006444347673095763,0.00036803088732995093
Retina,15,current_shared,ungood/img/5_71.png,1,0.7907507419586182,0.01799136772751808,0.011060581542551517
Retina,15,current_shared,ungood/img/5_72.png,1,0.5385267734527588,7.417208689730614e-05,5.1929891924373806e-05
Retina,15,current_shared,ungood/img/5_73.png,1,0.7885593771934509,0.6453517079353333,0.3548022508621216
Retina,15,current_shared,ungood/img/5_74.png,1,0.6987819671630859,0.006268838420510292,0.003804953768849373
Retina,15,current_shared,ungood/img/5_75.png,1,0.7804742455482483,0.07980170845985413,0.027389343827962875
Retina,15,current_shared,ungood/img/5_76.png,1,0.8201433420181274,2.3967764718690887e-05,1.4098144674790092e-05
Retina,15,current_shared,ungood/img/5_77.png,1,0.8137211799621582,0.0002590455987956375,8.755252929404378e-05
Retina,15,current_shared,ungood/img/5_78.png,1,0.8285248875617981,0.5028477907180786,0.32559359073638916
Retina,15,current_shared,ungood/img/5_79.png,1,0.8228094577789307,0.47199779748916626,0.31380495429039
Retina,15,current_shared,ungood/img/5_81.png,1,0.8139511942863464,0.02702322229743004,0.007290551904588938
Retina,15,current_shared,ungood/img/5_82.png,1,0.7973159551620483,0.0782977044582367,0.02011866867542267
Retina,15,current_shared,ungood/img/5_83.png,1,0.8106755614280701,0.1131686270236969,0.032663676887750626
Retina,15,current_shared,ungood/img/5_84.png,1,0.7750900983810425,0.4078715741634369,0.1722147911787033
Retina,15,current_shared,ungood/img/5_85.png,1,0.8006722331047058,0.042032647877931595,0.007962223142385483
Retina,15,current_shared,ungood/img/5_86.png,1,0.8140819072723389,0.1735205352306366,0.04839010536670685
Retina,15,current_shared,ungood/img/5_87.png,1,0.8101106286048889,0.02236516773700714,0.006086517125368118
Retina,15,current_shared,ungood/img/5_88.png,1,0.7569074630737305,0.0011103040305897593,0.0003466661146376282
Retina,15,current_shared,ungood/img/5_89.png,1,0.4849562346935272,1.2480114719437552e-06,8.327265277330298e-07
Retina,15,current_shared,ungood/img/5_90.png,1,0.5272561311721802,9.042306919582188e-05,5.86384667258244e-05
Retina,15,current_shared,ungood/img/5_91.png,1,0.509455680847168,1.3471652664520661e-06,8.488954108543112e-07
Retina,15,current_shared,ungood/img/5_93.png,1,0.48859888315200806,2.2920012270333245e-06,1.509037474534125e-06
Retina,15,current_shared,ungood/img/5_94.png,1,0.4987001419067383,1.6084450180642307e-05,8.594776772952173e-06
Retina,15,current_shared,ungood/img/5_95.png,1,0.47608742117881775,2.764740429483936e-06,1.748857471284282e-06
Retina,15,current_shared,ungood/img/5_96.png,1,0.486479789018631,2.4058294911810663e-06,1.5762179828016087e-06
Retina,15,current_shared,ungood/img/5_97.png,1,0.5017229914665222,3.163424844387919e-05,1.656699168961495e-05
Retina,15,current_shared,ungood/img/5_98.png,1,0.5058766603469849,6.817796020186506e-06,3.5439679777482525e-06
Retina,15,current_shared,ungood/img/5_99.png,1,0.7861175537109375,0.016678892076015472,0.004219268914312124
Retina,15,current_shared,ungood/img/6_54.png,1,0.42234835028648376,1.2117664482502732e-05,4.974873263563495e-06
Retina,15,current_shared,ungood/img/6_55.png,1,0.43898868560791016,1.5097853065526579e-06,1.0115201121152495e-06
Retina,15,current_shared,ungood/img/6_56.png,1,0.4246378242969513,1.3328703062143177e-05,6.7341957219468895e-06
Retina,15,current_shared,ungood/img/6_57.png,1,0.4422711431980133,3.1454637792194262e-06,1.8498800500310608e-06
Retina,15,current_shared,ungood/img/6_58.png,1,0.4359317421913147,4.059580987814115e-06,2.2433998765336582e-06
Retina,15,current_shared,ungood/img/6_59.png,1,0.43101590871810913,5.152863650437212e-06,2.1597309114440577e-06
Retina,15,current_shared,ungood/img/6_60.png,1,0.43980494141578674,4.4947100832359865e-06,2.31500143854646e-06
Retina,15,current_shared,ungood/img/6_61.png,1,0.4579150676727295,6.820853741373867e-05,2.9363218345679343e-05
Retina,15,current_shared,ungood/img/6_62.png,1,0.41907063126564026,2.4556650259910384e-06,1.8767756273518899e-06
Retina,15,current_shared,ungood/img/6_63.png,1,0.42546525597572327,4.683275165007217e-06,2.2431531760958023e-06
Retina,15,current_shared,ungood/img/6_64.png,1,0.4499869644641876,3.134473445243202e-05,1.7137592294602655e-05
Retina,15,current_shared,ungood/img/6_66.png,1,0.41966134309768677,2.2432691366702784e-06,1.243404994966113e-06
Retina,15,current_shared,ungood/img/6_67.png,1,0.4364960789680481,3.3357705433445517e-06,2.553008243921795e-06
Retina,15,current_shared,ungood/img/6_68.png,1,0.4515158236026764,5.0373921112623066e-05,2.3384025553241372e-05
Retina,15,current_shared,ungood/img/6_69.png,1,0.45847728848457336,1.2997654266655445e-05,8.086669367912691e-06
Retina,15,current_shared,ungood/img/6_70.png,1,0.466112345457077,3.4311393392272294e-05,2.2152938981889747e-05
Retina,15,current_shared,ungood/img/6_71.png,1,0.44490134716033936,8.474567039229441e-06,4.52392168881488e-06
Retina,15,current_shared,ungood/img/6_72.png,1,0.42974838614463806,2.4268708784802584e-06,1.1475266319393995e-06
Retina,15,current_shared,ungood/img/6_73.png,1,0.4543600082397461,1.292887009185506e-05,7.4326626418042e-06
Retina,15,current_shared,ungood/img/6_74.png,1,0.44648078083992004,1.8757364159682766e-05,9.86913983069826e-06
Retina,15,current_shared,ungood/img/6_75.png,1,0.4516480267047882,6.672742983937496e-06,4.373923729872331e-06
Retina,15,current_shared,ungood/img/6_76.png,1,0.4462849497795105,9.97990537143778e-06,6.2448343669530004e-06
Retina,15,current_shared,ungood/img/6_78.png,1,0.4668036699295044,4.625408564606914e-06,3.5781156384473434e-06
Retina,15,current_shared,ungood/img/6_79.png,1,0.4008738100528717,2.1568773433955357e-07,1.525116459788478e-07
Retina,15,current_shared,ungood/img/6_80.png,1,0.403047651052475,4.677807282860158e-06,2.993028601849801e-06
Retina,15,current_shared,ungood/img/6_81.png,1,0.4434691369533539,6.109619334893068e-06,4.835315394302597e-06
Retina,15,current_shared,ungood/img/6_82.png,1,0.4385375380516052,1.9238091226725373e-06,9.668849543231772e-07
Retina,15,current_shared,ungood/img/6_83.png,1,0.4353538751602173,5.157201030669967e-07,3.866531130825024e-07
Retina,15,current_shared,ungood/img/7_70.png,1,0.5302758812904358,0.08580980449914932,0.03691292926669121
Retina,15,current_shared,ungood/img/7_71.png,1,0.40625110268592834,1.1642179060800117e-06,6.005000727782317e-07
Retina,15,current_shared,ungood/img/7_72.png,1,0.7606260180473328,0.0026489722076803446,0.0007616617367602885
Retina,15,current_shared,ungood/img/7_73.png,1,0.7822777032852173,0.3754437565803528,0.12070309370756149
Retina,15,current_shared,ungood/img/7_74.png,1,0.7722294330596924,0.33626046776771545,0.09128078818321228
Retina,15,current_shared,ungood/img/7_76.png,1,0.7256399393081665,0.033275723457336426,0.004892108961939812
Retina,15,current_shared,ungood/img/7_77.png,1,0.7408096194267273,0.021257419139146805,0.0022965434473007917
Retina,15,current_shared,ungood/img/7_78.png,1,0.7462812662124634,0.12301027029752731,0.014838431030511856
Retina,15,current_shared,ungood/img/7_79.png,1,0.7161509394645691,0.02781279943883419,0.0030797256622463465
Retina,15,current_shared,ungood/img/7_80.png,1,0.733760416507721,0.0042034112848341465,0.0004124221159145236
Retina,15,current_shared,ungood/img/7_81.png,1,0.7344257235527039,0.014910873956978321,0.0016782655147835612
Retina,15,current_shared,ungood/img/7_82.png,1,0.43701401352882385,1.457595715237403e-07,1.1090270390923251e-07
Retina,15,current_shared,ungood/img/7_83.png,1,0.4063939154148102,2.258973808011433e-08,1.9024927411237513e-08
Retina,15,current_shared,ungood/img/7_84.png,1,0.4117116332054138,8.614048141453168e-08,5.574130668151156e-08
Retina,15,current_shared,ungood/img/7_85.png,1,0.3883889317512512,2.99479552268167e-08,2.3673564442106e-08
Retina,15,current_shared,ungood/img/7_86.png,1,0.40500491857528687,4.954658194833428e-08,4.1131855255116534e-08
Retina,15,current_shared,ungood/img/7_88.png,1,0.7294545769691467,0.0004505375982262194,9.919347940012813e-05
Retina,15,current_shared,ungood/img/7_89.png,1,0.7461269497871399,0.0016859752358868718,0.00023987227177713066
Retina,15,current_shared,ungood/img/7_90.png,1,0.3978560268878937,4.3235991142864805e-07,1.9046431987135293e-07
Retina,15,current_shared,ungood/img/7_91.png,1,0.3850863575935364,4.0395185862962535e-08,3.1342320738758644e-08
Retina,15,current_shared,ungood/img/8_100.png,1,0.45168501138687134,1.9763157865781977e-07,1.2653521253014333e-07
Retina,15,current_shared,ungood/img/8_101.png,1,0.44054004549980164,1.0715475582401268e-06,4.20760670749587e-07
Retina,15,current_shared,ungood/img/8_102.png,1,0.39843785762786865,1.690769693141192e-07,1.1522531906393851e-07
Retina,15,current_shared,ungood/img/8_103.png,1,0.4138427674770355,1.8473115233064163e-06,8.445650792054948e-07
Retina,15,current_shared,ungood/img/8_105.png,1,0.7527430653572083,0.0005322389770299196,7.799830927979201e-05
Retina,15,current_shared,ungood/img/8_106.png,1,0.45730075240135193,1.894403794722166e-05,4.279952008801047e-06
Retina,15,current_shared,ungood/img/8_107.png,1,0.7508493065834045,0.0011238427832722664,0.0002919635153375566
Retina,15,current_shared,ungood/img/8_108.png,1,0.6585623621940613,9.415379463462159e-05,2.1033731172792614e-05
Retina,15,current_shared,ungood/img/8_109.png,1,0.4997257590293884,1.0044605005532503e-05,2.8595263756869826e-06
Retina,15,current_shared,ungood/img/8_110.png,1,0.3922600746154785,2.6782018380799855e-07,1.3685628630355495e-07
Retina,15,current_shared,ungood/img/8_111.png,1,0.38642340898513794,1.4561620673703146e-06,5.260818625174579e-07
Retina,15,current_shared,ungood/img/8_112.png,1,0.4008428454399109,3.7089046145410975e-06,1.7657598618825432e-06
Retina,15,current_shared,ungood/img/8_113.png,1,0.4895762801170349,7.465697126463056e-05,1.861012788140215e-05
Retina,15,current_shared,ungood/img/8_114.png,1,0.4214741587638855,1.0318137356080115e-05,3.2448301681142766e-06
Retina,15,current_shared,ungood/img/8_115.png,1,0.41397327184677124,1.4949363276173244e-06,5.810537118122738e-07
Retina,15,current_shared,ungood/img/8_25.png,1,0.5042558312416077,1.1152658885293931e-07,8.369661230744896e-08
Retina,15,current_shared,ungood/img/8_26.png,1,0.47930052876472473,6.475652014614752e-08,5.20448821816899e-08
Retina,15,current_shared,ungood/img/8_27.png,1,0.5061111450195312,1.0819447197718546e-05,2.7613195925368927e-06
Retina,15,current_shared,ungood/img/8_28.png,1,0.5119667649269104,5.203551722843258e-07,2.417918949504383e-07
Retina,15,current_shared,ungood/img/8_29.png,1,0.5544551610946655,1.5105155171113438e-07,9.877314965933692e-08
Retina,15,current_shared,ungood/img/8_30.png,1,0.5002394914627075,5.92300864354911e-07,3.0667774808534887e-07
Retina,15,current_shared,ungood/img/8_31.png,1,0.45385944843292236,4.5758730493616895e-07,2.4764074169070227e-07
Retina,15,current_shared,ungood/img/8_33.png,1,0.5188657641410828,3.4073802908096695e-06,1.7678771655482706e-06
Retina,15,current_shared,ungood/img/8_34.png,1,0.40897172689437866,7.982814764773138e-08,5.61503910034844e-08
Retina,15,current_shared,ungood/img/8_35.png,1,0.412179559469223,2.2905601326783653e-07,1.1077390382752128e-07
Retina,15,current_shared,ungood/img/8_36.png,1,0.4790297746658325,7.110904931550976e-08,5.5106418983541516e-08
Retina,15,current_shared,ungood/img/8_37.png,1,0.4765147566795349,1.365764461525032e-07,8.426093245361699e-08
Retina,15,current_shared,ungood/img/8_38.png,1,0.4574742913246155,1.78266247985448e-07,1.0056802324243108e-07
Retina,15,current_shared,ungood/img/8_39.png,1,0.48074784874916077,4.602425462962856e-07,2.3699294615653343e-07
Retina,15,current_shared,ungood/img/8_40.png,1,0.49009832739830017,3.4029207540697826e-07,1.9273332441116509e-07
Retina,15,current_shared,ungood/img/8_41.png,1,0.4817363917827606,5.6995034469764505e-08,4.1805723327570377e-08
Retina,15,current_shared,ungood/img/8_42.png,1,0.5512539148330688,7.230003689073783e-07,4.154498469688406e-07
Retina,15,current_shared,ungood/img/8_43.png,1,0.4974188208580017,8.419992809649557e-07,4.758637714985525e-07
Retina,15,current_shared,ungood/img/8_45.png,1,0.4227693974971771,5.0452049435989466e-06,1.1950623957091011e-06
Retina,15,current_shared,ungood/img/8_46.png,1,0.4321776032447815,7.982297489661505e-08,5.3109378228555215e-08
Retina,15,current_shared,ungood/img/8_47.png,1,0.47115617990493774,5.99057557337801e-07,3.87938456469783e-07
Retina,15,current_shared,ungood/img/8_48.png,1,0.47130364179611206,2.5850735255517066e-05,7.995637133717537e-06
Retina,15,current_shared,ungood/img/8_49.png,1,0.5008538365364075,1.7678196400083834e-06,9.419752018402505e-07
Retina,15,current_shared,ungood/img/8_50.png,1,0.4722636640071869,6.296656920312671e-07,2.900840172515018e-07
Retina,15,current_shared,ungood/img/8_51.png,1,0.5216002464294434,2.1754997305833967e-06,9.61011664912803e-07
Retina,15,current_shared,ungood/img/8_52.png,1,0.5165477395057678,3.0751476742807426e-07,1.9733832345991686e-07
Retina,15,current_shared,ungood/img/8_53.png,1,0.5010067820549011,5.320841864886461e-07,3.458264075106854e-07
Retina,15,current_shared,ungood/img/8_54.png,1,0.49322110414505005,7.285764240805293e-07,5.545037993215374e-07
Retina,15,current_shared,ungood/img/8_55.png,1,0.513501763343811,3.2514199119759724e-06,1.488970042373694e-06
Retina,15,current_shared,ungood/img/8_57.png,1,0.500083327293396,8.644956324133091e-07,5.931296414019016e-07
Retina,15,current_shared,ungood/img/8_58.png,1,0.5001365542411804,2.0405874238349497e-05,9.302616490458604e-06
Retina,15,current_shared,ungood/img/8_59.png,1,0.5151315331459045,5.329809573595412e-05,3.656960325315595e-05
Retina,15,current_shared,ungood/img/8_60.png,1,0.5357327461242676,1.8936341803055257e-05,8.920789696276188e-06
Retina,15,current_shared,ungood/img/8_61.png,1,0.5335158109664917,2.430278982501477e-05,1.3804376976622734e-05
Retina,15,current_shared,ungood/img/8_62.png,1,0.5214298367500305,8.345808055310044e-06,5.074754426459549e-06
Retina,15,current_shared,ungood/img/8_63.png,1,0.5264131426811218,5.04385752719827e-05,3.578184623620473e-05
Retina,15,current_shared,ungood/img/8_64.png,1,0.5495939254760742,3.3129603252746165e-05,2.0146126189501956e-05
Retina,15,current_shared,ungood/img/8_65.png,1,0.5323225855827332,4.255792373442091e-05,2.2724605514667928e-05
Retina,15,current_shared,ungood/img/8_66.png,1,0.7791466116905212,0.007200636900961399,0.0031045281793922186
Retina,15,current_shared,ungood/img/8_67.png,1,0.803521454334259,0.8768233060836792,0.7525523900985718
Retina,15,current_shared,ungood/img/8_69.png,1,0.5443941354751587,0.0006455397233366966,0.00023178385163191706
Retina,15,current_shared,ungood/img/8_70.png,1,0.5381941199302673,0.0009767611045390368,0.000355507800122723
Retina,15,current_shared,ungood/img/8_71.png,1,0.6868215799331665,0.09514856338500977,0.024729367345571518
Retina,15,current_shared,ungood/img/8_72.png,1,0.5194545984268188,0.0003498210571706295,0.00010783698235172778
Retina,15,current_shared,ungood/img/8_73.png,1,0.5008087754249573,3.462481345195556e-06,2.0542036054393975e-06
Retina,15,current_shared,ungood/img/8_74.png,1,0.5019775629043579,3.112823151241173e-06,2.313219283678336e-06
Retina,15,current_shared,ungood/img/8_75.png,1,0.515347421169281,5.1819111831719056e-05,2.6834759410121478e-05
Retina,15,current_shared,ungood/img/8_76.png,1,0.508309006690979,3.428087802603841e-05,1.6854797650012188e-05
Retina,15,current_shared,ungood/img/8_77.png,1,0.4987013339996338,0.00553143909201026,0.0022714303340762854
Retina,15,current_shared,ungood/img/8_78.png,1,0.5089460015296936,0.0002335463068448007,8.723401697352529e-05
Retina,15,current_shared,ungood/img/8_79.png,1,0.48428699374198914,0.00014282639313023537,8.293563587358221e-05
Retina,15,current_shared,ungood/img/8_81.png,1,0.4701562225818634,0.0010284234303981066,0.00043169051059521735
Retina,15,current_shared,ungood/img/8_82.png,1,0.4668826758861542,0.00020085704454686493,7.158222433645278e-05
Retina,15,current_shared,ungood/img/8_83.png,1,0.5018036365509033,0.025485452264547348,0.006280893925577402
Retina,15,current_shared,ungood/img/8_84.png,1,0.47148269414901733,0.0003846155304927379,0.00011356181494193152
Retina,15,current_shared,ungood/img/8_85.png,1,0.48493650555610657,0.0019476234447211027,0.0004953654133714736
Retina,15,current_shared,ungood/img/8_86.png,1,0.49088603258132935,0.025103354826569557,0.0065133702009916306
Retina,15,current_shared,ungood/img/8_87.png,1,0.47370198369026184,3.5082121030427516e-05,1.5084555343491957e-05
Retina,15,current_shared,ungood/img/8_88.png,1,0.45261213183403015,0.0050799790769815445,0.0011695639695972204
Retina,15,current_shared,ungood/img/8_89.png,1,0.47643962502479553,0.0003211768053006381,0.00012993761629331857
Retina,15,current_shared,ungood/img/8_90.png,1,0.4897734224796295,0.0034895138815045357,0.0007884154329076409
Retina,15,current_shared,ungood/img/8_91.png,1,0.4905151128768921,3.7041168980067596e-05,1.4605730939365458e-05
Retina,15,current_shared,ungood/img/8_93.png,1,0.43870681524276733,2.0244444840500364e-06,1.2130561799494899e-06
Retina,15,current_shared,ungood/img/8_94.png,1,0.5006825923919678,7.322837336687371e-05,2.1017260223743506e-05
Retina,15,current_shared,ungood/img/8_95.png,1,0.4321146607398987,8.697832640791603e-07,5.864106356057164e-07
Retina,15,current_shared,ungood/img/8_96.png,1,0.4181962311267853,9.875052455754485e-07,5.434215495370154e-07
Retina,15,current_shared,ungood/img/8_97.png,1,0.4122769236564636,1.567734955187916e-07,1.059912477785474e-07
Retina,15,current_shared,ungood/img/8_98.png,1,0.4561060965061188,7.324562147914548e-07,4.0524486166759743e-07
Retina,15,current_shared,ungood/img/8_99.png,1,0.4020325839519501,9.708615067438586e-08,6.513200645485995e-08
Retina,15,current_shared,ungood/img/9_29.png,1,0.43543562293052673,3.496011657944109e-08,2.678624255736395e-08
Retina,15,current_shared,ungood/img/9_30.png,1,0.41634178161621094,3.314866603432165e-08,2.6980215395155938e-08
Retina,15,current_shared,ungood/img/9_31.png,1,0.42791181802749634,4.8798256102600135e-08,3.769836354194922e-08
Retina,15,current_shared,ungood/img/9_32.png,1,0.4582493305206299,1.0445467779618411e-07,7.385968103790219e-08
Retina,15,current_shared,ungood/img/9_33.png,1,0.43139782547950745,3.606044884918447e-08,2.7722999007551152e-08
Retina,15,current_shared,ungood/img/9_34.png,1,0.3751337230205536,3.2040301078950506e-08,2.6688207199754288e-08
Retina,15,current_shared,ungood/img/9_35.png,1,0.4461817443370819,6.875175273535206e-08,5.074812392535932e-08
Retina,15,current_shared,ungood/img/9_36.png,1,0.44845888018608093,1.2054954368068138e-07,8.224020575653412e-08
Retina,15,current_shared,ungood/img/9_37.png,1,0.4387732148170471,8.744044066588685e-08,6.175969247124158e-08
Retina,15,current_shared,ungood/img/9_38.png,1,0.6282383799552917,1.6891613086045254e-07,1.1334896754533474e-07
Retina,15,current_shared,ungood/img/9_39.png,1,0.43411195278167725,3.4053977060466423e-07,2.0623274110675993e-07
Retina,15,current_shared,ungood/img/9_41.png,1,0.456743061542511,5.654674950505978e-08,4.8517744488663084e-08
Retina,15,current_shared,ungood/img/9_42.png,1,0.4760679602622986,5.569344097011708e-08,4.580895662797957e-08
Retina,15,current_shared,ungood/img/9_43.png,1,0.42931094765663147,5.97652629608092e-08,4.585865198691863e-08
Retina,15,current_shared,ungood/img/9_44.png,1,0.43750491738319397,8.900566683678335e-08,7.185762029848775e-08
Retina,15,current_shared,ungood/img/9_45.png,1,0.4534856379032135,4.3909068381253746e-07,3.3824065326371056e-07
Retina,15,current_shared,ungood/img/9_46.png,1,0.4696539640426636,4.333533524913946e-06,2.2923932192497887e-06
Retina,15,current_shared,ungood/img/9_47.png,1,0.4414343237876892,1.3843883550634928e-07,1.1180382131215083e-07
Retina,15,current_shared,ungood/img/9_48.png,1,0.45953670144081116,2.911082674472709e-06,1.8106572952092392e-06
Retina,15,current_shared,ungood/img/9_49.png,1,0.4098643660545349,2.808897647810227e-07,1.6320451834417327e-07
Retina,15,current_shared,ungood/img/9_50.png,1,0.4480530023574829,8.278836105546361e-08,7.124354084453444e-08
Retina,15,current_shared,ungood/img/9_51.png,1,0.43748944997787476,4.799578050551645e-07,3.435504538629175e-07
Retina,15,current_shared,ungood/img/9_53.png,1,0.45580610632896423,1.6885620368611853e-07,1.2324331066793093e-07
Retina,15,current_shared,ungood/img/9_54.png,1,0.4634578824043274,3.8046806594138616e-07,2.965221028716769e-07
Retina,15,current_shared,ungood/img/9_55.png,1,0.4790824353694916,1.21537623272161e-05,4.567928954202216e-06
Retina,15,current_shared,ungood/img/9_56.png,1,0.4841057062149048,6.297032996371854e-06,3.648678330137045e-06
Retina,15,current_shared,ungood/img/9_57.png,1,0.4649088382720947,1.2612601949513191e-06,9.110120231525798e-07
Retina,15,current_shared,ungood/img/9_58.png,1,0.47113844752311707,0.001434226636774838,0.0003806545282714069
Retina,15,current_shared,ungood/img/9_59.png,1,0.47465959191322327,9.458689419261646e-06,5.312906523613492e-06
Retina,15,current_shared,ungood/img/9_60.png,1,0.4656752645969391,2.7722810500563355e-06,1.2580650263771531e-06
Retina,15,current_shared,ungood/img/9_61.png,1,0.47602105140686035,3.4201259495603153e-06,2.0220415990479523e-06
Retina,15,current_shared,ungood/img/9_62.png,1,0.44963622093200684,7.8909619105616e-07,4.493922176607157e-07
Retina,15,current_shared,ungood/img/9_63.png,1,0.5520660877227783,0.0008343345834873617,0.0003050198720302433
Retina,15,current_shared,ungood/img/9_65.png,1,0.4678552448749542,7.182107219705358e-05,3.251016460126266e-05
Retina,15,current_shared,ungood/img/9_66.png,1,0.46626392006874084,0.00023709348170086741,0.00013022852363064885
Retina,15,current_shared,ungood/img/9_67.png,1,0.5037674307823181,2.2766080292058177e-05,1.2783341844624374e-05
Retina,15,current_shared,ungood/img/9_68.png,1,0.48512646555900574,0.0007508876733481884,0.00027092936215922236
Retina,15,current_shared,ungood/img/9_69.png,1,0.48006197810173035,5.523833806364564e-06,4.317626007832587e-06
Retina,15,current_shared,ungood/img/9_70.png,1,0.47660771012306213,1.1318690667394549e-05,6.280225989030441e-06
Retina,15,current_shared,ungood/img/9_71.png,1,0.47553011775016785,3.2559280953137204e-05,2.7175881768926047e-05
Retina,15,current_shared,ungood/img/9_72.png,1,0.478447824716568,4.078447545907693e-06,2.512172159185866e-06
Retina,15,current_shared,ungood/img/9_73.png,1,0.48666849732398987,4.442996214493178e-05,2.6966648874804378e-05
Retina,15,current_shared,ungood/img/9_74.png,1,0.506226658821106,8.658497972646728e-05,5.9242596762487665e-05
Retina,15,current_shared,ungood/img/9_75.png,1,0.49231088161468506,0.004462414886802435,0.002915422897785902
Retina,15,current_shared,ungood/img/9_77.png,1,0.4808156192302704,0.00032277024001814425,0.0001605861762072891
Retina,15,current_shared,ungood/img/9_78.png,1,0.4654657542705536,2.117743315466214e-05,1.5027711924631149e-05
Retina,15,current_shared,ungood/img/9_79.png,1,0.4558265209197998,8.624357178632636e-06,5.296159997669747e-06
Retina,15,current_shared,ungood/img/9_80.png,1,0.47776415944099426,3.7800829886691645e-05,1.668873846938368e-05
Retina,15,current_shared,ungood/img/9_81.png,1,0.5655041933059692,0.42349377274513245,0.16123045980930328
Retina,15,current_shared,ungood/img/9_82.png,1,0.47356319427490234,1.3518483683583327e-05,9.355665497423615e-06
Retina,15,current_shared,ungood/img/9_83.png,1,0.4910929799079895,7.64189608162269e-05,6.1008868215139955e-05
Retina,15,current_shared,ungood/img/9_84.png,1,0.4861973226070404,1.314033488597488e-05,7.5762341111840215e-06
Retina,15,current_shared,ungood/img/9_85.png,1,0.48370710015296936,3.2796815503388643e-06,2.2516940134664765e-06
Retina,15,current_shared,ungood/img/9_86.png,1,0.45249369740486145,7.587451818835689e-06,4.490786068345187e-06
Retina,15,current_shared,ungood/img/9_87.png,1,0.4639655649662018,6.892138117109425e-06,3.7194188280409435e-06
Retina,15,current_shared,ungood/img/9_89.png,1,0.45760563015937805,1.1087581697211135e-06,7.702386710661813e-07
Retina,15,current_shared,ungood/img/9_90.png,1,0.4571501910686493,7.176408303166681e-07,3.9285998809646117e-07
Retina,15,current_shared,ungood/img/9_91.png,1,0.4300619959831238,1.1828412027625745e-07,9.769289732730613e-08
Retina,15,current_shared,ungood/img/9_92.png,1,0.4259304106235504,1.3385871966420382e-07,1.0006365158687913e-07
Retina,15,current_shared,ungood/img/9_93.png,1,0.4454168975353241,1.235814806932467e-06,6.302003612290719e-07
Retina,15,current_shared,ungood/img/9_94.png,1,0.3908677101135254,5.8670487135259464e-08,4.394451735834082e-08
Retina,15,current_shared,ungood/img/9_95.png,1,0.4192875027656555,9.637149105401477e-07,4.983406824976555e-07
Retina,15,current_shared,ungood/img/9_96.png,1,0.4200004041194916,6.122761675442234e-08,4.602801340070073e-08
Retina,15,current_shared,ungood/img/9_97.png,1,0.39054468274116516,5.614781173335359e-08,4.578377854613791e-08
Retina,15,current_shared,ungood/img/9_98.png,1,0.39148932695388794,7.47077919527328e-08,5.00340320286341e-08
Retina,15,current_shared,ungood/img/9_99.png,1,0.39226508140563965,4.611428039424936e-08,3.521200397926805e-08
Colon_clinicDB,15,current_shared,images/1.png,1,0.7779762744903564,0.9446699619293213,0.8937404155731201
Colon_clinicDB,15,current_shared,images/10.png,1,0.7907450795173645,0.7326242327690125,0.4121439456939697
Colon_clinicDB,15,current_shared,images/100.png,1,0.7906277775764465,0.3805463910102844,0.2818019688129425
Colon_clinicDB,15,current_shared,images/101.png,1,0.7911209464073181,0.8602243065834045,0.7879562377929688
Colon_clinicDB,15,current_shared,images/102.png,1,0.7909893989562988,0.6339463591575623,0.43852514028549194
Colon_clinicDB,15,current_shared,images/103.png,1,0.7964175343513489,0.6979994177818298,0.6049553751945496
Colon_clinicDB,15,current_shared,images/104.png,1,0.7862735390663147,0.9899483919143677,0.9800567030906677
Colon_clinicDB,15,current_shared,images/105.png,1,0.7874483466148376,0.9082441926002502,0.8103305101394653
Colon_clinicDB,15,current_shared,images/106.png,1,0.7934180498123169,0.8597263693809509,0.7779693603515625
Colon_clinicDB,15,current_shared,images/107.png,1,0.7948512434959412,0.9234074354171753,0.8012904524803162
Colon_clinicDB,15,current_shared,images/108.png,1,0.8006081581115723,0.9714285731315613,0.9291648268699646
Colon_clinicDB,15,current_shared,images/109.png,1,0.8003634810447693,0.9623192548751831,0.9282487034797668
Colon_clinicDB,15,current_shared,images/11.png,1,0.7720348238945007,0.2636456787586212,0.19439230859279633
Colon_clinicDB,15,current_shared,images/110.png,1,0.8014945387840271,0.9245937466621399,0.897624671459198
Colon_clinicDB,15,current_shared,images/111.png,1,0.7971327900886536,0.9058111310005188,0.8569086790084839
Colon_clinicDB,15,current_shared,images/112.png,1,0.7924155592918396,0.7705448865890503,0.6638334393501282
Colon_clinicDB,15,current_shared,images/113.png,1,0.7951774001121521,0.8942846059799194,0.8540512323379517
Colon_clinicDB,15,current_shared,images/114.png,1,0.8018209338188171,0.8486659526824951,0.7491101026535034
Colon_clinicDB,15,current_shared,images/115.png,1,0.7251759767532349,0.3536989688873291,0.18933667242527008
Colon_clinicDB,15,current_shared,images/116.png,1,0.7514358758926392,0.12381377816200256,0.07226882129907608
Colon_clinicDB,15,current_shared,images/117.png,1,0.7438797354698181,0.46849921345710754,0.33000919222831726
Colon_clinicDB,15,current_shared,images/118.png,1,0.5945619940757751,0.13159705698490143,0.05609722062945366
Colon_clinicDB,15,current_shared,images/119.png,1,0.7227380871772766,0.625576376914978,0.441058874130249
Colon_clinicDB,15,current_shared,images/12.png,1,0.7527847290039062,0.94569993019104,0.8977700471878052
Colon_clinicDB,15,current_shared,images/120.png,1,0.763511598110199,0.8071807026863098,0.6687449812889099
Colon_clinicDB,15,current_shared,images/121.png,1,0.7604245543479919,0.418049156665802,0.2856045663356781
Colon_clinicDB,15,current_shared,images/122.png,1,0.7546939253807068,0.81927889585495,0.7288868427276611
Colon_clinicDB,15,current_shared,images/123.png,1,0.7570943236351013,0.8579602837562561,0.7445255517959595
Colon_clinicDB,15,current_shared,images/124.png,1,0.7702368497848511,0.9098549485206604,0.8599042296409607
Colon_clinicDB,15,current_shared,images/125.png,1,0.7920681238174438,0.7143110632896423,0.5399236083030701
Colon_clinicDB,15,current_shared,images/126.png,1,0.7866068482398987,0.8016793727874756,0.6194896697998047
Colon_clinicDB,15,current_shared,images/127.png,1,0.7639133334159851,0.8070446848869324,0.6503528356552124
Colon_clinicDB,15,current_shared,images/128.png,1,0.7761855125427246,0.05935635417699814,0.03477276861667633
Colon_clinicDB,15,current_shared,images/129.png,1,0.7801350951194763,0.003380613401532173,0.0012482875026762486
Colon_clinicDB,15,current_shared,images/13.png,1,0.6537259817123413,0.36740878224372864,0.2574276626110077
Colon_clinicDB,15,current_shared,images/130.png,1,0.7960033416748047,0.13067582249641418,0.045000262558460236
Colon_clinicDB,15,current_shared,images/131.png,1,0.8025434017181396,0.5101761817932129,0.2070723921060562
Colon_clinicDB,15,current_shared,images/132.png,1,0.7779532670974731,0.11797604709863663,0.05325978994369507
Colon_clinicDB,15,current_shared,images/133.png,1,0.7706111669540405,0.01430648472160101,0.0040533337742090225
Colon_clinicDB,15,current_shared,images/134.png,1,0.7913110852241516,0.10754840075969696,0.04916694015264511
Colon_clinicDB,15,current_shared,images/135.png,1,0.7532318234443665,0.1568433940410614,0.025344643741846085
Colon_clinicDB,15,current_shared,images/136.png,1,0.7636585235595703,0.05848482623696327,0.02121196687221527
Colon_clinicDB,15,current_shared,images/137.png,1,0.7576836347579956,0.7303034067153931,0.5355834364891052
Colon_clinicDB,15,current_shared,images/138.png,1,0.788144588470459,0.004556336440145969,0.0018683794187381864
Colon_clinicDB,15,current_shared,images/139.png,1,0.7904585599899292,0.002935042604804039,0.0011939562391489744
Colon_clinicDB,15,current_shared,images/14.png,1,0.7752853631973267,0.9130997061729431,0.8348537087440491
Colon_clinicDB,15,current_shared,images/140.png,1,0.7856733798980713,0.045555438846349716,0.015095056034624577
Colon_clinicDB,15,current_shared,images/141.png,1,0.8001695871353149,0.3024657070636749,0.13874781131744385
Colon_clinicDB,15,current_shared,images/142.png,1,0.800993800163269,0.4382236897945404,0.2942805290222168
Colon_clinicDB,15,current_shared,images/143.png,1,0.7639127373695374,0.3800813853740692,0.24507509171962738
Colon_clinicDB,15,current_shared,images/144.png,1,0.7729997038841248,0.003380812704563141,0.001007784390822053
Colon_clinicDB,15,current_shared,images/145.png,1,0.806205689907074,0.22054898738861084,0.12098939716815948
Colon_clinicDB,15,current_shared,images/146.png,1,0.8071046471595764,0.4494478702545166,0.2333846092224121
Colon_clinicDB,15,current_shared,images/147.png,1,0.7926308512687683,0.5669952630996704,0.3169329762458801
Colon_clinicDB,15,current_shared,images/148.png,1,0.7866408824920654,0.09128380566835403,0.04525086656212807
Colon_clinicDB,15,current_shared,images/149.png,1,0.7894470691680908,0.201254740357399,0.1338024139404297
Colon_clinicDB,15,current_shared,images/15.png,1,0.7813013792037964,0.8213465809822083,0.6289522051811218
Colon_clinicDB,15,current_shared,images/150.png,1,0.7863657474517822,0.10684991627931595,0.06071624159812927
Colon_clinicDB,15,current_shared,images/151.png,1,0.7598395943641663,0.03077944554388523,0.022159386426210403
Colon_clinicDB,15,current_shared,images/152.png,1,0.3171144723892212,2.13906105273054e-06,1.3445558124658419e-06
Colon_clinicDB,15,current_shared,images/153.png,1,0.680338978767395,0.21327662467956543,0.049997299909591675
Colon_clinicDB,15,current_shared,images/154.png,1,0.719622015953064,0.9847161769866943,0.968625009059906
Colon_clinicDB,15,current_shared,images/155.png,1,0.7837923169136047,0.9642949104309082,0.9375236630439758
Colon_clinicDB,15,current_shared,images/156.png,1,0.7917909622192383,0.9471426010131836,0.8899551033973694
Colon_clinicDB,15,current_shared,images/157.png,1,0.784756600856781,0.9850515127182007,0.9623805284500122
Colon_clinicDB,15,current_shared,images/158.png,1,0.785240888595581,0.9779502749443054,0.956699788570404
Colon_clinicDB,15,current_shared,images/159.png,1,0.7935571670532227,0.7458435893058777,0.5811300277709961
Colon_clinicDB,15,current_shared,images/16.png,1,0.7773150205612183,0.9751129150390625,0.9315683841705322
Colon_clinicDB,15,current_shared,images/160.png,1,0.788456380367279,0.5854130387306213,0.4899430274963379
Colon_clinicDB,15,current_shared,images/161.png,1,0.7874873876571655,0.9615766406059265,0.9221509695053101
Colon_clinicDB,15,current_shared,images/162.png,1,0.7916966080665588,0.9511640667915344,0.9103574752807617
Colon_clinicDB,15,current_shared,images/163.png,1,0.7881815433502197,0.9829267859458923,0.9714305400848389
Colon_clinicDB,15,current_shared,images/164.png,1,0.786655068397522,0.6089736819267273,0.4160112738609314
Colon_clinicDB,15,current_shared,images/165.png,1,0.7720232009887695,0.8684202432632446,0.7977211475372314
Colon_clinicDB,15,current_shared,images/166.png,1,0.7756422162055969,0.9613164663314819,0.9236345887184143
Colon_clinicDB,15,current_shared,images/167.png,1,0.7796502709388733,0.789712131023407,0.6511992812156677
Colon_clinicDB,15,current_shared,images/168.png,1,0.7775929570198059,0.4358654022216797,0.3308405578136444
Colon_clinicDB,15,current_shared,images/169.png,1,0.789891242980957,0.8292936682701111,0.7392167448997498
Colon_clinicDB,15,current_shared,images/17.png,1,0.7638429403305054,0.9746579527854919,0.9579828977584839
Colon_clinicDB,15,current_shared,images/170.png,1,0.7905876636505127,0.9339343905448914,0.8752685189247131
Colon_clinicDB,15,current_shared,images/171.png,1,0.7891401052474976,0.9296208024024963,0.8709774017333984
Colon_clinicDB,15,current_shared,images/172.png,1,0.7942590713500977,0.7903053760528564,0.5821177363395691
Colon_clinicDB,15,current_shared,images/173.png,1,0.7038418054580688,0.7254350781440735,0.5046488642692566
Colon_clinicDB,15,current_shared,images/174.png,1,0.777079701423645,0.7578241229057312,0.649026095867157
Colon_clinicDB,15,current_shared,images/175.png,1,0.738618016242981,0.840708315372467,0.7980642318725586
Colon_clinicDB,15,current_shared,images/176.png,1,0.7699961066246033,0.7788191437721252,0.6561059355735779
Colon_clinicDB,15,current_shared,images/177.png,1,0.7744329571723938,0.8773607015609741,0.7792142033576965
Colon_clinicDB,15,current_shared,images/178.png,1,0.7797732353210449,0.0004626426089089364,0.00023177928233053535
Colon_clinicDB,15,current_shared,images/179.png,1,0.7518920302391052,0.22806015610694885,0.06913609802722931
Colon_clinicDB,15,current_shared,images/18.png,1,0.7843394875526428,0.9902308583259583,0.9856806397438049
Colon_clinicDB,15,current_shared,images/180.png,1,0.7504819631576538,0.02449875697493553,0.0165973212569952
Colon_clinicDB,15,current_shared,images/181.png,1,0.7627962231636047,0.09347112476825714,0.04286973178386688
Colon_clinicDB,15,current_shared,images/182.png,1,0.7561677098274231,0.14692293107509613,0.07669507712125778
Colon_clinicDB,15,current_shared,images/183.png,1,0.7662599682807922,0.016495514661073685,0.00919663067907095
Colon_clinicDB,15,current_shared,images/184.png,1,0.7809236645698547,0.42959198355674744,0.21490375697612762
Colon_clinicDB,15,current_shared,images/185.png,1,0.7732329368591309,0.8244410157203674,0.36004361510276794
Colon_clinicDB,15,current_shared,images/186.png,1,0.7738935947418213,0.1164669468998909,0.027890315279364586
Colon_clinicDB,15,current_shared,images/187.png,1,0.7550377249717712,0.011315402574837208,0.005245852749794722
Colon_clinicDB,15,current_shared,images/188.png,1,0.7700340151786804,0.21476756036281586,0.05008941888809204
Colon_clinicDB,15,current_shared,images/189.png,1,0.7708841562271118,0.2011939138174057,0.10919544100761414
Colon_clinicDB,15,current_shared,images/19.png,1,0.755884051322937,0.8764777183532715,0.6945319175720215
Colon_clinicDB,15,current_shared,images/190.png,1,0.7232115268707275,0.05121590942144394,0.024810219183564186
Colon_clinicDB,15,current_shared,images/191.png,1,0.7163786888122559,0.006523216608911753,0.001878662034869194
Colon_clinicDB,15,current_shared,images/192.png,1,0.7049214839935303,0.00664989510551095,0.0013253552606329322
Colon_clinicDB,15,current_shared,images/193.png,1,0.7588093280792236,0.038802068680524826,0.02106846310198307
Colon_clinicDB,15,current_shared,images/194.png,1,0.7582293152809143,0.029223313555121422,0.013448212295770645
Colon_clinicDB,15,current_shared,images/195.png,1,0.7707043886184692,0.014785505831241608,0.007306907791644335
Colon_clinicDB,15,current_shared,images/196.png,1,0.7723966836929321,0.034711260348558426,0.016139574348926544
Colon_clinicDB,15,current_shared,images/197.png,1,0.7742519378662109,0.3634161949157715,0.0990888923406601
Colon_clinicDB,15,current_shared,images/198.png,1,0.7568859457969666,0.07012356072664261,0.019860761240124702
Colon_clinicDB,15,current_shared,images/199.png,1,0.7575426697731018,0.08148791640996933,0.02303353138267994
Colon_clinicDB,15,current_shared,images/2.png,1,0.704025387763977,0.9607517719268799,0.8914576768875122
Colon_clinicDB,15,current_shared,images/20.png,1,0.7773324251174927,0.8187442421913147,0.5564547777175903
Colon_clinicDB,15,current_shared,images/200.png,1,0.7765735387802124,0.8395480513572693,0.6892954111099243
Colon_clinicDB,15,current_shared,images/201.png,1,0.7801269888877869,0.9877573251724243,0.9202607870101929
Colon_clinicDB,15,current_shared,images/202.png,1,0.782085120677948,0.9519268870353699,0.8249781131744385
Colon_clinicDB,15,current_shared,images/203.png,1,0.7628082036972046,0.08990159630775452,0.02508632466197014
Colon_clinicDB,15,current_shared,images/204.png,1,0.785522997379303,0.048331573605537415,0.030579540878534317
Colon_clinicDB,15,current_shared,images/205.png,1,0.7863976359367371,0.08670457452535629,0.01197476964443922
Colon_clinicDB,15,current_shared,images/206.png,1,0.7800825834274292,0.9892388582229614,0.9800650477409363
Colon_clinicDB,15,current_shared,images/207.png,1,0.7824671864509583,0.9599820375442505,0.9184331297874451
Colon_clinicDB,15,current_shared,images/208.png,1,0.7733346819877625,0.08461865782737732,0.03562664985656738
Colon_clinicDB,15,current_shared,images/209.png,1,0.7820024490356445,0.8853254914283752,0.7838360667228699
Colon_clinicDB,15,current_shared,images/21.png,1,0.7864027619361877,0.9125282764434814,0.7494064569473267
Colon_clinicDB,15,current_shared,images/210.png,1,0.7875680923461914,0.9178314805030823,0.7533025741577148
Colon_clinicDB,15,current_shared,images/211.png,1,0.7861068844795227,0.880857527256012,0.6340117454528809
Colon_clinicDB,15,current_shared,images/212.png,1,0.786873459815979,0.8582303524017334,0.785467267036438
Colon_clinicDB,15,current_shared,images/213.png,1,0.7870273590087891,0.4514613449573517,0.29961472749710083
Colon_clinicDB,15,current_shared,images/214.png,1,0.7895885705947876,0.8501887321472168,0.736616849899292
Colon_clinicDB,15,current_shared,images/215.png,1,0.7756614089012146,0.8626664876937866,0.7741191983222961
Colon_clinicDB,15,current_shared,images/216.png,1,0.7776734232902527,0.8198046088218689,0.7495192885398865
Colon_clinicDB,15,current_shared,images/217.png,1,0.7717919945716858,0.7965843081474304,0.6459293961524963
Colon_clinicDB,15,current_shared,images/218.png,1,0.7780956029891968,0.7151110768318176,0.6367349028587341
Colon_clinicDB,15,current_shared,images/219.png,1,0.7767606973648071,0.07259239256381989,0.04873989149928093
Colon_clinicDB,15,current_shared,images/22.png,1,0.7772748470306396,0.9174402952194214,0.8649177551269531
Colon_clinicDB,15,current_shared,images/220.png,1,0.7693207859992981,0.06645126640796661,0.031383708119392395
Colon_clinicDB,15,current_shared,images/221.png,1,0.7645478844642639,0.20329488813877106,0.12660346925258636
Colon_clinicDB,15,current_shared,images/222.png,1,0.773191511631012,0.06998918950557709,0.0428534597158432
Colon_clinicDB,15,current_shared,images/223.png,1,0.7746018171310425,0.5003237128257751,0.30351579189300537
Colon_clinicDB,15,current_shared,images/224.png,1,0.7713653445243835,0.5919902920722961,0.34365665912628174
Colon_clinicDB,15,current_shared,images/225.png,1,0.7717040777206421,0.674615204334259,0.3854833245277405
Colon_clinicDB,15,current_shared,images/226.png,1,0.7488986253738403,0.8574808835983276,0.6890286803245544
Colon_clinicDB,15,current_shared,images/227.png,1,0.7507483959197998,0.46958431601524353,0.244953915476799
Colon_clinicDB,15,current_shared,images/228.png,1,0.7959079742431641,0.5150757431983948,0.21741855144500732
Colon_clinicDB,15,current_shared,images/229.png,1,0.7978956699371338,0.05606214329600334,0.030992232263088226
Colon_clinicDB,15,current_shared,images/23.png,1,0.7837926745414734,0.8453805446624756,0.8007053732872009
Colon_clinicDB,15,current_shared,images/230.png,1,0.7836540937423706,0.028794413432478905,0.0078653609380126
Colon_clinicDB,15,current_shared,images/231.png,1,0.7722766399383545,0.03873111680150032,0.018951691687107086
Colon_clinicDB,15,current_shared,images/232.png,1,0.7847954630851746,0.46050766110420227,0.2201477438211441
Colon_clinicDB,15,current_shared,images/233.png,1,0.7705235481262207,0.011794148944318295,0.0055591934360563755
Colon_clinicDB,15,current_shared,images/234.png,1,0.7815257906913757,0.022399697452783585,0.006917347200214863
Colon_clinicDB,15,current_shared,images/235.png,1,0.7585327625274658,0.09071867167949677,0.02537263184785843
Colon_clinicDB,15,current_shared,images/236.png,1,0.7764358520507812,0.8821094036102295,0.5063311457633972
Colon_clinicDB,15,current_shared,images/237.png,1,0.7778341174125671,0.3518487513065338,0.165427565574646
Colon_clinicDB,15,current_shared,images/238.png,1,0.769791841506958,0.004407260566949844,0.002084209118038416
Colon_clinicDB,15,current_shared,images/239.png,1,0.7770810127258301,0.03296806663274765,0.007289757952094078
Colon_clinicDB,15,current_shared,images/24.png,1,0.6862311363220215,0.956723153591156,0.9232776165008545
Colon_clinicDB,15,current_shared,images/240.png,1,0.7873548865318298,0.04150725528597832,0.00963197648525238
Colon_clinicDB,15,current_shared,images/241.png,1,0.7919667363166809,0.00883623119443655,0.002040024846792221
Colon_clinicDB,15,current_shared,images/242.png,1,0.7805364727973938,0.0136123551055789,0.0036125737242400646
Colon_clinicDB,15,current_shared,images/243.png,1,0.7680158019065857,0.0020595393143594265,0.0008053377969190478
Colon_clinicDB,15,current_shared,images/244.png,1,0.7891788482666016,0.020666373893618584,0.005843814462423325
Colon_clinicDB,15,current_shared,images/245.png,1,0.7878376245498657,0.10145902633666992,0.022759968414902687
Colon_clinicDB,15,current_shared,images/246.png,1,0.7435975670814514,0.13896408677101135,0.05948257073760033
Colon_clinicDB,15,current_shared,images/247.png,1,0.7426946759223938,0.0013097971677780151,0.00021114780975040048
Colon_clinicDB,15,current_shared,images/248.png,1,0.7601343393325806,0.00018950934463646263,8.505408186465502e-05
Colon_clinicDB,15,current_shared,images/249.png,1,0.7808468341827393,0.40667563676834106,0.12740617990493774
Colon_clinicDB,15,current_shared,images/25.png,1,0.7811465859413147,0.821382462978363,0.684281587600708
Colon_clinicDB,15,current_shared,images/250.png,1,0.7709829211235046,0.0009096685680560768,0.0005712242564186454
Colon_clinicDB,15,current_shared,images/251.png,1,0.7786190509796143,0.010256726294755936,0.004288982134312391
Colon_clinicDB,15,current_shared,images/252.png,1,0.7952083945274353,0.0030153191182762384,0.0008773051667958498
Colon_clinicDB,15,current_shared,images/253.png,1,0.792367696762085,0.9978129863739014,0.9934972524642944
Colon_clinicDB,15,current_shared,images/254.png,1,0.788120448589325,0.8092949986457825,0.6870931386947632
Colon_clinicDB,15,current_shared,images/255.png,1,0.7836800813674927,0.8826714754104614,0.7953563332557678
Colon_clinicDB,15,current_shared,images/256.png,1,0.7931298613548279,0.5175346732139587,0.34323829412460327
Colon_clinicDB,15,current_shared,images/257.png,1,0.7973434329032898,0.9856657385826111,0.9725308418273926
Colon_clinicDB,15,current_shared,images/258.png,1,0.7947303652763367,0.9952545166015625,0.9914649128913879
Colon_clinicDB,15,current_shared,images/259.png,1,0.7922508716583252,0.9944630265235901,0.9867655634880066
Colon_clinicDB,15,current_shared,images/26.png,1,0.7857902646064758,0.1111752912402153,0.05203739553689957
Colon_clinicDB,15,current_shared,images/260.png,1,0.7873890995979309,0.9919347763061523,0.9834255576133728
Colon_clinicDB,15,current_shared,images/261.png,1,0.7885945439338684,0.9935265779495239,0.9868823885917664
Colon_clinicDB,15,current_shared,images/262.png,1,0.7808361053466797,0.998012900352478,0.9965431094169617
Colon_clinicDB,15,current_shared,images/263.png,1,0.7766539454460144,0.11099813133478165,0.07163921743631363
Colon_clinicDB,15,current_shared,images/264.png,1,0.7926516532897949,0.9859095215797424,0.9590010046958923
Colon_clinicDB,15,current_shared,images/265.png,1,0.7991034984588623,0.9921781420707703,0.9859371781349182
Colon_clinicDB,15,current_shared,images/266.png,1,0.7970551252365112,0.9931814074516296,0.9840878248214722
Colon_clinicDB,15,current_shared,images/267.png,1,0.7866470813751221,0.9859181642532349,0.966099202632904
Colon_clinicDB,15,current_shared,images/268.png,1,0.7879924178123474,0.9637159705162048,0.9196742177009583
Colon_clinicDB,15,current_shared,images/269.png,1,0.789838969707489,0.3806760013103485,0.18009576201438904
Colon_clinicDB,15,current_shared,images/27.png,1,0.7828118801116943,0.326127290725708,0.09420474618673325
Colon_clinicDB,15,current_shared,images/270.png,1,0.7390815615653992,0.9395498037338257,0.9034984111785889
Colon_clinicDB,15,current_shared,images/271.png,1,0.7873900532722473,0.40236684679985046,0.1902400106191635
Colon_clinicDB,15,current_shared,images/272.png,1,0.7904683351516724,0.9151535630226135,0.83842933177948
Colon_clinicDB,15,current_shared,images/273.png,1,0.7737520933151245,0.9834255576133728,0.9781659841537476
Colon_clinicDB,15,current_shared,images/274.png,1,0.79336017370224,0.9868242144584656,0.9826319813728333
Colon_clinicDB,15,current_shared,images/275.png,1,0.7923528552055359,0.9961287975311279,0.9917746186256409
Colon_clinicDB,15,current_shared,images/276.png,1,0.7972202301025391,0.9909220337867737,0.9818248152732849
Colon_clinicDB,15,current_shared,images/277.png,1,0.8007050156593323,0.996539831161499,0.9917632341384888
Colon_clinicDB,15,current_shared,images/278.png,1,0.7971259951591492,0.7313961386680603,0.23136958479881287
Colon_clinicDB,15,current_shared,images/279.png,1,0.7716407179832458,0.2335209846496582,0.13010241091251373
Colon_clinicDB,15,current_shared,images/28.png,1,0.7808707356452942,0.06880863010883331,0.02326863445341587
Colon_clinicDB,15,current_shared,images/280.png,1,0.7918598055839539,0.017257586121559143,0.00809171237051487
Colon_clinicDB,15,current_shared,images/281.png,1,0.7763468623161316,0.24252426624298096,0.11250796169042587
Colon_clinicDB,15,current_shared,images/282.png,1,0.7917647957801819,0.016320696100592613,0.003426923882216215
Colon_clinicDB,15,current_shared,images/283.png,1,0.7796164155006409,0.5623074173927307,0.26320570707321167
Colon_clinicDB,15,current_shared,images/284.png,1,0.7956782579421997,0.6884554624557495,0.46656861901283264
Colon_clinicDB,15,current_shared,images/285.png,1,0.7879508137702942,0.7183295488357544,0.5544910430908203
Colon_clinicDB,15,current_shared,images/286.png,1,0.7509145140647888,0.26912763714790344,0.19454701244831085
Colon_clinicDB,15,current_shared,images/287.png,1,0.7802440524101257,0.024497663602232933,0.013689160346984863
Colon_clinicDB,15,current_shared,images/288.png,1,0.776297926902771,0.28052398562431335,0.09687293320894241
Colon_clinicDB,15,current_shared,images/289.png,1,0.7808695435523987,0.038049694150686264,0.007481962908059359
Colon_clinicDB,15,current_shared,images/29.png,1,0.7716230154037476,0.06898373365402222,0.03779950365424156
Colon_clinicDB,15,current_shared,images/290.png,1,0.7843847870826721,0.004071326926350594,0.0011468010488897562
Colon_clinicDB,15,current_shared,images/291.png,1,0.7975677847862244,0.6945685148239136,0.35850197076797485
Colon_clinicDB,15,current_shared,images/292.png,1,0.7922282814979553,0.4181448221206665,0.2339017242193222
Colon_clinicDB,15,current_shared,images/293.png,1,0.7793763875961304,0.020489465445280075,0.009053792804479599
Colon_clinicDB,15,current_shared,images/294.png,1,0.788966715335846,0.008015845902264118,0.005585903767496347
Colon_clinicDB,15,current_shared,images/295.png,1,0.7804940342903137,0.056396886706352234,0.026321643963456154
Colon_clinicDB,15,current_shared,images/296.png,1,0.791100025177002,0.034596577286720276,0.015422734431922436
Colon_clinicDB,15,current_shared,images/297.png,1,0.7725691795349121,0.2425398826599121,0.1396758109331131
Colon_clinicDB,15,current_shared,images/298.png,1,0.7871856093406677,0.8525794744491577,0.7499321103096008
Colon_clinicDB,15,current_shared,images/299.png,1,0.7956001162528992,0.7942517995834351,0.5214491486549377
Colon_clinicDB,15,current_shared,images/3.png,1,0.7393526434898376,0.9534241557121277,0.9104127883911133
Colon_clinicDB,15,current_shared,images/30.png,1,0.7674867510795593,0.08195830136537552,0.04302288219332695
Colon_clinicDB,15,current_shared,images/300.png,1,0.7808103561401367,0.10801534354686737,0.045526500791311264
Colon_clinicDB,15,current_shared,images/301.png,1,0.7892704010009766,0.7465754151344299,0.5612468123435974
Colon_clinicDB,15,current_shared,images/302.png,1,0.7763621807098389,0.21414434909820557,0.15137825906276703
Colon_clinicDB,15,current_shared,images/303.png,1,0.6435660719871521,0.025983121246099472,0.01265154592692852
Colon_clinicDB,15,current_shared,images/304.png,1,0.7930344939231873,0.7569332122802734,0.6566677689552307
Colon_clinicDB,15,current_shared,images/305.png,1,0.795785129070282,0.2900615334510803,0.16263090074062347
Colon_clinicDB,15,current_shared,images/306.png,1,0.7955705523490906,0.7002664804458618,0.46081769466400146
Colon_clinicDB,15,current_shared,images/307.png,1,0.7866240739822388,0.7480807900428772,0.45456796884536743
Colon_clinicDB,15,current_shared,images/308.png,1,0.7879883646965027,0.002308929106220603,0.0015888933558017015
Colon_clinicDB,15,current_shared,images/309.png,1,0.7841981649398804,0.1859419345855713,0.08004629611968994
Colon_clinicDB,15,current_shared,images/31.png,1,0.77687668800354,0.8009089231491089,0.6803106665611267
Colon_clinicDB,15,current_shared,images/310.png,1,0.7799510955810547,0.3226388394832611,0.19832877814769745
Colon_clinicDB,15,current_shared,images/311.png,1,0.7761847376823425,0.21704554557800293,0.09181828796863556
Colon_clinicDB,15,current_shared,images/312.png,1,0.7879317998886108,0.875154435634613,0.7135563492774963
Colon_clinicDB,15,current_shared,images/313.png,1,0.7739478349685669,0.9802072644233704,0.9190302491188049
Colon_clinicDB,15,current_shared,images/314.png,1,0.7961479425430298,0.8688836097717285,0.5688702464103699
Colon_clinicDB,15,current_shared,images/315.png,1,0.7558123469352722,0.7584422826766968,0.507504940032959
Colon_clinicDB,15,current_shared,images/316.png,1,0.7834548950195312,0.6234897375106812,0.4243367910385132
Colon_clinicDB,15,current_shared,images/317.png,1,0.7924728989601135,0.6802117228507996,0.5779862999916077
Colon_clinicDB,15,current_shared,images/318.png,1,0.7895475029945374,0.6865630149841309,0.4015921354293823
Colon_clinicDB,15,current_shared,images/319.png,1,0.7919339537620544,0.27546417713165283,0.1549493372440338
Colon_clinicDB,15,current_shared,images/32.png,1,0.7823240160942078,0.3391917645931244,0.24513685703277588
Colon_clinicDB,15,current_shared,images/320.png,1,0.786916971206665,0.9199367761611938,0.8465774655342102
Colon_clinicDB,15,current_shared,images/321.png,1,0.7827815413475037,0.020386695861816406,0.010661945678293705
Colon_clinicDB,15,current_shared,images/322.png,1,0.790257453918457,0.2276531159877777,0.04997703805565834
Colon_clinicDB,15,current_shared,images/323.png,1,0.7870293259620667,0.03574610874056816,0.01713096909224987
Colon_clinicDB,15,current_shared,images/324.png,1,0.7889401316642761,0.5887582302093506,0.4801311492919922
Colon_clinicDB,15,current_shared,images/325.png,1,0.7901504039764404,0.8438825607299805,0.73978590965271
Colon_clinicDB,15,current_shared,images/326.png,1,0.7846267223358154,0.9493576884269714,0.8270077109336853
Colon_clinicDB,15,current_shared,images/327.png,1,0.7910557389259338,0.8846307992935181,0.7682534456253052
Colon_clinicDB,15,current_shared,images/328.png,1,0.7760801911354065,0.7900749444961548,0.6190267205238342
Colon_clinicDB,15,current_shared,images/329.png,1,0.7572863101959229,0.24616974592208862,0.11620905250310898
Colon_clinicDB,15,current_shared,images/33.png,1,0.7673782706260681,0.6313516497612,0.568979799747467
Colon_clinicDB,15,current_shared,images/330.png,1,0.7722040414810181,0.9588867425918579,0.6678404808044434
Colon_clinicDB,15,current_shared,images/331.png,1,0.7678907513618469,0.6933756470680237,0.5702655911445618
Colon_clinicDB,15,current_shared,images/332.png,1,0.7794855237007141,0.779809832572937,0.5370375514030457
Colon_clinicDB,15,current_shared,images/333.png,1,0.7588559985160828,0.7508253455162048,0.5699149370193481
Colon_clinicDB,15,current_shared,images/334.png,1,0.7836717367172241,0.8588536381721497,0.6916224360466003
Colon_clinicDB,15,current_shared,images/335.png,1,0.7831088304519653,0.5997480750083923,0.28368136286735535
Colon_clinicDB,15,current_shared,images/336.png,1,0.7856152057647705,0.9179616570472717,0.7958135008811951
Colon_clinicDB,15,current_shared,images/337.png,1,0.766839325428009,0.9714648723602295,0.9289124011993408
Colon_clinicDB,15,current_shared,images/338.png,1,0.4501068890094757,0.05587777495384216,0.017473850399255753
Colon_clinicDB,15,current_shared,images/339.png,1,0.7749722599983215,0.18983633816242218,0.08691299706697464
Colon_clinicDB,15,current_shared,images/34.png,1,0.776192843914032,0.9830904006958008,0.9738999009132385
Colon_clinicDB,15,current_shared,images/340.png,1,0.7892163991928101,0.8394181728363037,0.640604555606842
Colon_clinicDB,15,current_shared,images/341.png,1,0.7787949442863464,0.9540011286735535,0.9227949976921082
Colon_clinicDB,15,current_shared,images/342.png,1,0.7637414336204529,0.9655741453170776,0.9449144601821899
Colon_clinicDB,15,current_shared,images/343.png,1,0.7676326036453247,0.016607873141765594,0.005559897515922785
Colon_clinicDB,15,current_shared,images/344.png,1,0.7715979814529419,0.42153072357177734,0.1646699607372284
Colon_clinicDB,15,current_shared,images/345.png,1,0.7406845092773438,0.9675012230873108,0.8722354173660278
Colon_clinicDB,15,current_shared,images/346.png,1,0.7803481221199036,0.15368913114070892,0.07674668729305267
Colon_clinicDB,15,current_shared,images/347.png,1,0.7815961241722107,0.7518283724784851,0.534559428691864
Colon_clinicDB,15,current_shared,images/348.png,1,0.770813524723053,0.005746313836425543,0.0032052965834736824
Colon_clinicDB,15,current_shared,images/349.png,1,0.7745411396026611,0.028895054012537003,0.017155367881059647
Colon_clinicDB,15,current_shared,images/35.png,1,0.7885555028915405,0.8834134340286255,0.8385787606239319
Colon_clinicDB,15,current_shared,images/350.png,1,0.7799798250198364,0.374281644821167,0.2119743674993515
Colon_clinicDB,15,current_shared,images/351.png,1,0.7764883041381836,0.8498830795288086,0.7293843030929565
Colon_clinicDB,15,current_shared,images/352.png,1,0.7726691961288452,0.10074625164270401,0.044893261045217514
Colon_clinicDB,15,current_shared,images/353.png,1,0.7774080634117126,0.9588304162025452,0.9132176637649536
Colon_clinicDB,15,current_shared,images/354.png,1,0.7831330299377441,0.9101250767707825,0.8273653984069824
Colon_clinicDB,15,current_shared,images/355.png,1,0.7872316837310791,0.21188418567180634,0.1058361679315567
Colon_clinicDB,15,current_shared,images/356.png,1,0.7919821739196777,0.8321912288665771,0.6522551774978638
Colon_clinicDB,15,current_shared,images/357.png,1,0.7655190229415894,0.033977068960666656,0.009961920790374279
Colon_clinicDB,15,current_shared,images/358.png,1,0.7691423296928406,0.3942296504974365,0.26933637261390686
Colon_clinicDB,15,current_shared,images/359.png,1,0.7504865527153015,0.7553406953811646,0.615905225276947
Colon_clinicDB,15,current_shared,images/36.png,1,0.7829962372779846,0.5411298274993896,0.4230476915836334
Colon_clinicDB,15,current_shared,images/360.png,1,0.7754685878753662,0.2363748550415039,0.14651381969451904
Colon_clinicDB,15,current_shared,images/361.png,1,0.7758592367172241,0.6786209344863892,0.36144956946372986
Colon_clinicDB,15,current_shared,images/362.png,1,0.7240647673606873,0.8751384615898132,0.7915870547294617
Colon_clinicDB,15,current_shared,images/363.png,1,0.7889083027839661,0.7296774387359619,0.457928866147995
Colon_clinicDB,15,current_shared,images/364.png,1,0.7307672500610352,0.4964357018470764,0.2438228577375412
Colon_clinicDB,15,current_shared,images/365.png,1,0.733707845211029,0.6505849957466125,0.3368048667907715
Colon_clinicDB,15,current_shared,images/366.png,1,0.7145498394966125,0.47546300292015076,0.17927011847496033
Colon_clinicDB,15,current_shared,images/367.png,1,0.7152825593948364,0.5485193729400635,0.26344192028045654
Colon_clinicDB,15,current_shared,images/368.png,1,0.7474071383476257,0.02269289270043373,0.007154026534408331
Colon_clinicDB,15,current_shared,images/369.png,1,0.7459208369255066,0.08471409231424332,0.025678260251879692
Colon_clinicDB,15,current_shared,images/37.png,1,0.7845994234085083,0.8243933320045471,0.7788853645324707
Colon_clinicDB,15,current_shared,images/370.png,1,0.7315672039985657,0.025723373517394066,0.006903714034706354
Colon_clinicDB,15,current_shared,images/371.png,1,0.7080416679382324,0.02638772316277027,0.00438621686771512
Colon_clinicDB,15,current_shared,images/372.png,1,0.7107017636299133,0.010916915722191334,0.0020863160025328398
Colon_clinicDB,15,current_shared,images/373.png,1,0.7096475958824158,0.041729964315891266,0.00787552073597908
Colon_clinicDB,15,current_shared,images/374.png,1,0.6892151236534119,0.0164280217140913,0.0036816191859543324
Colon_clinicDB,15,current_shared,images/375.png,1,0.7002567648887634,0.0076660229824483395,0.0013703074073418975
Colon_clinicDB,15,current_shared,images/376.png,1,0.7223045229911804,0.7141183614730835,0.34287071228027344
Colon_clinicDB,15,current_shared,images/377.png,1,0.7207942008972168,0.1752644181251526,0.05051502212882042
Colon_clinicDB,15,current_shared,images/378.png,1,0.7110490202903748,0.027847779914736748,0.011481246910989285
Colon_clinicDB,15,current_shared,images/379.png,1,0.7070403695106506,0.03145020455121994,0.011160636320710182
Colon_clinicDB,15,current_shared,images/38.png,1,0.7874630689620972,0.9363817572593689,0.8524022698402405
Colon_clinicDB,15,current_shared,images/380.png,1,0.7210536003112793,0.25734981894493103,0.09033326804637909
Colon_clinicDB,15,current_shared,images/381.png,1,0.7147418856620789,0.2616831958293915,0.10523325204849243
Colon_clinicDB,15,current_shared,images/382.png,1,0.6956394910812378,0.03345939517021179,0.012978282757103443
Colon_clinicDB,15,current_shared,images/383.png,1,0.6791073083877563,0.6572418808937073,0.41139161586761475
Colon_clinicDB,15,current_shared,images/384.png,1,0.716236412525177,0.7181662321090698,0.5745816826820374
Colon_clinicDB,15,current_shared,images/385.png,1,0.7189684510231018,0.958286702632904,0.9267778396606445
Colon_clinicDB,15,current_shared,images/386.png,1,0.7732489109039307,0.6892524361610413,0.5805233716964722
Colon_clinicDB,15,current_shared,images/387.png,1,0.7743750810623169,0.6327105164527893,0.41275447607040405
Colon_clinicDB,15,current_shared,images/388.png,1,0.775413453578949,0.8025660514831543,0.6000620126724243
Colon_clinicDB,15,current_shared,images/389.png,1,0.7769210338592529,0.0011116110254079103,0.0005033347406424582
Colon_clinicDB,15,current_shared,images/39.png,1,0.783923864364624,0.942040741443634,0.8421379923820496
Colon_clinicDB,15,current_shared,images/390.png,1,0.7862878441810608,0.7046816349029541,0.5071958303451538
Colon_clinicDB,15,current_shared,images/391.png,1,0.7760607004165649,0.9772144556045532,0.9601170420646667
Colon_clinicDB,15,current_shared,images/392.png,1,0.7743068337440491,0.973706066608429,0.852419376373291
Colon_clinicDB,15,current_shared,images/393.png,1,0.7737541198730469,0.9607976675033569,0.8713173270225525
Colon_clinicDB,15,current_shared,images/394.png,1,0.7820790410041809,0.9716819524765015,0.9479407668113708
Colon_clinicDB,15,current_shared,images/395.png,1,0.7857546806335449,0.9246224761009216,0.8349519371986389
Colon_clinicDB,15,current_shared,images/396.png,1,0.7885192036628723,0.9299103617668152,0.882538378238678
Colon_clinicDB,15,current_shared,images/397.png,1,0.7801690101623535,0.8574181795120239,0.6885108947753906
Colon_clinicDB,15,current_shared,images/398.png,1,0.7533614635467529,0.9295994639396667,0.8666419386863708
Colon_clinicDB,15,current_shared,images/399.png,1,0.7779441475868225,0.5395629405975342,0.43180331587791443
Colon_clinicDB,15,current_shared,images/4.png,1,0.7165474891662598,0.9469742774963379,0.8927975296974182
Colon_clinicDB,15,current_shared,images/40.png,1,0.775303840637207,0.33259516954421997,0.2364446073770523
Colon_clinicDB,15,current_shared,images/400.png,1,0.7679210901260376,0.976427435874939,0.9180883765220642
Colon_clinicDB,15,current_shared,images/401.png,1,0.5826157927513123,0.11120038479566574,0.05043874680995941
Colon_clinicDB,15,current_shared,images/402.png,1,0.7721174359321594,0.7098552584648132,0.46268564462661743
Colon_clinicDB,15,current_shared,images/403.png,1,0.7783345580101013,0.9291777014732361,0.8833289742469788
Colon_clinicDB,15,current_shared,images/404.png,1,0.7493351697921753,0.8484910130500793,0.7506137490272522
Colon_clinicDB,15,current_shared,images/405.png,1,0.7724512219429016,0.782524824142456,0.6436622142791748
Colon_clinicDB,15,current_shared,images/406.png,1,0.77665114402771,0.12232745438814163,0.08239363133907318
Colon_clinicDB,15,current_shared,images/407.png,1,0.7283087372779846,0.27301082015037537,0.18966121971607208
Colon_clinicDB,15,current_shared,images/408.png,1,0.780702531337738,0.9613880515098572,0.8439865112304688
Colon_clinicDB,15,current_shared,images/409.png,1,0.7315621972084045,0.3957943916320801,0.2092704027891159
Colon_clinicDB,15,current_shared,images/41.png,1,0.7761588096618652,0.525746762752533,0.3135014772415161
Colon_clinicDB,15,current_shared,images/410.png,1,0.8038538694381714,0.848808228969574,0.7142865061759949
Colon_clinicDB,15,current_shared,images/411.png,1,0.8002128601074219,0.9410918951034546,0.8558473587036133
Colon_clinicDB,15,current_shared,images/412.png,1,0.8000245094299316,0.9795368909835815,0.9172571897506714
Colon_clinicDB,15,current_shared,images/413.png,1,0.7947893142700195,0.9739032983779907,0.930808424949646
Colon_clinicDB,15,current_shared,images/414.png,1,0.7649223804473877,0.7084673643112183,0.5756657719612122
Colon_clinicDB,15,current_shared,images/415.png,1,0.795861542224884,0.7721288204193115,0.6962186694145203
Colon_clinicDB,15,current_shared,images/416.png,1,0.7928162813186646,0.8831453919410706,0.8278555870056152
Colon_clinicDB,15,current_shared,images/417.png,1,0.7911099791526794,0.9829825758934021,0.9647756218910217
Colon_clinicDB,15,current_shared,images/418.png,1,0.8025497794151306,0.9769705533981323,0.9266924858093262
Colon_clinicDB,15,current_shared,images/419.png,1,0.7844588756561279,0.7281543612480164,0.5495116114616394
Colon_clinicDB,15,current_shared,images/42.png,1,0.7839056253433228,0.4849579334259033,0.33023831248283386
Colon_clinicDB,15,current_shared,images/420.png,1,0.7969149947166443,0.8004416823387146,0.6708546876907349
Colon_clinicDB,15,current_shared,images/421.png,1,0.803276777267456,0.9558145403862,0.9240511059761047
Colon_clinicDB,15,current_shared,images/422.png,1,0.7900374531745911,0.14582307636737823,0.07947918027639389
Colon_clinicDB,15,current_shared,images/423.png,1,0.7905912399291992,0.7504968047142029,0.6221768856048584
Colon_clinicDB,15,current_shared,images/424.png,1,0.4921092689037323,0.006677493918687105,0.0027245264500379562
Colon_clinicDB,15,current_shared,images/425.png,1,0.8028265237808228,0.9582685232162476,0.9206832051277161
Colon_clinicDB,15,current_shared,images/426.png,1,0.8023320436477661,0.9897913336753845,0.9744705557823181
Colon_clinicDB,15,current_shared,images/427.png,1,0.7949805855751038,0.9100731015205383,0.8513432741165161
Colon_clinicDB,15,current_shared,images/428.png,1,0.7895431518554688,0.9806531667709351,0.9670348167419434
Colon_clinicDB,15,current_shared,images/429.png,1,0.7930973172187805,0.8196665048599243,0.6696083545684814
Colon_clinicDB,15,current_shared,images/43.png,1,0.767953634262085,0.0433940552175045,0.032818421721458435
Colon_clinicDB,15,current_shared,images/430.png,1,0.7862015962600708,0.8912112712860107,0.721474289894104
Colon_clinicDB,15,current_shared,images/431.png,1,0.7893126010894775,0.1717291921377182,0.08459757268428802
Colon_clinicDB,15,current_shared,images/432.png,1,0.7992019057273865,0.5345990657806396,0.27749353647232056
Colon_clinicDB,15,current_shared,images/433.png,1,0.803805410861969,0.6472319960594177,0.3942907452583313
Colon_clinicDB,15,current_shared,images/434.png,1,0.8060580492019653,0.887864887714386,0.7652031183242798
Colon_clinicDB,15,current_shared,images/435.png,1,0.8026344776153564,0.835416853427887,0.6442970037460327
Colon_clinicDB,15,current_shared,images/436.png,1,0.8031834959983826,0.6951283812522888,0.5206137895584106
Colon_clinicDB,15,current_shared,images/437.png,1,0.7975993156433105,0.7371673583984375,0.5186293721199036
Colon_clinicDB,15,current_shared,images/438.png,1,0.7847964763641357,0.07359599322080612,0.036708056926727295
Colon_clinicDB,15,current_shared,images/439.png,1,0.787304699420929,0.9550869464874268,0.9157884120941162
Colon_clinicDB,15,current_shared,images/44.png,1,0.7874056696891785,0.41797739267349243,0.1899365931749344
Colon_clinicDB,15,current_shared,images/440.png,1,0.7160787582397461,0.8435372114181519,0.6787641644477844
Colon_clinicDB,15,current_shared,images/441.png,1,0.8061040639877319,0.7676344513893127,0.5045321583747864
Colon_clinicDB,15,current_shared,images/442.png,1,0.7920422554016113,0.8303861021995544,0.6831223964691162
Colon_clinicDB,15,current_shared,images/443.png,1,0.7945250272750854,0.910833477973938,0.7951483726501465
Colon_clinicDB,15,current_shared,images/444.png,1,0.7983382940292358,0.9318410158157349,0.8407369256019592
Colon_clinicDB,15,current_shared,images/445.png,1,0.801817774772644,0.7748583555221558,0.7201018333435059
Colon_clinicDB,15,current_shared,images/446.png,1,0.799959659576416,0.7825852632522583,0.6983028650283813
Colon_clinicDB,15,current_shared,images/447.png,1,0.804067075252533,0.6679303646087646,0.47003909945487976
Colon_clinicDB,15,current_shared,images/448.png,1,0.7736929059028625,0.9448809623718262,0.9021685719490051
Colon_clinicDB,15,current_shared,images/449.png,1,0.783770740032196,0.9036707878112793,0.8136956095695496
Colon_clinicDB,15,current_shared,images/45.png,1,0.77988201379776,0.9406570196151733,0.9047982692718506
Colon_clinicDB,15,current_shared,images/450.png,1,0.7901036143302917,0.892097532749176,0.6791170835494995
Colon_clinicDB,15,current_shared,images/451.png,1,0.7797785401344299,0.8634576201438904,0.7150660753250122
Colon_clinicDB,15,current_shared,images/452.png,1,0.7474127411842346,0.979725182056427,0.9418817758560181
Colon_clinicDB,15,current_shared,images/453.png,1,0.7469061017036438,0.9466332793235779,0.821618378162384
Colon_clinicDB,15,current_shared,images/454.png,1,0.7878739833831787,0.8171972036361694,0.6542808413505554
Colon_clinicDB,15,current_shared,images/455.png,1,0.7808900475502014,0.8601992726325989,0.7373403906822205
Colon_clinicDB,15,current_shared,images/456.png,1,0.7049546241760254,0.3922719657421112,0.2962356209754944
Colon_clinicDB,15,current_shared,images/457.png,1,0.7798752188682556,0.8266674280166626,0.765852153301239
Colon_clinicDB,15,current_shared,images/458.png,1,0.7901483178138733,0.9828077554702759,0.9366436004638672
Colon_clinicDB,15,current_shared,images/459.png,1,0.768845796585083,0.617812991142273,0.31661003828048706
Colon_clinicDB,15,current_shared,images/46.png,1,0.7775474786758423,0.1395511031150818,0.036599818617105484
Colon_clinicDB,15,current_shared,images/460.png,1,0.7761764526367188,0.9365407824516296,0.8709957003593445
Colon_clinicDB,15,current_shared,images/461.png,1,0.7503151893615723,0.12630128860473633,0.06964567303657532
Colon_clinicDB,15,current_shared,images/462.png,1,0.7843410968780518,0.9655629396438599,0.9334213137626648
Colon_clinicDB,15,current_shared,images/463.png,1,0.6982287168502808,0.8162750601768494,0.7704086899757385
Colon_clinicDB,15,current_shared,images/464.png,1,0.6923949122428894,0.6589174866676331,0.5300043821334839
Colon_clinicDB,15,current_shared,images/465.png,1,0.6652556657791138,0.833620548248291,0.6996439099311829
Colon_clinicDB,15,current_shared,images/466.png,1,0.6612302660942078,0.8867942690849304,0.8555759787559509
Colon_clinicDB,15,current_shared,images/467.png,1,0.7895830869674683,0.05201944708824158,0.02135378308594227
Colon_clinicDB,15,current_shared,images/468.png,1,0.7725701928138733,0.3359028398990631,0.1904098093509674
Colon_clinicDB,15,current_shared,images/469.png,1,0.7706106901168823,0.44656839966773987,0.239166259765625
Colon_clinicDB,15,current_shared,images/47.png,1,0.7739736437797546,0.22974522411823273,0.13352560997009277
Colon_clinicDB,15,current_shared,images/470.png,1,0.7799789309501648,0.6130046248435974,0.486284464597702
Colon_clinicDB,15,current_shared,images/471.png,1,0.7729557156562805,0.3829147219657898,0.25255805253982544
Colon_clinicDB,15,current_shared,images/472.png,1,0.7744035720825195,0.030784545466303825,0.018661094829440117
Colon_clinicDB,15,current_shared,images/473.png,1,0.7148367166519165,0.6795305609703064,0.5629974603652954
Colon_clinicDB,15,current_shared,images/474.png,1,0.7717710733413696,0.11145021766424179,0.06861769407987595
Colon_clinicDB,15,current_shared,images/475.png,1,0.77048659324646,0.6784107089042664,0.2904267907142639
Colon_clinicDB,15,current_shared,images/476.png,1,0.7812677621841431,0.03736752271652222,0.01673981547355652
Colon_clinicDB,15,current_shared,images/477.png,1,0.7827854752540588,0.09480553865432739,0.032446205615997314
Colon_clinicDB,15,current_shared,images/478.png,1,0.7795000076293945,0.5248717069625854,0.31371116638183594
Colon_clinicDB,15,current_shared,images/479.png,1,0.7829506993293762,0.8583081960678101,0.7901090979576111
Colon_clinicDB,15,current_shared,images/48.png,1,0.7810066938400269,0.031594812870025635,0.00827538501471281
Colon_clinicDB,15,current_shared,images/480.png,1,0.7797167897224426,0.7949686646461487,0.7145512104034424
Colon_clinicDB,15,current_shared,images/481.png,1,0.782721221446991,0.8715049624443054,0.7693203091621399
Colon_clinicDB,15,current_shared,images/482.png,1,0.7676933407783508,0.9354946613311768,0.8627797961235046
Colon_clinicDB,15,current_shared,images/483.png,1,0.7783468961715698,0.8978130221366882,0.7909789681434631
Colon_clinicDB,15,current_shared,images/484.png,1,0.7871577739715576,0.6240723133087158,0.4333924651145935
Colon_clinicDB,15,current_shared,images/485.png,1,0.712673544883728,0.9715123772621155,0.9448262453079224
Colon_clinicDB,15,current_shared,images/486.png,1,0.7796215415000916,0.7554470300674438,0.5124737620353699
Colon_clinicDB,15,current_shared,images/487.png,1,0.7780700922012329,0.018319491297006607,0.011038429103791714
Colon_clinicDB,15,current_shared,images/488.png,1,0.7704245448112488,0.38592883944511414,0.20946110785007477
Colon_clinicDB,15,current_shared,images/489.png,1,0.7683203816413879,0.802413284778595,0.5422406792640686
Colon_clinicDB,15,current_shared,images/49.png,1,0.772577166557312,0.7253302931785583,0.6598154306411743
Colon_clinicDB,15,current_shared,images/490.png,1,0.7461992502212524,0.13958410918712616,0.048921339213848114
Colon_clinicDB,15,current_shared,images/491.png,1,0.7836243510246277,0.24985931813716888,0.17655445635318756
Colon_clinicDB,15,current_shared,images/492.png,1,0.7877134084701538,0.978814423084259,0.947658121585846
Colon_clinicDB,15,current_shared,images/493.png,1,0.7906438112258911,0.9730216264724731,0.9476203918457031
Colon_clinicDB,15,current_shared,images/494.png,1,0.765764594078064,0.8841120600700378,0.8090420365333557
Colon_clinicDB,15,current_shared,images/495.png,1,0.7840575575828552,0.8997979760169983,0.7490358352661133
Colon_clinicDB,15,current_shared,images/496.png,1,0.7804892659187317,0.5799704790115356,0.3834334909915924
Colon_clinicDB,15,current_shared,images/497.png,1,0.7756835222244263,0.02523803897202015,0.010036206804215908
Colon_clinicDB,15,current_shared,images/498.png,1,0.782772421836853,0.5643975734710693,0.3238077461719513
Colon_clinicDB,15,current_shared,images/499.png,1,0.7866652607917786,0.8988965749740601,0.7033438682556152
Colon_clinicDB,15,current_shared,images/5.png,1,0.7646571397781372,0.9837883710861206,0.9542735815048218
Colon_clinicDB,15,current_shared,images/50.png,1,0.7789205312728882,0.05489848554134369,0.018024027347564697
Colon_clinicDB,15,current_shared,images/500.png,1,0.7794782519340515,0.9219248294830322,0.8108079433441162
Colon_clinicDB,15,current_shared,images/501.png,1,0.7848596572875977,0.7491547465324402,0.5993607640266418
Colon_clinicDB,15,current_shared,images/502.png,1,0.7772471904754639,0.9041785597801208,0.8578674793243408
Colon_clinicDB,15,current_shared,images/503.png,1,0.7911657094955444,0.7683240175247192,0.683879554271698
Colon_clinicDB,15,current_shared,images/504.png,1,0.7841177582740784,0.980302095413208,0.9640038013458252
Colon_clinicDB,15,current_shared,images/505.png,1,0.7892885208129883,0.9936054944992065,0.9882110357284546
Colon_clinicDB,15,current_shared,images/506.png,1,0.7894090414047241,0.4771689176559448,0.11563803255558014
Colon_clinicDB,15,current_shared,images/507.png,1,0.8031393885612488,0.9637497663497925,0.9369408488273621
Colon_clinicDB,15,current_shared,images/508.png,1,0.8054657578468323,0.9078061580657959,0.8549841046333313
Colon_clinicDB,15,current_shared,images/509.png,1,0.7963643074035645,0.9241095185279846,0.8240272998809814
Colon_clinicDB,15,current_shared,images/51.png,1,0.7755069136619568,0.0033209563698619604,0.0011674126144498587
Colon_clinicDB,15,current_shared,images/510.png,1,0.7949230074882507,0.7344530820846558,0.5485079288482666
Colon_clinicDB,15,current_shared,images/511.png,1,0.7850902676582336,0.8610671162605286,0.636464536190033
Colon_clinicDB,15,current_shared,images/512.png,1,0.800561785697937,0.9266022443771362,0.8436761498451233
Colon_clinicDB,15,current_shared,images/513.png,1,0.8035344481468201,0.773325502872467,0.630538284778595
Colon_clinicDB,15,current_shared,images/514.png,1,0.788102924823761,0.9696810245513916,0.9493248462677002
Colon_clinicDB,15,current_shared,images/515.png,1,0.7915615439414978,0.973002552986145,0.9605347514152527
Colon_clinicDB,15,current_shared,images/516.png,1,0.7913385629653931,0.9982837438583374,0.9949543476104736
Colon_clinicDB,15,current_shared,images/517.png,1,0.7837699055671692,0.8431946635246277,0.7991083860397339
Colon_clinicDB,15,current_shared,images/518.png,1,0.7736359238624573,0.9393418431282043,0.9101022481918335
Colon_clinicDB,15,current_shared,images/519.png,1,0.7759422659873962,0.9945935606956482,0.9826003313064575
Colon_clinicDB,15,current_shared,images/52.png,1,0.6790835857391357,0.00261985557153821,0.0013738750712946057
Colon_clinicDB,15,current_shared,images/520.png,1,0.803418755531311,0.9835593104362488,0.9752621054649353
Colon_clinicDB,15,current_shared,images/521.png,1,0.7888996005058289,0.9775058031082153,0.9589959383010864
Colon_clinicDB,15,current_shared,images/522.png,1,0.7829636335372925,0.9798468351364136,0.9441148042678833
Colon_clinicDB,15,current_shared,images/523.png,1,0.7484179735183716,0.6323909759521484,0.4617000222206116
Colon_clinicDB,15,current_shared,images/524.png,1,0.7901187539100647,0.985539436340332,0.9817743897438049
Colon_clinicDB,15,current_shared,images/525.png,1,0.7826037406921387,0.9857690930366516,0.9810425639152527
Colon_clinicDB,15,current_shared,images/526.png,1,0.7547397017478943,0.8570578694343567,0.8124016523361206
Colon_clinicDB,15,current_shared,images/527.png,1,0.7814257144927979,0.9695144295692444,0.9267754554748535
Colon_clinicDB,15,current_shared,images/528.png,1,0.7709506750106812,0.9168288707733154,0.8381307721138
Colon_clinicDB,15,current_shared,images/529.png,1,0.7818467617034912,0.8025705814361572,0.3964303433895111
Colon_clinicDB,15,current_shared,images/53.png,1,0.8019306063652039,0.014198117889463902,0.004223948810249567
Colon_clinicDB,15,current_shared,images/530.png,1,0.7821337580680847,0.8322809338569641,0.4290156662464142
Colon_clinicDB,15,current_shared,images/531.png,1,0.7812656164169312,0.854960560798645,0.5367822051048279
Colon_clinicDB,15,current_shared,images/532.png,1,0.7776137590408325,0.8868085145950317,0.615030825138092
Colon_clinicDB,15,current_shared,images/533.png,1,0.7871459126472473,0.48768237233161926,0.22294729948043823
Colon_clinicDB,15,current_shared,images/534.png,1,0.7329798340797424,0.962972104549408,0.9385071396827698
Colon_clinicDB,15,current_shared,images/535.png,1,0.7754397988319397,0.9587172269821167,0.9390558004379272
Colon_clinicDB,15,current_shared,images/536.png,1,0.7965233325958252,0.989655613899231,0.9690902233123779
Colon_clinicDB,15,current_shared,images/537.png,1,0.7756040692329407,0.9919162392616272,0.9153954386711121
Colon_clinicDB,15,current_shared,images/538.png,1,0.7738729119300842,0.9043874740600586,0.709484875202179
Colon_clinicDB,15,current_shared,images/539.png,1,0.7761759757995605,0.9059870839118958,0.783106803894043
Colon_clinicDB,15,current_shared,images/54.png,1,0.7911249995231628,0.006646009162068367,0.002386784879490733
Colon_clinicDB,15,current_shared,images/540.png,1,0.7856037616729736,0.9585772156715393,0.8780059218406677
Colon_clinicDB,15,current_shared,images/541.png,1,0.7844914793968201,0.9834449291229248,0.8892708420753479
Colon_clinicDB,15,current_shared,images/542.png,1,0.778339147567749,0.9957396984100342,0.9855327010154724
Colon_clinicDB,15,current_shared,images/543.png,1,0.7881951332092285,0.9422125816345215,0.8947397470474243
Colon_clinicDB,15,current_shared,images/544.png,1,0.7734753489494324,0.6833157539367676,0.3623543679714203
Colon_clinicDB,15,current_shared,images/545.png,1,0.7908266186714172,0.9567634463310242,0.8613579869270325
Colon_clinicDB,15,current_shared,images/546.png,1,0.7703245878219604,0.9510486721992493,0.7744789123535156
Colon_clinicDB,15,current_shared,images/547.png,1,0.7619888782501221,0.33208227157592773,0.1598075032234192
Colon_clinicDB,15,current_shared,images/548.png,1,0.7622482776641846,0.4877220094203949,0.34493958950042725
Colon_clinicDB,15,current_shared,images/549.png,1,0.7321742177009583,0.013877945952117443,0.004481232725083828
Colon_clinicDB,15,current_shared,images/55.png,1,0.7671403288841248,0.032436419278383255,0.009150899946689606
Colon_clinicDB,15,current_shared,images/550.png,1,0.7693585157394409,0.9396238923072815,0.872793436050415
Colon_clinicDB,15,current_shared,images/551.png,1,0.7793310284614563,0.8518519401550293,0.7590542435646057
Colon_clinicDB,15,current_shared,images/552.png,1,0.7759519815444946,0.06448881328105927,0.021692859008908272
Colon_clinicDB,15,current_shared,images/553.png,1,0.7707633972167969,0.8250524997711182,0.5988444685935974
Colon_clinicDB,15,current_shared,images/554.png,1,0.7747814059257507,0.8447027802467346,0.5211189985275269
Colon_clinicDB,15,current_shared,images/555.png,1,0.7555173635482788,0.7163829803466797,0.5910844206809998
Colon_clinicDB,15,current_shared,images/556.png,1,0.78102707862854,0.5942010879516602,0.37917855381965637
Colon_clinicDB,15,current_shared,images/557.png,1,0.7496605515480042,0.6003071665763855,0.4579518735408783
Colon_clinicDB,15,current_shared,images/558.png,1,0.7497953176498413,0.7037778496742249,0.4640234112739563
Colon_clinicDB,15,current_shared,images/559.png,1,0.7451665997505188,0.006597248837351799,0.003500059712678194
Colon_clinicDB,15,current_shared,images/56.png,1,0.7889053225517273,0.890109121799469,0.8035641312599182
Colon_clinicDB,15,current_shared,images/560.png,1,0.7509653568267822,0.17653682827949524,0.10010813176631927
Colon_clinicDB,15,current_shared,images/561.png,1,0.7627472877502441,0.1583704948425293,0.04123678803443909
Colon_clinicDB,15,current_shared,images/562.png,1,0.7484515905380249,0.9094007611274719,0.7935346961021423
Colon_clinicDB,15,current_shared,images/563.png,1,0.7653144001960754,0.06465450674295425,0.0270805936306715
Colon_clinicDB,15,current_shared,images/564.png,1,0.7748942971229553,0.8017178773880005,0.6459508538246155
Colon_clinicDB,15,current_shared,images/565.png,1,0.7273004055023193,0.774380624294281,0.6304872632026672
Colon_clinicDB,15,current_shared,images/566.png,1,0.7629984021186829,0.9613662362098694,0.9036761522293091
Colon_clinicDB,15,current_shared,images/567.png,1,0.7347437143325806,0.9636574387550354,0.8834717869758606
Colon_clinicDB,15,current_shared,images/568.png,1,0.7407512664794922,0.9858503937721252,0.9698135256767273
Colon_clinicDB,15,current_shared,images/569.png,1,0.6803194284439087,0.8821480870246887,0.7972337603569031
Colon_clinicDB,15,current_shared,images/57.png,1,0.7540283799171448,0.8900537490844727,0.7453464269638062
Colon_clinicDB,15,current_shared,images/570.png,1,0.7599066495895386,0.869627058506012,0.8184809684753418
Colon_clinicDB,15,current_shared,images/571.png,1,0.768229603767395,0.9476589560508728,0.9163863658905029
Colon_clinicDB,15,current_shared,images/572.png,1,0.7795040607452393,0.817406952381134,0.5355309844017029
Colon_clinicDB,15,current_shared,images/573.png,1,0.7485153079032898,0.9258846044540405,0.8531885147094727
Colon_clinicDB,15,current_shared,images/574.png,1,0.7705222368240356,0.9930181503295898,0.9829217791557312
Colon_clinicDB,15,current_shared,images/575.png,1,0.780968964099884,0.2879483699798584,0.16304507851600647
Colon_clinicDB,15,current_shared,images/576.png,1,0.7767668962478638,0.046837057918310165,0.026007680222392082
Colon_clinicDB,15,current_shared,images/577.png,1,0.7729638814926147,0.04053317382931709,0.023857804015278816
Colon_clinicDB,15,current_shared,images/578.png,1,0.7816880345344543,0.9011750817298889,0.8393682241439819
Colon_clinicDB,15,current_shared,images/579.png,1,0.7782262563705444,0.980583131313324,0.9620903730392456
Colon_clinicDB,15,current_shared,images/58.png,1,0.8001065254211426,0.3645162880420685,0.20283947885036469
Colon_clinicDB,15,current_shared,images/580.png,1,0.7860867381095886,0.9907239079475403,0.9832377433776855
Colon_clinicDB,15,current_shared,images/581.png,1,0.7821148037910461,0.9367222189903259,0.9068430662155151
Colon_clinicDB,15,current_shared,images/582.png,1,0.7760005593299866,0.7228574752807617,0.580139696598053
Colon_clinicDB,15,current_shared,images/583.png,1,0.7479392886161804,0.7901090979576111,0.6617051959037781
Colon_clinicDB,15,current_shared,images/584.png,1,0.7788556814193726,0.6607108116149902,0.46027758717536926
Colon_clinicDB,15,current_shared,images/585.png,1,0.765042245388031,0.26300832629203796,0.1359030306339264
Colon_clinicDB,15,current_shared,images/586.png,1,0.760552167892456,0.20376233756542206,0.07585179060697556
Colon_clinicDB,15,current_shared,images/587.png,1,0.7762987017631531,0.08431871235370636,0.0465434230864048
Colon_clinicDB,15,current_shared,images/588.png,1,0.7817211747169495,0.010356435552239418,0.006243334151804447
Colon_clinicDB,15,current_shared,images/589.png,1,0.7787478566169739,0.0456460639834404,0.025586294010281563
Colon_clinicDB,15,current_shared,images/59.png,1,0.7941994071006775,0.9316694140434265,0.886503279209137
Colon_clinicDB,15,current_shared,images/590.png,1,0.7803681492805481,0.5789337754249573,0.3527711033821106
Colon_clinicDB,15,current_shared,images/591.png,1,0.7266920208930969,0.5673406720161438,0.32097071409225464
Colon_clinicDB,15,current_shared,images/592.png,1,0.7802440524101257,0.9080460071563721,0.7860656976699829
Colon_clinicDB,15,current_shared,images/593.png,1,0.7723779082298279,0.9588045477867126,0.9208353161811829
Colon_clinicDB,15,current_shared,images/594.png,1,0.776137113571167,0.9925585985183716,0.9841496348381042
Colon_clinicDB,15,current_shared,images/595.png,1,0.766240656375885,0.9520857930183411,0.8849170207977295
Colon_clinicDB,15,current_shared,images/596.png,1,0.7786017656326294,0.9647285342216492,0.8736865520477295
Colon_clinicDB,15,current_shared,images/597.png,1,0.7477522492408752,0.9887588024139404,0.9627056121826172
Colon_clinicDB,15,current_shared,images/598.png,1,0.7862078547477722,0.9348177909851074,0.8709856867790222
Colon_clinicDB,15,current_shared,images/599.png,1,0.7829319834709167,0.9829337000846863,0.9712409973144531
Colon_clinicDB,15,current_shared,images/6.png,1,0.7624045610427856,0.9151050448417664,0.8079308271408081
Colon_clinicDB,15,current_shared,images/60.png,1,0.7971237301826477,0.3937736451625824,0.33493363857269287
Colon_clinicDB,15,current_shared,images/600.png,1,0.7865060567855835,0.6711488962173462,0.5661047101020813
Colon_clinicDB,15,current_shared,images/601.png,1,0.7893547415733337,0.6616398096084595,0.5999183058738708
Colon_clinicDB,15,current_shared,images/602.png,1,0.7190606594085693,0.8329521417617798,0.6518604755401611
Colon_clinicDB,15,current_shared,images/603.png,1,0.7590273022651672,0.7698801755905151,0.54567551612854
Colon_clinicDB,15,current_shared,images/604.png,1,0.5094982385635376,0.6903097629547119,0.5529762506484985
Colon_clinicDB,15,current_shared,images/605.png,1,0.7718249559402466,0.8570476174354553,0.6857081055641174
Colon_clinicDB,15,current_shared,images/606.png,1,0.7839110493659973,0.8612568378448486,0.7252079248428345
Colon_clinicDB,15,current_shared,images/607.png,1,0.7611439228057861,0.9277952909469604,0.8513315320014954
Colon_clinicDB,15,current_shared,images/608.png,1,0.7544310688972473,0.02726648934185505,0.019142406061291695
Colon_clinicDB,15,current_shared,images/609.png,1,0.7573040127754211,0.006696459371596575,0.004182776436209679
Colon_clinicDB,15,current_shared,images/61.png,1,0.799371063709259,0.5376121997833252,0.2979373037815094
Colon_clinicDB,15,current_shared,images/610.png,1,0.7803418636322021,0.7101364135742188,0.5773270726203918
Colon_clinicDB,15,current_shared,images/611.png,1,0.7410847544670105,0.4038766920566559,0.26031604409217834
Colon_clinicDB,15,current_shared,images/612.png,1,0.6851428747177124,0.022632107138633728,0.013212068006396294
Colon_clinicDB,15,current_shared,images/62.png,1,0.8014553785324097,0.15719804167747498,0.055553749203681946
Colon_clinicDB,15,current_shared,images/63.png,1,0.7913368940353394,0.3737577497959137,0.1702929586172104
Colon_clinicDB,15,current_shared,images/64.png,1,0.8074233531951904,0.486283540725708,0.3295654356479645
Colon_clinicDB,15,current_shared,images/65.png,1,0.8049076795578003,0.27708256244659424,0.1493973433971405
Colon_clinicDB,15,current_shared,images/66.png,1,0.7988979816436768,0.3893992602825165,0.20787471532821655
Colon_clinicDB,15,current_shared,images/67.png,1,0.7864997386932373,0.8584321737289429,0.7474097609519958
Colon_clinicDB,15,current_shared,images/68.png,1,0.774854302406311,0.10257968306541443,0.07085344940423965
Colon_clinicDB,15,current_shared,images/69.png,1,0.7793237566947937,0.45720601081848145,0.2736814022064209
Colon_clinicDB,15,current_shared,images/7.png,1,0.7683753967285156,0.9467577934265137,0.8811764121055603
Colon_clinicDB,15,current_shared,images/70.png,1,0.8003377914428711,0.9463506937026978,0.8966177105903625
Colon_clinicDB,15,current_shared,images/71.png,1,0.7748309373855591,0.001144253183156252,0.0007465596427209675
Colon_clinicDB,15,current_shared,images/72.png,1,0.7862589955329895,0.21663428843021393,0.1407008171081543
Colon_clinicDB,15,current_shared,images/73.png,1,0.7652353644371033,0.19307941198349,0.1306964010000229
Colon_clinicDB,15,current_shared,images/74.png,1,0.7772642970085144,0.016941703855991364,0.004977904260158539
Colon_clinicDB,15,current_shared,images/75.png,1,0.7721668481826782,0.018602322787046432,0.006926972884684801
Colon_clinicDB,15,current_shared,images/76.png,1,0.7752220034599304,0.6391403675079346,0.500596284866333
Colon_clinicDB,15,current_shared,images/77.png,1,0.7726191878318787,0.9728438854217529,0.9452519416809082
Colon_clinicDB,15,current_shared,images/78.png,1,0.8021166324615479,0.8491032123565674,0.7452386021614075
Colon_clinicDB,15,current_shared,images/79.png,1,0.7761978507041931,0.8277130722999573,0.5385144948959351
Colon_clinicDB,15,current_shared,images/8.png,1,0.7280789017677307,0.9376834630966187,0.891781210899353
Colon_clinicDB,15,current_shared,images/80.png,1,0.7772186994552612,0.7909507155418396,0.663002610206604
Colon_clinicDB,15,current_shared,images/81.png,1,0.7911965250968933,0.9668565392494202,0.9137618541717529
Colon_clinicDB,15,current_shared,images/82.png,1,0.773699939250946,0.8796398639678955,0.7530133724212646
Colon_clinicDB,15,current_shared,images/83.png,1,0.7904359102249146,0.996556282043457,0.9951009750366211
Colon_clinicDB,15,current_shared,images/84.png,1,0.788386881351471,0.9980328679084778,0.994342029094696
Colon_clinicDB,15,current_shared,images/85.png,1,0.7871914505958557,0.9069184064865112,0.8547472357749939
Colon_clinicDB,15,current_shared,images/86.png,1,0.795504093170166,0.995747983455658,0.9920806288719177
Colon_clinicDB,15,current_shared,images/87.png,1,0.7915646433830261,0.9450507760047913,0.9202587008476257
Colon_clinicDB,15,current_shared,images/88.png,1,0.796675980091095,0.9498594999313354,0.89690101146698
Colon_clinicDB,15,current_shared,images/89.png,1,0.7950308322906494,0.8180482387542725,0.6971753835678101
Colon_clinicDB,15,current_shared,images/9.png,1,0.7248461842536926,0.7308900356292725,0.5660187005996704
Colon_clinicDB,15,current_shared,images/90.png,1,0.7975813150405884,0.809943675994873,0.7067663669586182
Colon_clinicDB,15,current_shared,images/91.png,1,0.7909573912620544,0.8766589164733887,0.8223016262054443
Colon_clinicDB,15,current_shared,images/92.png,1,0.7850583791732788,0.7166802883148193,0.5189260840415955
Colon_clinicDB,15,current_shared,images/93.png,1,0.8003793358802795,0.9906190633773804,0.975376307964325
Colon_clinicDB,15,current_shared,images/94.png,1,0.7878558039665222,0.9889556765556335,0.9468352198600769
Colon_clinicDB,15,current_shared,images/95.png,1,0.7803807854652405,0.9869513511657715,0.9444296360015869
Colon_clinicDB,15,current_shared,images/96.png,1,0.7839656472206116,0.4583263695240021,0.22520460188388824
Colon_clinicDB,15,current_shared,images/97.png,1,0.7916985154151917,0.9982420206069946,0.9896733164787292
Colon_clinicDB,15,current_shared,images/98.png,1,0.7849351763725281,0.9117438793182373,0.8388859033584595
Colon_clinicDB,15,current_shared,images/99.png,1,0.7976391911506653,0.5916847586631775,0.5240376591682434
Colon_colonDB,15,current_shared,images/1.png,1,0.7011046409606934,0.5374908447265625,0.33582061529159546
Colon_colonDB,15,current_shared,images/10.png,1,0.7886936664581299,0.05842128396034241,0.029635410755872726
Colon_colonDB,15,current_shared,images/100.png,1,0.7870777249336243,0.8653377294540405,0.7062065005302429
Colon_colonDB,15,current_shared,images/101.png,1,0.7863497734069824,0.9652776122093201,0.8824962973594666
Colon_colonDB,15,current_shared,images/102.png,1,0.7578147649765015,0.37456998229026794,0.12222166359424591
Colon_colonDB,15,current_shared,images/103.png,1,0.7764379382133484,0.716372013092041,0.30624914169311523
Colon_colonDB,15,current_shared,images/104.png,1,0.7850862145423889,0.44882234930992126,0.30870935320854187
Colon_colonDB,15,current_shared,images/105.png,1,0.7711048722267151,0.6198124885559082,0.371054083108902
Colon_colonDB,15,current_shared,images/106.png,1,0.781991720199585,0.9680424928665161,0.9339117407798767
Colon_colonDB,15,current_shared,images/107.png,1,0.7935483455657959,0.8596310615539551,0.7583646774291992
Colon_colonDB,15,current_shared,images/108.png,1,0.7346486449241638,0.7907004952430725,0.5971878170967102
Colon_colonDB,15,current_shared,images/109.png,1,0.7678216099739075,0.21996547281742096,0.12628605961799622
Colon_colonDB,15,current_shared,images/11.png,1,0.7520809769630432,0.8512617945671082,0.722849428653717
Colon_colonDB,15,current_shared,images/110.png,1,0.752442479133606,0.10344686359167099,0.0527782142162323
Colon_colonDB,15,current_shared,images/111.png,1,0.7816106081008911,0.9543768763542175,0.911830484867096
Colon_colonDB,15,current_shared,images/112.png,1,0.7776991128921509,0.7921401262283325,0.5350370407104492
Colon_colonDB,15,current_shared,images/113.png,1,0.7584442496299744,0.8227449655532837,0.47010043263435364
Colon_colonDB,15,current_shared,images/114.png,1,0.7451196312904358,0.9902805089950562,0.984559953212738
Colon_colonDB,15,current_shared,images/115.png,1,0.6991551518440247,0.4650707542896271,0.1024201512336731
Colon_colonDB,15,current_shared,images/116.png,1,0.6917138695716858,0.7899365425109863,0.3142946660518646
Colon_colonDB,15,current_shared,images/117.png,1,0.7878525257110596,0.5688970685005188,0.3110457956790924
Colon_colonDB,15,current_shared,images/118.png,1,0.7825751900672913,0.8801150321960449,0.6890137195587158
Colon_colonDB,15,current_shared,images/119.png,1,0.7972270250320435,0.9332137703895569,0.8487496376037598
Colon_colonDB,15,current_shared,images/12.png,1,0.7588351368904114,0.037335626780986786,0.014122665859758854
Colon_colonDB,15,current_shared,images/120.png,1,0.8076205849647522,0.9260398745536804,0.8107779026031494
Colon_colonDB,15,current_shared,images/121.png,1,0.7574684023857117,0.3405561149120331,0.14581283926963806
Colon_colonDB,15,current_shared,images/122.png,1,0.7359990477561951,0.8380047082901001,0.7064942717552185
Colon_colonDB,15,current_shared,images/123.png,1,0.772454559803009,0.7316245436668396,0.5379551649093628
Colon_colonDB,15,current_shared,images/124.png,1,0.7420760989189148,0.9252299070358276,0.6484938263893127
Colon_colonDB,15,current_shared,images/125.png,1,0.772395670413971,0.9513422846794128,0.8717474341392517
Colon_colonDB,15,current_shared,images/126.png,1,0.7700951099395752,0.938023567199707,0.8646438717842102
Colon_colonDB,15,current_shared,images/127.png,1,0.7653933763504028,0.9210564494132996,0.8772942423820496
Colon_colonDB,15,current_shared,images/128.png,1,0.7653892636299133,0.11832326650619507,0.064028799533844
Colon_colonDB,15,current_shared,images/129.png,1,0.7796556353569031,0.2694261372089386,0.1584080010652542
Colon_colonDB,15,current_shared,images/13.png,1,0.7740992903709412,0.6496458649635315,0.4932120144367218
Colon_colonDB,15,current_shared,images/130.png,1,0.777941882610321,0.7856395840644836,0.48034995794296265
Colon_colonDB,15,current_shared,images/131.png,1,0.7210490107536316,0.21735180914402008,0.08672168105840683
Colon_colonDB,15,current_shared,images/132.png,1,0.7752190232276917,0.9619057774543762,0.8926283717155457
Colon_colonDB,15,current_shared,images/133.png,1,0.7655211091041565,0.8818330764770508,0.8042355179786682
Colon_colonDB,15,current_shared,images/134.png,1,0.7762688398361206,0.9466478228569031,0.8317601680755615
Colon_colonDB,15,current_shared,images/135.png,1,0.7847504615783691,0.7297999858856201,0.5411282181739807
Colon_colonDB,15,current_shared,images/136.png,1,0.7745870351791382,0.9408248662948608,0.8944143652915955
Colon_colonDB,15,current_shared,images/137.png,1,0.7938029766082764,0.3901015818119049,0.27030906081199646
Colon_colonDB,15,current_shared,images/138.png,1,0.7882909774780273,0.7160199880599976,0.5544461011886597
Colon_colonDB,15,current_shared,images/139.png,1,0.7346486449241638,0.7907004952430725,0.5971878170967102
Colon_colonDB,15,current_shared,images/14.png,1,0.7916144728660583,0.4155798554420471,0.31451648473739624
Colon_colonDB,15,current_shared,images/140.png,1,0.7702330350875854,0.19890156388282776,0.09593848884105682
Colon_colonDB,15,current_shared,images/141.png,1,0.7521493434906006,0.4489850699901581,0.3380820155143738
Colon_colonDB,15,current_shared,images/142.png,1,0.7667301893234253,0.40297991037368774,0.21150833368301392
Colon_colonDB,15,current_shared,images/143.png,1,0.7638553977012634,0.07232140004634857,0.04485344514250755
Colon_colonDB,15,current_shared,images/144.png,1,0.7569785118103027,0.4658043682575226,0.1559915393590927
Colon_colonDB,15,current_shared,images/145.png,1,0.7779920697212219,0.5178531408309937,0.37564295530319214
Colon_colonDB,15,current_shared,images/146.png,1,0.7610720992088318,0.2028786540031433,0.12700185179710388
Colon_colonDB,15,current_shared,images/147.png,1,0.7720040082931519,0.953204870223999,0.8872130513191223
Colon_colonDB,15,current_shared,images/148.png,1,0.7797530293464661,0.31643661856651306,0.19369730353355408
Colon_colonDB,15,current_shared,images/149.png,1,0.7845897674560547,0.3757053017616272,0.23547761142253876
Colon_colonDB,15,current_shared,images/15.png,1,0.7858105897903442,0.31457507610321045,0.17661356925964355
Colon_colonDB,15,current_shared,images/150.png,1,0.7666009664535522,0.11886868625879288,0.06253787130117416
Colon_colonDB,15,current_shared,images/151.png,1,0.7653753757476807,0.9830297827720642,0.9624128341674805
Colon_colonDB,15,current_shared,images/152.png,1,0.7797999978065491,0.49930936098098755,0.2917686402797699
Colon_colonDB,15,current_shared,images/153.png,1,0.7837527990341187,0.9632627964019775,0.8226895332336426
Colon_colonDB,15,current_shared,images/154.png,1,0.7631446123123169,0.9820038676261902,0.9404590129852295
Colon_colonDB,15,current_shared,images/155.png,1,0.7763799428939819,0.507201611995697,0.3466104567050934
Colon_colonDB,15,current_shared,images/156.png,1,0.6808570623397827,0.07348714023828506,0.032705243676900864
Colon_colonDB,15,current_shared,images/157.png,1,0.7166864275932312,0.3470391631126404,0.12092654407024384
Colon_colonDB,15,current_shared,images/158.png,1,0.7158922553062439,0.842647135257721,0.36151736974716187
Colon_colonDB,15,current_shared,images/159.png,1,0.7262077331542969,0.8681109547615051,0.5264948010444641
Colon_colonDB,15,current_shared,images/16.png,1,0.7603352069854736,0.6569321751594543,0.4252966642379761
Colon_colonDB,15,current_shared,images/160.png,1,0.7630389332771301,0.3594804108142853,0.13988831639289856
Colon_colonDB,15,current_shared,images/161.png,1,0.7705720067024231,0.4472913146018982,0.1484411507844925
Colon_colonDB,15,current_shared,images/162.png,1,0.7531830072402954,0.03774559870362282,0.006683506071567535
Colon_colonDB,15,current_shared,images/163.png,1,0.6853944063186646,0.01976919360458851,0.006964304018765688
Colon_colonDB,15,current_shared,images/164.png,1,0.7235518097877502,0.8250969648361206,0.5034335851669312
Colon_colonDB,15,current_shared,images/165.png,1,0.697270393371582,0.6111621856689453,0.29552507400512695
Colon_colonDB,15,current_shared,images/166.png,1,0.7082412838935852,0.00472891004756093,0.002516999840736389
Colon_colonDB,15,current_shared,images/167.png,1,0.7163382768630981,0.7321120500564575,0.39874595403671265
Colon_colonDB,15,current_shared,images/168.png,1,0.7013047337532043,0.46846044063568115,0.17326921224594116
Colon_colonDB,15,current_shared,images/169.png,1,0.7101482152938843,0.04450555145740509,0.012700124643743038
Colon_colonDB,15,current_shared,images/17.png,1,0.7461318969726562,0.8090013861656189,0.30771225690841675
Colon_colonDB,15,current_shared,images/170.png,1,0.7413232922554016,0.4678215980529785,0.30556273460388184
Colon_colonDB,15,current_shared,images/171.png,1,0.7526485323905945,0.09266618639230728,0.049112651497125626
Colon_colonDB,15,current_shared,images/172.png,1,0.7407413721084595,0.7263792753219604,0.39007195830345154
Colon_colonDB,15,current_shared,images/173.png,1,0.7045799493789673,0.47708553075790405,0.12353336066007614
Colon_colonDB,15,current_shared,images/174.png,1,0.7014198303222656,0.376870721578598,0.09028501808643341
Colon_colonDB,15,current_shared,images/175.png,1,0.6919196844100952,0.010875606909394264,0.004000131972134113
Colon_colonDB,15,current_shared,images/176.png,1,0.6693761944770813,0.028064902871847153,0.010683027096092701
Colon_colonDB,15,current_shared,images/177.png,1,0.7074169516563416,0.0698525458574295,0.021359659731388092
Colon_colonDB,15,current_shared,images/178.png,1,0.7380177974700928,0.06217590719461441,0.01810074970126152
Colon_colonDB,15,current_shared,images/179.png,1,0.7184102535247803,0.18105094134807587,0.07233833521604538
Colon_colonDB,15,current_shared,images/18.png,1,0.7951222658157349,0.15953999757766724,0.11447041481733322
Colon_colonDB,15,current_shared,images/180.png,1,0.7308661937713623,0.011797361075878143,0.002742666518315673
Colon_colonDB,15,current_shared,images/181.png,1,0.7038010954856873,0.06530338525772095,0.03743487596511841
Colon_colonDB,15,current_shared,images/182.png,1,0.6962237358093262,0.24866721034049988,0.1283225566148758
Colon_colonDB,15,current_shared,images/183.png,1,0.6952394247055054,0.04725705832242966,0.014304514043033123
Colon_colonDB,15,current_shared,images/184.png,1,0.6652034521102905,0.12813153862953186,0.04865792393684387
Colon_colonDB,15,current_shared,images/185.png,1,0.6718891859054565,0.21758735179901123,0.0679713562130928
Colon_colonDB,15,current_shared,images/186.png,1,0.690031886100769,0.191946879029274,0.03235814347863197
Colon_colonDB,15,current_shared,images/187.png,1,0.68234783411026,0.06965899467468262,0.017422543838620186
Colon_colonDB,15,current_shared,images/188.png,1,0.7204462885856628,0.09710061550140381,0.029072202742099762
Colon_colonDB,15,current_shared,images/189.png,1,0.7155788540840149,0.041351042687892914,0.026613645255565643
Colon_colonDB,15,current_shared,images/19.png,1,0.7853663563728333,0.27707773447036743,0.16797266900539398
Colon_colonDB,15,current_shared,images/190.png,1,0.6768773198127747,0.14189855754375458,0.056456588208675385
Colon_colonDB,15,current_shared,images/191.png,1,0.7532989978790283,0.03780069202184677,0.010398449376225471
Colon_colonDB,15,current_shared,images/192.png,1,0.7128137350082397,0.3922588527202606,0.091340072453022
Colon_colonDB,15,current_shared,images/193.png,1,0.7160763144493103,0.03808517009019852,0.011652945540845394
Colon_colonDB,15,current_shared,images/194.png,1,0.7040424942970276,0.012306412681937218,0.005049035884439945
Colon_colonDB,15,current_shared,images/195.png,1,0.7165462970733643,0.3139856159687042,0.11239954084157944
Colon_colonDB,15,current_shared,images/196.png,1,0.7322060465812683,0.7024949789047241,0.27954384684562683
Colon_colonDB,15,current_shared,images/197.png,1,0.7472296953201294,0.002927961992099881,0.0010840692557394505
Colon_colonDB,15,current_shared,images/198.png,1,0.6952394247055054,0.04725705832242966,0.014304514043033123
Colon_colonDB,15,current_shared,images/199.png,1,0.6802149415016174,0.04604339227080345,0.012970821931958199
Colon_colonDB,15,current_shared,images/2.png,1,0.75970059633255,0.021286126226186752,0.0033291573636233807
Colon_colonDB,15,current_shared,images/20.png,1,0.6853930950164795,0.4907130300998688,0.35976746678352356
Colon_colonDB,15,current_shared,images/200.png,1,0.6919152140617371,0.10993599146604538,0.02548867091536522
Colon_colonDB,15,current_shared,images/201.png,1,0.7255348563194275,0.4166423976421356,0.08622810244560242
Colon_colonDB,15,current_shared,images/202.png,1,0.6984915137290955,0.01573890447616577,0.004440097138285637
Colon_colonDB,15,current_shared,images/203.png,1,0.6768773198127747,0.14189855754375458,0.056456588208675385
Colon_colonDB,15,current_shared,images/204.png,1,0.6645326018333435,0.0019015752477571368,0.001054262393154204
Colon_colonDB,15,current_shared,images/205.png,1,0.7347236275672913,0.12979397177696228,0.07017694413661957
Colon_colonDB,15,current_shared,images/206.png,1,0.7726010084152222,0.2827339768409729,0.1513749659061432
Colon_colonDB,15,current_shared,images/207.png,1,0.7243934273719788,0.3767297565937042,0.2466670572757721
Colon_colonDB,15,current_shared,images/208.png,1,0.7570469379425049,0.19652937352657318,0.07165540009737015
Colon_colonDB,15,current_shared,images/209.png,1,0.7655127644538879,0.5481733679771423,0.2141530066728592
Colon_colonDB,15,current_shared,images/21.png,1,0.7913782596588135,0.9093965291976929,0.8093945980072021
Colon_colonDB,15,current_shared,images/210.png,1,0.7456918954849243,0.8068976402282715,0.5777902603149414
Colon_colonDB,15,current_shared,images/211.png,1,0.7532650232315063,0.4966652989387512,0.2132573127746582
Colon_colonDB,15,current_shared,images/212.png,1,0.7325878143310547,0.9711059331893921,0.9324166178703308
Colon_colonDB,15,current_shared,images/213.png,1,0.7328947186470032,0.9370181560516357,0.8516592979431152
Colon_colonDB,15,current_shared,images/214.png,1,0.737248957157135,0.6412283778190613,0.4017576575279236
Colon_colonDB,15,current_shared,images/215.png,1,0.7255548238754272,0.8878624439239502,0.8461961150169373
Colon_colonDB,15,current_shared,images/216.png,1,0.7386327385902405,0.6592662334442139,0.4178628623485565
Colon_colonDB,15,current_shared,images/217.png,1,0.7588673830032349,0.7909038066864014,0.4520779550075531
Colon_colonDB,15,current_shared,images/218.png,1,0.7616836428642273,0.2928222417831421,0.21275486052036285
Colon_colonDB,15,current_shared,images/219.png,1,0.7477763295173645,0.0623992383480072,0.0348743312060833
Colon_colonDB,15,current_shared,images/22.png,1,0.7978962659835815,0.6980526447296143,0.45670223236083984
Colon_colonDB,15,current_shared,images/220.png,1,0.7258797883987427,0.009737878106534481,0.0068143922835588455
Colon_colonDB,15,current_shared,images/221.png,1,0.7663527727127075,0.9595947861671448,0.9381260275840759
Colon_colonDB,15,current_shared,images/222.png,1,0.7531659603118896,0.9653520584106445,0.8581003546714783
Colon_colonDB,15,current_shared,images/223.png,1,0.7507843375205994,0.9129547476768494,0.7382606863975525
Colon_colonDB,15,current_shared,images/224.png,1,0.7517087459564209,0.8545076847076416,0.4883350133895874
Colon_colonDB,15,current_shared,images/225.png,1,0.7349472045898438,0.29638394713401794,0.09168551862239838
Colon_colonDB,15,current_shared,images/226.png,1,0.7204067707061768,0.4822920858860016,0.23542733490467072
Colon_colonDB,15,current_shared,images/227.png,1,0.7192069292068481,0.010799809359014034,0.0024721946101635695
Colon_colonDB,15,current_shared,images/228.png,1,0.7331653833389282,0.8317170739173889,0.38885927200317383
Colon_colonDB,15,current_shared,images/229.png,1,0.7317543625831604,0.4308585524559021,0.15557855367660522
Colon_colonDB,15,current_shared,images/23.png,1,0.7662230730056763,0.3549891412258148,0.11970029026269913
Colon_colonDB,15,current_shared,images/230.png,1,0.7372738718986511,0.5584191083908081,0.300808846950531
Colon_colonDB,15,current_shared,images/231.png,1,0.36609476804733276,4.307237395551056e-05,1.965926458069589e-05
Colon_colonDB,15,current_shared,images/232.png,1,0.7236976623535156,0.6851208806037903,0.5511176586151123
Colon_colonDB,15,current_shared,images/233.png,1,0.6977232694625854,0.6101581454277039,0.455406129360199
Colon_colonDB,15,current_shared,images/234.png,1,0.7332134246826172,0.06631600856781006,0.02885359153151512
Colon_colonDB,15,current_shared,images/235.png,1,0.7535908818244934,0.9930163621902466,0.9757813215255737
Colon_colonDB,15,current_shared,images/236.png,1,0.7003438472747803,0.923888087272644,0.8677962422370911
Colon_colonDB,15,current_shared,images/237.png,1,0.7262894511222839,0.3661245107650757,0.2087480127811432
Colon_colonDB,15,current_shared,images/238.png,1,0.7241086959838867,0.5261141657829285,0.3835231065750122
Colon_colonDB,15,current_shared,images/239.png,1,0.7261338829994202,0.045555707067251205,0.021123643964529037
Colon_colonDB,15,current_shared,images/24.png,1,0.7862274050712585,0.5103423595428467,0.2887805104255676
Colon_colonDB,15,current_shared,images/240.png,1,0.6922647953033447,0.08069861680269241,0.03620310500264168
Colon_colonDB,15,current_shared,images/241.png,1,0.7235704660415649,0.025061683729290962,0.004088570363819599
Colon_colonDB,15,current_shared,images/242.png,1,0.7291159629821777,0.13732261955738068,0.07047676295042038
Colon_colonDB,15,current_shared,images/243.png,1,0.7288133502006531,0.20238281786441803,0.10331080108880997
Colon_colonDB,15,current_shared,images/244.png,1,0.7349902391433716,4.845004514208995e-05,2.1634439690387808e-05
Colon_colonDB,15,current_shared,images/245.png,1,0.7291159629821777,0.13732261955738068,0.07047676295042038
Colon_colonDB,15,current_shared,images/246.png,1,0.7288133502006531,0.20238281786441803,0.10331080108880997
Colon_colonDB,15,current_shared,images/247.png,1,0.7349902391433716,4.845004514208995e-05,2.1634439690387808e-05
Colon_colonDB,15,current_shared,images/248.png,1,0.7291159629821777,0.13732261955738068,0.07047676295042038
Colon_colonDB,15,current_shared,images/249.png,1,0.7288133502006531,0.20238281786441803,0.10331080108880997
Colon_colonDB,15,current_shared,images/25.png,1,0.7915453910827637,0.8671389818191528,0.6561365723609924
Colon_colonDB,15,current_shared,images/250.png,1,0.7349902391433716,4.845004514208995e-05,2.1634439690387808e-05
Colon_colonDB,15,current_shared,images/251.png,1,0.7291159629821777,0.13732261955738068,0.07047676295042038
Colon_colonDB,15,current_shared,images/252.png,1,0.7288133502006531,0.20238281786441803,0.10331080108880997
Colon_colonDB,15,current_shared,images/253.png,1,0.7349902391433716,4.845004514208995e-05,2.1634439690387808e-05
Colon_colonDB,15,current_shared,images/254.png,1,0.7291159629821777,0.13732261955738068,0.07047676295042038
Colon_colonDB,15,current_shared,images/255.png,1,0.7288133502006531,0.20238281786441803,0.10331080108880997
Colon_colonDB,15,current_shared,images/256.png,1,0.7349902391433716,4.845004514208995e-05,2.1634439690387808e-05
Colon_colonDB,15,current_shared,images/257.png,1,0.7291159629821777,0.13732261955738068,0.07047676295042038
Colon_colonDB,15,current_shared,images/258.png,1,0.7288133502006531,0.20238281786441803,0.10331080108880997
Colon_colonDB,15,current_shared,images/259.png,1,0.7349902391433716,4.845004514208995e-05,2.1634439690387808e-05
Colon_colonDB,15,current_shared,images/26.png,1,0.7254639863967896,0.04139500856399536,0.026638520881533623
Colon_colonDB,15,current_shared,images/260.png,1,0.7291159629821777,0.13732261955738068,0.07047676295042038
Colon_colonDB,15,current_shared,images/261.png,1,0.7288133502006531,0.20238281786441803,0.10331080108880997
Colon_colonDB,15,current_shared,images/262.png,1,0.7349902391433716,4.845004514208995e-05,2.1634439690387808e-05
Colon_colonDB,15,current_shared,images/263.png,1,0.7291159629821777,0.13732261955738068,0.07047676295042038
Colon_colonDB,15,current_shared,images/264.png,1,0.7782338857650757,0.8793544769287109,0.48864513635635376
Colon_colonDB,15,current_shared,images/265.png,1,0.7814798355102539,0.005732148420065641,0.0023880256339907646
Colon_colonDB,15,current_shared,images/266.png,1,0.789610743522644,0.21476122736930847,0.059463467448949814
Colon_colonDB,15,current_shared,images/267.png,1,0.7890431880950928,0.2705936133861542,0.051473889499902725
Colon_colonDB,15,current_shared,images/268.png,1,0.7277497053146362,0.8973509669303894,0.49723923206329346
Colon_colonDB,15,current_shared,images/269.png,1,0.7589477896690369,0.9851340055465698,0.8451213240623474
Colon_colonDB,15,current_shared,images/27.png,1,0.7840806841850281,0.1240510493516922,0.02607095241546631
Colon_colonDB,15,current_shared,images/270.png,1,0.7534261345863342,0.0002238366287201643,5.629968654830009e-05
Colon_colonDB,15,current_shared,images/271.png,1,0.7782338857650757,0.8793544769287109,0.48864513635635376
Colon_colonDB,15,current_shared,images/272.png,1,0.7814798355102539,0.005732148420065641,0.0023880256339907646
Colon_colonDB,15,current_shared,images/273.png,1,0.7913788557052612,0.6676983833312988,0.38258790969848633
Colon_colonDB,15,current_shared,images/274.png,1,0.7154454588890076,0.0028322157450020313,0.0009502967586740851
Colon_colonDB,15,current_shared,images/275.png,1,0.736651599407196,0.0905085951089859,0.03856200724840164
Colon_colonDB,15,current_shared,images/276.png,1,0.7443987131118774,0.9040327072143555,0.8658144474029541
Colon_colonDB,15,current_shared,images/277.png,1,0.7542363405227661,0.39978644251823425,0.3146722912788391
Colon_colonDB,15,current_shared,images/278.png,1,0.6738864183425903,0.034299585968256,0.007389867212623358
Colon_colonDB,15,current_shared,images/279.png,1,0.6365689635276794,0.09928720444440842,0.031329743564128876
Colon_colonDB,15,current_shared,images/28.png,1,0.7638161778450012,0.5482105612754822,0.35491928458213806
Colon_colonDB,15,current_shared,images/280.png,1,0.7379683256149292,0.6547137498855591,0.4228472113609314
Colon_colonDB,15,current_shared,images/281.png,1,0.7135627865791321,0.5756482481956482,0.2912268042564392
Colon_colonDB,15,current_shared,images/282.png,1,0.7494025230407715,0.5137190222740173,0.3262556493282318
Colon_colonDB,15,current_shared,images/283.png,1,0.7275305390357971,0.7484418153762817,0.5062383413314819
Colon_colonDB,15,current_shared,images/284.png,1,0.7284083962440491,0.25438812375068665,0.10292539745569229
Colon_colonDB,15,current_shared,images/285.png,1,0.7539427280426025,0.344990074634552,0.16097144782543182
Colon_colonDB,15,current_shared,images/286.png,1,0.7603686451911926,0.8272666335105896,0.5949176549911499
Colon_colonDB,15,current_shared,images/287.png,1,0.6739510297775269,0.011073705740272999,0.007300227880477905
Colon_colonDB,15,current_shared,images/288.png,1,0.7248057723045349,0.019006431102752686,0.008170406334102154
Colon_colonDB,15,current_shared,images/289.png,1,0.7443987131118774,0.9040327072143555,0.8658144474029541
Colon_colonDB,15,current_shared,images/29.png,1,0.7460898756980896,0.597522497177124,0.34270280599594116
Colon_colonDB,15,current_shared,images/290.png,1,0.7564622163772583,0.33698734641075134,0.15064886212348938
Colon_colonDB,15,current_shared,images/291.png,1,0.7465261220932007,0.30448445677757263,0.20743036270141602
Colon_colonDB,15,current_shared,images/292.png,1,0.7563197612762451,0.06862213462591171,0.01996137946844101
Colon_colonDB,15,current_shared,images/293.png,1,0.7456523180007935,0.006768126040697098,0.00309618073515594
Colon_colonDB,15,current_shared,images/294.png,1,0.7154454588890076,0.0028322157450020313,0.0009502967586740851
Colon_colonDB,15,current_shared,images/295.png,1,0.736651599407196,0.0905085951089859,0.03856200724840164
Colon_colonDB,15,current_shared,images/296.png,1,0.7443987131118774,0.9040327072143555,0.8658144474029541
Colon_colonDB,15,current_shared,images/297.png,1,0.7542363405227661,0.39978644251823425,0.3146722912788391
Colon_colonDB,15,current_shared,images/298.png,1,0.6738864183425903,0.034299585968256,0.007389867212623358
Colon_colonDB,15,current_shared,images/299.png,1,0.6365689635276794,0.09928720444440842,0.031329743564128876
Colon_colonDB,15,current_shared,images/3.png,1,0.7093979120254517,0.06238894909620285,0.033804818987846375
Colon_colonDB,15,current_shared,images/30.png,1,0.7652796506881714,0.00871240720152855,0.003254476934671402
Colon_colonDB,15,current_shared,images/300.png,1,0.7379683256149292,0.6547137498855591,0.4228472113609314
Colon_colonDB,15,current_shared,images/301.png,1,0.7803519368171692,0.5355464816093445,0.4199293255805969
Colon_colonDB,15,current_shared,images/302.png,1,0.794029712677002,0.7224313020706177,0.6138802170753479
Colon_colonDB,15,current_shared,images/303.png,1,0.7882077097892761,0.8515581488609314,0.7797155976295471
Colon_colonDB,15,current_shared,images/304.png,1,0.7920090556144714,0.611491322517395,0.3399662673473358
Colon_colonDB,15,current_shared,images/305.png,1,0.7820746898651123,0.2653144598007202,0.17636609077453613
Colon_colonDB,15,current_shared,images/306.png,1,0.7813692688941956,0.09293092042207718,0.03909233212471008
Colon_colonDB,15,current_shared,images/307.png,1,0.7806326150894165,0.985124945640564,0.9691364169120789
Colon_colonDB,15,current_shared,images/308.png,1,0.7688170075416565,0.9410030245780945,0.8713921308517456
Colon_colonDB,15,current_shared,images/309.png,1,0.7680143713951111,0.4609810709953308,0.25687792897224426
Colon_colonDB,15,current_shared,images/31.png,1,0.7883340120315552,0.6439700722694397,0.5150601267814636
Colon_colonDB,15,current_shared,images/310.png,1,0.6101382970809937,0.10472823679447174,0.04320456087589264
Colon_colonDB,15,current_shared,images/311.png,1,0.7731659412384033,0.7398267984390259,0.5151733756065369
Colon_colonDB,15,current_shared,images/312.png,1,0.7867531776428223,0.9182907342910767,0.7974960207939148
Colon_colonDB,15,current_shared,images/313.png,1,0.7433010935783386,0.09460941702127457,0.03963841125369072
Colon_colonDB,15,current_shared,images/314.png,1,0.724439263343811,0.002501273062080145,0.0007898667245171964
Colon_colonDB,15,current_shared,images/315.png,1,0.7209107279777527,0.23729930818080902,0.14379212260246277
Colon_colonDB,15,current_shared,images/316.png,1,0.7476723790168762,0.07751138508319855,0.047906264662742615
Colon_colonDB,15,current_shared,images/317.png,1,0.7924947738647461,0.6893313527107239,0.5997540950775146
Colon_colonDB,15,current_shared,images/318.png,1,0.7751238942146301,0.7399439215660095,0.6133200526237488
Colon_colonDB,15,current_shared,images/319.png,1,0.7363225817680359,0.004982794634997845,0.0016991328448057175
Colon_colonDB,15,current_shared,images/32.png,1,0.7502110600471497,0.3120346963405609,0.1631404012441635
Colon_colonDB,15,current_shared,images/320.png,1,0.7665700316429138,0.032584499567747116,0.014676161110401154
Colon_colonDB,15,current_shared,images/321.png,1,0.7906748056411743,0.9545332193374634,0.9293867945671082
Colon_colonDB,15,current_shared,images/322.png,1,0.7878977060317993,0.8401029706001282,0.5450466275215149
Colon_colonDB,15,current_shared,images/323.png,1,0.8041844367980957,0.42912864685058594,0.28804367780685425
Colon_colonDB,15,current_shared,images/324.png,1,0.5545406341552734,0.010678433813154697,0.005735370796173811
Colon_colonDB,15,current_shared,images/325.png,1,0.46010616421699524,4.0722370613366365e-06,2.28732301366108e-06
Colon_colonDB,15,current_shared,images/326.png,1,0.7908244132995605,0.8407366275787354,0.6537526845932007
Colon_colonDB,15,current_shared,images/327.png,1,0.6600381135940552,5.151624918653397e-06,2.4053674678725656e-06
Colon_colonDB,15,current_shared,images/328.png,1,0.7984607815742493,0.005338078364729881,0.0007426801021210849
Colon_colonDB,15,current_shared,images/329.png,1,0.7628644108772278,0.0005375194596126676,0.0001392348640365526
Colon_colonDB,15,current_shared,images/33.png,1,0.7915890216827393,0.23839521408081055,0.18903248012065887
Colon_colonDB,15,current_shared,images/330.png,1,0.7898237705230713,0.7573943734169006,0.28933846950531006
Colon_colonDB,15,current_shared,images/331.png,1,0.6628391146659851,0.008486859500408173,0.0033416806254535913
Colon_colonDB,15,current_shared,images/332.png,1,0.8033527731895447,0.4410630166530609,0.1626511514186859
Colon_colonDB,15,current_shared,images/333.png,1,0.7918387055397034,0.6366364359855652,0.3680919408798218
Colon_colonDB,15,current_shared,images/334.png,1,0.8041120767593384,0.9628612399101257,0.9213157892227173
Colon_colonDB,15,current_shared,images/335.png,1,0.8135836720466614,0.3590148091316223,0.27020514011383057
Colon_colonDB,15,current_shared,images/336.png,1,0.8073104023933411,0.4916265904903412,0.31070613861083984
Colon_colonDB,15,current_shared,images/337.png,1,0.8052641153335571,0.7009804248809814,0.429850697517395
Colon_colonDB,15,current_shared,images/338.png,1,0.7978082895278931,0.6813992261886597,0.507832944393158
Colon_colonDB,15,current_shared,images/339.png,1,0.8011607527732849,0.596727728843689,0.4558350145816803
Colon_colonDB,15,current_shared,images/34.png,1,0.7910281419754028,0.7526941895484924,0.5905023217201233
Colon_colonDB,15,current_shared,images/340.png,1,0.7785640954971313,0.9548811316490173,0.8790698051452637
Colon_colonDB,15,current_shared,images/341.png,1,0.7594608664512634,0.46138569712638855,0.29695865511894226
Colon_colonDB,15,current_shared,images/342.png,1,0.6610351800918579,0.7453107237815857,0.642861545085907
Colon_colonDB,15,current_shared,images/343.png,1,0.7513174414634705,0.9198344945907593,0.7876351475715637
Colon_colonDB,15,current_shared,images/344.png,1,0.6880849003791809,0.8427963852882385,0.7473159432411194
Colon_colonDB,15,current_shared,images/345.png,1,0.6482845544815063,0.1649448722600937,0.10799744725227356
Colon_colonDB,15,current_shared,images/346.png,1,0.7629528641700745,0.33892714977264404,0.23504483699798584
Colon_colonDB,15,current_shared,images/347.png,1,0.774150013923645,0.2710605561733246,0.16630025207996368
Colon_colonDB,15,current_shared,images/348.png,1,0.7695561051368713,0.7686418294906616,0.6276206970214844
Colon_colonDB,15,current_shared,images/349.png,1,0.5103330016136169,0.006822827272117138,0.0029772052075713873
Colon_colonDB,15,current_shared,images/35.png,1,0.771274983882904,0.7043094038963318,0.41806918382644653
Colon_colonDB,15,current_shared,images/350.png,1,0.7226487994194031,0.8520254492759705,0.5371444225311279
Colon_colonDB,15,current_shared,images/351.png,1,0.7489417791366577,0.0029785975348204374,0.0009252100135199726
Colon_colonDB,15,current_shared,images/352.png,1,0.718452513217926,0.002101330319419503,0.00044547035940922797
Colon_colonDB,15,current_shared,images/353.png,1,0.7271745204925537,0.00044867777614854276,0.00012198619515402243
Colon_colonDB,15,current_shared,images/354.png,1,0.740804135799408,0.06727347522974014,0.04494302719831467
Colon_colonDB,15,current_shared,images/355.png,1,0.7720597386360168,0.7849658131599426,0.6574116945266724
Colon_colonDB,15,current_shared,images/356.png,1,0.7570288777351379,0.9555811285972595,0.8483837842941284
Colon_colonDB,15,current_shared,images/357.png,1,0.7479892373085022,0.7079032063484192,0.33538317680358887
Colon_colonDB,15,current_shared,images/358.png,1,0.7790156602859497,0.7959677577018738,0.5880492925643921
Colon_colonDB,15,current_shared,images/359.png,1,0.7711413502693176,0.5259822607040405,0.27123594284057617
Colon_colonDB,15,current_shared,images/36.png,1,0.8007880449295044,0.9303025603294373,0.8572379350662231
Colon_colonDB,15,current_shared,images/360.png,1,0.40121105313301086,4.062586413056124e-06,2.3532215891464148e-06
Colon_colonDB,15,current_shared,images/361.png,1,0.737930178642273,0.7116307020187378,0.36331966519355774
Colon_colonDB,15,current_shared,images/362.png,1,0.7591858506202698,0.5670775175094604,0.33060377836227417
Colon_colonDB,15,current_shared,images/363.png,1,0.7337658405303955,0.23594407737255096,0.1193670853972435
Colon_colonDB,15,current_shared,images/364.png,1,0.7512866258621216,0.013027011416852474,0.004717391915619373
Colon_colonDB,15,current_shared,images/365.png,1,0.7564321756362915,0.11671343445777893,0.06944983452558517
Colon_colonDB,15,current_shared,images/366.png,1,0.7451637387275696,0.24415497481822968,0.14529913663864136
Colon_colonDB,15,current_shared,images/367.png,1,0.7635069489479065,0.11321685463190079,0.041256923228502274
Colon_colonDB,15,current_shared,images/368.png,1,0.7515147924423218,0.06666578352451324,0.030287571251392365
Colon_colonDB,15,current_shared,images/369.png,1,0.7284203767776489,0.6213575005531311,0.29678773880004883
Colon_colonDB,15,current_shared,images/37.png,1,0.758986234664917,0.028783855959773064,0.014999838545918465
Colon_colonDB,15,current_shared,images/370.png,1,0.7126770615577698,0.4961996078491211,0.18836136162281036
Colon_colonDB,15,current_shared,images/371.png,1,0.7422323822975159,0.03311832249164581,0.01886056177318096
Colon_colonDB,15,current_shared,images/372.png,1,0.7258287668228149,0.22538551688194275,0.07633956521749496
Colon_colonDB,15,current_shared,images/373.png,1,0.7076793313026428,0.009209156967699528,0.0032920115627348423
Colon_colonDB,15,current_shared,images/374.png,1,0.6816445589065552,0.04625372961163521,0.015265415422618389
Colon_colonDB,15,current_shared,images/375.png,1,0.6588582396507263,0.0407596081495285,0.013838078826665878
Colon_colonDB,15,current_shared,images/376.png,1,0.6724076867103577,0.18872760236263275,0.051117826253175735
Colon_colonDB,15,current_shared,images/377.png,1,0.6698502898216248,0.02981705032289028,0.007900511845946312
Colon_colonDB,15,current_shared,images/378.png,1,0.7051990628242493,0.18965303897857666,0.05348978191614151
Colon_colonDB,15,current_shared,images/379.png,1,0.687329888343811,0.0034851424861699343,0.0011904382845386863
Colon_colonDB,15,current_shared,images/38.png,1,0.7811422944068909,0.7034640312194824,0.4353981614112854
Colon_colonDB,15,current_shared,images/380.png,1,0.7857633233070374,0.3418952524662018,0.22686201333999634
Colon_colonDB,15,current_shared,images/39.png,1,0.7587112784385681,0.818219006061554,0.5224157571792603
Colon_colonDB,15,current_shared,images/4.png,1,0.47360268235206604,2.9506005375878885e-05,1.0336614650441334e-05
Colon_colonDB,15,current_shared,images/40.png,1,0.7518141269683838,0.8398736119270325,0.6264957785606384
Colon_colonDB,15,current_shared,images/41.png,1,0.7552909255027771,0.9597642421722412,0.9000433683395386
Colon_colonDB,15,current_shared,images/42.png,1,0.7624787092208862,0.8851801753044128,0.6151789426803589
Colon_colonDB,15,current_shared,images/43.png,1,0.7636422514915466,0.9107447862625122,0.6356781721115112
Colon_colonDB,15,current_shared,images/44.png,1,0.7784265875816345,0.9746679067611694,0.9216970801353455
Colon_colonDB,15,current_shared,images/45.png,1,0.7803772687911987,0.9826089143753052,0.9515175223350525
Colon_colonDB,15,current_shared,images/46.png,1,0.7651538252830505,0.9789774417877197,0.8440325260162354
Colon_colonDB,15,current_shared,images/47.png,1,0.7561057209968567,0.9825649261474609,0.9523560404777527
Colon_colonDB,15,current_shared,images/48.png,1,0.7633229494094849,0.9575374126434326,0.8645524382591248
Colon_colonDB,15,current_shared,images/49.png,1,0.7819480299949646,0.9733214378356934,0.9352838397026062
Colon_colonDB,15,current_shared,images/5.png,1,0.7711796164512634,0.9838544726371765,0.967410147190094
Colon_colonDB,15,current_shared,images/50.png,1,0.7671237587928772,0.5285334587097168,0.3049979507923126
Colon_colonDB,15,current_shared,images/51.png,1,0.7454541921615601,0.8278923034667969,0.6124881505966187
Colon_colonDB,15,current_shared,images/52.png,1,0.7648967504501343,0.9759742617607117,0.9334637522697449
Colon_colonDB,15,current_shared,images/53.png,1,0.7550320029258728,0.7545447945594788,0.5697838664054871
Colon_colonDB,15,current_shared,images/54.png,1,0.754172146320343,0.950566291809082,0.8852020502090454
Colon_colonDB,15,current_shared,images/55.png,1,0.7680800557136536,0.958113968372345,0.9203848838806152
Colon_colonDB,15,current_shared,images/56.png,1,0.7700617909431458,0.7653692960739136,0.6674700975418091
Colon_colonDB,15,current_shared,images/57.png,1,0.7763808965682983,0.8895058631896973,0.8191069960594177
Colon_colonDB,15,current_shared,images/58.png,1,0.764487087726593,0.8526030778884888,0.7252150774002075
Colon_colonDB,15,current_shared,images/59.png,1,0.7663442492485046,0.9180553555488586,0.7847121953964233
Colon_colonDB,15,current_shared,images/6.png,1,0.7557855248451233,0.5867304801940918,0.41836416721343994
Colon_colonDB,15,current_shared,images/60.png,1,0.7658365368843079,0.9434800744056702,0.8367693424224854
Colon_colonDB,15,current_shared,images/61.png,1,0.7522748708724976,0.8715196251869202,0.40597811341285706
Colon_colonDB,15,current_shared,images/62.png,1,0.7665789723396301,0.5993421077728271,0.45374616980552673
Colon_colonDB,15,current_shared,images/63.png,1,0.7776535749435425,0.4597335159778595,0.3675706684589386
Colon_colonDB,15,current_shared,images/64.png,1,0.7690111398696899,0.06158960983157158,0.026325291022658348
Colon_colonDB,15,current_shared,images/65.png,1,0.7575117349624634,0.822571337223053,0.7020188570022583
Colon_colonDB,15,current_shared,images/66.png,1,0.7626878023147583,0.0865386500954628,0.04759611561894417
Colon_colonDB,15,current_shared,images/67.png,1,0.7558347582817078,0.6587800979614258,0.2982015907764435
Colon_colonDB,15,current_shared,images/68.png,1,0.7577546834945679,0.5795533657073975,0.3231225609779358
Colon_colonDB,15,current_shared,images/69.png,1,0.7613415122032166,0.9098690748214722,0.5578136444091797
Colon_colonDB,15,current_shared,images/7.png,1,0.7403920888900757,0.4668347239494324,0.3085414171218872
Colon_colonDB,15,current_shared,images/70.png,1,0.7637873888015747,0.7344548106193542,0.29278746247291565
Colon_colonDB,15,current_shared,images/71.png,1,0.7647314071655273,0.8520979881286621,0.41182661056518555
Colon_colonDB,15,current_shared,images/72.png,1,0.7619540095329285,0.9903076887130737,0.9304379224777222
Colon_colonDB,15,current_shared,images/73.png,1,0.7888522148132324,0.9244463443756104,0.7982219457626343
Colon_colonDB,15,current_shared,images/74.png,1,0.764809787273407,0.5434183478355408,0.16191619634628296
Colon_colonDB,15,current_shared,images/75.png,1,0.764168381690979,0.00140163314063102,0.000354983116267249
Colon_colonDB,15,current_shared,images/76.png,1,0.7758339047431946,0.45492392778396606,0.23159992694854736
Colon_colonDB,15,current_shared,images/77.png,1,0.7258240580558777,0.009979396127164364,0.0054236180149018764
Colon_colonDB,15,current_shared,images/78.png,1,0.7484139204025269,0.06876647472381592,0.02898290380835533
Colon_colonDB,15,current_shared,images/79.png,1,0.7370288372039795,0.12355943024158478,0.03487526997923851
Colon_colonDB,15,current_shared,images/8.png,1,0.7278394103050232,0.5587119460105896,0.30247262120246887
Colon_colonDB,15,current_shared,images/80.png,1,0.7529483437538147,0.14457234740257263,0.038677435368299484
Colon_colonDB,15,current_shared,images/81.png,1,0.7384751439094543,0.030863797292113304,0.008078140206634998
Colon_colonDB,15,current_shared,images/82.png,1,0.7440540194511414,0.07982056587934494,0.01828940398991108
Colon_colonDB,15,current_shared,images/83.png,1,0.7613028883934021,0.3030341565608978,0.22246769070625305
Colon_colonDB,15,current_shared,images/84.png,1,0.708421528339386,0.3688088059425354,0.2171202003955841
Colon_colonDB,15,current_shared,images/85.png,1,0.7334738373756409,0.027064241468906403,0.004958389792591333
Colon_colonDB,15,current_shared,images/86.png,1,0.7220891714096069,0.015617427416145802,0.002972614485770464
Colon_colonDB,15,current_shared,images/87.png,1,0.7118061184883118,0.031097175553441048,0.005768956150859594
Colon_colonDB,15,current_shared,images/88.png,1,0.724949300289154,0.005994394421577454,0.0013593577314168215
Colon_colonDB,15,current_shared,images/89.png,1,0.746814489364624,0.448724627494812,0.13771475851535797
Colon_colonDB,15,current_shared,images/9.png,1,0.725791871547699,0.024393070489168167,0.013050471432507038
Colon_colonDB,15,current_shared,images/90.png,1,0.7703188061714172,0.008231394924223423,0.003014772664755583
Colon_colonDB,15,current_shared,images/91.png,1,0.7662041187286377,0.201577290892601,0.07446254789829254
Colon_colonDB,15,current_shared,images/92.png,1,0.7208797931671143,0.1270654797554016,0.045202262699604034
Colon_colonDB,15,current_shared,images/93.png,1,0.7737165689468384,0.6545354127883911,0.2911217510700226
Colon_colonDB,15,current_shared,images/94.png,1,0.7433327436447144,0.18713682889938354,0.047037191689014435
Colon_colonDB,15,current_shared,images/95.png,1,0.7832680344581604,0.24726471304893494,0.087976835668087
Colon_colonDB,15,current_shared,images/96.png,1,0.7522562742233276,0.1643228828907013,0.049058884382247925
Colon_colonDB,15,current_shared,images/97.png,1,0.762551486492157,0.07774212211370468,0.019024496898055077
Colon_colonDB,15,current_shared,images/98.png,1,0.7720038890838623,0.9532061815261841,0.8872179388999939
Colon_colonDB,15,current_shared,images/99.png,1,0.7797530293464661,0.31644171476364136,0.1936952918767929
Colon_Kvasir,15,current_shared,images/cju0qkwl35piu0993l0dewei2.png,1,0.8164746165275574,0.8980854153633118,0.849012017250061
Colon_Kvasir,15,current_shared,images/cju0qoxqj9q6s0835b43399p4.png,1,0.7789730429649353,0.6121195554733276,0.2387351542711258
Colon_Kvasir,15,current_shared,images/cju0qx73cjw570799j4n5cjze.png,1,0.8135284185409546,0.9247146248817444,0.805340588092804
Colon_Kvasir,15,current_shared,images/cju0roawvklrq0799vmjorwfv.png,1,0.788200318813324,0.9953560829162598,0.9880298376083374
Colon_Kvasir,15,current_shared,images/cju0rx1idathl0835detmsp84.png,1,0.793130099773407,0.9329421520233154,0.7070611119270325
Colon_Kvasir,15,current_shared,images/cju0s2a9ekvms080138tjjpxr.png,1,0.7803465127944946,0.10764593631029129,0.07890215516090393
Colon_Kvasir,15,current_shared,images/cju0s690hkp960855tjuaqvv0.png,1,0.8113059997558594,0.9056655764579773,0.7093340158462524
Colon_Kvasir,15,current_shared,images/cju0sr5ghl0nd08789uzf1raf.png,1,0.819789469242096,0.7872340083122253,0.6301533579826355
Colon_Kvasir,15,current_shared,images/cju0sxqiclckk08551ycbwhno.png,1,0.7815911769866943,0.7987037897109985,0.5477633476257324
Colon_Kvasir,15,current_shared,images/cju0t4oil7vzk099370nun5h9.png,1,0.7833259105682373,0.6726260185241699,0.2937160134315491
Colon_Kvasir,15,current_shared,images/cju0tl3uz8blh0993wxvn7ly3.png,1,0.7863484025001526,0.9718641042709351,0.9468010067939758
Colon_Kvasir,15,current_shared,images/cju0u2g7pmnux0801vkk47ivj.png,1,0.8026622533798218,0.9767976999282837,0.9409971237182617
Colon_Kvasir,15,current_shared,images/cju0u82z3cuma0835wlxrnrjv.png,1,0.8060333132743835,0.9920188784599304,0.9835732579231262
Colon_Kvasir,15,current_shared,images/cju0ue769mxii08019zqgdbxn.png,1,0.7947518229484558,0.9879283308982849,0.9757832288742065
Colon_Kvasir,15,current_shared,images/cju0vtox5ain6099360pu62rp.png,1,0.7975473403930664,0.7071365118026733,0.37057337164878845
Colon_Kvasir,15,current_shared,images/cju13cgqmnhwn0988yrainhcp.png,1,0.7899221777915955,0.9415996670722961,0.8788818120956421
Colon_Kvasir,15,current_shared,images/cju13fwthn9mq0835gacxgy01.png,1,0.8067955374717712,0.9625139832496643,0.9366180300712585
Colon_Kvasir,15,current_shared,images/cju13hp5rnbjx0835bf0jowgx.png,1,0.7681467533111572,0.5988695025444031,0.43915116786956787
Colon_Kvasir,15,current_shared,images/cju14g8o4xui30878gkgbrvqj.png,1,0.7963361144065857,0.15128664672374725,0.042787618935108185
Colon_Kvasir,15,current_shared,images/cju14hjh2ob2o0835ouz3r5aa.png,1,0.7881718873977661,0.9976740479469299,0.996052086353302
Colon_Kvasir,15,current_shared,images/cju14pxbaoksp0835qzorx6g6.png,1,0.7821940779685974,0.756427526473999,0.6319863200187683
Colon_Kvasir,15,current_shared,images/cju15czxqp3lv0835jvhgzurz.png,1,0.8024762868881226,0.9913711547851562,0.9771366715431213
Colon_Kvasir,15,current_shared,images/cju15jr8jz8sb0855ukmkswkz.png,1,0.8113389611244202,0.8906943202018738,0.8057770729064941
Colon_Kvasir,15,current_shared,images/cju15l5ubz9yh0855b3ivdpse.png,1,0.7932984828948975,0.006825975142419338,0.003657590365037322
Colon_Kvasir,15,current_shared,images/cju15mhjczc8z0801kit5c6di.png,1,0.7904211282730103,0.9255592226982117,0.8219738006591797
Colon_Kvasir,15,current_shared,images/cju15ptjtppz40988odsm9azx.png,1,0.7965030670166016,0.9055089950561523,0.839772641658783
Colon_Kvasir,15,current_shared,images/cju15wdt3zla10801odjiw7sy.png,1,0.7851816415786743,0.18607844412326813,0.11836328357458115
Colon_Kvasir,15,current_shared,images/cju160wshltz10993i1gmqxbe.png,1,0.7627207636833191,0.01784483715891838,0.0058576082810759544
Colon_Kvasir,15,current_shared,images/cju16ach3m1da0993r1dq3sn2.png,1,0.8103942275047302,0.9989737272262573,0.9982942938804626
Colon_Kvasir,15,current_shared,images/cju16b6ynq8e40988m8vx0xnj.png,1,0.7914928793907166,0.8670268654823303,0.5201950669288635
Colon_Kvasir,15,current_shared,images/cju16d65tzw9d0799ouslsw25.png,1,0.7632493376731873,0.9227132797241211,0.73457270860672
Colon_Kvasir,15,current_shared,images/cju16fpvhzypl0799p9phnlx6.png,1,0.8021641969680786,0.8056305050849915,0.741108775138855
Colon_Kvasir,15,current_shared,images/cju16jgnyzp970878melv7r25.png,1,0.7890043258666992,0.6695046424865723,0.27677223086357117
Colon_Kvasir,15,current_shared,images/cju16whaj0e7n0855q7b6cjkm.png,1,0.7819467782974243,0.594780683517456,0.3602979779243469
Colon_Kvasir,15,current_shared,images/cju171py4qiha0835u8sl59ds.png,1,0.7762489318847656,0.8855006694793701,0.797333300113678
Colon_Kvasir,15,current_shared,images/cju175facms5f0993a5tjikvt.png,1,0.8092339634895325,0.9957581162452698,0.9926804900169373
Colon_Kvasir,15,current_shared,images/cju17bz250pgd0799u1hqkj5u.png,1,0.795354425907135,0.5045015811920166,0.2823420464992523
Colon_Kvasir,15,current_shared,images/cju17g6ykn1cs0993dww6qdi8.png,1,0.8149550557136536,0.9306762218475342,0.8834676146507263
Colon_Kvasir,15,current_shared,images/cju17hw9hr9c5098800fu4u8e.png,1,0.8044830560684204,0.028226088732481003,0.011691717430949211
Colon_Kvasir,15,current_shared,images/cju17otoe119u0799nqcbl8n1.png,1,0.8069451451301575,0.9981862902641296,0.9940845966339111
Colon_Kvasir,15,current_shared,images/cju17r8il13910799dr2wme2e.png,1,0.7938002347946167,0.9519649744033813,0.8425915241241455
Colon_Kvasir,15,current_shared,images/cju17v6ih0u7808783zcbg1jy.png,1,0.7938521504402161,0.9766839742660522,0.929898202419281
Colon_Kvasir,15,current_shared,images/cju17x0j4nfc10993y31pvlgs.png,1,0.7779814004898071,0.8772242665290833,0.7787578701972961
Colon_Kvasir,15,current_shared,images/cju17z0qongpa0993de4boim4.png,1,0.8003860116004944,0.947797954082489,0.9127392172813416
Colon_Kvasir,15,current_shared,images/cju1819curo000988pd5xcqme.png,1,0.8068660497665405,0.9865856170654297,0.9718418121337891
Colon_Kvasir,15,current_shared,images/cju183od81ff608017ekzif89.png,1,0.8048754334449768,0.8700892329216003,0.7375218868255615
Colon_Kvasir,15,current_shared,images/cju1871y11d6r0799k6cw4yze.png,1,0.7711370587348938,0.6126892566680908,0.4945991635322571
Colon_Kvasir,15,current_shared,images/cju18849rrsgr0988p90hkygb.png,1,0.7835090160369873,0.5205224752426147,0.3893049359321594
Colon_Kvasir,15,current_shared,images/cju18gzrq18zw0878wbf4ftw6.png,1,0.7588751316070557,0.0009871822549030185,0.0006064136396162212
Colon_Kvasir,15,current_shared,images/cju18ibp219ub08783i6o98g7.png,1,0.7923274040222168,0.8161205053329468,0.5200108885765076
Colon_Kvasir,15,current_shared,images/cju18kevfrojc0835bn90f1in.png,1,0.7951566576957703,0.3488716185092926,0.13346248865127563
Colon_Kvasir,15,current_shared,images/cju1alwgo30z60855fm3y23sm.png,1,0.8183808922767639,0.9755557775497437,0.9699845314025879
Colon_Kvasir,15,current_shared,images/cju1amqw6p8pw0993d9gc5crl.png,1,0.748056173324585,0.05367089807987213,0.02012927457690239
Colon_Kvasir,15,current_shared,images/cju1aqqv02qwz0878a5cyhr67.png,1,0.8102027177810669,0.9974383115768433,0.9873825311660767
Colon_Kvasir,15,current_shared,images/cju1ats0y372e08011yazcsxm.png,1,0.8155008554458618,0.3123369514942169,0.16991356015205383
Colon_Kvasir,15,current_shared,images/cju1b0y2e396p08558ois175d.png,1,0.7430400252342224,0.9786884784698486,0.9530866146087646
Colon_Kvasir,15,current_shared,images/cju1b3zgj3d8e0801kpolea6c.png,1,0.8014714121818542,0.08105359226465225,0.056262463331222534
Colon_Kvasir,15,current_shared,images/cju1b75x63ddl0799sdp0i2j3.png,1,0.7831835746765137,0.18063150346279144,0.11032597720623016
Colon_Kvasir,15,current_shared,images/cju1bhnfitmge0835ynls0l6b.png,1,0.7664104700088501,0.06345111131668091,0.03387443348765373
Colon_Kvasir,15,current_shared,images/cju1bm8063nmh07996rsjjemq.png,1,0.8111255764961243,0.9978633522987366,0.9916208386421204
Colon_Kvasir,15,current_shared,images/cju1brhsj3rls0855a1vgdlen.png,1,0.7732712626457214,0.3321627676486969,0.14154766499996185
Colon_Kvasir,15,current_shared,images/cju1c0qb4tzi308355wtsnp0y.png,1,0.8005824685096741,0.3511325716972351,0.09624949842691422
Colon_Kvasir,15,current_shared,images/cju1c3218411b08014g9f6gig.png,1,0.7827138900756836,0.9582491517066956,0.9234961867332458
Colon_Kvasir,15,current_shared,images/cju1c4fcu40hl07992b8gj0c8.png,1,0.7875142693519592,0.9870496392250061,0.9613425731658936
Colon_Kvasir,15,current_shared,images/cju1c6yfz42md08550zgoz3pw.png,1,0.8113994002342224,0.6637054681777954,0.4509086310863495
Colon_Kvasir,15,current_shared,images/cju1c8ffau5770835g0g343o8.png,1,0.8026612401008606,0.9549195170402527,0.859281599521637
Colon_Kvasir,15,current_shared,images/cju1cbokpuiw70988j4lq1fpi.png,1,0.8031120896339417,0.9631051421165466,0.8988268375396729
Colon_Kvasir,15,current_shared,images/cju1cdxvz48hw0801i0fjwcnk.png,1,0.8024802207946777,0.1730857640504837,0.07969515770673752
Colon_Kvasir,15,current_shared,images/cju1cfhyg48bb0799cl5pr2jh.png,1,0.7578659653663635,0.9066636562347412,0.8699319958686829
Colon_Kvasir,15,current_shared,images/cju1cj3f0qi5n0993ut8f49rj.png,1,0.7815991044044495,0.9392228722572327,0.9154780507087708
Colon_Kvasir,15,current_shared,images/cju1cnnziug1l0835yh4ropyg.png,1,0.8047087788581848,0.6641528606414795,0.5092543959617615
Colon_Kvasir,15,current_shared,images/cju1cqc7n4gpy0855jt246k68.png,1,0.7772040963172913,0.057912830263376236,0.03758487105369568
Colon_Kvasir,15,current_shared,images/cju1csmlc4ht10799b8ymmghg.png,1,0.774499237537384,0.5585869550704956,0.3789844512939453
Colon_Kvasir,15,current_shared,images/cju1cu1u2474n0878tt7v4tdr.png,1,0.7508836388587952,0.11062619835138321,0.03233691677451134
Colon_Kvasir,15,current_shared,images/cju1cvkfwqrec0993wbp1jlzm.png,1,0.7933213114738464,0.9025683999061584,0.7612705230712891
Colon_Kvasir,15,current_shared,images/cju1cyjb5qtie0993njqne9m3.png,1,0.6975165605545044,0.5605176687240601,0.35754022002220154
Colon_Kvasir,15,current_shared,images/cju1d31sp4d4k0878r3fr02ul.png,1,0.8022929430007935,0.3248673379421234,0.21307381987571716
Colon_Kvasir,15,current_shared,images/cju1d50a94qf50855wsowacrc.png,1,0.7993323802947998,0.022531460970640182,0.00760154752060771
Colon_Kvasir,15,current_shared,images/cju1d96gsv62d09881b3wecw2.png,1,0.8139108419418335,0.9666740298271179,0.9270769953727722
Colon_Kvasir,15,current_shared,images/cju1ddr6p4k5z08780uuuzit2.png,1,0.7559345960617065,0.9558179378509521,0.9440919756889343
Colon_Kvasir,15,current_shared,images/cju1dfeupuzlw0835gnxip369.png,1,0.7758827209472656,0.06908860802650452,0.03921496495604515
Colon_Kvasir,15,current_shared,images/cju1dg44i4z3w0801nyz4p6zf.png,1,0.7145230174064636,0.24899506568908691,0.16835863888263702
Colon_Kvasir,15,current_shared,images/cju1dhfok4mhe0878jlgrag0h.png,1,0.7893913984298706,0.8723798990249634,0.748757541179657
Colon_Kvasir,15,current_shared,images/cju1dia8hvc6v098827mgffnm.png,1,0.8082326650619507,0.8645257353782654,0.7317302227020264
Colon_Kvasir,15,current_shared,images/cju1djtprvd7b0988thwwrg09.png,1,0.7819274067878723,0.9917091727256775,0.9717320203781128
Colon_Kvasir,15,current_shared,images/cju1dnz61vfp40988e78bkjga.png,1,0.7902476787567139,0.9670844078063965,0.9300182461738586
Colon_Kvasir,15,current_shared,images/cju1dq3x1vgx109889c7wyirg.png,1,0.7572838664054871,0.8261910676956177,0.5685948729515076
Colon_Kvasir,15,current_shared,images/cju1drnhbrb9409935wi7vkhg.png,1,0.8054346442222595,0.9769743084907532,0.8379430174827576
Colon_Kvasir,15,current_shared,images/cju1efbr0rqxz09931z0lf4vf.png,1,0.799653947353363,0.966585636138916,0.9453686475753784
Colon_Kvasir,15,current_shared,images/cju1egh885m1l0855ci1lt37c.png,1,0.7621665000915527,0.10219369828701019,0.05001441016793251
Colon_Kvasir,15,current_shared,images/cju1egx9pvz2n0988eoy8jp23.png,1,0.8013398051261902,0.9973649382591248,0.9959562420845032
Colon_Kvasir,15,current_shared,images/cju1ejj7dvqfa0835ra184v5m.png,1,0.7855836749076843,0.7675415873527527,0.6275361776351929
Colon_Kvasir,15,current_shared,images/cju1erep75us208553i4ofwwe.png,1,0.7949040532112122,0.7303484082221985,0.5522904992103577
Colon_Kvasir,15,current_shared,images/cju1euant5l960878iqj5vvto.png,1,0.7862281203269958,0.990903913974762,0.9768170118331909
Colon_Kvasir,15,current_shared,images/cju1euuc65wm00799m4sjdnnn.png,1,0.7913739085197449,0.47053247690200806,0.3401675820350647
Colon_Kvasir,15,current_shared,images/cju1ewnoh5z030855vpex9uzt.png,1,0.7851253747940063,0.8973785638809204,0.802201509475708
Colon_Kvasir,15,current_shared,images/cju1expq45zst0855rjqwwj4m.png,1,0.799771249294281,0.7758851647377014,0.6731793284416199
Colon_Kvasir,15,current_shared,images/cju1f15k3w4ct0835cmde6ypo.png,1,0.8079289793968201,0.859961748123169,0.7977877259254456
Colon_Kvasir,15,current_shared,images/cju1f320ewfyu0988ndz6blh5.png,1,0.7997120022773743,0.722483217716217,0.6231828927993774
Colon_Kvasir,15,current_shared,images/cju1f5x1164xv08555654c24r.png,1,0.7211095690727234,0.49362266063690186,0.2442495971918106
Colon_Kvasir,15,current_shared,images/cju1f79yhsb5w0993txub59ol.png,1,0.8037672638893127,0.41591477394104004,0.16492711007595062
Colon_Kvasir,15,current_shared,images/cju1f8w0t65en0799m9oacq0q.png,1,0.8086408972740173,0.9567921161651611,0.9386663436889648
Colon_Kvasir,15,current_shared,images/cju1fb9236a110801yvg0fwju.png,1,0.7841215133666992,0.9808165431022644,0.9434900283813477
Colon_Kvasir,15,current_shared,images/cju1ffnjn6ctm08015perkg37.png,1,0.7890481948852539,0.9671798348426819,0.9390050768852234
Colon_Kvasir,15,current_shared,images/cju1fj6axwfp30835ukhuzhw9.png,1,0.6692143082618713,0.9035703539848328,0.8163236379623413
Colon_Kvasir,15,current_shared,images/cju1fjsb4sipq09931lvd8e41.png,1,0.7812597155570984,0.8317542672157288,0.6049222350120544
Colon_Kvasir,15,current_shared,images/cju1fm3id6gl50801r3fok20c.png,1,0.7754133939743042,0.44761911034584045,0.13610540330410004
Colon_Kvasir,15,current_shared,images/cju1fmsyf6gxb0801cimx2gle.png,1,0.7922049760818481,0.5423693656921387,0.4378288686275482
Colon_Kvasir,15,current_shared,images/cju1fr4etsmrr09933u4t4aql.png,1,0.7962549328804016,0.9671630859375,0.8608440160751343
Colon_Kvasir,15,current_shared,images/cju1ftaji6isw0855108yqcse.png,1,0.7935596704483032,0.798550546169281,0.740801990032196
Colon_Kvasir,15,current_shared,images/cju1fuoa4wmc50835qfd11sp9.png,1,0.7780858874320984,0.9737733006477356,0.9513217806816101
Colon_Kvasir,15,current_shared,images/cju1fyb1d69et0878muzdak9u.png,1,0.8007258176803589,0.024253062903881073,0.008124426938593388
Colon_Kvasir,15,current_shared,images/cju1g20bdwq6u0835e16xugcd.png,1,0.8020157217979431,0.7536830306053162,0.3810286223888397
Colon_Kvasir,15,current_shared,images/cju1g4nsb6ngy0799l4ezm8ab.png,1,0.7836394309997559,0.1670476347208023,0.08625558763742447
Colon_Kvasir,15,current_shared,images/cju1gghyjwxt80835vx0wgxw0.png,1,0.7998918294906616,0.7546356916427612,0.5753481984138489
Colon_Kvasir,15,current_shared,images/cju1gi7jlwyld0835cdf6g6qz.png,1,0.8053921461105347,0.8706510663032532,0.7202917337417603
Colon_Kvasir,15,current_shared,images/cju1gkndf6yi10801o1qnje19.png,1,0.8139535784721375,0.827769935131073,0.7637258172035217
Colon_Kvasir,15,current_shared,images/cju1gv7106qd008784gk603mg.png,1,0.8000348806381226,0.5835193991661072,0.3799525797367096
Colon_Kvasir,15,current_shared,images/cju1h5w4wxajx0835mc954kxy.png,1,0.7927292585372925,0.9985882639884949,0.9980137944221497
Colon_Kvasir,15,current_shared,images/cju1h89h6xbnx08352k2790o9.png,1,0.7857839465141296,0.7250592708587646,0.49541768431663513
Colon_Kvasir,15,current_shared,images/cju1haab178i70799tk9z8y8x.png,1,0.7935400009155273,0.740355908870697,0.49229374527931213
Colon_Kvasir,15,current_shared,images/cju1hhj6mxfp90835n3wofrap.png,1,0.7595393657684326,0.7871544361114502,0.3902997374534607
Colon_Kvasir,15,current_shared,images/cju1hirfi7ekp0855q0vgm9qq.png,1,0.7832690477371216,0.4982653856277466,0.2778956890106201
Colon_Kvasir,15,current_shared,images/cju1hmff8tkp809931jps6fbr.png,1,0.7372492551803589,0.9915271401405334,0.9820359945297241
Colon_Kvasir,15,current_shared,images/cju1hp9i2xu8e0988u2dazk7m.png,1,0.7887592911720276,0.9086574912071228,0.8733093738555908
Colon_Kvasir,15,current_shared,images/cju1hs0za7jha0855vj0mdrjt.png,1,0.8122766613960266,0.9170958399772644,0.6389228701591492
Colon_Kvasir,15,current_shared,images/cju1hyolc7aqu0878rrkfn1lr.png,1,0.7240238189697266,0.6028197407722473,0.3537844717502594
Colon_Kvasir,15,current_shared,images/cju2hdr06v2bq0799mbm3bks1.png,1,0.7853238582611084,0.11513873934745789,0.03506125882267952
Colon_Kvasir,15,current_shared,images/cju2hewssldzx0835ep795xu0.png,1,0.7938665151596069,0.9908366203308105,0.9721800684928894
Colon_Kvasir,15,current_shared,images/cju2hfqnmhisa0993gpleeldd.png,1,0.7923109531402588,0.19119210541248322,0.08077749609947205
Colon_Kvasir,15,current_shared,images/cju2hgsptlfam0835o3b59h1o.png,1,0.8103829026222229,0.044981494545936584,0.024681761860847473
Colon_Kvasir,15,current_shared,images/cju2hjrqcvi2j0801bx1i6gxg.png,1,0.8019634485244751,0.4048732817173004,0.17283202707767487
Colon_Kvasir,15,current_shared,images/cju2hlm19vjjf0801o69qnber.png,1,0.7913110852241516,0.06952016055583954,0.035594843327999115
Colon_Kvasir,15,current_shared,images/cju2hos57llxm08359g92p6jj.png,1,0.8153923153877258,0.9864243865013123,0.9805681109428406
Colon_Kvasir,15,current_shared,images/cju2hqt33lmra0988fr5ijv8j.png,1,0.800512433052063,0.328424334526062,0.2559182643890381
Colon_Kvasir,15,current_shared,images/cju2htabevq9108015qjei0x7.png,1,0.6730268597602844,0.18108709156513214,0.11333365738391876
Colon_Kvasir,15,current_shared,images/cju2hugv9vget0799hhk7ksvg.png,1,0.7993176579475403,0.7499889731407166,0.6353622674942017
Colon_Kvasir,15,current_shared,images/cju2hw5gjlr5h0988so2qqres.png,1,0.6829372048377991,0.8725929856300354,0.774657130241394
Colon_Kvasir,15,current_shared,images/cju2hx006vidl0799igm81vmh.png,1,0.8090181350708008,0.31689783930778503,0.20777444541454315
Colon_Kvasir,15,current_shared,images/cju2i03ptvkiu0799xbbd4det.png,1,0.8058388829231262,0.9830048084259033,0.9745322465896606
Colon_Kvasir,15,current_shared,images/cju2i3hzclw3o0988rrgh911i.png,1,0.7902597188949585,0.9966986775398254,0.9881484508514404
Colon_Kvasir,15,current_shared,images/cju2i6acqvo6l0799u20fift8.png,1,0.7999580502510071,0.9672769904136658,0.9298375248908997
Colon_Kvasir,15,current_shared,images/cju2i8br1vqtd08784u6vmcjk.png,1,0.7976558208465576,0.9502017498016357,0.8944058418273926
Colon_Kvasir,15,current_shared,images/cju2iatlki5u309930zmgkv6h.png,1,0.7760740518569946,0.7302565574645996,0.6373656392097473
Colon_Kvasir,15,current_shared,images/cju2igw4gvxds0878808qj398.png,1,0.7978709936141968,0.9845284819602966,0.9739474654197693
Colon_Kvasir,15,current_shared,images/cju2ij9uiic2l09933ljiv6gm.png,1,0.7811790704727173,0.41175976395606995,0.20931465923786163
Colon_Kvasir,15,current_shared,images/cju2lberzkdzm09938cl40pog.png,1,0.8037803769111633,0.9797367453575134,0.9632523059844971
Colon_Kvasir,15,current_shared,images/cju2lcyfgkf5809932fn9gucn.png,1,0.7940662503242493,0.09576551616191864,0.042939309030771255
Colon_Kvasir,15,current_shared,images/cju2lejzcy4pc0878c9rlonot.png,1,0.7927324771881104,0.9937742948532104,0.9853730201721191
Colon_Kvasir,15,current_shared,images/cju2lyynuymli0855g7fxgbhe.png,1,0.7846068739891052,0.9881801605224609,0.9708268642425537
Colon_Kvasir,15,current_shared,images/cju2lz8vqktne0993fuym6drw.png,1,0.7808707356452942,0.3930937349796295,0.2447601705789566
Colon_Kvasir,15,current_shared,images/cju2m56cryvqd0801gtn2yp8t.png,1,0.7455752491950989,0.24206764996051788,0.12217162549495697
Colon_Kvasir,15,current_shared,images/cju2m71z2ywwv080131bcrsd3.png,1,0.7936057448387146,0.7990139126777649,0.714274525642395
Colon_Kvasir,15,current_shared,images/cju2ma647l0nj0993ot4deq2q.png,1,0.7761844396591187,0.9535738229751587,0.8929676413536072
Colon_Kvasir,15,current_shared,images/cju2mfjndoz700988b9lc3zeq.png,1,0.7917379140853882,0.9979745745658875,0.994163453578949
Colon_Kvasir,15,current_shared,images/cju2mh8t6p07008350e01tx2a.png,1,0.8187978863716125,0.7641094923019409,0.6574383974075317
Colon_Kvasir,15,current_shared,images/cju2nbdpmlmcj0993s1cht0dz.png,1,0.6376128196716309,0.4182109534740448,0.25003284215927124
Colon_Kvasir,15,current_shared,images/cju2nd7l7z98o0799gfjvyfmw.png,1,0.779546320438385,0.034572355449199677,0.012597010470926762
Colon_Kvasir,15,current_shared,images/cju2nfnvxzdkd0878399axlco.png,1,0.7827939391136169,0.4892006814479828,0.29889240860939026
Colon_Kvasir,15,current_shared,images/cju2nguelpmlj0835rojdn097.png,1,0.8053252696990967,0.7183282971382141,0.5592607855796814
Colon_Kvasir,15,current_shared,images/cju2nnqrqzp580855z8mhzgd6.png,1,0.804848849773407,0.7903256416320801,0.524713933467865
Colon_Kvasir,15,current_shared,images/cju2np2k9zi3v079992ypxqkn.png,1,0.8052690625190735,0.9494174122810364,0.9129735231399536
Colon_Kvasir,15,current_shared,images/cju2nqapmzvk20801f9us40dx.png,1,0.7869212627410889,0.7704936861991882,0.6492775678634644
Colon_Kvasir,15,current_shared,images/cju2nsmwjlzyl0993jl80chvz.png,1,0.7990107536315918,0.48662707209587097,0.2805856168270111
Colon_Kvasir,15,current_shared,images/cju2ntxtdzlvu0799xl3j9pan.png,1,0.8039425015449524,0.9854440093040466,0.9635753631591797
Colon_Kvasir,15,current_shared,images/cju2nyc5f02m40801ojqbtiea.png,1,0.7808820009231567,0.9440582394599915,0.8699762225151062
Colon_Kvasir,15,current_shared,images/cju2oi8sq0i2y0801mektzvw8.png,1,0.68158358335495,0.6874698996543884,0.5524181723594666
Colon_Kvasir,15,current_shared,images/cju2okvco06xc0799kxe5n1qh.png,1,0.804364025592804,0.710440456867218,0.6095854640007019
Colon_Kvasir,15,current_shared,images/cju2omjpeqj5a0988pjdlb8l1.png,1,0.7649030685424805,0.18698963522911072,0.05195489153265953
Colon_Kvasir,15,current_shared,images/cju2oo0wh0bqy0878biujeyhe.png,1,0.7931802272796631,0.021102899685502052,0.01111671980470419
Colon_Kvasir,15,current_shared,images/cju2oq5570avm079959o20op1.png,1,0.7845306396484375,0.6407200694084167,0.4260461926460266
Colon_Kvasir,15,current_shared,images/cju2osuru0ki00855txo0n3uu.png,1,0.803528904914856,0.9943825006484985,0.9892458915710449
Colon_Kvasir,15,current_shared,images/cju2otvvv0l7z0855x7we8cb0.png,1,0.7987524271011353,0.5793871283531189,0.4182620942592621
Colon_Kvasir,15,current_shared,images/cju2ouil2mssu0993hvxsed6d.png,1,0.7911269664764404,0.845647394657135,0.7822381258010864
Colon_Kvasir,15,current_shared,images/cju2p0eveqtdc0835gpi3p93i.png,1,0.8133498430252075,0.9190941452980042,0.8556865453720093
Colon_Kvasir,15,current_shared,images/cju2p4ddkmzxj0993p94o62av.png,1,0.8114956021308899,0.9927861094474792,0.9878193736076355
Colon_Kvasir,15,current_shared,images/cju2p91qir00k08350ddfif0w.png,1,0.7448267340660095,0.9506446123123169,0.8895958662033081
Colon_Kvasir,15,current_shared,images/cju2pag1f0s4r0878h52uq83s.png,1,0.8006211519241333,0.9923105239868164,0.9800723195075989
Colon_Kvasir,15,current_shared,images/cju2phaksnahz0993yxogjcpv.png,1,0.7857915759086609,0.607603132724762,0.38975539803504944
Colon_Kvasir,15,current_shared,images/cju2pjb9v0ywn0878j5g5n69j.png,1,0.8067857623100281,0.17781464755535126,0.09675312042236328
Colon_Kvasir,15,current_shared,images/cju2pkwt3r8b90988v2ywq1px.png,1,0.7810320854187012,0.9859783053398132,0.9733504056930542
Colon_Kvasir,15,current_shared,images/cju2pmhtr17a00855cvpelzb0.png,1,0.77306067943573,0.03246090188622475,0.016346853226423264
Colon_Kvasir,15,current_shared,images/cju2qdj95ru8g09886gfi9rsz.png,1,0.7934709191322327,0.8444288969039917,0.7722205519676208
Colon_Kvasir,15,current_shared,images/cju2qfie4rvz508357kad9z5o.png,1,0.8081455826759338,0.7931535243988037,0.5716640949249268
Colon_Kvasir,15,current_shared,images/cju2qh5le1ock0878oahaql7d.png,1,0.7859207391738892,0.893044650554657,0.7810242176055908
Colon_Kvasir,15,current_shared,images/cju2qn2fzs1vy0988l243cvzy.png,1,0.7666754126548767,0.8884221315383911,0.7738522887229919
Colon_Kvasir,15,current_shared,images/cju2qozsk20cq0855ugrg3cri.png,1,0.8081830739974976,0.9702523946762085,0.9309638142585754
Colon_Kvasir,15,current_shared,images/cju2qqn5ys4uo0988ewrt2ip2.png,1,0.7277700304985046,0.8937590718269348,0.7458160519599915
Colon_Kvasir,15,current_shared,images/cju2qs32r1vys07999conmbvx.png,1,0.7905207872390747,0.5866751670837402,0.23914171755313873
Colon_Kvasir,15,current_shared,images/cju2qtee81yd708787bsjr75d.png,1,0.7995210886001587,0.9851207733154297,0.9574698805809021
Colon_Kvasir,15,current_shared,images/cju2qu37qobl50993aw7ghcfq.png,1,0.7424176335334778,0.9333892464637756,0.8553017377853394
Colon_Kvasir,15,current_shared,images/cju2qvuj1s9ok0835tp2k4ozh.png,1,0.7816077470779419,0.758967399597168,0.5811794400215149
Colon_Kvasir,15,current_shared,images/cju2qxxko229x08786gvxxhur.png,1,0.7851204872131348,0.6064457893371582,0.46662622690200806
Colon_Kvasir,15,current_shared,images/cju2qz06823a40878ojcz9ccx.png,1,0.7766619920730591,0.9200620651245117,0.7471176385879517
Colon_Kvasir,15,current_shared,images/cju2r11x7sdgx0988o8ule0wl.png,1,0.8113555312156677,0.9457079172134399,0.8444262146949768
Colon_Kvasir,15,current_shared,images/cju2r2obh2bjm08553kng0rh7.png,1,0.7660470604896545,0.02365870028734207,0.010440699756145477
Colon_Kvasir,15,current_shared,images/cju2r6mt2om21099352pny5gw.png,1,0.8114107847213745,0.9963023662567139,0.9938752055168152
Colon_Kvasir,15,current_shared,images/cju2r7h21sj9608354gzks3ae.png,1,0.794887900352478,0.9910835027694702,0.9522001147270203
Colon_Kvasir,15,current_shared,images/cju2r91dg2k090801bh0xzbxk.png,1,0.7524380683898926,0.9987595081329346,0.9967743158340454
Colon_Kvasir,15,current_shared,images/cju2raxlosl630988jdbfy9b0.png,1,0.6939412951469421,0.9335539937019348,0.9097442030906677
Colon_Kvasir,15,current_shared,images/cju2rga4psq9n09881z519xx0.png,1,0.8066282868385315,0.792146623134613,0.6424822807312012
Colon_Kvasir,15,current_shared,images/cju2ricdv2iys0878sv1adh0u.png,1,0.7984667420387268,0.9859207272529602,0.9237691760063171
Colon_Kvasir,15,current_shared,images/cju2rkjfwoxys0993x768l1j2.png,1,0.7924970388412476,0.07178647071123123,0.017733469605445862
Colon_Kvasir,15,current_shared,images/cju2rlqdnoz9k0993cpjae3x0.png,1,0.7946469783782959,0.8027784824371338,0.6848650574684143
Colon_Kvasir,15,current_shared,images/cju2rmd2rsw9g09888hh1efu0.png,1,0.8092585206031799,0.2621855139732361,0.13175244629383087
Colon_Kvasir,15,current_shared,images/cju2rn0hasxri0835nfy3buay.png,1,0.7892569303512573,0.004052674397826195,0.0015163100324571133
Colon_Kvasir,15,current_shared,images/cju2rnkt22xep0801as160g9t.png,1,0.7820433378219604,0.6584463715553284,0.33890506625175476
Colon_Kvasir,15,current_shared,images/cju2ro5jqsy680988pi6qsujw.png,1,0.8116710186004639,0.051177844405174255,0.02475689724087715
Colon_Kvasir,15,current_shared,images/cju2rpa30t07b0835im0erql0.png,1,0.8074207901954651,0.9814582467079163,0.9530107378959656
Colon_Kvasir,15,current_shared,images/cju2rqo702wpx0855fn7d5cxh.png,1,0.8142712712287903,0.6360246539115906,0.4468865990638733
Colon_Kvasir,15,current_shared,images/cju2rxm8rpbaf0993o3qr2oph.png,1,0.7939736843109131,0.7508623003959656,0.5779899954795837
Colon_Kvasir,15,current_shared,images/cju2rz4k434s70855wwx3ddtx.png,1,0.78705894947052,0.7391277551651001,0.6480894088745117
Colon_Kvasir,15,current_shared,images/cju2rzpsmtb0f0835jabkbao1.png,1,0.8068302273750305,0.9778412580490112,0.9091709852218628
Colon_Kvasir,15,current_shared,images/cju2s16zp317h0799gr67jqc2.png,1,0.762606680393219,0.665963888168335,0.531753659248352
Colon_Kvasir,15,current_shared,images/cju2s2527pfyr0993l3h1149a.png,1,0.782129168510437,0.983109712600708,0.871460497379303
Colon_Kvasir,15,current_shared,images/cju2s9g11pnra0993gn4eh793.png,1,0.8093065619468689,0.9385652542114258,0.9220404028892517
Colon_Kvasir,15,current_shared,images/cju2saez63gxl08559ucjq3kt.png,1,0.7567797899246216,0.5995516777038574,0.4346150755882263
Colon_Kvasir,15,current_shared,images/cju2sevf53lkx08558h5bpaig.png,1,0.8028263449668884,0.955472469329834,0.9050795435905457
Colon_Kvasir,15,current_shared,images/cju2sggy13na70855tbeoqgha.png,1,0.7660962343215942,0.9161723852157593,0.8616201877593994
Colon_Kvasir,15,current_shared,images/cju2spdagu1l50835da1f46fr.png,1,0.7973008751869202,0.9769534468650818,0.9643815159797668
Colon_Kvasir,15,current_shared,images/cju2srvy5440s0801y1ba9akr.png,1,0.8095808625221252,0.6096357107162476,0.48962610960006714
Colon_Kvasir,15,current_shared,images/cju2sszfq3uye0878sucelzk2.png,1,0.7830251455307007,0.8860423564910889,0.5109320878982544
Colon_Kvasir,15,current_shared,images/cju2suk42469908015ngmq6f2.png,1,0.8000760674476624,0.9439579844474792,0.8798431754112244
Colon_Kvasir,15,current_shared,images/cju2sxf3iqbpv09937iksn8ep.png,1,0.792914867401123,0.8701829314231873,0.6178668141365051
Colon_Kvasir,15,current_shared,images/cju2syxa93yw40799x2iuwabz.png,1,0.8043522238731384,0.7800251245498657,0.4188592731952667
Colon_Kvasir,15,current_shared,images/cju2t16vuucaq0835xcpsivn2.png,1,0.7607414126396179,0.937531054019928,0.884766161441803
Colon_Kvasir,15,current_shared,images/cju2t2ivz43i10878zeg8r1br.png,1,0.8022385239601135,0.10633775591850281,0.04864104464650154
Colon_Kvasir,15,current_shared,images/cju2t3ibkuecr0835o7si16zv.png,1,0.7988177537918091,0.8779716491699219,0.7641139626502991
Colon_Kvasir,15,current_shared,images/cju2t62nq45jl0799odpufwx6.png,1,0.7735482454299927,0.9657129049301147,0.9277255535125732
Colon_Kvasir,15,current_shared,images/cju2t9tdwuk700835kv0ljmtl.png,1,0.7918797731399536,0.5228191018104553,0.2748687267303467
Colon_Kvasir,15,current_shared,images/cju2ti1du4idn0878giuozonw.png,1,0.7691430449485779,0.004558463115245104,0.00222743209451437
Colon_Kvasir,15,current_shared,images/cju2tjrog4jy30878pawyazqc.png,1,0.7814614176750183,0.999627947807312,0.9992879629135132
Colon_Kvasir,15,current_shared,images/cju2top2ruxxy0988p1svx36g.png,1,0.7873180508613586,0.8781809210777283,0.7526605129241943
Colon_Kvasir,15,current_shared,images/cju2tpfa5uyx408359datxqqj.png,1,0.7710758447647095,0.9181662201881409,0.8503663539886475
Colon_Kvasir,15,current_shared,images/cju2tqfgw4oat0799rn0g5b2z.png,1,0.8025961518287659,0.4847323000431061,0.3102380335330963
Colon_Kvasir,15,current_shared,images/cju2trbpkv0c00988hxla5dzz.png,1,0.7898470163345337,0.36476123332977295,0.23475027084350586
Colon_Kvasir,15,current_shared,images/cju2trtjf4qjd0878a2zle9v9.png,1,0.7601838707923889,0.944973886013031,0.8742966055870056
Colon_Kvasir,15,current_shared,images/cju2tvrvm53ws0801a0jfjdxg.png,1,0.7714620232582092,0.9223756194114685,0.8378570675849915
Colon_Kvasir,15,current_shared,images/cju2txjfzv60w098839dcimys.png,1,0.7911617159843445,0.9444233179092407,0.8706430196762085
Colon_Kvasir,15,current_shared,images/cju2tzypl4wss0799ow05oxb9.png,1,0.7857496738433838,0.9572101831436157,0.6827574372291565
Colon_Kvasir,15,current_shared,images/cju2u2b9o4zvp08788qb9nqxj.png,1,0.7613353729248047,0.9905534386634827,0.9787334203720093
Colon_Kvasir,15,current_shared,images/cju2u4pymvc720988wsxrmi84.png,1,0.7999891638755798,0.931414008140564,0.8887579441070557
Colon_Kvasir,15,current_shared,images/cju2u73dj53oz0878486k8k4b.png,1,0.7660319209098816,0.028293676674365997,0.01853993907570839
Colon_Kvasir,15,current_shared,images/cju2ueb6j5ado0878vf5md13o.png,1,0.7680558562278748,0.11865942925214767,0.0657770112156868
Colon_Kvasir,15,current_shared,images/cju2ulk385h170799rlklxob0.png,1,0.7932644486427307,0.9393996596336365,0.9200762510299683
Colon_Kvasir,15,current_shared,images/cju2uokeg5jm20799xwgsyz89.png,1,0.7445270419120789,0.9977031350135803,0.9968730211257935
Colon_Kvasir,15,current_shared,images/cju2upu4evw7g08358guwozxv.png,1,0.7560582756996155,0.6694529056549072,0.49468550086021423
Colon_Kvasir,15,current_shared,images/cju2urqpwvxw70835rvndvtsi.png,1,0.8079474568367004,0.5922523736953735,0.43113943934440613
Colon_Kvasir,15,current_shared,images/cju2uwz9f5yf1085506cfamfx.png,1,0.7578538656234741,0.48499298095703125,0.3074474632740021
Colon_Kvasir,15,current_shared,images/cju2uy8ox62jo0801g88hh42z.png,1,0.8145468235015869,0.6032887101173401,0.4825739562511444
Colon_Kvasir,15,current_shared,images/cju2uzabhs6er0993x3aaf87p.png,1,0.7779528498649597,0.9497010707855225,0.9329136610031128
Colon_Kvasir,15,current_shared,images/cju2wtwj87kys0855kx6mddzw.png,1,0.7981516122817993,0.9790247082710266,0.9510318040847778
Colon_Kvasir,15,current_shared,images/cju2wve9v7esz0878mxsdcy04.png,1,0.7995721697807312,0.9819600582122803,0.9656356573104858
Colon_Kvasir,15,current_shared,images/cju2wx0gh7fpz0878wwyd9ep8.png,1,0.796642541885376,0.9136853218078613,0.8151915669441223
Colon_Kvasir,15,current_shared,images/cju2wxv0hxs2f09884w48v8fi.png,1,0.7899527549743652,0.9759424328804016,0.9278218746185303
Colon_Kvasir,15,current_shared,images/cju2wzu8wxtgu09880ku9x1pg.png,1,0.8116615414619446,0.960849940776825,0.9114080667495728
Colon_Kvasir,15,current_shared,images/cju2x7vw87mu30878hye2ca0m.png,1,0.7629470229148865,0.3389098048210144,0.22621853649616241
Colon_Kvasir,15,current_shared,images/cju2xa3i4y0160988i679zsqd.png,1,0.8087054491043091,0.9882940053939819,0.972035825252533
Colon_Kvasir,15,current_shared,images/cju2xbk0080y80801eghyddi2.png,1,0.8116032481193542,0.9842796325683594,0.9652009010314941
Colon_Kvasir,15,current_shared,images/cju2xd75m82720801q4s4ik3n.png,1,0.7968260645866394,0.44527769088745117,0.23527202010154724
Colon_Kvasir,15,current_shared,images/cju2xf8e5y2wm08359vcgk09b.png,1,0.7859880328178406,0.7948178052902222,0.7374405860900879
Colon_Kvasir,15,current_shared,images/cju2xjz2ju8pe0993ysv9wg17.png,1,0.7903482913970947,0.932976484298706,0.8436294794082642
Colon_Kvasir,15,current_shared,images/cju2xlcqxy9c60988vjacdznb.png,1,0.7855446934700012,0.3018203675746918,0.1668062061071396
Colon_Kvasir,15,current_shared,images/cju2xs6na81t20878pt6nkfip.png,1,0.8073105216026306,0.7229405641555786,0.5796240568161011
Colon_Kvasir,15,current_shared,images/cju2xwm1s84l50799i60mq0pu.png,1,0.7967572808265686,0.051677167415618896,0.03459056466817856
Colon_Kvasir,15,current_shared,images/cju2xyd9vyi7m098831qcucse.png,1,0.8048316240310669,0.8432673215866089,0.7307268381118774
Colon_Kvasir,15,current_shared,images/cju2y0z6g87p10878fpk5d3rq.png,1,0.8084385991096497,0.993755578994751,0.9916602969169617
Colon_Kvasir,15,current_shared,images/cju2y26c588bo07993ksd8eoz.png,1,0.7969957590103149,0.32155841588974,0.17056070268154144
Colon_Kvasir,15,current_shared,images/cju2y40d8ulqo0993q0adtgtb.png,1,0.8183020949363708,0.9278016090393066,0.8416433334350586
Colon_Kvasir,15,current_shared,images/cju2y5zas8m7f0801d34g5owq.png,1,0.8069921135902405,0.9809104800224304,0.9174744486808777
Colon_Kvasir,15,current_shared,images/cju2y8s56ymqr083541ggdsml.png,1,0.7766327857971191,0.2582261860370636,0.14804109930992126
Colon_Kvasir,15,current_shared,images/cju2yb31a8e8u0878wdashg7o.png,1,0.7957597970962524,0.9845991134643555,0.9634485244750977
Colon_Kvasir,15,current_shared,images/cju2ycp1u8g2r0799jslnp7cz.png,1,0.7961969971656799,0.43023934960365295,0.334125280380249
Colon_Kvasir,15,current_shared,images/cju2yg5ht8i4p087800js8hp4.png,1,0.7923542261123657,0.995468020439148,0.9906229972839355
Colon_Kvasir,15,current_shared,images/cju2yi9tz8vky0801yqip0xyl.png,1,0.8007408976554871,0.9395685195922852,0.815313994884491
Colon_Kvasir,15,current_shared,images/cju2yljr0yzhw0988ecf271ly.png,1,0.8220200538635254,0.9065572619438171,0.8148248791694641
Colon_Kvasir,15,current_shared,images/cju2yo1j1v0qz09934o0e683p.png,1,0.7935386300086975,0.9868637323379517,0.9588975310325623
Colon_Kvasir,15,current_shared,images/cju2ysg748ru80878sp6j0gm0.png,1,0.7568828463554382,0.9432147741317749,0.8995992541313171
Colon_Kvasir,15,current_shared,images/cju2yv4imv6cz099314jveiib.png,1,0.8010573983192444,0.9590054750442505,0.904617428779602
Colon_Kvasir,15,current_shared,images/cju2yw4s7z7p20988lmf2gdgd.png,1,0.7397326231002808,0.5884016156196594,0.24435916543006897
Colon_Kvasir,15,current_shared,images/cju2yyhsp933j0855hp32e012.png,1,0.7878533601760864,0.7150418758392334,0.506896436214447
Colon_Kvasir,15,current_shared,images/cju2z1nxlzaj40835wj81s1iy.png,1,0.7778715491294861,0.7439691424369812,0.6197729110717773
Colon_Kvasir,15,current_shared,images/cju2z2x3nvd3c099350zgty7w.png,1,0.7830582857131958,0.6559276580810547,0.5875207185745239
Colon_Kvasir,15,current_shared,images/cju2z45kuzf6d0988nz2c819m.png,1,0.8124165534973145,0.9919044375419617,0.9794636368751526
Colon_Kvasir,15,current_shared,images/cju2z6ez69g4u0801qwt088lw.png,1,0.7983419895172119,0.44044071435928345,0.25587594509124756
Colon_Kvasir,15,current_shared,images/cju2z9vlp9j0w0801oag91sy9.png,1,0.7737089991569519,0.9958240985870361,0.9888758063316345
Colon_Kvasir,15,current_shared,images/cju2zblxw9848087853csbrx1.png,1,0.7838459610939026,0.9120615720748901,0.8726161122322083
Colon_Kvasir,15,current_shared,images/cju2zdhsczmn50988z64qwg2q.png,1,0.8010168671607971,0.3243490159511566,0.1707058995962143
Colon_Kvasir,15,current_shared,images/cju2zdvjn9h7r08553cp4eed5.png,1,0.7799143195152283,0.12606917321681976,0.027305785566568375
Colon_Kvasir,15,current_shared,images/cju2zgbj9zmrw0835nnlzxj4c.png,1,0.7423730492591858,0.7271728515625,0.6337825059890747
Colon_Kvasir,15,current_shared,images/cju2zi4l09f5807991s8do2b2.png,1,0.7776073217391968,0.059929005801677704,0.024647310376167297
Colon_Kvasir,15,current_shared,images/cju2zjcvj9qma0801dk71hhi0.png,1,0.7967469692230225,0.9638427495956421,0.9383159279823303
Colon_Kvasir,15,current_shared,images/cju2zkpdl9h7t0799ix60teqg.png,1,0.7548546195030212,0.6910917162895203,0.4808829128742218
Colon_Kvasir,15,current_shared,images/cju2zm0axztpe0988r8s9twjr.png,1,0.7915869355201721,0.20448178052902222,0.0971241295337677
Colon_Kvasir,15,current_shared,images/cju2zo0fwzv580988qlijd2xa.png,1,0.7953491806983948,0.7407035827636719,0.5117620229721069
Colon_Kvasir,15,current_shared,images/cju2zp89k9q1g0855k1x0f1xa.png,1,0.7547864317893982,0.6818305850028992,0.37552642822265625
Colon_Kvasir,15,current_shared,images/cju2zpw4q9vzr0801p0lysjdl.png,1,0.7938064336776733,0.8871364593505859,0.3831331431865692
Colon_Kvasir,15,current_shared,images/cju2zr3c3vwb00993jn06bbaz.png,1,0.7935900688171387,0.08268020302057266,0.042240727692842484
Colon_Kvasir,15,current_shared,images/cju2zrojo9kcd0878ld2epejq.png,1,0.7920183539390564,0.4057908356189728,0.24755652248859406
Colon_Kvasir,15,current_shared,images/cju2zwg05a0oy0801yr73ig7g.png,1,0.7943862080574036,0.9676757454872131,0.9346524477005005
Colon_Kvasir,15,current_shared,images/cju2zxja9w1eh09933609ho9z.png,1,0.813454270362854,0.03831883892416954,0.02642958238720894
Colon_Kvasir,15,current_shared,images/cju2zy1e49pqk0878t6ncqn12.png,1,0.801245391368866,0.8767399787902832,0.5552000999450684
Colon_Kvasir,15,current_shared,images/cju300m3s04fg0988uzupuf7z.png,1,0.8148910403251648,0.9697116613388062,0.9605011940002441
Colon_Kvasir,15,current_shared,images/cju302fqq9spc0878rrygyzzz.png,1,0.7782421112060547,0.9759495854377747,0.9177578091621399
Colon_Kvasir,15,current_shared,images/cju303j5r062k098835zxfds5.png,1,0.7890333533287048,0.9528830647468567,0.912874162197113
Colon_Kvasir,15,current_shared,images/cju30525w04r10835ygp257sb.png,1,0.7848045825958252,0.9864913821220398,0.9661375284194946
Colon_Kvasir,15,current_shared,images/cju306x7w05nb0835cunv799x.png,1,0.7235702872276306,0.8566076755523682,0.763044536113739
Colon_Kvasir,15,current_shared,images/cju30ajhw09sx0988qyahx9s8.png,1,0.7883597612380981,0.9932302236557007,0.9847162961959839
Colon_Kvasir,15,current_shared,images/cju30bmab08bi0835mvlr6e0r.png,1,0.7710402607917786,0.5267453789710999,0.25963911414146423
Colon_Kvasir,15,current_shared,images/cju30df2j09dd08351ayx2t6w.png,1,0.805204451084137,0.9807105660438538,0.9698003530502319
Colon_Kvasir,15,current_shared,images/cju30ftgja7170855xl9bkdm0.png,1,0.8107668161392212,0.8601318597793579,0.7997786998748779
Colon_Kvasir,15,current_shared,images/cju30gxjq0djk0988jytm49rs.png,1,0.7880089282989502,0.858831524848938,0.4365192949771881
Colon_Kvasir,15,current_shared,images/cju30ia8da2bq0799klnehml2.png,1,0.8032251000404358,0.8329479694366455,0.7586147785186768
Colon_Kvasir,15,current_shared,images/cju30j1rgadut0801vuyrsnt8.png,1,0.8104827404022217,0.5418977737426758,0.28474146127700806
Colon_Kvasir,15,current_shared,images/cju30k2z40ds308353kdew70n.png,1,0.7858730554580688,0.977555513381958,0.9649630188941956
Colon_Kvasir,15,current_shared,images/cju30lncba3ny0878jwnous8n.png,1,0.797831654548645,0.9357147812843323,0.8966013789176941
Colon_Kvasir,15,current_shared,images/cju30mm25a53s0799qa5wiqe8.png,1,0.7825278043746948,0.5679761171340942,0.2524644732475281
Colon_Kvasir,15,current_shared,images/cju30nyxe0gfb0835p256yoju.png,1,0.7697575688362122,0.5919140577316284,0.31963759660720825
Colon_Kvasir,15,current_shared,images/cju30ov1oah920801mi8thuyg.png,1,0.7922584414482117,0.9176515340805054,0.8522748947143555
Colon_Kvasir,15,current_shared,images/cju30qbm1ad3x0855znuhpz9u.png,1,0.8074915409088135,0.9566249847412109,0.9160680174827576
Colon_Kvasir,15,current_shared,images/cju30u1hbakn808019g15nb8b.png,1,0.6384034156799316,0.981255054473877,0.9742116332054138
Colon_Kvasir,15,current_shared,images/cju30xqmh0ni00835ix3batv1.png,1,0.8167572021484375,0.7802771329879761,0.687187910079956
Colon_Kvasir,15,current_shared,images/cju30ywtc0oar0835bp2en7ec.png,1,0.6822711825370789,0.5505256056785583,0.4655360281467438
Colon_Kvasir,15,current_shared,images/cju310f6val1v0855xo8tc3gu.png,1,0.635219156742096,0.4292454123497009,0.36277639865875244
Colon_Kvasir,15,current_shared,images/cju3128yi0rpu0988o4oo5n8n.png,1,0.7761356830596924,0.9508030414581299,0.8387546539306641
Colon_Kvasir,15,current_shared,images/cju31rb7vb6110801p9rhacuw.png,1,0.7952942848205566,0.9286640286445618,0.867232084274292
Colon_Kvasir,15,current_shared,images/cju31t8xd17bk0835rnb893jk.png,1,0.7965126633644104,0.6999130845069885,0.4257573187351227
Colon_Kvasir,15,current_shared,images/cju31ugmfb3dz0855xtqshki6.png,1,0.7625764608383179,0.7842556834220886,0.65004962682724
Colon_Kvasir,15,current_shared,images/cju31w6goazci0799n014ly1q.png,1,0.7736514806747437,0.8687931299209595,0.6565413475036621
Colon_Kvasir,15,current_shared,images/cju31y80qbawn0801twwm2l5s.png,1,0.7577549815177917,0.35378497838974,0.30175918340682983
Colon_Kvasir,15,current_shared,images/cju320gyvbch60801v2amdi2g.png,1,0.7821584343910217,0.721681535243988,0.5968549847602844
Colon_Kvasir,15,current_shared,images/cju323ypb1fbb0988gx5rzudb.png,1,0.7817720770835876,0.9552975296974182,0.9231838583946228
Colon_Kvasir,15,current_shared,images/cju324q101fhe08350wae9cif.png,1,0.7967132329940796,0.9311566948890686,0.8193637132644653
Colon_Kvasir,15,current_shared,images/cju326h4v1gxw08352px40p7r.png,1,0.8101708889007568,0.4471222758293152,0.28228795528411865
Colon_Kvasir,15,current_shared,images/cju3280wv1ir009882jze27tc.png,1,0.784069836139679,0.9404959678649902,0.8857492804527283
Colon_Kvasir,15,current_shared,images/cju32a52lb9rc0799xi40qs00.png,1,0.7697587609291077,0.9902995824813843,0.9868063926696777
Colon_Kvasir,15,current_shared,images/cju32csyfblyh080170aa3x5p.png,1,0.6818698048591614,0.1785106360912323,0.08941686898469925
Colon_Kvasir,15,current_shared,images/cju32fhnhbds40799broyoptc.png,1,0.7694032788276672,0.879220724105835,0.8216361999511719
Colon_Kvasir,15,current_shared,images/cju32gzs6xo8x0993r8tedbpb.png,1,0.8003413081169128,0.29703304171562195,0.18834877014160156
Colon_Kvasir,15,current_shared,images/cju32jcdabepz0878d0cznmfe.png,1,0.8072443604469299,0.9927965998649597,0.9854574203491211
Colon_Kvasir,15,current_shared,images/cju32l161bi1v07990vm376in.png,1,0.7724335193634033,0.5152781009674072,0.25845420360565186
Colon_Kvasir,15,current_shared,images/cju32phw2bv130801yj7bkouq.png,1,0.7824898958206177,0.9627622365951538,0.936943531036377
Colon_Kvasir,15,current_shared,images/cju32pzh9bpw10855q4vaxfhe.png,1,0.7870169878005981,0.7170876860618591,0.5347962379455566
Colon_Kvasir,15,current_shared,images/cju32qr9tbvsj08013pkpjenq.png,1,0.772834300994873,0.5277945399284363,0.16317540407180786
Colon_Kvasir,15,current_shared,images/cju32srle1xfq083575i3fl75.png,1,0.7572555541992188,0.8763154149055481,0.8238192796707153
Colon_Kvasir,15,current_shared,images/cju32upim1z7u0988l883nqp6.png,1,0.7939633727073669,0.9284796118736267,0.8783033490180969
Colon_Kvasir,15,current_shared,images/cju32zhbnc1oy0801iyv1ix6p.png,1,0.7257931232452393,0.38540300726890564,0.2719312906265259
Colon_Kvasir,15,current_shared,images/cju330ofbc2l30801th5g3hw6.png,1,0.7693234086036682,0.9624987840652466,0.7760671973228455
Colon_Kvasir,15,current_shared,images/cju33231uy4gi0993qc7b1jch.png,1,0.8042663931846619,0.8205392956733704,0.6616854071617126
Colon_Kvasir,15,current_shared,images/cju334jzo261t0835yqudnfs1.png,1,0.7881415486335754,0.9911203980445862,0.9863921403884888
Colon_Kvasir,15,current_shared,images/cju336l68y7if0993wf092166.png,1,0.7863307595252991,0.21631819009780884,0.13489863276481628
Colon_Kvasir,15,current_shared,images/cju3381d8bz3h07991xtl7ra0.png,1,0.7840542793273926,0.8051807284355164,0.702775239944458
Colon_Kvasir,15,current_shared,images/cju33belnbyhm0878yxl42233.png,1,0.7953546047210693,0.8332918286323547,0.6519999504089355
Colon_Kvasir,15,current_shared,images/cju33eqwbcch208012jikwdky.png,1,0.7934890985488892,0.8470832109451294,0.678636372089386
Colon_Kvasir,15,current_shared,images/cju33jon3ygbj0993pu22a4k6.png,1,0.7979221940040588,0.9872009754180908,0.9586129784584045
Colon_Kvasir,15,current_shared,images/cju33mirdc8mj0799k33wzoes.png,1,0.8023706078529358,0.9954402446746826,0.9841768741607666
Colon_Kvasir,15,current_shared,images/cju33o12x2jm50988944mxq0v.png,1,0.7916088700294495,0.6236003041267395,0.3860575556755066
Colon_Kvasir,15,current_shared,images/cju33qpdvc9g0087825jhf3s9.png,1,0.7808764576911926,0.018363410606980324,0.00996226817369461
Colon_Kvasir,15,current_shared,images/cju33w4sdcivk0855x879zht7.png,1,0.7749847173690796,0.3867466151714325,0.16261246800422668
Colon_Kvasir,15,current_shared,images/cju33x0f22peh0988g0ln7w5v.png,1,0.7997050881385803,0.6883022785186768,0.3906826376914978
Colon_Kvasir,15,current_shared,images/cju33yemn2qb20988wfjxximx.png,1,0.7997655272483826,0.9599395990371704,0.8304126262664795
Colon_Kvasir,15,current_shared,images/cju33za6l2qy70988jhrlp2ev.png,1,0.7819055318832397,0.3393790125846863,0.10066205263137817
Colon_Kvasir,15,current_shared,images/cju34aozyyy830993bn16u32n.png,1,0.7485090494155884,0.8951911330223083,0.8358072638511658
Colon_Kvasir,15,current_shared,images/cju34c1xfyz920993itxkkfad.png,1,0.7911158800125122,0.8326187133789062,0.6956970691680908
Colon_Kvasir,15,current_shared,images/cju34ds2531520988qjpqt6e3.png,1,0.7861012816429138,0.9759240746498108,0.9546029567718506
Colon_Kvasir,15,current_shared,images/cju34eqjpcpm508788b3lhp97.png,1,0.7512288689613342,0.0059895263984799385,0.003161846427246928
Colon_Kvasir,15,current_shared,images/cju34fojcctcf0799ebolbvkn.png,1,0.7418596744537354,0.47765111923217773,0.2236577421426773
Colon_Kvasir,15,current_shared,images/cju34i3qvcyog0855qiejxx5w.png,1,0.7989680171012878,0.9986634254455566,0.9968076348304749
Colon_Kvasir,15,current_shared,images/cju34m7h536wq0988xz7gx79v.png,1,0.8099399209022522,0.9428422451019287,0.9121828675270081
Colon_Kvasir,15,current_shared,images/cju34o6dbd2lo0855aqlcy1hs.png,1,0.7844574451446533,0.6685038208961487,0.5342583060264587
Colon_Kvasir,15,current_shared,images/cju34ouumcznz07996gg1xq7v.png,1,0.7693437337875366,0.052736055105924606,0.02116827480494976
Colon_Kvasir,15,current_shared,images/cju34repocy5208780gswillm.png,1,0.8073301315307617,0.2437898963689804,0.0594610795378685
Colon_Kvasir,15,current_shared,images/cju34sh43d8zm08019xbwhc0o.png,1,0.78839510679245,0.2571718394756317,0.09298496693372726
Colon_Kvasir,15,current_shared,images/cju34uhepd3dd0799hs8782ad.png,1,0.8070582151412964,0.9570689797401428,0.9262363314628601
Colon_Kvasir,15,current_shared,images/cju34xspwzenf0993cyzajv9n.png,1,0.7968288660049438,0.9420486688613892,0.8964174389839172
Colon_Kvasir,15,current_shared,images/cju34ymm8d6700799uop0cw33.png,1,0.7978523969650269,0.8922321796417236,0.7147551774978638
Colon_Kvasir,15,current_shared,images/cju34zivp3fq80988opxbaqyn.png,1,0.7818098068237305,0.8397171497344971,0.6744601130485535
Colon_Kvasir,15,current_shared,images/cju3518w2d838079939fqztbc.png,1,0.8017982244491577,0.8716745376586914,0.7702586650848389
Colon_Kvasir,15,current_shared,images/cju3521y5d5mq0878t3ezsu4p.png,1,0.7877098917961121,0.8318794965744019,0.7325372099876404
Colon_Kvasir,15,current_shared,images/cju353d1eda8c07992afde611.png,1,0.7962610125541687,0.040619466453790665,0.02561056986451149
Colon_Kvasir,15,current_shared,images/cju35740hzm0g0993zl5ic246.png,1,0.7916441559791565,0.876587450504303,0.8115718364715576
Colon_Kvasir,15,current_shared,images/cju357rxxdaz30878y2esjpjt.png,1,0.7697316408157349,0.053730353713035583,0.02238605171442032
Colon_Kvasir,15,current_shared,images/cju358pwtdby20878cg7nm0np.png,1,0.7970566749572754,0.4226141571998596,0.2958008944988251
Colon_Kvasir,15,current_shared,images/cju35a77vdj4n08556jj2lgmc.png,1,0.8128330111503601,0.772347092628479,0.5866690278053284
Colon_Kvasir,15,current_shared,images/cju35atpxdjot0855q46aqrd0.png,1,0.7907866835594177,0.9488483667373657,0.8895308971405029
Colon_Kvasir,15,current_shared,images/cju35c4wzdhow0799h6eq4sgs.png,1,0.8065336346626282,0.9578261375427246,0.8696809411048889
Colon_Kvasir,15,current_shared,images/cju35eg0tdmjt085525sb4bua.png,1,0.7819517850875854,0.9860872626304626,0.9713210463523865
Colon_Kvasir,15,current_shared,images/cju35fxqyzt5p0993vusm54qz.png,1,0.7193371057510376,0.1882752627134323,0.08348661661148071
Colon_Kvasir,15,current_shared,images/cju35i2e63uxr0835h7zgkg9k.png,1,0.766971230506897,0.9599925875663757,0.8585087060928345
Colon_Kvasir,15,current_shared,images/cju35k2fr3vc50988c85qkrwg.png,1,0.781501829624176,0.19998401403427124,0.07884158939123154
Colon_Kvasir,15,current_shared,images/cju35ldepdtlm0801yv79y8vu.png,1,0.7620660066604614,0.6914151906967163,0.49281591176986694
Colon_Kvasir,15,current_shared,images/cju35mdz73x890835eynq1h9v.png,1,0.7975381016731262,0.796416699886322,0.6615582704544067
Colon_Kvasir,15,current_shared,images/cju35oyvd3y850988km12hdz1.png,1,0.7738398313522339,0.7346968054771423,0.5848007202148438
Colon_Kvasir,15,current_shared,images/cju3tp94kfstl08181awh6z49.png,1,0.8008902668952942,0.8859981298446655,0.7098385095596313
Colon_Kvasir,15,current_shared,images/cju3tsh4lfsok0987w6x3a0v1.png,1,0.7942821979522705,0.952503502368927,0.8961537480354309
Colon_Kvasir,15,current_shared,images/cju3ttznuftyf09875t11850w.png,1,0.7983579635620117,0.16259025037288666,0.07960700988769531
Colon_Kvasir,15,current_shared,images/cju3tvffffx5f0818t5ov22al.png,1,0.7845374941825867,0.904365062713623,0.8188122510910034
Colon_Kvasir,15,current_shared,images/cju3tx1qyg0c907552fglumhc.png,1,0.8092551827430725,0.9446463584899902,0.904903769493103
Colon_Kvasir,15,current_shared,images/cju3u1c8tfyqx08503iedc3mx.png,1,0.7978435158729553,0.6383824944496155,0.5379323363304138
Colon_Kvasir,15,current_shared,images/cju3u39fog1bo0871lxjrabks.png,1,0.7764245867729187,0.5553762316703796,0.3241952061653137
Colon_Kvasir,15,current_shared,images/cju3u4lxmg59o0755rz42b9en.png,1,0.7784348130226135,0.4491160809993744,0.2275533676147461
Colon_Kvasir,15,current_shared,images/cju3u815rg4ek0850vvhtcvcm.png,1,0.791893720626831,0.9447527527809143,0.8871979713439941
Colon_Kvasir,15,current_shared,images/cju3ua8u0g9rg0801uayhdxhu.png,1,0.7880131602287292,0.997128427028656,0.9913924932479858
Colon_Kvasir,15,current_shared,images/cju3uhb79gcgr0871orbrbi3x.png,1,0.78903728723526,0.8513500094413757,0.6407642364501953
Colon_Kvasir,15,current_shared,images/cju3ul8dogf1z09872y2ecowp.png,1,0.786917507648468,0.3412482440471649,0.20334622263908386
Colon_Kvasir,15,current_shared,images/cju3umoh1geet0817cmpef5am.png,1,0.8040297627449036,0.20542439818382263,0.14543408155441284
Colon_Kvasir,15,current_shared,images/cju3uwz6ogsp10801h2r3bj5l.png,1,0.8079851269721985,0.6484866738319397,0.3713708221912384
Colon_Kvasir,15,current_shared,images/cju3uz4o6gr9z0850lhxyxvsj.png,1,0.750937283039093,0.39334943890571594,0.17966225743293762
Colon_Kvasir,15,current_shared,images/cju3v0fl3gwce0755qkjhzmd4.png,1,0.7914474010467529,0.9016204476356506,0.8382770419120789
Colon_Kvasir,15,current_shared,images/cju3v11mrgwwb0755u242ygye.png,1,0.7826285362243652,0.8017160296440125,0.5542204976081848
Colon_Kvasir,15,current_shared,images/cju3v3ac9gyz30755hfqwyp1i.png,1,0.8003119826316833,0.6338480710983276,0.33334124088287354
Colon_Kvasir,15,current_shared,images/cju3v56bwgy8v0871w14pz8fx.png,1,0.7917333245277405,0.8236536979675293,0.6382051706314087
Colon_Kvasir,15,current_shared,images/cju3v664kh0px0818y4y7wolf.png,1,0.7872189283370972,0.7158637046813965,0.4348837733268738
Colon_Kvasir,15,current_shared,images/cju3v72v5h1qz0818fggilwtq.png,1,0.8001781702041626,0.9748229384422302,0.932095468044281
Colon_Kvasir,15,current_shared,images/cju3wstckialg0871xs0vevsj.png,1,0.7786732316017151,0.9560585618019104,0.9195058345794678
Colon_Kvasir,15,current_shared,images/cju3x2s11ibzi0817kk284k0j.png,1,0.7380252480506897,0.2310108095407486,0.12394886463880539
Colon_Kvasir,15,current_shared,images/cju3x4blzieu30850x10uuvbm.png,1,0.7786710858345032,0.15227225422859192,0.06466969847679138
Colon_Kvasir,15,current_shared,images/cju3x5u2tiihx0818914gzxy1.png,1,0.789795458316803,0.9012543559074402,0.6212888956069946
Colon_Kvasir,15,current_shared,images/cju3x7xsaijq80818f0psavav.png,1,0.7805977463722229,0.03512222692370415,0.017922546714544296
Colon_Kvasir,15,current_shared,images/cju3x9lttikfb0818a0g104zn.png,1,0.7826349139213562,0.9313241243362427,0.7384162545204163
Colon_Kvasir,15,current_shared,images/cju3xeexgii1j0817zs68tb4g.png,1,0.7827286720275879,0.9980735778808594,0.9968624114990234
Colon_Kvasir,15,current_shared,images/cju3xga12iixg0817dijbvjxw.png,1,0.7994989156723022,0.5264465808868408,0.22524037957191467
Colon_Kvasir,15,current_shared,images/cju3xhpvvimda0987ygrpzni2.png,1,0.7913137078285217,0.9654414653778076,0.9507574439048767
Colon_Kvasir,15,current_shared,images/cju3xiic0ilzp0850lusrb42j.png,1,0.7272018790245056,0.005657912231981754,0.0020191429648548365
Colon_Kvasir,15,current_shared,images/cju3xjqtpikx50817tppy6g84.png,1,0.8021425604820251,0.679675817489624,0.44218406081199646
Colon_Kvasir,15,current_shared,images/cju3xl264ingx0850rcf0rshj.png,1,0.7835106253623962,0.8745598793029785,0.7885123491287231
Colon_Kvasir,15,current_shared,images/cju3xtufwiv9c0818djsc4cqd.png,1,0.7897906303405762,0.6140662431716919,0.4936799108982086
Colon_Kvasir,15,current_shared,images/cju3xuj20ivgp0818mij8bjrd.png,1,0.8126665949821472,0.8268243074417114,0.7390952706336975
Colon_Kvasir,15,current_shared,images/cju3xvoo2iqlc0817eku2r3wl.png,1,0.7680367231369019,0.9712661504745483,0.9213494062423706
Colon_Kvasir,15,current_shared,images/cju3xwpgviwlx0871rwm15q7v.png,1,0.7209203839302063,0.03250059485435486,0.01082035806030035
Colon_Kvasir,15,current_shared,images/cju3xzvnzj0hd0755xprz39nj.png,1,0.799812376499176,0.0179869644343853,0.007686140481382608
Colon_Kvasir,15,current_shared,images/cju3y0pjrj1c30755nxekxccj.png,1,0.7863777279853821,0.7282435894012451,0.4722623825073242
Colon_Kvasir,15,current_shared,images/cju3y21quj0ir0818kgjagr15.png,1,0.7704637050628662,0.8934950828552246,0.8481476306915283
Colon_Kvasir,15,current_shared,images/cju3y54kwj3nr0801biidlb4e.png,1,0.8031883239746094,0.4567362070083618,0.15993128716945648
Colon_Kvasir,15,current_shared,images/cju3y79ofj3va0871uqfb1mzo.png,1,0.7998060584068298,0.963411271572113,0.9518870115280151
Colon_Kvasir,15,current_shared,images/cju3y9difj6th0801kd1rqm3w.png,1,0.791778028011322,0.2867062985897064,0.144867405295372
Colon_Kvasir,15,current_shared,images/cju3ya7goj6at0818v2l5ay7f.png,1,0.7652490735054016,0.7619495987892151,0.6326204538345337
Colon_Kvasir,15,current_shared,images/cju3yb47cj1xq0817zfotbni4.png,1,0.791973888874054,0.7574337720870972,0.5993835926055908
Colon_Kvasir,15,current_shared,images/cju3yht87j83m08507yk1u1fg.png,1,0.806476891040802,0.8246656060218811,0.6311339735984802
Colon_Kvasir,15,current_shared,images/cju3ykamdj9u208503pygyuc8.png,1,0.8139018416404724,0.42847326397895813,0.3038122355937958
Colon_Kvasir,15,current_shared,images/cju40jl7skiuo0817p0smlgg8.png,1,0.8113905787467957,0.31994858384132385,0.18757811188697815
Colon_Kvasir,15,current_shared,images/cju40m0rjkpw80871z6n6yg1u.png,1,0.7867774963378906,0.9228646755218506,0.8891481757164001
Colon_Kvasir,15,current_shared,images/cju40poe4kt9s0755f9cnm3h5.png,1,0.7540815472602844,0.18509633839130402,0.08582530170679092
Colon_Kvasir,15,current_shared,images/cju40r6jrksyk0871wg98zgho.png,1,0.8101616501808167,0.8440524935722351,0.7787814736366272
Colon_Kvasir,15,current_shared,images/cju40sdwukv3k0755y99ug1k8.png,1,0.8076380491256714,0.8171312212944031,0.7169649600982666
Colon_Kvasir,15,current_shared,images/cju40taxlkrho0987smigg0x0.png,1,0.8027491569519043,0.9923349022865295,0.9865074157714844
Colon_Kvasir,15,current_shared,images/cju40u30gkuzc0871rq7t666d.png,1,0.7873850464820862,0.602507472038269,0.3935334086418152
Colon_Kvasir,15,current_shared,images/cju40w3hbkwpn08015rbs3wko.png,1,0.8022206425666809,0.981903612613678,0.9764188528060913
Colon_Kvasir,15,current_shared,images/cju40wto5kxwi0755it190f2k.png,1,0.7766808867454529,0.2697446346282959,0.11538346111774445
Colon_Kvasir,15,current_shared,images/cju410dnfl0960755y8lu8d79.png,1,0.8020238280296326,0.9820021390914917,0.9653443098068237
Colon_Kvasir,15,current_shared,images/cju412uwlkva50850d1ps1ww7.png,1,0.7808800935745239,0.9149559736251831,0.8424753546714783
Colon_Kvasir,15,current_shared,images/cju414lf2l1lt0801rl3hjllj.png,1,0.7498626708984375,0.611856997013092,0.4991414546966553
Colon_Kvasir,15,current_shared,images/cju418rckl3ur08012psrx1r1.png,1,0.767973780632019,0.10609623044729233,0.056400567293167114
Colon_Kvasir,15,current_shared,images/cju41kd7yl4nm0850gil5qqwh.png,1,0.7796102166175842,0.9679462909698486,0.9335318803787231
Colon_Kvasir,15,current_shared,images/cju41lojblbs307555jdci937.png,1,0.7576178908348083,0.008365331217646599,0.0027321157976984978
Colon_Kvasir,15,current_shared,images/cju41nz76lcxu0755cya2qefx.png,1,0.7909855842590332,0.9464595317840576,0.8006524443626404
Colon_Kvasir,15,current_shared,images/cju41p90plcsx08018cnzpndc.png,1,0.795606255531311,0.8283537030220032,0.6318120360374451
Colon_Kvasir,15,current_shared,images/cju41r6v2lcww0871ps8k8pf5.png,1,0.7840258479118347,0.8730245232582092,0.7817590236663818
Colon_Kvasir,15,current_shared,images/cju41s6nbleqy0755e2mslg0b.png,1,0.7920277118682861,0.07588021457195282,0.028126582503318787
Colon_Kvasir,15,current_shared,images/cju41z76wlgbz0801qdetlvby.png,1,0.7668234705924988,0.27816513180732727,0.14936500787734985
Colon_Kvasir,15,current_shared,images/cju422cm8lfxn0818ojicxejb.png,1,0.8039018511772156,0.6305755972862244,0.4323785603046417
Colon_Kvasir,15,current_shared,images/cju424hy5lckr085073fva1ok.png,1,0.7795104384422302,0.6327069997787476,0.4331013858318329
Colon_Kvasir,15,current_shared,images/cju426tomlhll0818fc0i7nvh.png,1,0.769105851650238,0.054746899753808975,0.022081997245550156
Colon_Kvasir,15,current_shared,images/cju428k5fldt108177s6g6f45.png,1,0.7898495197296143,0.5216695070266724,0.18499620258808136
Colon_Kvasir,15,current_shared,images/cju42dwedlmk60871jbgu4ehi.png,1,0.7855011820793152,0.9904457330703735,0.9683006405830383
Colon_Kvasir,15,current_shared,images/cju42g865lorv07552ytz6xxa.png,1,0.7936897873878479,0.9952688813209534,0.9860163927078247
Colon_Kvasir,15,current_shared,images/cju42m60jlpcm08186kqppzqv.png,1,0.7862173914909363,0.9470152258872986,0.8131474852561951
Colon_Kvasir,15,current_shared,images/cju42nm68lpyo0818xvvqmupq.png,1,0.7914037704467773,0.8748472929000854,0.8146604299545288
Colon_Kvasir,15,current_shared,images/cju42py9mlqyd0818u3d1d7ga.png,1,0.8111854195594788,0.9981162548065186,0.9857313632965088
Colon_Kvasir,15,current_shared,images/cju42qet0lsq90871e50xbnuv.png,1,0.7845630645751953,0.9603175520896912,0.9334773421287537
Colon_Kvasir,15,current_shared,images/cju42romflni20817etb9a0fl.png,1,0.7741132974624634,0.9920269846916199,0.9864420294761658
Colon_Kvasir,15,current_shared,images/cju42tauqlo5p08171l3cuo4b.png,1,0.7888755202293396,0.8712080717086792,0.7751702070236206
Colon_Kvasir,15,current_shared,images/cju42u5bjlvi10801dc13sskp.png,1,0.7748741507530212,0.955977201461792,0.9099645018577576
Colon_Kvasir,15,current_shared,images/cju42wamblrqn098798r2yyok.png,1,0.7880608439445496,0.9122310876846313,0.862112283706665
Colon_Kvasir,15,current_shared,images/cju42xpi8lw4w0871ve317a1p.png,1,0.7136343717575073,0.5665287971496582,0.2963314652442932
Colon_Kvasir,15,current_shared,images/cju430pm2lz0y0755jkhcc3d1.png,1,0.8057125806808472,0.9676299095153809,0.9471191763877869
Colon_Kvasir,15,current_shared,images/cju439oazm2fu0871ma0vvrft.png,1,0.8019250631332397,0.9899652600288391,0.9831594824790955
Colon_Kvasir,15,current_shared,images/cju43b8daly4408170e5ev06g.png,1,0.7751730680465698,0.9719940423965454,0.8546965718269348
Colon_Kvasir,15,current_shared,images/cju43c92lm5cj0755lorsorfg.png,1,0.789852499961853,0.8522157073020935,0.6219479441642761
Colon_Kvasir,15,current_shared,images/cju43eigtm6ev0801mv0m96t1.png,1,0.7650806903839111,0.8094599843025208,0.6757377982139587
Colon_Kvasir,15,current_shared,images/cju43gfosm63n08714rpih8pe.png,1,0.790772557258606,0.4652748107910156,0.3454393744468689
Colon_Kvasir,15,current_shared,images/cju43h43am1dy08176gwfhmnt.png,1,0.7904163599014282,0.983768880367279,0.9231458306312561
Colon_Kvasir,15,current_shared,images/cju43in5fm22c08175rxziqrk.png,1,0.7935136556625366,0.9867369532585144,0.9662816524505615
Colon_Kvasir,15,current_shared,images/cju43jcqim2cp08172dvjvyui.png,1,0.8006754517555237,0.8145192265510559,0.672529935836792
Colon_Kvasir,15,current_shared,images/cju43kj2pm34f0850l28ahpni.png,1,0.8101821541786194,0.9070047736167908,0.8719283938407898
Colon_Kvasir,15,current_shared,images/cju43lcnum9y10755bjs7z87f.png,1,0.8008921146392822,0.9235483407974243,0.8890753984451294
Colon_Kvasir,15,current_shared,images/cju43mkj9m8wb0871qiadahub.png,1,0.7765123844146729,0.8484430909156799,0.6721564531326294
Colon_Kvasir,15,current_shared,images/cju43o6n7m9nk087191ijwqq9.png,1,0.7934861779212952,0.8753647208213806,0.7757336497306824
Colon_Kvasir,15,current_shared,images/cju45jpvfn6c809873pv1i34s.png,1,0.7908530235290527,0.11150135844945908,0.06406980007886887
Colon_Kvasir,15,current_shared,images/cju45lbgznahl08180xz1h7u6.png,1,0.7929720878601074,0.8131666779518127,0.6296201944351196
Colon_Kvasir,15,current_shared,images/cju45n0oxn5vu08500yfrt9jn.png,1,0.7799258828163147,0.7150231599807739,0.49930277466773987
Colon_Kvasir,15,current_shared,images/cju45ofd9ne1j0801ri8dup7t.png,1,0.7689240574836731,0.5820825099945068,0.3281742036342621
Colon_Kvasir,15,current_shared,images/cju45pm27n80u08174kyow1gj.png,1,0.7774083614349365,0.9978737831115723,0.9958874583244324
Colon_Kvasir,15,current_shared,images/cju45qbf3n9sa0987oonbkly9.png,1,0.7154157161712646,0.0035297421272844076,0.0008361824438907206
Colon_Kvasir,15,current_shared,images/cju45rj7ln8980850a7821fov.png,1,0.7890063524246216,0.9965683221817017,0.9678912162780762
Colon_Kvasir,15,current_shared,images/cju45t5ddnbio0987qtqzx762.png,1,0.7961349487304688,0.9868864417076111,0.9771832227706909
Colon_Kvasir,15,current_shared,images/cju45ty6zn9oz0850qy4qnck1.png,1,0.7571278214454651,0.13494707643985748,0.05027041211724281
Colon_Kvasir,15,current_shared,images/cju45v0pungu40871acnwtmu5.png,1,0.7614591121673584,0.6661111116409302,0.6056853532791138
Colon_Kvasir,15,current_shared,images/cju5b9oyda4yr0850g9viziyv.png,1,0.801531195640564,0.9795767068862915,0.9319262504577637
Colon_Kvasir,15,current_shared,images/cju5bbtwsa8cl0987wgfsqpao.png,1,0.7632825970649719,0.8963216543197632,0.8499844074249268
Colon_Kvasir,15,current_shared,images/cju5bdwa3aatx0818b79i18zf.png,1,0.7899215817451477,0.7658112645149231,0.7041254043579102
Colon_Kvasir,15,current_shared,images/cju5bf6hxa6m50817rbwettgu.png,1,0.7631853818893433,0.9502852559089661,0.8713148832321167
Colon_Kvasir,15,current_shared,images/cju5bhv81abur0850ean02atv.png,1,0.7771092057228088,0.1566251963376999,0.07960914820432663
Colon_Kvasir,15,current_shared,images/cju5bj926aiec07559rshy4wa.png,1,0.8081895112991333,0.9696019291877747,0.9357355237007141
Colon_Kvasir,15,current_shared,images/cju5bmhdcafs909878qfzrqzi.png,1,0.792903482913971,0.9514158368110657,0.8673092126846313
Colon_Kvasir,15,current_shared,images/cju5boicjagt20871b1fotkh4.png,1,0.7946828007698059,0.9164209961891174,0.8462439179420471
Colon_Kvasir,15,current_shared,images/cju5buy2bal250818ipl6fqwv.png,1,0.769317626953125,0.023870978504419327,0.011584320105612278
Colon_Kvasir,15,current_shared,images/cju5bwhapakm90987c1v4z46a.png,1,0.8079477548599243,0.13372193276882172,0.08223464339971542
Colon_Kvasir,15,current_shared,images/cju5bycdkalkb09875f7bfrvx.png,1,0.7765936851501465,0.9607066512107849,0.946328341960907
Colon_Kvasir,15,current_shared,images/cju5c5xc7algd0817pb1ej5yo.png,1,0.8118543028831482,0.9853927493095398,0.9711757898330688
Colon_Kvasir,15,current_shared,images/cju5c7oijaqmq09878qwgqv8n.png,1,0.7537707090377808,0.5432961583137512,0.2789205312728882
Colon_Kvasir,15,current_shared,images/cju5ca9hcatkc0801jzwe7tfx.png,1,0.8068578243255615,0.8531084656715393,0.7581878900527954
Colon_Kvasir,15,current_shared,images/cju5ccpvqash50850kb4bs22k.png,1,0.804593563079834,0.7450811862945557,0.5908822417259216
Colon_Kvasir,15,current_shared,images/cju5cetivauok0987ok3e5bre.png,1,0.8048701882362366,0.9877391457557678,0.9841830730438232
Colon_Kvasir,15,current_shared,images/cju5chrxxawka0871qcj171yz.png,1,0.80817049741745,0.9972231388092041,0.9945998787879944
Colon_Kvasir,15,current_shared,images/cju5cjh3xattc0817j2vbulzi.png,1,0.7710966467857361,0.9636521935462952,0.9411508440971375
Colon_Kvasir,15,current_shared,images/cju5cky5xb0ay0801oxet697t.png,1,0.8082408905029297,0.4105393886566162,0.35473185777664185
Colon_Kvasir,15,current_shared,images/cju5clr68b48r0755cmuvponm.png,1,0.752692699432373,0.00014372890291269869,8.621612505521625e-05
Colon_Kvasir,15,current_shared,images/cju5cu8qkb84x08186jwo8yin.png,1,0.7923322916030884,0.5542898178100586,0.3974483013153076
Colon_Kvasir,15,current_shared,images/cju5ddda9bkkt0850enzwatb1.png,1,0.7854613661766052,0.008449173532426357,0.005874017719179392
Colon_Kvasir,15,current_shared,images/cju5eftctcdbj08712gdp989f.png,1,0.7942917943000793,0.8299354314804077,0.6810665726661682
Colon_Kvasir,15,current_shared,images/cju5ekty5ckzf07550c9u3ckk.png,1,0.7565346360206604,0.7081916332244873,0.5880200862884521
Colon_Kvasir,15,current_shared,images/cju5enq1tcn1i0755hnkon787.png,1,0.7713159918785095,0.9446209669113159,0.8810365796089172
Colon_Kvasir,15,current_shared,images/cju5eq8c8ck690850vix98hv3.png,1,0.7935620546340942,0.9840542674064636,0.9716078639030457
Colon_Kvasir,15,current_shared,images/cju5es375cnzy0801nkq35ffs.png,1,0.806167483329773,0.9863710999488831,0.967298150062561
Colon_Kvasir,15,current_shared,images/cju5ew4h9cqaf0818rrczkmqh.png,1,0.7768811583518982,0.12096408009529114,0.083577461540699
Colon_Kvasir,15,current_shared,images/cju5eyfe9cpk90987laa7tsl3.png,1,0.7924422025680542,0.988532543182373,0.9722244739532471
Colon_Kvasir,15,current_shared,images/cju5f0dezct4q08183ydw11dx.png,1,0.7737347483634949,0.8299726247787476,0.7651259899139404
Colon_Kvasir,15,current_shared,images/cju5f26ebcuai0818xlwh6116.png,1,0.7731215953826904,0.18152132630348206,0.08773405849933624
Colon_Kvasir,15,current_shared,images/cju5f8hxdcxxn08188obby0ea.png,1,0.782017171382904,0.8219548463821411,0.6201052665710449
Colon_Kvasir,15,current_shared,images/cju5fb86jd1jp0755b1ukbhq5.png,1,0.8045751452445984,0.7592209577560425,0.6198639869689941
Colon_Kvasir,15,current_shared,images/cju5fi0yxd3ei0801v7u0yudn.png,1,0.7881461381912231,0.9689686894416809,0.9385031461715698
Colon_Kvasir,15,current_shared,images/cju5fs6j6d8350801vglraq4u.png,1,0.8023936152458191,0.9916386008262634,0.987464427947998
Colon_Kvasir,15,current_shared,images/cju5ft6mcd5q40987rhjgbrr6.png,1,0.7762344479560852,0.20332780480384827,0.08134090900421143
Colon_Kvasir,15,current_shared,images/cju5fu081d8gc0818l3yylujk.png,1,0.7830522656440735,0.5685867071151733,0.4527418315410614
Colon_Kvasir,15,current_shared,images/cju5fw37edaae0801vkwvocn7.png,1,0.7920329570770264,0.8216814994812012,0.5048763155937195
Colon_Kvasir,15,current_shared,images/cju5fydrud94708507vo6oy21.png,1,0.7827653288841248,0.8990739583969116,0.8047093152999878
Colon_Kvasir,15,current_shared,images/cju5g163vd6mt0817uccuga6u.png,1,0.7888485789299011,0.9453545212745667,0.8189062476158142
Colon_Kvasir,15,current_shared,images/cju5gucasds9d0801019axylx.png,1,0.7932093739509583,0.32115092873573303,0.19766953587532043
Colon_Kvasir,15,current_shared,images/cju5h57xedz5h0755mjpc8694.png,1,0.8159429430961609,0.8811056017875671,0.712018609046936
Colon_Kvasir,15,current_shared,images/cju5hi52odyf90817prvcwg45.png,1,0.7836546897888184,0.922905683517456,0.8322198987007141
Colon_Kvasir,15,current_shared,images/cju5hjxaae3i40850h5z2laf5.png,1,0.7901915311813354,0.4885909855365753,0.2806991636753082
Colon_Kvasir,15,current_shared,images/cju5hl8nee8a40755fm8qjj0o.png,1,0.7632560133934021,0.16323637962341309,0.053296927362680435
Colon_Kvasir,15,current_shared,images/cju5hqz50e7o90850e0prlpa0.png,1,0.8035606741905212,0.9431071281433105,0.9259642958641052
Colon_Kvasir,15,current_shared,images/cju5ht88gedbu0755xrcuddcx.png,1,0.7761781811714172,0.9119831323623657,0.7451849579811096
Colon_Kvasir,15,current_shared,images/cju5huurrecm70801y680y13m.png,1,0.788959801197052,0.9825270771980286,0.9691113233566284
Colon_Kvasir,15,current_shared,images/cju5hwonqedw10801vsd3w6kk.png,1,0.8051264882087708,0.8203113675117493,0.7070198059082031
Colon_Kvasir,15,current_shared,images/cju5hyi9yegob0755ho3do8en.png,1,0.801031231880188,0.17890258133411407,0.09809590131044388
Colon_Kvasir,15,current_shared,images/cju5i39mreass0817au8p22zy.png,1,0.7876309752464294,0.05040349066257477,0.02903524786233902
Colon_Kvasir,15,current_shared,images/cju5i5oh2efg60987ez6cpf72.png,1,0.812853217124939,0.5758835673332214,0.4784981608390808
Colon_Kvasir,15,current_shared,images/cju5jx7jzf7c90871c2i9aiov.png,1,0.8099095225334167,0.9971816539764404,0.9936261773109436
Colon_Kvasir,15,current_shared,images/cju5jz5fff8c50871hbe6108f.png,1,0.795663058757782,0.5516946315765381,0.34455159306526184
Colon_Kvasir,15,current_shared,images/cju5k3j3uf6de0817hszzfr7n.png,1,0.7693153023719788,0.9298397898674011,0.8334775567054749
Colon_Kvasir,15,current_shared,images/cju5k503sfa5f0871lx0rpu5y.png,1,0.7974563837051392,0.8743125796318054,0.7592334747314453
Colon_Kvasir,15,current_shared,images/cju5k7r0yf98c09878csbxb4d.png,1,0.7931802868843079,0.9532247185707092,0.800025999546051
Colon_Kvasir,15,current_shared,images/cju5klveuff6w0871wbibgh3m.png,1,0.7681014537811279,0.3275218904018402,0.22899340093135834
Colon_Kvasir,15,current_shared,images/cju5knbbqfipk080128cggukq.png,1,0.7828683853149414,0.1636335551738739,0.04623328521847725
Colon_Kvasir,15,current_shared,images/cju5kre09fhka0850h7b1898j.png,1,0.8071387410163879,0.8947687149047852,0.8227080702781677
Colon_Kvasir,15,current_shared,images/cju5ktjwofed70817eg58ef7u.png,1,0.7884710431098938,0.8688600063323975,0.28345298767089844
Colon_Kvasir,15,current_shared,images/cju5nxkujgscq0817l9gss626.png,1,0.7869680523872375,0.814827561378479,0.7400584816932678
Colon_Kvasir,15,current_shared,images/cju5nyu31gv8e0871zpk74a2n.png,1,0.7861024737358093,0.8373881578445435,0.7888427376747131
Colon_Kvasir,15,current_shared,images/cju5o1vu9gz8a0818eyy92bns.png,1,0.8002716302871704,0.9667207598686218,0.9221822619438171
Colon_Kvasir,15,current_shared,images/cju5o4pk9h0720755lgp9jq8m.png,1,0.7643331289291382,0.8587546348571777,0.795127809047699
Colon_Kvasir,15,current_shared,images/cju5tenjojp1j0755ms4949h2.png,1,0.8060640096664429,0.8002999424934387,0.5678961873054504
Colon_Kvasir,15,current_shared,images/cju5tgbzhjllu08174ca41eus.png,1,0.8025227785110474,0.9050202369689941,0.7307153344154358
Colon_Kvasir,15,current_shared,images/cju5thdbrjp1108715xdfx356.png,1,0.7983869910240173,0.8327533006668091,0.6789759397506714
Colon_Kvasir,15,current_shared,images/cju5u4pywk81x0817vn9pe14z.png,1,0.799838125705719,0.028186554089188576,0.020129339769482613
Colon_Kvasir,15,current_shared,images/cju5u6wf0kh1t0755bg1ssixv.png,1,0.8144110441207886,0.9812263250350952,0.9606990814208984
Colon_Kvasir,15,current_shared,images/cju5u8gz4kj5b07552e2wpkwp.png,1,0.8096530437469482,0.6645909547805786,0.26678234338760376
Colon_Kvasir,15,current_shared,images/cju5udcufki0s09874ll1dbr5.png,1,0.8089415431022644,0.6930270195007324,0.5539125204086304
Colon_Kvasir,15,current_shared,images/cju5ufn3skquf0818dhapnhba.png,1,0.7911843657493591,0.9383105635643005,0.8271417021751404
Colon_Kvasir,15,current_shared,images/cju5uget8krjy0818kvywd0zu.png,1,0.7835189700126648,0.4507438540458679,0.26681485772132874
Colon_Kvasir,15,current_shared,images/cju5uhrdwkmsu0817ervv91l8.png,1,0.7902580499649048,0.6303613185882568,0.43700727820396423
Colon_Kvasir,15,current_shared,images/cju5ukkg6kv7u08011x2b6zl5.png,1,0.7669172883033752,0.5465370416641235,0.30479833483695984
Colon_Kvasir,15,current_shared,images/cju5uxjnol2r509871qv2yeia.png,1,0.7988277077674866,0.9851983189582825,0.9562836289405823
Colon_Kvasir,15,current_shared,images/cju5uzmaol56l0817flxh4w9p.png,1,0.806672215461731,0.8256877064704895,0.7055984139442444
Colon_Kvasir,15,current_shared,images/cju5v8pgplg6k0755rvi2t63h.png,1,0.7946398258209229,0.800050675868988,0.7199613451957703
Colon_Kvasir,15,current_shared,images/cju5vbo6jldrt0871jf6f1700.png,1,0.7714598178863525,0.13482744991779327,0.07155977934598923
Colon_Kvasir,15,current_shared,images/cju5vcmrqla7i0817x4sp4pqw.png,1,0.8070350289344788,0.6620485782623291,0.5286940336227417
Colon_Kvasir,15,current_shared,images/cju5vgawslbe30987ndeepc1b.png,1,0.755923867225647,0.502346396446228,0.28937262296676636
Colon_Kvasir,15,current_shared,images/cju5vi4nxlc530817uoqm2m7a.png,1,0.8085606098175049,0.7031478881835938,0.5368802547454834
Colon_Kvasir,15,current_shared,images/cju5von04litr08718j8po40a.png,1,0.7915003299713135,0.9964742064476013,0.9828295707702637
Colon_Kvasir,15,current_shared,images/cju5vutu7ll8w0871dfp92n9p.png,1,0.7981165647506714,0.937335193157196,0.7885079383850098
Colon_Kvasir,15,current_shared,images/cju5vwbr4lhqn0987a1pji0ux.png,1,0.757770836353302,0.648306131362915,0.358458548784256
Colon_Kvasir,15,current_shared,images/cju5vxuc5loxw0818u8xgf45p.png,1,0.7789257168769836,0.9482869505882263,0.8643553256988525
Colon_Kvasir,15,current_shared,images/cju5vzjoslpj708186z2fusmz.png,1,0.8124597072601318,0.6011062860488892,0.2813413143157959
Colon_Kvasir,15,current_shared,images/cju5w7xn0lrkq0801f9k0htgx.png,1,0.7903326153755188,0.3391880393028259,0.28407344222068787
Colon_Kvasir,15,current_shared,images/cju5waeduln160817w0agirve.png,1,0.8118939995765686,0.9956004619598389,0.9679407477378845
Colon_Kvasir,15,current_shared,images/cju5wcc90lu020850mjrxppv6.png,1,0.7748940587043762,0.9548169374465942,0.9128957390785217
Colon_Kvasir,15,current_shared,images/cju5wi6bqlxy90755bu227nvb.png,1,0.8033286333084106,0.9522107243537903,0.9263210296630859
Colon_Kvasir,15,current_shared,images/cju5wj0faly5008187n6530af.png,1,0.7572358250617981,0.04715986177325249,0.019844064489006996
Colon_Kvasir,15,current_shared,images/cju5wkonqlrl409877y8zvnub.png,1,0.7850214242935181,0.5170451402664185,0.13262607157230377
Colon_Kvasir,15,current_shared,images/cju5wmvsdlx1j0871npgj8j4b.png,1,0.8019369840621948,0.9498459100723267,0.9021028876304626
Colon_Kvasir,15,current_shared,images/cju5woy82m07m08505dmjg7g1.png,1,0.7529850006103516,0.7513400316238403,0.28032568097114563
Colon_Kvasir,15,current_shared,images/cju5wphwwlu3m0987hh3ltg88.png,1,0.7366125583648682,0.048304975032806396,0.018299173563718796
Colon_Kvasir,15,current_shared,images/cju5wqonpm0e60801z88ewmy1.png,1,0.6573016047477722,0.9737259149551392,0.9519475102424622
Colon_Kvasir,15,current_shared,images/cju5wrapcm2290818jsh26ppb.png,1,0.7821089625358582,0.21879370510578156,0.05747269466519356
Colon_Kvasir,15,current_shared,images/cju5wrrs0m2af0818vmnajbtw.png,1,0.7560430765151978,0.8539280295372009,0.3889361321926117
Colon_Kvasir,15,current_shared,images/cju5wtdu4m0im0871mix0yvc0.png,1,0.7729083895683289,0.7119041681289673,0.40710878372192383
Colon_Kvasir,15,current_shared,images/cju5wuhm1lwm40987vugqn3vv.png,1,0.7836423516273499,0.9922824501991272,0.9808940887451172
Colon_Kvasir,15,current_shared,images/cju5x00l6m5j608503k78ptee.png,1,0.7868055105209351,0.0021059548016637564,0.0011008629808202386
Colon_Kvasir,15,current_shared,images/cju5x15djm7ae0755h8czf6nt.png,1,0.7622887492179871,0.44510841369628906,0.3575526475906372
Colon_Kvasir,15,current_shared,images/cju5x28nzm7t907558ocq4bt7.png,1,0.7786303758621216,0.4068138301372528,0.271657258272171
Colon_Kvasir,15,current_shared,images/cju5x7iskmad90818frchyfwd.png,1,0.8005415797233582,0.9480672478675842,0.8846775889396667
Colon_Kvasir,15,current_shared,images/cju5xjn5mm78b09871spyqhhr.png,1,0.809466540813446,0.9902217388153076,0.9791938662528992
Colon_Kvasir,15,current_shared,images/cju5xkwzxmf0z0818gk4xabdm.png,1,0.7958381772041321,0.9191665649414062,0.7289423942565918
Colon_Kvasir,15,current_shared,images/cju5xneamme2p0801qdf7fdwv.png,1,0.8001452684402466,0.776013970375061,0.5965145230293274
Colon_Kvasir,15,current_shared,images/cju5xopi0md7q0871r1sjc1av.png,1,0.7853252291679382,0.8589239120483398,0.3069465458393097
Colon_Kvasir,15,current_shared,images/cju5xq3tdm9fn0987pbedxdg5.png,1,0.7931073904037476,0.009133957326412201,0.0026782681234180927
Colon_Kvasir,15,current_shared,images/cju5y4hgqmk0i08180rjhbwvp.png,1,0.7900701761245728,0.9925547242164612,0.9778865575790405
Colon_Kvasir,15,current_shared,images/cju5y7buemcw80987p0r30g9f.png,1,0.790424108505249,0.8139858841896057,0.6831002235412598
Colon_Kvasir,15,current_shared,images/cju5y84q3mdv50817eyp82xf3.png,1,0.8013109564781189,0.9445288181304932,0.8966979384422302
Colon_Kvasir,15,current_shared,images/cju5yclrymlgj0818k426ud6z.png,1,0.8033967614173889,0.9826582074165344,0.9576492309570312
Colon_Kvasir,15,current_shared,images/cju5yeqiwmkgl0801fzv2douc.png,1,0.8077285289764404,0.7813615202903748,0.6713478565216064
Colon_Kvasir,15,current_shared,images/cju5ygh1zmmdi0755uod5e17i.png,1,0.8120915293693542,0.9970871806144714,0.9947741031646729
Colon_Kvasir,15,current_shared,images/cju5yhgznmkzb0801cji2vi8j.png,1,0.7928493618965149,0.966179609298706,0.8963974118232727
Colon_Kvasir,15,current_shared,images/cju5yimthmlv80850zhoc90c2.png,1,0.7763295769691467,0.6203163266181946,0.38976195454597473
Colon_Kvasir,15,current_shared,images/cju5yjq1pmlgc0801z0t24bly.png,1,0.7998213768005371,0.6475511193275452,0.5343096852302551
Colon_Kvasir,15,current_shared,images/cju5ymyd8mmdc0801ry3by1xr.png,1,0.8002994656562805,0.4568645656108856,0.23162487149238586
Colon_Kvasir,15,current_shared,images/cju6ur9l9v9jq0755paud9uka.png,1,0.7525965571403503,0.31753411889076233,0.19885285198688507
Colon_Kvasir,15,current_shared,images/cju6us80mv1b50871ebyq2wxa.png,1,0.7608631253242493,0.6792986989021301,0.5006002187728882
Colon_Kvasir,15,current_shared,images/cju6ut4l8va6y0755tyw3vfqq.png,1,0.7948558330535889,0.7087723016738892,0.32499730587005615
Colon_Kvasir,15,current_shared,images/cju6uy20suzbl0987rzuhz7z9.png,1,0.7803398370742798,0.9605541825294495,0.8723861575126648
Colon_Kvasir,15,current_shared,images/cju6uzxk0v83p0801rcwnexdu.png,1,0.7954407334327698,0.9679197072982788,0.8609644770622253
Colon_Kvasir,15,current_shared,images/cju6v1m1xv07w09870ah3njy1.png,1,0.7956732511520386,0.9269664883613586,0.826238214969635
Colon_Kvasir,15,current_shared,images/cju6v3bb2v7xo085090blubyw.png,1,0.7887600064277649,0.8363584876060486,0.4825284481048584
Colon_Kvasir,15,current_shared,images/cju6v4szov55u0871qmqz3v8n.png,1,0.6812797784805298,0.8927648663520813,0.8225574493408203
Colon_Kvasir,15,current_shared,images/cju6v5ilsv8hk0850rb5sgh6o.png,1,0.7499174475669861,0.9901171326637268,0.8161395788192749
Colon_Kvasir,15,current_shared,images/cju6v6g6kvdw007552x6mb0po.png,1,0.7507210373878479,0.4786531925201416,0.33307021856307983
Colon_Kvasir,15,current_shared,images/cju6vgdmivcvb08018fra5lnv.png,1,0.778622567653656,0.7666467428207397,0.6541604399681091
Colon_Kvasir,15,current_shared,images/cju6vifjlv55z0987un6y4zdo.png,1,0.8122231364250183,0.6806511282920837,0.5590131878852844
Colon_Kvasir,15,current_shared,images/cju6vqarjv7yo0987q4b1btk1.png,1,0.7248018383979797,0.37726476788520813,0.19843631982803345
Colon_Kvasir,15,current_shared,images/cju6vrs1ov8cr098788h8gs6j.png,1,0.8085009455680847,0.9913164377212524,0.977146327495575
Colon_Kvasir,15,current_shared,images/cju6vta3kvazg0817qbeppjtm.png,1,0.8078999519348145,0.9646362662315369,0.9296480417251587
Colon_Kvasir,15,current_shared,images/cju6vucxvvlda0755j7msqnya.png,1,0.8053864240646362,0.94288569688797,0.8978970050811768
Colon_Kvasir,15,current_shared,images/cju6vvb8svhed0801jjcquh5e.png,1,0.7969692349433899,0.05409224331378937,0.03474072739481926
Colon_Kvasir,15,current_shared,images/cju6vvxsev9y30987kespucdg.png,1,0.7924740314483643,0.7734875082969666,0.25482726097106934
Colon_Kvasir,15,current_shared,images/cju6w733bveoz0817e600tw72.png,1,0.7646840214729309,0.043479908257722855,0.016215840354561806
Colon_Kvasir,15,current_shared,images/cju6wi3akvn8r0801px8eligc.png,1,0.7988996505737305,0.1499025970697403,0.0865069180727005
Colon_Kvasir,15,current_shared,images/cju6wjm81vgsc0987enk9n3pr.png,1,0.8039234280586243,0.9595737457275391,0.9356609582901001
Colon_Kvasir,15,current_shared,images/cju6wll7wvo3y08502pagos8m.png,1,0.7979019284248352,0.4283485412597656,0.27245429158210754
Colon_Kvasir,15,current_shared,images/cju6wn57mvooj0850rp78hhy7.png,1,0.8061894178390503,0.738827645778656,0.6453776359558105
Colon_Kvasir,15,current_shared,images/cju6wt9jvvn500871hjn3t3g0.png,1,0.7933629155158997,0.8008646368980408,0.6515452265739441
Colon_Kvasir,15,current_shared,images/cju6wuojavt740818b5qcv3iw.png,1,0.8036999106407166,0.9959003329277039,0.9924553632736206
Colon_Kvasir,15,current_shared,images/cju6x0yqbvxqt0755dhxislgb.png,1,0.8095648884773254,0.9835859537124634,0.9732389450073242
Colon_Kvasir,15,current_shared,images/cju6x35ervu2808015c7eoqe4.png,1,0.7939343452453613,0.47882279753685,0.3108336925506592
Colon_Kvasir,15,current_shared,images/cju6x4t13vyw60755gtcf9ndu.png,1,0.7844278812408447,0.9810721278190613,0.9715416431427002
Colon_Kvasir,15,current_shared,images/cju6x97w4vwua0850x0997r0a.png,1,0.7988879680633545,0.6076104044914246,0.5310129523277283
Colon_Kvasir,15,current_shared,images/cju6xa0qmvzun0818xjukgncj.png,1,0.7812528014183044,0.9434933662414551,0.8815765380859375
Colon_Kvasir,15,current_shared,images/cju6xifswvwbo0987nibtdr50.png,1,0.7815171480178833,0.1314539909362793,0.06655353307723999
Colon_Kvasir,15,current_shared,images/cju6xlygpw7bs0818n691jsq4.png,1,0.7470241785049438,0.29269134998321533,0.20228256285190582
Colon_Kvasir,15,current_shared,images/cju6xmqd9w0250817l5kxfnsk.png,1,0.7853485345840454,0.8323647975921631,0.7443655133247375
Colon_Kvasir,15,current_shared,images/cju6ywm40wdbo0987pbftsvtg.png,1,0.8016080856323242,0.12229708582162857,0.0931653305888176
Colon_Kvasir,15,current_shared,images/cju6yxyt0wh080871sqpepu47.png,1,0.788518488407135,0.455294132232666,0.2333022505044937
Colon_Kvasir,15,current_shared,images/cju6yywx1whbb0871ksgfgf9f.png,1,0.78581702709198,0.8806754350662231,0.839371919631958
Colon_Kvasir,15,current_shared,images/cju6z1bzbwfq50817b2alatvr.png,1,0.7793976068496704,0.7444615960121155,0.5259219408035278
Colon_Kvasir,15,current_shared,images/cju6z2616wqbk07555bvnuyr1.png,1,0.7832145094871521,0.06310789287090302,0.03225100412964821
Colon_Kvasir,15,current_shared,images/cju6z600qwh4z081700qimgl9.png,1,0.781609296798706,0.014145104214549065,0.007429054006934166
Colon_Kvasir,15,current_shared,images/cju6z7e4bwgdd0987ogkzq9kt.png,1,0.8006759881973267,0.40621474385261536,0.1876511126756668
Colon_Kvasir,15,current_shared,images/cju6z9a9kwsl007552s49rx6i.png,1,0.8135614991188049,0.9682015776634216,0.9257442355155945
Colon_Kvasir,15,current_shared,images/cju76erapykj30871x5eaxh4q.png,1,0.7946853637695312,0.17827613651752472,0.10597001761198044
Colon_Kvasir,15,current_shared,images/cju76l27oyrw907551ri2a7fl.png,1,0.796943187713623,0.9857128858566284,0.963890016078949
Colon_Kvasir,15,current_shared,images/cju76lsehyia10987u54vn8rb.png,1,0.7848091125488281,0.7363263368606567,0.5258270502090454
Colon_Kvasir,15,current_shared,images/cju76o55nymqd0871h31sph9w.png,1,0.7674388289451599,0.8672242164611816,0.7507763504981995
Colon_Kvasir,15,current_shared,images/cju77196iyshb0850ycbto50a.png,1,0.8047390580177307,0.9512571692466736,0.8989297747612
Colon_Kvasir,15,current_shared,images/cju772304yw5t0818vbw8kkjf.png,1,0.788310170173645,0.4451149106025696,0.26559239625930786
Colon_Kvasir,15,current_shared,images/cju773hsyyosz0817pk1e7sjq.png,1,0.7460253834724426,0.2513669431209564,0.17056356370449066
Colon_Kvasir,15,current_shared,images/cju774fmayxif0818u2g79usw.png,1,0.7978985905647278,0.18226084113121033,0.06687705963850021
Colon_Kvasir,15,current_shared,images/cju7787c5yy3l080159mwqsnj.png,1,0.7924013733863831,0.9144936203956604,0.7797749042510986
Colon_Kvasir,15,current_shared,images/cju77afzlz3kp07550x5nafzs.png,1,0.7795502543449402,0.9472261071205139,0.8809060454368591
Colon_Kvasir,15,current_shared,images/cju77b3wyz4160755qis4ljsb.png,1,0.7991916537284851,0.11203541606664658,0.02039589360356331
Colon_Kvasir,15,current_shared,images/cju77bvg0yv4r0987yh60xmjo.png,1,0.7806189656257629,0.980053722858429,0.9572523236274719
Colon_Kvasir,15,current_shared,images/cju77g99iyxc00817zqi2ppor.png,1,0.7916184663772583,0.6884904503822327,0.49600598216056824
Colon_Kvasir,15,current_shared,images/cju77idwfz36d0871tzfzz51i.png,1,0.8082081079483032,0.49072277545928955,0.30313366651535034
Colon_Kvasir,15,current_shared,images/cju77j66ez52p08019xygi0co.png,1,0.7986793518066406,0.5910077691078186,0.3543936312198639
Colon_Kvasir,15,current_shared,images/cju77k828z46w0871r0avuoo9.png,1,0.7762951850891113,0.5909663438796997,0.35146480798721313
Colon_Kvasir,15,current_shared,images/cju77q10sz9ug0801449wu1nu.png,1,0.779382586479187,0.9110366702079773,0.8339674472808838
Colon_Kvasir,15,current_shared,images/cju77re6fz5bb0817vp9redjg.png,1,0.8057734966278076,0.8274537920951843,0.6571259498596191
Colon_Kvasir,15,current_shared,images/cju77t0razbvm080106o56289.png,1,0.7459679245948792,0.9630975723266602,0.9211074709892273
Colon_Kvasir,15,current_shared,images/cju77u1sjz77b0817ft44r3fk.png,1,0.7945092916488647,0.9904096126556396,0.9847090244293213
Colon_Kvasir,15,current_shared,images/cju77vvcwzcm50850lzoykuva.png,1,0.7895262837409973,0.532329797744751,0.40140342712402344
Colon_Kvasir,15,current_shared,images/cju783tmkzkqu081803g7q5vk.png,1,0.782346248626709,0.5554275512695312,0.3726956844329834
Colon_Kvasir,15,current_shared,images/cju784jpdzeae0987q5ypq883.png,1,0.7923241257667542,0.600796103477478,0.3968990743160248
Colon_Kvasir,15,current_shared,images/cju785htizjzo08017tvlhtg4.png,1,0.7636908888816833,0.21403977274894714,0.0855247974395752
Colon_Kvasir,15,current_shared,images/cju787jnjzjuj0871p94nck9g.png,1,0.7773685455322266,0.16176849603652954,0.06959845870733261
Colon_Kvasir,15,current_shared,images/cju7adqyj1jcx08712r1ro5gx.png,1,0.795441746711731,0.9804461598396301,0.9539316296577454
Colon_Kvasir,15,current_shared,images/cju7ae7bq1f820987toc8si1d.png,1,0.7825444936752319,0.8808985352516174,0.658642053604126
Colon_Kvasir,15,current_shared,images/cju7aez2x1jtj0871ztezs3oi.png,1,0.8185470700263977,0.8953080177307129,0.8191108107566833
Colon_Kvasir,15,current_shared,images/cju7afqon1ip40850ue2308b6.png,1,0.7947856187820435,0.9954916834831238,0.9814493060112
Colon_Kvasir,15,current_shared,images/cju7agj961l2r0818z29iq8yn.png,1,0.7747202515602112,0.9397449493408203,0.9085653424263
Colon_Kvasir,15,current_shared,images/cju7ahtkb1jr90801jck4kbds.png,1,0.7875949740409851,0.680158257484436,0.4155247211456299
Colon_Kvasir,15,current_shared,images/cju7aifyo1p3n07552nxjx51f.png,1,0.7988455891609192,0.11605555564165115,0.025338197126984596
Colon_Kvasir,15,current_shared,images/cju7ajnbo1gvm098749rdouk0.png,1,0.7937712669372559,0.9632704257965088,0.9453238844871521
Colon_Kvasir,15,current_shared,images/cju7aklv31h4309871m29l4e7.png,1,0.6969411373138428,0.48146501183509827,0.35754963755607605
Colon_Kvasir,15,current_shared,images/cju7alcgr1lsr0871riqk84z7.png,1,0.7889525890350342,0.9733495712280273,0.9564210772514343
Colon_Kvasir,15,current_shared,images/cju7amjna1ly40871ugiokehb.png,1,0.7893804311752319,0.9703484773635864,0.931393563747406
Colon_Kvasir,15,current_shared,images/cju7ap09p1kz10850ldccjebj.png,1,0.8110049962997437,0.2034861296415329,0.14061212539672852
Colon_Kvasir,15,current_shared,images/cju7apr0c1qqm0755s7msqot4.png,1,0.798112154006958,0.20026546716690063,0.11934613436460495
Colon_Kvasir,15,current_shared,images/cju7aqkue1i2k09879uzcpt8r.png,1,0.7709033489227295,0.702141523361206,0.5632025003433228
Colon_Kvasir,15,current_shared,images/cju7arvfe1ldu0850erdmphgj.png,1,0.7441010475158691,0.15180012583732605,0.08619686961174011
Colon_Kvasir,15,current_shared,images/cju7atnm31if40817pqclnjer.png,1,0.8013344407081604,0.9514413475990295,0.9006544351577759
Colon_Kvasir,15,current_shared,images/cju7avvi51iox0817ym55y6tt.png,1,0.7746947407722473,0.904026448726654,0.8662186861038208
Colon_Kvasir,15,current_shared,images/cju7awzmu1ncs0871hziy65zx.png,1,0.7901965975761414,0.8442782163619995,0.7381120920181274
Colon_Kvasir,15,current_shared,images/cju7azuu31mia0801pf9ib5ed.png,1,0.795894980430603,0.9963467717170715,0.9907010197639465
Colon_Kvasir,15,current_shared,images/cju7b10ce1mnm08011c5bwyr4.png,1,0.808351457118988,0.9794695377349854,0.9614580869674683
Colon_Kvasir,15,current_shared,images/cju7b1ygu1msd0801hywhy0mc.png,1,0.7936015725135803,0.70126873254776,0.6061272025108337
Colon_Kvasir,15,current_shared,images/cju7b2l561oas0871decgslaf.png,1,0.7399671077728271,0.32014596462249756,0.19179978966712952
Colon_Kvasir,15,current_shared,images/cju7b3f5h1sm40755i572jden.png,1,0.6463363170623779,0.8038128614425659,0.6362597942352295
Colon_Kvasir,15,current_shared,images/cju7b4mtw1n9n080186209f3d.png,1,0.7892901301383972,0.8829678893089294,0.7707836031913757
Colon_Kvasir,15,current_shared,images/cju7b5afm1nfw0801xqm8bf8q.png,1,0.7462747693061829,0.8710389733314514,0.7153891921043396
Colon_Kvasir,15,current_shared,images/cju7b9vcs1luz0987ta60j1dy.png,1,0.7686205506324768,0.987786054611206,0.9648458361625671
Colon_Kvasir,15,current_shared,images/cju7bb3ss1uoo0755pmhyco7t.png,1,0.8001311421394348,0.6639176607131958,0.5365076065063477
Colon_Kvasir,15,current_shared,images/cju7bc95p1mdm0817yqj5jc6j.png,1,0.8010886907577515,0.1670771688222885,0.09086176753044128
Colon_Kvasir,15,current_shared,images/cju7bd1qu1mx409877xjxibox.png,1,0.7928112149238586,0.9362959861755371,0.9057313203811646
Colon_Kvasir,15,current_shared,images/cju7bduyq1rjf08719giru9ho.png,1,0.7961694598197937,0.7662648558616638,0.6705082058906555
Colon_Kvasir,15,current_shared,images/cju7bf1lp1shi081835vs84lc.png,1,0.7946737408638,0.7969927787780762,0.5242015719413757
Colon_Kvasir,15,current_shared,images/cju7bfx651qr80801cs7epotb.png,1,0.8178155422210693,0.9954142570495605,0.9933043122291565
Colon_Kvasir,15,current_shared,images/cju7bgnvb1sf808717qa799ir.png,1,0.7899367213249207,0.9761922955513,0.9523009061813354
Colon_Kvasir,15,current_shared,images/cju7bmi1v1pnj0987pa52jjok.png,1,0.805261492729187,0.9539411067962646,0.9152639508247375
Colon_Kvasir,15,current_shared,images/cju7cl8zm1xcu0817ado0jpas.png,1,0.7855823040008545,0.14222130179405212,0.07675212621688843
Colon_Kvasir,15,current_shared,images/cju7cp6dw244p0818gncdol4m.png,1,0.7928774952888489,0.6605424880981445,0.39414283633232117
Colon_Kvasir,15,current_shared,images/cju7cq6su27qv075574dir0r3.png,1,0.8000082969665527,0.9984986782073975,0.9966029524803162
Colon_Kvasir,15,current_shared,images/cju7crgxa28550755wbsgqkel.png,1,0.7797501087188721,0.2232605367898941,0.024328824132680893
Colon_Kvasir,15,current_shared,images/cju7csvlb22fr0850lvm45n3x.png,1,0.8029021620750427,0.9750707745552063,0.9462047219276428
Colon_Kvasir,15,current_shared,images/cju7ctvqn25dy08186g442m1r.png,1,0.8058723211288452,0.9874497652053833,0.9831710457801819
Colon_Kvasir,15,current_shared,images/cju7cue9b232j0801qdzk1ykj.png,1,0.7856382131576538,0.6490157246589661,0.1208437979221344
Colon_Kvasir,15,current_shared,images/cju7cufm7298k0755j09uf3of.png,1,0.7877306342124939,0.8587294816970825,0.6223322153091431
Colon_Kvasir,15,current_shared,images/cju7d1tvt25bu08019dvw3uff.png,1,0.7924420833587646,0.6653562784194946,0.5950162410736084
Colon_Kvasir,15,current_shared,images/cju7d2q1k27nf08715zshsckt.png,1,0.7844353914260864,0.9739241003990173,0.8321877121925354
Colon_Kvasir,15,current_shared,images/cju7d3oc82cho0755dajlwldz.png,1,0.7979263067245483,0.9862414598464966,0.9790835976600647
Colon_Kvasir,15,current_shared,images/cju7d4jk723eu0817bqz2n39m.png,1,0.8119291067123413,0.8639383316040039,0.7685208320617676
Colon_Kvasir,15,current_shared,images/cju7d5m0p23kn09871rk7pu3v.png,1,0.8062018156051636,0.7578585743904114,0.393373042345047
Colon_Kvasir,15,current_shared,images/cju7d6ux323ze0987xos3srkx.png,1,0.792099118232727,0.982638955116272,0.937363862991333
Colon_Kvasir,15,current_shared,images/cju7d7aut2a2p0818z4uxc6cd.png,1,0.7722790837287903,0.5830841064453125,0.24055778980255127
Colon_Kvasir,15,current_shared,images/cju7d7tly27h408016fyp5nr7.png,1,0.8127641677856445,0.9656878709793091,0.9343026280403137
Colon_Kvasir,15,current_shared,images/cju7d8m3b2e210755l8fj1yph.png,1,0.8108006119728088,0.42096757888793945,0.24008718132972717
Colon_Kvasir,15,current_shared,images/cju7d9seq29zd0871nzl2uu5m.png,1,0.7952324151992798,0.9910306930541992,0.9792713522911072
Colon_Kvasir,15,current_shared,images/cju7da88w2eod0755wejzynvt.png,1,0.7821290493011475,0.012591089121997356,0.0069983117282390594
Colon_Kvasir,15,current_shared,images/cju7db7lp2f400755tntd1ohf.png,1,0.8134161829948425,0.31006401777267456,0.18692319095134735
Colon_Kvasir,15,current_shared,images/cju7dbppn28nx085097654msi.png,1,0.7027139067649841,0.15202845633029938,0.0553305521607399
Colon_Kvasir,15,current_shared,images/cju7dda8w2br20818zhsuz8s7.png,1,0.8010879158973694,0.9752508997917175,0.9196619391441345
Colon_Kvasir,15,current_shared,images/cju7ddtz729960801uazp1knc.png,1,0.7506115436553955,0.9780426025390625,0.9697744250297546
Colon_Kvasir,15,current_shared,images/cju7deifq2fzn0755lc8idyh8.png,1,0.7864318490028381,0.9339215755462646,0.8243485689163208
Colon_Kvasir,15,current_shared,images/cju7dff9529h208503w60lbil.png,1,0.7978116273880005,0.36526617407798767,0.18579338490962982
Colon_Kvasir,15,current_shared,images/cju7dglf226g50987ohbthl19.png,1,0.7984755039215088,0.9064473509788513,0.7783347964286804
Colon_Kvasir,15,current_shared,images/cju7dhpsc2dnn0818025m6857.png,1,0.7511907815933228,0.747755765914917,0.5484811067581177
Colon_Kvasir,15,current_shared,images/cju7dizi82h2i0755doucgnt3.png,1,0.8043035864830017,0.8764119744300842,0.8354679346084595
Colon_Kvasir,15,current_shared,images/cju7dlk532dsh0871zvr6qz0r.png,1,0.7814063429832458,0.9993733763694763,0.9989917874336243
Colon_Kvasir,15,current_shared,images/cju7dmlgf2ebw0871ieqas5fh.png,1,0.8068413138389587,0.9691363573074341,0.9517073035240173
Colon_Kvasir,15,current_shared,images/cju7dn24o296i09871qfxb8s2.png,1,0.7954368591308594,0.9941482543945312,0.9874763488769531
Colon_Kvasir,15,current_shared,images/cju7do8c72dbo0801vxfzxdc4.png,1,0.7947509288787842,0.974271833896637,0.9258152842521667
Colon_Kvasir,15,current_shared,images/cju7dp3dw2k4n0755zhe003ad.png,1,0.8034204840660095,0.9761077165603638,0.9681299924850464
Colon_Kvasir,15,current_shared,images/cju7dqcwi2dz00850gcmr2ert.png,1,0.8143315315246582,0.7831423878669739,0.4932672679424286
Colon_Kvasir,15,current_shared,images/cju7druhp2gp308715i6km7be.png,1,0.8036403059959412,0.9909407496452332,0.981187105178833
Colon_Kvasir,15,current_shared,images/cju7dsrtb2f8i085064kwugfk.png,1,0.7347033023834229,0.3110119700431824,0.17011289298534393
Colon_Kvasir,15,current_shared,images/cju7dtb1e2j0t0818deq51ib3.png,1,0.8007487654685974,0.7035250663757324,0.6398350596427917
Colon_Kvasir,15,current_shared,images/cju7dubap2g0w0801fgl42mg9.png,1,0.7994565367698669,0.9466019868850708,0.912881076335907
Colon_Kvasir,15,current_shared,images/cju7dvl5m2n4t0755hlnnjjet.png,1,0.8049261569976807,0.15680600702762604,0.06577473878860474
Colon_Kvasir,15,current_shared,images/cju7dwe282dc309876rco45ts.png,1,0.8081251978874207,0.9900429248809814,0.9470214247703552
Colon_Kvasir,15,current_shared,images/cju7dxffn2eam0817qxosfwch.png,1,0.8049690127372742,0.9754084348678589,0.9606270790100098
Colon_Kvasir,15,current_shared,images/cju7dymur2od30755eg8yv2ht.png,1,0.8038216233253479,0.9879388809204102,0.9685357213020325
Colon_Kvasir,15,current_shared,images/cju7dz5yy2i7z0801ausi7rna.png,1,0.8013866543769836,0.9497235417366028,0.8154420852661133
Colon_Kvasir,15,current_shared,images/cju7ea4om2l910801bohqjccy.png,1,0.7914500832557678,0.9904749989509583,0.9735434055328369
Colon_Kvasir,15,current_shared,images/cju7ebe962hr409872ovibahw.png,1,0.7793884873390198,0.942073404788971,0.8713036775588989
Colon_Kvasir,15,current_shared,images/cju7ecl9i2i060987xawjp4l0.png,1,0.8029502034187317,0.9650983810424805,0.9280753135681152
Colon_Kvasir,15,current_shared,images/cju7eea9b2m0z0801ynqv1fqu.png,1,0.8107154965400696,0.949819803237915,0.9108744859695435
Colon_Kvasir,15,current_shared,images/cju7efffp2ivf0817etg3jehl.png,1,0.7468282580375671,0.848712146282196,0.7666987180709839
Colon_Kvasir,15,current_shared,images/cju7ehljc2or70871261br8ai.png,1,0.8085902333259583,0.4641173481941223,0.27581924200057983
Colon_Kvasir,15,current_shared,images/cju7ejm2l2ncl0801wq6y84nw.png,1,0.8123178482055664,0.14342570304870605,0.07160017639398575
Colon_Kvasir,15,current_shared,images/cju7ekbo32pft0871fv7kzwb9.png,1,0.8066553473472595,0.4577346444129944,0.16568629443645477
Colon_Kvasir,15,current_shared,images/cju7el6xv2k520817qxx9wdr5.png,1,0.799961268901825,0.9734290838241577,0.8899504542350769
Colon_Kvasir,15,current_shared,images/cju7emdni2py40871ivhxjtut.png,1,0.7986428141593933,0.9685155749320984,0.9153957366943359
Colon_Kvasir,15,current_shared,images/cju7eotqi2qea0871y8yc7tqh.png,1,0.7966363430023193,0.672171950340271,0.45243218541145325
Colon_Kvasir,15,current_shared,images/cju7epwj82koz098713apjnzo.png,1,0.7887097597122192,0.6386043429374695,0.5410991311073303
Colon_Kvasir,15,current_shared,images/cju7er4kc2opa0801anuxc0eb.png,1,0.8042514324188232,0.9492054581642151,0.8989465236663818
Colon_Kvasir,15,current_shared,images/cju7es23b2vcp0755gpbm9s7v.png,1,0.8065690994262695,0.8629990816116333,0.7748233675956726
Colon_Kvasir,15,current_shared,images/cju7et17a2vjk0755e743npl1.png,1,0.7710928916931152,0.6665627360343933,0.13901832699775696
Colon_Kvasir,15,current_shared,images/cju7etr3y2p4t0801cdzjj8ab.png,1,0.7850929498672485,0.9360125660896301,0.7632421851158142
Colon_Kvasir,15,current_shared,images/cju7eueum2oqn0850rodmx8zo.png,1,0.7943381667137146,0.8425338268280029,0.7364538311958313
Colon_Kvasir,15,current_shared,images/cju7ev2b12owa08500bpfpwyw.png,1,0.781561553478241,0.7334839105606079,0.6010449528694153
Colon_Kvasir,15,current_shared,images/cju7evxt12m730987rxivne3x.png,1,0.8038901090621948,0.01975073851644993,0.0059519181959331036
Colon_Kvasir,15,current_shared,images/cju7ey10f2rvf0871bwbi9x82.png,1,0.7799867987632751,0.8059804439544678,0.6199701428413391
Colon_Kvasir,15,current_shared,images/cju7ez7r22qbc08015xfoz2wb.png,1,0.7959750890731812,0.8319270014762878,0.6775104403495789
Colon_Kvasir,15,current_shared,images/cju7ezs7g2mxm098787atbran.png,1,0.7808485627174377,0.3641509711742401,0.1351739913225174
Colon_Kvasir,15,current_shared,images/cju7f0ec32txj08184asb8w5f.png,1,0.784857988357544,0.9438445568084717,0.802897572517395
Colon_Kvasir,15,current_shared,images/cju7f4sc62xqj075597xpmuoy.png,1,0.7913061380386353,0.9036878347396851,0.7790865898132324
Colon_Kvasir,15,current_shared,images/cju7f5ghb2r5s0801chwkxxh9.png,1,0.8134933114051819,0.9877967238426208,0.9555491209030151
Colon_Kvasir,15,current_shared,images/cju7f6cqy2ur20818t1saazbm.png,1,0.7910374402999878,0.5404075980186462,0.33812060952186584
Colon_Kvasir,15,current_shared,images/cju7f900s2o0k08175gl1giid.png,1,0.7922228574752808,0.8370535969734192,0.7699889540672302
Colon_Kvasir,15,current_shared,images/cju7f9umg2olj0987fj5y285w.png,1,0.8069214224815369,0.07856685668230057,0.03810903802514076
Colon_Kvasir,15,current_shared,images/cju7fazv92ywx0755xov2erga.png,1,0.8059737682342529,0.9773285984992981,0.8668344020843506
Colon_Kvasir,15,current_shared,images/cju7fbndk2sl608015ravktum.png,1,0.7507758736610413,0.7282677292823792,0.5585545301437378
Colon_Kvasir,15,current_shared,images/cju7fcgbe2z3p07550vaflqdb.png,1,0.8010852932929993,0.8472980856895447,0.5796234011650085
Colon_Kvasir,15,current_shared,images/cju7fd6yt2p740987wkr8exo1.png,1,0.8011026978492737,0.2595483362674713,0.13239507377147675
Colon_Kvasir,15,current_shared,images/cju7fen322ou10817ziqkob4k.png,1,0.7817955613136292,0.6830222606658936,0.6048462390899658
Colon_Kvasir,15,current_shared,images/cju7ff97z2ow40817u2r83my5.png,1,0.8054513931274414,0.44549745321273804,0.38232216238975525
Colon_Kvasir,15,current_shared,images/cju7flevb2wii08188otgs9p2.png,1,0.7994313836097717,0.8673694729804993,0.7732787728309631
Colon_Kvasir,15,current_shared,images/cju7fmvpk2q170987v6i3ola8.png,1,0.7748260498046875,0.9954313039779663,0.9825805425643921
Colon_Kvasir,15,current_shared,images/cju7fnfv02tt90801djnix9m8.png,1,0.7993249297142029,0.07581032812595367,0.030169369652867317
Colon_Kvasir,15,current_shared,images/cju7fob3x301u0755x985pmmq.png,1,0.7919430732727051,0.8572870492935181,0.7139975428581238
Colon_Kvasir,15,current_shared,images/cju7fpfzq2wyf0818xxd1oziv.png,1,0.7968448996543884,0.6081414222717285,0.4566241204738617
Colon_Kvasir,15,current_shared,images/cju7fq7mm2pw508176uk5ugtx.png,1,0.8078604340553284,0.24304990470409393,0.08478329330682755
Colon_Kvasir,15,current_shared,images/cju7frtqu2xa20818wq8r9fzf.png,1,0.8125205636024475,0.8481967449188232,0.5957772135734558
Colon_Kvasir,15,current_shared,images/cju7g7ba42z310987bqzbi2bq.png,1,0.7858916521072388,0.9783269762992859,0.967484712600708
Colon_Kvasir,15,current_shared,images/cju83h9ysjwe808716nt35oah.png,1,0.7567335367202759,0.9947901964187622,0.9874122142791748
Colon_Kvasir,15,current_shared,images/cju83ipu3jwpx0801z5pvguf8.png,1,0.8104455471038818,0.9478909373283386,0.7633593082427979
Colon_Kvasir,15,current_shared,images/cju83k8fyjsxr0817d6nxs6r4.png,1,0.8075288534164429,0.8171404004096985,0.597208559513092
Colon_Kvasir,15,current_shared,images/cju83kxitjv340987z09m0ezy.png,1,0.7230839133262634,0.1568831503391266,0.08688896149396896
Colon_Kvasir,15,current_shared,images/cju83mki1jv5w0817kubxm31r.png,1,0.7968366742134094,0.9975211024284363,0.9941514730453491
Colon_Kvasir,15,current_shared,images/cju83nwu1jxte0987h1krpfmv.png,1,0.8049396872520447,0.8764252662658691,0.8257431983947754
Colon_Kvasir,15,current_shared,images/cju83qd0yjyht0817ktkfl268.png,1,0.7492166757583618,0.9576392769813538,0.9174572825431824
Colon_Kvasir,15,current_shared,images/cju83rcnzkbsj0755x5anfrcg.png,1,0.7996708750724792,0.6775785684585571,0.2919173836708069
Colon_Kvasir,15,current_shared,images/cju83syhdk6gs0801rf1rekdl.png,1,0.7767000198364258,0.9543754458427429,0.8940876126289368
Colon_Kvasir,15,current_shared,images/cju83u9ftk3ni0987qnhlcinv.png,1,0.7967952489852905,0.9812300205230713,0.9684133529663086
Colon_Kvasir,15,current_shared,images/cju83vvmik9wa08710yeh7cuk.png,1,0.8045520186424255,0.8030176162719727,0.48691338300704956
Colon_Kvasir,15,current_shared,images/cju83wwn1k55e0850kw6i2d81.png,1,0.8105908036231995,0.9084410071372986,0.8561360239982605
Colon_Kvasir,15,current_shared,images/cju83yddek68q0850d2x7zfkm.png,1,0.7957532405853271,0.932637095451355,0.8518213629722595
Colon_Kvasir,15,current_shared,images/cju8402x1kcy70801t6kz6bdi.png,1,0.8066399097442627,0.9302195310592651,0.87872314453125
Colon_Kvasir,15,current_shared,images/cju8418jhkf7d0818ga2v0xq0.png,1,0.7295489311218262,0.42081218957901,0.3239176273345947
Colon_Kvasir,15,current_shared,images/cju8432cmkgq90871cxe4iptl.png,1,0.7750003337860107,0.9629707932472229,0.8437808156013489
Colon_Kvasir,15,current_shared,images/cju843yjskhq30818qre4rwm2.png,1,0.7590405344963074,0.07529040426015854,0.042541392147541046
Colon_Kvasir,15,current_shared,images/cju846ec0kj7z08012o10klrb.png,1,0.7068992257118225,0.8664995431900024,0.7571272850036621
Colon_Kvasir,15,current_shared,images/cju847pxykriq0755268ktrk2.png,1,0.8099703192710876,0.9425420165061951,0.8974428176879883
Colon_Kvasir,15,current_shared,images/cju849c23kgnk0817cgv2hw1e.png,1,0.7734230756759644,0.8989385962486267,0.7692724466323853
Colon_Kvasir,15,current_shared,images/cju84aoa3ktwn0755pfl4gfwd.png,1,0.7898585200309753,0.8834120631217957,0.792830765247345
Colon_Kvasir,15,current_shared,images/cju84dsvaklpx098750hp83x4.png,1,0.7792493104934692,0.8782290816307068,0.8399283289909363
Colon_Kvasir,15,current_shared,images/cju84ffdzkrjn08183jh1fxmb.png,1,0.7856544852256775,0.657638430595398,0.1764151006937027
Colon_Kvasir,15,current_shared,images/cju84gpefknwm098714oq8q61.png,1,0.806304931640625,0.9759693741798401,0.9405534267425537
Colon_Kvasir,15,current_shared,images/cju84hibuktj80871u519o71q.png,1,0.7761932015419006,0.4757353663444519,0.38321492075920105
Colon_Kvasir,15,current_shared,images/cju84ih17kp5l09876bkooocl.png,1,0.7598003149032593,0.9590694308280945,0.9378243088722229
Colon_Kvasir,15,current_shared,images/cju84jdl9kv0i0871eog9b3i9.png,1,0.7795082330703735,0.9651919603347778,0.9367212057113647
Colon_Kvasir,15,current_shared,images/cju84kplnl1y30755ropua1b0.png,1,0.7670919895172119,0.8698853254318237,0.7827023863792419
Colon_Kvasir,15,current_shared,images/cju8567gdlcbq0801dwwyo2jt.png,1,0.7622674107551575,0.7020899653434753,0.6260626316070557
Colon_Kvasir,15,current_shared,images/cju857ad0l88m0817qx4cwxnf.png,1,0.7786939740180969,0.9852702617645264,0.9779301881790161
Colon_Kvasir,15,current_shared,images/cju858eswlepn0871pzvdrhj1.png,1,0.7956904768943787,0.9030287861824036,0.7681993246078491
Colon_Kvasir,15,current_shared,images/cju85a8h8llwm07559wxg4t5w.png,1,0.808976948261261,0.9910526871681213,0.9845538139343262
Colon_Kvasir,15,current_shared,images/cju85bf1algsq0871y9gtlq97.png,1,0.7794416546821594,0.9942787885665894,0.9927148818969727
Colon_Kvasir,15,current_shared,images/cju85c2d4ln1b0755zz1z3onx.png,1,0.7726424932479858,0.44529542326927185,0.29292646050453186
Colon_Kvasir,15,current_shared,images/cju85citjlnfm0755i4rk5tqj.png,1,0.7918288707733154,0.9046604633331299,0.7832575440406799
Colon_Kvasir,15,current_shared,images/cju85dx63lic408017f0l0400.png,1,0.8117073774337769,0.20305189490318298,0.09432029724121094
Colon_Kvasir,15,current_shared,images/cju85fc11ljr40818edpb0inh.png,1,0.7156509757041931,0.9942499399185181,0.9884213209152222
Colon_Kvasir,15,current_shared,images/cju85hguellg50818kwu3s8d1.png,1,0.800972044467926,0.9207867980003357,0.7960441708564758
Colon_Kvasir,15,current_shared,images/cju85ia1slh220987y7c20sm2.png,1,0.7976268529891968,0.03031371906399727,0.02344088815152645
Colon_Kvasir,15,current_shared,images/cju85je7vlht70817c9jcjwi4.png,1,0.7737729549407959,0.862250566482544,0.7971267104148865
Colon_Kvasir,15,current_shared,images/cju85l4yjlops0801fvmnwptf.png,1,0.7917535901069641,0.8890310525894165,0.8125997185707092
Colon_Kvasir,15,current_shared,images/cju85mpuglq8k0818d2it6hzb.png,1,0.7435228824615479,0.7766652703285217,0.5248456597328186
Colon_Kvasir,15,current_shared,images/cju85nr8elly209872w9n5m0s.png,1,0.7946919798851013,0.6650881767272949,0.6150218844413757
Colon_Kvasir,15,current_shared,images/cju85omszllp30850b6rm9mi3.png,1,0.7845074534416199,0.7775710821151733,0.5272926092147827
Colon_Kvasir,15,current_shared,images/cju85plp7lmkw0850rx42jdpf.png,1,0.7968040704727173,0.6901317834854126,0.4901312291622162
Colon_Kvasir,15,current_shared,images/cju85qefyln6v0850szeb9byi.png,1,0.7825966477394104,0.045892830938100815,0.008267383091151714
Colon_Kvasir,15,current_shared,images/cju85rkbnlo1c08503uxcpax1.png,1,0.7960807085037231,0.9472122192382812,0.866908609867096
Colon_Kvasir,15,current_shared,images/cju87kbcen2av0987usezo8kn.png,1,0.7829486131668091,0.9884946942329407,0.977159857749939
Colon_Kvasir,15,current_shared,images/cju87li0zn3yb0817kbwgjiz8.png,1,0.7802898287773132,0.7983308434486389,0.5666447877883911
Colon_Kvasir,15,current_shared,images/cju87mrypnb1e0818scv1mxxg.png,1,0.801660418510437,0.9557872414588928,0.8884776830673218
Colon_Kvasir,15,current_shared,images/cju87nkyrnb970801q84m47yt.png,1,0.8090419173240662,0.3742559254169464,0.2363375574350357
Colon_Kvasir,15,current_shared,images/cju87ox0kncom0801b98hqnd2.png,1,0.792190432548523,0.9189892411231995,0.8321534991264343
Colon_Kvasir,15,current_shared,images/cju87q6yoneim0871dl4phvkd.png,1,0.7804118394851685,0.9094427227973938,0.8319455981254578
Colon_Kvasir,15,current_shared,images/cju87r56lnkyp0755hz30leew.png,1,0.7798643112182617,0.07799279689788818,0.03558292239904404
Colon_Kvasir,15,current_shared,images/cju87tyddnnad0755bj0wxahe.png,1,0.7992796897888184,0.9982061386108398,0.9961577653884888
Colon_Kvasir,15,current_shared,images/cju87vqa0ndwg0850onjdz7ol.png,1,0.7872112989425659,0.6805766820907593,0.5241696238517761
Colon_Kvasir,15,current_shared,images/cju87xn2snfmv0987sc3d9xnq.png,1,0.8059802651405334,0.9274505972862244,0.8390039801597595
Colon_Kvasir,15,current_shared,images/cju87z6o6nh73085045bzsx6o.png,1,0.6690995097160339,0.8826170563697815,0.7625452280044556
Colon_Kvasir,15,current_shared,images/cju87zv8lni0o0850hbbecbq6.png,1,0.8070419430732727,0.9802988171577454,0.9436520934104919
Colon_Kvasir,15,current_shared,images/cju8828oxnool0801qno9luhr.png,1,0.7731589674949646,0.9285911321640015,0.9022099375724792
Colon_Kvasir,15,current_shared,images/cju884985nlmx0817vzpax3y4.png,1,0.813787043094635,0.19324705004692078,0.06578154116868973
Colon_Kvasir,15,current_shared,images/cju885ikhnmkn09878s2lqtuh.png,1,0.8055042028427124,0.8738362789154053,0.8001601696014404
Colon_Kvasir,15,current_shared,images/cju886ryxnsl50801r93jai7q.png,1,0.8023512363433838,0.9973291158676147,0.9862646460533142
Colon_Kvasir,15,current_shared,images/cju887ftknop008177nnjt46y.png,1,0.7922435998916626,0.21078906953334808,0.11829958111047745
Colon_Kvasir,15,current_shared,images/cju888fr7nveu0818r9uwtiit.png,1,0.7948404550552368,0.9845314621925354,0.9752008318901062
Colon_Kvasir,15,current_shared,images/cju88aq6vo1ij0755c2ey7z7n.png,1,0.77262282371521,0.4711900055408478,0.2260461151599884
Colon_Kvasir,15,current_shared,images/cju88cddensj00987788yotmg.png,1,0.7941383719444275,0.9047175645828247,0.8138201236724854
Colon_Kvasir,15,current_shared,images/cju88evxanv9r08176zkeovec.png,1,0.7729055285453796,0.6021156311035156,0.465943843126297
Colon_Kvasir,15,current_shared,images/cju88fpm4o0tl0871w1i6a4ds.png,1,0.7867950201034546,0.5826459527015686,0.38461899757385254
Colon_Kvasir,15,current_shared,images/cju88gx09o2vk0818610zody3.png,1,0.7795106768608093,0.996585488319397,0.9860390424728394
Colon_Kvasir,15,current_shared,images/cju88itqbny720987hxizbj5y.png,1,0.8100490570068359,0.8988648056983948,0.8460238575935364
Colon_Kvasir,15,current_shared,images/cju88k75inzyb0850ccv5x3vk.png,1,0.6727771759033203,0.15443484485149384,0.07342986017465591
Colon_Kvasir,15,current_shared,images/cju88l66no10s0850rsda7ej1.png,1,0.7970593571662903,0.5263100266456604,0.13512858748435974
Colon_Kvasir,15,current_shared,images/cju88msmoo3470817m441j4sg.png,1,0.7789451479911804,0.9810266494750977,0.9697802662849426
Colon_Kvasir,15,current_shared,images/cju88nroho44508500129f1nh.png,1,0.802190899848938,0.9602619409561157,0.9179777503013611
Colon_Kvasir,15,current_shared,images/cju88oh0po9gq0801nge4tgr1.png,1,0.797921359539032,0.7878938317298889,0.6406561136245728
Colon_Kvasir,15,current_shared,images/cju88q6h6obpd0871ckmiabbo.png,1,0.7368586659431458,0.6529050469398499,0.46310046315193176
Colon_Kvasir,15,current_shared,images/cju88rl5eo94l0850kf5wtrm1.png,1,0.8010765314102173,0.9948588609695435,0.9914740324020386
Colon_Kvasir,15,current_shared,images/cju88t4fvokxf07558ymyh281.png,1,0.7747288942337036,0.4355618953704834,0.18024942278862
Colon_Kvasir,15,current_shared,images/cju88trl3ogi208716qvti51b.png,1,0.7724078297615051,0.14686940610408783,0.08565852046012878
Colon_Kvasir,15,current_shared,images/cju88v2f9oi8w0871hx9auh01.png,1,0.779690682888031,0.42054465413093567,0.16144788265228271
Colon_Kvasir,15,current_shared,images/cju88vx2uoocy075531lc63n3.png,1,0.7769583463668823,0.5226135849952698,0.2983153760433197
Colon_Kvasir,15,current_shared,images/cju88y1mwoln50871emyfny1g.png,1,0.7800803184509277,0.993256688117981,0.992225706577301
Colon_Kvasir,15,current_shared,images/cju88z8bson4h0871nnd7fdxo.png,1,0.8061657547950745,0.7706707715988159,0.6981873512268066
Colon_Kvasir,15,current_shared,images/cju890guyoiti098753yg6cdu.png,1,0.7827743887901306,0.7692258358001709,0.5793092250823975
Colon_Kvasir,15,current_shared,images/cju8914beokbf0850isxpocrk.png,1,0.7869656085968018,0.2370031177997589,0.06832846999168396
Colon_Kvasir,15,current_shared,images/cju892fesoq2g0801n0e0jyia.png,1,0.7535886764526367,0.013064499013125896,0.0030432913918048143
Colon_Kvasir,15,current_shared,images/cju893jmdompz0817xn3g1w4h.png,1,0.7605391144752502,0.15614686906337738,0.018921757116913795
Colon_Kvasir,15,current_shared,images/cju89y9h0puti0818i5yw29e6.png,1,0.7854484915733337,0.9291492104530334,0.8537322878837585
Colon_Kvasir,15,current_shared,images/cju89z6pqpqfx0817mfv8ixjc.png,1,0.7555569410324097,0.07465825974941254,0.04354112222790718
Colon_Kvasir,15,current_shared,images/cju8a1jtvpt9m081712iwkca7.png,1,0.7261759638786316,0.9975456595420837,0.9958776235580444
Colon_Kvasir,15,current_shared,images/cju8a2itsq4dv0755ntlovpxe.png,1,0.7967718243598938,0.9767381548881531,0.9040440320968628
Colon_Kvasir,15,current_shared,images/cju8a3nhbpwnb0850d37fo2na.png,1,0.770748496055603,0.9897305965423584,0.9767362475395203
Colon_Kvasir,15,current_shared,images/cju8a56vxpy780850r45yu4wk.png,1,0.7804308533668518,0.9711506366729736,0.9493453502655029
Colon_Kvasir,15,current_shared,images/cju8a84g0q76m0818hwiggkod.png,1,0.8042498826980591,0.9976200461387634,0.9949007034301758
Colon_Kvasir,15,current_shared,images/cju8abobpqbir08189u01huru.png,1,0.788083553314209,0.7890095710754395,0.6605049967765808
Colon_Kvasir,15,current_shared,images/cju8adb60qbiu080188mxpf8d.png,1,0.7597731947898865,0.7429499626159668,0.5538878440856934
Colon_Kvasir,15,current_shared,images/cju8aeei7q8k308173n9y4klv.png,1,0.7792289853096008,0.7929404973983765,0.7117270231246948
Colon_Kvasir,15,current_shared,images/cju8aj01yqeqm0850lhdz3xdw.png,1,0.7873502373695374,0.9060189127922058,0.8386249542236328
Colon_Kvasir,15,current_shared,images/cju8alhigqn2h0801zksudldd.png,1,0.8111499547958374,0.9333056211471558,0.8677947521209717
Colon_Kvasir,15,current_shared,images/cju8amfdtqi4x09871tygrgqe.png,1,0.802078366279602,0.9964050054550171,0.9801165461540222
Colon_Kvasir,15,current_shared,images/cju8ando2qqdo0818ck7i1be1.png,1,0.7886211276054382,0.8956068754196167,0.8295780420303345
Colon_Kvasir,15,current_shared,images/cju8apjewqrk00801k5d71gky.png,1,0.7657892107963562,0.10247957706451416,0.05295095592737198
Colon_Kvasir,15,current_shared,images/cju8aqq8uqmoq0987hphto9gg.png,1,0.7913661003112793,0.9807151556015015,0.9555764198303223
Colon_Kvasir,15,current_shared,images/cju8arof2qpf20850ifr1bnqj.png,1,0.7834922075271606,0.9682720899581909,0.9426724314689636
Colon_Kvasir,15,current_shared,images/cju8ashhnquqr0801rwduzt7d.png,1,0.7707678079605103,0.5390065312385559,0.3627435266971588
Colon_Kvasir,15,current_shared,images/cju8at3s1qqqx0850hcq8nmnq.png,1,0.7608382105827332,0.8875475525856018,0.7695363759994507
Colon_Kvasir,15,current_shared,images/cju8auylgqx0z0871u4o4db7o.png,1,0.7851599454879761,0.7851722240447998,0.5529129505157471
Colon_Kvasir,15,current_shared,images/cju8aw9n1qyg10801jkjlmors.png,1,0.8009081482887268,0.9815552830696106,0.9689896106719971
Colon_Kvasir,15,current_shared,images/cju8axq24r4an0755yhv9d4ly.png,1,0.8074168562889099,0.4645240008831024,0.272038072347641
Colon_Kvasir,15,current_shared,images/cju8ayeq7r1fb0818z1junacy.png,1,0.8088908791542053,0.8769472241401672,0.7572301030158997
Colon_Kvasir,15,current_shared,images/cju8azmhcr66e0755t61atz72.png,1,0.7719632387161255,0.9926168322563171,0.984129786491394
Colon_Kvasir,15,current_shared,images/cju8b0jr0r2oi0801jiquetd5.png,1,0.794853150844574,0.7548683881759644,0.5939905047416687
Colon_Kvasir,15,current_shared,images/cju8b1v3br45u087189kku66u.png,1,0.8104193210601807,0.9640922546386719,0.9274967908859253
Colon_Kvasir,15,current_shared,images/cju8b2rmgr52s0801p54eyflx.png,1,0.7995678782463074,0.429205060005188,0.2801511585712433
Colon_Kvasir,15,current_shared,images/cju8b3ka8r64u0801fh18hk7l.png,1,0.7895110845565796,0.9960440397262573,0.9919431805610657
Colon_Kvasir,15,current_shared,images/cju8b4ja9r2s808509d45ma86.png,1,0.794704258441925,0.9928073883056641,0.988332211971283
Colon_Kvasir,15,current_shared,images/cju8b542nr81x0871uxnkm9ih.png,1,0.7602211833000183,0.018084818497300148,0.005456963554024696
Colon_Kvasir,15,current_shared,images/cju8b5p40r2c60987ofa0mu03.png,1,0.797595202922821,0.029576946049928665,0.016552163287997246
Colon_Kvasir,15,current_shared,images/cju8b6rp0r5st0850184f79xt.png,1,0.7910608649253845,0.974575936794281,0.9379007816314697
Colon_Kvasir,15,current_shared,images/cju8b7aqtr4a00987coba14b7.png,1,0.7706911563873291,0.2224348932504654,0.0806102529168129
Colon_Kvasir,15,current_shared,images/cju8b8yair65w09878pyqtr96.png,1,0.7873882055282593,0.7335422039031982,0.6122121810913086
Colon_Kvasir,15,current_shared,images/cju8bafgqrf4x0818twisk3ea.png,1,0.802172839641571,0.4947153329849243,0.2514060437679291
Colon_Kvasir,15,current_shared,images/cju8bbznkrf5g0871jncffynk.png,1,0.7853830456733704,0.9286949634552002,0.8461381196975708
Colon_Kvasir,15,current_shared,images/cju8bff9nrfi10850fmfzbf8v.png,1,0.7674089074134827,0.9402877688407898,0.9041495323181152
Colon_Kvasir,15,current_shared,images/cju8bgdmqrksy0801tozdmraa.png,1,0.797910749912262,0.42336225509643555,0.27725109457969666
Colon_Kvasir,15,current_shared,images/cju8bh8surexp0987o5pzklk1.png,1,0.7904172539710999,0.06379721313714981,0.045397672802209854
Colon_Kvasir,15,current_shared,images/cju8bi8q7rlmn0871abc5ch8k.png,1,0.7925800681114197,0.22599099576473236,0.08882501721382141
Colon_Kvasir,15,current_shared,images/cju8bj2ssrmlm0871gc2ug2rs.png,1,0.7738131284713745,0.48640552163124084,0.11364707350730896
Colon_Kvasir,15,current_shared,images/cju8bk8oirjhw0817hgkua2w8.png,1,0.8023245930671692,0.9610844850540161,0.923673152923584
Colon_Kvasir,15,current_shared,images/cju8bljw9rqk20801kr54akrl.png,1,0.806645393371582,0.9594476222991943,0.7748985290527344
Colon_Kvasir,15,current_shared,images/cju8bm24yrrdp081829mbo8ic.png,1,0.8032572865486145,0.5219985246658325,0.3650548458099365
Colon_Kvasir,15,current_shared,images/cju8bn7m2rmm70817hgxpb1uq.png,1,0.7823701500892639,0.5004534721374512,0.2588917016983032
Colon_Kvasir,15,current_shared,images/cju8bop5jrsid08716i24fqda.png,1,0.8022966980934143,0.9256807565689087,0.8915992975234985
Colon_Kvasir,15,current_shared,images/cju8bpctzrqkr0850zeldv9kt.png,1,0.7798564434051514,0.9531731605529785,0.8762960433959961
Colon_Kvasir,15,current_shared,images/cju8bqxxurs6i0850mu7mtef9.png,1,0.7865851521492004,0.8585572242736816,0.7374321222305298
Colon_Kvasir,15,current_shared,images/cju8brv16rx7f0818uf5n89pv.png,1,0.7627326250076294,0.8990557193756104,0.7209963798522949
Colon_Kvasir,15,current_shared,images/cju8bssulrrcy0987h1vq5060.png,1,0.7999095916748047,0.23639024794101715,0.12667205929756165
Colon_Kvasir,15,current_shared,images/cju8buos5rz9b08715lfr0f4f.png,1,0.7781339883804321,0.3131227493286133,0.23673434555530548
Colon_Kvasir,15,current_shared,images/cju8bw697rwg308177tg8huas.png,1,0.7850844264030457,0.9659619927406311,0.9200449585914612
Colon_Kvasir,15,current_shared,images/cju8bysfgrzkl081786jwac09.png,1,0.7753652930259705,0.0959584191441536,0.05681262165307999
Colon_Kvasir,15,current_shared,images/cju8bzzy2s66m08016z6mouqt.png,1,0.788714587688446,0.9759909510612488,0.9359254837036133
Colon_Kvasir,15,current_shared,images/cju8c1a0ws7o208181c6lbsom.png,1,0.8049699068069458,0.6186099052429199,0.41530221700668335
Colon_Kvasir,15,current_shared,images/cju8c2rqzs5t80850d0zky5dy.png,1,0.7960264682769775,0.9873806238174438,0.9757880568504333
Colon_Kvasir,15,current_shared,images/cju8c3xs7sauj0801ieyzezr5.png,1,0.7631167769432068,0.08306807279586792,0.050174061208963394
Colon_Kvasir,15,current_shared,images/cju8c5223s8j80850b4kealt4.png,1,0.7841544151306152,0.00011119122063973919,4.0375707612838596e-05
Colon_Kvasir,15,current_shared,images/cju8c5mxls96t0850wvkvsity.png,1,0.7683377861976624,0.37582212686538696,0.24204617738723755
Colon_Kvasir,15,current_shared,images/cju8c5zcbsdfz0801o5t6jag1.png,1,0.769220769405365,0.17403557896614075,0.08020037412643433
Colon_Kvasir,15,current_shared,images/cju8c6hnxsdvr0801wn0vrsa6.png,1,0.7914901971817017,0.8622645735740662,0.49553051590919495
Colon_Kvasir,15,current_shared,images/cju8c82iosagu0817l74s4m5g.png,1,0.8022577166557312,0.9417696595191956,0.8457057476043701
Colon_Kvasir,15,current_shared,images/cju8c9akjsdjj0850s67uzlxq.png,1,0.7558733224868774,0.6371850967407227,0.2842596769332886
Colon_Kvasir,15,current_shared,images/cju8ca4geseia0850i2ru11hw.png,1,0.7947790026664734,0.9824862480163574,0.9438778758049011
Colon_Kvasir,15,current_shared,images/cju8cattbsivm0818p446wgel.png,1,0.7983575463294983,0.8475747108459473,0.5221163034439087
Colon_Kvasir,15,current_shared,images/cju8cbsyssiqj0871gr4jedjp.png,1,0.7813080549240112,0.08362755179405212,0.024554427713155746
Colon_Kvasir,15,current_shared,images/cju8cdeazsm8h0801jxifmzur.png,1,0.8106705546379089,0.9313644766807556,0.8517557978630066
Colon_Kvasir,15,current_shared,images/cju8ceacrsqkr0755hdz145es.png,1,0.7858576774597168,0.0530863031744957,0.03142659738659859
Colon_Kvasir,15,current_shared,images/cju8cgi2kspp308011nxdtjp6.png,1,0.7945763468742371,0.9176232218742371,0.6337235569953918
Colon_Kvasir,15,current_shared,images/cju8chdlqsu620755azjty1tj.png,1,0.7766344547271729,0.8091568350791931,0.722669243812561
Colon_Kvasir,15,current_shared,images/cju8chxndsre008015uisl4si.png,1,0.7794820666313171,0.367215633392334,0.24812209606170654
Colon_Kvasir,15,current_shared,images/cju8cj10qsrau0871o2dr6ai1.png,1,0.7929267287254333,0.06312401592731476,0.03001834824681282
Colon_Kvasir,15,current_shared,images/cju8clorgsuwn08714toqb7v6.png,1,0.7904326319694519,0.9792755842208862,0.9696707129478455
Colon_Kvasir,15,current_shared,images/cju8cwy02t9eq08185qn12c02.png,1,0.7879011631011963,0.9563636779785156,0.8786062002182007
Colon_Kvasir,15,current_shared,images/cju8czvnztbf40871b4m7t78w.png,1,0.7976146936416626,0.3776768445968628,0.14306220412254333
Colon_Kvasir,15,current_shared,images/cju8d2q30tfhs0801n7lx77xl.png,1,0.7952650189399719,0.8515944480895996,0.6922509074211121
Colon_Kvasir,15,current_shared,images/cju8d4jgatgpj0871q2ophhkm.png,1,0.7675201296806335,0.6146061420440674,0.4703570306301117
Colon_Kvasir,15,current_shared,images/cju8dic9mtppa0987swn23wbc.png,1,0.7890498042106628,0.6616978645324707,0.32957732677459717
Colon_Kvasir,15,current_shared,images/cju8djdqztu6408506pzhlo18.png,1,0.7908965349197388,0.8663537502288818,0.7802112102508545
Colon_Kvasir,15,current_shared,images/cju8dk7eztzup08182yxko5zh.png,1,0.7876893281936646,0.9924627542495728,0.9859224557876587
Colon_Kvasir,15,current_shared,images/cju8dm2cau2km0818jsv9eeq2.png,1,0.7824024558067322,0.520650327205658,0.2997891902923584
Colon_Kvasir,15,current_shared,images/cju8dn0c3u2v50801k8rvq02f.png,1,0.804529070854187,0.8387473225593567,0.7793354392051697
Colon_Kvasir,15,current_shared,images/cju8doa16u5gh0818w1ywda3q.png,1,0.8114792108535767,0.19999249279499054,0.04525639861822128
Colon_Kvasir,15,current_shared,images/cju8dpa89u6l80818dj6lldh9.png,1,0.7542863488197327,0.9363316893577576,0.8740034103393555
Colon_Kvasir,15,current_shared,images/cju8dqkrqu83i0818ev74qpxq.png,1,0.5950342416763306,0.33409932255744934,0.21639053523540497
Colon_Kvasir,15,current_shared,images/cjyzjzssvd8pq0838f4nolj5l.png,1,0.7603352069854736,0.02214447781443596,0.005654660984873772
Colon_Kvasir,15,current_shared,images/cjyzk8qieoboa0848ogj51wwm.png,1,0.7984077334403992,0.908484697341919,0.7480971217155457
Colon_Kvasir,15,current_shared,images/cjyzkmjy8evns070165gf9dmq.png,1,0.7858113646507263,0.2733769416809082,0.14879165589809418
Colon_Kvasir,15,current_shared,images/cjyzkpsbjdsjq07211dfi4sru.png,1,0.7811470627784729,0.0007536702323704958,0.000284018722595647
Colon_Kvasir,15,current_shared,images/cjyzl833ndne80838pzuq6ila.png,1,0.7915149927139282,0.9928920269012451,0.9888297319412231
Colon_Kvasir,15,current_shared,images/cjyzlw7f9faqr070129au64sq.png,1,0.7765169143676758,0.9532536268234253,0.899490475654602
Colon_Kvasir,15,current_shared,images/cjyztzaqtrv430848l8xgcerw.png,1,0.7837991714477539,0.8621865510940552,0.7089898586273193
Colon_Kvasir,15,current_shared,images/cjyzu3reghjya0794w7pwoi50.png,1,0.7918885350227356,0.9680683016777039,0.9320570826530457
Colon_Kvasir,15,current_shared,images/cjyzu9th0qt4r0a46pyl4zik0.png,1,0.7801151871681213,0.4799112379550934,0.27192190289497375
Colon_Kvasir,15,current_shared,images/cjyzufihqquiw0a46jatrbwln.png,1,0.7927438616752625,0.9549870491027832,0.9162623286247253
Colon_Kvasir,15,current_shared,images/cjyzuio1qgh040763k56deohv.png,1,0.7727071046829224,0.03728619962930679,0.010750865563750267
Colon_Kvasir,15,current_shared,images/cjyzul1qggwwj07216mhiv5sy.png,1,0.7853206992149353,0.018748482689261436,0.014378082938492298
Colon_Kvasir,15,current_shared,images/cjyzurzvohqnr0794es1itzek.png,1,0.7885351181030273,0.42406120896339417,0.1516343057155609
Colon_Kvasir,15,current_shared,images/cjz14qsk2wci60794un9ozwmw.png,1,0.792975902557373,0.7772231101989746,0.6192095279693604
Colon_Kvasir,15,current_shared,images/ck2395w2mb4vu07480otsu6tw.png,1,0.7629367113113403,0.5539451241493225,0.4084339737892151
Colon_Kvasir,15,current_shared,images/ck2bxiswtxuw80838qkisqjwz.png,1,0.7915827035903931,0.8661536574363708,0.6669613718986511
Colon_Kvasir,15,current_shared,images/ck2bxknhjvs1x0794iogrq49k.png,1,0.7652915716171265,0.9505007266998291,0.8591066598892212
Colon_Kvasir,15,current_shared,images/ck2bxlujamu330725szlc2jdu.png,1,0.7779419422149658,0.998450756072998,0.9953842759132385
Colon_Kvasir,15,current_shared,images/ck2bxpfgxu2mk0748gsh7xelu.png,1,0.7651558518409729,0.996905505657196,0.9890446066856384
Colon_Kvasir,15,current_shared,images/ck2bxqz3evvg20794iiyv5v2m.png,1,0.7969054579734802,0.8291573524475098,0.5938704609870911
Colon_Kvasir,15,current_shared,images/ck2bxskgxxzfv08386xkqtqdy.png,1,0.7427231073379517,0.5682573914527893,0.42333367466926575
Colon_Kvasir,15,current_shared,images/ck2bxw18mmz1k0725litqq2mc.png,1,0.8032312393188477,0.44765380024909973,0.2378462255001068
Colon_Kvasir,15,current_shared,images/ck2da7fwcjfis07218r1rvm95.png,1,0.4610808491706848,0.0005917765665799379,0.0002228601078968495
